q,p,d,n,m,h,k,family,verdict,witness,profile,population_searched,exhaustive,population_definition
11,11,1,2,2,1,2,ones,NONE,,,1,yes,all residue allocations modulo cyclic rotation
11,11,1,2,2,1,2,one_changed,FOUND,"{""coeffs"":[1,2],""positions"":[0,1]}","[1,2]",1,no,all residue allocations modulo cyclic rotation
11,11,1,2,2,1,2,all_distinct,FOUND,"{""coeffs"":[1,2],""positions"":[0,1]}","[1,2]",1,no,all residue allocations modulo cyclic rotation
11,11,1,3,3,1,2,ones,FOUND,"{""coeffs"":[1,1],""positions"":[0,1]}","[1,1,0]",1,no,all residue allocations modulo cyclic rotation
11,11,1,3,3,1,2,one_changed,FOUND,"{""coeffs"":[1,2],""positions"":[0,1]}","[1,2,0]",1,no,all residue allocations modulo cyclic rotation
11,11,1,3,3,1,2,all_distinct,FOUND,"{""coeffs"":[1,2],""positions"":[0,1]}","[1,2,0]",1,no,all residue allocations modulo cyclic rotation
11,11,1,3,3,1,3,ones,NONE,,,1,yes,all residue allocations modulo cyclic rotation
11,11,1,3,3,1,3,one_changed,FOUND,"{""coeffs"":[2,1,1],""positions"":[0,1,2]}","[2,1,1]",1,no,all residue allocations modulo cyclic rotation
11,11,1,3,3,1,3,all_distinct,FOUND,"{""coeffs"":[1,2,3],""positions"":[0,1,2]}","[1,2,3]",1,no,all residue allocations modulo cyclic rotation
11,11,1,4,4,1,2,ones,NONE,,,3,yes,all residue allocations modulo cyclic rotation
11,11,1,4,4,1,2,one_changed,FOUND,"{""coeffs"":[1,2],""positions"":[0,1]}","[1,2,0,0]",1,no,all residue allocations modulo cyclic rotation
11,11,1,4,4,1,2,all_distinct,FOUND,"{""coeffs"":[1,2],""positions"":[0,1]}","[1,2,0,0]",1,no,all residue allocations modulo cyclic rotation
11,11,1,4,4,1,3,ones,FOUND,"{""coeffs"":[1,1,1],""positions"":[0,1,2]}","[1,1,1,0]",1,no,all residue allocations modulo cyclic rotation
11,11,1,4,4,1,3,one_changed,FOUND,"{""coeffs"":[2,1,1],""positions"":[0,1,2]}","[2,1,1,0]",1,no,all residue allocations modulo cyclic rotation
11,11,1,4,4,1,3,all_distinct,FOUND,"{""coeffs"":[1,2,3],""positions"":[0,1,2]}","[1,2,3,0]",1,no,all residue allocations modulo cyclic rotation
11,11,1,4,4,1,4,ones,NONE,,,1,yes,all residue allocations modulo cyclic rotation
11,11,1,4,4,1,4,one_changed,FOUND,"{""coeffs"":[2,1,1,1],""positions"":[0,1,2,3]}","[2,1,1,1]",1,no,all residue allocations modulo cyclic rotation
11,11,1,4,4,1,4,all_distinct,FOUND,"{""coeffs"":[1,2,3,4],""positions"":[0,1,2,3]}","[1,2,3,4]",1,no,all residue allocations modulo cyclic rotation
11,11,1,5,5,1,2,ones,FOUND,"{""coeffs"":[1,1],""positions"":[0,1]}","[1,1,0,0,0]",1,no,all residue allocations modulo cyclic rotation
11,11,1,5,5,1,2,one_changed,FOUND,"{""coeffs"":[1,2],""positions"":[0,1]}","[1,2,0,0,0]",1,no,all residue allocations modulo cyclic rotation
11,11,1,5,5,1,2,all_distinct,FOUND,"{""coeffs"":[1,2],""positions"":[0,1]}","[1,2,0,0,0]",1,no,all residue allocations modulo cyclic rotation
11,11,1,5,5,1,3,ones,FOUND,"{""coeffs"":[1,1,1],""positions"":[0,1,2]}","[1,1,1,0,0]",1,no,all residue allocations modulo cyclic rotation
11,11,1,5,5,1,3,one_changed,FOUND,"{""coeffs"":[2,1,1],""positions"":[0,1,2]}","[2,1,1,0,0]",1,no,all residue allocations modulo cyclic rotation
11,11,1,5,5,1,3,all_distinct,FOUND,"{""coeffs"":[1,2,3],""positions"":[0,1,2]}","[1,2,3,0,0]",1,no,all residue allocations modulo cyclic rotation
11,11,1,5,5,1,4,ones,FOUND,"{""coeffs"":[1,1,1,1],""positions"":[0,1,2,3]}","[1,1,1,1,0]",1,no,all residue allocations modulo cyclic rotation
11,11,1,5,5,1,4,one_changed,FOUND,"{""coeffs"":[2,1,1,1],""positions"":[0,1,2,3]}","[2,1,1,1,0]",1,no,all residue allocations modulo cyclic rotation
11,11,1,5,5,1,4,all_distinct,FOUND,"{""coeffs"":[1,2,3,4],""positions"":[0,1,2,3]}","[1,2,3,4,0]",1,no,all residue allocations modulo cyclic rotation
11,11,1,5,5,1,5,ones,NONE,,,1,yes,all residue allocations modulo cyclic rotation
11,11,1,5,5,1,5,one_changed,FOUND,"{""coeffs"":[2,1,1,1,1],""positions"":[0,1,2,3,4]}","[2,1,1,1,1]",1,no,all residue allocations modulo cyclic rotation
11,11,1,5,5,1,5,all_distinct,FOUND,"{""coeffs"":[1,2,3,4,5],""positions"":[0,1,2,3,4]}","[1,2,3,4,5]",1,no,all residue allocations modulo cyclic rotation
11,11,1,6,6,1,2,ones,FOUND,"{""coeffs"":[1,1],""positions"":[0,2]}","[1,0,1,0,0,0]",2,no,all residue allocations modulo cyclic rotation
11,11,1,6,6,1,2,one_changed,FOUND,"{""coeffs"":[1,2],""positions"":[0,1]}","[1,2,0,0,0,0]",1,no,all residue allocations modulo cyclic rotation
11,11,1,6,6,1,2,all_distinct,FOUND,"{""coeffs"":[1,2],""positions"":[0,1]}","[1,2,0,0,0,0]",1,no,all residue allocations modulo cyclic rotation
11,11,1,6,6,1,3,ones,FOUND,"{""coeffs"":[1,1,1],""positions"":[0,1,3]}","[1,1,0,1,0,0]",2,no,all residue allocations modulo cyclic rotation
11,11,1,6,6,1,3,one_changed,FOUND,"{""coeffs"":[2,1,1],""positions"":[0,1,2]}","[2,1,1,0,0,0]",1,no,all residue allocations modulo cyclic rotation
11,11,1,6,6,1,3,all_distinct,FOUND,"{""coeffs"":[1,2,3],""positions"":[0,1,2]}","[1,2,3,0,0,0]",1,no,all residue allocations modulo cyclic rotation
11,11,1,6,6,1,4,ones,FOUND,"{""coeffs"":[1,1,1,1],""positions"":[0,1,2,4]}","[1,1,1,0,1,0]",2,no,all residue allocations modulo cyclic rotation
11,11,1,6,6,1,4,one_changed,FOUND,"{""coeffs"":[2,1,1,1],""positions"":[0,1,2,3]}","[2,1,1,1,0,0]",1,no,all residue allocations modulo cyclic rotation
11,11,1,6,6,1,4,all_distinct,FOUND,"{""coeffs"":[1,2,3,4],""positions"":[0,1,2,3]}","[1,2,3,4,0,0]",1,no,all residue allocations modulo cyclic rotation
11,11,1,6,6,1,5,ones,FOUND,"{""coeffs"":[1,1,1,1,1],""positions"":[0,1,2,3,4]}","[1,1,1,1,1,0]",1,no,all residue allocations modulo cyclic rotation
11,11,1,6,6,1,5,one_changed,FOUND,"{""coeffs"":[2,1,1,1,1],""positions"":[0,1,2,3,4]}","[2,1,1,1,1,0]",1,no,all residue allocations modulo cyclic rotation
11,11,1,6,6,1,5,all_distinct,FOUND,"{""coeffs"":[1,2,3,4,5],""positions"":[0,1,2,3,4]}","[1,2,3,4,5,0]",1,no,all residue allocations modulo cyclic rotation
11,11,1,6,6,1,6,ones,NONE,,,1,yes,all residue allocations modulo cyclic rotation
11,11,1,6,6,1,6,one_changed,FOUND,"{""coeffs"":[2,1,1,1,1,1],""positions"":[0,1,2,3,4,5]}","[2,1,1,1,1,1]",1,no,all residue allocations modulo cyclic rotation
11,11,1,6,6,1,6,all_distinct,FOUND,"{""coeffs"":[1,2,3,4,5,6],""positions"":[0,1,2,3,4,5]}","[1,2,3,4,5,6]",1,no,all residue allocations modulo cyclic rotation
11,11,1,7,7,1,2,ones,FOUND,"{""coeffs"":[1,1],""positions"":[0,1]}","[1,1,0,0,0,0,0]",1,no,all residue allocations modulo cyclic rotation
11,11,1,7,7,1,2,one_changed,FOUND,"{""coeffs"":[1,2],""positions"":[0,1]}","[1,2,0,0,0,0,0]",1,no,all residue allocations modulo cyclic rotation
11,11,1,7,7,1,2,all_distinct,FOUND,"{""coeffs"":[1,2],""positions"":[0,1]}","[1,2,0,0,0,0,0]",1,no,all residue allocations modulo cyclic rotation
11,11,1,7,7,1,3,ones,FOUND,"{""coeffs"":[1,1,1],""positions"":[0,1,2]}","[1,1,1,0,0,0,0]",1,no,all residue allocations modulo cyclic rotation
11,11,1,7,7,1,3,one_changed,FOUND,"{""coeffs"":[2,1,1],""positions"":[0,1,2]}","[2,1,1,0,0,0,0]",1,no,all residue allocations modulo cyclic rotation
11,11,1,7,7,1,3,all_distinct,FOUND,"{""coeffs"":[1,2,3],""positions"":[0,1,2]}","[1,2,3,0,0,0,0]",1,no,all residue allocations modulo cyclic rotation
11,11,1,7,7,1,4,ones,FOUND,"{""coeffs"":[1,1,1,1],""positions"":[0,1,2,3]}","[1,1,1,1,0,0,0]",1,no,all residue allocations modulo cyclic rotation
11,11,1,7,7,1,4,one_changed,FOUND,"{""coeffs"":[2,1,1,1],""positions"":[0,1,2,3]}","[2,1,1,1,0,0,0]",1,no,all residue allocations modulo cyclic rotation
11,11,1,7,7,1,4,all_distinct,FOUND,"{""coeffs"":[1,2,3,4],""positions"":[0,1,2,3]}","[1,2,3,4,0,0,0]",1,no,all residue allocations modulo cyclic rotation
11,11,1,7,7,1,5,ones,FOUND,"{""coeffs"":[1,1,1,1,1],""positions"":[0,1,2,3,4]}","[1,1,1,1,1,0,0]",1,no,all residue allocations modulo cyclic rotation
11,11,1,7,7,1,5,one_changed,FOUND,"{""coeffs"":[2,1,1,1,1],""positions"":[0,1,2,3,4]}","[2,1,1,1,1,0,0]",1,no,all residue allocations modulo cyclic rotation
11,11,1,7,7,1,5,all_distinct,FOUND,"{""coeffs"":[1,2,3,4,5],""positions"":[0,1,2,3,4]}","[1,2,3,4,5,0,0]",1,no,all residue allocations modulo cyclic rotation
11,11,1,7,7,1,6,ones,FOUND,"{""coeffs"":[1,1,1,1,1,1],""positions"":[0,1,2,3,4,5]}","[1,1,1,1,1,1,0]",1,no,all residue allocations modulo cyclic rotation
11,11,1,7,7,1,6,one_changed,FOUND,"{""coeffs"":[2,1,1,1,1,1],""positions"":[0,1,2,3,4,5]}","[2,1,1,1,1,1,0]",1,no,all residue allocations modulo cyclic rotation
11,11,1,7,7,1,6,all_distinct,FOUND,"{""coeffs"":[1,2,3,4,5,6],""positions"":[0,1,2,3,4,5]}","[1,2,3,4,5,6,0]",1,no,all residue allocations modulo cyclic rotation
11,11,1,7,7,1,7,ones,NONE,,,1,yes,all residue allocations modulo cyclic rotation
11,11,1,7,7,1,7,one_changed,FOUND,"{""coeffs"":[2,1,1,1,1,1,1],""positions"":[0,1,2,3,4,5,6]}","[2,1,1,1,1,1,1]",1,no,all residue allocations modulo cyclic rotation
11,11,1,7,7,1,7,all_distinct,FOUND,"{""coeffs"":[1,2,3,4,5,6,7],""positions"":[0,1,2,3,4,5,6]}","[1,2,3,4,5,6,7]",1,no,all residue allocations modulo cyclic rotation
11,11,1,8,8,1,2,ones,NONE,,,7,yes,all residue allocations modulo cyclic rotation
11,11,1,8,8,1,2,one_changed,FOUND,"{""coeffs"":[1,2],""positions"":[0,1]}","[1,2,0,0,0,0,0,0]",1,no,all residue allocations modulo cyclic rotation
11,11,1,8,8,1,2,all_distinct,FOUND,"{""coeffs"":[1,2],""positions"":[0,1]}","[1,2,0,0,0,0,0,0]",1,no,all residue allocations modulo cyclic rotation
11,11,1,8,8,1,3,ones,FOUND,"{""coeffs"":[1,1,1],""positions"":[0,1,2]}","[1,1,1,0,0,0,0,0]",1,no,all residue allocations modulo cyclic rotation
11,11,1,8,8,1,3,one_changed,FOUND,"{""coeffs"":[2,1,1],""positions"":[0,1,2]}","[2,1,1,0,0,0,0,0]",1,no,all residue allocations modulo cyclic rotation
11,11,1,8,8,1,3,all_distinct,FOUND,"{""coeffs"":[1,2,3],""positions"":[0,1,2]}","[1,2,3,0,0,0,0,0]",1,no,all residue allocations modulo cyclic rotation
11,11,1,8,8,1,4,ones,FOUND,"{""coeffs"":[1,1,1,1],""positions"":[0,1,2,4]}","[1,1,1,0,1,0,0,0]",2,no,all residue allocations modulo cyclic rotation
11,11,1,8,8,1,4,one_changed,FOUND,"{""coeffs"":[2,1,1,1],""positions"":[0,1,2,3]}","[2,1,1,1,0,0,0,0]",1,no,all residue allocations modulo cyclic rotation
11,11,1,8,8,1,4,all_distinct,FOUND,"{""coeffs"":[1,2,3,4],""positions"":[0,1,2,3]}","[1,2,3,4,0,0,0,0]",1,no,all residue allocations modulo cyclic rotation
11,11,1,8,8,1,5,ones,FOUND,"{""coeffs"":[1,1,1,1,1],""positions"":[0,1,2,3,4]}","[1,1,1,1,1,0,0,0]",1,no,all residue allocations modulo cyclic rotation
11,11,1,8,8,1,5,one_changed,FOUND,"{""coeffs"":[2,1,1,1,1],""positions"":[0,1,2,3,4]}","[2,1,1,1,1,0,0,0]",1,no,all residue allocations modulo cyclic rotation
11,11,1,8,8,1,5,all_distinct,FOUND,"{""coeffs"":[1,2,3,4,5],""positions"":[0,1,2,3,4]}","[1,2,3,4,5,0,0,0]",1,no,all residue allocations modulo cyclic rotation
11,11,1,8,8,1,6,ones,NONE,,,21,yes,all residue allocations modulo cyclic rotation
11,11,1,8,8,1,6,one_changed,FOUND,"{""coeffs"":[2,1,1,1,1,1],""positions"":[0,1,2,3,4,5]}","[2,1,1,1,1,1,0,0]",1,no,all residue allocations modulo cyclic rotation
11,11,1,8,8,1,6,all_distinct,FOUND,"{""coeffs"":[1,2,3,4,5,6],""positions"":[0,1,2,3,4,5]}","[1,2,3,4,5,6,0,0]",1,no,all residue allocations modulo cyclic rotation
11,11,1,8,8,1,7,ones,FOUND,"{""coeffs"":[1,1,1,1,1,1,1],""positions"":[0,1,2,3,4,5,6]}","[1,1,1,1,1,1,1,0]",1,no,all residue allocations modulo cyclic rotation
11,11,1,8,8,1,7,one_changed,FOUND,"{""coeffs"":[2,1,1,1,1,1,1],""positions"":[0,1,2,3,4,5,6]}","[2,1,1,1,1,1,1,0]",1,no,all residue allocations modulo cyclic rotation
11,11,1,8,8,1,7,all_distinct,FOUND,"{""coeffs"":[1,2,3,4,5,6,7],""positions"":[0,1,2,3,4,5,6]}","[1,2,3,4,5,6,7,0]",1,no,all residue allocations modulo cyclic rotation
11,11,1,8,8,1,8,ones,NONE,,,1,yes,all residue allocations modulo cyclic rotation
11,11,1,8,8,1,8,one_changed,FOUND,"{""coeffs"":[2,1,1,1,1,1,1,1],""positions"":[0,1,2,3,4,5,6,7]}","[2,1,1,1,1,1,1,1]",1,no,all residue allocations modulo cyclic rotation
11,11,1,8,8,1,8,all_distinct,FOUND,"{""coeffs"":[1,2,3,4,5,6,7,8],""positions"":[0,1,2,3,4,5,6,7]}","[1,2,3,4,5,6,7,8]",1,no,all residue allocations modulo cyclic rotation
11,11,1,9,9,1,2,ones,FOUND,"{""coeffs"":[1,1],""positions"":[0,1]}","[1,1,0,0,0,0,0,0,0]",1,no,all residue allocations modulo cyclic rotation
11,11,1,9,9,1,2,one_changed,FOUND,"{""coeffs"":[1,2],""positions"":[0,1]}","[1,2,0,0,0,0,0,0,0]",1,no,all residue allocations modulo cyclic rotation
11,11,1,9,9,1,2,all_distinct,FOUND,"{""coeffs"":[1,2],""positions"":[0,1]}","[1,2,0,0,0,0,0,0,0]",1,no,all residue allocations modulo cyclic rotation
11,11,1,9,9,1,3,ones,FOUND,"{""coeffs"":[1,1,1],""positions"":[0,1,3]}","[1,1,0,1,0,0,0,0,0]",2,no,all residue allocations modulo cyclic rotation
11,11,1,9,9,1,3,one_changed,FOUND,"{""coeffs"":[2,1,1],""positions"":[0,1,2]}","[2,1,1,0,0,0,0,0,0]",1,no,all residue allocations modulo cyclic rotation
11,11,1,9,9,1,3,all_distinct,FOUND,"{""coeffs"":[1,2,3],""positions"":[0,1,2]}","[1,2,3,0,0,0,0,0,0]",1,no,all residue allocations modulo cyclic rotation
11,11,1,9,9,1,4,ones,FOUND,"{""coeffs"":[1,1,1,1],""positions"":[0,1,2,3]}","[1,1,1,1,0,0,0,0,0]",1,no,all residue allocations modulo cyclic rotation
11,11,1,9,9,1,4,one_changed,FOUND,"{""coeffs"":[2,1,1,1],""positions"":[0,1,2,3]}","[2,1,1,1,0,0,0,0,0]",1,no,all residue allocations modulo cyclic rotation
11,11,1,9,9,1,4,all_distinct,FOUND,"{""coeffs"":[1,2,3,4],""positions"":[0,1,2,3]}","[1,2,3,4,0,0,0,0,0]",1,no,all residue allocations modulo cyclic rotation
11,11,1,9,9,1,5,ones,FOUND,"{""coeffs"":[1,1,1,1,1],""positions"":[0,1,2,3,4]}","[1,1,1,1,1,0,0,0,0]",1,no,all residue allocations modulo cyclic rotation
11,11,1,9,9,1,5,one_changed,FOUND,"{""coeffs"":[2,1,1,1,1],""positions"":[0,1,2,3,4]}","[2,1,1,1,1,0,0,0,0]",1,no,all residue allocations modulo cyclic rotation
11,11,1,9,9,1,5,all_distinct,FOUND,"{""coeffs"":[1,2,3,4,5],""positions"":[0,1,2,3,4]}","[1,2,3,4,5,0,0,0,0]",1,no,all residue allocations modulo cyclic rotation
11,11,1,9,9,1,6,ones,FOUND,"{""coeffs"":[1,1,1,1,1,1],""positions"":[0,1,2,3,4,6]}","[1,1,1,1,1,0,1,0,0]",2,no,all residue allocations modulo cyclic rotation
11,11,1,9,9,1,6,one_changed,FOUND,"{""coeffs"":[2,1,1,1,1,1],""positions"":[0,1,2,3,4,5]}","[2,1,1,1,1,1,0,0,0]",1,no,all residue allocations modulo cyclic rotation
11,11,1,9,9,1,6,all_distinct,FOUND,"{""coeffs"":[1,2,3,4,5,6],""positions"":[0,1,2,3,4,5]}","[1,2,3,4,5,6,0,0,0]",1,no,all residue allocations modulo cyclic rotation
11,11,1,9,9,1,7,ones,FOUND,"{""coeffs"":[1,1,1,1,1,1,1],""positions"":[0,1,2,3,4,5,6]}","[1,1,1,1,1,1,1,0,0]",1,no,all residue allocations modulo cyclic rotation
11,11,1,9,9,1,7,one_changed,FOUND,"{""coeffs"":[2,1,1,1,1,1,1],""positions"":[0,1,2,3,4,5,6]}","[2,1,1,1,1,1,1,0,0]",1,no,all residue allocations modulo cyclic rotation
11,11,1,9,9,1,7,all_distinct,FOUND,"{""coeffs"":[1,2,3,4,5,6,7],""positions"":[0,1,2,3,4,5,6]}","[1,2,3,4,5,6,7,0,0]",1,no,all residue allocations modulo cyclic rotation
11,11,1,9,9,1,8,ones,FOUND,"{""coeffs"":[1,1,1,1,1,1,1,1],""positions"":[0,1,2,3,4,5,6,7]}","[1,1,1,1,1,1,1,1,0]",1,no,all residue allocations modulo cyclic rotation
11,11,1,9,9,1,8,one_changed,FOUND,"{""coeffs"":[2,1,1,1,1,1,1,1],""positions"":[0,1,2,3,4,5,6,7]}","[2,1,1,1,1,1,1,1,0]",1,no,all residue allocations modulo cyclic rotation
11,11,1,9,9,1,8,all_distinct,FOUND,"{""coeffs"":[1,2,3,4,5,6,7,8],""positions"":[0,1,2,3,4,5,6,7]}","[1,2,3,4,5,6,7,8,0]",1,no,all residue allocations modulo cyclic rotation
11,11,1,9,9,1,9,ones,NONE,,,1,yes,all residue allocations modulo cyclic rotation
11,11,1,9,9,1,9,one_changed,FOUND,"{""coeffs"":[2,1,1,1,1,1,1,1,1],""positions"":[0,1,2,3,4,5,6,7,8]}","[2,1,1,1,1,1,1,1,1]",1,no,all residue allocations modulo cyclic rotation
11,11,1,9,9,1,9,all_distinct,FOUND,"{""coeffs"":[1,2,3,4,5,6,7,8,9],""positions"":[0,1,2,3,4,5,6,7,8]}","[1,2,3,4,5,6,7,8,9]",1,no,all residue allocations modulo cyclic rotation
11,11,1,10,10,1,2,ones,FOUND,"{""coeffs"":[1,1],""positions"":[0,2]}","[1,0,1,0,0,0,0,0,0,0]",2,no,all residue allocations modulo cyclic rotation
11,11,1,10,10,1,2,one_changed,FOUND,"{""coeffs"":[1,2],""positions"":[0,1]}","[1,2,0,0,0,0,0,0,0,0]",1,no,all residue allocations modulo cyclic rotation
11,11,1,10,10,1,2,all_distinct,FOUND,"{""coeffs"":[1,2],""positions"":[0,1]}","[1,2,0,0,0,0,0,0,0,0]",1,no,all residue allocations modulo cyclic rotation
11,11,1,10,10,1,3,ones,FOUND,"{""coeffs"":[1,1,1],""positions"":[0,1,2]}","[1,1,1,0,0,0,0,0,0,0]",1,no,all residue allocations modulo cyclic rotation
11,11,1,10,10,1,3,one_changed,FOUND,"{""coeffs"":[2,1,1],""positions"":[0,1,2]}","[2,1,1,0,0,0,0,0,0,0]",1,no,all residue allocations modulo cyclic rotation
11,11,1,10,10,1,3,all_distinct,FOUND,"{""coeffs"":[1,2,3],""positions"":[0,1,2]}","[1,2,3,0,0,0,0,0,0,0]",1,no,all residue allocations modulo cyclic rotation
11,11,1,10,10,1,4,ones,FOUND,"{""coeffs"":[1,1,1,1],""positions"":[0,1,2,4]}","[1,1,1,0,1,0,0,0,0,0]",2,no,all residue allocations modulo cyclic rotation
11,11,1,10,10,1,4,one_changed,FOUND,"{""coeffs"":[2,1,1,1],""positions"":[0,1,2,3]}","[2,1,1,1,0,0,0,0,0,0]",1,no,all residue allocations modulo cyclic rotation
11,11,1,10,10,1,4,all_distinct,FOUND,"{""coeffs"":[1,2,3,4],""positions"":[0,1,2,3]}","[1,2,3,4,0,0,0,0,0,0]",1,no,all residue allocations modulo cyclic rotation
11,11,1,10,10,1,5,ones,FOUND,"{""coeffs"":[1,1,1,1,1],""positions"":[0,1,2,3,5]}","[1,1,1,1,0,1,0,0,0,0]",2,no,all residue allocations modulo cyclic rotation
11,11,1,10,10,1,5,one_changed,FOUND,"{""coeffs"":[2,1,1,1,1],""positions"":[0,1,2,3,4]}","[2,1,1,1,1,0,0,0,0,0]",1,no,all residue allocations modulo cyclic rotation
11,11,1,10,10,1,5,all_distinct,FOUND,"{""coeffs"":[1,2,3,4,5],""positions"":[0,1,2,3,4]}","[1,2,3,4,5,0,0,0,0,0]",1,no,all residue allocations modulo cyclic rotation
11,11,1,10,10,1,6,ones,FOUND,"{""coeffs"":[1,1,1,1,1,1],""positions"":[0,1,2,3,4,6]}","[1,1,1,1,1,0,1,0,0,0]",2,no,all residue allocations modulo cyclic rotation
11,11,1,10,10,1,6,one_changed,FOUND,"{""coeffs"":[2,1,1,1,1,1],""positions"":[0,1,2,3,4,5]}","[2,1,1,1,1,1,0,0,0,0]",1,no,all residue allocations modulo cyclic rotation
11,11,1,10,10,1,6,all_distinct,FOUND,"{""coeffs"":[1,2,3,4,5,6],""positions"":[0,1,2,3,4,5]}","[1,2,3,4,5,6,0,0,0,0]",1,no,all residue allocations modulo cyclic rotation
11,11,1,10,10,1,7,ones,FOUND,"{""coeffs"":[1,1,1,1,1,1,1],""positions"":[0,1,2,3,4,5,6]}","[1,1,1,1,1,1,1,0,0,0]",1,no,all residue allocations modulo cyclic rotation
11,11,1,10,10,1,7,one_changed,FOUND,"{""coeffs"":[2,1,1,1,1,1,1],""positions"":[0,1,2,3,4,5,6]}","[2,1,1,1,1,1,1,0,0,0]",1,no,all residue allocations modulo cyclic rotation
11,11,1,10,10,1,7,all_distinct,FOUND,"{""coeffs"":[1,2,3,4,5,6,7],""positions"":[0,1,2,3,4,5,6]}","[1,2,3,4,5,6,7,0,0,0]",1,no,all residue allocations modulo cyclic rotation
11,11,1,10,10,1,8,ones,FOUND,"{""coeffs"":[1,1,1,1,1,1,1,1],""positions"":[0,1,2,3,4,5,6,8]}","[1,1,1,1,1,1,1,0,1,0]",2,no,all residue allocations modulo cyclic rotation
11,11,1,10,10,1,8,one_changed,FOUND,"{""coeffs"":[2,1,1,1,1,1,1,1],""positions"":[0,1,2,3,4,5,6,7]}","[2,1,1,1,1,1,1,1,0,0]",1,no,all residue allocations modulo cyclic rotation
11,11,1,10,10,1,8,all_distinct,FOUND,"{""coeffs"":[1,2,3,4,5,6,7,8],""positions"":[0,1,2,3,4,5,6,7]}","[1,2,3,4,5,6,7,8,0,0]",1,no,all residue allocations modulo cyclic rotation
11,11,1,10,10,1,9,ones,FOUND,"{""coeffs"":[1,1,1,1,1,1,1,1,1],""positions"":[0,1,2,3,4,5,6,7,8]}","[1,1,1,1,1,1,1,1,1,0]",1,no,all residue allocations modulo cyclic rotation
11,11,1,10,10,1,9,one_changed,FOUND,"{""coeffs"":[2,1,1,1,1,1,1,1,1],""positions"":[0,1,2,3,4,5,6,7,8]}","[2,1,1,1,1,1,1,1,1,0]",1,no,all residue allocations modulo cyclic rotation
11,11,1,10,10,1,9,all_distinct,FOUND,"{""coeffs"":[1,2,3,4,5,6,7,8,9],""positions"":[0,1,2,3,4,5,6,7,8]}","[1,2,3,4,5,6,7,8,9,0]",1,no,all residue allocations modulo cyclic rotation
11,11,1,10,10,1,10,ones,NONE,,,1,yes,all residue allocations modulo cyclic rotation
11,11,1,10,10,1,10,one_changed,FOUND,"{""coeffs"":[2,1,1,1,1,1,1,1,1,1],""positions"":[0,1,2,3,4,5,6,7,8,9]}","[2,1,1,1,1,1,1,1,1,1]",1,no,all residue allocations modulo cyclic rotation
11,11,1,10,10,1,10,all_distinct,FOUND,"{""coeffs"":[1,2,3,4,5,6,7,8,9,10],""positions"":[0,1,2,3,4,5,6,7,8,9]}","[1,2,3,4,5,6,7,8,9,10]",1,no,all residue allocations modulo cyclic rotation
11,11,1,11,1,11,2,ones,FOUND,"{""coeffs"":[1,1],""positions"":[0,1]}",[2],1,no,vacuous m=1
11,11,1,11,1,11,2,one_changed,FOUND,"{""coeffs"":[2,1],""positions"":[0,1]}",[3],1,no,vacuous m=1
11,11,1,11,1,11,2,all_distinct,FOUND,"{""coeffs"":[1,2],""positions"":[0,1]}",[3],1,no,vacuous m=1
11,11,1,11,1,11,3,ones,FOUND,"{""coeffs"":[1,1,1],""positions"":[0,1,2]}",[3],1,no,vacuous m=1
11,11,1,11,1,11,3,one_changed,FOUND,"{""coeffs"":[2,1,1],""positions"":[0,1,2]}",[4],1,no,vacuous m=1
11,11,1,11,1,11,3,all_distinct,FOUND,"{""coeffs"":[1,2,3],""positions"":[0,1,2]}",[6],1,no,vacuous m=1
11,11,1,11,1,11,4,ones,FOUND,"{""coeffs"":[1,1,1,1],""positions"":[0,1,2,3]}",[4],1,no,vacuous m=1
11,11,1,11,1,11,4,one_changed,FOUND,"{""coeffs"":[2,1,1,1],""positions"":[0,1,2,3]}",[5],1,no,vacuous m=1
11,11,1,11,1,11,4,all_distinct,FOUND,"{""coeffs"":[1,2,3,4],""positions"":[0,1,2,3]}",[10],1,no,vacuous m=1
11,11,1,11,1,11,5,ones,FOUND,"{""coeffs"":[1,1,1,1,1],""positions"":[0,1,2,3,4]}",[5],1,no,vacuous m=1
11,11,1,11,1,11,5,one_changed,FOUND,"{""coeffs"":[2,1,1,1,1],""positions"":[0,1,2,3,4]}",[6],1,no,vacuous m=1
11,11,1,11,1,11,5,all_distinct,FOUND,"{""coeffs"":[1,2,3,4,5],""positions"":[0,1,2,3,4]}",[4],1,no,vacuous m=1
11,11,1,11,1,11,6,ones,FOUND,"{""coeffs"":[1,1,1,1,1,1],""positions"":[0,1,2,3,4,5]}",[6],1,no,vacuous m=1
11,11,1,11,1,11,6,one_changed,FOUND,"{""coeffs"":[2,1,1,1,1,1],""positions"":[0,1,2,3,4,5]}",[7],1,no,vacuous m=1
11,11,1,11,1,11,6,all_distinct,FOUND,"{""coeffs"":[1,2,3,4,5,6],""positions"":[0,1,2,3,4,5]}",[10],1,no,vacuous m=1
11,11,1,11,1,11,7,ones,FOUND,"{""coeffs"":[1,1,1,1,1,1,1],""positions"":[0,1,2,3,4,5,6]}",[7],1,no,vacuous m=1
11,11,1,11,1,11,7,one_changed,FOUND,"{""coeffs"":[2,1,1,1,1,1,1],""positions"":[0,1,2,3,4,5,6]}",[8],1,no,vacuous m=1
11,11,1,11,1,11,7,all_distinct,FOUND,"{""coeffs"":[1,2,3,4,5,6,7],""positions"":[0,1,2,3,4,5,6]}",[6],1,no,vacuous m=1
11,11,1,11,1,11,8,ones,FOUND,"{""coeffs"":[1,1,1,1,1,1,1,1],""positions"":[0,1,2,3,4,5,6,7]}",[8],1,no,vacuous m=1
11,11,1,11,1,11,8,one_changed,FOUND,"{""coeffs"":[2,1,1,1,1,1,1,1],""positions"":[0,1,2,3,4,5,6,7]}",[9],1,no,vacuous m=1
11,11,1,11,1,11,8,all_distinct,FOUND,"{""coeffs"":[1,2,3,4,5,6,7,8],""positions"":[0,1,2,3,4,5,6,7]}",[3],1,no,vacuous m=1
11,11,1,11,1,11,9,ones,FOUND,"{""coeffs"":[1,1,1,1,1,1,1,1,1],""positions"":[0,1,2,3,4,5,6,7,8]}",[9],1,no,vacuous m=1
11,11,1,11,1,11,9,one_changed,FOUND,"{""coeffs"":[2,1,1,1,1,1,1,1,1],""positions"":[0,1,2,3,4,5,6,7,8]}",[10],1,no,vacuous m=1
11,11,1,11,1,11,9,all_distinct,FOUND,"{""coeffs"":[1,2,3,4,5,6,7,8,9],""positions"":[0,1,2,3,4,5,6,7,8]}",[1],1,no,vacuous m=1
11,11,1,11,1,11,10,ones,FOUND,"{""coeffs"":[1,1,1,1,1,1,1,1,1,1],""positions"":[0,1,2,3,4,5,6,7,8,9]}",[10],1,no,vacuous m=1
11,11,1,11,1,11,10,one_changed,FOUND,"{""coeffs"":[2,1,1,1,1,1,1,1,1,1],""positions"":[0,1,2,3,4,5,6,7,8,9]}",[0],1,no,vacuous m=1
11,11,1,11,1,11,10,all_distinct,FOUND,"{""coeffs"":[1,2,3,4,5,6,7,8,9,10],""positions"":[0,1,2,3,4,5,6,7,8,9]}",[0],1,no,vacuous m=1
11,11,1,11,1,11,11,ones,FOUND,"{""coeffs"":[1,1,1,1,1,1,1,1,1,1,1],""positions"":[0,1,2,3,4,5,6,7,8,9,10]}",[0],1,no,vacuous m=1
11,11,1,11,1,11,11,one_changed,FOUND,"{""coeffs"":[2,1,1,1,1,1,1,1,1,1,1],""positions"":[0,1,2,3,4,5,6,7,8,9,10]}",[1],1,no,vacuous m=1
11,11,1,12,12,1,2,ones,FOUND,"{""coeffs"":[1,1],""positions"":[0,4]}","[1,0,0,0,1,0,0,0,0,0,0,0]",4,no,all residue allocations modulo cyclic rotation
11,11,1,12,12,1,2,one_changed,FOUND,"{""coeffs"":[1,2],""positions"":[0,1]}","[1,2,0,0,0,0,0,0,0,0,0,0]",1,no,all residue allocations modulo cyclic rotation
11,11,1,12,12,1,2,all_distinct,FOUND,"{""coeffs"":[1,2],""positions"":[0,1]}","[1,2,0,0,0,0,0,0,0,0,0,0]",1,no,all residue allocations modulo cyclic rotation
11,11,1,12,12,1,3,ones,FOUND,"{""coeffs"":[1,1,1],""positions"":[0,1,3]}","[1,1,0,1,0,0,0,0,0,0,0,0]",2,no,all residue allocations modulo cyclic rotation
11,11,1,12,12,1,3,one_changed,FOUND,"{""coeffs"":[2,1,1],""positions"":[0,1,2]}","[2,1,1,0,0,0,0,0,0,0,0,0]",1,no,all residue allocations modulo cyclic rotation
11,11,1,12,12,1,3,all_distinct,FOUND,"{""coeffs"":[1,2,3],""positions"":[0,1,2]}","[1,2,3,0,0,0,0,0,0,0,0,0]",1,no,all residue allocations modulo cyclic rotation
11,11,1,12,12,1,4,ones,FOUND,"{""coeffs"":[1,1,1,1],""positions"":[0,1,2,4]}","[1,1,1,0,1,0,0,0,0,0,0,0]",2,no,all residue allocations modulo cyclic rotation
11,11,1,12,12,1,4,one_changed,FOUND,"{""coeffs"":[2,1,1,1],""positions"":[0,1,2,3]}","[2,1,1,1,0,0,0,0,0,0,0,0]",1,no,all residue allocations modulo cyclic rotation
11,11,1,12,12,1,4,all_distinct,FOUND,"{""coeffs"":[1,2,3,4],""positions"":[0,1,2,3]}","[1,2,3,4,0,0,0,0,0,0,0,0]",1,no,all residue allocations modulo cyclic rotation
11,11,1,12,12,1,5,ones,FOUND,"{""coeffs"":[1,1,1,1,1],""positions"":[0,1,2,3,4]}","[1,1,1,1,1,0,0,0,0,0,0,0]",1,no,all residue allocations modulo cyclic rotation
11,11,1,12,12,1,5,one_changed,FOUND,"{""coeffs"":[2,1,1,1,1],""positions"":[0,1,2,3,4]}","[2,1,1,1,1,0,0,0,0,0,0,0]",1,no,all residue allocations modulo cyclic rotation
11,11,1,12,12,1,5,all_distinct,FOUND,"{""coeffs"":[1,2,3,4,5],""positions"":[0,1,2,3,4]}","[1,2,3,4,5,0,0,0,0,0,0,0]",1,no,all residue allocations modulo cyclic rotation
11,11,1,12,12,1,6,ones,FOUND,"{""coeffs"":[1,1,1,1,1,1],""positions"":[0,1,2,3,5,9]}","[1,1,1,1,0,1,0,0,0,1,0,0]",11,no,all residue allocations modulo cyclic rotation
11,11,1,12,12,1,6,one_changed,FOUND,"{""coeffs"":[2,1,1,1,1,1],""positions"":[0,1,2,3,4,5]}","[2,1,1,1,1,1,0,0,0,0,0,0]",1,no,all residue allocations modulo cyclic rotation
11,11,1,12,12,1,6,all_distinct,FOUND,"{""coeffs"":[1,2,3,4,5,6],""positions"":[0,1,2,3,4,5]}","[1,2,3,4,5,6,0,0,0,0,0,0]",1,no,all residue allocations modulo cyclic rotation
11,11,1,12,12,1,7,ones,FOUND,"{""coeffs"":[1,1,1,1,1,1,1],""positions"":[0,1,2,3,4,5,6]}","[1,1,1,1,1,1,1,0,0,0,0,0]",1,no,all residue allocations modulo cyclic rotation
11,11,1,12,12,1,7,one_changed,FOUND,"{""coeffs"":[2,1,1,1,1,1,1],""positions"":[0,1,2,3,4,5,6]}","[2,1,1,1,1,1,1,0,0,0,0,0]",1,no,all residue allocations modulo cyclic rotation
11,11,1,12,12,1,7,all_distinct,FOUND,"{""coeffs"":[1,2,3,4,5,6,7],""positions"":[0,1,2,3,4,5,6]}","[1,2,3,4,5,6,7,0,0,0,0,0]",1,no,all residue allocations modulo cyclic rotation
11,11,1,12,12,1,8,ones,FOUND,"{""coeffs"":[1,1,1,1,1,1,1,1],""positions"":[0,1,2,3,4,5,6,8]}","[1,1,1,1,1,1,1,0,1,0,0,0]",2,no,all residue allocations modulo cyclic rotation
11,11,1,12,12,1,8,one_changed,FOUND,"{""coeffs"":[2,1,1,1,1,1,1,1],""positions"":[0,1,2,3,4,5,6,7]}","[2,1,1,1,1,1,1,1,0,0,0,0]",1,no,all residue allocations modulo cyclic rotation
11,11,1,12,12,1,8,all_distinct,FOUND,"{""coeffs"":[1,2,3,4,5,6,7,8],""positions"":[0,1,2,3,4,5,6,7]}","[1,2,3,4,5,6,7,8,0,0,0,0]",1,no,all residue allocations modulo cyclic rotation
11,11,1,12,12,1,9,ones,FOUND,"{""coeffs"":[1,1,1,1,1,1,1,1,1],""positions"":[0,1,2,3,4,5,6,7,9]}","[1,1,1,1,1,1,1,1,0,1,0,0]",2,no,all residue allocations modulo cyclic rotation
11,11,1,12,12,1,9,one_changed,FOUND,"{""coeffs"":[2,1,1,1,1,1,1,1,1],""positions"":[0,1,2,3,4,5,6,7,8]}","[2,1,1,1,1,1,1,1,1,0,0,0]",1,no,all residue allocations modulo cyclic rotation
11,11,1,12,12,1,9,all_distinct,FOUND,"{""coeffs"":[1,2,3,4,5,6,7,8,9],""positions"":[0,1,2,3,4,5,6,7,8]}","[1,2,3,4,5,6,7,8,9,0,0,0]",1,no,all residue allocations modulo cyclic rotation
11,11,1,12,12,1,10,ones,FOUND,"{""coeffs"":[1,1,1,1,1,1,1,1,1,1],""positions"":[0,1,2,3,4,5,6,8,9,10]}","[1,1,1,1,1,1,1,0,1,1,1,0]",7,no,all residue allocations modulo cyclic rotation
11,11,1,12,12,1,10,one_changed,FOUND,"{""coeffs"":[2,1,1,1,1,1,1,1,1,1],""positions"":[0,1,2,3,4,5,6,7,8,9]}","[2,1,1,1,1,1,1,1,1,1,0,0]",1,no,all residue allocations modulo cyclic rotation
11,11,1,12,12,1,10,all_distinct,FOUND,"{""coeffs"":[1,2,3,4,5,6,7,8,9,10],""positions"":[0,1,2,3,4,5,6,7,8,9]}","[1,2,3,4,5,6,7,8,9,10,0,0]",1,no,all residue allocations modulo cyclic rotation
11,11,1,12,12,1,11,ones,FOUND,"{""coeffs"":[1,1,1,1,1,1,1,1,1,1,1],""positions"":[0,1,2,3,4,5,6,7,8,9,10]}","[1,1,1,1,1,1,1,1,1,1,1,0]",1,no,all residue allocations modulo cyclic rotation
11,11,1,12,12,1,11,one_changed,FOUND,"{""coeffs"":[2,1,1,1,1,1,1,1,1,1,1],""positions"":[0,1,2,3,4,5,6,7,8,9,10]}","[2,1,1,1,1,1,1,1,1,1,1,0]",1,no,all residue allocations modulo cyclic rotation
11,11,1,12,12,1,12,ones,NONE,,,1,yes,all residue allocations modulo cyclic rotation
11,11,1,12,12,1,12,one_changed,FOUND,"{""coeffs"":[2,1,1,1,1,1,1,1,1,1,1,1],""positions"":[0,1,2,3,4,5,6,7,8,9,10,11]}","[2,1,1,1,1,1,1,1,1,1,1,1]",1,no,all residue allocations modulo cyclic rotation
11,11,1,13,13,1,2,ones,FOUND,"{""coeffs"":[1,1],""positions"":[0,1]}","[1,1,0,0,0,0,0,0,0,0,0,0,0]",1,no,all residue allocations modulo cyclic rotation
11,11,1,13,13,1,2,one_changed,FOUND,"{""coeffs"":[1,2],""positions"":[0,1]}","[1,2,0,0,0,0,0,0,0,0,0,0,0]",1,no,all residue allocations modulo cyclic rotation
11,11,1,13,13,1,2,all_distinct,FOUND,"{""coeffs"":[1,2],""positions"":[0,1]}","[1,2,0,0,0,0,0,0,0,0,0,0,0]",1,no,all residue allocations modulo cyclic rotation
11,11,1,13,13,1,3,ones,FOUND,"{""coeffs"":[1,1,1],""positions"":[0,1,2]}","[1,1,1,0,0,0,0,0,0,0,0,0,0]",1,no,all residue allocations modulo cyclic rotation
11,11,1,13,13,1,3,one_changed,FOUND,"{""coeffs"":[2,1,1],""positions"":[0,1,2]}","[2,1,1,0,0,0,0,0,0,0,0,0,0]",1,no,all residue allocations modulo cyclic rotation
11,11,1,13,13,1,3,all_distinct,FOUND,"{""coeffs"":[1,2,3],""positions"":[0,1,2]}","[1,2,3,0,0,0,0,0,0,0,0,0,0]",1,no,all residue allocations modulo cyclic rotation
11,11,1,13,13,1,4,ones,FOUND,"{""coeffs"":[1,1,1,1],""positions"":[0,1,2,3]}","[1,1,1,1,0,0,0,0,0,0,0,0,0]",1,no,all residue allocations modulo cyclic rotation
11,11,1,13,13,1,4,one_changed,FOUND,"{""coeffs"":[2,1,1,1],""positions"":[0,1,2,3]}","[2,1,1,1,0,0,0,0,0,0,0,0,0]",1,no,all residue allocations modulo cyclic rotation
11,11,1,13,13,1,4,all_distinct,FOUND,"{""coeffs"":[1,2,3,4],""positions"":[0,1,2,3]}","[1,2,3,4,0,0,0,0,0,0,0,0,0]",1,no,all residue allocations modulo cyclic rotation
11,11,1,13,13,1,5,ones,FOUND,"{""coeffs"":[1,1,1,1,1],""positions"":[0,1,2,3,4]}","[1,1,1,1,1,0,0,0,0,0,0,0,0]",1,no,all residue allocations modulo cyclic rotation
11,11,1,13,13,1,5,one_changed,FOUND,"{""coeffs"":[2,1,1,1,1],""positions"":[0,1,2,3,4]}","[2,1,1,1,1,0,0,0,0,0,0,0,0]",1,no,all residue allocations modulo cyclic rotation
11,11,1,13,13,1,5,all_distinct,FOUND,"{""coeffs"":[1,2,3,4,5],""positions"":[0,1,2,3,4]}","[1,2,3,4,5,0,0,0,0,0,0,0,0]",1,no,all residue allocations modulo cyclic rotation
11,11,1,13,13,1,6,ones,FOUND,"{""coeffs"":[1,1,1,1,1,1],""positions"":[0,1,2,3,4,5]}","[1,1,1,1,1,1,0,0,0,0,0,0,0]",1,no,all residue allocations modulo cyclic rotation
11,11,1,13,13,1,6,one_changed,FOUND,"{""coeffs"":[2,1,1,1,1,1],""positions"":[0,1,2,3,4,5]}","[2,1,1,1,1,1,0,0,0,0,0,0,0]",1,no,all residue allocations modulo cyclic rotation
11,11,1,13,13,1,6,all_distinct,FOUND,"{""coeffs"":[1,2,3,4,5,6],""positions"":[0,1,2,3,4,5]}","[1,2,3,4,5,6,0,0,0,0,0,0,0]",1,no,all residue allocations modulo cyclic rotation
11,11,1,13,13,1,7,ones,FOUND,"{""coeffs"":[1,1,1,1,1,1,1],""positions"":[0,1,2,3,4,5,6]}","[1,1,1,1,1,1,1,0,0,0,0,0,0]",1,no,all residue allocations modulo cyclic rotation
11,11,1,13,13,1,7,one_changed,FOUND,"{""coeffs"":[2,1,1,1,1,1,1],""positions"":[0,1,2,3,4,5,6]}","[2,1,1,1,1,1,1,0,0,0,0,0,0]",1,no,all residue allocations modulo cyclic rotation
11,11,1,13,13,1,7,all_distinct,FOUND,"{""coeffs"":[1,2,3,4,5,6,7],""positions"":[0,1,2,3,4,5,6]}","[1,2,3,4,5,6,7,0,0,0,0,0,0]",1,no,all residue allocations modulo cyclic rotation
11,11,1,13,13,1,8,ones,FOUND,"{""coeffs"":[1,1,1,1,1,1,1,1],""positions"":[0,1,2,3,4,5,6,7]}","[1,1,1,1,1,1,1,1,0,0,0,0,0]",1,no,all residue allocations modulo cyclic rotation
11,11,1,13,13,1,8,one_changed,FOUND,"{""coeffs"":[2,1,1,1,1,1,1,1],""positions"":[0,1,2,3,4,5,6,7]}","[2,1,1,1,1,1,1,1,0,0,0,0,0]",1,no,all residue allocations modulo cyclic rotation
11,11,1,13,13,1,8,all_distinct,FOUND,"{""coeffs"":[1,2,3,4,5,6,7,8],""positions"":[0,1,2,3,4,5,6,7]}","[1,2,3,4,5,6,7,8,0,0,0,0,0]",1,no,all residue allocations modulo cyclic rotation
11,11,1,13,13,1,9,ones,FOUND,"{""coeffs"":[1,1,1,1,1,1,1,1,1],""positions"":[0,1,2,3,4,5,6,7,8]}","[1,1,1,1,1,1,1,1,1,0,0,0,0]",1,no,all residue allocations modulo cyclic rotation
11,11,1,13,13,1,9,one_changed,FOUND,"{""coeffs"":[2,1,1,1,1,1,1,1,1],""positions"":[0,1,2,3,4,5,6,7,8]}","[2,1,1,1,1,1,1,1,1,0,0,0,0]",1,no,all residue allocations modulo cyclic rotation
11,11,1,13,13,1,9,all_distinct,FOUND,"{""coeffs"":[1,2,3,4,5,6,7,8,9],""positions"":[0,1,2,3,4,5,6,7,8]}","[1,2,3,4,5,6,7,8,9,0,0,0,0]",1,no,all residue allocations modulo cyclic rotation
11,11,1,13,13,1,10,ones,FOUND,"{""coeffs"":[1,1,1,1,1,1,1,1,1,1],""positions"":[0,1,2,3,4,5,6,7,8,9]}","[1,1,1,1,1,1,1,1,1,1,0,0,0]",1,no,all residue allocations modulo cyclic rotation
11,11,1,13,13,1,10,one_changed,FOUND,"{""coeffs"":[2,1,1,1,1,1,1,1,1,1],""positions"":[0,1,2,3,4,5,6,7,8,9]}","[2,1,1,1,1,1,1,1,1,1,0,0,0]",1,no,all residue allocations modulo cyclic rotation
11,11,1,13,13,1,10,all_distinct,FOUND,"{""coeffs"":[1,2,3,4,5,6,7,8,9,10],""positions"":[0,1,2,3,4,5,6,7,8,9]}","[1,2,3,4,5,6,7,8,9,10,0,0,0]",1,no,all residue allocations modulo cyclic rotation
11,11,1,13,13,1,11,ones,FOUND,"{""coeffs"":[1,1,1,1,1,1,1,1,1,1,1],""positions"":[0,1,2,3,4,5,6,7,8,9,10]}","[1,1,1,1,1,1,1,1,1,1,1,0,0]",1,no,all residue allocations modulo cyclic rotation
11,11,1,13,13,1,11,one_changed,FOUND,"{""coeffs"":[2,1,1,1,1,1,1,1,1,1,1],""positions"":[0,1,2,3,4,5,6,7,8,9,10]}","[2,1,1,1,1,1,1,1,1,1,1,0,0]",1,no,all residue allocations modulo cyclic rotation
11,11,1,13,13,1,12,ones,FOUND,"{""coeffs"":[1,1,1,1,1,1,1,1,1,1,1,1],""positions"":[0,1,2,3,4,5,6,7,8,9,10,11]}","[1,1,1,1,1,1,1,1,1,1,1,1,0]",1,no,all residue allocations modulo cyclic rotation
11,11,1,13,13,1,12,one_changed,FOUND,"{""coeffs"":[2,1,1,1,1,1,1,1,1,1,1,1],""positions"":[0,1,2,3,4,5,6,7,8,9,10,11]}","[2,1,1,1,1,1,1,1,1,1,1,1,0]",1,no,all residue allocations modulo cyclic rotation
11,11,1,13,13,1,13,ones,NONE,,,1,yes,all residue allocations modulo cyclic rotation
11,11,1,13,13,1,13,one_changed,FOUND,"{""coeffs"":[2,1,1,1,1,1,1,1,1,1,1,1,1],""positions"":[0,1,2,3,4,5,6,7,8,9,10,11,12]}","[2,1,1,1,1,1,1,1,1,1,1,1,1]",1,no,all residue allocations modulo cyclic rotation
11,11,1,14,14,1,2,ones,FOUND,"{""coeffs"":[1,1],""positions"":[0,2]}","[1,0,1,0,0,0,0,0,0,0,0,0,0,0]",2,no,all residue allocations modulo cyclic rotation
11,11,1,14,14,1,2,one_changed,FOUND,"{""coeffs"":[1,2],""positions"":[0,1]}","[1,2,0,0,0,0,0,0,0,0,0,0,0,0]",1,no,all residue allocations modulo cyclic rotation
11,11,1,14,14,1,2,all_distinct,FOUND,"{""coeffs"":[1,2],""positions"":[0,1]}","[1,2,0,0,0,0,0,0,0,0,0,0,0,0]",1,no,all residue allocations modulo cyclic rotation
11,11,1,14,14,1,3,ones,FOUND,"{""coeffs"":[1,1,1],""positions"":[0,1,2]}","[1,1,1,0,0,0,0,0,0,0,0,0,0,0]",1,no,all residue allocations modulo cyclic rotation
11,11,1,14,14,1,3,one_changed,FOUND,"{""coeffs"":[2,1,1],""positions"":[0,1,2]}","[2,1,1,0,0,0,0,0,0,0,0,0,0,0]",1,no,all residue allocations modulo cyclic rotation
11,11,1,14,14,1,3,all_distinct,FOUND,"{""coeffs"":[1,2,3],""positions"":[0,1,2]}","[1,2,3,0,0,0,0,0,0,0,0,0,0,0]",1,no,all residue allocations modulo cyclic rotation
11,11,1,14,14,1,4,ones,FOUND,"{""coeffs"":[1,1,1,1],""positions"":[0,1,2,4]}","[1,1,1,0,1,0,0,0,0,0,0,0,0,0]",2,no,all residue allocations modulo cyclic rotation
11,11,1,14,14,1,4,one_changed,FOUND,"{""coeffs"":[2,1,1,1],""positions"":[0,1,2,3]}","[2,1,1,1,0,0,0,0,0,0,0,0,0,0]",1,no,all residue allocations modulo cyclic rotation
11,11,1,14,14,1,4,all_distinct,FOUND,"{""coeffs"":[1,2,3,4],""positions"":[0,1,2,3]}","[1,2,3,4,0,0,0,0,0,0,0,0,0,0]",1,no,all residue allocations modulo cyclic rotation
11,11,1,14,14,1,5,ones,FOUND,"{""coeffs"":[1,1,1,1,1],""positions"":[0,1,2,3,4]}","[1,1,1,1,1,0,0,0,0,0,0,0,0,0]",1,no,all residue allocations modulo cyclic rotation
11,11,1,14,14,1,5,one_changed,FOUND,"{""coeffs"":[2,1,1,1,1],""positions"":[0,1,2,3,4]}","[2,1,1,1,1,0,0,0,0,0,0,0,0,0]",1,no,all residue allocations modulo cyclic rotation
11,11,1,14,14,1,5,all_distinct,FOUND,"{""coeffs"":[1,2,3,4,5],""positions"":[0,1,2,3,4]}","[1,2,3,4,5,0,0,0,0,0,0,0,0,0]",1,no,all residue allocations modulo cyclic rotation
11,11,1,14,14,1,6,ones,FOUND,"{""coeffs"":[1,1,1,1,1,1],""positions"":[0,1,2,3,4,6]}","[1,1,1,1,1,0,1,0,0,0,0,0,0,0]",2,no,all residue allocations modulo cyclic rotation
11,11,1,14,14,1,6,one_changed,FOUND,"{""coeffs"":[2,1,1,1,1,1],""positions"":[0,1,2,3,4,5]}","[2,1,1,1,1,1,0,0,0,0,0,0,0,0]",1,no,all residue allocations modulo cyclic rotation
11,11,1,14,14,1,6,all_distinct,FOUND,"{""coeffs"":[1,2,3,4,5,6],""positions"":[0,1,2,3,4,5]}","[1,2,3,4,5,6,0,0,0,0,0,0,0,0]",1,no,all residue allocations modulo cyclic rotation
11,11,1,14,14,1,7,ones,FOUND,"{""coeffs"":[1,1,1,1,1,1,1],""positions"":[0,1,2,3,4,5,7]}","[1,1,1,1,1,1,0,1,0,0,0,0,0,0]",2,no,all residue allocations modulo cyclic rotation
11,11,1,14,14,1,7,one_changed,FOUND,"{""coeffs"":[2,1,1,1,1,1,1],""positions"":[0,1,2,3,4,5,6]}","[2,1,1,1,1,1,1,0,0,0,0,0,0,0]",1,no,all residue allocations modulo cyclic rotation
11,11,1,14,14,1,7,all_distinct,FOUND,"{""coeffs"":[1,2,3,4,5,6,7],""positions"":[0,1,2,3,4,5,6]}","[1,2,3,4,5,6,7,0,0,0,0,0,0,0]",1,no,all residue allocations modulo cyclic rotation
11,11,1,14,14,1,8,ones,FOUND,"{""coeffs"":[1,1,1,1,1,1,1,1],""positions"":[0,1,2,3,4,5,6,8]}","[1,1,1,1,1,1,1,0,1,0,0,0,0,0]",2,no,all residue allocations modulo cyclic rotation
11,11,1,14,14,1,8,one_changed,FOUND,"{""coeffs"":[2,1,1,1,1,1,1,1],""positions"":[0,1,2,3,4,5,6,7]}","[2,1,1,1,1,1,1,1,0,0,0,0,0,0]",1,no,all residue allocations modulo cyclic rotation
11,11,1,14,14,1,8,all_distinct,FOUND,"{""coeffs"":[1,2,3,4,5,6,7,8],""positions"":[0,1,2,3,4,5,6,7]}","[1,2,3,4,5,6,7,8,0,0,0,0,0,0]",1,no,all residue allocations modulo cyclic rotation
11,11,1,14,14,1,9,ones,FOUND,"{""coeffs"":[1,1,1,1,1,1,1,1,1],""positions"":[0,1,2,3,4,5,6,7,8]}","[1,1,1,1,1,1,1,1,1,0,0,0,0,0]",1,no,all residue allocations modulo cyclic rotation
11,11,1,14,14,1,9,one_changed,FOUND,"{""coeffs"":[2,1,1,1,1,1,1,1,1],""positions"":[0,1,2,3,4,5,6,7,8]}","[2,1,1,1,1,1,1,1,1,0,0,0,0,0]",1,no,all residue allocations modulo cyclic rotation
11,11,1,14,14,1,9,all_distinct,FOUND,"{""coeffs"":[1,2,3,4,5,6,7,8,9],""positions"":[0,1,2,3,4,5,6,7,8]}","[1,2,3,4,5,6,7,8,9,0,0,0,0,0]",1,no,all residue allocations modulo cyclic rotation
11,11,1,14,14,1,10,ones,FOUND,"{""coeffs"":[1,1,1,1,1,1,1,1,1,1],""positions"":[0,1,2,3,4,5,6,7,8,10]}","[1,1,1,1,1,1,1,1,1,0,1,0,0,0]",2,no,all residue allocations modulo cyclic rotation
11,11,1,14,14,1,10,one_changed,FOUND,"{""coeffs"":[2,1,1,1,1,1,1,1,1,1],""positions"":[0,1,2,3,4,5,6,7,8,9]}","[2,1,1,1,1,1,1,1,1,1,0,0,0,0]",1,no,all residue allocations modulo cyclic rotation
11,11,1,14,14,1,10,all_distinct,FOUND,"{""coeffs"":[1,2,3,4,5,6,7,8,9,10],""positions"":[0,1,2,3,4,5,6,7,8,9]}","[1,2,3,4,5,6,7,8,9,10,0,0,0,0]",1,no,all residue allocations modulo cyclic rotation
11,11,1,14,14,1,11,ones,FOUND,"{""coeffs"":[1,1,1,1,1,1,1,1,1,1,1],""positions"":[0,1,2,3,4,5,6,7,8,9,10]}","[1,1,1,1,1,1,1,1,1,1,1,0,0,0]",1,no,all residue allocations modulo cyclic rotation
11,11,1,14,14,1,11,one_changed,FOUND,"{""coeffs"":[2,1,1,1,1,1,1,1,1,1,1],""positions"":[0,1,2,3,4,5,6,7,8,9,10]}","[2,1,1,1,1,1,1,1,1,1,1,0,0,0]",1,no,all residue allocations modulo cyclic rotation
11,11,1,14,14,1,12,ones,FOUND,"{""coeffs"":[1,1,1,1,1,1,1,1,1,1,1,1],""positions"":[0,1,2,3,4,5,6,7,8,9,10,12]}","[1,1,1,1,1,1,1,1,1,1,1,0,1,0]",2,no,all residue allocations modulo cyclic rotation
11,11,1,14,14,1,12,one_changed,FOUND,"{""coeffs"":[2,1,1,1,1,1,1,1,1,1,1,1],""positions"":[0,1,2,3,4,5,6,7,8,9,10,11]}","[2,1,1,1,1,1,1,1,1,1,1,1,0,0]",1,no,all residue allocations modulo cyclic rotation
11,11,1,14,14,1,13,ones,FOUND,"{""coeffs"":[1,1,1,1,1,1,1,1,1,1,1,1,1],""positions"":[0,1,2,3,4,5,6,7,8,9,10,11,12]}","[1,1,1,1,1,1,1,1,1,1,1,1,1,0]",1,no,all residue allocations modulo cyclic rotation
11,11,1,14,14,1,13,one_changed,FOUND,"{""coeffs"":[2,1,1,1,1,1,1,1,1,1,1,1,1],""positions"":[0,1,2,3,4,5,6,7,8,9,10,11,12]}","[2,1,1,1,1,1,1,1,1,1,1,1,1,0]",1,no,all residue allocations modulo cyclic rotation
11,11,1,14,14,1,14,ones,NONE,,,1,yes,all residue allocations modulo cyclic rotation
11,11,1,14,14,1,14,one_changed,FOUND,"{""coeffs"":[2,1,1,1,1,1,1,1,1,1,1,1,1,1],""positions"":[0,1,2,3,4,5,6,7,8,9,10,11,12,13]}","[2,1,1,1,1,1,1,1,1,1,1,1,1,1]",1,no,all residue allocations modulo cyclic rotation
11,11,1,15,15,1,2,ones,FOUND,"{""coeffs"":[1,1],""positions"":[0,1]}","[1,1,0,0,0,0,0,0,0,0,0,0,0,0,0]",1,no,all residue allocations modulo cyclic rotation
11,11,1,15,15,1,2,one_changed,FOUND,"{""coeffs"":[1,2],""positions"":[0,1]}","[1,2,0,0,0,0,0,0,0,0,0,0,0,0,0]",1,no,all residue allocations modulo cyclic rotation
11,11,1,15,15,1,2,all_distinct,FOUND,"{""coeffs"":[1,2],""positions"":[0,1]}","[1,2,0,0,0,0,0,0,0,0,0,0,0,0,0]",1,no,all residue allocations modulo cyclic rotation
11,11,1,15,15,1,3,ones,FOUND,"{""coeffs"":[1,1,1],""positions"":[0,1,3]}","[1,1,0,1,0,0,0,0,0,0,0,0,0,0,0]",2,no,all residue allocations modulo cyclic rotation
11,11,1,15,15,1,3,one_changed,FOUND,"{""coeffs"":[2,1,1],""positions"":[0,1,2]}","[2,1,1,0,0,0,0,0,0,0,0,0,0,0,0]",1,no,all residue allocations modulo cyclic rotation
11,11,1,15,15,1,3,all_distinct,FOUND,"{""coeffs"":[1,2,3],""positions"":[0,1,2]}","[1,2,3,0,0,0,0,0,0,0,0,0,0,0,0]",1,no,all residue allocations modulo cyclic rotation
11,11,1,15,15,1,4,ones,FOUND,"{""coeffs"":[1,1,1,1],""positions"":[0,1,2,3]}","[1,1,1,1,0,0,0,0,0,0,0,0,0,0,0]",1,no,all residue allocations modulo cyclic rotation
11,11,1,15,15,1,4,one_changed,FOUND,"{""coeffs"":[2,1,1,1],""positions"":[0,1,2,3]}","[2,1,1,1,0,0,0,0,0,0,0,0,0,0,0]",1,no,all residue allocations modulo cyclic rotation
11,11,1,15,15,1,4,all_distinct,FOUND,"{""coeffs"":[1,2,3,4],""positions"":[0,1,2,3]}","[1,2,3,4,0,0,0,0,0,0,0,0,0,0,0]",1,no,all residue allocations modulo cyclic rotation
11,11,1,15,15,1,5,ones,FOUND,"{""coeffs"":[1,1,1,1,1],""positions"":[0,1,2,3,5]}","[1,1,1,1,0,1,0,0,0,0,0,0,0,0,0]",2,no,all residue allocations modulo cyclic rotation
11,11,1,15,15,1,5,one_changed,FOUND,"{""coeffs"":[2,1,1,1,1],""positions"":[0,1,2,3,4]}","[2,1,1,1,1,0,0,0,0,0,0,0,0,0,0]",1,no,all residue allocations modulo cyclic rotation
11,11,1,15,15,1,5,all_distinct,FOUND,"{""coeffs"":[1,2,3,4,5],""positions"":[0,1,2,3,4]}","[1,2,3,4,5,0,0,0,0,0,0,0,0,0,0]",1,no,all residue allocations modulo cyclic rotation
11,11,1,15,15,1,6,ones,FOUND,"{""coeffs"":[1,1,1,1,1,1],""positions"":[0,1,2,3,4,6]}","[1,1,1,1,1,0,1,0,0,0,0,0,0,0,0]",2,no,all residue allocations modulo cyclic rotation
11,11,1,15,15,1,6,one_changed,FOUND,"{""coeffs"":[2,1,1,1,1,1],""positions"":[0,1,2,3,4,5]}","[2,1,1,1,1,1,0,0,0,0,0,0,0,0,0]",1,no,all residue allocations modulo cyclic rotation
11,11,1,15,15,1,6,all_distinct,FOUND,"{""coeffs"":[1,2,3,4,5,6],""positions"":[0,1,2,3,4,5]}","[1,2,3,4,5,6,0,0,0,0,0,0,0,0,0]",1,no,all residue allocations modulo cyclic rotation
11,11,1,15,15,1,7,ones,FOUND,"{""coeffs"":[1,1,1,1,1,1,1],""positions"":[0,1,2,3,4,5,6]}","[1,1,1,1,1,1,1,0,0,0,0,0,0,0,0]",1,no,all residue allocations modulo cyclic rotation
11,11,1,15,15,1,7,one_changed,FOUND,"{""coeffs"":[2,1,1,1,1,1,1],""positions"":[0,1,2,3,4,5,6]}","[2,1,1,1,1,1,1,0,0,0,0,0,0,0,0]",1,no,all residue allocations modulo cyclic rotation
11,11,1,15,15,1,7,all_distinct,FOUND,"{""coeffs"":[1,2,3,4,5,6,7],""positions"":[0,1,2,3,4,5,6]}","[1,2,3,4,5,6,7,0,0,0,0,0,0,0,0]",1,no,all residue allocations modulo cyclic rotation
11,11,1,15,15,1,8,ones,FOUND,"{""coeffs"":[1,1,1,1,1,1,1,1],""positions"":[0,1,2,3,4,5,6,7]}","[1,1,1,1,1,1,1,1,0,0,0,0,0,0,0]",1,no,all residue allocations modulo cyclic rotation
11,11,1,15,15,1,8,one_changed,FOUND,"{""coeffs"":[2,1,1,1,1,1,1,1],""positions"":[0,1,2,3,4,5,6,7]}","[2,1,1,1,1,1,1,1,0,0,0,0,0,0,0]",1,no,all residue allocations modulo cyclic rotation
11,11,1,15,15,1,8,all_distinct,FOUND,"{""coeffs"":[1,2,3,4,5,6,7,8],""positions"":[0,1,2,3,4,5,6,7]}","[1,2,3,4,5,6,7,8,0,0,0,0,0,0,0]",1,no,all residue allocations modulo cyclic rotation
11,11,1,15,15,1,9,ones,FOUND,"{""coeffs"":[1,1,1,1,1,1,1,1,1],""positions"":[0,1,2,3,4,5,6,7,9]}","[1,1,1,1,1,1,1,1,0,1,0,0,0,0,0]",2,no,all residue allocations modulo cyclic rotation
11,11,1,15,15,1,9,one_changed,FOUND,"{""coeffs"":[2,1,1,1,1,1,1,1,1],""positions"":[0,1,2,3,4,5,6,7,8]}","[2,1,1,1,1,1,1,1,1,0,0,0,0,0,0]",1,no,all residue allocations modulo cyclic rotation
11,11,1,15,15,1,9,all_distinct,FOUND,"{""coeffs"":[1,2,3,4,5,6,7,8,9],""positions"":[0,1,2,3,4,5,6,7,8]}","[1,2,3,4,5,6,7,8,9,0,0,0,0,0,0]",1,no,all residue allocations modulo cyclic rotation
11,11,1,15,15,1,10,ones,FOUND,"{""coeffs"":[1,1,1,1,1,1,1,1,1,1],""positions"":[0,1,2,3,4,5,6,7,8,10]}","[1,1,1,1,1,1,1,1,1,0,1,0,0,0,0]",2,no,all residue allocations modulo cyclic rotation
11,11,1,15,15,1,10,one_changed,FOUND,"{""coeffs"":[2,1,1,1,1,1,1,1,1,1],""positions"":[0,1,2,3,4,5,6,7,8,9]}","[2,1,1,1,1,1,1,1,1,1,0,0,0,0,0]",1,no,all residue allocations modulo cyclic rotation
11,11,1,15,15,1,10,all_distinct,FOUND,"{""coeffs"":[1,2,3,4,5,6,7,8,9,10],""positions"":[0,1,2,3,4,5,6,7,8,9]}","[1,2,3,4,5,6,7,8,9,10,0,0,0,0,0]",1,no,all residue allocations modulo cyclic rotation
11,11,1,15,15,1,11,ones,FOUND,"{""coeffs"":[1,1,1,1,1,1,1,1,1,1,1],""positions"":[0,1,2,3,4,5,6,7,8,9,10]}","[1,1,1,1,1,1,1,1,1,1,1,0,0,0,0]",1,no,all residue allocations modulo cyclic rotation
11,11,1,15,15,1,11,one_changed,FOUND,"{""coeffs"":[2,1,1,1,1,1,1,1,1,1,1],""positions"":[0,1,2,3,4,5,6,7,8,9,10]}","[2,1,1,1,1,1,1,1,1,1,1,0,0,0,0]",1,no,all residue allocations modulo cyclic rotation
11,11,1,15,15,1,12,ones,FOUND,"{""coeffs"":[1,1,1,1,1,1,1,1,1,1,1,1],""positions"":[0,1,2,3,4,5,6,7,8,9,10,12]}","[1,1,1,1,1,1,1,1,1,1,1,0,1,0,0]",2,no,all residue allocations modulo cyclic rotation
11,11,1,15,15,1,12,one_changed,FOUND,"{""coeffs"":[2,1,1,1,1,1,1,1,1,1,1,1],""positions"":[0,1,2,3,4,5,6,7,8,9,10,11]}","[2,1,1,1,1,1,1,1,1,1,1,1,0,0,0]",1,no,all residue allocations modulo cyclic rotation
11,11,1,15,15,1,13,ones,FOUND,"{""coeffs"":[1,1,1,1,1,1,1,1,1,1,1,1,1],""positions"":[0,1,2,3,4,5,6,7,8,9,10,11,12]}","[1,1,1,1,1,1,1,1,1,1,1,1,1,0,0]",1,no,all residue allocations modulo cyclic rotation
11,11,1,15,15,1,13,one_changed,FOUND,"{""coeffs"":[2,1,1,1,1,1,1,1,1,1,1,1,1],""positions"":[0,1,2,3,4,5,6,7,8,9,10,11,12]}","[2,1,1,1,1,1,1,1,1,1,1,1,1,0,0]",1,no,all residue allocations modulo cyclic rotation
11,11,1,15,15,1,14,ones,FOUND,"{""coeffs"":[1,1,1,1,1,1,1,1,1,1,1,1,1,1],""positions"":[0,1,2,3,4,5,6,7,8,9,10,11,12,13]}","[1,1,1,1,1,1,1,1,1,1,1,1,1,1,0]",1,no,all residue allocations modulo cyclic rotation
11,11,1,15,15,1,14,one_changed,FOUND,"{""coeffs"":[2,1,1,1,1,1,1,1,1,1,1,1,1,1],""positions"":[0,1,2,3,4,5,6,7,8,9,10,11,12,13]}","[2,1,1,1,1,1,1,1,1,1,1,1,1,1,0]",1,no,all residue allocations modulo cyclic rotation
11,11,1,15,15,1,15,ones,NONE,,,1,yes,all residue allocations modulo cyclic rotation
11,11,1,15,15,1,15,one_changed,FOUND,"{""coeffs"":[2,1,1,1,1,1,1,1,1,1,1,1,1,1,1],""positions"":[0,1,2,3,4,5,6,7,8,9,10,11,12,13,14]}","[2,1,1,1,1,1,1,1,1,1,1,1,1,1,1]",1,no,all residue allocations modulo cyclic rotation
11,11,1,16,16,1,2,ones,NONE,,,15,yes,all residue allocations modulo cyclic rotation
11,11,1,16,16,1,2,one_changed,FOUND,"{""coeffs"":[1,2],""positions"":[0,1]}","[1,2,0,0,0,0,0,0,0,0,0,0,0,0,0,0]",1,no,all residue allocations modulo cyclic rotation
11,11,1,16,16,1,2,all_distinct,FOUND,"{""coeffs"":[1,2],""positions"":[0,1]}","[1,2,0,0,0,0,0,0,0,0,0,0,0,0,0,0]",1,no,all residue allocations modulo cyclic rotation
11,11,1,16,16,1,3,ones,FOUND,"{""coeffs"":[1,1,1],""positions"":[0,1,2]}","[1,1,1,0,0,0,0,0,0,0,0,0,0,0,0,0]",1,no,all residue allocations modulo cyclic rotation
11,11,1,16,16,1,3,one_changed,FOUND,"{""coeffs"":[2,1,1],""positions"":[0,1,2]}","[2,1,1,0,0,0,0,0,0,0,0,0,0,0,0,0]",1,no,all residue allocations modulo cyclic rotation
11,11,1,16,16,1,3,all_distinct,FOUND,"{""coeffs"":[1,2,3],""positions"":[0,1,2]}","[1,2,3,0,0,0,0,0,0,0,0,0,0,0,0,0]",1,no,all residue allocations modulo cyclic rotation
11,11,1,16,16,1,4,ones,FOUND,"{""coeffs"":[1,1,1,1],""positions"":[0,1,2,4]}","[1,1,1,0,1,0,0,0,0,0,0,0,0,0,0,0]",2,no,all residue allocations modulo cyclic rotation
11,11,1,16,16,1,4,one_changed,FOUND,"{""coeffs"":[2,1,1,1],""positions"":[0,1,2,3]}","[2,1,1,1,0,0,0,0,0,0,0,0,0,0,0,0]",1,no,all residue allocations modulo cyclic rotation
11,11,1,16,16,1,4,all_distinct,FOUND,"{""coeffs"":[1,2,3,4],""positions"":[0,1,2,3]}","[1,2,3,4,0,0,0,0,0,0,0,0,0,0,0,0]",1,no,all residue allocations modulo cyclic rotation
11,11,1,16,16,1,5,ones,FOUND,"{""coeffs"":[1,1,1,1,1],""positions"":[0,1,2,3,4]}","[1,1,1,1,1,0,0,0,0,0,0,0,0,0,0,0]",1,no,all residue allocations modulo cyclic rotation
11,11,1,16,16,1,5,one_changed,FOUND,"{""coeffs"":[2,1,1,1,1],""positions"":[0,1,2,3,4]}","[2,1,1,1,1,0,0,0,0,0,0,0,0,0,0,0]",1,no,all residue allocations modulo cyclic rotation
11,11,1,16,16,1,5,all_distinct,FOUND,"{""coeffs"":[1,2,3,4,5],""positions"":[0,1,2,3,4]}","[1,2,3,4,5,0,0,0,0,0,0,0,0,0,0,0]",1,no,all residue allocations modulo cyclic rotation
11,11,1,16,16,1,6,ones,FOUND,"{""coeffs"":[1,1,1,1,1,1],""positions"":[0,1,2,3,4,8]}","[1,1,1,1,1,0,0,0,1,0,0,0,0,0,0,0]",4,no,all residue allocations modulo cyclic rotation
11,11,1,16,16,1,6,one_changed,FOUND,"{""coeffs"":[2,1,1,1,1,1],""positions"":[0,1,2,3,4,5]}","[2,1,1,1,1,1,0,0,0,0,0,0,0,0,0,0]",1,no,all residue allocations modulo cyclic rotation
11,11,1,16,16,1,6,all_distinct,FOUND,"{""coeffs"":[1,2,3,4,5,6],""positions"":[0,1,2,3,4,5]}","[1,2,3,4,5,6,0,0,0,0,0,0,0,0,0,0]",1,no,all residue allocations modulo cyclic rotation
11,11,1,16,16,1,7,ones,FOUND,"{""coeffs"":[1,1,1,1,1,1,1],""positions"":[0,1,2,3,4,5,6]}","[1,1,1,1,1,1,1,0,0,0,0,0,0,0,0,0]",1,no,all residue allocations modulo cyclic rotation
11,11,1,16,16,1,7,one_changed,FOUND,"{""coeffs"":[2,1,1,1,1,1,1],""positions"":[0,1,2,3,4,5,6]}","[2,1,1,1,1,1,1,0,0,0,0,0,0,0,0,0]",1,no,all residue allocations modulo cyclic rotation
11,11,1,16,16,1,7,all_distinct,FOUND,"{""coeffs"":[1,2,3,4,5,6,7],""positions"":[0,1,2,3,4,5,6]}","[1,2,3,4,5,6,7,0,0,0,0,0,0,0,0,0]",1,no,all residue allocations modulo cyclic rotation
11,11,1,16,16,1,8,ones,FOUND,"{""coeffs"":[1,1,1,1,1,1,1,1],""positions"":[0,1,2,3,4,5,6,8]}","[1,1,1,1,1,1,1,0,1,0,0,0,0,0,0,0]",2,no,all residue allocations modulo cyclic rotation
11,11,1,16,16,1,8,one_changed,FOUND,"{""coeffs"":[2,1,1,1,1,1,1,1],""positions"":[0,1,2,3,4,5,6,7]}","[2,1,1,1,1,1,1,1,0,0,0,0,0,0,0,0]",1,no,all residue allocations modulo cyclic rotation
11,11,1,16,16,1,8,all_distinct,FOUND,"{""coeffs"":[1,2,3,4,5,6,7,8],""positions"":[0,1,2,3,4,5,6,7]}","[1,2,3,4,5,6,7,8,0,0,0,0,0,0,0,0]",1,no,all residue allocations modulo cyclic rotation
11,11,1,16,16,1,9,ones,FOUND,"{""coeffs"":[1,1,1,1,1,1,1,1,1],""positions"":[0,1,2,3,4,5,6,7,8]}","[1,1,1,1,1,1,1,1,1,0,0,0,0,0,0,0]",1,no,all residue allocations modulo cyclic rotation
11,11,1,16,16,1,9,one_changed,FOUND,"{""coeffs"":[2,1,1,1,1,1,1,1,1],""positions"":[0,1,2,3,4,5,6,7,8]}","[2,1,1,1,1,1,1,1,1,0,0,0,0,0,0,0]",1,no,all residue allocations modulo cyclic rotation
11,11,1,16,16,1,9,all_distinct,FOUND,"{""coeffs"":[1,2,3,4,5,6,7,8,9],""positions"":[0,1,2,3,4,5,6,7,8]}","[1,2,3,4,5,6,7,8,9,0,0,0,0,0,0,0]",1,no,all residue allocations modulo cyclic rotation
11,11,1,16,16,1,10,ones,FOUND,"{""coeffs"":[1,1,1,1,1,1,1,1,1,1],""positions"":[0,1,2,3,4,5,6,8,9,10]}","[1,1,1,1,1,1,1,0,1,1,1,0,0,0,0,0]",29,no,all residue allocations modulo cyclic rotation
11,11,1,16,16,1,10,one_changed,FOUND,"{""coeffs"":[2,1,1,1,1,1,1,1,1,1],""positions"":[0,1,2,3,4,5,6,7,8,9]}","[2,1,1,1,1,1,1,1,1,1,0,0,0,0,0,0]",1,no,all residue allocations modulo cyclic rotation
11,11,1,16,16,1,10,all_distinct,FOUND,"{""coeffs"":[1,2,3,4,5,6,7,8,9,10],""positions"":[0,1,2,3,4,5,6,7,8,9]}","[1,2,3,4,5,6,7,8,9,10,0,0,0,0,0,0]",1,no,all residue allocations modulo cyclic rotation
11,11,1,16,16,1,11,ones,FOUND,"{""coeffs"":[1,1,1,1,1,1,1,1,1,1,1],""positions"":[0,1,2,3,4,5,6,7,8,9,10]}","[1,1,1,1,1,1,1,1,1,1,1,0,0,0,0,0]",1,no,all residue allocations modulo cyclic rotation
11,11,1,16,16,1,11,one_changed,FOUND,"{""coeffs"":[2,1,1,1,1,1,1,1,1,1,1],""positions"":[0,1,2,3,4,5,6,7,8,9,10]}","[2,1,1,1,1,1,1,1,1,1,1,0,0,0,0,0]",1,no,all residue allocations modulo cyclic rotation
11,11,1,16,16,1,12,ones,FOUND,"{""coeffs"":[1,1,1,1,1,1,1,1,1,1,1,1],""positions"":[0,1,2,3,4,5,6,7,8,9,10,12]}","[1,1,1,1,1,1,1,1,1,1,1,0,1,0,0,0]",2,no,all residue allocations modulo cyclic rotation
11,11,1,16,16,1,12,one_changed,FOUND,"{""coeffs"":[2,1,1,1,1,1,1,1,1,1,1,1],""positions"":[0,1,2,3,4,5,6,7,8,9,10,11]}","[2,1,1,1,1,1,1,1,1,1,1,1,0,0,0,0]",1,no,all residue allocations modulo cyclic rotation
11,11,1,16,16,1,13,ones,FOUND,"{""coeffs"":[1,1,1,1,1,1,1,1,1,1,1,1,1],""positions"":[0,1,2,3,4,5,6,7,8,9,10,11,12]}","[1,1,1,1,1,1,1,1,1,1,1,1,1,0,0,0]",1,no,all residue allocations modulo cyclic rotation
11,11,1,16,16,1,13,one_changed,FOUND,"{""coeffs"":[2,1,1,1,1,1,1,1,1,1,1,1,1],""positions"":[0,1,2,3,4,5,6,7,8,9,10,11,12]}","[2,1,1,1,1,1,1,1,1,1,1,1,1,0,0,0]",1,no,all residue allocations modulo cyclic rotation
11,11,1,16,16,1,14,ones,NONE,,,105,yes,all residue allocations modulo cyclic rotation
11,11,1,16,16,1,14,one_changed,FOUND,"{""coeffs"":[2,1,1,1,1,1,1,1,1,1,1,1,1,1],""positions"":[0,1,2,3,4,5,6,7,8,9,10,11,12,13]}","[2,1,1,1,1,1,1,1,1,1,1,1,1,1,0,0]",1,no,all residue allocations modulo cyclic rotation
11,11,1,16,16,1,15,ones,FOUND,"{""coeffs"":[1,1,1,1,1,1,1,1,1,1,1,1,1,1,1],""positions"":[0,1,2,3,4,5,6,7,8,9,10,11,12,13,14]}","[1,1,1,1,1,1,1,1,1,1,1,1,1,1,1,0]",1,no,all residue allocations modulo cyclic rotation
11,11,1,16,16,1,15,one_changed,FOUND,"{""coeffs"":[2,1,1,1,1,1,1,1,1,1,1,1,1,1,1],""positions"":[0,1,2,3,4,5,6,7,8,9,10,11,12,13,14]}","[2,1,1,1,1,1,1,1,1,1,1,1,1,1,1,0]",1,no,all residue allocations modulo cyclic rotation
11,11,1,16,16,1,16,ones,NONE,,,1,yes,all residue allocations modulo cyclic rotation
11,11,1,16,16,1,16,one_changed,FOUND,"{""coeffs"":[2,1,1,1,1,1,1,1,1,1,1,1,1,1,1,1],""positions"":[0,1,2,3,4,5,6,7,8,9,10,11,12,13,14,15]}","[2,1,1,1,1,1,1,1,1,1,1,1,1,1,1,1]",1,no,all residue allocations modulo cyclic rotation
11,11,1,17,17,1,2,ones,FOUND,"{""coeffs"":[1,1],""positions"":[0,1]}","[1,1,0,0,0,0,0,0,0,0,0,0,0,0,0,0,0]",1,no,all residue allocations modulo cyclic rotation
11,11,1,17,17,1,2,one_changed,FOUND,"{""coeffs"":[1,2],""positions"":[0,1]}","[1,2,0,0,0,0,0,0,0,0,0,0,0,0,0,0,0]",1,no,all residue allocations modulo cyclic rotation
11,11,1,17,17,1,2,all_distinct,FOUND,"{""coeffs"":[1,2],""positions"":[0,1]}","[1,2,0,0,0,0,0,0,0,0,0,0,0,0,0,0,0]",1,no,all residue allocations modulo cyclic rotation
11,11,1,17,17,1,3,ones,FOUND,"{""coeffs"":[1,1,1],""positions"":[0,1,2]}","[1,1,1,0,0,0,0,0,0,0,0,0,0,0,0,0,0]",1,no,all residue allocations modulo cyclic rotation
11,11,1,17,17,1,3,one_changed,FOUND,"{""coeffs"":[2,1,1],""positions"":[0,1,2]}","[2,1,1,0,0,0,0,0,0,0,0,0,0,0,0,0,0]",1,no,all residue allocations modulo cyclic rotation
11,11,1,17,17,1,3,all_distinct,FOUND,"{""coeffs"":[1,2,3],""positions"":[0,1,2]}","[1,2,3,0,0,0,0,0,0,0,0,0,0,0,0,0,0]",1,no,all residue allocations modulo cyclic rotation
11,11,1,17,17,1,4,ones,FOUND,"{""coeffs"":[1,1,1,1],""positions"":[0,1,2,3]}","[1,1,1,1,0,0,0,0,0,0,0,0,0,0,0,0,0]",1,no,all residue allocations modulo cyclic rotation
11,11,1,17,17,1,4,one_changed,FOUND,"{""coeffs"":[2,1,1,1],""positions"":[0,1,2,3]}","[2,1,1,1,0,0,0,0,0,0,0,0,0,0,0,0,0]",1,no,all residue allocations modulo cyclic rotation
11,11,1,17,17,1,4,all_distinct,FOUND,"{""coeffs"":[1,2,3,4],""positions"":[0,1,2,3]}","[1,2,3,4,0,0,0,0,0,0,0,0,0,0,0,0,0]",1,no,all residue allocations modulo cyclic rotation
11,11,1,17,17,1,5,ones,FOUND,"{""coeffs"":[1,1,1,1,1],""positions"":[0,1,2,3,4]}","[1,1,1,1,1,0,0,0,0,0,0,0,0,0,0,0,0]",1,no,all residue allocations modulo cyclic rotation
11,11,1,17,17,1,5,one_changed,FOUND,"{""coeffs"":[2,1,1,1,1],""positions"":[0,1,2,3,4]}","[2,1,1,1,1,0,0,0,0,0,0,0,0,0,0,0,0]",1,no,all residue allocations modulo cyclic rotation
11,11,1,17,17,1,5,all_distinct,FOUND,"{""coeffs"":[1,2,3,4,5],""positions"":[0,1,2,3,4]}","[1,2,3,4,5,0,0,0,0,0,0,0,0,0,0,0,0]",1,no,all residue allocations modulo cyclic rotation
11,11,1,17,17,1,6,ones,FOUND,"{""coeffs"":[1,1,1,1,1,1],""positions"":[0,1,2,3,4,5]}","[1,1,1,1,1,1,0,0,0,0,0,0,0,0,0,0,0]",1,no,all residue allocations modulo cyclic rotation
11,11,1,17,17,1,6,one_changed,FOUND,"{""coeffs"":[2,1,1,1,1,1],""positions"":[0,1,2,3,4,5]}","[2,1,1,1,1,1,0,0,0,0,0,0,0,0,0,0,0]",1,no,all residue allocations modulo cyclic rotation
11,11,1,17,17,1,6,all_distinct,FOUND,"{""coeffs"":[1,2,3,4,5,6],""positions"":[0,1,2,3,4,5]}","[1,2,3,4,5,6,0,0,0,0,0,0,0,0,0,0,0]",1,no,all residue allocations modulo cyclic rotation
11,11,1,17,17,1,7,ones,FOUND,"{""coeffs"":[1,1,1,1,1,1,1],""positions"":[0,1,2,3,4,5,6]}","[1,1,1,1,1,1,1,0,0,0,0,0,0,0,0,0,0]",1,no,all residue allocations modulo cyclic rotation
11,11,1,17,17,1,7,one_changed,FOUND,"{""coeffs"":[2,1,1,1,1,1,1],""positions"":[0,1,2,3,4,5,6]}","[2,1,1,1,1,1,1,0,0,0,0,0,0,0,0,0,0]",1,no,all residue allocations modulo cyclic rotation
11,11,1,17,17,1,7,all_distinct,FOUND,"{""coeffs"":[1,2,3,4,5,6,7],""positions"":[0,1,2,3,4,5,6]}","[1,2,3,4,5,6,7,0,0,0,0,0,0,0,0,0,0]",1,no,all residue allocations modulo cyclic rotation
11,11,1,17,17,1,8,ones,FOUND,"{""coeffs"":[1,1,1,1,1,1,1,1],""positions"":[0,1,2,3,4,5,6,7]}","[1,1,1,1,1,1,1,1,0,0,0,0,0,0,0,0,0]",1,no,all residue allocations modulo cyclic rotation
11,11,1,17,17,1,8,one_changed,FOUND,"{""coeffs"":[2,1,1,1,1,1,1,1],""positions"":[0,1,2,3,4,5,6,7]}","[2,1,1,1,1,1,1,1,0,0,0,0,0,0,0,0,0]",1,no,all residue allocations modulo cyclic rotation
11,11,1,17,17,1,8,all_distinct,FOUND,"{""coeffs"":[1,2,3,4,5,6,7,8],""positions"":[0,1,2,3,4,5,6,7]}","[1,2,3,4,5,6,7,8,0,0,0,0,0,0,0,0,0]",1,no,all residue allocations modulo cyclic rotation
11,11,1,17,17,1,9,ones,FOUND,"{""coeffs"":[1,1,1,1,1,1,1,1,1],""positions"":[0,1,2,3,4,5,6,7,8]}","[1,1,1,1,1,1,1,1,1,0,0,0,0,0,0,0,0]",1,no,all residue allocations modulo cyclic rotation
11,11,1,17,17,1,9,one_changed,FOUND,"{""coeffs"":[2,1,1,1,1,1,1,1,1],""positions"":[0,1,2,3,4,5,6,7,8]}","[2,1,1,1,1,1,1,1,1,0,0,0,0,0,0,0,0]",1,no,all residue allocations modulo cyclic rotation
11,11,1,17,17,1,9,all_distinct,FOUND,"{""coeffs"":[1,2,3,4,5,6,7,8,9],""positions"":[0,1,2,3,4,5,6,7,8]}","[1,2,3,4,5,6,7,8,9,0,0,0,0,0,0,0,0]",1,no,all residue allocations modulo cyclic rotation
11,11,1,17,17,1,10,ones,FOUND,"{""coeffs"":[1,1,1,1,1,1,1,1,1,1],""positions"":[0,1,2,3,4,5,6,7,8,9]}","[1,1,1,1,1,1,1,1,1,1,0,0,0,0,0,0,0]",1,no,all residue allocations modulo cyclic rotation
11,11,1,17,17,1,10,one_changed,FOUND,"{""coeffs"":[2,1,1,1,1,1,1,1,1,1],""positions"":[0,1,2,3,4,5,6,7,8,9]}","[2,1,1,1,1,1,1,1,1,1,0,0,0,0,0,0,0]",1,no,all residue allocations modulo cyclic rotation
11,11,1,17,17,1,10,all_distinct,FOUND,"{""coeffs"":[1,2,3,4,5,6,7,8,9,10],""positions"":[0,1,2,3,4,5,6,7,8,9]}","[1,2,3,4,5,6,7,8,9,10,0,0,0,0,0,0,0]",1,no,all residue allocations modulo cyclic rotation
11,11,1,17,17,1,11,ones,FOUND,"{""coeffs"":[1,1,1,1,1,1,1,1,1,1,1],""positions"":[0,1,2,3,4,5,6,7,8,9,10]}","[1,1,1,1,1,1,1,1,1,1,1,0,0,0,0,0,0]",1,no,all residue allocations modulo cyclic rotation
11,11,1,17,17,1,11,one_changed,FOUND,"{""coeffs"":[2,1,1,1,1,1,1,1,1,1,1],""positions"":[0,1,2,3,4,5,6,7,8,9,10]}","[2,1,1,1,1,1,1,1,1,1,1,0,0,0,0,0,0]",1,no,all residue allocations modulo cyclic rotation
11,11,1,17,17,1,12,ones,FOUND,"{""coeffs"":[1,1,1,1,1,1,1,1,1,1,1,1],""positions"":[0,1,2,3,4,5,6,7,8,9,10,11]}","[1,1,1,1,1,1,1,1,1,1,1,1,0,0,0,0,0]",1,no,all residue allocations modulo cyclic rotation
11,11,1,17,17,1,12,one_changed,FOUND,"{""coeffs"":[2,1,1,1,1,1,1,1,1,1,1,1],""positions"":[0,1,2,3,4,5,6,7,8,9,10,11]}","[2,1,1,1,1,1,1,1,1,1,1,1,0,0,0,0,0]",1,no,all residue allocations modulo cyclic rotation
11,11,1,17,17,1,13,ones,FOUND,"{""coeffs"":[1,1,1,1,1,1,1,1,1,1,1,1,1],""positions"":[0,1,2,3,4,5,6,7,8,9,10,11,12]}","[1,1,1,1,1,1,1,1,1,1,1,1,1,0,0,0,0]",1,no,all residue allocations modulo cyclic rotation
11,11,1,17,17,1,13,one_changed,FOUND,"{""coeffs"":[2,1,1,1,1,1,1,1,1,1,1,1,1],""positions"":[0,1,2,3,4,5,6,7,8,9,10,11,12]}","[2,1,1,1,1,1,1,1,1,1,1,1,1,0,0,0,0]",1,no,all residue allocations modulo cyclic rotation
11,11,1,17,17,1,14,ones,FOUND,"{""coeffs"":[1,1,1,1,1,1,1,1,1,1,1,1,1,1],""positions"":[0,1,2,3,4,5,6,7,8,9,10,11,12,13]}","[1,1,1,1,1,1,1,1,1,1,1,1,1,1,0,0,0]",1,no,all residue allocations modulo cyclic rotation
11,11,1,17,17,1,14,one_changed,FOUND,"{""coeffs"":[2,1,1,1,1,1,1,1,1,1,1,1,1,1],""positions"":[0,1,2,3,4,5,6,7,8,9,10,11,12,13]}","[2,1,1,1,1,1,1,1,1,1,1,1,1,1,0,0,0]",1,no,all residue allocations modulo cyclic rotation
11,11,1,17,17,1,15,ones,FOUND,"{""coeffs"":[1,1,1,1,1,1,1,1,1,1,1,1,1,1,1],""positions"":[0,1,2,3,4,5,6,7,8,9,10,11,12,13,14]}","[1,1,1,1,1,1,1,1,1,1,1,1,1,1,1,0,0]",1,no,all residue allocations modulo cyclic rotation
11,11,1,17,17,1,15,one_changed,FOUND,"{""coeffs"":[2,1,1,1,1,1,1,1,1,1,1,1,1,1,1],""positions"":[0,1,2,3,4,5,6,7,8,9,10,11,12,13,14]}","[2,1,1,1,1,1,1,1,1,1,1,1,1,1,1,0,0]",1,no,all residue allocations modulo cyclic rotation
11,11,1,17,17,1,16,ones,FOUND,"{""coeffs"":[1,1,1,1,1,1,1,1,1,1,1,1,1,1,1,1],""positions"":[0,1,2,3,4,5,6,7,8,9,10,11,12,13,14,15]}","[1,1,1,1,1,1,1,1,1,1,1,1,1,1,1,1,0]",1,no,all residue allocations modulo cyclic rotation
11,11,1,17,17,1,16,one_changed,FOUND,"{""coeffs"":[2,1,1,1,1,1,1,1,1,1,1,1,1,1,1,1],""positions"":[0,1,2,3,4,5,6,7,8,9,10,11,12,13,14,15]}","[2,1,1,1,1,1,1,1,1,1,1,1,1,1,1,1,0]",1,no,all residue allocations modulo cyclic rotation
11,11,1,17,17,1,17,ones,NONE,,,1,yes,all residue allocations modulo cyclic rotation
11,11,1,17,17,1,17,one_changed,FOUND,"{""coeffs"":[2,1,1,1,1,1,1,1,1,1,1,1,1,1,1,1,1],""positions"":[0,1,2,3,4,5,6,7,8,9,10,11,12,13,14,15,16]}","[2,1,1,1,1,1,1,1,1,1,1,1,1,1,1,1,1]",1,no,all residue allocations modulo cyclic rotation
11,11,1,18,18,1,2,ones,FOUND,"{""coeffs"":[1,1],""positions"":[0,2]}","[1,0,1,0,0,0,0,0,0,0,0,0,0,0,0,0,0,0]",2,no,all residue allocations modulo cyclic rotation
11,11,1,18,18,1,2,one_changed,FOUND,"{""coeffs"":[1,2],""positions"":[0,1]}","[1,2,0,0,0,0,0,0,0,0,0,0,0,0,0,0,0,0]",1,no,all residue allocations modulo cyclic rotation
11,11,1,18,18,1,2,all_distinct,FOUND,"{""coeffs"":[1,2],""positions"":[0,1]}","[1,2,0,0,0,0,0,0,0,0,0,0,0,0,0,0,0,0]",1,no,all residue allocations modulo cyclic rotation
11,11,1,18,18,1,3,ones,FOUND,"{""coeffs"":[1,1,1],""positions"":[0,1,3]}","[1,1,0,1,0,0,0,0,0,0,0,0,0,0,0,0,0,0]",2,no,all residue allocations modulo cyclic rotation
11,11,1,18,18,1,3,one_changed,FOUND,"{""coeffs"":[2,1,1],""positions"":[0,1,2]}","[2,1,1,0,0,0,0,0,0,0,0,0,0,0,0,0,0,0]",1,no,all residue allocations modulo cyclic rotation
11,11,1,18,18,1,3,all_distinct,FOUND,"{""coeffs"":[1,2,3],""positions"":[0,1,2]}","[1,2,3,0,0,0,0,0,0,0,0,0,0,0,0,0,0,0]",1,no,all residue allocations modulo cyclic rotation
11,11,1,18,18,1,4,ones,FOUND,"{""coeffs"":[1,1,1,1],""positions"":[0,1,2,4]}","[1,1,1,0,1,0,0,0,0,0,0,0,0,0,0,0,0,0]",2,no,all residue allocations modulo cyclic rotation
11,11,1,18,18,1,4,one_changed,FOUND,"{""coeffs"":[2,1,1,1],""positions"":[0,1,2,3]}","[2,1,1,1,0,0,0,0,0,0,0,0,0,0,0,0,0,0]",1,no,all residue allocations modulo cyclic rotation
11,11,1,18,18,1,4,all_distinct,FOUND,"{""coeffs"":[1,2,3,4],""positions"":[0,1,2,3]}","[1,2,3,4,0,0,0,0,0,0,0,0,0,0,0,0,0,0]",1,no,all residue allocations modulo cyclic rotation
11,11,1,18,18,1,5,ones,FOUND,"{""coeffs"":[1,1,1,1,1],""positions"":[0,1,2,3,4]}","[1,1,1,1,1,0,0,0,0,0,0,0,0,0,0,0,0,0]",1,no,all residue allocations modulo cyclic rotation
11,11,1,18,18,1,5,one_changed,FOUND,"{""coeffs"":[2,1,1,1,1],""positions"":[0,1,2,3,4]}","[2,1,1,1,1,0,0,0,0,0,0,0,0,0,0,0,0,0]",1,no,all residue allocations modulo cyclic rotation
11,11,1,18,18,1,5,all_distinct,FOUND,"{""coeffs"":[1,2,3,4,5],""positions"":[0,1,2,3,4]}","[1,2,3,4,5,0,0,0,0,0,0,0,0,0,0,0,0,0]",1,no,all residue allocations modulo cyclic rotation
11,11,1,18,18,1,6,ones,FOUND,"{""coeffs"":[1,1,1,1,1,1],""positions"":[0,1,2,3,4,6]}","[1,1,1,1,1,0,1,0,0,0,0,0,0,0,0,0,0,0]",2,no,all residue allocations modulo cyclic rotation
11,11,1,18,18,1,6,one_changed,FOUND,"{""coeffs"":[2,1,1,1,1,1],""positions"":[0,1,2,3,4,5]}","[2,1,1,1,1,1,0,0,0,0,0,0,0,0,0,0,0,0]",1,no,all residue allocations modulo cyclic rotation
11,11,1,18,18,1,6,all_distinct,FOUND,"{""coeffs"":[1,2,3,4,5,6],""positions"":[0,1,2,3,4,5]}","[1,2,3,4,5,6,0,0,0,0,0,0,0,0,0,0,0,0]",1,no,all residue allocations modulo cyclic rotation
11,11,1,18,18,1,7,ones,FOUND,"{""coeffs"":[1,1,1,1,1,1,1],""positions"":[0,1,2,3,4,5,6]}","[1,1,1,1,1,1,1,0,0,0,0,0,0,0,0,0,0,0]",1,no,all residue allocations modulo cyclic rotation
11,11,1,18,18,1,7,one_changed,FOUND,"{""coeffs"":[2,1,1,1,1,1,1],""positions"":[0,1,2,3,4,5,6]}","[2,1,1,1,1,1,1,0,0,0,0,0,0,0,0,0,0,0]",1,no,all residue allocations modulo cyclic rotation
11,11,1,18,18,1,7,all_distinct,FOUND,"{""coeffs"":[1,2,3,4,5,6,7],""positions"":[0,1,2,3,4,5,6]}","[1,2,3,4,5,6,7,0,0,0,0,0,0,0,0,0,0,0]",1,no,all residue allocations modulo cyclic rotation
11,11,1,18,18,1,8,ones,FOUND,"{""coeffs"":[1,1,1,1,1,1,1,1],""positions"":[0,1,2,3,4,5,6,8]}","[1,1,1,1,1,1,1,0,1,0,0,0,0,0,0,0,0,0]",2,no,all residue allocations modulo cyclic rotation
11,11,1,18,18,1,8,one_changed,FOUND,"{""coeffs"":[2,1,1,1,1,1,1,1],""positions"":[0,1,2,3,4,5,6,7]}","[2,1,1,1,1,1,1,1,0,0,0,0,0,0,0,0,0,0]",1,no,all residue allocations modulo cyclic rotation
11,11,1,18,18,1,8,all_distinct,FOUND,"{""coeffs"":[1,2,3,4,5,6,7,8],""positions"":[0,1,2,3,4,5,6,7]}","[1,2,3,4,5,6,7,8,0,0,0,0,0,0,0,0,0,0]",1,no,all residue allocations modulo cyclic rotation
11,11,1,18,18,1,9,ones,FOUND,"{""coeffs"":[1,1,1,1,1,1,1,1,1],""positions"":[0,1,2,3,4,5,6,7,9]}","[1,1,1,1,1,1,1,1,0,1,0,0,0,0,0,0,0,0]",2,no,all residue allocations modulo cyclic rotation
11,11,1,18,18,1,9,one_changed,FOUND,"{""coeffs"":[2,1,1,1,1,1,1,1,1],""positions"":[0,1,2,3,4,5,6,7,8]}","[2,1,1,1,1,1,1,1,1,0,0,0,0,0,0,0,0,0]",1,no,all residue allocations modulo cyclic rotation
11,11,1,18,18,1,9,all_distinct,FOUND,"{""coeffs"":[1,2,3,4,5,6,7,8,9],""positions"":[0,1,2,3,4,5,6,7,8]}","[1,2,3,4,5,6,7,8,9,0,0,0,0,0,0,0,0,0]",1,no,all residue allocations modulo cyclic rotation
11,11,1,18,18,1,10,ones,FOUND,"{""coeffs"":[1,1,1,1,1,1,1,1,1,1],""positions"":[0,1,2,3,4,5,6,7,8,10]}","[1,1,1,1,1,1,1,1,1,0,1,0,0,0,0,0,0,0]",2,no,all residue allocations modulo cyclic rotation
11,11,1,18,18,1,10,one_changed,FOUND,"{""coeffs"":[2,1,1,1,1,1,1,1,1,1],""positions"":[0,1,2,3,4,5,6,7,8,9]}","[2,1,1,1,1,1,1,1,1,1,0,0,0,0,0,0,0,0]",1,no,all residue allocations modulo cyclic rotation
11,11,1,18,18,1,10,all_distinct,FOUND,"{""coeffs"":[1,2,3,4,5,6,7,8,9,10],""positions"":[0,1,2,3,4,5,6,7,8,9]}","[1,2,3,4,5,6,7,8,9,10,0,0,0,0,0,0,0,0]",1,no,all residue allocations modulo cyclic rotation
11,11,1,18,18,1,11,ones,FOUND,"{""coeffs"":[1,1,1,1,1,1,1,1,1,1,1],""positions"":[0,1,2,3,4,5,6,7,8,9,10]}","[1,1,1,1,1,1,1,1,1,1,1,0,0,0,0,0,0,0]",1,no,all residue allocations modulo cyclic rotation
11,11,1,18,18,1,11,one_changed,FOUND,"{""coeffs"":[2,1,1,1,1,1,1,1,1,1,1],""positions"":[0,1,2,3,4,5,6,7,8,9,10]}","[2,1,1,1,1,1,1,1,1,1,1,0,0,0,0,0,0,0]",1,no,all residue allocations modulo cyclic rotation
11,11,1,18,18,1,12,ones,FOUND,"{""coeffs"":[1,1,1,1,1,1,1,1,1,1,1,1],""positions"":[0,1,2,3,4,5,6,7,8,9,10,12]}","[1,1,1,1,1,1,1,1,1,1,1,0,1,0,0,0,0,0]",2,no,all residue allocations modulo cyclic rotation
11,11,1,18,18,1,12,one_changed,FOUND,"{""coeffs"":[2,1,1,1,1,1,1,1,1,1,1,1],""positions"":[0,1,2,3,4,5,6,7,8,9,10,11]}","[2,1,1,1,1,1,1,1,1,1,1,1,0,0,0,0,0,0]",1,no,all residue allocations modulo cyclic rotation
11,11,1,18,18,1,13,ones,FOUND,"{""coeffs"":[1,1,1,1,1,1,1,1,1,1,1,1,1],""positions"":[0,1,2,3,4,5,6,7,8,9,10,11,12]}","[1,1,1,1,1,1,1,1,1,1,1,1,1,0,0,0,0,0]",1,no,all residue allocations modulo cyclic rotation
11,11,1,18,18,1,13,one_changed,FOUND,"{""coeffs"":[2,1,1,1,1,1,1,1,1,1,1,1,1],""positions"":[0,1,2,3,4,5,6,7,8,9,10,11,12]}","[2,1,1,1,1,1,1,1,1,1,1,1,1,0,0,0,0,0]",1,no,all residue allocations modulo cyclic rotation
11,11,1,18,18,1,14,ones,FOUND,"{""coeffs"":[1,1,1,1,1,1,1,1,1,1,1,1,1,1],""positions"":[0,1,2,3,4,5,6,7,8,9,10,11,12,14]}","[1,1,1,1,1,1,1,1,1,1,1,1,1,0,1,0,0,0]",2,no,all residue allocations modulo cyclic rotation
11,11,1,18,18,1,14,one_changed,FOUND,"{""coeffs"":[2,1,1,1,1,1,1,1,1,1,1,1,1,1],""positions"":[0,1,2,3,4,5,6,7,8,9,10,11,12,13]}","[2,1,1,1,1,1,1,1,1,1,1,1,1,1,0,0,0,0]",1,no,all residue allocations modulo cyclic rotation
11,11,1,18,18,1,15,ones,FOUND,"{""coeffs"":[1,1,1,1,1,1,1,1,1,1,1,1,1,1,1],""positions"":[0,1,2,3,4,5,6,7,8,9,10,11,12,13,15]}","[1,1,1,1,1,1,1,1,1,1,1,1,1,1,0,1,0,0]",2,no,all residue allocations modulo cyclic rotation
11,11,1,18,18,1,15,one_changed,FOUND,"{""coeffs"":[2,1,1,1,1,1,1,1,1,1,1,1,1,1,1],""positions"":[0,1,2,3,4,5,6,7,8,9,10,11,12,13,14]}","[2,1,1,1,1,1,1,1,1,1,1,1,1,1,1,0,0,0]",1,no,all residue allocations modulo cyclic rotation
11,11,1,18,18,1,16,ones,FOUND,"{""coeffs"":[1,1,1,1,1,1,1,1,1,1,1,1,1,1,1,1],""positions"":[0,1,2,3,4,5,6,7,8,9,10,11,12,13,14,16]}","[1,1,1,1,1,1,1,1,1,1,1,1,1,1,1,0,1,0]",2,no,all residue allocations modulo cyclic rotation
11,11,1,18,18,1,16,one_changed,FOUND,"{""coeffs"":[2,1,1,1,1,1,1,1,1,1,1,1,1,1,1,1],""positions"":[0,1,2,3,4,5,6,7,8,9,10,11,12,13,14,15]}","[2,1,1,1,1,1,1,1,1,1,1,1,1,1,1,1,0,0]",1,no,all residue allocations modulo cyclic rotation
11,11,1,18,18,1,17,ones,FOUND,"{""coeffs"":[1,1,1,1,1,1,1,1,1,1,1,1,1,1,1,1,1],""positions"":[0,1,2,3,4,5,6,7,8,9,10,11,12,13,14,15,16]}","[1,1,1,1,1,1,1,1,1,1,1,1,1,1,1,1,1,0]",1,no,all residue allocations modulo cyclic rotation
11,11,1,18,18,1,17,one_changed,FOUND,"{""coeffs"":[2,1,1,1,1,1,1,1,1,1,1,1,1,1,1,1,1],""positions"":[0,1,2,3,4,5,6,7,8,9,10,11,12,13,14,15,16]}","[2,1,1,1,1,1,1,1,1,1,1,1,1,1,1,1,1,0]",1,no,all residue allocations modulo cyclic rotation
11,11,1,18,18,1,18,ones,NONE,,,1,yes,all residue allocations modulo cyclic rotation
11,11,1,18,18,1,18,one_changed,FOUND,"{""coeffs"":[2,1,1,1,1,1,1,1,1,1,1,1,1,1,1,1,1,1],""positions"":[0,1,2,3,4,5,6,7,8,9,10,11,12,13,14,15,16,17]}","[2,1,1,1,1,1,1,1,1,1,1,1,1,1,1,1,1,1]",1,no,all residue allocations modulo cyclic rotation
11,11,1,19,19,1,2,ones,FOUND,"{""coeffs"":[1,1],""positions"":[0,1]}","[1,1,0,0,0,0,0,0,0,0,0,0,0,0,0,0,0,0,0]",1,no,all residue allocations modulo cyclic rotation
11,11,1,19,19,1,2,one_changed,FOUND,"{""coeffs"":[1,2],""positions"":[0,1]}","[1,2,0,0,0,0,0,0,0,0,0,0,0,0,0,0,0,0,0]",1,no,all residue allocations modulo cyclic rotation
11,11,1,19,19,1,2,all_distinct,FOUND,"{""coeffs"":[1,2],""positions"":[0,1]}","[1,2,0,0,0,0,0,0,0,0,0,0,0,0,0,0,0,0,0]",1,no,all residue allocations modulo cyclic rotation
11,11,1,19,19,1,3,ones,FOUND,"{""coeffs"":[1,1,1],""positions"":[0,1,2]}","[1,1,1,0,0,0,0,0,0,0,0,0,0,0,0,0,0,0,0]",1,no,all residue allocations modulo cyclic rotation
11,11,1,19,19,1,3,one_changed,FOUND,"{""coeffs"":[2,1,1],""positions"":[0,1,2]}","[2,1,1,0,0,0,0,0,0,0,0,0,0,0,0,0,0,0,0]",1,no,all residue allocations modulo cyclic rotation
11,11,1,19,19,1,3,all_distinct,FOUND,"{""coeffs"":[1,2,3],""positions"":[0,1,2]}","[1,2,3,0,0,0,0,0,0,0,0,0,0,0,0,0,0,0,0]",1,no,all residue allocations modulo cyclic rotation
11,11,1,19,19,1,4,ones,FOUND,"{""coeffs"":[1,1,1,1],""positions"":[0,1,2,3]}","[1,1,1,1,0,0,0,0,0,0,0,0,0,0,0,0,0,0,0]",1,no,all residue allocations modulo cyclic rotation
11,11,1,19,19,1,4,one_changed,FOUND,"{""coeffs"":[2,1,1,1],""positions"":[0,1,2,3]}","[2,1,1,1,0,0,0,0,0,0,0,0,0,0,0,0,0,0,0]",1,no,all residue allocations modulo cyclic rotation
11,11,1,19,19,1,4,all_distinct,FOUND,"{""coeffs"":[1,2,3,4],""positions"":[0,1,2,3]}","[1,2,3,4,0,0,0,0,0,0,0,0,0,0,0,0,0,0,0]",1,no,all residue allocations modulo cyclic rotation
11,11,1,19,19,1,5,ones,FOUND,"{""coeffs"":[1,1,1,1,1],""positions"":[0,1,2,3,4]}","[1,1,1,1,1,0,0,0,0,0,0,0,0,0,0,0,0,0,0]",1,no,all residue allocations modulo cyclic rotation
11,11,1,19,19,1,5,one_changed,FOUND,"{""coeffs"":[2,1,1,1,1],""positions"":[0,1,2,3,4]}","[2,1,1,1,1,0,0,0,0,0,0,0,0,0,0,0,0,0,0]",1,no,all residue allocations modulo cyclic rotation
11,11,1,19,19,1,5,all_distinct,FOUND,"{""coeffs"":[1,2,3,4,5],""positions"":[0,1,2,3,4]}","[1,2,3,4,5,0,0,0,0,0,0,0,0,0,0,0,0,0,0]",1,no,all residue allocations modulo cyclic rotation
11,11,1,19,19,1,6,ones,FOUND,"{""coeffs"":[1,1,1,1,1,1],""positions"":[0,1,2,3,4,5]}","[1,1,1,1,1,1,0,0,0,0,0,0,0,0,0,0,0,0,0]",1,no,all residue allocations modulo cyclic rotation
11,11,1,19,19,1,6,one_changed,FOUND,"{""coeffs"":[2,1,1,1,1,1],""positions"":[0,1,2,3,4,5]}","[2,1,1,1,1,1,0,0,0,0,0,0,0,0,0,0,0,0,0]",1,no,all residue allocations modulo cyclic rotation
11,11,1,19,19,1,6,all_distinct,FOUND,"{""coeffs"":[1,2,3,4,5,6],""positions"":[0,1,2,3,4,5]}","[1,2,3,4,5,6,0,0,0,0,0,0,0,0,0,0,0,0,0]",1,no,all residue allocations modulo cyclic rotation
11,11,1,19,19,1,7,ones,FOUND,"{""coeffs"":[1,1,1,1,1,1,1],""positions"":[0,1,2,3,4,5,6]}","[1,1,1,1,1,1,1,0,0,0,0,0,0,0,0,0,0,0,0]",1,no,all residue allocations modulo cyclic rotation
11,11,1,19,19,1,7,one_changed,FOUND,"{""coeffs"":[2,1,1,1,1,1,1],""positions"":[0,1,2,3,4,5,6]}","[2,1,1,1,1,1,1,0,0,0,0,0,0,0,0,0,0,0,0]",1,no,all residue allocations modulo cyclic rotation
11,11,1,19,19,1,7,all_distinct,FOUND,"{""coeffs"":[1,2,3,4,5,6,7],""positions"":[0,1,2,3,4,5,6]}","[1,2,3,4,5,6,7,0,0,0,0,0,0,0,0,0,0,0,0]",1,no,all residue allocations modulo cyclic rotation
11,11,1,19,19,1,8,ones,FOUND,"{""coeffs"":[1,1,1,1,1,1,1,1],""positions"":[0,1,2,3,4,5,6,7]}","[1,1,1,1,1,1,1,1,0,0,0,0,0,0,0,0,0,0,0]",1,no,all residue allocations modulo cyclic rotation
11,11,1,19,19,1,8,one_changed,FOUND,"{""coeffs"":[2,1,1,1,1,1,1,1],""positions"":[0,1,2,3,4,5,6,7]}","[2,1,1,1,1,1,1,1,0,0,0,0,0,0,0,0,0,0,0]",1,no,all residue allocations modulo cyclic rotation
11,11,1,19,19,1,8,all_distinct,FOUND,"{""coeffs"":[1,2,3,4,5,6,7,8],""positions"":[0,1,2,3,4,5,6,7]}","[1,2,3,4,5,6,7,8,0,0,0,0,0,0,0,0,0,0,0]",1,no,all residue allocations modulo cyclic rotation
11,11,1,19,19,1,9,ones,FOUND,"{""coeffs"":[1,1,1,1,1,1,1,1,1],""positions"":[0,1,2,3,4,5,6,7,8]}","[1,1,1,1,1,1,1,1,1,0,0,0,0,0,0,0,0,0,0]",1,no,all residue allocations modulo cyclic rotation
11,11,1,19,19,1,9,one_changed,FOUND,"{""coeffs"":[2,1,1,1,1,1,1,1,1],""positions"":[0,1,2,3,4,5,6,7,8]}","[2,1,1,1,1,1,1,1,1,0,0,0,0,0,0,0,0,0,0]",1,no,all residue allocations modulo cyclic rotation
11,11,1,19,19,1,9,all_distinct,FOUND,"{""coeffs"":[1,2,3,4,5,6,7,8,9],""positions"":[0,1,2,3,4,5,6,7,8]}","[1,2,3,4,5,6,7,8,9,0,0,0,0,0,0,0,0,0,0]",1,no,all residue allocations modulo cyclic rotation
11,11,1,19,19,1,10,ones,FOUND,"{""coeffs"":[1,1,1,1,1,1,1,1,1,1],""positions"":[0,1,2,3,4,5,6,7,8,9]}","[1,1,1,1,1,1,1,1,1,1,0,0,0,0,0,0,0,0,0]",1,no,all residue allocations modulo cyclic rotation
11,11,1,19,19,1,10,one_changed,FOUND,"{""coeffs"":[2,1,1,1,1,1,1,1,1,1],""positions"":[0,1,2,3,4,5,6,7,8,9]}","[2,1,1,1,1,1,1,1,1,1,0,0,0,0,0,0,0,0,0]",1,no,all residue allocations modulo cyclic rotation
11,11,1,19,19,1,10,all_distinct,FOUND,"{""coeffs"":[1,2,3,4,5,6,7,8,9,10],""positions"":[0,1,2,3,4,5,6,7,8,9]}","[1,2,3,4,5,6,7,8,9,10,0,0,0,0,0,0,0,0,0]",1,no,all residue allocations modulo cyclic rotation
11,11,1,19,19,1,11,ones,FOUND,"{""coeffs"":[1,1,1,1,1,1,1,1,1,1,1],""positions"":[0,1,2,3,4,5,6,7,8,9,10]}","[1,1,1,1,1,1,1,1,1,1,1,0,0,0,0,0,0,0,0]",1,no,all residue allocations modulo cyclic rotation
11,11,1,19,19,1,11,one_changed,FOUND,"{""coeffs"":[2,1,1,1,1,1,1,1,1,1,1],""positions"":[0,1,2,3,4,5,6,7,8,9,10]}","[2,1,1,1,1,1,1,1,1,1,1,0,0,0,0,0,0,0,0]",1,no,all residue allocations modulo cyclic rotation
11,11,1,19,19,1,12,ones,FOUND,"{""coeffs"":[1,1,1,1,1,1,1,1,1,1,1,1],""positions"":[0,1,2,3,4,5,6,7,8,9,10,11]}","[1,1,1,1,1,1,1,1,1,1,1,1,0,0,0,0,0,0,0]",1,no,all residue allocations modulo cyclic rotation
11,11,1,19,19,1,12,one_changed,FOUND,"{""coeffs"":[2,1,1,1,1,1,1,1,1,1,1,1],""positions"":[0,1,2,3,4,5,6,7,8,9,10,11]}","[2,1,1,1,1,1,1,1,1,1,1,1,0,0,0,0,0,0,0]",1,no,all residue allocations modulo cyclic rotation
11,11,1,19,19,1,13,ones,FOUND,"{""coeffs"":[1,1,1,1,1,1,1,1,1,1,1,1,1],""positions"":[0,1,2,3,4,5,6,7,8,9,10,11,12]}","[1,1,1,1,1,1,1,1,1,1,1,1,1,0,0,0,0,0,0]",1,no,all residue allocations modulo cyclic rotation
11,11,1,19,19,1,13,one_changed,FOUND,"{""coeffs"":[2,1,1,1,1,1,1,1,1,1,1,1,1],""positions"":[0,1,2,3,4,5,6,7,8,9,10,11,12]}","[2,1,1,1,1,1,1,1,1,1,1,1,1,0,0,0,0,0,0]",1,no,all residue allocations modulo cyclic rotation
11,11,1,19,19,1,14,ones,FOUND,"{""coeffs"":[1,1,1,1,1,1,1,1,1,1,1,1,1,1],""positions"":[0,1,2,3,4,5,6,7,8,9,10,11,12,13]}","[1,1,1,1,1,1,1,1,1,1,1,1,1,1,0,0,0,0,0]",1,no,all residue allocations modulo cyclic rotation
11,11,1,19,19,1,14,one_changed,FOUND,"{""coeffs"":[2,1,1,1,1,1,1,1,1,1,1,1,1,1],""positions"":[0,1,2,3,4,5,6,7,8,9,10,11,12,13]}","[2,1,1,1,1,1,1,1,1,1,1,1,1,1,0,0,0,0,0]",1,no,all residue allocations modulo cyclic rotation
11,11,1,19,19,1,15,ones,FOUND,"{""coeffs"":[1,1,1,1,1,1,1,1,1,1,1,1,1,1,1],""positions"":[0,1,2,3,4,5,6,7,8,9,10,11,12,13,14]}","[1,1,1,1,1,1,1,1,1,1,1,1,1,1,1,0,0,0,0]",1,no,all residue allocations modulo cyclic rotation
11,11,1,19,19,1,15,one_changed,FOUND,"{""coeffs"":[2,1,1,1,1,1,1,1,1,1,1,1,1,1,1],""positions"":[0,1,2,3,4,5,6,7,8,9,10,11,12,13,14]}","[2,1,1,1,1,1,1,1,1,1,1,1,1,1,1,0,0,0,0]",1,no,all residue allocations modulo cyclic rotation
11,11,1,19,19,1,16,ones,FOUND,"{""coeffs"":[1,1,1,1,1,1,1,1,1,1,1,1,1,1,1,1],""positions"":[0,1,2,3,4,5,6,7,8,9,10,11,12,13,14,15]}","[1,1,1,1,1,1,1,1,1,1,1,1,1,1,1,1,0,0,0]",1,no,all residue allocations modulo cyclic rotation
11,11,1,19,19,1,16,one_changed,FOUND,"{""coeffs"":[2,1,1,1,1,1,1,1,1,1,1,1,1,1,1,1],""positions"":[0,1,2,3,4,5,6,7,8,9,10,11,12,13,14,15]}","[2,1,1,1,1,1,1,1,1,1,1,1,1,1,1,1,0,0,0]",1,no,all residue allocations modulo cyclic rotation
11,11,1,19,19,1,17,ones,FOUND,"{""coeffs"":[1,1,1,1,1,1,1,1,1,1,1,1,1,1,1,1,1],""positions"":[0,1,2,3,4,5,6,7,8,9,10,11,12,13,14,15,16]}","[1,1,1,1,1,1,1,1,1,1,1,1,1,1,1,1,1,0,0]",1,no,all residue allocations modulo cyclic rotation
11,11,1,19,19,1,17,one_changed,FOUND,"{""coeffs"":[2,1,1,1,1,1,1,1,1,1,1,1,1,1,1,1,1],""positions"":[0,1,2,3,4,5,6,7,8,9,10,11,12,13,14,15,16]}","[2,1,1,1,1,1,1,1,1,1,1,1,1,1,1,1,1,0,0]",1,no,all residue allocations modulo cyclic rotation
11,11,1,19,19,1,18,ones,FOUND,"{""coeffs"":[1,1,1,1,1,1,1,1,1,1,1,1,1,1,1,1,1,1],""positions"":[0,1,2,3,4,5,6,7,8,9,10,11,12,13,14,15,16,17]}","[1,1,1,1,1,1,1,1,1,1,1,1,1,1,1,1,1,1,0]",1,no,all residue allocations modulo cyclic rotation
11,11,1,19,19,1,18,one_changed,FOUND,"{""coeffs"":[2,1,1,1,1,1,1,1,1,1,1,1,1,1,1,1,1,1],""positions"":[0,1,2,3,4,5,6,7,8,9,10,11,12,13,14,15,16,17]}","[2,1,1,1,1,1,1,1,1,1,1,1,1,1,1,1,1,1,0]",1,no,all residue allocations modulo cyclic rotation
11,11,1,19,19,1,19,ones,NONE,,,1,yes,all residue allocations modulo cyclic rotation
11,11,1,19,19,1,19,one_changed,FOUND,"{""coeffs"":[2,1,1,1,1,1,1,1,1,1,1,1,1,1,1,1,1,1,1],""positions"":[0,1,2,3,4,5,6,7,8,9,10,11,12,13,14,15,16,17,18]}","[2,1,1,1,1,1,1,1,1,1,1,1,1,1,1,1,1,1,1]",1,no,all residue allocations modulo cyclic rotation
11,11,1,20,20,1,2,ones,FOUND,"{""coeffs"":[1,1],""positions"":[0,4]}","[1,0,0,0,1,0,0,0,0,0,0,0,0,0,0,0,0,0,0,0]",4,no,all residue allocations modulo cyclic rotation
11,11,1,20,20,1,2,one_changed,FOUND,"{""coeffs"":[1,2],""positions"":[0,1]}","[1,2,0,0,0,0,0,0,0,0,0,0,0,0,0,0,0,0,0,0]",1,no,all residue allocations modulo cyclic rotation
11,11,1,20,20,1,2,all_distinct,FOUND,"{""coeffs"":[1,2],""positions"":[0,1]}","[1,2,0,0,0,0,0,0,0,0,0,0,0,0,0,0,0,0,0,0]",1,no,all residue allocations modulo cyclic rotation
11,11,1,20,20,1,3,ones,FOUND,"{""coeffs"":[1,1,1],""positions"":[0,1,2]}","[1,1,1,0,0,0,0,0,0,0,0,0,0,0,0,0,0,0,0,0]",1,no,all residue allocations modulo cyclic rotation
11,11,1,20,20,1,3,one_changed,FOUND,"{""coeffs"":[2,1,1],""positions"":[0,1,2]}","[2,1,1,0,0,0,0,0,0,0,0,0,0,0,0,0,0,0,0,0]",1,no,all residue allocations modulo cyclic rotation
11,11,1,20,20,1,3,all_distinct,FOUND,"{""coeffs"":[1,2,3],""positions"":[0,1,2]}","[1,2,3,0,0,0,0,0,0,0,0,0,0,0,0,0,0,0,0,0]",1,no,all residue allocations modulo cyclic rotation
11,11,1,20,20,1,4,ones,FOUND,"{""coeffs"":[1,1,1,1],""positions"":[0,1,2,4]}","[1,1,1,0,1,0,0,0,0,0,0,0,0,0,0,0,0,0,0,0]",2,no,all residue allocations modulo cyclic rotation
11,11,1,20,20,1,4,one_changed,FOUND,"{""coeffs"":[2,1,1,1],""positions"":[0,1,2,3]}","[2,1,1,1,0,0,0,0,0,0,0,0,0,0,0,0,0,0,0,0]",1,no,all residue allocations modulo cyclic rotation
11,11,1,20,20,1,4,all_distinct,FOUND,"{""coeffs"":[1,2,3,4],""positions"":[0,1,2,3]}","[1,2,3,4,0,0,0,0,0,0,0,0,0,0,0,0,0,0,0,0]",1,no,all residue allocations modulo cyclic rotation
11,11,1,20,20,1,5,ones,FOUND,"{""coeffs"":[1,1,1,1,1],""positions"":[0,1,2,3,5]}","[1,1,1,1,0,1,0,0,0,0,0,0,0,0,0,0,0,0,0,0]",2,no,all residue allocations modulo cyclic rotation
11,11,1,20,20,1,5,one_changed,FOUND,"{""coeffs"":[2,1,1,1,1],""positions"":[0,1,2,3,4]}","[2,1,1,1,1,0,0,0,0,0,0,0,0,0,0,0,0,0,0,0]",1,no,all residue allocations modulo cyclic rotation
11,11,1,20,20,1,5,all_distinct,FOUND,"{""coeffs"":[1,2,3,4,5],""positions"":[0,1,2,3,4]}","[1,2,3,4,5,0,0,0,0,0,0,0,0,0,0,0,0,0,0,0]",1,no,all residue allocations modulo cyclic rotation
11,11,1,20,20,1,6,ones,FOUND,"{""coeffs"":[1,1,1,1,1,1],""positions"":[0,1,2,3,4,8]}","[1,1,1,1,1,0,0,0,1,0,0,0,0,0,0,0,0,0,0,0]",4,no,all residue allocations modulo cyclic rotation
11,11,1,20,20,1,6,one_changed,FOUND,"{""coeffs"":[2,1,1,1,1,1],""positions"":[0,1,2,3,4,5]}","[2,1,1,1,1,1,0,0,0,0,0,0,0,0,0,0,0,0,0,0]",1,no,all residue allocations modulo cyclic rotation
11,11,1,20,20,1,6,all_distinct,FOUND,"{""coeffs"":[1,2,3,4,5,6],""positions"":[0,1,2,3,4,5]}","[1,2,3,4,5,6,0,0,0,0,0,0,0,0,0,0,0,0,0,0]",1,no,all residue allocations modulo cyclic rotation
11,11,1,20,20,1,7,ones,FOUND,"{""coeffs"":[1,1,1,1,1,1,1],""positions"":[0,1,2,3,4,5,6]}","[1,1,1,1,1,1,1,0,0,0,0,0,0,0,0,0,0,0,0,0]",1,no,all residue allocations modulo cyclic rotation
11,11,1,20,20,1,7,one_changed,FOUND,"{""coeffs"":[2,1,1,1,1,1,1],""positions"":[0,1,2,3,4,5,6]}","[2,1,1,1,1,1,1,0,0,0,0,0,0,0,0,0,0,0,0,0]",1,no,all residue allocations modulo cyclic rotation
11,11,1,20,20,1,7,all_distinct,FOUND,"{""coeffs"":[1,2,3,4,5,6,7],""positions"":[0,1,2,3,4,5,6]}","[1,2,3,4,5,6,7,0,0,0,0,0,0,0,0,0,0,0,0,0]",1,no,all residue allocations modulo cyclic rotation
11,11,1,20,20,1,8,ones,FOUND,"{""coeffs"":[1,1,1,1,1,1,1,1],""positions"":[0,1,2,3,4,5,6,8]}","[1,1,1,1,1,1,1,0,1,0,0,0,0,0,0,0,0,0,0,0]",2,no,all residue allocations modulo cyclic rotation
11,11,1,20,20,1,8,one_changed,FOUND,"{""coeffs"":[2,1,1,1,1,1,1,1],""positions"":[0,1,2,3,4,5,6,7]}","[2,1,1,1,1,1,1,1,0,0,0,0,0,0,0,0,0,0,0,0]",1,no,all residue allocations modulo cyclic rotation
11,11,1,20,20,1,8,all_distinct,FOUND,"{""coeffs"":[1,2,3,4,5,6,7,8],""positions"":[0,1,2,3,4,5,6,7]}","[1,2,3,4,5,6,7,8,0,0,0,0,0,0,0,0,0,0,0,0]",1,no,all residue allocations modulo cyclic rotation
11,11,1,20,20,1,9,ones,FOUND,"{""coeffs"":[1,1,1,1,1,1,1,1,1],""positions"":[0,1,2,3,4,5,6,7,8]}","[1,1,1,1,1,1,1,1,1,0,0,0,0,0,0,0,0,0,0,0]",1,no,all residue allocations modulo cyclic rotation
11,11,1,20,20,1,9,one_changed,FOUND,"{""coeffs"":[2,1,1,1,1,1,1,1,1],""positions"":[0,1,2,3,4,5,6,7,8]}","[2,1,1,1,1,1,1,1,1,0,0,0,0,0,0,0,0,0,0,0]",1,no,all residue allocations modulo cyclic rotation
11,11,1,20,20,1,9,all_distinct,FOUND,"{""coeffs"":[1,2,3,4,5,6,7,8,9],""positions"":[0,1,2,3,4,5,6,7,8]}","[1,2,3,4,5,6,7,8,9,0,0,0,0,0,0,0,0,0,0,0]",1,no,all residue allocations modulo cyclic rotation
11,11,1,20,20,1,10,ones,FOUND,"{""coeffs"":[1,1,1,1,1,1,1,1,1,1],""positions"":[0,1,2,3,4,5,6,7,8,12]}","[1,1,1,1,1,1,1,1,1,0,0,0,1,0,0,0,0,0,0,0]",4,no,all residue allocations modulo cyclic rotation
11,11,1,20,20,1,10,one_changed,FOUND,"{""coeffs"":[2,1,1,1,1,1,1,1,1,1],""positions"":[0,1,2,3,4,5,6,7,8,9]}","[2,1,1,1,1,1,1,1,1,1,0,0,0,0,0,0,0,0,0,0]",1,no,all residue allocations modulo cyclic rotation
11,11,1,20,20,1,10,all_distinct,FOUND,"{""coeffs"":[1,2,3,4,5,6,7,8,9,10],""positions"":[0,1,2,3,4,5,6,7,8,9]}","[1,2,3,4,5,6,7,8,9,10,0,0,0,0,0,0,0,0,0,0]",1,no,all residue allocations modulo cyclic rotation
11,11,1,20,20,1,11,ones,FOUND,"{""coeffs"":[1,1,1,1,1,1,1,1,1,1,1],""positions"":[0,1,2,3,4,5,6,7,8,9,10]}","[1,1,1,1,1,1,1,1,1,1,1,0,0,0,0,0,0,0,0,0]",1,no,all residue allocations modulo cyclic rotation
11,11,1,20,20,1,11,one_changed,FOUND,"{""coeffs"":[2,1,1,1,1,1,1,1,1,1,1],""positions"":[0,1,2,3,4,5,6,7,8,9,10]}","[2,1,1,1,1,1,1,1,1,1,1,0,0,0,0,0,0,0,0,0]",1,no,all residue allocations modulo cyclic rotation
11,11,1,20,20,1,12,ones,FOUND,"{""coeffs"":[1,1,1,1,1,1,1,1,1,1,1,1],""positions"":[0,1,2,3,4,5,6,7,8,9,10,12]}","[1,1,1,1,1,1,1,1,1,1,1,0,1,0,0,0,0,0,0,0]",2,no,all residue allocations modulo cyclic rotation
11,11,1,20,20,1,12,one_changed,FOUND,"{""coeffs"":[2,1,1,1,1,1,1,1,1,1,1,1],""positions"":[0,1,2,3,4,5,6,7,8,9,10,11]}","[2,1,1,1,1,1,1,1,1,1,1,1,0,0,0,0,0,0,0,0]",1,no,all residue allocations modulo cyclic rotation
11,11,1,20,20,1,13,ones,FOUND,"{""coeffs"":[1,1,1,1,1,1,1,1,1,1,1,1,1],""positions"":[0,1,2,3,4,5,6,7,8,9,10,11,12]}","[1,1,1,1,1,1,1,1,1,1,1,1,1,0,0,0,0,0,0,0]",1,no,all residue allocations modulo cyclic rotation
11,11,1,20,20,1,13,one_changed,FOUND,"{""coeffs"":[2,1,1,1,1,1,1,1,1,1,1,1,1],""positions"":[0,1,2,3,4,5,6,7,8,9,10,11,12]}","[2,1,1,1,1,1,1,1,1,1,1,1,1,0,0,0,0,0,0,0]",1,no,all residue allocations modulo cyclic rotation
11,11,1,20,20,1,14,ones,FOUND,"{""coeffs"":[1,1,1,1,1,1,1,1,1,1,1,1,1,1],""positions"":[0,1,2,3,4,5,6,7,8,9,10,11,12,16]}","[1,1,1,1,1,1,1,1,1,1,1,1,1,0,0,0,1,0,0,0]",4,no,all residue allocations modulo cyclic rotation
11,11,1,20,20,1,14,one_changed,FOUND,"{""coeffs"":[2,1,1,1,1,1,1,1,1,1,1,1,1,1],""positions"":[0,1,2,3,4,5,6,7,8,9,10,11,12,13]}","[2,1,1,1,1,1,1,1,1,1,1,1,1,1,0,0,0,0,0,0]",1,no,all residue allocations modulo cyclic rotation
11,11,1,20,20,1,15,ones,FOUND,"{""coeffs"":[1,1,1,1,1,1,1,1,1,1,1,1,1,1,1],""positions"":[0,1,2,3,4,5,6,7,8,9,10,11,12,13,15]}","[1,1,1,1,1,1,1,1,1,1,1,1,1,1,0,1,0,0,0,0]",2,no,all residue allocations modulo cyclic rotation
11,11,1,20,20,1,15,one_changed,FOUND,"{""coeffs"":[2,1,1,1,1,1,1,1,1,1,1,1,1,1,1],""positions"":[0,1,2,3,4,5,6,7,8,9,10,11,12,13,14]}","[2,1,1,1,1,1,1,1,1,1,1,1,1,1,1,0,0,0,0,0]",1,no,all residue allocations modulo cyclic rotation
11,11,1,20,20,1,16,ones,FOUND,"{""coeffs"":[1,1,1,1,1,1,1,1,1,1,1,1,1,1,1,1],""positions"":[0,1,2,3,4,5,6,7,8,9,10,11,12,13,14,16]}","[1,1,1,1,1,1,1,1,1,1,1,1,1,1,1,0,1,0,0,0]",2,no,all residue allocations modulo cyclic rotation
11,11,1,20,20,1,16,one_changed,FOUND,"{""coeffs"":[2,1,1,1,1,1,1,1,1,1,1,1,1,1,1,1],""positions"":[0,1,2,3,4,5,6,7,8,9,10,11,12,13,14,15]}","[2,1,1,1,1,1,1,1,1,1,1,1,1,1,1,1,0,0,0,0]",1,no,all residue allocations modulo cyclic rotation
11,11,1,20,20,1,17,ones,FOUND,"{""coeffs"":[1,1,1,1,1,1,1,1,1,1,1,1,1,1,1,1,1],""positions"":[0,1,2,3,4,5,6,7,8,9,10,11,12,13,14,15,16]}","[1,1,1,1,1,1,1,1,1,1,1,1,1,1,1,1,1,0,0,0]",1,no,all residue allocations modulo cyclic rotation
11,11,1,20,20,1,17,one_changed,FOUND,"{""coeffs"":[2,1,1,1,1,1,1,1,1,1,1,1,1,1,1,1,1],""positions"":[0,1,2,3,4,5,6,7,8,9,10,11,12,13,14,15,16]}","[2,1,1,1,1,1,1,1,1,1,1,1,1,1,1,1,1,0,0,0]",1,no,all residue allocations modulo cyclic rotation
11,11,1,20,20,1,18,ones,FOUND,"{""coeffs"":[1,1,1,1,1,1,1,1,1,1,1,1,1,1,1,1,1,1],""positions"":[0,1,2,3,4,5,6,7,8,9,10,11,12,13,14,16,17,18]}","[1,1,1,1,1,1,1,1,1,1,1,1,1,1,1,0,1,1,1,0]",7,no,all residue allocations modulo cyclic rotation
11,11,1,20,20,1,18,one_changed,FOUND,"{""coeffs"":[2,1,1,1,1,1,1,1,1,1,1,1,1,1,1,1,1,1],""positions"":[0,1,2,3,4,5,6,7,8,9,10,11,12,13,14,15,16,17]}","[2,1,1,1,1,1,1,1,1,1,1,1,1,1,1,1,1,1,0,0]",1,no,all residue allocations modulo cyclic rotation
11,11,1,20,20,1,19,ones,FOUND,"{""coeffs"":[1,1,1,1,1,1,1,1,1,1,1,1,1,1,1,1,1,1,1],""positions"":[0,1,2,3,4,5,6,7,8,9,10,11,12,13,14,15,16,17,18]}","[1,1,1,1,1,1,1,1,1,1,1,1,1,1,1,1,1,1,1,0]",1,no,all residue allocations modulo cyclic rotation
11,11,1,20,20,1,19,one_changed,FOUND,"{""coeffs"":[2,1,1,1,1,1,1,1,1,1,1,1,1,1,1,1,1,1,1],""positions"":[0,1,2,3,4,5,6,7,8,9,10,11,12,13,14,15,16,17,18]}","[2,1,1,1,1,1,1,1,1,1,1,1,1,1,1,1,1,1,1,0]",1,no,all residue allocations modulo cyclic rotation
11,11,1,20,20,1,20,ones,NONE,,,1,yes,all residue allocations modulo cyclic rotation
11,11,1,20,20,1,20,one_changed,FOUND,"{""coeffs"":[2,1,1,1,1,1,1,1,1,1,1,1,1,1,1,1,1,1,1,1],""positions"":[0,1,2,3,4,5,6,7,8,9,10,11,12,13,14,15,16,17,18,19]}","[2,1,1,1,1,1,1,1,1,1,1,1,1,1,1,1,1,1,1,1]",1,no,all residue allocations modulo cyclic rotation
11,11,1,21,21,1,2,ones,FOUND,"{""coeffs"":[1,1],""positions"":[0,1]}","[1,1,0,0,0,0,0,0,0,0,0,0,0,0,0,0,0,0,0,0,0]",1,no,all residue allocations modulo cyclic rotation
11,11,1,21,21,1,2,one_changed,FOUND,"{""coeffs"":[1,2],""positions"":[0,1]}","[1,2,0,0,0,0,0,0,0,0,0,0,0,0,0,0,0,0,0,0,0]",1,no,all residue allocations modulo cyclic rotation
11,11,1,21,21,1,2,all_distinct,FOUND,"{""coeffs"":[1,2],""positions"":[0,1]}","[1,2,0,0,0,0,0,0,0,0,0,0,0,0,0,0,0,0,0,0,0]",1,no,all residue allocations modulo cyclic rotation
11,11,1,21,21,1,3,ones,FOUND,"{""coeffs"":[1,1,1],""positions"":[0,1,3]}","[1,1,0,1,0,0,0,0,0,0,0,0,0,0,0,0,0,0,0,0,0]",2,no,all residue allocations modulo cyclic rotation
11,11,1,21,21,1,3,one_changed,FOUND,"{""coeffs"":[2,1,1],""positions"":[0,1,2]}","[2,1,1,0,0,0,0,0,0,0,0,0,0,0,0,0,0,0,0,0,0]",1,no,all residue allocations modulo cyclic rotation
11,11,1,21,21,1,3,all_distinct,FOUND,"{""coeffs"":[1,2,3],""positions"":[0,1,2]}","[1,2,3,0,0,0,0,0,0,0,0,0,0,0,0,0,0,0,0,0,0]",1,no,all residue allocations modulo cyclic rotation
11,11,1,21,21,1,4,ones,FOUND,"{""coeffs"":[1,1,1,1],""positions"":[0,1,2,3]}","[1,1,1,1,0,0,0,0,0,0,0,0,0,0,0,0,0,0,0,0,0]",1,no,all residue allocations modulo cyclic rotation
11,11,1,21,21,1,4,one_changed,FOUND,"{""coeffs"":[2,1,1,1],""positions"":[0,1,2,3]}","[2,1,1,1,0,0,0,0,0,0,0,0,0,0,0,0,0,0,0,0,0]",1,no,all residue allocations modulo cyclic rotation
11,11,1,21,21,1,4,all_distinct,FOUND,"{""coeffs"":[1,2,3,4],""positions"":[0,1,2,3]}","[1,2,3,4,0,0,0,0,0,0,0,0,0,0,0,0,0,0,0,0,0]",1,no,all residue allocations modulo cyclic rotation
11,11,1,21,21,1,5,ones,FOUND,"{""coeffs"":[1,1,1,1,1],""positions"":[0,1,2,3,4]}","[1,1,1,1,1,0,0,0,0,0,0,0,0,0,0,0,0,0,0,0,0]",1,no,all residue allocations modulo cyclic rotation
11,11,1,21,21,1,5,one_changed,FOUND,"{""coeffs"":[2,1,1,1,1],""positions"":[0,1,2,3,4]}","[2,1,1,1,1,0,0,0,0,0,0,0,0,0,0,0,0,0,0,0,0]",1,no,all residue allocations modulo cyclic rotation
11,11,1,21,21,1,5,all_distinct,FOUND,"{""coeffs"":[1,2,3,4,5],""positions"":[0,1,2,3,4]}","[1,2,3,4,5,0,0,0,0,0,0,0,0,0,0,0,0,0,0,0,0]",1,no,all residue allocations modulo cyclic rotation
11,11,1,21,21,1,6,ones,FOUND,"{""coeffs"":[1,1,1,1,1,1],""positions"":[0,1,2,3,4,6]}","[1,1,1,1,1,0,1,0,0,0,0,0,0,0,0,0,0,0,0,0,0]",2,no,all residue allocations modulo cyclic rotation
11,11,1,21,21,1,6,one_changed,FOUND,"{""coeffs"":[2,1,1,1,1,1],""positions"":[0,1,2,3,4,5]}","[2,1,1,1,1,1,0,0,0,0,0,0,0,0,0,0,0,0,0,0,0]",1,no,all residue allocations modulo cyclic rotation
11,11,1,21,21,1,6,all_distinct,FOUND,"{""coeffs"":[1,2,3,4,5,6],""positions"":[0,1,2,3,4,5]}","[1,2,3,4,5,6,0,0,0,0,0,0,0,0,0,0,0,0,0,0,0]",1,no,all residue allocations modulo cyclic rotation
11,11,1,21,21,1,7,ones,FOUND,"{""coeffs"":[1,1,1,1,1,1,1],""positions"":[0,1,2,3,4,5,7]}","[1,1,1,1,1,1,0,1,0,0,0,0,0,0,0,0,0,0,0,0,0]",2,no,all residue allocations modulo cyclic rotation
11,11,1,21,21,1,7,one_changed,FOUND,"{""coeffs"":[2,1,1,1,1,1,1],""positions"":[0,1,2,3,4,5,6]}","[2,1,1,1,1,1,1,0,0,0,0,0,0,0,0,0,0,0,0,0,0]",1,no,all residue allocations modulo cyclic rotation
11,11,1,21,21,1,7,all_distinct,FOUND,"{""coeffs"":[1,2,3,4,5,6,7],""positions"":[0,1,2,3,4,5,6]}","[1,2,3,4,5,6,7,0,0,0,0,0,0,0,0,0,0,0,0,0,0]",1,no,all residue allocations modulo cyclic rotation
11,11,1,21,21,1,8,ones,FOUND,"{""coeffs"":[1,1,1,1,1,1,1,1],""positions"":[0,1,2,3,4,5,6,7]}","[1,1,1,1,1,1,1,1,0,0,0,0,0,0,0,0,0,0,0,0,0]",1,no,all residue allocations modulo cyclic rotation
11,11,1,21,21,1,8,one_changed,FOUND,"{""coeffs"":[2,1,1,1,1,1,1,1],""positions"":[0,1,2,3,4,5,6,7]}","[2,1,1,1,1,1,1,1,0,0,0,0,0,0,0,0,0,0,0,0,0]",1,no,all residue allocations modulo cyclic rotation
11,11,1,21,21,1,8,all_distinct,FOUND,"{""coeffs"":[1,2,3,4,5,6,7,8],""positions"":[0,1,2,3,4,5,6,7]}","[1,2,3,4,5,6,7,8,0,0,0,0,0,0,0,0,0,0,0,0,0]",1,no,all residue allocations modulo cyclic rotation
11,11,1,21,21,1,9,ones,FOUND,"{""coeffs"":[1,1,1,1,1,1,1,1,1],""positions"":[0,1,2,3,4,5,6,7,9]}","[1,1,1,1,1,1,1,1,0,1,0,0,0,0,0,0,0,0,0,0,0]",2,no,all residue allocations modulo cyclic rotation
11,11,1,21,21,1,9,one_changed,FOUND,"{""coeffs"":[2,1,1,1,1,1,1,1,1],""positions"":[0,1,2,3,4,5,6,7,8]}","[2,1,1,1,1,1,1,1,1,0,0,0,0,0,0,0,0,0,0,0,0]",1,no,all residue allocations modulo cyclic rotation
11,11,1,21,21,1,9,all_distinct,FOUND,"{""coeffs"":[1,2,3,4,5,6,7,8,9],""positions"":[0,1,2,3,4,5,6,7,8]}","[1,2,3,4,5,6,7,8,9,0,0,0,0,0,0,0,0,0,0,0,0]",1,no,all residue allocations modulo cyclic rotation
11,11,1,21,21,1,10,ones,FOUND,"{""coeffs"":[1,1,1,1,1,1,1,1,1,1],""positions"":[0,1,2,3,4,5,6,7,8,9]}","[1,1,1,1,1,1,1,1,1,1,0,0,0,0,0,0,0,0,0,0,0]",1,no,all residue allocations modulo cyclic rotation
11,11,1,21,21,1,10,one_changed,FOUND,"{""coeffs"":[2,1,1,1,1,1,1,1,1,1],""positions"":[0,1,2,3,4,5,6,7,8,9]}","[2,1,1,1,1,1,1,1,1,1,0,0,0,0,0,0,0,0,0,0,0]",1,no,all residue allocations modulo cyclic rotation
11,11,1,21,21,1,10,all_distinct,FOUND,"{""coeffs"":[1,2,3,4,5,6,7,8,9,10],""positions"":[0,1,2,3,4,5,6,7,8,9]}","[1,2,3,4,5,6,7,8,9,10,0,0,0,0,0,0,0,0,0,0,0]",1,no,all residue allocations modulo cyclic rotation
11,11,1,21,21,1,11,ones,FOUND,"{""coeffs"":[1,1,1,1,1,1,1,1,1,1,1],""positions"":[0,1,2,3,4,5,6,7,8,9,10]}","[1,1,1,1,1,1,1,1,1,1,1,0,0,0,0,0,0,0,0,0,0]",1,no,all residue allocations modulo cyclic rotation
11,11,1,21,21,1,11,one_changed,FOUND,"{""coeffs"":[2,1,1,1,1,1,1,1,1,1,1],""positions"":[0,1,2,3,4,5,6,7,8,9,10]}","[2,1,1,1,1,1,1,1,1,1,1,0,0,0,0,0,0,0,0,0,0]",1,no,all residue allocations modulo cyclic rotation
11,11,1,21,21,1,12,ones,FOUND,"{""coeffs"":[1,1,1,1,1,1,1,1,1,1,1,1],""positions"":[0,1,2,3,4,5,6,7,8,9,10,12]}","[1,1,1,1,1,1,1,1,1,1,1,0,1,0,0,0,0,0,0,0,0]",2,no,all residue allocations modulo cyclic rotation
11,11,1,21,21,1,12,one_changed,FOUND,"{""coeffs"":[2,1,1,1,1,1,1,1,1,1,1,1],""positions"":[0,1,2,3,4,5,6,7,8,9,10,11]}","[2,1,1,1,1,1,1,1,1,1,1,1,0,0,0,0,0,0,0,0,0]",1,no,all residue allocations modulo cyclic rotation
11,11,1,21,21,1,13,ones,FOUND,"{""coeffs"":[1,1,1,1,1,1,1,1,1,1,1,1,1],""positions"":[0,1,2,3,4,5,6,7,8,9,10,11,12]}","[1,1,1,1,1,1,1,1,1,1,1,1,1,0,0,0,0,0,0,0,0]",1,no,all residue allocations modulo cyclic rotation
11,11,1,21,21,1,13,one_changed,FOUND,"{""coeffs"":[2,1,1,1,1,1,1,1,1,1,1,1,1],""positions"":[0,1,2,3,4,5,6,7,8,9,10,11,12]}","[2,1,1,1,1,1,1,1,1,1,1,1,1,0,0,0,0,0,0,0,0]",1,no,all residue allocations modulo cyclic rotation
11,11,1,21,21,1,14,ones,FOUND,"{""coeffs"":[1,1,1,1,1,1,1,1,1,1,1,1,1,1],""positions"":[0,1,2,3,4,5,6,7,8,9,10,11,12,14]}","[1,1,1,1,1,1,1,1,1,1,1,1,1,0,1,0,0,0,0,0,0]",2,no,all residue allocations modulo cyclic rotation
11,11,1,21,21,1,14,one_changed,FOUND,"{""coeffs"":[2,1,1,1,1,1,1,1,1,1,1,1,1,1],""positions"":[0,1,2,3,4,5,6,7,8,9,10,11,12,13]}","[2,1,1,1,1,1,1,1,1,1,1,1,1,1,0,0,0,0,0,0,0]",1,no,all residue allocations modulo cyclic rotation
11,11,1,21,21,1,15,ones,FOUND,"{""coeffs"":[1,1,1,1,1,1,1,1,1,1,1,1,1,1,1],""positions"":[0,1,2,3,4,5,6,7,8,9,10,11,12,13,15]}","[1,1,1,1,1,1,1,1,1,1,1,1,1,1,0,1,0,0,0,0,0]",2,no,all residue allocations modulo cyclic rotation
11,11,1,21,21,1,15,one_changed,FOUND,"{""coeffs"":[2,1,1,1,1,1,1,1,1,1,1,1,1,1,1],""positions"":[0,1,2,3,4,5,6,7,8,9,10,11,12,13,14]}","[2,1,1,1,1,1,1,1,1,1,1,1,1,1,1,0,0,0,0,0,0]",1,no,all residue allocations modulo cyclic rotation
11,11,1,21,21,1,16,ones,FOUND,"{""coeffs"":[1,1,1,1,1,1,1,1,1,1,1,1,1,1,1,1],""positions"":[0,1,2,3,4,5,6,7,8,9,10,11,12,13,14,15]}","[1,1,1,1,1,1,1,1,1,1,1,1,1,1,1,1,0,0,0,0,0]",1,no,all residue allocations modulo cyclic rotation
11,11,1,21,21,1,16,one_changed,FOUND,"{""coeffs"":[2,1,1,1,1,1,1,1,1,1,1,1,1,1,1,1],""positions"":[0,1,2,3,4,5,6,7,8,9,10,11,12,13,14,15]}","[2,1,1,1,1,1,1,1,1,1,1,1,1,1,1,1,0,0,0,0,0]",1,no,all residue allocations modulo cyclic rotation
11,11,1,21,21,1,17,ones,FOUND,"{""coeffs"":[1,1,1,1,1,1,1,1,1,1,1,1,1,1,1,1,1],""positions"":[0,1,2,3,4,5,6,7,8,9,10,11,12,13,14,15,16]}","[1,1,1,1,1,1,1,1,1,1,1,1,1,1,1,1,1,0,0,0,0]",1,no,all residue allocations modulo cyclic rotation
11,11,1,21,21,1,17,one_changed,FOUND,"{""coeffs"":[2,1,1,1,1,1,1,1,1,1,1,1,1,1,1,1,1],""positions"":[0,1,2,3,4,5,6,7,8,9,10,11,12,13,14,15,16]}","[2,1,1,1,1,1,1,1,1,1,1,1,1,1,1,1,1,0,0,0,0]",1,no,all residue allocations modulo cyclic rotation
11,11,1,21,21,1,18,ones,FOUND,"{""coeffs"":[1,1,1,1,1,1,1,1,1,1,1,1,1,1,1,1,1,1],""positions"":[0,1,2,3,4,5,6,7,8,9,10,11,12,13,14,15,16,18]}","[1,1,1,1,1,1,1,1,1,1,1,1,1,1,1,1,1,0,1,0,0]",2,no,all residue allocations modulo cyclic rotation
11,11,1,21,21,1,18,one_changed,FOUND,"{""coeffs"":[2,1,1,1,1,1,1,1,1,1,1,1,1,1,1,1,1,1],""positions"":[0,1,2,3,4,5,6,7,8,9,10,11,12,13,14,15,16,17]}","[2,1,1,1,1,1,1,1,1,1,1,1,1,1,1,1,1,1,0,0,0]",1,no,all residue allocations modulo cyclic rotation
11,11,1,21,21,1,19,ones,FOUND,"{""coeffs"":[1,1,1,1,1,1,1,1,1,1,1,1,1,1,1,1,1,1,1],""positions"":[0,1,2,3,4,5,6,7,8,9,10,11,12,13,14,15,16,17,18]}","[1,1,1,1,1,1,1,1,1,1,1,1,1,1,1,1,1,1,1,0,0]",1,no,all residue allocations modulo cyclic rotation
11,11,1,21,21,1,19,one_changed,FOUND,"{""coeffs"":[2,1,1,1,1,1,1,1,1,1,1,1,1,1,1,1,1,1,1],""positions"":[0,1,2,3,4,5,6,7,8,9,10,11,12,13,14,15,16,17,18]}","[2,1,1,1,1,1,1,1,1,1,1,1,1,1,1,1,1,1,1,0,0]",1,no,all residue allocations modulo cyclic rotation
11,11,1,21,21,1,20,ones,FOUND,"{""coeffs"":[1,1,1,1,1,1,1,1,1,1,1,1,1,1,1,1,1,1,1,1],""positions"":[0,1,2,3,4,5,6,7,8,9,10,11,12,13,14,15,16,17,18,19]}","[1,1,1,1,1,1,1,1,1,1,1,1,1,1,1,1,1,1,1,1,0]",1,no,all residue allocations modulo cyclic rotation
11,11,1,21,21,1,20,one_changed,FOUND,"{""coeffs"":[2,1,1,1,1,1,1,1,1,1,1,1,1,1,1,1,1,1,1,1],""positions"":[0,1,2,3,4,5,6,7,8,9,10,11,12,13,14,15,16,17,18,19]}","[2,1,1,1,1,1,1,1,1,1,1,1,1,1,1,1,1,1,1,1,0]",1,no,all residue allocations modulo cyclic rotation
11,11,1,21,21,1,21,ones,NONE,,,1,yes,all residue allocations modulo cyclic rotation
11,11,1,21,21,1,21,one_changed,FOUND,"{""coeffs"":[2,1,1,1,1,1,1,1,1,1,1,1,1,1,1,1,1,1,1,1,1],""positions"":[0,1,2,3,4,5,6,7,8,9,10,11,12,13,14,15,16,17,18,19,20]}","[2,1,1,1,1,1,1,1,1,1,1,1,1,1,1,1,1,1,1,1,1]",1,no,all residue allocations modulo cyclic rotation
11,11,1,22,2,11,2,ones,FOUND,"{""coeffs"":[1,1],""positions"":[0,2]}","[2,0]",1,no,all residue allocations modulo cyclic rotation
11,11,1,22,2,11,2,one_changed,FOUND,"{""coeffs"":[1,2],""positions"":[0,2]}","[3,0]",1,no,all residue allocations modulo cyclic rotation
11,11,1,22,2,11,2,all_distinct,FOUND,"{""coeffs"":[1,2],""positions"":[0,2]}","[3,0]",1,no,all residue allocations modulo cyclic rotation
11,11,1,22,2,11,3,ones,FOUND,"{""coeffs"":[1,1,1],""positions"":[0,2,4]}","[3,0]",1,no,all residue allocations modulo cyclic rotation
11,11,1,22,2,11,3,one_changed,FOUND,"{""coeffs"":[2,1,1],""positions"":[0,2,4]}","[4,0]",1,no,all residue allocations modulo cyclic rotation
11,11,1,22,2,11,3,all_distinct,FOUND,"{""coeffs"":[1,2,3],""positions"":[0,2,4]}","[6,0]",1,no,all residue allocations modulo cyclic rotation
11,11,1,22,2,11,4,ones,FOUND,"{""coeffs"":[1,1,1,1],""positions"":[0,2,4,6]}","[4,0]",1,no,all residue allocations modulo cyclic rotation
11,11,1,22,2,11,4,one_changed,FOUND,"{""coeffs"":[2,1,1,1],""positions"":[0,2,4,6]}","[5,0]",1,no,all residue allocations modulo cyclic rotation
11,11,1,22,2,11,4,all_distinct,FOUND,"{""coeffs"":[1,2,3,4],""positions"":[0,2,4,6]}","[10,0]",1,no,all residue allocations modulo cyclic rotation
11,11,1,22,2,11,5,ones,FOUND,"{""coeffs"":[1,1,1,1,1],""positions"":[0,2,4,6,8]}","[5,0]",1,no,all residue allocations modulo cyclic rotation
11,11,1,22,2,11,5,one_changed,FOUND,"{""coeffs"":[2,1,1,1,1],""positions"":[0,2,4,6,8]}","[6,0]",1,no,all residue allocations modulo cyclic rotation
11,11,1,22,2,11,5,all_distinct,FOUND,"{""coeffs"":[1,2,3,4,5],""positions"":[0,2,4,6,8]}","[4,0]",1,no,all residue allocations modulo cyclic rotation
11,11,1,22,2,11,6,ones,FOUND,"{""coeffs"":[1,1,1,1,1,1],""positions"":[0,2,4,6,8,10]}","[6,0]",1,no,all residue allocations modulo cyclic rotation
11,11,1,22,2,11,6,one_changed,FOUND,"{""coeffs"":[2,1,1,1,1,1],""positions"":[0,2,4,6,8,10]}","[7,0]",1,no,all residue allocations modulo cyclic rotation
11,11,1,22,2,11,6,all_distinct,FOUND,"{""coeffs"":[1,2,3,4,5,6],""positions"":[0,2,4,6,8,10]}","[10,0]",1,no,all residue allocations modulo cyclic rotation
11,11,1,22,2,11,7,ones,FOUND,"{""coeffs"":[1,1,1,1,1,1,1],""positions"":[0,2,4,6,8,10,12]}","[7,0]",1,no,all residue allocations modulo cyclic rotation
11,11,1,22,2,11,7,one_changed,FOUND,"{""coeffs"":[2,1,1,1,1,1,1],""positions"":[0,2,4,6,8,10,12]}","[8,0]",1,no,all residue allocations modulo cyclic rotation
11,11,1,22,2,11,7,all_distinct,FOUND,"{""coeffs"":[1,2,3,4,5,6,7],""positions"":[0,2,4,6,8,10,12]}","[6,0]",1,no,all residue allocations modulo cyclic rotation
11,11,1,22,2,11,8,ones,FOUND,"{""coeffs"":[1,1,1,1,1,1,1,1],""positions"":[0,2,4,6,8,10,12,14]}","[8,0]",1,no,all residue allocations modulo cyclic rotation
11,11,1,22,2,11,8,one_changed,FOUND,"{""coeffs"":[2,1,1,1,1,1,1,1],""positions"":[0,2,4,6,8,10,12,14]}","[9,0]",1,no,all residue allocations modulo cyclic rotation
11,11,1,22,2,11,8,all_distinct,FOUND,"{""coeffs"":[1,2,3,4,5,6,7,8],""positions"":[0,2,4,6,8,10,12,14]}","[3,0]",1,no,all residue allocations modulo cyclic rotation
11,11,1,22,2,11,9,ones,FOUND,"{""coeffs"":[1,1,1,1,1,1,1,1,1],""positions"":[0,2,4,6,8,10,12,14,16]}","[9,0]",1,no,all residue allocations modulo cyclic rotation
11,11,1,22,2,11,9,one_changed,FOUND,"{""coeffs"":[2,1,1,1,1,1,1,1,1],""positions"":[0,2,4,6,8,10,12,14,16]}","[10,0]",1,no,all residue allocations modulo cyclic rotation
11,11,1,22,2,11,9,all_distinct,FOUND,"{""coeffs"":[1,2,3,4,5,6,7,8,9],""positions"":[0,2,4,6,8,10,12,14,16]}","[1,0]",1,no,all residue allocations modulo cyclic rotation
11,11,1,22,2,11,10,ones,FOUND,"{""coeffs"":[1,1,1,1,1,1,1,1,1,1],""positions"":[0,2,4,6,8,10,12,14,16,18]}","[10,0]",1,no,all residue allocations modulo cyclic rotation
11,11,1,22,2,11,10,one_changed,FOUND,"{""coeffs"":[2,1,1,1,1,1,1,1,1,1],""positions"":[0,2,4,6,8,10,12,14,16,1]}","[10,1]",2,no,all residue allocations modulo cyclic rotation
11,11,1,22,2,11,10,all_distinct,FOUND,"{""coeffs"":[1,2,3,4,5,6,7,8,9,10],""positions"":[0,2,4,6,8,10,12,14,16,1]}","[1,10]",2,no,all residue allocations modulo cyclic rotation
11,11,1,22,2,11,11,ones,FOUND,"{""coeffs"":[1,1,1,1,1,1,1,1,1,1,1],""positions"":[0,2,4,6,8,10,12,14,16,18,1]}","[10,1]",2,no,all residue allocations modulo cyclic rotation
11,11,1,22,2,11,11,one_changed,FOUND,"{""coeffs"":[2,1,1,1,1,1,1,1,1,1,1],""positions"":[0,2,4,6,8,10,12,14,16,18,20]}","[1,0]",1,no,all residue allocations modulo cyclic rotation
11,11,1,22,2,11,12,ones,FOUND,"{""coeffs"":[1,1,1,1,1,1,1,1,1,1,1,1],""positions"":[0,2,4,6,8,10,12,14,16,18,20,1]}","[0,1]",1,no,all residue allocations modulo cyclic rotation
11,11,1,22,2,11,12,one_changed,FOUND,"{""coeffs"":[2,1,1,1,1,1,1,1,1,1,1,1],""positions"":[0,2,4,6,8,10,12,14,16,18,1,3]}","[0,2]",2,no,all residue allocations modulo cyclic rotation
11,11,1,22,2,11,13,ones,FOUND,"{""coeffs"":[1,1,1,1,1,1,1,1,1,1,1,1,1],""positions"":[0,2,4,6,8,10,12,14,16,18,20,1,3]}","[0,2]",1,no,all residue allocations modulo cyclic rotation
11,11,1,22,2,11,13,one_changed,FOUND,"{""coeffs"":[2,1,1,1,1,1,1,1,1,1,1,1,1],""positions"":[0,2,4,6,8,10,12,14,16,18,20,1,3]}","[1,2]",1,no,all residue allocations modulo cyclic rotation
11,11,1,22,2,11,14,ones,FOUND,"{""coeffs"":[1,1,1,1,1,1,1,1,1,1,1,1,1,1],""positions"":[0,2,4,6,8,10,12,14,16,18,20,1,3,5]}","[0,3]",1,no,all residue allocations modulo cyclic rotation
11,11,1,22,2,11,14,one_changed,FOUND,"{""coeffs"":[2,1,1,1,1,1,1,1,1,1,1,1,1,1],""positions"":[0,2,4,6,8,10,12,14,16,18,20,1,3,5]}","[1,3]",1,no,all residue allocations modulo cyclic rotation
11,11,1,22,2,11,15,ones,FOUND,"{""coeffs"":[1,1,1,1,1,1,1,1,1,1,1,1,1,1,1],""positions"":[0,2,4,6,8,10,12,14,16,18,20,1,3,5,7]}","[0,4]",1,no,all residue allocations modulo cyclic rotation
11,11,1,22,2,11,15,one_changed,FOUND,"{""coeffs"":[2,1,1,1,1,1,1,1,1,1,1,1,1,1,1],""positions"":[0,2,4,6,8,10,12,14,16,18,20,1,3,5,7]}","[1,4]",1,no,all residue allocations modulo cyclic rotation
11,11,1,22,2,11,16,ones,FOUND,"{""coeffs"":[1,1,1,1,1,1,1,1,1,1,1,1,1,1,1,1],""positions"":[0,2,4,6,8,10,12,14,16,18,20,1,3,5,7,9]}","[0,5]",1,no,all residue allocations modulo cyclic rotation
11,11,1,22,2,11,16,one_changed,FOUND,"{""coeffs"":[2,1,1,1,1,1,1,1,1,1,1,1,1,1,1,1],""positions"":[0,2,4,6,8,10,12,14,16,18,20,1,3,5,7,9]}","[1,5]",1,no,all residue allocations modulo cyclic rotation
11,11,1,22,2,11,17,ones,FOUND,"{""coeffs"":[1,1,1,1,1,1,1,1,1,1,1,1,1,1,1,1,1],""positions"":[0,2,4,6,8,10,12,14,16,18,20,1,3,5,7,9,11]}","[0,6]",1,no,all residue allocations modulo cyclic rotation
11,11,1,22,2,11,17,one_changed,FOUND,"{""coeffs"":[2,1,1,1,1,1,1,1,1,1,1,1,1,1,1,1,1],""positions"":[0,2,4,6,8,10,12,14,16,18,20,1,3,5,7,9,11]}","[1,6]",1,no,all residue allocations modulo cyclic rotation
11,11,1,22,2,11,18,ones,FOUND,"{""coeffs"":[1,1,1,1,1,1,1,1,1,1,1,1,1,1,1,1,1,1],""positions"":[0,2,4,6,8,10,12,14,16,18,20,1,3,5,7,9,11,13]}","[0,7]",1,no,all residue allocations modulo cyclic rotation
11,11,1,22,2,11,18,one_changed,FOUND,"{""coeffs"":[2,1,1,1,1,1,1,1,1,1,1,1,1,1,1,1,1,1],""positions"":[0,2,4,6,8,10,12,14,16,18,20,1,3,5,7,9,11,13]}","[1,7]",1,no,all residue allocations modulo cyclic rotation
11,11,1,22,2,11,19,ones,FOUND,"{""coeffs"":[1,1,1,1,1,1,1,1,1,1,1,1,1,1,1,1,1,1,1],""positions"":[0,2,4,6,8,10,12,14,16,18,20,1,3,5,7,9,11,13,15]}","[0,8]",1,no,all residue allocations modulo cyclic rotation
11,11,1,22,2,11,19,one_changed,FOUND,"{""coeffs"":[2,1,1,1,1,1,1,1,1,1,1,1,1,1,1,1,1,1,1],""positions"":[0,2,4,6,8,10,12,14,16,18,20,1,3,5,7,9,11,13,15]}","[1,8]",1,no,all residue allocations modulo cyclic rotation
11,11,1,22,2,11,20,ones,FOUND,"{""coeffs"":[1,1,1,1,1,1,1,1,1,1,1,1,1,1,1,1,1,1,1,1],""positions"":[0,2,4,6,8,10,12,14,16,18,20,1,3,5,7,9,11,13,15,17]}","[0,9]",1,no,all residue allocations modulo cyclic rotation
11,11,1,22,2,11,20,one_changed,FOUND,"{""coeffs"":[2,1,1,1,1,1,1,1,1,1,1,1,1,1,1,1,1,1,1,1],""positions"":[0,2,4,6,8,10,12,14,16,18,20,1,3,5,7,9,11,13,15,17]}","[1,9]",1,no,all residue allocations modulo cyclic rotation
11,11,1,22,2,11,21,ones,FOUND,"{""coeffs"":[1,1,1,1,1,1,1,1,1,1,1,1,1,1,1,1,1,1,1,1,1],""positions"":[0,2,4,6,8,10,12,14,16,18,20,1,3,5,7,9,11,13,15,17,19]}","[0,10]",1,no,all residue allocations modulo cyclic rotation
11,11,1,22,2,11,21,one_changed,FOUND,"{""coeffs"":[2,1,1,1,1,1,1,1,1,1,1,1,1,1,1,1,1,1,1,1,1],""positions"":[0,2,4,6,8,10,12,14,16,18,20,1,3,5,7,9,11,13,15,17,19]}","[1,10]",1,no,all residue allocations modulo cyclic rotation
11,11,1,22,2,11,22,ones,NONE,,,1,yes,all residue allocations modulo cyclic rotation
11,11,1,22,2,11,22,one_changed,FOUND,"{""coeffs"":[2,1,1,1,1,1,1,1,1,1,1,1,1,1,1,1,1,1,1,1,1,1],""positions"":[0,2,4,6,8,10,12,14,16,18,20,1,3,5,7,9,11,13,15,17,19,21]}","[1,0]",1,no,all residue allocations modulo cyclic rotation
11,11,1,23,23,1,2,ones,FOUND,"{""coeffs"":[1,1],""positions"":[0,1]}","[1,1,0,0,0,0,0,0,0,0,0,0,0,0,0,0,0,0,0,0,0,0,0]",1,no,all residue allocations modulo cyclic rotation
11,11,1,23,23,1,2,one_changed,FOUND,"{""coeffs"":[1,2],""positions"":[0,1]}","[1,2,0,0,0,0,0,0,0,0,0,0,0,0,0,0,0,0,0,0,0,0,0]",1,no,all residue allocations modulo cyclic rotation
11,11,1,23,23,1,2,all_distinct,FOUND,"{""coeffs"":[1,2],""positions"":[0,1]}","[1,2,0,0,0,0,0,0,0,0,0,0,0,0,0,0,0,0,0,0,0,0,0]",1,no,all residue allocations modulo cyclic rotation
11,11,1,23,23,1,3,ones,FOUND,"{""coeffs"":[1,1,1],""positions"":[0,1,2]}","[1,1,1,0,0,0,0,0,0,0,0,0,0,0,0,0,0,0,0,0,0,0,0]",1,no,all residue allocations modulo cyclic rotation
11,11,1,23,23,1,3,one_changed,FOUND,"{""coeffs"":[2,1,1],""positions"":[0,1,2]}","[2,1,1,0,0,0,0,0,0,0,0,0,0,0,0,0,0,0,0,0,0,0,0]",1,no,all residue allocations modulo cyclic rotation
11,11,1,23,23,1,3,all_distinct,FOUND,"{""coeffs"":[1,2,3],""positions"":[0,1,2]}","[1,2,3,0,0,0,0,0,0,0,0,0,0,0,0,0,0,0,0,0,0,0,0]",1,no,all residue allocations modulo cyclic rotation
11,11,1,23,23,1,4,ones,FOUND,"{""coeffs"":[1,1,1,1],""positions"":[0,1,2,3]}","[1,1,1,1,0,0,0,0,0,0,0,0,0,0,0,0,0,0,0,0,0,0,0]",1,no,all residue allocations modulo cyclic rotation
11,11,1,23,23,1,4,one_changed,FOUND,"{""coeffs"":[2,1,1,1],""positions"":[0,1,2,3]}","[2,1,1,1,0,0,0,0,0,0,0,0,0,0,0,0,0,0,0,0,0,0,0]",1,no,all residue allocations modulo cyclic rotation
11,11,1,23,23,1,4,all_distinct,FOUND,"{""coeffs"":[1,2,3,4],""positions"":[0,1,2,3]}","[1,2,3,4,0,0,0,0,0,0,0,0,0,0,0,0,0,0,0,0,0,0,0]",1,no,all residue allocations modulo cyclic rotation
11,11,1,23,23,1,5,ones,FOUND,"{""coeffs"":[1,1,1,1,1],""positions"":[0,1,2,3,4]}","[1,1,1,1,1,0,0,0,0,0,0,0,0,0,0,0,0,0,0,0,0,0,0]",1,no,all residue allocations modulo cyclic rotation
11,11,1,23,23,1,5,one_changed,FOUND,"{""coeffs"":[2,1,1,1,1],""positions"":[0,1,2,3,4]}","[2,1,1,1,1,0,0,0,0,0,0,0,0,0,0,0,0,0,0,0,0,0,0]",1,no,all residue allocations modulo cyclic rotation
11,11,1,23,23,1,5,all_distinct,FOUND,"{""coeffs"":[1,2,3,4,5],""positions"":[0,1,2,3,4]}","[1,2,3,4,5,0,0,0,0,0,0,0,0,0,0,0,0,0,0,0,0,0,0]",1,no,all residue allocations modulo cyclic rotation
11,11,1,23,23,1,6,ones,FOUND,"{""coeffs"":[1,1,1,1,1,1],""positions"":[0,1,2,3,4,5]}","[1,1,1,1,1,1,0,0,0,0,0,0,0,0,0,0,0,0,0,0,0,0,0]",1,no,all residue allocations modulo cyclic rotation
11,11,1,23,23,1,6,one_changed,FOUND,"{""coeffs"":[2,1,1,1,1,1],""positions"":[0,1,2,3,4,5]}","[2,1,1,1,1,1,0,0,0,0,0,0,0,0,0,0,0,0,0,0,0,0,0]",1,no,all residue allocations modulo cyclic rotation
11,11,1,23,23,1,6,all_distinct,FOUND,"{""coeffs"":[1,2,3,4,5,6],""positions"":[0,1,2,3,4,5]}","[1,2,3,4,5,6,0,0,0,0,0,0,0,0,0,0,0,0,0,0,0,0,0]",1,no,all residue allocations modulo cyclic rotation
11,11,1,23,23,1,7,ones,FOUND,"{""coeffs"":[1,1,1,1,1,1,1],""positions"":[0,1,2,3,4,5,6]}","[1,1,1,1,1,1,1,0,0,0,0,0,0,0,0,0,0,0,0,0,0,0,0]",1,no,all residue allocations modulo cyclic rotation
11,11,1,23,23,1,7,one_changed,FOUND,"{""coeffs"":[2,1,1,1,1,1,1],""positions"":[0,1,2,3,4,5,6]}","[2,1,1,1,1,1,1,0,0,0,0,0,0,0,0,0,0,0,0,0,0,0,0]",1,no,all residue allocations modulo cyclic rotation
11,11,1,23,23,1,7,all_distinct,FOUND,"{""coeffs"":[1,2,3,4,5,6,7],""positions"":[0,1,2,3,4,5,6]}","[1,2,3,4,5,6,7,0,0,0,0,0,0,0,0,0,0,0,0,0,0,0,0]",1,no,all residue allocations modulo cyclic rotation
11,11,1,23,23,1,8,ones,FOUND,"{""coeffs"":[1,1,1,1,1,1,1,1],""positions"":[0,1,2,3,4,5,6,7]}","[1,1,1,1,1,1,1,1,0,0,0,0,0,0,0,0,0,0,0,0,0,0,0]",1,no,all residue allocations modulo cyclic rotation
11,11,1,23,23,1,8,one_changed,FOUND,"{""coeffs"":[2,1,1,1,1,1,1,1],""positions"":[0,1,2,3,4,5,6,7]}","[2,1,1,1,1,1,1,1,0,0,0,0,0,0,0,0,0,0,0,0,0,0,0]",1,no,all residue allocations modulo cyclic rotation
11,11,1,23,23,1,8,all_distinct,FOUND,"{""coeffs"":[1,2,3,4,5,6,7,8],""positions"":[0,1,2,3,4,5,6,7]}","[1,2,3,4,5,6,7,8,0,0,0,0,0,0,0,0,0,0,0,0,0,0,0]",1,no,all residue allocations modulo cyclic rotation
11,11,1,23,23,1,9,ones,FOUND,"{""coeffs"":[1,1,1,1,1,1,1,1,1],""positions"":[0,1,2,3,4,5,6,7,8]}","[1,1,1,1,1,1,1,1,1,0,0,0,0,0,0,0,0,0,0,0,0,0,0]",1,no,all residue allocations modulo cyclic rotation
11,11,1,23,23,1,9,one_changed,FOUND,"{""coeffs"":[2,1,1,1,1,1,1,1,1],""positions"":[0,1,2,3,4,5,6,7,8]}","[2,1,1,1,1,1,1,1,1,0,0,0,0,0,0,0,0,0,0,0,0,0,0]",1,no,all residue allocations modulo cyclic rotation
11,11,1,23,23,1,9,all_distinct,FOUND,"{""coeffs"":[1,2,3,4,5,6,7,8,9],""positions"":[0,1,2,3,4,5,6,7,8]}","[1,2,3,4,5,6,7,8,9,0,0,0,0,0,0,0,0,0,0,0,0,0,0]",1,no,all residue allocations modulo cyclic rotation
11,11,1,23,23,1,10,ones,FOUND,"{""coeffs"":[1,1,1,1,1,1,1,1,1,1],""positions"":[0,1,2,3,4,5,6,7,8,9]}","[1,1,1,1,1,1,1,1,1,1,0,0,0,0,0,0,0,0,0,0,0,0,0]",1,no,all residue allocations modulo cyclic rotation
11,11,1,23,23,1,10,one_changed,FOUND,"{""coeffs"":[2,1,1,1,1,1,1,1,1,1],""positions"":[0,1,2,3,4,5,6,7,8,9]}","[2,1,1,1,1,1,1,1,1,1,0,0,0,0,0,0,0,0,0,0,0,0,0]",1,no,all residue allocations modulo cyclic rotation
11,11,1,23,23,1,10,all_distinct,FOUND,"{""coeffs"":[1,2,3,4,5,6,7,8,9,10],""positions"":[0,1,2,3,4,5,6,7,8,9]}","[1,2,3,4,5,6,7,8,9,10,0,0,0,0,0,0,0,0,0,0,0,0,0]",1,no,all residue allocations modulo cyclic rotation
11,11,1,23,23,1,11,ones,FOUND,"{""coeffs"":[1,1,1,1,1,1,1,1,1,1,1],""positions"":[0,1,2,3,4,5,6,7,8,9,10]}","[1,1,1,1,1,1,1,1,1,1,1,0,0,0,0,0,0,0,0,0,0,0,0]",1,no,all residue allocations modulo cyclic rotation
11,11,1,23,23,1,11,one_changed,FOUND,"{""coeffs"":[2,1,1,1,1,1,1,1,1,1,1],""positions"":[0,1,2,3,4,5,6,7,8,9,10]}","[2,1,1,1,1,1,1,1,1,1,1,0,0,0,0,0,0,0,0,0,0,0,0]",1,no,all residue allocations modulo cyclic rotation
11,11,1,23,23,1,12,ones,FOUND,"{""coeffs"":[1,1,1,1,1,1,1,1,1,1,1,1],""positions"":[0,1,2,3,4,5,6,7,8,9,10,11]}","[1,1,1,1,1,1,1,1,1,1,1,1,0,0,0,0,0,0,0,0,0,0,0]",1,no,all residue allocations modulo cyclic rotation
11,11,1,23,23,1,12,one_changed,FOUND,"{""coeffs"":[2,1,1,1,1,1,1,1,1,1,1,1],""positions"":[0,1,2,3,4,5,6,7,8,9,10,11]}","[2,1,1,1,1,1,1,1,1,1,1,1,0,0,0,0,0,0,0,0,0,0,0]",1,no,all residue allocations modulo cyclic rotation
11,11,1,23,23,1,13,ones,FOUND,"{""coeffs"":[1,1,1,1,1,1,1,1,1,1,1,1,1],""positions"":[0,1,2,3,4,5,6,7,8,9,10,11,12]}","[1,1,1,1,1,1,1,1,1,1,1,1,1,0,0,0,0,0,0,0,0,0,0]",1,no,all residue allocations modulo cyclic rotation
11,11,1,23,23,1,13,one_changed,FOUND,"{""coeffs"":[2,1,1,1,1,1,1,1,1,1,1,1,1],""positions"":[0,1,2,3,4,5,6,7,8,9,10,11,12]}","[2,1,1,1,1,1,1,1,1,1,1,1,1,0,0,0,0,0,0,0,0,0,0]",1,no,all residue allocations modulo cyclic rotation
11,11,1,23,23,1,14,ones,FOUND,"{""coeffs"":[1,1,1,1,1,1,1,1,1,1,1,1,1,1],""positions"":[0,1,2,3,4,5,6,7,8,9,10,11,12,13]}","[1,1,1,1,1,1,1,1,1,1,1,1,1,1,0,0,0,0,0,0,0,0,0]",1,no,all residue allocations modulo cyclic rotation
11,11,1,23,23,1,14,one_changed,FOUND,"{""coeffs"":[2,1,1,1,1,1,1,1,1,1,1,1,1,1],""positions"":[0,1,2,3,4,5,6,7,8,9,10,11,12,13]}","[2,1,1,1,1,1,1,1,1,1,1,1,1,1,0,0,0,0,0,0,0,0,0]",1,no,all residue allocations modulo cyclic rotation
11,11,1,23,23,1,15,ones,FOUND,"{""coeffs"":[1,1,1,1,1,1,1,1,1,1,1,1,1,1,1],""positions"":[0,1,2,3,4,5,6,7,8,9,10,11,12,13,14]}","[1,1,1,1,1,1,1,1,1,1,1,1,1,1,1,0,0,0,0,0,0,0,0]",1,no,all residue allocations modulo cyclic rotation
11,11,1,23,23,1,15,one_changed,FOUND,"{""coeffs"":[2,1,1,1,1,1,1,1,1,1,1,1,1,1,1],""positions"":[0,1,2,3,4,5,6,7,8,9,10,11,12,13,14]}","[2,1,1,1,1,1,1,1,1,1,1,1,1,1,1,0,0,0,0,0,0,0,0]",1,no,all residue allocations modulo cyclic rotation
11,11,1,23,23,1,16,ones,FOUND,"{""coeffs"":[1,1,1,1,1,1,1,1,1,1,1,1,1,1,1,1],""positions"":[0,1,2,3,4,5,6,7,8,9,10,11,12,13,14,15]}","[1,1,1,1,1,1,1,1,1,1,1,1,1,1,1,1,0,0,0,0,0,0,0]",1,no,all residue allocations modulo cyclic rotation
11,11,1,23,23,1,16,one_changed,FOUND,"{""coeffs"":[2,1,1,1,1,1,1,1,1,1,1,1,1,1,1,1],""positions"":[0,1,2,3,4,5,6,7,8,9,10,11,12,13,14,15]}","[2,1,1,1,1,1,1,1,1,1,1,1,1,1,1,1,0,0,0,0,0,0,0]",1,no,all residue allocations modulo cyclic rotation
11,11,1,23,23,1,17,ones,FOUND,"{""coeffs"":[1,1,1,1,1,1,1,1,1,1,1,1,1,1,1,1,1],""positions"":[0,1,2,3,4,5,6,7,8,9,10,11,12,13,14,15,16]}","[1,1,1,1,1,1,1,1,1,1,1,1,1,1,1,1,1,0,0,0,0,0,0]",1,no,all residue allocations modulo cyclic rotation
11,11,1,23,23,1,17,one_changed,FOUND,"{""coeffs"":[2,1,1,1,1,1,1,1,1,1,1,1,1,1,1,1,1],""positions"":[0,1,2,3,4,5,6,7,8,9,10,11,12,13,14,15,16]}","[2,1,1,1,1,1,1,1,1,1,1,1,1,1,1,1,1,0,0,0,0,0,0]",1,no,all residue allocations modulo cyclic rotation
11,11,1,23,23,1,18,ones,FOUND,"{""coeffs"":[1,1,1,1,1,1,1,1,1,1,1,1,1,1,1,1,1,1],""positions"":[0,1,2,3,4,5,6,7,8,9,10,11,12,13,14,15,16,17]}","[1,1,1,1,1,1,1,1,1,1,1,1,1,1,1,1,1,1,0,0,0,0,0]",1,no,all residue allocations modulo cyclic rotation
11,11,1,23,23,1,18,one_changed,FOUND,"{""coeffs"":[2,1,1,1,1,1,1,1,1,1,1,1,1,1,1,1,1,1],""positions"":[0,1,2,3,4,5,6,7,8,9,10,11,12,13,14,15,16,17]}","[2,1,1,1,1,1,1,1,1,1,1,1,1,1,1,1,1,1,0,0,0,0,0]",1,no,all residue allocations modulo cyclic rotation
11,11,1,23,23,1,19,ones,FOUND,"{""coeffs"":[1,1,1,1,1,1,1,1,1,1,1,1,1,1,1,1,1,1,1],""positions"":[0,1,2,3,4,5,6,7,8,9,10,11,12,13,14,15,16,17,18]}","[1,1,1,1,1,1,1,1,1,1,1,1,1,1,1,1,1,1,1,0,0,0,0]",1,no,all residue allocations modulo cyclic rotation
11,11,1,23,23,1,19,one_changed,FOUND,"{""coeffs"":[2,1,1,1,1,1,1,1,1,1,1,1,1,1,1,1,1,1,1],""positions"":[0,1,2,3,4,5,6,7,8,9,10,11,12,13,14,15,16,17,18]}","[2,1,1,1,1,1,1,1,1,1,1,1,1,1,1,1,1,1,1,0,0,0,0]",1,no,all residue allocations modulo cyclic rotation
11,11,1,23,23,1,20,ones,FOUND,"{""coeffs"":[1,1,1,1,1,1,1,1,1,1,1,1,1,1,1,1,1,1,1,1],""positions"":[0,1,2,3,4,5,6,7,8,9,10,11,12,13,14,15,16,17,18,19]}","[1,1,1,1,1,1,1,1,1,1,1,1,1,1,1,1,1,1,1,1,0,0,0]",1,no,all residue allocations modulo cyclic rotation
11,11,1,23,23,1,20,one_changed,FOUND,"{""coeffs"":[2,1,1,1,1,1,1,1,1,1,1,1,1,1,1,1,1,1,1,1],""positions"":[0,1,2,3,4,5,6,7,8,9,10,11,12,13,14,15,16,17,18,19]}","[2,1,1,1,1,1,1,1,1,1,1,1,1,1,1,1,1,1,1,1,0,0,0]",1,no,all residue allocations modulo cyclic rotation
11,11,1,23,23,1,21,ones,FOUND,"{""coeffs"":[1,1,1,1,1,1,1,1,1,1,1,1,1,1,1,1,1,1,1,1,1],""positions"":[0,1,2,3,4,5,6,7,8,9,10,11,12,13,14,15,16,17,18,19,20]}","[1,1,1,1,1,1,1,1,1,1,1,1,1,1,1,1,1,1,1,1,1,0,0]",1,no,all residue allocations modulo cyclic rotation
11,11,1,23,23,1,21,one_changed,FOUND,"{""coeffs"":[2,1,1,1,1,1,1,1,1,1,1,1,1,1,1,1,1,1,1,1,1],""positions"":[0,1,2,3,4,5,6,7,8,9,10,11,12,13,14,15,16,17,18,19,20]}","[2,1,1,1,1,1,1,1,1,1,1,1,1,1,1,1,1,1,1,1,1,0,0]",1,no,all residue allocations modulo cyclic rotation
11,11,1,23,23,1,22,ones,FOUND,"{""coeffs"":[1,1,1,1,1,1,1,1,1,1,1,1,1,1,1,1,1,1,1,1,1,1],""positions"":[0,1,2,3,4,5,6,7,8,9,10,11,12,13,14,15,16,17,18,19,20,21]}","[1,1,1,1,1,1,1,1,1,1,1,1,1,1,1,1,1,1,1,1,1,1,0]",1,no,all residue allocations modulo cyclic rotation
11,11,1,23,23,1,22,one_changed,FOUND,"{""coeffs"":[2,1,1,1,1,1,1,1,1,1,1,1,1,1,1,1,1,1,1,1,1,1],""positions"":[0,1,2,3,4,5,6,7,8,9,10,11,12,13,14,15,16,17,18,19,20,21]}","[2,1,1,1,1,1,1,1,1,1,1,1,1,1,1,1,1,1,1,1,1,1,0]",1,no,all residue allocations modulo cyclic rotation
11,11,1,23,23,1,23,ones,NONE,,,1,yes,all residue allocations modulo cyclic rotation
11,11,1,23,23,1,23,one_changed,FOUND,"{""coeffs"":[2,1,1,1,1,1,1,1,1,1,1,1,1,1,1,1,1,1,1,1,1,1,1],""positions"":[0,1,2,3,4,5,6,7,8,9,10,11,12,13,14,15,16,17,18,19,20,21,22]}","[2,1,1,1,1,1,1,1,1,1,1,1,1,1,1,1,1,1,1,1,1,1,1]",1,no,all residue allocations modulo cyclic rotation
11,11,1,24,24,1,2,ones,FOUND,"{""coeffs"":[1,1],""positions"":[0,8]}","[1,0,0,0,0,0,0,0,1,0,0,0,0,0,0,0,0,0,0,0,0,0,0,0]",8,no,all residue allocations modulo cyclic rotation
11,11,1,24,24,1,2,one_changed,FOUND,"{""coeffs"":[1,2],""positions"":[0,1]}","[1,2,0,0,0,0,0,0,0,0,0,0,0,0,0,0,0,0,0,0,0,0,0,0]",1,no,all residue allocations modulo cyclic rotation
11,11,1,24,24,1,2,all_distinct,FOUND,"{""coeffs"":[1,2],""positions"":[0,1]}","[1,2,0,0,0,0,0,0,0,0,0,0,0,0,0,0,0,0,0,0,0,0,0,0]",1,no,all residue allocations modulo cyclic rotation
11,11,1,24,24,1,3,ones,FOUND,"{""coeffs"":[1,1,1],""positions"":[0,1,3]}","[1,1,0,1,0,0,0,0,0,0,0,0,0,0,0,0,0,0,0,0,0,0,0,0]",2,no,all residue allocations modulo cyclic rotation
11,11,1,24,24,1,3,one_changed,FOUND,"{""coeffs"":[2,1,1],""positions"":[0,1,2]}","[2,1,1,0,0,0,0,0,0,0,0,0,0,0,0,0,0,0,0,0,0,0,0,0]",1,no,all residue allocations modulo cyclic rotation
11,11,1,24,24,1,3,all_distinct,FOUND,"{""coeffs"":[1,2,3],""positions"":[0,1,2]}","[1,2,3,0,0,0,0,0,0,0,0,0,0,0,0,0,0,0,0,0,0,0,0,0]",1,no,all residue allocations modulo cyclic rotation
11,11,1,24,24,1,4,ones,FOUND,"{""coeffs"":[1,1,1,1],""positions"":[0,1,2,4]}","[1,1,1,0,1,0,0,0,0,0,0,0,0,0,0,0,0,0,0,0,0,0,0,0]",2,no,all residue allocations modulo cyclic rotation
11,11,1,24,24,1,4,one_changed,FOUND,"{""coeffs"":[2,1,1,1],""positions"":[0,1,2,3]}","[2,1,1,1,0,0,0,0,0,0,0,0,0,0,0,0,0,0,0,0,0,0,0,0]",1,no,all residue allocations modulo cyclic rotation
11,11,1,24,24,1,4,all_distinct,FOUND,"{""coeffs"":[1,2,3,4],""positions"":[0,1,2,3]}","[1,2,3,4,0,0,0,0,0,0,0,0,0,0,0,0,0,0,0,0,0,0,0,0]",1,no,all residue allocations modulo cyclic rotation
11,11,1,24,24,1,5,ones,FOUND,"{""coeffs"":[1,1,1,1,1],""positions"":[0,1,2,3,4]}","[1,1,1,1,1,0,0,0,0,0,0,0,0,0,0,0,0,0,0,0,0,0,0,0]",1,no,all residue allocations modulo cyclic rotation
11,11,1,24,24,1,5,one_changed,FOUND,"{""coeffs"":[2,1,1,1,1],""positions"":[0,1,2,3,4]}","[2,1,1,1,1,0,0,0,0,0,0,0,0,0,0,0,0,0,0,0,0,0,0,0]",1,no,all residue allocations modulo cyclic rotation
11,11,1,24,24,1,5,all_distinct,FOUND,"{""coeffs"":[1,2,3,4,5],""positions"":[0,1,2,3,4]}","[1,2,3,4,5,0,0,0,0,0,0,0,0,0,0,0,0,0,0,0,0,0,0,0]",1,no,all residue allocations modulo cyclic rotation
11,11,1,24,24,1,6,ones,FOUND,"{""coeffs"":[1,1,1,1,1,1],""positions"":[0,1,2,3,4,12]}","[1,1,1,1,1,0,0,0,0,0,0,0,1,0,0,0,0,0,0,0,0,0,0,0]",8,no,all residue allocations modulo cyclic rotation
11,11,1,24,24,1,6,one_changed,FOUND,"{""coeffs"":[2,1,1,1,1,1],""positions"":[0,1,2,3,4,5]}","[2,1,1,1,1,1,0,0,0,0,0,0,0,0,0,0,0,0,0,0,0,0,0,0]",1,no,all residue allocations modulo cyclic rotation
11,11,1,24,24,1,6,all_distinct,FOUND,"{""coeffs"":[1,2,3,4,5,6],""positions"":[0,1,2,3,4,5]}","[1,2,3,4,5,6,0,0,0,0,0,0,0,0,0,0,0,0,0,0,0,0,0,0]",1,no,all residue allocations modulo cyclic rotation
11,11,1,24,24,1,7,ones,FOUND,"{""coeffs"":[1,1,1,1,1,1,1],""positions"":[0,1,2,3,4,5,6]}","[1,1,1,1,1,1,1,0,0,0,0,0,0,0,0,0,0,0,0,0,0,0,0,0]",1,no,all residue allocations modulo cyclic rotation
11,11,1,24,24,1,7,one_changed,FOUND,"{""coeffs"":[2,1,1,1,1,1,1],""positions"":[0,1,2,3,4,5,6]}","[2,1,1,1,1,1,1,0,0,0,0,0,0,0,0,0,0,0,0,0,0,0,0,0]",1,no,all residue allocations modulo cyclic rotation
11,11,1,24,24,1,7,all_distinct,FOUND,"{""coeffs"":[1,2,3,4,5,6,7],""positions"":[0,1,2,3,4,5,6]}","[1,2,3,4,5,6,7,0,0,0,0,0,0,0,0,0,0,0,0,0,0,0,0,0]",1,no,all residue allocations modulo cyclic rotation
11,11,1,24,24,1,8,ones,FOUND,"{""coeffs"":[1,1,1,1,1,1,1,1],""positions"":[0,1,2,3,4,5,6,8]}","[1,1,1,1,1,1,1,0,1,0,0,0,0,0,0,0,0,0,0,0,0,0,0,0]",2,no,all residue allocations modulo cyclic rotation
11,11,1,24,24,1,8,one_changed,FOUND,"{""coeffs"":[2,1,1,1,1,1,1,1],""positions"":[0,1,2,3,4,5,6,7]}","[2,1,1,1,1,1,1,1,0,0,0,0,0,0,0,0,0,0,0,0,0,0,0,0]",1,no,all residue allocations modulo cyclic rotation
11,11,1,24,24,1,8,all_distinct,FOUND,"{""coeffs"":[1,2,3,4,5,6,7,8],""positions"":[0,1,2,3,4,5,6,7]}","[1,2,3,4,5,6,7,8,0,0,0,0,0,0,0,0,0,0,0,0,0,0,0,0]",1,no,all residue allocations modulo cyclic rotation
11,11,1,24,24,1,9,ones,FOUND,"{""coeffs"":[1,1,1,1,1,1,1,1,1],""positions"":[0,1,2,3,4,5,6,7,9]}","[1,1,1,1,1,1,1,1,0,1,0,0,0,0,0,0,0,0,0,0,0,0,0,0]",2,no,all residue allocations modulo cyclic rotation
11,11,1,24,24,1,9,one_changed,FOUND,"{""coeffs"":[2,1,1,1,1,1,1,1,1],""positions"":[0,1,2,3,4,5,6,7,8]}","[2,1,1,1,1,1,1,1,1,0,0,0,0,0,0,0,0,0,0,0,0,0,0,0]",1,no,all residue allocations modulo cyclic rotation
11,11,1,24,24,1,9,all_distinct,FOUND,"{""coeffs"":[1,2,3,4,5,6,7,8,9],""positions"":[0,1,2,3,4,5,6,7,8]}","[1,2,3,4,5,6,7,8,9,0,0,0,0,0,0,0,0,0,0,0,0,0,0,0]",1,no,all residue allocations modulo cyclic rotation
11,11,1,24,24,1,10,ones,FOUND,"{""coeffs"":[1,1,1,1,1,1,1,1,1,1],""positions"":[0,1,2,3,4,5,6,7,8,16]}","[1,1,1,1,1,1,1,1,1,0,0,0,0,0,0,0,1,0,0,0,0,0,0,0]",8,no,all residue allocations modulo cyclic rotation
11,11,1,24,24,1,10,one_changed,FOUND,"{""coeffs"":[2,1,1,1,1,1,1,1,1,1],""positions"":[0,1,2,3,4,5,6,7,8,9]}","[2,1,1,1,1,1,1,1,1,1,0,0,0,0,0,0,0,0,0,0,0,0,0,0]",1,no,all residue allocations modulo cyclic rotation
11,11,1,24,24,1,10,all_distinct,FOUND,"{""coeffs"":[1,2,3,4,5,6,7,8,9,10],""positions"":[0,1,2,3,4,5,6,7,8,9]}","[1,2,3,4,5,6,7,8,9,10,0,0,0,0,0,0,0,0,0,0,0,0,0,0]",1,no,all residue allocations modulo cyclic rotation
11,11,1,24,24,1,11,ones,FOUND,"{""coeffs"":[1,1,1,1,1,1,1,1,1,1,1],""positions"":[0,1,2,3,4,5,6,7,8,9,10]}","[1,1,1,1,1,1,1,1,1,1,1,0,0,0,0,0,0,0,0,0,0,0,0,0]",1,no,all residue allocations modulo cyclic rotation
11,11,1,24,24,1,11,one_changed,FOUND,"{""coeffs"":[2,1,1,1,1,1,1,1,1,1,1],""positions"":[0,1,2,3,4,5,6,7,8,9,10]}","[2,1,1,1,1,1,1,1,1,1,1,0,0,0,0,0,0,0,0,0,0,0,0,0]",1,no,all residue allocations modulo cyclic rotation
11,11,1,24,24,1,12,ones,FOUND,"{""coeffs"":[1,1,1,1,1,1,1,1,1,1,1,1],""positions"":[0,1,2,3,4,5,6,7,8,9,10,12]}","[1,1,1,1,1,1,1,1,1,1,1,0,1,0,0,0,0,0,0,0,0,0,0,0]",2,no,all residue allocations modulo cyclic rotation
11,11,1,24,24,1,12,one_changed,FOUND,"{""coeffs"":[2,1,1,1,1,1,1,1,1,1,1,1],""positions"":[0,1,2,3,4,5,6,7,8,9,10,11]}","[2,1,1,1,1,1,1,1,1,1,1,1,0,0,0,0,0,0,0,0,0,0,0,0]",1,no,all residue allocations modulo cyclic rotation
11,11,1,24,24,1,13,ones,FOUND,"{""coeffs"":[1,1,1,1,1,1,1,1,1,1,1,1,1],""positions"":[0,1,2,3,4,5,6,7,8,9,10,11,12]}","[1,1,1,1,1,1,1,1,1,1,1,1,1,0,0,0,0,0,0,0,0,0,0,0]",1,no,all residue allocations modulo cyclic rotation
11,11,1,24,24,1,13,one_changed,FOUND,"{""coeffs"":[2,1,1,1,1,1,1,1,1,1,1,1,1],""positions"":[0,1,2,3,4,5,6,7,8,9,10,11,12]}","[2,1,1,1,1,1,1,1,1,1,1,1,1,0,0,0,0,0,0,0,0,0,0,0]",1,no,all residue allocations modulo cyclic rotation
11,11,1,24,24,1,14,ones,FOUND,"{""coeffs"":[1,1,1,1,1,1,1,1,1,1,1,1,1,1],""positions"":[0,1,2,3,4,5,6,7,8,9,10,11,12,16]}","[1,1,1,1,1,1,1,1,1,1,1,1,1,0,0,0,1,0,0,0,0,0,0,0]",4,no,all residue allocations modulo cyclic rotation
11,11,1,24,24,1,14,one_changed,FOUND,"{""coeffs"":[2,1,1,1,1,1,1,1,1,1,1,1,1,1],""positions"":[0,1,2,3,4,5,6,7,8,9,10,11,12,13]}","[2,1,1,1,1,1,1,1,1,1,1,1,1,1,0,0,0,0,0,0,0,0,0,0]",1,no,all residue allocations modulo cyclic rotation
11,11,1,24,24,1,15,ones,FOUND,"{""coeffs"":[1,1,1,1,1,1,1,1,1,1,1,1,1,1,1],""positions"":[0,1,2,3,4,5,6,7,8,9,10,11,12,13,15]}","[1,1,1,1,1,1,1,1,1,1,1,1,1,1,0,1,0,0,0,0,0,0,0,0]",2,no,all residue allocations modulo cyclic rotation
11,11,1,24,24,1,15,one_changed,FOUND,"{""coeffs"":[2,1,1,1,1,1,1,1,1,1,1,1,1,1,1],""positions"":[0,1,2,3,4,5,6,7,8,9,10,11,12,13,14]}","[2,1,1,1,1,1,1,1,1,1,1,1,1,1,1,0,0,0,0,0,0,0,0,0]",1,no,all residue allocations modulo cyclic rotation
11,11,1,24,24,1,16,ones,FOUND,"{""coeffs"":[1,1,1,1,1,1,1,1,1,1,1,1,1,1,1,1],""positions"":[0,1,2,3,4,5,6,7,8,9,10,11,12,13,14,16]}","[1,1,1,1,1,1,1,1,1,1,1,1,1,1,1,0,1,0,0,0,0,0,0,0]",2,no,all residue allocations modulo cyclic rotation
11,11,1,24,24,1,16,one_changed,FOUND,"{""coeffs"":[2,1,1,1,1,1,1,1,1,1,1,1,1,1,1,1],""positions"":[0,1,2,3,4,5,6,7,8,9,10,11,12,13,14,15]}","[2,1,1,1,1,1,1,1,1,1,1,1,1,1,1,1,0,0,0,0,0,0,0,0]",1,no,all residue allocations modulo cyclic rotation
11,11,1,24,24,1,17,ones,FOUND,"{""coeffs"":[1,1,1,1,1,1,1,1,1,1,1,1,1,1,1,1,1],""positions"":[0,1,2,3,4,5,6,7,8,9,10,11,12,13,14,15,16]}","[1,1,1,1,1,1,1,1,1,1,1,1,1,1,1,1,1,0,0,0,0,0,0,0]",1,no,all residue allocations modulo cyclic rotation
11,11,1,24,24,1,17,one_changed,FOUND,"{""coeffs"":[2,1,1,1,1,1,1,1,1,1,1,1,1,1,1,1,1],""positions"":[0,1,2,3,4,5,6,7,8,9,10,11,12,13,14,15,16]}","[2,1,1,1,1,1,1,1,1,1,1,1,1,1,1,1,1,0,0,0,0,0,0,0]",1,no,all residue allocations modulo cyclic rotation
11,11,1,24,24,1,18,ones,FOUND,"{""coeffs"":[1,1,1,1,1,1,1,1,1,1,1,1,1,1,1,1,1,1],""positions"":[0,1,2,3,4,5,6,7,8,9,10,11,12,13,14,16,17,20]}","[1,1,1,1,1,1,1,1,1,1,1,1,1,1,1,0,1,1,0,0,1,0,0,0]",31,no,all residue allocations modulo cyclic rotation
11,11,1,24,24,1,18,one_changed,FOUND,"{""coeffs"":[2,1,1,1,1,1,1,1,1,1,1,1,1,1,1,1,1,1],""positions"":[0,1,2,3,4,5,6,7,8,9,10,11,12,13,14,15,16,17]}","[2,1,1,1,1,1,1,1,1,1,1,1,1,1,1,1,1,1,0,0,0,0,0,0]",1,no,all residue allocations modulo cyclic rotation
11,11,1,24,24,1,19,ones,FOUND,"{""coeffs"":[1,1,1,1,1,1,1,1,1,1,1,1,1,1,1,1,1,1,1],""positions"":[0,1,2,3,4,5,6,7,8,9,10,11,12,13,14,15,16,17,18]}","[1,1,1,1,1,1,1,1,1,1,1,1,1,1,1,1,1,1,1,0,0,0,0,0]",1,no,all residue allocations modulo cyclic rotation
11,11,1,24,24,1,19,one_changed,FOUND,"{""coeffs"":[2,1,1,1,1,1,1,1,1,1,1,1,1,1,1,1,1,1,1],""positions"":[0,1,2,3,4,5,6,7,8,9,10,11,12,13,14,15,16,17,18]}","[2,1,1,1,1,1,1,1,1,1,1,1,1,1,1,1,1,1,1,0,0,0,0,0]",1,no,all residue allocations modulo cyclic rotation
11,11,1,24,24,1,20,ones,FOUND,"{""coeffs"":[1,1,1,1,1,1,1,1,1,1,1,1,1,1,1,1,1,1,1,1],""positions"":[0,1,2,3,4,5,6,7,8,9,10,11,12,13,14,15,16,17,18,20]}","[1,1,1,1,1,1,1,1,1,1,1,1,1,1,1,1,1,1,1,0,1,0,0,0]",2,no,all residue allocations modulo cyclic rotation
11,11,1,24,24,1,20,one_changed,FOUND,"{""coeffs"":[2,1,1,1,1,1,1,1,1,1,1,1,1,1,1,1,1,1,1,1],""positions"":[0,1,2,3,4,5,6,7,8,9,10,11,12,13,14,15,16,17,18,19]}","[2,1,1,1,1,1,1,1,1,1,1,1,1,1,1,1,1,1,1,1,0,0,0,0]",1,no,all residue allocations modulo cyclic rotation
11,11,1,24,24,1,21,ones,FOUND,"{""coeffs"":[1,1,1,1,1,1,1,1,1,1,1,1,1,1,1,1,1,1,1,1,1],""positions"":[0,1,2,3,4,5,6,7,8,9,10,11,12,13,14,15,16,17,18,19,21]}","[1,1,1,1,1,1,1,1,1,1,1,1,1,1,1,1,1,1,1,1,0,1,0,0]",2,no,all residue allocations modulo cyclic rotation
11,11,1,24,24,1,21,one_changed,FOUND,"{""coeffs"":[2,1,1,1,1,1,1,1,1,1,1,1,1,1,1,1,1,1,1,1,1],""positions"":[0,1,2,3,4,5,6,7,8,9,10,11,12,13,14,15,16,17,18,19,20]}","[2,1,1,1,1,1,1,1,1,1,1,1,1,1,1,1,1,1,1,1,1,0,0,0]",1,no,all residue allocations modulo cyclic rotation
11,11,1,24,24,1,22,ones,FOUND,"{""coeffs"":[1,1,1,1,1,1,1,1,1,1,1,1,1,1,1,1,1,1,1,1,1,1],""positions"":[0,1,2,3,4,5,6,7,8,9,10,11,12,13,14,16,17,18,19,20,21,22]}","[1,1,1,1,1,1,1,1,1,1,1,1,1,1,1,0,1,1,1,1,1,1,1,0]",29,no,all residue allocations modulo cyclic rotation
11,11,1,24,24,1,22,one_changed,FOUND,"{""coeffs"":[2,1,1,1,1,1,1,1,1,1,1,1,1,1,1,1,1,1,1,1,1,1],""positions"":[0,1,2,3,4,5,6,7,8,9,10,11,12,13,14,15,16,17,18,19,20,21]}","[2,1,1,1,1,1,1,1,1,1,1,1,1,1,1,1,1,1,1,1,1,1,0,0]",1,no,all residue allocations modulo cyclic rotation
11,11,1,24,24,1,23,ones,FOUND,"{""coeffs"":[1,1,1,1,1,1,1,1,1,1,1,1,1,1,1,1,1,1,1,1,1,1,1],""positions"":[0,1,2,3,4,5,6,7,8,9,10,11,12,13,14,15,16,17,18,19,20,21,22]}","[1,1,1,1,1,1,1,1,1,1,1,1,1,1,1,1,1,1,1,1,1,1,1,0]",1,no,all residue allocations modulo cyclic rotation
11,11,1,24,24,1,23,one_changed,FOUND,"{""coeffs"":[2,1,1,1,1,1,1,1,1,1,1,1,1,1,1,1,1,1,1,1,1,1,1],""positions"":[0,1,2,3,4,5,6,7,8,9,10,11,12,13,14,15,16,17,18,19,20,21,22]}","[2,1,1,1,1,1,1,1,1,1,1,1,1,1,1,1,1,1,1,1,1,1,1,0]",1,no,all residue allocations modulo cyclic rotation
11,11,1,24,24,1,24,ones,NONE,,,1,yes,all residue allocations modulo cyclic rotation
11,11,1,24,24,1,24,one_changed,FOUND,"{""coeffs"":[2,1,1,1,1,1,1,1,1,1,1,1,1,1,1,1,1,1,1,1,1,1,1,1],""positions"":[0,1,2,3,4,5,6,7,8,9,10,11,12,13,14,15,16,17,18,19,20,21,22,23]}","[2,1,1,1,1,1,1,1,1,1,1,1,1,1,1,1,1,1,1,1,1,1,1,1]",1,no,all residue allocations modulo cyclic rotation
11,11,1,25,25,1,2,ones,FOUND,"{""coeffs"":[1,1],""positions"":[0,1]}","[1,1,0,0,0,0,0,0,0,0,0,0,0,0,0,0,0,0,0,0,0,0,0,0,0]",1,no,all residue allocations modulo cyclic rotation
11,11,1,25,25,1,2,one_changed,FOUND,"{""coeffs"":[1,2],""positions"":[0,1]}","[1,2,0,0,0,0,0,0,0,0,0,0,0,0,0,0,0,0,0,0,0,0,0,0,0]",1,no,all residue allocations modulo cyclic rotation
11,11,1,25,25,1,2,all_distinct,FOUND,"{""coeffs"":[1,2],""positions"":[0,1]}","[1,2,0,0,0,0,0,0,0,0,0,0,0,0,0,0,0,0,0,0,0,0,0,0,0]",1,no,all residue allocations modulo cyclic rotation
11,11,1,25,25,1,3,ones,FOUND,"{""coeffs"":[1,1,1],""positions"":[0,1,2]}","[1,1,1,0,0,0,0,0,0,0,0,0,0,0,0,0,0,0,0,0,0,0,0,0,0]",1,no,all residue allocations modulo cyclic rotation
11,11,1,25,25,1,3,one_changed,FOUND,"{""coeffs"":[2,1,1],""positions"":[0,1,2]}","[2,1,1,0,0,0,0,0,0,0,0,0,0,0,0,0,0,0,0,0,0,0,0,0,0]",1,no,all residue allocations modulo cyclic rotation
11,11,1,25,25,1,3,all_distinct,FOUND,"{""coeffs"":[1,2,3],""positions"":[0,1,2]}","[1,2,3,0,0,0,0,0,0,0,0,0,0,0,0,0,0,0,0,0,0,0,0,0,0]",1,no,all residue allocations modulo cyclic rotation
11,11,1,25,25,1,4,ones,FOUND,"{""coeffs"":[1,1,1,1],""positions"":[0,1,2,3]}","[1,1,1,1,0,0,0,0,0,0,0,0,0,0,0,0,0,0,0,0,0,0,0,0,0]",1,no,all residue allocations modulo cyclic rotation
11,11,1,25,25,1,4,one_changed,FOUND,"{""coeffs"":[2,1,1,1],""positions"":[0,1,2,3]}","[2,1,1,1,0,0,0,0,0,0,0,0,0,0,0,0,0,0,0,0,0,0,0,0,0]",1,no,all residue allocations modulo cyclic rotation
11,11,1,25,25,1,4,all_distinct,FOUND,"{""coeffs"":[1,2,3,4],""positions"":[0,1,2,3]}","[1,2,3,4,0,0,0,0,0,0,0,0,0,0,0,0,0,0,0,0,0,0,0,0,0]",1,no,all residue allocations modulo cyclic rotation
11,11,1,25,25,1,5,ones,FOUND,"{""coeffs"":[1,1,1,1,1],""positions"":[0,1,2,3,5]}","[1,1,1,1,0,1,0,0,0,0,0,0,0,0,0,0,0,0,0,0,0,0,0,0,0]",2,no,all residue allocations modulo cyclic rotation
11,11,1,25,25,1,5,one_changed,FOUND,"{""coeffs"":[2,1,1,1,1],""positions"":[0,1,2,3,4]}","[2,1,1,1,1,0,0,0,0,0,0,0,0,0,0,0,0,0,0,0,0,0,0,0,0]",1,no,all residue allocations modulo cyclic rotation
11,11,1,25,25,1,5,all_distinct,FOUND,"{""coeffs"":[1,2,3,4,5],""positions"":[0,1,2,3,4]}","[1,2,3,4,5,0,0,0,0,0,0,0,0,0,0,0,0,0,0,0,0,0,0,0,0]",1,no,all residue allocations modulo cyclic rotation
11,11,1,25,25,1,6,ones,FOUND,"{""coeffs"":[1,1,1,1,1,1],""positions"":[0,1,2,3,4,5]}","[1,1,1,1,1,1,0,0,0,0,0,0,0,0,0,0,0,0,0,0,0,0,0,0,0]",1,no,all residue allocations modulo cyclic rotation
11,11,1,25,25,1,6,one_changed,FOUND,"{""coeffs"":[2,1,1,1,1,1],""positions"":[0,1,2,3,4,5]}","[2,1,1,1,1,1,0,0,0,0,0,0,0,0,0,0,0,0,0,0,0,0,0,0,0]",1,no,all residue allocations modulo cyclic rotation
11,11,1,25,25,1,6,all_distinct,FOUND,"{""coeffs"":[1,2,3,4,5,6],""positions"":[0,1,2,3,4,5]}","[1,2,3,4,5,6,0,0,0,0,0,0,0,0,0,0,0,0,0,0,0,0,0,0,0]",1,no,all residue allocations modulo cyclic rotation
11,11,1,25,25,1,7,ones,FOUND,"{""coeffs"":[1,1,1,1,1,1,1],""positions"":[0,1,2,3,4,5,6]}","[1,1,1,1,1,1,1,0,0,0,0,0,0,0,0,0,0,0,0,0,0,0,0,0,0]",1,no,all residue allocations modulo cyclic rotation
11,11,1,25,25,1,7,one_changed,FOUND,"{""coeffs"":[2,1,1,1,1,1,1],""positions"":[0,1,2,3,4,5,6]}","[2,1,1,1,1,1,1,0,0,0,0,0,0,0,0,0,0,0,0,0,0,0,0,0,0]",1,no,all residue allocations modulo cyclic rotation
11,11,1,25,25,1,7,all_distinct,FOUND,"{""coeffs"":[1,2,3,4,5,6,7],""positions"":[0,1,2,3,4,5,6]}","[1,2,3,4,5,6,7,0,0,0,0,0,0,0,0,0,0,0,0,0,0,0,0,0,0]",1,no,all residue allocations modulo cyclic rotation
11,11,1,25,25,1,8,ones,FOUND,"{""coeffs"":[1,1,1,1,1,1,1,1],""positions"":[0,1,2,3,4,5,6,7]}","[1,1,1,1,1,1,1,1,0,0,0,0,0,0,0,0,0,0,0,0,0,0,0,0,0]",1,no,all residue allocations modulo cyclic rotation
11,11,1,25,25,1,8,one_changed,FOUND,"{""coeffs"":[2,1,1,1,1,1,1,1],""positions"":[0,1,2,3,4,5,6,7]}","[2,1,1,1,1,1,1,1,0,0,0,0,0,0,0,0,0,0,0,0,0,0,0,0,0]",1,no,all residue allocations modulo cyclic rotation
11,11,1,25,25,1,8,all_distinct,FOUND,"{""coeffs"":[1,2,3,4,5,6,7,8],""positions"":[0,1,2,3,4,5,6,7]}","[1,2,3,4,5,6,7,8,0,0,0,0,0,0,0,0,0,0,0,0,0,0,0,0,0]",1,no,all residue allocations modulo cyclic rotation
11,11,1,25,25,1,9,ones,FOUND,"{""coeffs"":[1,1,1,1,1,1,1,1,1],""positions"":[0,1,2,3,4,5,6,7,8]}","[1,1,1,1,1,1,1,1,1,0,0,0,0,0,0,0,0,0,0,0,0,0,0,0,0]",1,no,all residue allocations modulo cyclic rotation
11,11,1,25,25,1,9,one_changed,FOUND,"{""coeffs"":[2,1,1,1,1,1,1,1,1],""positions"":[0,1,2,3,4,5,6,7,8]}","[2,1,1,1,1,1,1,1,1,0,0,0,0,0,0,0,0,0,0,0,0,0,0,0,0]",1,no,all residue allocations modulo cyclic rotation
11,11,1,25,25,1,9,all_distinct,FOUND,"{""coeffs"":[1,2,3,4,5,6,7,8,9],""positions"":[0,1,2,3,4,5,6,7,8]}","[1,2,3,4,5,6,7,8,9,0,0,0,0,0,0,0,0,0,0,0,0,0,0,0,0]",1,no,all residue allocations modulo cyclic rotation
11,11,1,25,25,1,10,ones,FOUND,"{""coeffs"":[1,1,1,1,1,1,1,1,1,1],""positions"":[0,1,2,3,4,5,6,7,8,10]}","[1,1,1,1,1,1,1,1,1,0,1,0,0,0,0,0,0,0,0,0,0,0,0,0,0]",2,no,all residue allocations modulo cyclic rotation
11,11,1,25,25,1,10,one_changed,FOUND,"{""coeffs"":[2,1,1,1,1,1,1,1,1,1],""positions"":[0,1,2,3,4,5,6,7,8,9]}","[2,1,1,1,1,1,1,1,1,1,0,0,0,0,0,0,0,0,0,0,0,0,0,0,0]",1,no,all residue allocations modulo cyclic rotation
11,11,1,25,25,1,10,all_distinct,FOUND,"{""coeffs"":[1,2,3,4,5,6,7,8,9,10],""positions"":[0,1,2,3,4,5,6,7,8,9]}","[1,2,3,4,5,6,7,8,9,10,0,0,0,0,0,0,0,0,0,0,0,0,0,0,0]",1,no,all residue allocations modulo cyclic rotation
11,11,1,25,25,1,11,ones,FOUND,"{""coeffs"":[1,1,1,1,1,1,1,1,1,1,1],""positions"":[0,1,2,3,4,5,6,7,8,9,10]}","[1,1,1,1,1,1,1,1,1,1,1,0,0,0,0,0,0,0,0,0,0,0,0,0,0]",1,no,all residue allocations modulo cyclic rotation
11,11,1,25,25,1,11,one_changed,FOUND,"{""coeffs"":[2,1,1,1,1,1,1,1,1,1,1],""positions"":[0,1,2,3,4,5,6,7,8,9,10]}","[2,1,1,1,1,1,1,1,1,1,1,0,0,0,0,0,0,0,0,0,0,0,0,0,0]",1,no,all residue allocations modulo cyclic rotation
11,11,1,25,25,1,12,ones,FOUND,"{""coeffs"":[1,1,1,1,1,1,1,1,1,1,1,1],""positions"":[0,1,2,3,4,5,6,7,8,9,10,11]}","[1,1,1,1,1,1,1,1,1,1,1,1,0,0,0,0,0,0,0,0,0,0,0,0,0]",1,no,all residue allocations modulo cyclic rotation
11,11,1,25,25,1,12,one_changed,FOUND,"{""coeffs"":[2,1,1,1,1,1,1,1,1,1,1,1],""positions"":[0,1,2,3,4,5,6,7,8,9,10,11]}","[2,1,1,1,1,1,1,1,1,1,1,1,0,0,0,0,0,0,0,0,0,0,0,0,0]",1,no,all residue allocations modulo cyclic rotation
11,11,1,25,25,1,13,ones,FOUND,"{""coeffs"":[1,1,1,1,1,1,1,1,1,1,1,1,1],""positions"":[0,1,2,3,4,5,6,7,8,9,10,11,12]}","[1,1,1,1,1,1,1,1,1,1,1,1,1,0,0,0,0,0,0,0,0,0,0,0,0]",1,no,all residue allocations modulo cyclic rotation
11,11,1,25,25,1,13,one_changed,FOUND,"{""coeffs"":[2,1,1,1,1,1,1,1,1,1,1,1,1],""positions"":[0,1,2,3,4,5,6,7,8,9,10,11,12]}","[2,1,1,1,1,1,1,1,1,1,1,1,1,0,0,0,0,0,0,0,0,0,0,0,0]",1,no,all residue allocations modulo cyclic rotation
11,11,1,25,25,1,14,ones,FOUND,"{""coeffs"":[1,1,1,1,1,1,1,1,1,1,1,1,1,1],""positions"":[0,1,2,3,4,5,6,7,8,9,10,11,12,13]}","[1,1,1,1,1,1,1,1,1,1,1,1,1,1,0,0,0,0,0,0,0,0,0,0,0]",1,no,all residue allocations modulo cyclic rotation
11,11,1,25,25,1,14,one_changed,FOUND,"{""coeffs"":[2,1,1,1,1,1,1,1,1,1,1,1,1,1],""positions"":[0,1,2,3,4,5,6,7,8,9,10,11,12,13]}","[2,1,1,1,1,1,1,1,1,1,1,1,1,1,0,0,0,0,0,0,0,0,0,0,0]",1,no,all residue allocations modulo cyclic rotation
11,11,1,25,25,1,15,ones,FOUND,"{""coeffs"":[1,1,1,1,1,1,1,1,1,1,1,1,1,1,1],""positions"":[0,1,2,3,4,5,6,7,8,9,10,11,12,13,15]}","[1,1,1,1,1,1,1,1,1,1,1,1,1,1,0,1,0,0,0,0,0,0,0,0,0]",2,no,all residue allocations modulo cyclic rotation
11,11,1,25,25,1,15,one_changed,FOUND,"{""coeffs"":[2,1,1,1,1,1,1,1,1,1,1,1,1,1,1],""positions"":[0,1,2,3,4,5,6,7,8,9,10,11,12,13,14]}","[2,1,1,1,1,1,1,1,1,1,1,1,1,1,1,0,0,0,0,0,0,0,0,0,0]",1,no,all residue allocations modulo cyclic rotation
11,11,1,25,25,1,16,ones,FOUND,"{""coeffs"":[1,1,1,1,1,1,1,1,1,1,1,1,1,1,1,1],""positions"":[0,1,2,3,4,5,6,7,8,9,10,11,12,13,14,15]}","[1,1,1,1,1,1,1,1,1,1,1,1,1,1,1,1,0,0,0,0,0,0,0,0,0]",1,no,all residue allocations modulo cyclic rotation
11,11,1,25,25,1,16,one_changed,FOUND,"{""coeffs"":[2,1,1,1,1,1,1,1,1,1,1,1,1,1,1,1],""positions"":[0,1,2,3,4,5,6,7,8,9,10,11,12,13,14,15]}","[2,1,1,1,1,1,1,1,1,1,1,1,1,1,1,1,0,0,0,0,0,0,0,0,0]",1,no,all residue allocations modulo cyclic rotation
11,11,1,25,25,1,17,ones,FOUND,"{""coeffs"":[1,1,1,1,1,1,1,1,1,1,1,1,1,1,1,1,1],""positions"":[0,1,2,3,4,5,6,7,8,9,10,11,12,13,14,15,16]}","[1,1,1,1,1,1,1,1,1,1,1,1,1,1,1,1,1,0,0,0,0,0,0,0,0]",1,no,all residue allocations modulo cyclic rotation
11,11,1,25,25,1,17,one_changed,FOUND,"{""coeffs"":[2,1,1,1,1,1,1,1,1,1,1,1,1,1,1,1,1],""positions"":[0,1,2,3,4,5,6,7,8,9,10,11,12,13,14,15,16]}","[2,1,1,1,1,1,1,1,1,1,1,1,1,1,1,1,1,0,0,0,0,0,0,0,0]",1,no,all residue allocations modulo cyclic rotation
11,11,1,25,25,1,18,ones,FOUND,"{""coeffs"":[1,1,1,1,1,1,1,1,1,1,1,1,1,1,1,1,1,1],""positions"":[0,1,2,3,4,5,6,7,8,9,10,11,12,13,14,15,16,17]}","[1,1,1,1,1,1,1,1,1,1,1,1,1,1,1,1,1,1,0,0,0,0,0,0,0]",1,no,all residue allocations modulo cyclic rotation
11,11,1,25,25,1,18,one_changed,FOUND,"{""coeffs"":[2,1,1,1,1,1,1,1,1,1,1,1,1,1,1,1,1,1],""positions"":[0,1,2,3,4,5,6,7,8,9,10,11,12,13,14,15,16,17]}","[2,1,1,1,1,1,1,1,1,1,1,1,1,1,1,1,1,1,0,0,0,0,0,0,0]",1,no,all residue allocations modulo cyclic rotation
11,11,1,25,25,1,19,ones,FOUND,"{""coeffs"":[1,1,1,1,1,1,1,1,1,1,1,1,1,1,1,1,1,1,1],""positions"":[0,1,2,3,4,5,6,7,8,9,10,11,12,13,14,15,16,17,18]}","[1,1,1,1,1,1,1,1,1,1,1,1,1,1,1,1,1,1,1,0,0,0,0,0,0]",1,no,all residue allocations modulo cyclic rotation
11,11,1,25,25,1,19,one_changed,FOUND,"{""coeffs"":[2,1,1,1,1,1,1,1,1,1,1,1,1,1,1,1,1,1,1],""positions"":[0,1,2,3,4,5,6,7,8,9,10,11,12,13,14,15,16,17,18]}","[2,1,1,1,1,1,1,1,1,1,1,1,1,1,1,1,1,1,1,0,0,0,0,0,0]",1,no,all residue allocations modulo cyclic rotation
11,11,1,25,25,1,20,ones,FOUND,"{""coeffs"":[1,1,1,1,1,1,1,1,1,1,1,1,1,1,1,1,1,1,1,1],""positions"":[0,1,2,3,4,5,6,7,8,9,10,11,12,13,14,15,16,17,18,20]}","[1,1,1,1,1,1,1,1,1,1,1,1,1,1,1,1,1,1,1,0,1,0,0,0,0]",2,no,all residue allocations modulo cyclic rotation
11,11,1,25,25,1,20,one_changed,FOUND,"{""coeffs"":[2,1,1,1,1,1,1,1,1,1,1,1,1,1,1,1,1,1,1,1],""positions"":[0,1,2,3,4,5,6,7,8,9,10,11,12,13,14,15,16,17,18,19]}","[2,1,1,1,1,1,1,1,1,1,1,1,1,1,1,1,1,1,1,1,0,0,0,0,0]",1,no,all residue allocations modulo cyclic rotation
11,11,1,25,25,1,21,ones,FOUND,"{""coeffs"":[1,1,1,1,1,1,1,1,1,1,1,1,1,1,1,1,1,1,1,1,1],""positions"":[0,1,2,3,4,5,6,7,8,9,10,11,12,13,14,15,16,17,18,19,20]}","[1,1,1,1,1,1,1,1,1,1,1,1,1,1,1,1,1,1,1,1,1,0,0,0,0]",1,no,all residue allocations modulo cyclic rotation
11,11,1,25,25,1,21,one_changed,FOUND,"{""coeffs"":[2,1,1,1,1,1,1,1,1,1,1,1,1,1,1,1,1,1,1,1,1],""positions"":[0,1,2,3,4,5,6,7,8,9,10,11,12,13,14,15,16,17,18,19,20]}","[2,1,1,1,1,1,1,1,1,1,1,1,1,1,1,1,1,1,1,1,1,0,0,0,0]",1,no,all residue allocations modulo cyclic rotation
11,11,1,25,25,1,22,ones,FOUND,"{""coeffs"":[1,1,1,1,1,1,1,1,1,1,1,1,1,1,1,1,1,1,1,1,1,1],""positions"":[0,1,2,3,4,5,6,7,8,9,10,11,12,13,14,15,16,17,18,19,20,21]}","[1,1,1,1,1,1,1,1,1,1,1,1,1,1,1,1,1,1,1,1,1,1,0,0,0]",1,no,all residue allocations modulo cyclic rotation
11,11,1,25,25,1,22,one_changed,FOUND,"{""coeffs"":[2,1,1,1,1,1,1,1,1,1,1,1,1,1,1,1,1,1,1,1,1,1],""positions"":[0,1,2,3,4,5,6,7,8,9,10,11,12,13,14,15,16,17,18,19,20,21]}","[2,1,1,1,1,1,1,1,1,1,1,1,1,1,1,1,1,1,1,1,1,1,0,0,0]",1,no,all residue allocations modulo cyclic rotation
11,11,1,25,25,1,23,ones,FOUND,"{""coeffs"":[1,1,1,1,1,1,1,1,1,1,1,1,1,1,1,1,1,1,1,1,1,1,1],""positions"":[0,1,2,3,4,5,6,7,8,9,10,11,12,13,14,15,16,17,18,19,20,21,22]}","[1,1,1,1,1,1,1,1,1,1,1,1,1,1,1,1,1,1,1,1,1,1,1,0,0]",1,no,all residue allocations modulo cyclic rotation
11,11,1,25,25,1,23,one_changed,FOUND,"{""coeffs"":[2,1,1,1,1,1,1,1,1,1,1,1,1,1,1,1,1,1,1,1,1,1,1],""positions"":[0,1,2,3,4,5,6,7,8,9,10,11,12,13,14,15,16,17,18,19,20,21,22]}","[2,1,1,1,1,1,1,1,1,1,1,1,1,1,1,1,1,1,1,1,1,1,1,0,0]",1,no,all residue allocations modulo cyclic rotation
11,11,1,25,25,1,24,ones,FOUND,"{""coeffs"":[1,1,1,1,1,1,1,1,1,1,1,1,1,1,1,1,1,1,1,1,1,1,1,1],""positions"":[0,1,2,3,4,5,6,7,8,9,10,11,12,13,14,15,16,17,18,19,20,21,22,23]}","[1,1,1,1,1,1,1,1,1,1,1,1,1,1,1,1,1,1,1,1,1,1,1,1,0]",1,no,all residue allocations modulo cyclic rotation
11,11,1,25,25,1,24,one_changed,FOUND,"{""coeffs"":[2,1,1,1,1,1,1,1,1,1,1,1,1,1,1,1,1,1,1,1,1,1,1,1],""positions"":[0,1,2,3,4,5,6,7,8,9,10,11,12,13,14,15,16,17,18,19,20,21,22,23]}","[2,1,1,1,1,1,1,1,1,1,1,1,1,1,1,1,1,1,1,1,1,1,1,1,0]",1,no,all residue allocations modulo cyclic rotation
11,11,1,25,25,1,25,ones,NONE,,,1,yes,all residue allocations modulo cyclic rotation
11,11,1,25,25,1,25,one_changed,FOUND,"{""coeffs"":[2,1,1,1,1,1,1,1,1,1,1,1,1,1,1,1,1,1,1,1,1,1,1,1,1],""positions"":[0,1,2,3,4,5,6,7,8,9,10,11,12,13,14,15,16,17,18,19,20,21,22,23,24]}","[2,1,1,1,1,1,1,1,1,1,1,1,1,1,1,1,1,1,1,1,1,1,1,1,1]",1,no,all residue allocations modulo cyclic rotation
11,11,1,26,26,1,2,ones,FOUND,"{""coeffs"":[1,1],""positions"":[0,2]}","[1,0,1,0,0,0,0,0,0,0,0,0,0,0,0,0,0,0,0,0,0,0,0,0,0,0]",2,no,all residue allocations modulo cyclic rotation
11,11,1,26,26,1,2,one_changed,FOUND,"{""coeffs"":[1,2],""positions"":[0,1]}","[1,2,0,0,0,0,0,0,0,0,0,0,0,0,0,0,0,0,0,0,0,0,0,0,0,0]",1,no,all residue allocations modulo cyclic rotation
11,11,1,26,26,1,2,all_distinct,FOUND,"{""coeffs"":[1,2],""positions"":[0,1]}","[1,2,0,0,0,0,0,0,0,0,0,0,0,0,0,0,0,0,0,0,0,0,0,0,0,0]",1,no,all residue allocations modulo cyclic rotation
11,11,1,26,26,1,3,ones,FOUND,"{""coeffs"":[1,1,1],""positions"":[0,1,2]}","[1,1,1,0,0,0,0,0,0,0,0,0,0,0,0,0,0,0,0,0,0,0,0,0,0,0]",1,no,all residue allocations modulo cyclic rotation
11,11,1,26,26,1,3,one_changed,FOUND,"{""coeffs"":[2,1,1],""positions"":[0,1,2]}","[2,1,1,0,0,0,0,0,0,0,0,0,0,0,0,0,0,0,0,0,0,0,0,0,0,0]",1,no,all residue allocations modulo cyclic rotation
11,11,1,26,26,1,3,all_distinct,FOUND,"{""coeffs"":[1,2,3],""positions"":[0,1,2]}","[1,2,3,0,0,0,0,0,0,0,0,0,0,0,0,0,0,0,0,0,0,0,0,0,0,0]",1,no,all residue allocations modulo cyclic rotation
11,11,1,26,26,1,4,ones,FOUND,"{""coeffs"":[1,1,1,1],""positions"":[0,1,2,4]}","[1,1,1,0,1,0,0,0,0,0,0,0,0,0,0,0,0,0,0,0,0,0,0,0,0,0]",2,no,all residue allocations modulo cyclic rotation
11,11,1,26,26,1,4,one_changed,FOUND,"{""coeffs"":[2,1,1,1],""positions"":[0,1,2,3]}","[2,1,1,1,0,0,0,0,0,0,0,0,0,0,0,0,0,0,0,0,0,0,0,0,0,0]",1,no,all residue allocations modulo cyclic rotation
11,11,1,26,26,1,4,all_distinct,FOUND,"{""coeffs"":[1,2,3,4],""positions"":[0,1,2,3]}","[1,2,3,4,0,0,0,0,0,0,0,0,0,0,0,0,0,0,0,0,0,0,0,0,0,0]",1,no,all residue allocations modulo cyclic rotation
11,11,1,26,26,1,5,ones,FOUND,"{""coeffs"":[1,1,1,1,1],""positions"":[0,1,2,3,4]}","[1,1,1,1,1,0,0,0,0,0,0,0,0,0,0,0,0,0,0,0,0,0,0,0,0,0]",1,no,all residue allocations modulo cyclic rotation
11,11,1,26,26,1,5,one_changed,FOUND,"{""coeffs"":[2,1,1,1,1],""positions"":[0,1,2,3,4]}","[2,1,1,1,1,0,0,0,0,0,0,0,0,0,0,0,0,0,0,0,0,0,0,0,0,0]",1,no,all residue allocations modulo cyclic rotation
11,11,1,26,26,1,5,all_distinct,FOUND,"{""coeffs"":[1,2,3,4,5],""positions"":[0,1,2,3,4]}","[1,2,3,4,5,0,0,0,0,0,0,0,0,0,0,0,0,0,0,0,0,0,0,0,0,0]",1,no,all residue allocations modulo cyclic rotation
11,11,1,26,26,1,6,ones,FOUND,"{""coeffs"":[1,1,1,1,1,1],""positions"":[0,1,2,3,4,6]}","[1,1,1,1,1,0,1,0,0,0,0,0,0,0,0,0,0,0,0,0,0,0,0,0,0,0]",2,no,all residue allocations modulo cyclic rotation
11,11,1,26,26,1,6,one_changed,FOUND,"{""coeffs"":[2,1,1,1,1,1],""positions"":[0,1,2,3,4,5]}","[2,1,1,1,1,1,0,0,0,0,0,0,0,0,0,0,0,0,0,0,0,0,0,0,0,0]",1,no,all residue allocations modulo cyclic rotation
11,11,1,26,26,1,6,all_distinct,FOUND,"{""coeffs"":[1,2,3,4,5,6],""positions"":[0,1,2,3,4,5]}","[1,2,3,4,5,6,0,0,0,0,0,0,0,0,0,0,0,0,0,0,0,0,0,0,0,0]",1,no,all residue allocations modulo cyclic rotation
11,11,1,26,26,1,7,ones,FOUND,"{""coeffs"":[1,1,1,1,1,1,1],""positions"":[0,1,2,3,4,5,6]}","[1,1,1,1,1,1,1,0,0,0,0,0,0,0,0,0,0,0,0,0,0,0,0,0,0,0]",1,no,all residue allocations modulo cyclic rotation
11,11,1,26,26,1,7,one_changed,FOUND,"{""coeffs"":[2,1,1,1,1,1,1],""positions"":[0,1,2,3,4,5,6]}","[2,1,1,1,1,1,1,0,0,0,0,0,0,0,0,0,0,0,0,0,0,0,0,0,0,0]",1,no,all residue allocations modulo cyclic rotation
11,11,1,26,26,1,7,all_distinct,FOUND,"{""coeffs"":[1,2,3,4,5,6,7],""positions"":[0,1,2,3,4,5,6]}","[1,2,3,4,5,6,7,0,0,0,0,0,0,0,0,0,0,0,0,0,0,0,0,0,0,0]",1,no,all residue allocations modulo cyclic rotation
11,11,1,26,26,1,8,ones,FOUND,"{""coeffs"":[1,1,1,1,1,1,1,1],""positions"":[0,1,2,3,4,5,6,8]}","[1,1,1,1,1,1,1,0,1,0,0,0,0,0,0,0,0,0,0,0,0,0,0,0,0,0]",2,no,all residue allocations modulo cyclic rotation
11,11,1,26,26,1,8,one_changed,FOUND,"{""coeffs"":[2,1,1,1,1,1,1,1],""positions"":[0,1,2,3,4,5,6,7]}","[2,1,1,1,1,1,1,1,0,0,0,0,0,0,0,0,0,0,0,0,0,0,0,0,0,0]",1,no,all residue allocations modulo cyclic rotation
11,11,1,26,26,1,8,all_distinct,FOUND,"{""coeffs"":[1,2,3,4,5,6,7,8],""positions"":[0,1,2,3,4,5,6,7]}","[1,2,3,4,5,6,7,8,0,0,0,0,0,0,0,0,0,0,0,0,0,0,0,0,0,0]",1,no,all residue allocations modulo cyclic rotation
11,11,1,26,26,1,9,ones,FOUND,"{""coeffs"":[1,1,1,1,1,1,1,1,1],""positions"":[0,1,2,3,4,5,6,7,8]}","[1,1,1,1,1,1,1,1,1,0,0,0,0,0,0,0,0,0,0,0,0,0,0,0,0,0]",1,no,all residue allocations modulo cyclic rotation
11,11,1,26,26,1,9,one_changed,FOUND,"{""coeffs"":[2,1,1,1,1,1,1,1,1],""positions"":[0,1,2,3,4,5,6,7,8]}","[2,1,1,1,1,1,1,1,1,0,0,0,0,0,0,0,0,0,0,0,0,0,0,0,0,0]",1,no,all residue allocations modulo cyclic rotation
11,11,1,26,26,1,9,all_distinct,FOUND,"{""coeffs"":[1,2,3,4,5,6,7,8,9],""positions"":[0,1,2,3,4,5,6,7,8]}","[1,2,3,4,5,6,7,8,9,0,0,0,0,0,0,0,0,0,0,0,0,0,0,0,0,0]",1,no,all residue allocations modulo cyclic rotation
11,11,1,26,26,1,10,ones,FOUND,"{""coeffs"":[1,1,1,1,1,1,1,1,1,1],""positions"":[0,1,2,3,4,5,6,7,8,10]}","[1,1,1,1,1,1,1,1,1,0,1,0,0,0,0,0,0,0,0,0,0,0,0,0,0,0]",2,no,all residue allocations modulo cyclic rotation
11,11,1,26,26,1,10,one_changed,FOUND,"{""coeffs"":[2,1,1,1,1,1,1,1,1,1],""positions"":[0,1,2,3,4,5,6,7,8,9]}","[2,1,1,1,1,1,1,1,1,1,0,0,0,0,0,0,0,0,0,0,0,0,0,0,0,0]",1,no,all residue allocations modulo cyclic rotation
11,11,1,26,26,1,10,all_distinct,FOUND,"{""coeffs"":[1,2,3,4,5,6,7,8,9,10],""positions"":[0,1,2,3,4,5,6,7,8,9]}","[1,2,3,4,5,6,7,8,9,10,0,0,0,0,0,0,0,0,0,0,0,0,0,0,0,0]",1,no,all residue allocations modulo cyclic rotation
11,11,1,26,26,1,11,ones,FOUND,"{""coeffs"":[1,1,1,1,1,1,1,1,1,1,1],""positions"":[0,1,2,3,4,5,6,7,8,9,10]}","[1,1,1,1,1,1,1,1,1,1,1,0,0,0,0,0,0,0,0,0,0,0,0,0,0,0]",1,no,all residue allocations modulo cyclic rotation
11,11,1,26,26,1,11,one_changed,FOUND,"{""coeffs"":[2,1,1,1,1,1,1,1,1,1,1],""positions"":[0,1,2,3,4,5,6,7,8,9,10]}","[2,1,1,1,1,1,1,1,1,1,1,0,0,0,0,0,0,0,0,0,0,0,0,0,0,0]",1,no,all residue allocations modulo cyclic rotation
11,11,1,26,26,1,12,ones,FOUND,"{""coeffs"":[1,1,1,1,1,1,1,1,1,1,1,1],""positions"":[0,1,2,3,4,5,6,7,8,9,10,12]}","[1,1,1,1,1,1,1,1,1,1,1,0,1,0,0,0,0,0,0,0,0,0,0,0,0,0]",2,no,all residue allocations modulo cyclic rotation
11,11,1,26,26,1,12,one_changed,FOUND,"{""coeffs"":[2,1,1,1,1,1,1,1,1,1,1,1],""positions"":[0,1,2,3,4,5,6,7,8,9,10,11]}","[2,1,1,1,1,1,1,1,1,1,1,1,0,0,0,0,0,0,0,0,0,0,0,0,0,0]",1,no,all residue allocations modulo cyclic rotation
11,11,1,26,26,1,13,ones,FOUND,"{""coeffs"":[1,1,1,1,1,1,1,1,1,1,1,1,1],""positions"":[0,1,2,3,4,5,6,7,8,9,10,11,13]}","[1,1,1,1,1,1,1,1,1,1,1,1,0,1,0,0,0,0,0,0,0,0,0,0,0,0]",2,no,all residue allocations modulo cyclic rotation
11,11,1,26,26,1,13,one_changed,FOUND,"{""coeffs"":[2,1,1,1,1,1,1,1,1,1,1,1,1],""positions"":[0,1,2,3,4,5,6,7,8,9,10,11,12]}","[2,1,1,1,1,1,1,1,1,1,1,1,1,0,0,0,0,0,0,0,0,0,0,0,0,0]",1,no,all residue allocations modulo cyclic rotation
11,11,1,26,26,1,14,ones,FOUND,"{""coeffs"":[1,1,1,1,1,1,1,1,1,1,1,1,1,1],""positions"":[0,1,2,3,4,5,6,7,8,9,10,11,12,14]}","[1,1,1,1,1,1,1,1,1,1,1,1,1,0,1,0,0,0,0,0,0,0,0,0,0,0]",2,no,all residue allocations modulo cyclic rotation
11,11,1,26,26,1,14,one_changed,FOUND,"{""coeffs"":[2,1,1,1,1,1,1,1,1,1,1,1,1,1],""positions"":[0,1,2,3,4,5,6,7,8,9,10,11,12,13]}","[2,1,1,1,1,1,1,1,1,1,1,1,1,1,0,0,0,0,0,0,0,0,0,0,0,0]",1,no,all residue allocations modulo cyclic rotation
11,11,1,26,26,1,15,ones,FOUND,"{""coeffs"":[1,1,1,1,1,1,1,1,1,1,1,1,1,1,1],""positions"":[0,1,2,3,4,5,6,7,8,9,10,11,12,13,14]}","[1,1,1,1,1,1,1,1,1,1,1,1,1,1,1,0,0,0,0,0,0,0,0,0,0,0]",1,no,all residue allocations modulo cyclic rotation
11,11,1,26,26,1,15,one_changed,FOUND,"{""coeffs"":[2,1,1,1,1,1,1,1,1,1,1,1,1,1,1],""positions"":[0,1,2,3,4,5,6,7,8,9,10,11,12,13,14]}","[2,1,1,1,1,1,1,1,1,1,1,1,1,1,1,0,0,0,0,0,0,0,0,0,0,0]",1,no,all residue allocations modulo cyclic rotation
11,11,1,26,26,1,16,ones,FOUND,"{""coeffs"":[1,1,1,1,1,1,1,1,1,1,1,1,1,1,1,1],""positions"":[0,1,2,3,4,5,6,7,8,9,10,11,12,13,14,16]}","[1,1,1,1,1,1,1,1,1,1,1,1,1,1,1,0,1,0,0,0,0,0,0,0,0,0]",2,no,all residue allocations modulo cyclic rotation
11,11,1,26,26,1,16,one_changed,FOUND,"{""coeffs"":[2,1,1,1,1,1,1,1,1,1,1,1,1,1,1,1],""positions"":[0,1,2,3,4,5,6,7,8,9,10,11,12,13,14,15]}","[2,1,1,1,1,1,1,1,1,1,1,1,1,1,1,1,0,0,0,0,0,0,0,0,0,0]",1,no,all residue allocations modulo cyclic rotation
11,11,1,26,26,1,17,ones,FOUND,"{""coeffs"":[1,1,1,1,1,1,1,1,1,1,1,1,1,1,1,1,1],""positions"":[0,1,2,3,4,5,6,7,8,9,10,11,12,13,14,15,16]}","[1,1,1,1,1,1,1,1,1,1,1,1,1,1,1,1,1,0,0,0,0,0,0,0,0,0]",1,no,all residue allocations modulo cyclic rotation
11,11,1,26,26,1,17,one_changed,FOUND,"{""coeffs"":[2,1,1,1,1,1,1,1,1,1,1,1,1,1,1,1,1],""positions"":[0,1,2,3,4,5,6,7,8,9,10,11,12,13,14,15,16]}","[2,1,1,1,1,1,1,1,1,1,1,1,1,1,1,1,1,0,0,0,0,0,0,0,0,0]",1,no,all residue allocations modulo cyclic rotation
11,11,1,26,26,1,18,ones,FOUND,"{""coeffs"":[1,1,1,1,1,1,1,1,1,1,1,1,1,1,1,1,1,1],""positions"":[0,1,2,3,4,5,6,7,8,9,10,11,12,13,14,15,16,18]}","[1,1,1,1,1,1,1,1,1,1,1,1,1,1,1,1,1,0,1,0,0,0,0,0,0,0]",2,no,all residue allocations modulo cyclic rotation
11,11,1,26,26,1,18,one_changed,FOUND,"{""coeffs"":[2,1,1,1,1,1,1,1,1,1,1,1,1,1,1,1,1,1],""positions"":[0,1,2,3,4,5,6,7,8,9,10,11,12,13,14,15,16,17]}","[2,1,1,1,1,1,1,1,1,1,1,1,1,1,1,1,1,1,0,0,0,0,0,0,0,0]",1,no,all residue allocations modulo cyclic rotation
11,11,1,26,26,1,19,ones,FOUND,"{""coeffs"":[1,1,1,1,1,1,1,1,1,1,1,1,1,1,1,1,1,1,1],""positions"":[0,1,2,3,4,5,6,7,8,9,10,11,12,13,14,15,16,17,18]}","[1,1,1,1,1,1,1,1,1,1,1,1,1,1,1,1,1,1,1,0,0,0,0,0,0,0]",1,no,all residue allocations modulo cyclic rotation
11,11,1,26,26,1,19,one_changed,FOUND,"{""coeffs"":[2,1,1,1,1,1,1,1,1,1,1,1,1,1,1,1,1,1,1],""positions"":[0,1,2,3,4,5,6,7,8,9,10,11,12,13,14,15,16,17,18]}","[2,1,1,1,1,1,1,1,1,1,1,1,1,1,1,1,1,1,1,0,0,0,0,0,0,0]",1,no,all residue allocations modulo cyclic rotation
11,11,1,26,26,1,20,ones,FOUND,"{""coeffs"":[1,1,1,1,1,1,1,1,1,1,1,1,1,1,1,1,1,1,1,1],""positions"":[0,1,2,3,4,5,6,7,8,9,10,11,12,13,14,15,16,17,18,20]}","[1,1,1,1,1,1,1,1,1,1,1,1,1,1,1,1,1,1,1,0,1,0,0,0,0,0]",2,no,all residue allocations modulo cyclic rotation
11,11,1,26,26,1,20,one_changed,FOUND,"{""coeffs"":[2,1,1,1,1,1,1,1,1,1,1,1,1,1,1,1,1,1,1,1],""positions"":[0,1,2,3,4,5,6,7,8,9,10,11,12,13,14,15,16,17,18,19]}","[2,1,1,1,1,1,1,1,1,1,1,1,1,1,1,1,1,1,1,1,0,0,0,0,0,0]",1,no,all residue allocations modulo cyclic rotation
11,11,1,26,26,1,21,ones,FOUND,"{""coeffs"":[1,1,1,1,1,1,1,1,1,1,1,1,1,1,1,1,1,1,1,1,1],""positions"":[0,1,2,3,4,5,6,7,8,9,10,11,12,13,14,15,16,17,18,19,20]}","[1,1,1,1,1,1,1,1,1,1,1,1,1,1,1,1,1,1,1,1,1,0,0,0,0,0]",1,no,all residue allocations modulo cyclic rotation
11,11,1,26,26,1,21,one_changed,FOUND,"{""coeffs"":[2,1,1,1,1,1,1,1,1,1,1,1,1,1,1,1,1,1,1,1,1],""positions"":[0,1,2,3,4,5,6,7,8,9,10,11,12,13,14,15,16,17,18,19,20]}","[2,1,1,1,1,1,1,1,1,1,1,1,1,1,1,1,1,1,1,1,1,0,0,0,0,0]",1,no,all residue allocations modulo cyclic rotation
11,11,1,26,26,1,22,ones,FOUND,"{""coeffs"":[1,1,1,1,1,1,1,1,1,1,1,1,1,1,1,1,1,1,1,1,1,1],""positions"":[0,1,2,3,4,5,6,7,8,9,10,11,12,13,14,15,16,17,18,19,20,22]}","[1,1,1,1,1,1,1,1,1,1,1,1,1,1,1,1,1,1,1,1,1,0,1,0,0,0]",2,no,all residue allocations modulo cyclic rotation
11,11,1,26,26,1,22,one_changed,FOUND,"{""coeffs"":[2,1,1,1,1,1,1,1,1,1,1,1,1,1,1,1,1,1,1,1,1,1],""positions"":[0,1,2,3,4,5,6,7,8,9,10,11,12,13,14,15,16,17,18,19,20,21]}","[2,1,1,1,1,1,1,1,1,1,1,1,1,1,1,1,1,1,1,1,1,1,0,0,0,0]",1,no,all residue allocations modulo cyclic rotation
11,11,1,26,26,1,23,ones,FOUND,"{""coeffs"":[1,1,1,1,1,1,1,1,1,1,1,1,1,1,1,1,1,1,1,1,1,1,1],""positions"":[0,1,2,3,4,5,6,7,8,9,10,11,12,13,14,15,16,17,18,19,20,21,22]}","[1,1,1,1,1,1,1,1,1,1,1,1,1,1,1,1,1,1,1,1,1,1,1,0,0,0]",1,no,all residue allocations modulo cyclic rotation
11,11,1,26,26,1,23,one_changed,FOUND,"{""coeffs"":[2,1,1,1,1,1,1,1,1,1,1,1,1,1,1,1,1,1,1,1,1,1,1],""positions"":[0,1,2,3,4,5,6,7,8,9,10,11,12,13,14,15,16,17,18,19,20,21,22]}","[2,1,1,1,1,1,1,1,1,1,1,1,1,1,1,1,1,1,1,1,1,1,1,0,0,0]",1,no,all residue allocations modulo cyclic rotation
11,11,1,26,26,1,24,ones,FOUND,"{""coeffs"":[1,1,1,1,1,1,1,1,1,1,1,1,1,1,1,1,1,1,1,1,1,1,1,1],""positions"":[0,1,2,3,4,5,6,7,8,9,10,11,12,13,14,15,16,17,18,19,20,21,22,24]}","[1,1,1,1,1,1,1,1,1,1,1,1,1,1,1,1,1,1,1,1,1,1,1,0,1,0]",2,no,all residue allocations modulo cyclic rotation
11,11,1,26,26,1,24,one_changed,FOUND,"{""coeffs"":[2,1,1,1,1,1,1,1,1,1,1,1,1,1,1,1,1,1,1,1,1,1,1,1],""positions"":[0,1,2,3,4,5,6,7,8,9,10,11,12,13,14,15,16,17,18,19,20,21,22,23]}","[2,1,1,1,1,1,1,1,1,1,1,1,1,1,1,1,1,1,1,1,1,1,1,1,0,0]",1,no,all residue allocations modulo cyclic rotation
11,11,1,26,26,1,25,ones,FOUND,"{""coeffs"":[1,1,1,1,1,1,1,1,1,1,1,1,1,1,1,1,1,1,1,1,1,1,1,1,1],""positions"":[0,1,2,3,4,5,6,7,8,9,10,11,12,13,14,15,16,17,18,19,20,21,22,23,24]}","[1,1,1,1,1,1,1,1,1,1,1,1,1,1,1,1,1,1,1,1,1,1,1,1,1,0]",1,no,all residue allocations modulo cyclic rotation
11,11,1,26,26,1,25,one_changed,FOUND,"{""coeffs"":[2,1,1,1,1,1,1,1,1,1,1,1,1,1,1,1,1,1,1,1,1,1,1,1,1],""positions"":[0,1,2,3,4,5,6,7,8,9,10,11,12,13,14,15,16,17,18,19,20,21,22,23,24]}","[2,1,1,1,1,1,1,1,1,1,1,1,1,1,1,1,1,1,1,1,1,1,1,1,1,0]",1,no,all residue allocations modulo cyclic rotation
11,11,1,26,26,1,26,ones,NONE,,,1,yes,all residue allocations modulo cyclic rotation
11,11,1,26,26,1,26,one_changed,FOUND,"{""coeffs"":[2,1,1,1,1,1,1,1,1,1,1,1,1,1,1,1,1,1,1,1,1,1,1,1,1,1],""positions"":[0,1,2,3,4,5,6,7,8,9,10,11,12,13,14,15,16,17,18,19,20,21,22,23,24,25]}","[2,1,1,1,1,1,1,1,1,1,1,1,1,1,1,1,1,1,1,1,1,1,1,1,1,1]",1,no,all residue allocations modulo cyclic rotation
11,11,1,27,27,1,2,ones,FOUND,"{""coeffs"":[1,1],""positions"":[0,1]}","[1,1,0,0,0,0,0,0,0,0,0,0,0,0,0,0,0,0,0,0,0,0,0,0,0,0,0]",1,no,all residue allocations modulo cyclic rotation
11,11,1,27,27,1,2,one_changed,FOUND,"{""coeffs"":[1,2],""positions"":[0,1]}","[1,2,0,0,0,0,0,0,0,0,0,0,0,0,0,0,0,0,0,0,0,0,0,0,0,0,0]",1,no,all residue allocations modulo cyclic rotation
11,11,1,27,27,1,2,all_distinct,FOUND,"{""coeffs"":[1,2],""positions"":[0,1]}","[1,2,0,0,0,0,0,0,0,0,0,0,0,0,0,0,0,0,0,0,0,0,0,0,0,0,0]",1,no,all residue allocations modulo cyclic rotation
11,11,1,27,27,1,3,ones,FOUND,"{""coeffs"":[1,1,1],""positions"":[0,1,3]}","[1,1,0,1,0,0,0,0,0,0,0,0,0,0,0,0,0,0,0,0,0,0,0,0,0,0,0]",2,no,all residue allocations modulo cyclic rotation
11,11,1,27,27,1,3,one_changed,FOUND,"{""coeffs"":[2,1,1],""positions"":[0,1,2]}","[2,1,1,0,0,0,0,0,0,0,0,0,0,0,0,0,0,0,0,0,0,0,0,0,0,0,0]",1,no,all residue allocations modulo cyclic rotation
11,11,1,27,27,1,3,all_distinct,FOUND,"{""coeffs"":[1,2,3],""positions"":[0,1,2]}","[1,2,3,0,0,0,0,0,0,0,0,0,0,0,0,0,0,0,0,0,0,0,0,0,0,0,0]",1,no,all residue allocations modulo cyclic rotation
11,11,1,27,27,1,4,ones,FOUND,"{""coeffs"":[1,1,1,1],""positions"":[0,1,2,3]}","[1,1,1,1,0,0,0,0,0,0,0,0,0,0,0,0,0,0,0,0,0,0,0,0,0,0,0]",1,no,all residue allocations modulo cyclic rotation
11,11,1,27,27,1,4,one_changed,FOUND,"{""coeffs"":[2,1,1,1],""positions"":[0,1,2,3]}","[2,1,1,1,0,0,0,0,0,0,0,0,0,0,0,0,0,0,0,0,0,0,0,0,0,0,0]",1,no,all residue allocations modulo cyclic rotation
11,11,1,27,27,1,4,all_distinct,FOUND,"{""coeffs"":[1,2,3,4],""positions"":[0,1,2,3]}","[1,2,3,4,0,0,0,0,0,0,0,0,0,0,0,0,0,0,0,0,0,0,0,0,0,0,0]",1,no,all residue allocations modulo cyclic rotation
11,11,1,27,27,1,5,ones,FOUND,"{""coeffs"":[1,1,1,1,1],""positions"":[0,1,2,3,4]}","[1,1,1,1,1,0,0,0,0,0,0,0,0,0,0,0,0,0,0,0,0,0,0,0,0,0,0]",1,no,all residue allocations modulo cyclic rotation
11,11,1,27,27,1,5,one_changed,FOUND,"{""coeffs"":[2,1,1,1,1],""positions"":[0,1,2,3,4]}","[2,1,1,1,1,0,0,0,0,0,0,0,0,0,0,0,0,0,0,0,0,0,0,0,0,0,0]",1,no,all residue allocations modulo cyclic rotation
11,11,1,27,27,1,5,all_distinct,FOUND,"{""coeffs"":[1,2,3,4,5],""positions"":[0,1,2,3,4]}","[1,2,3,4,5,0,0,0,0,0,0,0,0,0,0,0,0,0,0,0,0,0,0,0,0,0,0]",1,no,all residue allocations modulo cyclic rotation
11,11,1,27,27,1,6,ones,FOUND,"{""coeffs"":[1,1,1,1,1,1],""positions"":[0,1,2,3,4,6]}","[1,1,1,1,1,0,1,0,0,0,0,0,0,0,0,0,0,0,0,0,0,0,0,0,0,0,0]",2,no,all residue allocations modulo cyclic rotation
11,11,1,27,27,1,6,one_changed,FOUND,"{""coeffs"":[2,1,1,1,1,1],""positions"":[0,1,2,3,4,5]}","[2,1,1,1,1,1,0,0,0,0,0,0,0,0,0,0,0,0,0,0,0,0,0,0,0,0,0]",1,no,all residue allocations modulo cyclic rotation
11,11,1,27,27,1,6,all_distinct,FOUND,"{""coeffs"":[1,2,3,4,5,6],""positions"":[0,1,2,3,4,5]}","[1,2,3,4,5,6,0,0,0,0,0,0,0,0,0,0,0,0,0,0,0,0,0,0,0,0,0]",1,no,all residue allocations modulo cyclic rotation
11,11,1,27,27,1,7,ones,FOUND,"{""coeffs"":[1,1,1,1,1,1,1],""positions"":[0,1,2,3,4,5,6]}","[1,1,1,1,1,1,1,0,0,0,0,0,0,0,0,0,0,0,0,0,0,0,0,0,0,0,0]",1,no,all residue allocations modulo cyclic rotation
11,11,1,27,27,1,7,one_changed,FOUND,"{""coeffs"":[2,1,1,1,1,1,1],""positions"":[0,1,2,3,4,5,6]}","[2,1,1,1,1,1,1,0,0,0,0,0,0,0,0,0,0,0,0,0,0,0,0,0,0,0,0]",1,no,all residue allocations modulo cyclic rotation
11,11,1,27,27,1,7,all_distinct,FOUND,"{""coeffs"":[1,2,3,4,5,6,7],""positions"":[0,1,2,3,4,5,6]}","[1,2,3,4,5,6,7,0,0,0,0,0,0,0,0,0,0,0,0,0,0,0,0,0,0,0,0]",1,no,all residue allocations modulo cyclic rotation
11,11,1,27,27,1,8,ones,FOUND,"{""coeffs"":[1,1,1,1,1,1,1,1],""positions"":[0,1,2,3,4,5,6,7]}","[1,1,1,1,1,1,1,1,0,0,0,0,0,0,0,0,0,0,0,0,0,0,0,0,0,0,0]",1,no,all residue allocations modulo cyclic rotation
11,11,1,27,27,1,8,one_changed,FOUND,"{""coeffs"":[2,1,1,1,1,1,1,1],""positions"":[0,1,2,3,4,5,6,7]}","[2,1,1,1,1,1,1,1,0,0,0,0,0,0,0,0,0,0,0,0,0,0,0,0,0,0,0]",1,no,all residue allocations modulo cyclic rotation
11,11,1,27,27,1,8,all_distinct,FOUND,"{""coeffs"":[1,2,3,4,5,6,7,8],""positions"":[0,1,2,3,4,5,6,7]}","[1,2,3,4,5,6,7,8,0,0,0,0,0,0,0,0,0,0,0,0,0,0,0,0,0,0,0]",1,no,all residue allocations modulo cyclic rotation
11,11,1,27,27,1,9,ones,FOUND,"{""coeffs"":[1,1,1,1,1,1,1,1,1],""positions"":[0,1,2,3,4,5,6,7,9]}","[1,1,1,1,1,1,1,1,0,1,0,0,0,0,0,0,0,0,0,0,0,0,0,0,0,0,0]",2,no,all residue allocations modulo cyclic rotation
11,11,1,27,27,1,9,one_changed,FOUND,"{""coeffs"":[2,1,1,1,1,1,1,1,1],""positions"":[0,1,2,3,4,5,6,7,8]}","[2,1,1,1,1,1,1,1,1,0,0,0,0,0,0,0,0,0,0,0,0,0,0,0,0,0,0]",1,no,all residue allocations modulo cyclic rotation
11,11,1,27,27,1,9,all_distinct,FOUND,"{""coeffs"":[1,2,3,4,5,6,7,8,9],""positions"":[0,1,2,3,4,5,6,7,8]}","[1,2,3,4,5,6,7,8,9,0,0,0,0,0,0,0,0,0,0,0,0,0,0,0,0,0,0]",1,no,all residue allocations modulo cyclic rotation
11,11,1,27,27,1,10,ones,FOUND,"{""coeffs"":[1,1,1,1,1,1,1,1,1,1],""positions"":[0,1,2,3,4,5,6,7,8,9]}","[1,1,1,1,1,1,1,1,1,1,0,0,0,0,0,0,0,0,0,0,0,0,0,0,0,0,0]",1,no,all residue allocations modulo cyclic rotation
11,11,1,27,27,1,10,one_changed,FOUND,"{""coeffs"":[2,1,1,1,1,1,1,1,1,1],""positions"":[0,1,2,3,4,5,6,7,8,9]}","[2,1,1,1,1,1,1,1,1,1,0,0,0,0,0,0,0,0,0,0,0,0,0,0,0,0,0]",1,no,all residue allocations modulo cyclic rotation
11,11,1,27,27,1,10,all_distinct,FOUND,"{""coeffs"":[1,2,3,4,5,6,7,8,9,10],""positions"":[0,1,2,3,4,5,6,7,8,9]}","[1,2,3,4,5,6,7,8,9,10,0,0,0,0,0,0,0,0,0,0,0,0,0,0,0,0,0]",1,no,all residue allocations modulo cyclic rotation
11,11,1,27,27,1,11,ones,FOUND,"{""coeffs"":[1,1,1,1,1,1,1,1,1,1,1],""positions"":[0,1,2,3,4,5,6,7,8,9,10]}","[1,1,1,1,1,1,1,1,1,1,1,0,0,0,0,0,0,0,0,0,0,0,0,0,0,0,0]",1,no,all residue allocations modulo cyclic rotation
11,11,1,27,27,1,11,one_changed,FOUND,"{""coeffs"":[2,1,1,1,1,1,1,1,1,1,1],""positions"":[0,1,2,3,4,5,6,7,8,9,10]}","[2,1,1,1,1,1,1,1,1,1,1,0,0,0,0,0,0,0,0,0,0,0,0,0,0,0,0]",1,no,all residue allocations modulo cyclic rotation
11,11,1,27,27,1,12,ones,FOUND,"{""coeffs"":[1,1,1,1,1,1,1,1,1,1,1,1],""positions"":[0,1,2,3,4,5,6,7,8,9,10,12]}","[1,1,1,1,1,1,1,1,1,1,1,0,1,0,0,0,0,0,0,0,0,0,0,0,0,0,0]",2,no,all residue allocations modulo cyclic rotation
11,11,1,27,27,1,12,one_changed,FOUND,"{""coeffs"":[2,1,1,1,1,1,1,1,1,1,1,1],""positions"":[0,1,2,3,4,5,6,7,8,9,10,11]}","[2,1,1,1,1,1,1,1,1,1,1,1,0,0,0,0,0,0,0,0,0,0,0,0,0,0,0]",1,no,all residue allocations modulo cyclic rotation
11,11,1,27,27,1,13,ones,FOUND,"{""coeffs"":[1,1,1,1,1,1,1,1,1,1,1,1,1],""positions"":[0,1,2,3,4,5,6,7,8,9,10,11,12]}","[1,1,1,1,1,1,1,1,1,1,1,1,1,0,0,0,0,0,0,0,0,0,0,0,0,0,0]",1,no,all residue allocations modulo cyclic rotation
11,11,1,27,27,1,13,one_changed,FOUND,"{""coeffs"":[2,1,1,1,1,1,1,1,1,1,1,1,1],""positions"":[0,1,2,3,4,5,6,7,8,9,10,11,12]}","[2,1,1,1,1,1,1,1,1,1,1,1,1,0,0,0,0,0,0,0,0,0,0,0,0,0,0]",1,no,all residue allocations modulo cyclic rotation
11,11,1,27,27,1,14,ones,FOUND,"{""coeffs"":[1,1,1,1,1,1,1,1,1,1,1,1,1,1],""positions"":[0,1,2,3,4,5,6,7,8,9,10,11,12,13]}","[1,1,1,1,1,1,1,1,1,1,1,1,1,1,0,0,0,0,0,0,0,0,0,0,0,0,0]",1,no,all residue allocations modulo cyclic rotation
11,11,1,27,27,1,14,one_changed,FOUND,"{""coeffs"":[2,1,1,1,1,1,1,1,1,1,1,1,1,1],""positions"":[0,1,2,3,4,5,6,7,8,9,10,11,12,13]}","[2,1,1,1,1,1,1,1,1,1,1,1,1,1,0,0,0,0,0,0,0,0,0,0,0,0,0]",1,no,all residue allocations modulo cyclic rotation
11,11,1,27,27,1,15,ones,FOUND,"{""coeffs"":[1,1,1,1,1,1,1,1,1,1,1,1,1,1,1],""positions"":[0,1,2,3,4,5,6,7,8,9,10,11,12,13,15]}","[1,1,1,1,1,1,1,1,1,1,1,1,1,1,0,1,0,0,0,0,0,0,0,0,0,0,0]",2,no,all residue allocations modulo cyclic rotation
11,11,1,27,27,1,15,one_changed,FOUND,"{""coeffs"":[2,1,1,1,1,1,1,1,1,1,1,1,1,1,1],""positions"":[0,1,2,3,4,5,6,7,8,9,10,11,12,13,14]}","[2,1,1,1,1,1,1,1,1,1,1,1,1,1,1,0,0,0,0,0,0,0,0,0,0,0,0]",1,no,all residue allocations modulo cyclic rotation
11,11,1,27,27,1,16,ones,FOUND,"{""coeffs"":[1,1,1,1,1,1,1,1,1,1,1,1,1,1,1,1],""positions"":[0,1,2,3,4,5,6,7,8,9,10,11,12,13,14,15]}","[1,1,1,1,1,1,1,1,1,1,1,1,1,1,1,1,0,0,0,0,0,0,0,0,0,0,0]",1,no,all residue allocations modulo cyclic rotation
11,11,1,27,27,1,16,one_changed,FOUND,"{""coeffs"":[2,1,1,1,1,1,1,1,1,1,1,1,1,1,1,1],""positions"":[0,1,2,3,4,5,6,7,8,9,10,11,12,13,14,15]}","[2,1,1,1,1,1,1,1,1,1,1,1,1,1,1,1,0,0,0,0,0,0,0,0,0,0,0]",1,no,all residue allocations modulo cyclic rotation
11,11,1,27,27,1,17,ones,FOUND,"{""coeffs"":[1,1,1,1,1,1,1,1,1,1,1,1,1,1,1,1,1],""positions"":[0,1,2,3,4,5,6,7,8,9,10,11,12,13,14,15,16]}","[1,1,1,1,1,1,1,1,1,1,1,1,1,1,1,1,1,0,0,0,0,0,0,0,0,0,0]",1,no,all residue allocations modulo cyclic rotation
11,11,1,27,27,1,17,one_changed,FOUND,"{""coeffs"":[2,1,1,1,1,1,1,1,1,1,1,1,1,1,1,1,1],""positions"":[0,1,2,3,4,5,6,7,8,9,10,11,12,13,14,15,16]}","[2,1,1,1,1,1,1,1,1,1,1,1,1,1,1,1,1,0,0,0,0,0,0,0,0,0,0]",1,no,all residue allocations modulo cyclic rotation
11,11,1,27,27,1,18,ones,FOUND,"{""coeffs"":[1,1,1,1,1,1,1,1,1,1,1,1,1,1,1,1,1,1],""positions"":[0,1,2,3,4,5,6,7,8,9,10,11,12,13,14,15,16,18]}","[1,1,1,1,1,1,1,1,1,1,1,1,1,1,1,1,1,0,1,0,0,0,0,0,0,0,0]",2,no,all residue allocations modulo cyclic rotation
11,11,1,27,27,1,18,one_changed,FOUND,"{""coeffs"":[2,1,1,1,1,1,1,1,1,1,1,1,1,1,1,1,1,1],""positions"":[0,1,2,3,4,5,6,7,8,9,10,11,12,13,14,15,16,17]}","[2,1,1,1,1,1,1,1,1,1,1,1,1,1,1,1,1,1,0,0,0,0,0,0,0,0,0]",1,no,all residue allocations modulo cyclic rotation
11,11,1,27,27,1,19,ones,FOUND,"{""coeffs"":[1,1,1,1,1,1,1,1,1,1,1,1,1,1,1,1,1,1,1],""positions"":[0,1,2,3,4,5,6,7,8,9,10,11,12,13,14,15,16,17,18]}","[1,1,1,1,1,1,1,1,1,1,1,1,1,1,1,1,1,1,1,0,0,0,0,0,0,0,0]",1,no,all residue allocations modulo cyclic rotation
11,11,1,27,27,1,19,one_changed,FOUND,"{""coeffs"":[2,1,1,1,1,1,1,1,1,1,1,1,1,1,1,1,1,1,1],""positions"":[0,1,2,3,4,5,6,7,8,9,10,11,12,13,14,15,16,17,18]}","[2,1,1,1,1,1,1,1,1,1,1,1,1,1,1,1,1,1,1,0,0,0,0,0,0,0,0]",1,no,all residue allocations modulo cyclic rotation
11,11,1,27,27,1,20,ones,FOUND,"{""coeffs"":[1,1,1,1,1,1,1,1,1,1,1,1,1,1,1,1,1,1,1,1],""positions"":[0,1,2,3,4,5,6,7,8,9,10,11,12,13,14,15,16,17,18,19]}","[1,1,1,1,1,1,1,1,1,1,1,1,1,1,1,1,1,1,1,1,0,0,0,0,0,0,0]",1,no,all residue allocations modulo cyclic rotation
11,11,1,27,27,1,20,one_changed,FOUND,"{""coeffs"":[2,1,1,1,1,1,1,1,1,1,1,1,1,1,1,1,1,1,1,1],""positions"":[0,1,2,3,4,5,6,7,8,9,10,11,12,13,14,15,16,17,18,19]}","[2,1,1,1,1,1,1,1,1,1,1,1,1,1,1,1,1,1,1,1,0,0,0,0,0,0,0]",1,no,all residue allocations modulo cyclic rotation
11,11,1,27,27,1,21,ones,FOUND,"{""coeffs"":[1,1,1,1,1,1,1,1,1,1,1,1,1,1,1,1,1,1,1,1,1],""positions"":[0,1,2,3,4,5,6,7,8,9,10,11,12,13,14,15,16,17,18,19,21]}","[1,1,1,1,1,1,1,1,1,1,1,1,1,1,1,1,1,1,1,1,0,1,0,0,0,0,0]",2,no,all residue allocations modulo cyclic rotation
11,11,1,27,27,1,21,one_changed,FOUND,"{""coeffs"":[2,1,1,1,1,1,1,1,1,1,1,1,1,1,1,1,1,1,1,1,1],""positions"":[0,1,2,3,4,5,6,7,8,9,10,11,12,13,14,15,16,17,18,19,20]}","[2,1,1,1,1,1,1,1,1,1,1,1,1,1,1,1,1,1,1,1,1,0,0,0,0,0,0]",1,no,all residue allocations modulo cyclic rotation
11,11,1,27,27,1,22,ones,FOUND,"{""coeffs"":[1,1,1,1,1,1,1,1,1,1,1,1,1,1,1,1,1,1,1,1,1,1],""positions"":[0,1,2,3,4,5,6,7,8,9,10,11,12,13,14,15,16,17,18,19,20,21]}","[1,1,1,1,1,1,1,1,1,1,1,1,1,1,1,1,1,1,1,1,1,1,0,0,0,0,0]",1,no,all residue allocations modulo cyclic rotation
11,11,1,27,27,1,22,one_changed,FOUND,"{""coeffs"":[2,1,1,1,1,1,1,1,1,1,1,1,1,1,1,1,1,1,1,1,1,1],""positions"":[0,1,2,3,4,5,6,7,8,9,10,11,12,13,14,15,16,17,18,19,20,21]}","[2,1,1,1,1,1,1,1,1,1,1,1,1,1,1,1,1,1,1,1,1,1,0,0,0,0,0]",1,no,all residue allocations modulo cyclic rotation
11,11,1,27,27,1,23,ones,FOUND,"{""coeffs"":[1,1,1,1,1,1,1,1,1,1,1,1,1,1,1,1,1,1,1,1,1,1,1],""positions"":[0,1,2,3,4,5,6,7,8,9,10,11,12,13,14,15,16,17,18,19,20,21,22]}","[1,1,1,1,1,1,1,1,1,1,1,1,1,1,1,1,1,1,1,1,1,1,1,0,0,0,0]",1,no,all residue allocations modulo cyclic rotation
11,11,1,27,27,1,23,one_changed,FOUND,"{""coeffs"":[2,1,1,1,1,1,1,1,1,1,1,1,1,1,1,1,1,1,1,1,1,1,1],""positions"":[0,1,2,3,4,5,6,7,8,9,10,11,12,13,14,15,16,17,18,19,20,21,22]}","[2,1,1,1,1,1,1,1,1,1,1,1,1,1,1,1,1,1,1,1,1,1,1,0,0,0,0]",1,no,all residue allocations modulo cyclic rotation
11,11,1,27,27,1,24,ones,FOUND,"{""coeffs"":[1,1,1,1,1,1,1,1,1,1,1,1,1,1,1,1,1,1,1,1,1,1,1,1],""positions"":[0,1,2,3,4,5,6,7,8,9,10,11,12,13,14,15,16,17,18,19,20,21,22,24]}","[1,1,1,1,1,1,1,1,1,1,1,1,1,1,1,1,1,1,1,1,1,1,1,0,1,0,0]",2,no,all residue allocations modulo cyclic rotation
11,11,1,27,27,1,24,one_changed,FOUND,"{""coeffs"":[2,1,1,1,1,1,1,1,1,1,1,1,1,1,1,1,1,1,1,1,1,1,1,1],""positions"":[0,1,2,3,4,5,6,7,8,9,10,11,12,13,14,15,16,17,18,19,20,21,22,23]}","[2,1,1,1,1,1,1,1,1,1,1,1,1,1,1,1,1,1,1,1,1,1,1,1,0,0,0]",1,no,all residue allocations modulo cyclic rotation
11,11,1,27,27,1,25,ones,FOUND,"{""coeffs"":[1,1,1,1,1,1,1,1,1,1,1,1,1,1,1,1,1,1,1,1,1,1,1,1,1],""positions"":[0,1,2,3,4,5,6,7,8,9,10,11,12,13,14,15,16,17,18,19,20,21,22,23,24]}","[1,1,1,1,1,1,1,1,1,1,1,1,1,1,1,1,1,1,1,1,1,1,1,1,1,0,0]",1,no,all residue allocations modulo cyclic rotation
11,11,1,27,27,1,25,one_changed,FOUND,"{""coeffs"":[2,1,1,1,1,1,1,1,1,1,1,1,1,1,1,1,1,1,1,1,1,1,1,1,1],""positions"":[0,1,2,3,4,5,6,7,8,9,10,11,12,13,14,15,16,17,18,19,20,21,22,23,24]}","[2,1,1,1,1,1,1,1,1,1,1,1,1,1,1,1,1,1,1,1,1,1,1,1,1,0,0]",1,no,all residue allocations modulo cyclic rotation
11,11,1,27,27,1,26,ones,FOUND,"{""coeffs"":[1,1,1,1,1,1,1,1,1,1,1,1,1,1,1,1,1,1,1,1,1,1,1,1,1,1],""positions"":[0,1,2,3,4,5,6,7,8,9,10,11,12,13,14,15,16,17,18,19,20,21,22,23,24,25]}","[1,1,1,1,1,1,1,1,1,1,1,1,1,1,1,1,1,1,1,1,1,1,1,1,1,1,0]",1,no,all residue allocations modulo cyclic rotation
11,11,1,27,27,1,26,one_changed,FOUND,"{""coeffs"":[2,1,1,1,1,1,1,1,1,1,1,1,1,1,1,1,1,1,1,1,1,1,1,1,1,1],""positions"":[0,1,2,3,4,5,6,7,8,9,10,11,12,13,14,15,16,17,18,19,20,21,22,23,24,25]}","[2,1,1,1,1,1,1,1,1,1,1,1,1,1,1,1,1,1,1,1,1,1,1,1,1,1,0]",1,no,all residue allocations modulo cyclic rotation
11,11,1,27,27,1,27,ones,NONE,,,1,yes,all residue allocations modulo cyclic rotation
11,11,1,27,27,1,27,one_changed,FOUND,"{""coeffs"":[2,1,1,1,1,1,1,1,1,1,1,1,1,1,1,1,1,1,1,1,1,1,1,1,1,1,1],""positions"":[0,1,2,3,4,5,6,7,8,9,10,11,12,13,14,15,16,17,18,19,20,21,22,23,24,25,26]}","[2,1,1,1,1,1,1,1,1,1,1,1,1,1,1,1,1,1,1,1,1,1,1,1,1,1,1]",1,no,all residue allocations modulo cyclic rotation
11,11,1,28,28,1,2,ones,FOUND,"{""coeffs"":[1,1],""positions"":[0,4]}","[1,0,0,0,1,0,0,0,0,0,0,0,0,0,0,0,0,0,0,0,0,0,0,0,0,0,0,0]",4,no,all residue allocations modulo cyclic rotation
11,11,1,28,28,1,2,one_changed,FOUND,"{""coeffs"":[1,2],""positions"":[0,1]}","[1,2,0,0,0,0,0,0,0,0,0,0,0,0,0,0,0,0,0,0,0,0,0,0,0,0,0,0]",1,no,all residue allocations modulo cyclic rotation
11,11,1,28,28,1,2,all_distinct,FOUND,"{""coeffs"":[1,2],""positions"":[0,1]}","[1,2,0,0,0,0,0,0,0,0,0,0,0,0,0,0,0,0,0,0,0,0,0,0,0,0,0,0]",1,no,all residue allocations modulo cyclic rotation
11,11,1,28,28,1,3,ones,FOUND,"{""coeffs"":[1,1,1],""positions"":[0,1,2]}","[1,1,1,0,0,0,0,0,0,0,0,0,0,0,0,0,0,0,0,0,0,0,0,0,0,0,0,0]",1,no,all residue allocations modulo cyclic rotation
11,11,1,28,28,1,3,one_changed,FOUND,"{""coeffs"":[2,1,1],""positions"":[0,1,2]}","[2,1,1,0,0,0,0,0,0,0,0,0,0,0,0,0,0,0,0,0,0,0,0,0,0,0,0,0]",1,no,all residue allocations modulo cyclic rotation
11,11,1,28,28,1,3,all_distinct,FOUND,"{""coeffs"":[1,2,3],""positions"":[0,1,2]}","[1,2,3,0,0,0,0,0,0,0,0,0,0,0,0,0,0,0,0,0,0,0,0,0,0,0,0,0]",1,no,all residue allocations modulo cyclic rotation
11,11,1,28,28,1,4,ones,FOUND,"{""coeffs"":[1,1,1,1],""positions"":[0,1,2,4]}","[1,1,1,0,1,0,0,0,0,0,0,0,0,0,0,0,0,0,0,0,0,0,0,0,0,0,0,0]",2,no,all residue allocations modulo cyclic rotation
11,11,1,28,28,1,4,one_changed,FOUND,"{""coeffs"":[2,1,1,1],""positions"":[0,1,2,3]}","[2,1,1,1,0,0,0,0,0,0,0,0,0,0,0,0,0,0,0,0,0,0,0,0,0,0,0,0]",1,no,all residue allocations modulo cyclic rotation
11,11,1,28,28,1,4,all_distinct,FOUND,"{""coeffs"":[1,2,3,4],""positions"":[0,1,2,3]}","[1,2,3,4,0,0,0,0,0,0,0,0,0,0,0,0,0,0,0,0,0,0,0,0,0,0,0,0]",1,no,all residue allocations modulo cyclic rotation
11,11,1,28,28,1,5,ones,FOUND,"{""coeffs"":[1,1,1,1,1],""positions"":[0,1,2,3,4]}","[1,1,1,1,1,0,0,0,0,0,0,0,0,0,0,0,0,0,0,0,0,0,0,0,0,0,0,0]",1,no,all residue allocations modulo cyclic rotation
11,11,1,28,28,1,5,one_changed,FOUND,"{""coeffs"":[2,1,1,1,1],""positions"":[0,1,2,3,4]}","[2,1,1,1,1,0,0,0,0,0,0,0,0,0,0,0,0,0,0,0,0,0,0,0,0,0,0,0]",1,no,all residue allocations modulo cyclic rotation
11,11,1,28,28,1,5,all_distinct,FOUND,"{""coeffs"":[1,2,3,4,5],""positions"":[0,1,2,3,4]}","[1,2,3,4,5,0,0,0,0,0,0,0,0,0,0,0,0,0,0,0,0,0,0,0,0,0,0,0]",1,no,all residue allocations modulo cyclic rotation
11,11,1,28,28,1,6,ones,FOUND,"{""coeffs"":[1,1,1,1,1,1],""positions"":[0,1,2,3,4,8]}","[1,1,1,1,1,0,0,0,1,0,0,0,0,0,0,0,0,0,0,0,0,0,0,0,0,0,0,0]",4,no,all residue allocations modulo cyclic rotation
11,11,1,28,28,1,6,one_changed,FOUND,"{""coeffs"":[2,1,1,1,1,1],""positions"":[0,1,2,3,4,5]}","[2,1,1,1,1,1,0,0,0,0,0,0,0,0,0,0,0,0,0,0,0,0,0,0,0,0,0,0]",1,no,all residue allocations modulo cyclic rotation
11,11,1,28,28,1,6,all_distinct,FOUND,"{""coeffs"":[1,2,3,4,5,6],""positions"":[0,1,2,3,4,5]}","[1,2,3,4,5,6,0,0,0,0,0,0,0,0,0,0,0,0,0,0,0,0,0,0,0,0,0,0]",1,no,all residue allocations modulo cyclic rotation
11,11,1,28,28,1,7,ones,FOUND,"{""coeffs"":[1,1,1,1,1,1,1],""positions"":[0,1,2,3,4,5,7]}","[1,1,1,1,1,1,0,1,0,0,0,0,0,0,0,0,0,0,0,0,0,0,0,0,0,0,0,0]",2,no,all residue allocations modulo cyclic rotation
11,11,1,28,28,1,7,one_changed,FOUND,"{""coeffs"":[2,1,1,1,1,1,1],""positions"":[0,1,2,3,4,5,6]}","[2,1,1,1,1,1,1,0,0,0,0,0,0,0,0,0,0,0,0,0,0,0,0,0,0,0,0,0]",1,no,all residue allocations modulo cyclic rotation
11,11,1,28,28,1,7,all_distinct,FOUND,"{""coeffs"":[1,2,3,4,5,6,7],""positions"":[0,1,2,3,4,5,6]}","[1,2,3,4,5,6,7,0,0,0,0,0,0,0,0,0,0,0,0,0,0,0,0,0,0,0,0,0]",1,no,all residue allocations modulo cyclic rotation
11,11,1,28,28,1,8,ones,FOUND,"{""coeffs"":[1,1,1,1,1,1,1,1],""positions"":[0,1,2,3,4,5,6,8]}","[1,1,1,1,1,1,1,0,1,0,0,0,0,0,0,0,0,0,0,0,0,0,0,0,0,0,0,0]",2,no,all residue allocations modulo cyclic rotation
11,11,1,28,28,1,8,one_changed,FOUND,"{""coeffs"":[2,1,1,1,1,1,1,1],""positions"":[0,1,2,3,4,5,6,7]}","[2,1,1,1,1,1,1,1,0,0,0,0,0,0,0,0,0,0,0,0,0,0,0,0,0,0,0,0]",1,no,all residue allocations modulo cyclic rotation
11,11,1,28,28,1,8,all_distinct,FOUND,"{""coeffs"":[1,2,3,4,5,6,7,8],""positions"":[0,1,2,3,4,5,6,7]}","[1,2,3,4,5,6,7,8,0,0,0,0,0,0,0,0,0,0,0,0,0,0,0,0,0,0,0,0]",1,no,all residue allocations modulo cyclic rotation
11,11,1,28,28,1,9,ones,FOUND,"{""coeffs"":[1,1,1,1,1,1,1,1,1],""positions"":[0,1,2,3,4,5,6,7,8]}","[1,1,1,1,1,1,1,1,1,0,0,0,0,0,0,0,0,0,0,0,0,0,0,0,0,0,0,0]",1,no,all residue allocations modulo cyclic rotation
11,11,1,28,28,1,9,one_changed,FOUND,"{""coeffs"":[2,1,1,1,1,1,1,1,1],""positions"":[0,1,2,3,4,5,6,7,8]}","[2,1,1,1,1,1,1,1,1,0,0,0,0,0,0,0,0,0,0,0,0,0,0,0,0,0,0,0]",1,no,all residue allocations modulo cyclic rotation
11,11,1,28,28,1,9,all_distinct,FOUND,"{""coeffs"":[1,2,3,4,5,6,7,8,9],""positions"":[0,1,2,3,4,5,6,7,8]}","[1,2,3,4,5,6,7,8,9,0,0,0,0,0,0,0,0,0,0,0,0,0,0,0,0,0,0,0]",1,no,all residue allocations modulo cyclic rotation
11,11,1,28,28,1,10,ones,FOUND,"{""coeffs"":[1,1,1,1,1,1,1,1,1,1],""positions"":[0,1,2,3,4,5,6,7,8,12]}","[1,1,1,1,1,1,1,1,1,0,0,0,1,0,0,0,0,0,0,0,0,0,0,0,0,0,0,0]",4,no,all residue allocations modulo cyclic rotation
11,11,1,28,28,1,10,one_changed,FOUND,"{""coeffs"":[2,1,1,1,1,1,1,1,1,1],""positions"":[0,1,2,3,4,5,6,7,8,9]}","[2,1,1,1,1,1,1,1,1,1,0,0,0,0,0,0,0,0,0,0,0,0,0,0,0,0,0,0]",1,no,all residue allocations modulo cyclic rotation
11,11,1,28,28,1,10,all_distinct,FOUND,"{""coeffs"":[1,2,3,4,5,6,7,8,9,10],""positions"":[0,1,2,3,4,5,6,7,8,9]}","[1,2,3,4,5,6,7,8,9,10,0,0,0,0,0,0,0,0,0,0,0,0,0,0,0,0,0,0]",1,no,all residue allocations modulo cyclic rotation
11,11,1,28,28,1,11,ones,FOUND,"{""coeffs"":[1,1,1,1,1,1,1,1,1,1,1],""positions"":[0,1,2,3,4,5,6,7,8,9,10]}","[1,1,1,1,1,1,1,1,1,1,1,0,0,0,0,0,0,0,0,0,0,0,0,0,0,0,0,0]",1,no,all residue allocations modulo cyclic rotation
11,11,1,28,28,1,11,one_changed,FOUND,"{""coeffs"":[2,1,1,1,1,1,1,1,1,1,1],""positions"":[0,1,2,3,4,5,6,7,8,9,10]}","[2,1,1,1,1,1,1,1,1,1,1,0,0,0,0,0,0,0,0,0,0,0,0,0,0,0,0,0]",1,no,all residue allocations modulo cyclic rotation
11,11,1,28,28,1,12,ones,FOUND,"{""coeffs"":[1,1,1,1,1,1,1,1,1,1,1,1],""positions"":[0,1,2,3,4,5,6,7,8,9,10,12]}","[1,1,1,1,1,1,1,1,1,1,1,0,1,0,0,0,0,0,0,0,0,0,0,0,0,0,0,0]",2,no,all residue allocations modulo cyclic rotation
11,11,1,28,28,1,12,one_changed,FOUND,"{""coeffs"":[2,1,1,1,1,1,1,1,1,1,1,1],""positions"":[0,1,2,3,4,5,6,7,8,9,10,11]}","[2,1,1,1,1,1,1,1,1,1,1,1,0,0,0,0,0,0,0,0,0,0,0,0,0,0,0,0]",1,no,all residue allocations modulo cyclic rotation
11,11,1,28,28,1,13,ones,FOUND,"{""coeffs"":[1,1,1,1,1,1,1,1,1,1,1,1,1],""positions"":[0,1,2,3,4,5,6,7,8,9,10,11,12]}","[1,1,1,1,1,1,1,1,1,1,1,1,1,0,0,0,0,0,0,0,0,0,0,0,0,0,0,0]",1,no,all residue allocations modulo cyclic rotation
11,11,1,28,28,1,13,one_changed,FOUND,"{""coeffs"":[2,1,1,1,1,1,1,1,1,1,1,1,1],""positions"":[0,1,2,3,4,5,6,7,8,9,10,11,12]}","[2,1,1,1,1,1,1,1,1,1,1,1,1,0,0,0,0,0,0,0,0,0,0,0,0,0,0,0]",1,no,all residue allocations modulo cyclic rotation
11,11,1,28,28,1,14,ones,FOUND,"{""coeffs"":[1,1,1,1,1,1,1,1,1,1,1,1,1,1],""positions"":[0,1,2,3,4,5,6,7,8,9,10,11,12,16]}","[1,1,1,1,1,1,1,1,1,1,1,1,1,0,0,0,1,0,0,0,0,0,0,0,0,0,0,0]",4,no,all residue allocations modulo cyclic rotation
11,11,1,28,28,1,14,one_changed,FOUND,"{""coeffs"":[2,1,1,1,1,1,1,1,1,1,1,1,1,1],""positions"":[0,1,2,3,4,5,6,7,8,9,10,11,12,13]}","[2,1,1,1,1,1,1,1,1,1,1,1,1,1,0,0,0,0,0,0,0,0,0,0,0,0,0,0]",1,no,all residue allocations modulo cyclic rotation
11,11,1,28,28,1,15,ones,FOUND,"{""coeffs"":[1,1,1,1,1,1,1,1,1,1,1,1,1,1,1],""positions"":[0,1,2,3,4,5,6,7,8,9,10,11,12,13,14]}","[1,1,1,1,1,1,1,1,1,1,1,1,1,1,1,0,0,0,0,0,0,0,0,0,0,0,0,0]",1,no,all residue allocations modulo cyclic rotation
11,11,1,28,28,1,15,one_changed,FOUND,"{""coeffs"":[2,1,1,1,1,1,1,1,1,1,1,1,1,1,1],""positions"":[0,1,2,3,4,5,6,7,8,9,10,11,12,13,14]}","[2,1,1,1,1,1,1,1,1,1,1,1,1,1,1,0,0,0,0,0,0,0,0,0,0,0,0,0]",1,no,all residue allocations modulo cyclic rotation
11,11,1,28,28,1,16,ones,FOUND,"{""coeffs"":[1,1,1,1,1,1,1,1,1,1,1,1,1,1,1,1],""positions"":[0,1,2,3,4,5,6,7,8,9,10,11,12,13,14,16]}","[1,1,1,1,1,1,1,1,1,1,1,1,1,1,1,0,1,0,0,0,0,0,0,0,0,0,0,0]",2,no,all residue allocations modulo cyclic rotation
11,11,1,28,28,1,16,one_changed,FOUND,"{""coeffs"":[2,1,1,1,1,1,1,1,1,1,1,1,1,1,1,1],""positions"":[0,1,2,3,4,5,6,7,8,9,10,11,12,13,14,15]}","[2,1,1,1,1,1,1,1,1,1,1,1,1,1,1,1,0,0,0,0,0,0,0,0,0,0,0,0]",1,no,all residue allocations modulo cyclic rotation
11,11,1,28,28,1,17,ones,FOUND,"{""coeffs"":[1,1,1,1,1,1,1,1,1,1,1,1,1,1,1,1,1],""positions"":[0,1,2,3,4,5,6,7,8,9,10,11,12,13,14,15,16]}","[1,1,1,1,1,1,1,1,1,1,1,1,1,1,1,1,1,0,0,0,0,0,0,0,0,0,0,0]",1,no,all residue allocations modulo cyclic rotation
11,11,1,28,28,1,17,one_changed,FOUND,"{""coeffs"":[2,1,1,1,1,1,1,1,1,1,1,1,1,1,1,1,1],""positions"":[0,1,2,3,4,5,6,7,8,9,10,11,12,13,14,15,16]}","[2,1,1,1,1,1,1,1,1,1,1,1,1,1,1,1,1,0,0,0,0,0,0,0,0,0,0,0]",1,no,all residue allocations modulo cyclic rotation
11,11,1,28,28,1,18,ones,FOUND,"{""coeffs"":[1,1,1,1,1,1,1,1,1,1,1,1,1,1,1,1,1,1],""positions"":[0,1,2,3,4,5,6,7,8,9,10,11,12,13,14,15,16,20]}","[1,1,1,1,1,1,1,1,1,1,1,1,1,1,1,1,1,0,0,0,1,0,0,0,0,0,0,0]",4,no,all residue allocations modulo cyclic rotation
11,11,1,28,28,1,18,one_changed,FOUND,"{""coeffs"":[2,1,1,1,1,1,1,1,1,1,1,1,1,1,1,1,1,1],""positions"":[0,1,2,3,4,5,6,7,8,9,10,11,12,13,14,15,16,17]}","[2,1,1,1,1,1,1,1,1,1,1,1,1,1,1,1,1,1,0,0,0,0,0,0,0,0,0,0]",1,no,all residue allocations modulo cyclic rotation
11,11,1,28,28,1,19,ones,FOUND,"{""coeffs"":[1,1,1,1,1,1,1,1,1,1,1,1,1,1,1,1,1,1,1],""positions"":[0,1,2,3,4,5,6,7,8,9,10,11,12,13,14,15,16,17,18]}","[1,1,1,1,1,1,1,1,1,1,1,1,1,1,1,1,1,1,1,0,0,0,0,0,0,0,0,0]",1,no,all residue allocations modulo cyclic rotation
11,11,1,28,28,1,19,one_changed,FOUND,"{""coeffs"":[2,1,1,1,1,1,1,1,1,1,1,1,1,1,1,1,1,1,1],""positions"":[0,1,2,3,4,5,6,7,8,9,10,11,12,13,14,15,16,17,18]}","[2,1,1,1,1,1,1,1,1,1,1,1,1,1,1,1,1,1,1,0,0,0,0,0,0,0,0,0]",1,no,all residue allocations modulo cyclic rotation
11,11,1,28,28,1,20,ones,FOUND,"{""coeffs"":[1,1,1,1,1,1,1,1,1,1,1,1,1,1,1,1,1,1,1,1],""positions"":[0,1,2,3,4,5,6,7,8,9,10,11,12,13,14,15,16,17,18,20]}","[1,1,1,1,1,1,1,1,1,1,1,1,1,1,1,1,1,1,1,0,1,0,0,0,0,0,0,0]",2,no,all residue allocations modulo cyclic rotation
11,11,1,28,28,1,20,one_changed,FOUND,"{""coeffs"":[2,1,1,1,1,1,1,1,1,1,1,1,1,1,1,1,1,1,1,1],""positions"":[0,1,2,3,4,5,6,7,8,9,10,11,12,13,14,15,16,17,18,19]}","[2,1,1,1,1,1,1,1,1,1,1,1,1,1,1,1,1,1,1,1,0,0,0,0,0,0,0,0]",1,no,all residue allocations modulo cyclic rotation
11,11,1,28,28,1,21,ones,FOUND,"{""coeffs"":[1,1,1,1,1,1,1,1,1,1,1,1,1,1,1,1,1,1,1,1,1],""positions"":[0,1,2,3,4,5,6,7,8,9,10,11,12,13,14,15,16,17,18,19,21]}","[1,1,1,1,1,1,1,1,1,1,1,1,1,1,1,1,1,1,1,1,0,1,0,0,0,0,0,0]",2,no,all residue allocations modulo cyclic rotation
11,11,1,28,28,1,21,one_changed,FOUND,"{""coeffs"":[2,1,1,1,1,1,1,1,1,1,1,1,1,1,1,1,1,1,1,1,1],""positions"":[0,1,2,3,4,5,6,7,8,9,10,11,12,13,14,15,16,17,18,19,20]}","[2,1,1,1,1,1,1,1,1,1,1,1,1,1,1,1,1,1,1,1,1,0,0,0,0,0,0,0]",1,no,all residue allocations modulo cyclic rotation
11,11,1,28,28,1,22,ones,FOUND,"{""coeffs"":[1,1,1,1,1,1,1,1,1,1,1,1,1,1,1,1,1,1,1,1,1,1],""positions"":[0,1,2,3,4,5,6,7,8,9,10,11,12,13,14,15,16,17,18,19,20,24]}","[1,1,1,1,1,1,1,1,1,1,1,1,1,1,1,1,1,1,1,1,1,0,0,0,1,0,0,0]",4,no,all residue allocations modulo cyclic rotation
11,11,1,28,28,1,22,one_changed,FOUND,"{""coeffs"":[2,1,1,1,1,1,1,1,1,1,1,1,1,1,1,1,1,1,1,1,1,1],""positions"":[0,1,2,3,4,5,6,7,8,9,10,11,12,13,14,15,16,17,18,19,20,21]}","[2,1,1,1,1,1,1,1,1,1,1,1,1,1,1,1,1,1,1,1,1,1,0,0,0,0,0,0]",1,no,all residue allocations modulo cyclic rotation
11,11,1,28,28,1,23,ones,FOUND,"{""coeffs"":[1,1,1,1,1,1,1,1,1,1,1,1,1,1,1,1,1,1,1,1,1,1,1],""positions"":[0,1,2,3,4,5,6,7,8,9,10,11,12,13,14,15,16,17,18,19,20,21,22]}","[1,1,1,1,1,1,1,1,1,1,1,1,1,1,1,1,1,1,1,1,1,1,1,0,0,0,0,0]",1,no,all residue allocations modulo cyclic rotation
11,11,1,28,28,1,23,one_changed,FOUND,"{""coeffs"":[2,1,1,1,1,1,1,1,1,1,1,1,1,1,1,1,1,1,1,1,1,1,1],""positions"":[0,1,2,3,4,5,6,7,8,9,10,11,12,13,14,15,16,17,18,19,20,21,22]}","[2,1,1,1,1,1,1,1,1,1,1,1,1,1,1,1,1,1,1,1,1,1,1,0,0,0,0,0]",1,no,all residue allocations modulo cyclic rotation
11,11,1,28,28,1,24,ones,FOUND,"{""coeffs"":[1,1,1,1,1,1,1,1,1,1,1,1,1,1,1,1,1,1,1,1,1,1,1,1],""positions"":[0,1,2,3,4,5,6,7,8,9,10,11,12,13,14,15,16,17,18,19,20,21,22,24]}","[1,1,1,1,1,1,1,1,1,1,1,1,1,1,1,1,1,1,1,1,1,1,1,0,1,0,0,0]",2,no,all residue allocations modulo cyclic rotation
11,11,1,28,28,1,24,one_changed,FOUND,"{""coeffs"":[2,1,1,1,1,1,1,1,1,1,1,1,1,1,1,1,1,1,1,1,1,1,1,1],""positions"":[0,1,2,3,4,5,6,7,8,9,10,11,12,13,14,15,16,17,18,19,20,21,22,23]}","[2,1,1,1,1,1,1,1,1,1,1,1,1,1,1,1,1,1,1,1,1,1,1,1,0,0,0,0]",1,no,all residue allocations modulo cyclic rotation
11,11,1,28,28,1,25,ones,FOUND,"{""coeffs"":[1,1,1,1,1,1,1,1,1,1,1,1,1,1,1,1,1,1,1,1,1,1,1,1,1],""positions"":[0,1,2,3,4,5,6,7,8,9,10,11,12,13,14,15,16,17,18,19,20,21,22,23,24]}","[1,1,1,1,1,1,1,1,1,1,1,1,1,1,1,1,1,1,1,1,1,1,1,1,1,0,0,0]",1,no,all residue allocations modulo cyclic rotation
11,11,1,28,28,1,25,one_changed,FOUND,"{""coeffs"":[2,1,1,1,1,1,1,1,1,1,1,1,1,1,1,1,1,1,1,1,1,1,1,1,1],""positions"":[0,1,2,3,4,5,6,7,8,9,10,11,12,13,14,15,16,17,18,19,20,21,22,23,24]}","[2,1,1,1,1,1,1,1,1,1,1,1,1,1,1,1,1,1,1,1,1,1,1,1,1,0,0,0]",1,no,all residue allocations modulo cyclic rotation
11,11,1,28,28,1,26,ones,FOUND,"{""coeffs"":[1,1,1,1,1,1,1,1,1,1,1,1,1,1,1,1,1,1,1,1,1,1,1,1,1,1],""positions"":[0,1,2,3,4,5,6,7,8,9,10,11,12,13,14,15,16,17,18,19,20,21,22,24,25,26]}","[1,1,1,1,1,1,1,1,1,1,1,1,1,1,1,1,1,1,1,1,1,1,1,0,1,1,1,0]",7,no,all residue allocations modulo cyclic rotation
11,11,1,28,28,1,26,one_changed,FOUND,"{""coeffs"":[2,1,1,1,1,1,1,1,1,1,1,1,1,1,1,1,1,1,1,1,1,1,1,1,1,1],""positions"":[0,1,2,3,4,5,6,7,8,9,10,11,12,13,14,15,16,17,18,19,20,21,22,23,24,25]}","[2,1,1,1,1,1,1,1,1,1,1,1,1,1,1,1,1,1,1,1,1,1,1,1,1,1,0,0]",1,no,all residue allocations modulo cyclic rotation
11,11,1,28,28,1,27,ones,FOUND,"{""coeffs"":[1,1,1,1,1,1,1,1,1,1,1,1,1,1,1,1,1,1,1,1,1,1,1,1,1,1,1],""positions"":[0,1,2,3,4,5,6,7,8,9,10,11,12,13,14,15,16,17,18,19,20,21,22,23,24,25,26]}","[1,1,1,1,1,1,1,1,1,1,1,1,1,1,1,1,1,1,1,1,1,1,1,1,1,1,1,0]",1,no,all residue allocations modulo cyclic rotation
11,11,1,28,28,1,27,one_changed,FOUND,"{""coeffs"":[2,1,1,1,1,1,1,1,1,1,1,1,1,1,1,1,1,1,1,1,1,1,1,1,1,1,1],""positions"":[0,1,2,3,4,5,6,7,8,9,10,11,12,13,14,15,16,17,18,19,20,21,22,23,24,25,26]}","[2,1,1,1,1,1,1,1,1,1,1,1,1,1,1,1,1,1,1,1,1,1,1,1,1,1,1,0]",1,no,all residue allocations modulo cyclic rotation
11,11,1,28,28,1,28,ones,NONE,,,1,yes,all residue allocations modulo cyclic rotation
11,11,1,28,28,1,28,one_changed,FOUND,"{""coeffs"":[2,1,1,1,1,1,1,1,1,1,1,1,1,1,1,1,1,1,1,1,1,1,1,1,1,1,1,1],""positions"":[0,1,2,3,4,5,6,7,8,9,10,11,12,13,14,15,16,17,18,19,20,21,22,23,24,25,26,27]}","[2,1,1,1,1,1,1,1,1,1,1,1,1,1,1,1,1,1,1,1,1,1,1,1,1,1,1,1]",1,no,all residue allocations modulo cyclic rotation
11,11,1,29,29,1,2,ones,FOUND,"{""coeffs"":[1,1],""positions"":[0,1]}","[1,1,0,0,0,0,0,0,0,0,0,0,0,0,0,0,0,0,0,0,0,0,0,0,0,0,0,0,0]",1,no,all residue allocations modulo cyclic rotation
11,11,1,29,29,1,2,one_changed,FOUND,"{""coeffs"":[1,2],""positions"":[0,1]}","[1,2,0,0,0,0,0,0,0,0,0,0,0,0,0,0,0,0,0,0,0,0,0,0,0,0,0,0,0]",1,no,all residue allocations modulo cyclic rotation
11,11,1,29,29,1,2,all_distinct,FOUND,"{""coeffs"":[1,2],""positions"":[0,1]}","[1,2,0,0,0,0,0,0,0,0,0,0,0,0,0,0,0,0,0,0,0,0,0,0,0,0,0,0,0]",1,no,all residue allocations modulo cyclic rotation
11,11,1,29,29,1,3,ones,FOUND,"{""coeffs"":[1,1,1],""positions"":[0,1,2]}","[1,1,1,0,0,0,0,0,0,0,0,0,0,0,0,0,0,0,0,0,0,0,0,0,0,0,0,0,0]",1,no,all residue allocations modulo cyclic rotation
11,11,1,29,29,1,3,one_changed,FOUND,"{""coeffs"":[2,1,1],""positions"":[0,1,2]}","[2,1,1,0,0,0,0,0,0,0,0,0,0,0,0,0,0,0,0,0,0,0,0,0,0,0,0,0,0]",1,no,all residue allocations modulo cyclic rotation
11,11,1,29,29,1,3,all_distinct,FOUND,"{""coeffs"":[1,2,3],""positions"":[0,1,2]}","[1,2,3,0,0,0,0,0,0,0,0,0,0,0,0,0,0,0,0,0,0,0,0,0,0,0,0,0,0]",1,no,all residue allocations modulo cyclic rotation
11,11,1,29,29,1,4,ones,FOUND,"{""coeffs"":[1,1,1,1],""positions"":[0,1,2,3]}","[1,1,1,1,0,0,0,0,0,0,0,0,0,0,0,0,0,0,0,0,0,0,0,0,0,0,0,0,0]",1,no,all residue allocations modulo cyclic rotation
11,11,1,29,29,1,4,one_changed,FOUND,"{""coeffs"":[2,1,1,1],""positions"":[0,1,2,3]}","[2,1,1,1,0,0,0,0,0,0,0,0,0,0,0,0,0,0,0,0,0,0,0,0,0,0,0,0,0]",1,no,all residue allocations modulo cyclic rotation
11,11,1,29,29,1,4,all_distinct,FOUND,"{""coeffs"":[1,2,3,4],""positions"":[0,1,2,3]}","[1,2,3,4,0,0,0,0,0,0,0,0,0,0,0,0,0,0,0,0,0,0,0,0,0,0,0,0,0]",1,no,all residue allocations modulo cyclic rotation
11,11,1,29,29,1,5,ones,FOUND,"{""coeffs"":[1,1,1,1,1],""positions"":[0,1,2,3,4]}","[1,1,1,1,1,0,0,0,0,0,0,0,0,0,0,0,0,0,0,0,0,0,0,0,0,0,0,0,0]",1,no,all residue allocations modulo cyclic rotation
11,11,1,29,29,1,5,one_changed,FOUND,"{""coeffs"":[2,1,1,1,1],""positions"":[0,1,2,3,4]}","[2,1,1,1,1,0,0,0,0,0,0,0,0,0,0,0,0,0,0,0,0,0,0,0,0,0,0,0,0]",1,no,all residue allocations modulo cyclic rotation
11,11,1,29,29,1,5,all_distinct,FOUND,"{""coeffs"":[1,2,3,4,5],""positions"":[0,1,2,3,4]}","[1,2,3,4,5,0,0,0,0,0,0,0,0,0,0,0,0,0,0,0,0,0,0,0,0,0,0,0,0]",1,no,all residue allocations modulo cyclic rotation
11,11,1,29,29,1,6,ones,FOUND,"{""coeffs"":[1,1,1,1,1,1],""positions"":[0,1,2,3,4,5]}","[1,1,1,1,1,1,0,0,0,0,0,0,0,0,0,0,0,0,0,0,0,0,0,0,0,0,0,0,0]",1,no,all residue allocations modulo cyclic rotation
11,11,1,29,29,1,6,one_changed,FOUND,"{""coeffs"":[2,1,1,1,1,1],""positions"":[0,1,2,3,4,5]}","[2,1,1,1,1,1,0,0,0,0,0,0,0,0,0,0,0,0,0,0,0,0,0,0,0,0,0,0,0]",1,no,all residue allocations modulo cyclic rotation
11,11,1,29,29,1,6,all_distinct,FOUND,"{""coeffs"":[1,2,3,4,5,6],""positions"":[0,1,2,3,4,5]}","[1,2,3,4,5,6,0,0,0,0,0,0,0,0,0,0,0,0,0,0,0,0,0,0,0,0,0,0,0]",1,no,all residue allocations modulo cyclic rotation
11,11,1,29,29,1,7,ones,FOUND,"{""coeffs"":[1,1,1,1,1,1,1],""positions"":[0,1,2,3,4,5,6]}","[1,1,1,1,1,1,1,0,0,0,0,0,0,0,0,0,0,0,0,0,0,0,0,0,0,0,0,0,0]",1,no,all residue allocations modulo cyclic rotation
11,11,1,29,29,1,7,one_changed,FOUND,"{""coeffs"":[2,1,1,1,1,1,1],""positions"":[0,1,2,3,4,5,6]}","[2,1,1,1,1,1,1,0,0,0,0,0,0,0,0,0,0,0,0,0,0,0,0,0,0,0,0,0,0]",1,no,all residue allocations modulo cyclic rotation
11,11,1,29,29,1,7,all_distinct,FOUND,"{""coeffs"":[1,2,3,4,5,6,7],""positions"":[0,1,2,3,4,5,6]}","[1,2,3,4,5,6,7,0,0,0,0,0,0,0,0,0,0,0,0,0,0,0,0,0,0,0,0,0,0]",1,no,all residue allocations modulo cyclic rotation
11,11,1,29,29,1,8,ones,FOUND,"{""coeffs"":[1,1,1,1,1,1,1,1],""positions"":[0,1,2,3,4,5,6,7]}","[1,1,1,1,1,1,1,1,0,0,0,0,0,0,0,0,0,0,0,0,0,0,0,0,0,0,0,0,0]",1,no,all residue allocations modulo cyclic rotation
11,11,1,29,29,1,8,one_changed,FOUND,"{""coeffs"":[2,1,1,1,1,1,1,1],""positions"":[0,1,2,3,4,5,6,7]}","[2,1,1,1,1,1,1,1,0,0,0,0,0,0,0,0,0,0,0,0,0,0,0,0,0,0,0,0,0]",1,no,all residue allocations modulo cyclic rotation
11,11,1,29,29,1,8,all_distinct,FOUND,"{""coeffs"":[1,2,3,4,5,6,7,8],""positions"":[0,1,2,3,4,5,6,7]}","[1,2,3,4,5,6,7,8,0,0,0,0,0,0,0,0,0,0,0,0,0,0,0,0,0,0,0,0,0]",1,no,all residue allocations modulo cyclic rotation
11,11,1,29,29,1,9,ones,FOUND,"{""coeffs"":[1,1,1,1,1,1,1,1,1],""positions"":[0,1,2,3,4,5,6,7,8]}","[1,1,1,1,1,1,1,1,1,0,0,0,0,0,0,0,0,0,0,0,0,0,0,0,0,0,0,0,0]",1,no,all residue allocations modulo cyclic rotation
11,11,1,29,29,1,9,one_changed,FOUND,"{""coeffs"":[2,1,1,1,1,1,1,1,1],""positions"":[0,1,2,3,4,5,6,7,8]}","[2,1,1,1,1,1,1,1,1,0,0,0,0,0,0,0,0,0,0,0,0,0,0,0,0,0,0,0,0]",1,no,all residue allocations modulo cyclic rotation
11,11,1,29,29,1,9,all_distinct,FOUND,"{""coeffs"":[1,2,3,4,5,6,7,8,9],""positions"":[0,1,2,3,4,5,6,7,8]}","[1,2,3,4,5,6,7,8,9,0,0,0,0,0,0,0,0,0,0,0,0,0,0,0,0,0,0,0,0]",1,no,all residue allocations modulo cyclic rotation
11,11,1,29,29,1,10,ones,FOUND,"{""coeffs"":[1,1,1,1,1,1,1,1,1,1],""positions"":[0,1,2,3,4,5,6,7,8,9]}","[1,1,1,1,1,1,1,1,1,1,0,0,0,0,0,0,0,0,0,0,0,0,0,0,0,0,0,0,0]",1,no,all residue allocations modulo cyclic rotation
11,11,1,29,29,1,10,one_changed,FOUND,"{""coeffs"":[2,1,1,1,1,1,1,1,1,1],""positions"":[0,1,2,3,4,5,6,7,8,9]}","[2,1,1,1,1,1,1,1,1,1,0,0,0,0,0,0,0,0,0,0,0,0,0,0,0,0,0,0,0]",1,no,all residue allocations modulo cyclic rotation
11,11,1,29,29,1,10,all_distinct,FOUND,"{""coeffs"":[1,2,3,4,5,6,7,8,9,10],""positions"":[0,1,2,3,4,5,6,7,8,9]}","[1,2,3,4,5,6,7,8,9,10,0,0,0,0,0,0,0,0,0,0,0,0,0,0,0,0,0,0,0]",1,no,all residue allocations modulo cyclic rotation
11,11,1,29,29,1,11,ones,FOUND,"{""coeffs"":[1,1,1,1,1,1,1,1,1,1,1],""positions"":[0,1,2,3,4,5,6,7,8,9,10]}","[1,1,1,1,1,1,1,1,1,1,1,0,0,0,0,0,0,0,0,0,0,0,0,0,0,0,0,0,0]",1,no,all residue allocations modulo cyclic rotation
11,11,1,29,29,1,11,one_changed,FOUND,"{""coeffs"":[2,1,1,1,1,1,1,1,1,1,1],""positions"":[0,1,2,3,4,5,6,7,8,9,10]}","[2,1,1,1,1,1,1,1,1,1,1,0,0,0,0,0,0,0,0,0,0,0,0,0,0,0,0,0,0]",1,no,all residue allocations modulo cyclic rotation
11,11,1,29,29,1,12,ones,FOUND,"{""coeffs"":[1,1,1,1,1,1,1,1,1,1,1,1],""positions"":[0,1,2,3,4,5,6,7,8,9,10,11]}","[1,1,1,1,1,1,1,1,1,1,1,1,0,0,0,0,0,0,0,0,0,0,0,0,0,0,0,0,0]",1,no,all residue allocations modulo cyclic rotation
11,11,1,29,29,1,12,one_changed,FOUND,"{""coeffs"":[2,1,1,1,1,1,1,1,1,1,1,1],""positions"":[0,1,2,3,4,5,6,7,8,9,10,11]}","[2,1,1,1,1,1,1,1,1,1,1,1,0,0,0,0,0,0,0,0,0,0,0,0,0,0,0,0,0]",1,no,all residue allocations modulo cyclic rotation
11,11,1,29,29,1,13,ones,FOUND,"{""coeffs"":[1,1,1,1,1,1,1,1,1,1,1,1,1],""positions"":[0,1,2,3,4,5,6,7,8,9,10,11,12]}","[1,1,1,1,1,1,1,1,1,1,1,1,1,0,0,0,0,0,0,0,0,0,0,0,0,0,0,0,0]",1,no,all residue allocations modulo cyclic rotation
11,11,1,29,29,1,13,one_changed,FOUND,"{""coeffs"":[2,1,1,1,1,1,1,1,1,1,1,1,1],""positions"":[0,1,2,3,4,5,6,7,8,9,10,11,12]}","[2,1,1,1,1,1,1,1,1,1,1,1,1,0,0,0,0,0,0,0,0,0,0,0,0,0,0,0,0]",1,no,all residue allocations modulo cyclic rotation
11,11,1,29,29,1,14,ones,FOUND,"{""coeffs"":[1,1,1,1,1,1,1,1,1,1,1,1,1,1],""positions"":[0,1,2,3,4,5,6,7,8,9,10,11,12,13]}","[1,1,1,1,1,1,1,1,1,1,1,1,1,1,0,0,0,0,0,0,0,0,0,0,0,0,0,0,0]",1,no,all residue allocations modulo cyclic rotation
11,11,1,29,29,1,14,one_changed,FOUND,"{""coeffs"":[2,1,1,1,1,1,1,1,1,1,1,1,1,1],""positions"":[0,1,2,3,4,5,6,7,8,9,10,11,12,13]}","[2,1,1,1,1,1,1,1,1,1,1,1,1,1,0,0,0,0,0,0,0,0,0,0,0,0,0,0,0]",1,no,all residue allocations modulo cyclic rotation
11,11,1,29,29,1,15,ones,FOUND,"{""coeffs"":[1,1,1,1,1,1,1,1,1,1,1,1,1,1,1],""positions"":[0,1,2,3,4,5,6,7,8,9,10,11,12,13,14]}","[1,1,1,1,1,1,1,1,1,1,1,1,1,1,1,0,0,0,0,0,0,0,0,0,0,0,0,0,0]",1,no,all residue allocations modulo cyclic rotation
11,11,1,29,29,1,15,one_changed,FOUND,"{""coeffs"":[2,1,1,1,1,1,1,1,1,1,1,1,1,1,1],""positions"":[0,1,2,3,4,5,6,7,8,9,10,11,12,13,14]}","[2,1,1,1,1,1,1,1,1,1,1,1,1,1,1,0,0,0,0,0,0,0,0,0,0,0,0,0,0]",1,no,all residue allocations modulo cyclic rotation
11,11,1,29,29,1,16,ones,FOUND,"{""coeffs"":[1,1,1,1,1,1,1,1,1,1,1,1,1,1,1,1],""positions"":[0,1,2,3,4,5,6,7,8,9,10,11,12,13,14,15]}","[1,1,1,1,1,1,1,1,1,1,1,1,1,1,1,1,0,0,0,0,0,0,0,0,0,0,0,0,0]",1,no,all residue allocations modulo cyclic rotation
11,11,1,29,29,1,16,one_changed,FOUND,"{""coeffs"":[2,1,1,1,1,1,1,1,1,1,1,1,1,1,1,1],""positions"":[0,1,2,3,4,5,6,7,8,9,10,11,12,13,14,15]}","[2,1,1,1,1,1,1,1,1,1,1,1,1,1,1,1,0,0,0,0,0,0,0,0,0,0,0,0,0]",1,no,all residue allocations modulo cyclic rotation
11,11,1,29,29,1,17,ones,FOUND,"{""coeffs"":[1,1,1,1,1,1,1,1,1,1,1,1,1,1,1,1,1],""positions"":[0,1,2,3,4,5,6,7,8,9,10,11,12,13,14,15,16]}","[1,1,1,1,1,1,1,1,1,1,1,1,1,1,1,1,1,0,0,0,0,0,0,0,0,0,0,0,0]",1,no,all residue allocations modulo cyclic rotation
11,11,1,29,29,1,17,one_changed,FOUND,"{""coeffs"":[2,1,1,1,1,1,1,1,1,1,1,1,1,1,1,1,1],""positions"":[0,1,2,3,4,5,6,7,8,9,10,11,12,13,14,15,16]}","[2,1,1,1,1,1,1,1,1,1,1,1,1,1,1,1,1,0,0,0,0,0,0,0,0,0,0,0,0]",1,no,all residue allocations modulo cyclic rotation
11,11,1,29,29,1,18,ones,FOUND,"{""coeffs"":[1,1,1,1,1,1,1,1,1,1,1,1,1,1,1,1,1,1],""positions"":[0,1,2,3,4,5,6,7,8,9,10,11,12,13,14,15,16,17]}","[1,1,1,1,1,1,1,1,1,1,1,1,1,1,1,1,1,1,0,0,0,0,0,0,0,0,0,0,0]",1,no,all residue allocations modulo cyclic rotation
11,11,1,29,29,1,18,one_changed,FOUND,"{""coeffs"":[2,1,1,1,1,1,1,1,1,1,1,1,1,1,1,1,1,1],""positions"":[0,1,2,3,4,5,6,7,8,9,10,11,12,13,14,15,16,17]}","[2,1,1,1,1,1,1,1,1,1,1,1,1,1,1,1,1,1,0,0,0,0,0,0,0,0,0,0,0]",1,no,all residue allocations modulo cyclic rotation
11,11,1,29,29,1,19,ones,FOUND,"{""coeffs"":[1,1,1,1,1,1,1,1,1,1,1,1,1,1,1,1,1,1,1],""positions"":[0,1,2,3,4,5,6,7,8,9,10,11,12,13,14,15,16,17,18]}","[1,1,1,1,1,1,1,1,1,1,1,1,1,1,1,1,1,1,1,0,0,0,0,0,0,0,0,0,0]",1,no,all residue allocations modulo cyclic rotation
11,11,1,29,29,1,19,one_changed,FOUND,"{""coeffs"":[2,1,1,1,1,1,1,1,1,1,1,1,1,1,1,1,1,1,1],""positions"":[0,1,2,3,4,5,6,7,8,9,10,11,12,13,14,15,16,17,18]}","[2,1,1,1,1,1,1,1,1,1,1,1,1,1,1,1,1,1,1,0,0,0,0,0,0,0,0,0,0]",1,no,all residue allocations modulo cyclic rotation
11,11,1,29,29,1,20,ones,FOUND,"{""coeffs"":[1,1,1,1,1,1,1,1,1,1,1,1,1,1,1,1,1,1,1,1],""positions"":[0,1,2,3,4,5,6,7,8,9,10,11,12,13,14,15,16,17,18,19]}","[1,1,1,1,1,1,1,1,1,1,1,1,1,1,1,1,1,1,1,1,0,0,0,0,0,0,0,0,0]",1,no,all residue allocations modulo cyclic rotation
11,11,1,29,29,1,20,one_changed,FOUND,"{""coeffs"":[2,1,1,1,1,1,1,1,1,1,1,1,1,1,1,1,1,1,1,1],""positions"":[0,1,2,3,4,5,6,7,8,9,10,11,12,13,14,15,16,17,18,19]}","[2,1,1,1,1,1,1,1,1,1,1,1,1,1,1,1,1,1,1,1,0,0,0,0,0,0,0,0,0]",1,no,all residue allocations modulo cyclic rotation
11,11,1,29,29,1,21,ones,FOUND,"{""coeffs"":[1,1,1,1,1,1,1,1,1,1,1,1,1,1,1,1,1,1,1,1,1],""positions"":[0,1,2,3,4,5,6,7,8,9,10,11,12,13,14,15,16,17,18,19,20]}","[1,1,1,1,1,1,1,1,1,1,1,1,1,1,1,1,1,1,1,1,1,0,0,0,0,0,0,0,0]",1,no,all residue allocations modulo cyclic rotation
11,11,1,29,29,1,21,one_changed,FOUND,"{""coeffs"":[2,1,1,1,1,1,1,1,1,1,1,1,1,1,1,1,1,1,1,1,1],""positions"":[0,1,2,3,4,5,6,7,8,9,10,11,12,13,14,15,16,17,18,19,20]}","[2,1,1,1,1,1,1,1,1,1,1,1,1,1,1,1,1,1,1,1,1,0,0,0,0,0,0,0,0]",1,no,all residue allocations modulo cyclic rotation
11,11,1,29,29,1,22,ones,FOUND,"{""coeffs"":[1,1,1,1,1,1,1,1,1,1,1,1,1,1,1,1,1,1,1,1,1,1],""positions"":[0,1,2,3,4,5,6,7,8,9,10,11,12,13,14,15,16,17,18,19,20,21]}","[1,1,1,1,1,1,1,1,1,1,1,1,1,1,1,1,1,1,1,1,1,1,0,0,0,0,0,0,0]",1,no,all residue allocations modulo cyclic rotation
11,11,1,29,29,1,22,one_changed,FOUND,"{""coeffs"":[2,1,1,1,1,1,1,1,1,1,1,1,1,1,1,1,1,1,1,1,1,1],""positions"":[0,1,2,3,4,5,6,7,8,9,10,11,12,13,14,15,16,17,18,19,20,21]}","[2,1,1,1,1,1,1,1,1,1,1,1,1,1,1,1,1,1,1,1,1,1,0,0,0,0,0,0,0]",1,no,all residue allocations modulo cyclic rotation
11,11,1,29,29,1,23,ones,FOUND,"{""coeffs"":[1,1,1,1,1,1,1,1,1,1,1,1,1,1,1,1,1,1,1,1,1,1,1],""positions"":[0,1,2,3,4,5,6,7,8,9,10,11,12,13,14,15,16,17,18,19,20,21,22]}","[1,1,1,1,1,1,1,1,1,1,1,1,1,1,1,1,1,1,1,1,1,1,1,0,0,0,0,0,0]",1,no,all residue allocations modulo cyclic rotation
11,11,1,29,29,1,23,one_changed,FOUND,"{""coeffs"":[2,1,1,1,1,1,1,1,1,1,1,1,1,1,1,1,1,1,1,1,1,1,1],""positions"":[0,1,2,3,4,5,6,7,8,9,10,11,12,13,14,15,16,17,18,19,20,21,22]}","[2,1,1,1,1,1,1,1,1,1,1,1,1,1,1,1,1,1,1,1,1,1,1,0,0,0,0,0,0]",1,no,all residue allocations modulo cyclic rotation
11,11,1,29,29,1,24,ones,FOUND,"{""coeffs"":[1,1,1,1,1,1,1,1,1,1,1,1,1,1,1,1,1,1,1,1,1,1,1,1],""positions"":[0,1,2,3,4,5,6,7,8,9,10,11,12,13,14,15,16,17,18,19,20,21,22,23]}","[1,1,1,1,1,1,1,1,1,1,1,1,1,1,1,1,1,1,1,1,1,1,1,1,0,0,0,0,0]",1,no,all residue allocations modulo cyclic rotation
11,11,1,29,29,1,24,one_changed,FOUND,"{""coeffs"":[2,1,1,1,1,1,1,1,1,1,1,1,1,1,1,1,1,1,1,1,1,1,1,1],""positions"":[0,1,2,3,4,5,6,7,8,9,10,11,12,13,14,15,16,17,18,19,20,21,22,23]}","[2,1,1,1,1,1,1,1,1,1,1,1,1,1,1,1,1,1,1,1,1,1,1,1,0,0,0,0,0]",1,no,all residue allocations modulo cyclic rotation
11,11,1,29,29,1,25,ones,FOUND,"{""coeffs"":[1,1,1,1,1,1,1,1,1,1,1,1,1,1,1,1,1,1,1,1,1,1,1,1,1],""positions"":[0,1,2,3,4,5,6,7,8,9,10,11,12,13,14,15,16,17,18,19,20,21,22,23,24]}","[1,1,1,1,1,1,1,1,1,1,1,1,1,1,1,1,1,1,1,1,1,1,1,1,1,0,0,0,0]",1,no,all residue allocations modulo cyclic rotation
11,11,1,29,29,1,25,one_changed,FOUND,"{""coeffs"":[2,1,1,1,1,1,1,1,1,1,1,1,1,1,1,1,1,1,1,1,1,1,1,1,1],""positions"":[0,1,2,3,4,5,6,7,8,9,10,11,12,13,14,15,16,17,18,19,20,21,22,23,24]}","[2,1,1,1,1,1,1,1,1,1,1,1,1,1,1,1,1,1,1,1,1,1,1,1,1,0,0,0,0]",1,no,all residue allocations modulo cyclic rotation
11,11,1,29,29,1,26,ones,FOUND,"{""coeffs"":[1,1,1,1,1,1,1,1,1,1,1,1,1,1,1,1,1,1,1,1,1,1,1,1,1,1],""positions"":[0,1,2,3,4,5,6,7,8,9,10,11,12,13,14,15,16,17,18,19,20,21,22,23,24,25]}","[1,1,1,1,1,1,1,1,1,1,1,1,1,1,1,1,1,1,1,1,1,1,1,1,1,1,0,0,0]",1,no,all residue allocations modulo cyclic rotation
11,11,1,29,29,1,26,one_changed,FOUND,"{""coeffs"":[2,1,1,1,1,1,1,1,1,1,1,1,1,1,1,1,1,1,1,1,1,1,1,1,1,1],""positions"":[0,1,2,3,4,5,6,7,8,9,10,11,12,13,14,15,16,17,18,19,20,21,22,23,24,25]}","[2,1,1,1,1,1,1,1,1,1,1,1,1,1,1,1,1,1,1,1,1,1,1,1,1,1,0,0,0]",1,no,all residue allocations modulo cyclic rotation
11,11,1,29,29,1,27,ones,FOUND,"{""coeffs"":[1,1,1,1,1,1,1,1,1,1,1,1,1,1,1,1,1,1,1,1,1,1,1,1,1,1,1],""positions"":[0,1,2,3,4,5,6,7,8,9,10,11,12,13,14,15,16,17,18,19,20,21,22,23,24,25,26]}","[1,1,1,1,1,1,1,1,1,1,1,1,1,1,1,1,1,1,1,1,1,1,1,1,1,1,1,0,0]",1,no,all residue allocations modulo cyclic rotation
11,11,1,29,29,1,27,one_changed,FOUND,"{""coeffs"":[2,1,1,1,1,1,1,1,1,1,1,1,1,1,1,1,1,1,1,1,1,1,1,1,1,1,1],""positions"":[0,1,2,3,4,5,6,7,8,9,10,11,12,13,14,15,16,17,18,19,20,21,22,23,24,25,26]}","[2,1,1,1,1,1,1,1,1,1,1,1,1,1,1,1,1,1,1,1,1,1,1,1,1,1,1,0,0]",1,no,all residue allocations modulo cyclic rotation
11,11,1,29,29,1,28,ones,FOUND,"{""coeffs"":[1,1,1,1,1,1,1,1,1,1,1,1,1,1,1,1,1,1,1,1,1,1,1,1,1,1,1,1],""positions"":[0,1,2,3,4,5,6,7,8,9,10,11,12,13,14,15,16,17,18,19,20,21,22,23,24,25,26,27]}","[1,1,1,1,1,1,1,1,1,1,1,1,1,1,1,1,1,1,1,1,1,1,1,1,1,1,1,1,0]",1,no,all residue allocations modulo cyclic rotation
11,11,1,29,29,1,28,one_changed,FOUND,"{""coeffs"":[2,1,1,1,1,1,1,1,1,1,1,1,1,1,1,1,1,1,1,1,1,1,1,1,1,1,1,1],""positions"":[0,1,2,3,4,5,6,7,8,9,10,11,12,13,14,15,16,17,18,19,20,21,22,23,24,25,26,27]}","[2,1,1,1,1,1,1,1,1,1,1,1,1,1,1,1,1,1,1,1,1,1,1,1,1,1,1,1,0]",1,no,all residue allocations modulo cyclic rotation
11,11,1,29,29,1,29,ones,NONE,,,1,yes,all residue allocations modulo cyclic rotation
11,11,1,29,29,1,29,one_changed,FOUND,"{""coeffs"":[2,1,1,1,1,1,1,1,1,1,1,1,1,1,1,1,1,1,1,1,1,1,1,1,1,1,1,1,1],""positions"":[0,1,2,3,4,5,6,7,8,9,10,11,12,13,14,15,16,17,18,19,20,21,22,23,24,25,26,27,28]}","[2,1,1,1,1,1,1,1,1,1,1,1,1,1,1,1,1,1,1,1,1,1,1,1,1,1,1,1,1]",1,no,all residue allocations modulo cyclic rotation
11,11,1,30,30,1,2,ones,FOUND,"{""coeffs"":[1,1],""positions"":[0,2]}","[1,0,1,0,0,0,0,0,0,0,0,0,0,0,0,0,0,0,0,0,0,0,0,0,0,0,0,0,0,0]",2,no,all residue allocations modulo cyclic rotation
11,11,1,30,30,1,2,one_changed,FOUND,"{""coeffs"":[1,2],""positions"":[0,1]}","[1,2,0,0,0,0,0,0,0,0,0,0,0,0,0,0,0,0,0,0,0,0,0,0,0,0,0,0,0,0]",1,no,all residue allocations modulo cyclic rotation
11,11,1,30,30,1,2,all_distinct,FOUND,"{""coeffs"":[1,2],""positions"":[0,1]}","[1,2,0,0,0,0,0,0,0,0,0,0,0,0,0,0,0,0,0,0,0,0,0,0,0,0,0,0,0,0]",1,no,all residue allocations modulo cyclic rotation
11,11,1,30,30,1,3,ones,FOUND,"{""coeffs"":[1,1,1],""positions"":[0,1,3]}","[1,1,0,1,0,0,0,0,0,0,0,0,0,0,0,0,0,0,0,0,0,0,0,0,0,0,0,0,0,0]",2,no,all residue allocations modulo cyclic rotation
11,11,1,30,30,1,3,one_changed,FOUND,"{""coeffs"":[2,1,1],""positions"":[0,1,2]}","[2,1,1,0,0,0,0,0,0,0,0,0,0,0,0,0,0,0,0,0,0,0,0,0,0,0,0,0,0,0]",1,no,all residue allocations modulo cyclic rotation
11,11,1,30,30,1,3,all_distinct,FOUND,"{""coeffs"":[1,2,3],""positions"":[0,1,2]}","[1,2,3,0,0,0,0,0,0,0,0,0,0,0,0,0,0,0,0,0,0,0,0,0,0,0,0,0,0,0]",1,no,all residue allocations modulo cyclic rotation
11,11,1,30,30,1,4,ones,FOUND,"{""coeffs"":[1,1,1,1],""positions"":[0,1,2,4]}","[1,1,1,0,1,0,0,0,0,0,0,0,0,0,0,0,0,0,0,0,0,0,0,0,0,0,0,0,0,0]",2,no,all residue allocations modulo cyclic rotation
11,11,1,30,30,1,4,one_changed,FOUND,"{""coeffs"":[2,1,1,1],""positions"":[0,1,2,3]}","[2,1,1,1,0,0,0,0,0,0,0,0,0,0,0,0,0,0,0,0,0,0,0,0,0,0,0,0,0,0]",1,no,all residue allocations modulo cyclic rotation
11,11,1,30,30,1,4,all_distinct,FOUND,"{""coeffs"":[1,2,3,4],""positions"":[0,1,2,3]}","[1,2,3,4,0,0,0,0,0,0,0,0,0,0,0,0,0,0,0,0,0,0,0,0,0,0,0,0,0,0]",1,no,all residue allocations modulo cyclic rotation
11,11,1,30,30,1,5,ones,FOUND,"{""coeffs"":[1,1,1,1,1],""positions"":[0,1,2,3,5]}","[1,1,1,1,0,1,0,0,0,0,0,0,0,0,0,0,0,0,0,0,0,0,0,0,0,0,0,0,0,0]",2,no,all residue allocations modulo cyclic rotation
11,11,1,30,30,1,5,one_changed,FOUND,"{""coeffs"":[2,1,1,1,1],""positions"":[0,1,2,3,4]}","[2,1,1,1,1,0,0,0,0,0,0,0,0,0,0,0,0,0,0,0,0,0,0,0,0,0,0,0,0,0]",1,no,all residue allocations modulo cyclic rotation
11,11,1,30,30,1,5,all_distinct,FOUND,"{""coeffs"":[1,2,3,4,5],""positions"":[0,1,2,3,4]}","[1,2,3,4,5,0,0,0,0,0,0,0,0,0,0,0,0,0,0,0,0,0,0,0,0,0,0,0,0,0]",1,no,all residue allocations modulo cyclic rotation
11,11,1,30,30,1,6,ones,FOUND,"{""coeffs"":[1,1,1,1,1,1],""positions"":[0,1,2,3,4,6]}","[1,1,1,1,1,0,1,0,0,0,0,0,0,0,0,0,0,0,0,0,0,0,0,0,0,0,0,0,0,0]",2,no,all residue allocations modulo cyclic rotation
11,11,1,30,30,1,6,one_changed,FOUND,"{""coeffs"":[2,1,1,1,1,1],""positions"":[0,1,2,3,4,5]}","[2,1,1,1,1,1,0,0,0,0,0,0,0,0,0,0,0,0,0,0,0,0,0,0,0,0,0,0,0,0]",1,no,all residue allocations modulo cyclic rotation
11,11,1,30,30,1,6,all_distinct,FOUND,"{""coeffs"":[1,2,3,4,5,6],""positions"":[0,1,2,3,4,5]}","[1,2,3,4,5,6,0,0,0,0,0,0,0,0,0,0,0,0,0,0,0,0,0,0,0,0,0,0,0,0]",1,no,all residue allocations modulo cyclic rotation
11,11,1,30,30,1,7,ones,FOUND,"{""coeffs"":[1,1,1,1,1,1,1],""positions"":[0,1,2,3,4,5,6]}","[1,1,1,1,1,1,1,0,0,0,0,0,0,0,0,0,0,0,0,0,0,0,0,0,0,0,0,0,0,0]",1,no,all residue allocations modulo cyclic rotation
11,11,1,30,30,1,7,one_changed,FOUND,"{""coeffs"":[2,1,1,1,1,1,1],""positions"":[0,1,2,3,4,5,6]}","[2,1,1,1,1,1,1,0,0,0,0,0,0,0,0,0,0,0,0,0,0,0,0,0,0,0,0,0,0,0]",1,no,all residue allocations modulo cyclic rotation
11,11,1,30,30,1,7,all_distinct,FOUND,"{""coeffs"":[1,2,3,4,5,6,7],""positions"":[0,1,2,3,4,5,6]}","[1,2,3,4,5,6,7,0,0,0,0,0,0,0,0,0,0,0,0,0,0,0,0,0,0,0,0,0,0,0]",1,no,all residue allocations modulo cyclic rotation
11,11,1,30,30,1,8,ones,FOUND,"{""coeffs"":[1,1,1,1,1,1,1,1],""positions"":[0,1,2,3,4,5,6,8]}","[1,1,1,1,1,1,1,0,1,0,0,0,0,0,0,0,0,0,0,0,0,0,0,0,0,0,0,0,0,0]",2,no,all residue allocations modulo cyclic rotation
11,11,1,30,30,1,8,one_changed,FOUND,"{""coeffs"":[2,1,1,1,1,1,1,1],""positions"":[0,1,2,3,4,5,6,7]}","[2,1,1,1,1,1,1,1,0,0,0,0,0,0,0,0,0,0,0,0,0,0,0,0,0,0,0,0,0,0]",1,no,all residue allocations modulo cyclic rotation
11,11,1,30,30,1,8,all_distinct,FOUND,"{""coeffs"":[1,2,3,4,5,6,7,8],""positions"":[0,1,2,3,4,5,6,7]}","[1,2,3,4,5,6,7,8,0,0,0,0,0,0,0,0,0,0,0,0,0,0,0,0,0,0,0,0,0,0]",1,no,all residue allocations modulo cyclic rotation
11,11,1,30,30,1,9,ones,FOUND,"{""coeffs"":[1,1,1,1,1,1,1,1,1],""positions"":[0,1,2,3,4,5,6,7,9]}","[1,1,1,1,1,1,1,1,0,1,0,0,0,0,0,0,0,0,0,0,0,0,0,0,0,0,0,0,0,0]",2,no,all residue allocations modulo cyclic rotation
11,11,1,30,30,1,9,one_changed,FOUND,"{""coeffs"":[2,1,1,1,1,1,1,1,1],""positions"":[0,1,2,3,4,5,6,7,8]}","[2,1,1,1,1,1,1,1,1,0,0,0,0,0,0,0,0,0,0,0,0,0,0,0,0,0,0,0,0,0]",1,no,all residue allocations modulo cyclic rotation
11,11,1,30,30,1,9,all_distinct,FOUND,"{""coeffs"":[1,2,3,4,5,6,7,8,9],""positions"":[0,1,2,3,4,5,6,7,8]}","[1,2,3,4,5,6,7,8,9,0,0,0,0,0,0,0,0,0,0,0,0,0,0,0,0,0,0,0,0,0]",1,no,all residue allocations modulo cyclic rotation
11,11,1,30,30,1,10,ones,FOUND,"{""coeffs"":[1,1,1,1,1,1,1,1,1,1],""positions"":[0,1,2,3,4,5,6,7,8,10]}","[1,1,1,1,1,1,1,1,1,0,1,0,0,0,0,0,0,0,0,0,0,0,0,0,0,0,0,0,0,0]",2,no,all residue allocations modulo cyclic rotation
11,11,1,30,30,1,10,one_changed,FOUND,"{""coeffs"":[2,1,1,1,1,1,1,1,1,1],""positions"":[0,1,2,3,4,5,6,7,8,9]}","[2,1,1,1,1,1,1,1,1,1,0,0,0,0,0,0,0,0,0,0,0,0,0,0,0,0,0,0,0,0]",1,no,all residue allocations modulo cyclic rotation
11,11,1,30,30,1,10,all_distinct,FOUND,"{""coeffs"":[1,2,3,4,5,6,7,8,9,10],""positions"":[0,1,2,3,4,5,6,7,8,9]}","[1,2,3,4,5,6,7,8,9,10,0,0,0,0,0,0,0,0,0,0,0,0,0,0,0,0,0,0,0,0]",1,no,all residue allocations modulo cyclic rotation
11,11,1,30,30,1,11,ones,FOUND,"{""coeffs"":[1,1,1,1,1,1,1,1,1,1,1],""positions"":[0,1,2,3,4,5,6,7,8,9,10]}","[1,1,1,1,1,1,1,1,1,1,1,0,0,0,0,0,0,0,0,0,0,0,0,0,0,0,0,0,0,0]",1,no,all residue allocations modulo cyclic rotation
11,11,1,30,30,1,11,one_changed,FOUND,"{""coeffs"":[2,1,1,1,1,1,1,1,1,1,1],""positions"":[0,1,2,3,4,5,6,7,8,9,10]}","[2,1,1,1,1,1,1,1,1,1,1,0,0,0,0,0,0,0,0,0,0,0,0,0,0,0,0,0,0,0]",1,no,all residue allocations modulo cyclic rotation
11,11,1,30,30,1,12,ones,FOUND,"{""coeffs"":[1,1,1,1,1,1,1,1,1,1,1,1],""positions"":[0,1,2,3,4,5,6,7,8,9,10,12]}","[1,1,1,1,1,1,1,1,1,1,1,0,1,0,0,0,0,0,0,0,0,0,0,0,0,0,0,0,0,0]",2,no,all residue allocations modulo cyclic rotation
11,11,1,30,30,1,12,one_changed,FOUND,"{""coeffs"":[2,1,1,1,1,1,1,1,1,1,1,1],""positions"":[0,1,2,3,4,5,6,7,8,9,10,11]}","[2,1,1,1,1,1,1,1,1,1,1,1,0,0,0,0,0,0,0,0,0,0,0,0,0,0,0,0,0,0]",1,no,all residue allocations modulo cyclic rotation
11,11,1,30,30,1,13,ones,FOUND,"{""coeffs"":[1,1,1,1,1,1,1,1,1,1,1,1,1],""positions"":[0,1,2,3,4,5,6,7,8,9,10,11,12]}","[1,1,1,1,1,1,1,1,1,1,1,1,1,0,0,0,0,0,0,0,0,0,0,0,0,0,0,0,0,0]",1,no,all residue allocations modulo cyclic rotation
11,11,1,30,30,1,13,one_changed,FOUND,"{""coeffs"":[2,1,1,1,1,1,1,1,1,1,1,1,1],""positions"":[0,1,2,3,4,5,6,7,8,9,10,11,12]}","[2,1,1,1,1,1,1,1,1,1,1,1,1,0,0,0,0,0,0,0,0,0,0,0,0,0,0,0,0,0]",1,no,all residue allocations modulo cyclic rotation
11,11,1,30,30,1,14,ones,FOUND,"{""coeffs"":[1,1,1,1,1,1,1,1,1,1,1,1,1,1],""positions"":[0,1,2,3,4,5,6,7,8,9,10,11,12,14]}","[1,1,1,1,1,1,1,1,1,1,1,1,1,0,1,0,0,0,0,0,0,0,0,0,0,0,0,0,0,0]",2,no,all residue allocations modulo cyclic rotation
11,11,1,30,30,1,14,one_changed,FOUND,"{""coeffs"":[2,1,1,1,1,1,1,1,1,1,1,1,1,1],""positions"":[0,1,2,3,4,5,6,7,8,9,10,11,12,13]}","[2,1,1,1,1,1,1,1,1,1,1,1,1,1,0,0,0,0,0,0,0,0,0,0,0,0,0,0,0,0]",1,no,all residue allocations modulo cyclic rotation
11,11,1,30,30,1,15,ones,FOUND,"{""coeffs"":[1,1,1,1,1,1,1,1,1,1,1,1,1,1,1],""positions"":[0,1,2,3,4,5,6,7,8,9,10,11,12,13,15]}","[1,1,1,1,1,1,1,1,1,1,1,1,1,1,0,1,0,0,0,0,0,0,0,0,0,0,0,0,0,0]",2,no,all residue allocations modulo cyclic rotation
11,11,1,30,30,1,15,one_changed,FOUND,"{""coeffs"":[2,1,1,1,1,1,1,1,1,1,1,1,1,1,1],""positions"":[0,1,2,3,4,5,6,7,8,9,10,11,12,13,14]}","[2,1,1,1,1,1,1,1,1,1,1,1,1,1,1,0,0,0,0,0,0,0,0,0,0,0,0,0,0,0]",1,no,all residue allocations modulo cyclic rotation
11,11,1,30,30,1,16,ones,FOUND,"{""coeffs"":[1,1,1,1,1,1,1,1,1,1,1,1,1,1,1,1],""positions"":[0,1,2,3,4,5,6,7,8,9,10,11,12,13,14,16]}","[1,1,1,1,1,1,1,1,1,1,1,1,1,1,1,0,1,0,0,0,0,0,0,0,0,0,0,0,0,0]",2,no,all residue allocations modulo cyclic rotation
11,11,1,30,30,1,16,one_changed,FOUND,"{""coeffs"":[2,1,1,1,1,1,1,1,1,1,1,1,1,1,1,1],""positions"":[0,1,2,3,4,5,6,7,8,9,10,11,12,13,14,15]}","[2,1,1,1,1,1,1,1,1,1,1,1,1,1,1,1,0,0,0,0,0,0,0,0,0,0,0,0,0,0]",1,no,all residue allocations modulo cyclic rotation
11,11,1,30,30,1,17,ones,FOUND,"{""coeffs"":[1,1,1,1,1,1,1,1,1,1,1,1,1,1,1,1,1],""positions"":[0,1,2,3,4,5,6,7,8,9,10,11,12,13,14,15,16]}","[1,1,1,1,1,1,1,1,1,1,1,1,1,1,1,1,1,0,0,0,0,0,0,0,0,0,0,0,0,0]",1,no,all residue allocations modulo cyclic rotation
11,11,1,30,30,1,17,one_changed,FOUND,"{""coeffs"":[2,1,1,1,1,1,1,1,1,1,1,1,1,1,1,1,1],""positions"":[0,1,2,3,4,5,6,7,8,9,10,11,12,13,14,15,16]}","[2,1,1,1,1,1,1,1,1,1,1,1,1,1,1,1,1,0,0,0,0,0,0,0,0,0,0,0,0,0]",1,no,all residue allocations modulo cyclic rotation
11,11,1,30,30,1,18,ones,FOUND,"{""coeffs"":[1,1,1,1,1,1,1,1,1,1,1,1,1,1,1,1,1,1],""positions"":[0,1,2,3,4,5,6,7,8,9,10,11,12,13,14,15,16,18]}","[1,1,1,1,1,1,1,1,1,1,1,1,1,1,1,1,1,0,1,0,0,0,0,0,0,0,0,0,0,0]",2,no,all residue allocations modulo cyclic rotation
11,11,1,30,30,1,18,one_changed,FOUND,"{""coeffs"":[2,1,1,1,1,1,1,1,1,1,1,1,1,1,1,1,1,1],""positions"":[0,1,2,3,4,5,6,7,8,9,10,11,12,13,14,15,16,17]}","[2,1,1,1,1,1,1,1,1,1,1,1,1,1,1,1,1,1,0,0,0,0,0,0,0,0,0,0,0,0]",1,no,all residue allocations modulo cyclic rotation
11,11,1,30,30,1,19,ones,FOUND,"{""coeffs"":[1,1,1,1,1,1,1,1,1,1,1,1,1,1,1,1,1,1,1],""positions"":[0,1,2,3,4,5,6,7,8,9,10,11,12,13,14,15,16,17,18]}","[1,1,1,1,1,1,1,1,1,1,1,1,1,1,1,1,1,1,1,0,0,0,0,0,0,0,0,0,0,0]",1,no,all residue allocations modulo cyclic rotation
11,11,1,30,30,1,19,one_changed,FOUND,"{""coeffs"":[2,1,1,1,1,1,1,1,1,1,1,1,1,1,1,1,1,1,1],""positions"":[0,1,2,3,4,5,6,7,8,9,10,11,12,13,14,15,16,17,18]}","[2,1,1,1,1,1,1,1,1,1,1,1,1,1,1,1,1,1,1,0,0,0,0,0,0,0,0,0,0,0]",1,no,all residue allocations modulo cyclic rotation
11,11,1,30,30,1,20,ones,FOUND,"{""coeffs"":[1,1,1,1,1,1,1,1,1,1,1,1,1,1,1,1,1,1,1,1],""positions"":[0,1,2,3,4,5,6,7,8,9,10,11,12,13,14,15,16,17,18,20]}","[1,1,1,1,1,1,1,1,1,1,1,1,1,1,1,1,1,1,1,0,1,0,0,0,0,0,0,0,0,0]",2,no,all residue allocations modulo cyclic rotation
11,11,1,30,30,1,20,one_changed,FOUND,"{""coeffs"":[2,1,1,1,1,1,1,1,1,1,1,1,1,1,1,1,1,1,1,1],""positions"":[0,1,2,3,4,5,6,7,8,9,10,11,12,13,14,15,16,17,18,19]}","[2,1,1,1,1,1,1,1,1,1,1,1,1,1,1,1,1,1,1,1,0,0,0,0,0,0,0,0,0,0]",1,no,all residue allocations modulo cyclic rotation
11,11,1,30,30,1,21,ones,FOUND,"{""coeffs"":[1,1,1,1,1,1,1,1,1,1,1,1,1,1,1,1,1,1,1,1,1],""positions"":[0,1,2,3,4,5,6,7,8,9,10,11,12,13,14,15,16,17,18,19,21]}","[1,1,1,1,1,1,1,1,1,1,1,1,1,1,1,1,1,1,1,1,0,1,0,0,0,0,0,0,0,0]",2,no,all residue allocations modulo cyclic rotation
11,11,1,30,30,1,21,one_changed,FOUND,"{""coeffs"":[2,1,1,1,1,1,1,1,1,1,1,1,1,1,1,1,1,1,1,1,1],""positions"":[0,1,2,3,4,5,6,7,8,9,10,11,12,13,14,15,16,17,18,19,20]}","[2,1,1,1,1,1,1,1,1,1,1,1,1,1,1,1,1,1,1,1,1,0,0,0,0,0,0,0,0,0]",1,no,all residue allocations modulo cyclic rotation
11,11,1,30,30,1,22,ones,FOUND,"{""coeffs"":[1,1,1,1,1,1,1,1,1,1,1,1,1,1,1,1,1,1,1,1,1,1],""positions"":[0,1,2,3,4,5,6,7,8,9,10,11,12,13,14,15,16,17,18,19,20,22]}","[1,1,1,1,1,1,1,1,1,1,1,1,1,1,1,1,1,1,1,1,1,0,1,0,0,0,0,0,0,0]",2,no,all residue allocations modulo cyclic rotation
11,11,1,30,30,1,22,one_changed,FOUND,"{""coeffs"":[2,1,1,1,1,1,1,1,1,1,1,1,1,1,1,1,1,1,1,1,1,1],""positions"":[0,1,2,3,4,5,6,7,8,9,10,11,12,13,14,15,16,17,18,19,20,21]}","[2,1,1,1,1,1,1,1,1,1,1,1,1,1,1,1,1,1,1,1,1,1,0,0,0,0,0,0,0,0]",1,no,all residue allocations modulo cyclic rotation
11,11,1,30,30,1,23,ones,FOUND,"{""coeffs"":[1,1,1,1,1,1,1,1,1,1,1,1,1,1,1,1,1,1,1,1,1,1,1],""positions"":[0,1,2,3,4,5,6,7,8,9,10,11,12,13,14,15,16,17,18,19,20,21,22]}","[1,1,1,1,1,1,1,1,1,1,1,1,1,1,1,1,1,1,1,1,1,1,1,0,0,0,0,0,0,0]",1,no,all residue allocations modulo cyclic rotation
11,11,1,30,30,1,23,one_changed,FOUND,"{""coeffs"":[2,1,1,1,1,1,1,1,1,1,1,1,1,1,1,1,1,1,1,1,1,1,1],""positions"":[0,1,2,3,4,5,6,7,8,9,10,11,12,13,14,15,16,17,18,19,20,21,22]}","[2,1,1,1,1,1,1,1,1,1,1,1,1,1,1,1,1,1,1,1,1,1,1,0,0,0,0,0,0,0]",1,no,all residue allocations modulo cyclic rotation
11,11,1,30,30,1,24,ones,FOUND,"{""coeffs"":[1,1,1,1,1,1,1,1,1,1,1,1,1,1,1,1,1,1,1,1,1,1,1,1],""positions"":[0,1,2,3,4,5,6,7,8,9,10,11,12,13,14,15,16,17,18,19,20,21,22,24]}","[1,1,1,1,1,1,1,1,1,1,1,1,1,1,1,1,1,1,1,1,1,1,1,0,1,0,0,0,0,0]",2,no,all residue allocations modulo cyclic rotation
11,11,1,30,30,1,24,one_changed,FOUND,"{""coeffs"":[2,1,1,1,1,1,1,1,1,1,1,1,1,1,1,1,1,1,1,1,1,1,1,1],""positions"":[0,1,2,3,4,5,6,7,8,9,10,11,12,13,14,15,16,17,18,19,20,21,22,23]}","[2,1,1,1,1,1,1,1,1,1,1,1,1,1,1,1,1,1,1,1,1,1,1,1,0,0,0,0,0,0]",1,no,all residue allocations modulo cyclic rotation
11,11,1,30,30,1,25,ones,FOUND,"{""coeffs"":[1,1,1,1,1,1,1,1,1,1,1,1,1,1,1,1,1,1,1,1,1,1,1,1,1],""positions"":[0,1,2,3,4,5,6,7,8,9,10,11,12,13,14,15,16,17,18,19,20,21,22,23,25]}","[1,1,1,1,1,1,1,1,1,1,1,1,1,1,1,1,1,1,1,1,1,1,1,1,0,1,0,0,0,0]",2,no,all residue allocations modulo cyclic rotation
11,11,1,30,30,1,25,one_changed,FOUND,"{""coeffs"":[2,1,1,1,1,1,1,1,1,1,1,1,1,1,1,1,1,1,1,1,1,1,1,1,1],""positions"":[0,1,2,3,4,5,6,7,8,9,10,11,12,13,14,15,16,17,18,19,20,21,22,23,24]}","[2,1,1,1,1,1,1,1,1,1,1,1,1,1,1,1,1,1,1,1,1,1,1,1,1,0,0,0,0,0]",1,no,all residue allocations modulo cyclic rotation
11,11,1,30,30,1,26,ones,FOUND,"{""coeffs"":[1,1,1,1,1,1,1,1,1,1,1,1,1,1,1,1,1,1,1,1,1,1,1,1,1,1],""positions"":[0,1,2,3,4,5,6,7,8,9,10,11,12,13,14,15,16,17,18,19,20,21,22,23,24,26]}","[1,1,1,1,1,1,1,1,1,1,1,1,1,1,1,1,1,1,1,1,1,1,1,1,1,0,1,0,0,0]",2,no,all residue allocations modulo cyclic rotation
11,11,1,30,30,1,26,one_changed,FOUND,"{""coeffs"":[2,1,1,1,1,1,1,1,1,1,1,1,1,1,1,1,1,1,1,1,1,1,1,1,1,1],""positions"":[0,1,2,3,4,5,6,7,8,9,10,11,12,13,14,15,16,17,18,19,20,21,22,23,24,25]}","[2,1,1,1,1,1,1,1,1,1,1,1,1,1,1,1,1,1,1,1,1,1,1,1,1,1,0,0,0,0]",1,no,all residue allocations modulo cyclic rotation
11,11,1,30,30,1,27,ones,FOUND,"{""coeffs"":[1,1,1,1,1,1,1,1,1,1,1,1,1,1,1,1,1,1,1,1,1,1,1,1,1,1,1],""positions"":[0,1,2,3,4,5,6,7,8,9,10,11,12,13,14,15,16,17,18,19,20,21,22,23,24,25,27]}","[1,1,1,1,1,1,1,1,1,1,1,1,1,1,1,1,1,1,1,1,1,1,1,1,1,1,0,1,0,0]",2,no,all residue allocations modulo cyclic rotation
11,11,1,30,30,1,27,one_changed,FOUND,"{""coeffs"":[2,1,1,1,1,1,1,1,1,1,1,1,1,1,1,1,1,1,1,1,1,1,1,1,1,1,1],""positions"":[0,1,2,3,4,5,6,7,8,9,10,11,12,13,14,15,16,17,18,19,20,21,22,23,24,25,26]}","[2,1,1,1,1,1,1,1,1,1,1,1,1,1,1,1,1,1,1,1,1,1,1,1,1,1,1,0,0,0]",1,no,all residue allocations modulo cyclic rotation
11,11,1,30,30,1,28,ones,FOUND,"{""coeffs"":[1,1,1,1,1,1,1,1,1,1,1,1,1,1,1,1,1,1,1,1,1,1,1,1,1,1,1,1],""positions"":[0,1,2,3,4,5,6,7,8,9,10,11,12,13,14,15,16,17,18,19,20,21,22,23,24,25,26,28]}","[1,1,1,1,1,1,1,1,1,1,1,1,1,1,1,1,1,1,1,1,1,1,1,1,1,1,1,0,1,0]",2,no,all residue allocations modulo cyclic rotation
11,11,1,30,30,1,28,one_changed,FOUND,"{""coeffs"":[2,1,1,1,1,1,1,1,1,1,1,1,1,1,1,1,1,1,1,1,1,1,1,1,1,1,1,1],""positions"":[0,1,2,3,4,5,6,7,8,9,10,11,12,13,14,15,16,17,18,19,20,21,22,23,24,25,26,27]}","[2,1,1,1,1,1,1,1,1,1,1,1,1,1,1,1,1,1,1,1,1,1,1,1,1,1,1,1,0,0]",1,no,all residue allocations modulo cyclic rotation
11,11,1,30,30,1,29,ones,FOUND,"{""coeffs"":[1,1,1,1,1,1,1,1,1,1,1,1,1,1,1,1,1,1,1,1,1,1,1,1,1,1,1,1,1],""positions"":[0,1,2,3,4,5,6,7,8,9,10,11,12,13,14,15,16,17,18,19,20,21,22,23,24,25,26,27,28]}","[1,1,1,1,1,1,1,1,1,1,1,1,1,1,1,1,1,1,1,1,1,1,1,1,1,1,1,1,1,0]",1,no,all residue allocations modulo cyclic rotation
11,11,1,30,30,1,29,one_changed,FOUND,"{""coeffs"":[2,1,1,1,1,1,1,1,1,1,1,1,1,1,1,1,1,1,1,1,1,1,1,1,1,1,1,1,1],""positions"":[0,1,2,3,4,5,6,7,8,9,10,11,12,13,14,15,16,17,18,19,20,21,22,23,24,25,26,27,28]}","[2,1,1,1,1,1,1,1,1,1,1,1,1,1,1,1,1,1,1,1,1,1,1,1,1,1,1,1,1,0]",1,no,all residue allocations modulo cyclic rotation
11,11,1,30,30,1,30,ones,NONE,,,1,yes,all residue allocations modulo cyclic rotation
11,11,1,30,30,1,30,one_changed,FOUND,"{""coeffs"":[2,1,1,1,1,1,1,1,1,1,1,1,1,1,1,1,1,1,1,1,1,1,1,1,1,1,1,1,1,1],""positions"":[0,1,2,3,4,5,6,7,8,9,10,11,12,13,14,15,16,17,18,19,20,21,22,23,24,25,26,27,28,29]}","[2,1,1,1,1,1,1,1,1,1,1,1,1,1,1,1,1,1,1,1,1,1,1,1,1,1,1,1,1,1]",1,no,all residue allocations modulo cyclic rotation
13,13,1,2,2,1,2,ones,NONE,,,1,yes,all residue allocations modulo cyclic rotation
13,13,1,2,2,1,2,one_changed,FOUND,"{""coeffs"":[1,2],""positions"":[0,1]}","[1,2]",1,no,all residue allocations modulo cyclic rotation
13,13,1,2,2,1,2,all_distinct,FOUND,"{""coeffs"":[1,2],""positions"":[0,1]}","[1,2]",1,no,all residue allocations modulo cyclic rotation
13,13,1,3,3,1,2,ones,FOUND,"{""coeffs"":[1,1],""positions"":[0,1]}","[1,1,0]",1,no,all residue allocations modulo cyclic rotation
13,13,1,3,3,1,2,one_changed,FOUND,"{""coeffs"":[1,2],""positions"":[0,1]}","[1,2,0]",1,no,all residue allocations modulo cyclic rotation
13,13,1,3,3,1,2,all_distinct,FOUND,"{""coeffs"":[1,2],""positions"":[0,1]}","[1,2,0]",1,no,all residue allocations modulo cyclic rotation
13,13,1,3,3,1,3,ones,NONE,,,1,yes,all residue allocations modulo cyclic rotation
13,13,1,3,3,1,3,one_changed,FOUND,"{""coeffs"":[2,1,1],""positions"":[0,1,2]}","[2,1,1]",1,no,all residue allocations modulo cyclic rotation
13,13,1,3,3,1,3,all_distinct,FOUND,"{""coeffs"":[1,2,3],""positions"":[0,1,2]}","[1,2,3]",1,no,all residue allocations modulo cyclic rotation
13,13,1,4,4,1,2,ones,NONE,,,3,yes,all residue allocations modulo cyclic rotation
13,13,1,4,4,1,2,one_changed,FOUND,"{""coeffs"":[1,2],""positions"":[0,1]}","[1,2,0,0]",1,no,all residue allocations modulo cyclic rotation
13,13,1,4,4,1,2,all_distinct,FOUND,"{""coeffs"":[1,2],""positions"":[0,1]}","[1,2,0,0]",1,no,all residue allocations modulo cyclic rotation
13,13,1,4,4,1,3,ones,FOUND,"{""coeffs"":[1,1,1],""positions"":[0,1,2]}","[1,1,1,0]",1,no,all residue allocations modulo cyclic rotation
13,13,1,4,4,1,3,one_changed,FOUND,"{""coeffs"":[2,1,1],""positions"":[0,1,2]}","[2,1,1,0]",1,no,all residue allocations modulo cyclic rotation
13,13,1,4,4,1,3,all_distinct,FOUND,"{""coeffs"":[1,2,3],""positions"":[0,1,2]}","[1,2,3,0]",1,no,all residue allocations modulo cyclic rotation
13,13,1,4,4,1,4,ones,NONE,,,1,yes,all residue allocations modulo cyclic rotation
13,13,1,4,4,1,4,one_changed,FOUND,"{""coeffs"":[2,1,1,1],""positions"":[0,1,2,3]}","[2,1,1,1]",1,no,all residue allocations modulo cyclic rotation
13,13,1,4,4,1,4,all_distinct,FOUND,"{""coeffs"":[1,2,3,4],""positions"":[0,1,2,3]}","[1,2,3,4]",1,no,all residue allocations modulo cyclic rotation
13,13,1,5,5,1,2,ones,FOUND,"{""coeffs"":[1,1],""positions"":[0,1]}","[1,1,0,0,0]",1,no,all residue allocations modulo cyclic rotation
13,13,1,5,5,1,2,one_changed,FOUND,"{""coeffs"":[1,2],""positions"":[0,1]}","[1,2,0,0,0]",1,no,all residue allocations modulo cyclic rotation
13,13,1,5,5,1,2,all_distinct,FOUND,"{""coeffs"":[1,2],""positions"":[0,1]}","[1,2,0,0,0]",1,no,all residue allocations modulo cyclic rotation
13,13,1,5,5,1,3,ones,FOUND,"{""coeffs"":[1,1,1],""positions"":[0,1,2]}","[1,1,1,0,0]",1,no,all residue allocations modulo cyclic rotation
13,13,1,5,5,1,3,one_changed,FOUND,"{""coeffs"":[2,1,1],""positions"":[0,1,2]}","[2,1,1,0,0]",1,no,all residue allocations modulo cyclic rotation
13,13,1,5,5,1,3,all_distinct,FOUND,"{""coeffs"":[1,2,3],""positions"":[0,1,2]}","[1,2,3,0,0]",1,no,all residue allocations modulo cyclic rotation
13,13,1,5,5,1,4,ones,FOUND,"{""coeffs"":[1,1,1,1],""positions"":[0,1,2,3]}","[1,1,1,1,0]",1,no,all residue allocations modulo cyclic rotation
13,13,1,5,5,1,4,one_changed,FOUND,"{""coeffs"":[2,1,1,1],""positions"":[0,1,2,3]}","[2,1,1,1,0]",1,no,all residue allocations modulo cyclic rotation
13,13,1,5,5,1,4,all_distinct,FOUND,"{""coeffs"":[1,2,3,4],""positions"":[0,1,2,3]}","[1,2,3,4,0]",1,no,all residue allocations modulo cyclic rotation
13,13,1,5,5,1,5,ones,NONE,,,1,yes,all residue allocations modulo cyclic rotation
13,13,1,5,5,1,5,one_changed,FOUND,"{""coeffs"":[2,1,1,1,1],""positions"":[0,1,2,3,4]}","[2,1,1,1,1]",1,no,all residue allocations modulo cyclic rotation
13,13,1,5,5,1,5,all_distinct,FOUND,"{""coeffs"":[1,2,3,4,5],""positions"":[0,1,2,3,4]}","[1,2,3,4,5]",1,no,all residue allocations modulo cyclic rotation
13,13,1,6,6,1,2,ones,FOUND,"{""coeffs"":[1,1],""positions"":[0,2]}","[1,0,1,0,0,0]",2,no,all residue allocations modulo cyclic rotation
13,13,1,6,6,1,2,one_changed,FOUND,"{""coeffs"":[1,2],""positions"":[0,1]}","[1,2,0,0,0,0]",1,no,all residue allocations modulo cyclic rotation
13,13,1,6,6,1,2,all_distinct,FOUND,"{""coeffs"":[1,2],""positions"":[0,1]}","[1,2,0,0,0,0]",1,no,all residue allocations modulo cyclic rotation
13,13,1,6,6,1,3,ones,FOUND,"{""coeffs"":[1,1,1],""positions"":[0,1,3]}","[1,1,0,1,0,0]",2,no,all residue allocations modulo cyclic rotation
13,13,1,6,6,1,3,one_changed,FOUND,"{""coeffs"":[2,1,1],""positions"":[0,1,2]}","[2,1,1,0,0,0]",1,no,all residue allocations modulo cyclic rotation
13,13,1,6,6,1,3,all_distinct,FOUND,"{""coeffs"":[1,2,3],""positions"":[0,1,2]}","[1,2,3,0,0,0]",1,no,all residue allocations modulo cyclic rotation
13,13,1,6,6,1,4,ones,FOUND,"{""coeffs"":[1,1,1,1],""positions"":[0,1,2,4]}","[1,1,1,0,1,0]",2,no,all residue allocations modulo cyclic rotation
13,13,1,6,6,1,4,one_changed,FOUND,"{""coeffs"":[2,1,1,1],""positions"":[0,1,2,3]}","[2,1,1,1,0,0]",1,no,all residue allocations modulo cyclic rotation
13,13,1,6,6,1,4,all_distinct,FOUND,"{""coeffs"":[1,2,3,4],""positions"":[0,1,2,3]}","[1,2,3,4,0,0]",1,no,all residue allocations modulo cyclic rotation
13,13,1,6,6,1,5,ones,FOUND,"{""coeffs"":[1,1,1,1,1],""positions"":[0,1,2,3,4]}","[1,1,1,1,1,0]",1,no,all residue allocations modulo cyclic rotation
13,13,1,6,6,1,5,one_changed,FOUND,"{""coeffs"":[2,1,1,1,1],""positions"":[0,1,2,3,4]}","[2,1,1,1,1,0]",1,no,all residue allocations modulo cyclic rotation
13,13,1,6,6,1,5,all_distinct,FOUND,"{""coeffs"":[1,2,3,4,5],""positions"":[0,1,2,3,4]}","[1,2,3,4,5,0]",1,no,all residue allocations modulo cyclic rotation
13,13,1,6,6,1,6,ones,NONE,,,1,yes,all residue allocations modulo cyclic rotation
13,13,1,6,6,1,6,one_changed,FOUND,"{""coeffs"":[2,1,1,1,1,1],""positions"":[0,1,2,3,4,5]}","[2,1,1,1,1,1]",1,no,all residue allocations modulo cyclic rotation
13,13,1,6,6,1,6,all_distinct,FOUND,"{""coeffs"":[1,2,3,4,5,6],""positions"":[0,1,2,3,4,5]}","[1,2,3,4,5,6]",1,no,all residue allocations modulo cyclic rotation
13,13,1,7,7,1,2,ones,FOUND,"{""coeffs"":[1,1],""positions"":[0,1]}","[1,1,0,0,0,0,0]",1,no,all residue allocations modulo cyclic rotation
13,13,1,7,7,1,2,one_changed,FOUND,"{""coeffs"":[1,2],""positions"":[0,1]}","[1,2,0,0,0,0,0]",1,no,all residue allocations modulo cyclic rotation
13,13,1,7,7,1,2,all_distinct,FOUND,"{""coeffs"":[1,2],""positions"":[0,1]}","[1,2,0,0,0,0,0]",1,no,all residue allocations modulo cyclic rotation
13,13,1,7,7,1,3,ones,FOUND,"{""coeffs"":[1,1,1],""positions"":[0,1,2]}","[1,1,1,0,0,0,0]",1,no,all residue allocations modulo cyclic rotation
13,13,1,7,7,1,3,one_changed,FOUND,"{""coeffs"":[2,1,1],""positions"":[0,1,2]}","[2,1,1,0,0,0,0]",1,no,all residue allocations modulo cyclic rotation
13,13,1,7,7,1,3,all_distinct,FOUND,"{""coeffs"":[1,2,3],""positions"":[0,1,2]}","[1,2,3,0,0,0,0]",1,no,all residue allocations modulo cyclic rotation
13,13,1,7,7,1,4,ones,FOUND,"{""coeffs"":[1,1,1,1],""positions"":[0,1,2,3]}","[1,1,1,1,0,0,0]",1,no,all residue allocations modulo cyclic rotation
13,13,1,7,7,1,4,one_changed,FOUND,"{""coeffs"":[2,1,1,1],""positions"":[0,1,2,3]}","[2,1,1,1,0,0,0]",1,no,all residue allocations modulo cyclic rotation
13,13,1,7,7,1,4,all_distinct,FOUND,"{""coeffs"":[1,2,3,4],""positions"":[0,1,2,3]}","[1,2,3,4,0,0,0]",1,no,all residue allocations modulo cyclic rotation
13,13,1,7,7,1,5,ones,FOUND,"{""coeffs"":[1,1,1,1,1],""positions"":[0,1,2,3,4]}","[1,1,1,1,1,0,0]",1,no,all residue allocations modulo cyclic rotation
13,13,1,7,7,1,5,one_changed,FOUND,"{""coeffs"":[2,1,1,1,1],""positions"":[0,1,2,3,4]}","[2,1,1,1,1,0,0]",1,no,all residue allocations modulo cyclic rotation
13,13,1,7,7,1,5,all_distinct,FOUND,"{""coeffs"":[1,2,3,4,5],""positions"":[0,1,2,3,4]}","[1,2,3,4,5,0,0]",1,no,all residue allocations modulo cyclic rotation
13,13,1,7,7,1,6,ones,FOUND,"{""coeffs"":[1,1,1,1,1,1],""positions"":[0,1,2,3,4,5]}","[1,1,1,1,1,1,0]",1,no,all residue allocations modulo cyclic rotation
13,13,1,7,7,1,6,one_changed,FOUND,"{""coeffs"":[2,1,1,1,1,1],""positions"":[0,1,2,3,4,5]}","[2,1,1,1,1,1,0]",1,no,all residue allocations modulo cyclic rotation
13,13,1,7,7,1,6,all_distinct,FOUND,"{""coeffs"":[1,2,3,4,5,6],""positions"":[0,1,2,3,4,5]}","[1,2,3,4,5,6,0]",1,no,all residue allocations modulo cyclic rotation
13,13,1,7,7,1,7,ones,NONE,,,1,yes,all residue allocations modulo cyclic rotation
13,13,1,7,7,1,7,one_changed,FOUND,"{""coeffs"":[2,1,1,1,1,1,1],""positions"":[0,1,2,3,4,5,6]}","[2,1,1,1,1,1,1]",1,no,all residue allocations modulo cyclic rotation
13,13,1,7,7,1,7,all_distinct,FOUND,"{""coeffs"":[1,2,3,4,5,6,7],""positions"":[0,1,2,3,4,5,6]}","[1,2,3,4,5,6,7]",1,no,all residue allocations modulo cyclic rotation
13,13,1,8,8,1,2,ones,NONE,,,7,yes,all residue allocations modulo cyclic rotation
13,13,1,8,8,1,2,one_changed,FOUND,"{""coeffs"":[1,2],""positions"":[0,1]}","[1,2,0,0,0,0,0,0]",1,no,all residue allocations modulo cyclic rotation
13,13,1,8,8,1,2,all_distinct,FOUND,"{""coeffs"":[1,2],""positions"":[0,1]}","[1,2,0,0,0,0,0,0]",1,no,all residue allocations modulo cyclic rotation
13,13,1,8,8,1,3,ones,FOUND,"{""coeffs"":[1,1,1],""positions"":[0,1,2]}","[1,1,1,0,0,0,0,0]",1,no,all residue allocations modulo cyclic rotation
13,13,1,8,8,1,3,one_changed,FOUND,"{""coeffs"":[2,1,1],""positions"":[0,1,2]}","[2,1,1,0,0,0,0,0]",1,no,all residue allocations modulo cyclic rotation
13,13,1,8,8,1,3,all_distinct,FOUND,"{""coeffs"":[1,2,3],""positions"":[0,1,2]}","[1,2,3,0,0,0,0,0]",1,no,all residue allocations modulo cyclic rotation
13,13,1,8,8,1,4,ones,FOUND,"{""coeffs"":[1,1,1,1],""positions"":[0,1,2,4]}","[1,1,1,0,1,0,0,0]",2,no,all residue allocations modulo cyclic rotation
13,13,1,8,8,1,4,one_changed,FOUND,"{""coeffs"":[2,1,1,1],""positions"":[0,1,2,3]}","[2,1,1,1,0,0,0,0]",1,no,all residue allocations modulo cyclic rotation
13,13,1,8,8,1,4,all_distinct,FOUND,"{""coeffs"":[1,2,3,4],""positions"":[0,1,2,3]}","[1,2,3,4,0,0,0,0]",1,no,all residue allocations modulo cyclic rotation
13,13,1,8,8,1,5,ones,FOUND,"{""coeffs"":[1,1,1,1,1],""positions"":[0,1,2,3,4]}","[1,1,1,1,1,0,0,0]",1,no,all residue allocations modulo cyclic rotation
13,13,1,8,8,1,5,one_changed,FOUND,"{""coeffs"":[2,1,1,1,1],""positions"":[0,1,2,3,4]}","[2,1,1,1,1,0,0,0]",1,no,all residue allocations modulo cyclic rotation
13,13,1,8,8,1,5,all_distinct,FOUND,"{""coeffs"":[1,2,3,4,5],""positions"":[0,1,2,3,4]}","[1,2,3,4,5,0,0,0]",1,no,all residue allocations modulo cyclic rotation
13,13,1,8,8,1,6,ones,NONE,,,21,yes,all residue allocations modulo cyclic rotation
13,13,1,8,8,1,6,one_changed,FOUND,"{""coeffs"":[2,1,1,1,1,1],""positions"":[0,1,2,3,4,5]}","[2,1,1,1,1,1,0,0]",1,no,all residue allocations modulo cyclic rotation
13,13,1,8,8,1,6,all_distinct,FOUND,"{""coeffs"":[1,2,3,4,5,6],""positions"":[0,1,2,3,4,5]}","[1,2,3,4,5,6,0,0]",1,no,all residue allocations modulo cyclic rotation
13,13,1,8,8,1,7,ones,FOUND,"{""coeffs"":[1,1,1,1,1,1,1],""positions"":[0,1,2,3,4,5,6]}","[1,1,1,1,1,1,1,0]",1,no,all residue allocations modulo cyclic rotation
13,13,1,8,8,1,7,one_changed,FOUND,"{""coeffs"":[2,1,1,1,1,1,1],""positions"":[0,1,2,3,4,5,6]}","[2,1,1,1,1,1,1,0]",1,no,all residue allocations modulo cyclic rotation
13,13,1,8,8,1,7,all_distinct,FOUND,"{""coeffs"":[1,2,3,4,5,6,7],""positions"":[0,1,2,3,4,5,6]}","[1,2,3,4,5,6,7,0]",1,no,all residue allocations modulo cyclic rotation
13,13,1,8,8,1,8,ones,NONE,,,1,yes,all residue allocations modulo cyclic rotation
13,13,1,8,8,1,8,one_changed,FOUND,"{""coeffs"":[2,1,1,1,1,1,1,1],""positions"":[0,1,2,3,4,5,6,7]}","[2,1,1,1,1,1,1,1]",1,no,all residue allocations modulo cyclic rotation
13,13,1,8,8,1,8,all_distinct,FOUND,"{""coeffs"":[1,2,3,4,5,6,7,8],""positions"":[0,1,2,3,4,5,6,7]}","[1,2,3,4,5,6,7,8]",1,no,all residue allocations modulo cyclic rotation
13,13,1,9,9,1,2,ones,FOUND,"{""coeffs"":[1,1],""positions"":[0,1]}","[1,1,0,0,0,0,0,0,0]",1,no,all residue allocations modulo cyclic rotation
13,13,1,9,9,1,2,one_changed,FOUND,"{""coeffs"":[1,2],""positions"":[0,1]}","[1,2,0,0,0,0,0,0,0]",1,no,all residue allocations modulo cyclic rotation
13,13,1,9,9,1,2,all_distinct,FOUND,"{""coeffs"":[1,2],""positions"":[0,1]}","[1,2,0,0,0,0,0,0,0]",1,no,all residue allocations modulo cyclic rotation
13,13,1,9,9,1,3,ones,FOUND,"{""coeffs"":[1,1,1],""positions"":[0,1,3]}","[1,1,0,1,0,0,0,0,0]",2,no,all residue allocations modulo cyclic rotation
13,13,1,9,9,1,3,one_changed,FOUND,"{""coeffs"":[2,1,1],""positions"":[0,1,2]}","[2,1,1,0,0,0,0,0,0]",1,no,all residue allocations modulo cyclic rotation
13,13,1,9,9,1,3,all_distinct,FOUND,"{""coeffs"":[1,2,3],""positions"":[0,1,2]}","[1,2,3,0,0,0,0,0,0]",1,no,all residue allocations modulo cyclic rotation
13,13,1,9,9,1,4,ones,FOUND,"{""coeffs"":[1,1,1,1],""positions"":[0,1,2,3]}","[1,1,1,1,0,0,0,0,0]",1,no,all residue allocations modulo cyclic rotation
13,13,1,9,9,1,4,one_changed,FOUND,"{""coeffs"":[2,1,1,1],""positions"":[0,1,2,3]}","[2,1,1,1,0,0,0,0,0]",1,no,all residue allocations modulo cyclic rotation
13,13,1,9,9,1,4,all_distinct,FOUND,"{""coeffs"":[1,2,3,4],""positions"":[0,1,2,3]}","[1,2,3,4,0,0,0,0,0]",1,no,all residue allocations modulo cyclic rotation
13,13,1,9,9,1,5,ones,FOUND,"{""coeffs"":[1,1,1,1,1],""positions"":[0,1,2,3,4]}","[1,1,1,1,1,0,0,0,0]",1,no,all residue allocations modulo cyclic rotation
13,13,1,9,9,1,5,one_changed,FOUND,"{""coeffs"":[2,1,1,1,1],""positions"":[0,1,2,3,4]}","[2,1,1,1,1,0,0,0,0]",1,no,all residue allocations modulo cyclic rotation
13,13,1,9,9,1,5,all_distinct,FOUND,"{""coeffs"":[1,2,3,4,5],""positions"":[0,1,2,3,4]}","[1,2,3,4,5,0,0,0,0]",1,no,all residue allocations modulo cyclic rotation
13,13,1,9,9,1,6,ones,FOUND,"{""coeffs"":[1,1,1,1,1,1],""positions"":[0,1,2,3,4,6]}","[1,1,1,1,1,0,1,0,0]",2,no,all residue allocations modulo cyclic rotation
13,13,1,9,9,1,6,one_changed,FOUND,"{""coeffs"":[2,1,1,1,1,1],""positions"":[0,1,2,3,4,5]}","[2,1,1,1,1,1,0,0,0]",1,no,all residue allocations modulo cyclic rotation
13,13,1,9,9,1,6,all_distinct,FOUND,"{""coeffs"":[1,2,3,4,5,6],""positions"":[0,1,2,3,4,5]}","[1,2,3,4,5,6,0,0,0]",1,no,all residue allocations modulo cyclic rotation
13,13,1,9,9,1,7,ones,FOUND,"{""coeffs"":[1,1,1,1,1,1,1],""positions"":[0,1,2,3,4,5,6]}","[1,1,1,1,1,1,1,0,0]",1,no,all residue allocations modulo cyclic rotation
13,13,1,9,9,1,7,one_changed,FOUND,"{""coeffs"":[2,1,1,1,1,1,1],""positions"":[0,1,2,3,4,5,6]}","[2,1,1,1,1,1,1,0,0]",1,no,all residue allocations modulo cyclic rotation
13,13,1,9,9,1,7,all_distinct,FOUND,"{""coeffs"":[1,2,3,4,5,6,7],""positions"":[0,1,2,3,4,5,6]}","[1,2,3,4,5,6,7,0,0]",1,no,all residue allocations modulo cyclic rotation
13,13,1,9,9,1,8,ones,FOUND,"{""coeffs"":[1,1,1,1,1,1,1,1],""positions"":[0,1,2,3,4,5,6,7]}","[1,1,1,1,1,1,1,1,0]",1,no,all residue allocations modulo cyclic rotation
13,13,1,9,9,1,8,one_changed,FOUND,"{""coeffs"":[2,1,1,1,1,1,1,1],""positions"":[0,1,2,3,4,5,6,7]}","[2,1,1,1,1,1,1,1,0]",1,no,all residue allocations modulo cyclic rotation
13,13,1,9,9,1,8,all_distinct,FOUND,"{""coeffs"":[1,2,3,4,5,6,7,8],""positions"":[0,1,2,3,4,5,6,7]}","[1,2,3,4,5,6,7,8,0]",1,no,all residue allocations modulo cyclic rotation
13,13,1,9,9,1,9,ones,NONE,,,1,yes,all residue allocations modulo cyclic rotation
13,13,1,9,9,1,9,one_changed,FOUND,"{""coeffs"":[2,1,1,1,1,1,1,1,1],""positions"":[0,1,2,3,4,5,6,7,8]}","[2,1,1,1,1,1,1,1,1]",1,no,all residue allocations modulo cyclic rotation
13,13,1,9,9,1,9,all_distinct,FOUND,"{""coeffs"":[1,2,3,4,5,6,7,8,9],""positions"":[0,1,2,3,4,5,6,7,8]}","[1,2,3,4,5,6,7,8,9]",1,no,all residue allocations modulo cyclic rotation
13,13,1,10,10,1,2,ones,FOUND,"{""coeffs"":[1,1],""positions"":[0,2]}","[1,0,1,0,0,0,0,0,0,0]",2,no,all residue allocations modulo cyclic rotation
13,13,1,10,10,1,2,one_changed,FOUND,"{""coeffs"":[1,2],""positions"":[0,1]}","[1,2,0,0,0,0,0,0,0,0]",1,no,all residue allocations modulo cyclic rotation
13,13,1,10,10,1,2,all_distinct,FOUND,"{""coeffs"":[1,2],""positions"":[0,1]}","[1,2,0,0,0,0,0,0,0,0]",1,no,all residue allocations modulo cyclic rotation
13,13,1,10,10,1,3,ones,FOUND,"{""coeffs"":[1,1,1],""positions"":[0,1,2]}","[1,1,1,0,0,0,0,0,0,0]",1,no,all residue allocations modulo cyclic rotation
13,13,1,10,10,1,3,one_changed,FOUND,"{""coeffs"":[2,1,1],""positions"":[0,1,2]}","[2,1,1,0,0,0,0,0,0,0]",1,no,all residue allocations modulo cyclic rotation
13,13,1,10,10,1,3,all_distinct,FOUND,"{""coeffs"":[1,2,3],""positions"":[0,1,2]}","[1,2,3,0,0,0,0,0,0,0]",1,no,all residue allocations modulo cyclic rotation
13,13,1,10,10,1,4,ones,FOUND,"{""coeffs"":[1,1,1,1],""positions"":[0,1,2,4]}","[1,1,1,0,1,0,0,0,0,0]",2,no,all residue allocations modulo cyclic rotation
13,13,1,10,10,1,4,one_changed,FOUND,"{""coeffs"":[2,1,1,1],""positions"":[0,1,2,3]}","[2,1,1,1,0,0,0,0,0,0]",1,no,all residue allocations modulo cyclic rotation
13,13,1,10,10,1,4,all_distinct,FOUND,"{""coeffs"":[1,2,3,4],""positions"":[0,1,2,3]}","[1,2,3,4,0,0,0,0,0,0]",1,no,all residue allocations modulo cyclic rotation
13,13,1,10,10,1,5,ones,FOUND,"{""coeffs"":[1,1,1,1,1],""positions"":[0,1,2,3,5]}","[1,1,1,1,0,1,0,0,0,0]",2,no,all residue allocations modulo cyclic rotation
13,13,1,10,10,1,5,one_changed,FOUND,"{""coeffs"":[2,1,1,1,1],""positions"":[0,1,2,3,4]}","[2,1,1,1,1,0,0,0,0,0]",1,no,all residue allocations modulo cyclic rotation
13,13,1,10,10,1,5,all_distinct,FOUND,"{""coeffs"":[1,2,3,4,5],""positions"":[0,1,2,3,4]}","[1,2,3,4,5,0,0,0,0,0]",1,no,all residue allocations modulo cyclic rotation
13,13,1,10,10,1,6,ones,FOUND,"{""coeffs"":[1,1,1,1,1,1],""positions"":[0,1,2,3,4,6]}","[1,1,1,1,1,0,1,0,0,0]",2,no,all residue allocations modulo cyclic rotation
13,13,1,10,10,1,6,one_changed,FOUND,"{""coeffs"":[2,1,1,1,1,1],""positions"":[0,1,2,3,4,5]}","[2,1,1,1,1,1,0,0,0,0]",1,no,all residue allocations modulo cyclic rotation
13,13,1,10,10,1,6,all_distinct,FOUND,"{""coeffs"":[1,2,3,4,5,6],""positions"":[0,1,2,3,4,5]}","[1,2,3,4,5,6,0,0,0,0]",1,no,all residue allocations modulo cyclic rotation
13,13,1,10,10,1,7,ones,FOUND,"{""coeffs"":[1,1,1,1,1,1,1],""positions"":[0,1,2,3,4,5,6]}","[1,1,1,1,1,1,1,0,0,0]",1,no,all residue allocations modulo cyclic rotation
13,13,1,10,10,1,7,one_changed,FOUND,"{""coeffs"":[2,1,1,1,1,1,1],""positions"":[0,1,2,3,4,5,6]}","[2,1,1,1,1,1,1,0,0,0]",1,no,all residue allocations modulo cyclic rotation
13,13,1,10,10,1,7,all_distinct,FOUND,"{""coeffs"":[1,2,3,4,5,6,7],""positions"":[0,1,2,3,4,5,6]}","[1,2,3,4,5,6,7,0,0,0]",1,no,all residue allocations modulo cyclic rotation
13,13,1,10,10,1,8,ones,FOUND,"{""coeffs"":[1,1,1,1,1,1,1,1],""positions"":[0,1,2,3,4,5,6,8]}","[1,1,1,1,1,1,1,0,1,0]",2,no,all residue allocations modulo cyclic rotation
13,13,1,10,10,1,8,one_changed,FOUND,"{""coeffs"":[2,1,1,1,1,1,1,1],""positions"":[0,1,2,3,4,5,6,7]}","[2,1,1,1,1,1,1,1,0,0]",1,no,all residue allocations modulo cyclic rotation
13,13,1,10,10,1,8,all_distinct,FOUND,"{""coeffs"":[1,2,3,4,5,6,7,8],""positions"":[0,1,2,3,4,5,6,7]}","[1,2,3,4,5,6,7,8,0,0]",1,no,all residue allocations modulo cyclic rotation
13,13,1,10,10,1,9,ones,FOUND,"{""coeffs"":[1,1,1,1,1,1,1,1,1],""positions"":[0,1,2,3,4,5,6,7,8]}","[1,1,1,1,1,1,1,1,1,0]",1,no,all residue allocations modulo cyclic rotation
13,13,1,10,10,1,9,one_changed,FOUND,"{""coeffs"":[2,1,1,1,1,1,1,1,1],""positions"":[0,1,2,3,4,5,6,7,8]}","[2,1,1,1,1,1,1,1,1,0]",1,no,all residue allocations modulo cyclic rotation
13,13,1,10,10,1,9,all_distinct,FOUND,"{""coeffs"":[1,2,3,4,5,6,7,8,9],""positions"":[0,1,2,3,4,5,6,7,8]}","[1,2,3,4,5,6,7,8,9,0]",1,no,all residue allocations modulo cyclic rotation
13,13,1,10,10,1,10,ones,NONE,,,1,yes,all residue allocations modulo cyclic rotation
13,13,1,10,10,1,10,one_changed,FOUND,"{""coeffs"":[2,1,1,1,1,1,1,1,1,1],""positions"":[0,1,2,3,4,5,6,7,8,9]}","[2,1,1,1,1,1,1,1,1,1]",1,no,all residue allocations modulo cyclic rotation
13,13,1,10,10,1,10,all_distinct,FOUND,"{""coeffs"":[1,2,3,4,5,6,7,8,9,10],""positions"":[0,1,2,3,4,5,6,7,8,9]}","[1,2,3,4,5,6,7,8,9,10]",1,no,all residue allocations modulo cyclic rotation
13,13,1,11,11,1,2,ones,FOUND,"{""coeffs"":[1,1],""positions"":[0,1]}","[1,1,0,0,0,0,0,0,0,0,0]",1,no,all residue allocations modulo cyclic rotation
13,13,1,11,11,1,2,one_changed,FOUND,"{""coeffs"":[1,2],""positions"":[0,1]}","[1,2,0,0,0,0,0,0,0,0,0]",1,no,all residue allocations modulo cyclic rotation
13,13,1,11,11,1,2,all_distinct,FOUND,"{""coeffs"":[1,2],""positions"":[0,1]}","[1,2,0,0,0,0,0,0,0,0,0]",1,no,all residue allocations modulo cyclic rotation
13,13,1,11,11,1,3,ones,FOUND,"{""coeffs"":[1,1,1],""positions"":[0,1,2]}","[1,1,1,0,0,0,0,0,0,0,0]",1,no,all residue allocations modulo cyclic rotation
13,13,1,11,11,1,3,one_changed,FOUND,"{""coeffs"":[2,1,1],""positions"":[0,1,2]}","[2,1,1,0,0,0,0,0,0,0,0]",1,no,all residue allocations modulo cyclic rotation
13,13,1,11,11,1,3,all_distinct,FOUND,"{""coeffs"":[1,2,3],""positions"":[0,1,2]}","[1,2,3,0,0,0,0,0,0,0,0]",1,no,all residue allocations modulo cyclic rotation
13,13,1,11,11,1,4,ones,FOUND,"{""coeffs"":[1,1,1,1],""positions"":[0,1,2,3]}","[1,1,1,1,0,0,0,0,0,0,0]",1,no,all residue allocations modulo cyclic rotation
13,13,1,11,11,1,4,one_changed,FOUND,"{""coeffs"":[2,1,1,1],""positions"":[0,1,2,3]}","[2,1,1,1,0,0,0,0,0,0,0]",1,no,all residue allocations modulo cyclic rotation
13,13,1,11,11,1,4,all_distinct,FOUND,"{""coeffs"":[1,2,3,4],""positions"":[0,1,2,3]}","[1,2,3,4,0,0,0,0,0,0,0]",1,no,all residue allocations modulo cyclic rotation
13,13,1,11,11,1,5,ones,FOUND,"{""coeffs"":[1,1,1,1,1],""positions"":[0,1,2,3,4]}","[1,1,1,1,1,0,0,0,0,0,0]",1,no,all residue allocations modulo cyclic rotation
13,13,1,11,11,1,5,one_changed,FOUND,"{""coeffs"":[2,1,1,1,1],""positions"":[0,1,2,3,4]}","[2,1,1,1,1,0,0,0,0,0,0]",1,no,all residue allocations modulo cyclic rotation
13,13,1,11,11,1,5,all_distinct,FOUND,"{""coeffs"":[1,2,3,4,5],""positions"":[0,1,2,3,4]}","[1,2,3,4,5,0,0,0,0,0,0]",1,no,all residue allocations modulo cyclic rotation
13,13,1,11,11,1,6,ones,FOUND,"{""coeffs"":[1,1,1,1,1,1],""positions"":[0,1,2,3,4,5]}","[1,1,1,1,1,1,0,0,0,0,0]",1,no,all residue allocations modulo cyclic rotation
13,13,1,11,11,1,6,one_changed,FOUND,"{""coeffs"":[2,1,1,1,1,1],""positions"":[0,1,2,3,4,5]}","[2,1,1,1,1,1,0,0,0,0,0]",1,no,all residue allocations modulo cyclic rotation
13,13,1,11,11,1,6,all_distinct,FOUND,"{""coeffs"":[1,2,3,4,5,6],""positions"":[0,1,2,3,4,5]}","[1,2,3,4,5,6,0,0,0,0,0]",1,no,all residue allocations modulo cyclic rotation
13,13,1,11,11,1,7,ones,FOUND,"{""coeffs"":[1,1,1,1,1,1,1],""positions"":[0,1,2,3,4,5,6]}","[1,1,1,1,1,1,1,0,0,0,0]",1,no,all residue allocations modulo cyclic rotation
13,13,1,11,11,1,7,one_changed,FOUND,"{""coeffs"":[2,1,1,1,1,1,1],""positions"":[0,1,2,3,4,5,6]}","[2,1,1,1,1,1,1,0,0,0,0]",1,no,all residue allocations modulo cyclic rotation
13,13,1,11,11,1,7,all_distinct,FOUND,"{""coeffs"":[1,2,3,4,5,6,7],""positions"":[0,1,2,3,4,5,6]}","[1,2,3,4,5,6,7,0,0,0,0]",1,no,all residue allocations modulo cyclic rotation
13,13,1,11,11,1,8,ones,FOUND,"{""coeffs"":[1,1,1,1,1,1,1,1],""positions"":[0,1,2,3,4,5,6,7]}","[1,1,1,1,1,1,1,1,0,0,0]",1,no,all residue allocations modulo cyclic rotation
13,13,1,11,11,1,8,one_changed,FOUND,"{""coeffs"":[2,1,1,1,1,1,1,1],""positions"":[0,1,2,3,4,5,6,7]}","[2,1,1,1,1,1,1,1,0,0,0]",1,no,all residue allocations modulo cyclic rotation
13,13,1,11,11,1,8,all_distinct,FOUND,"{""coeffs"":[1,2,3,4,5,6,7,8],""positions"":[0,1,2,3,4,5,6,7]}","[1,2,3,4,5,6,7,8,0,0,0]",1,no,all residue allocations modulo cyclic rotation
13,13,1,11,11,1,9,ones,FOUND,"{""coeffs"":[1,1,1,1,1,1,1,1,1],""positions"":[0,1,2,3,4,5,6,7,8]}","[1,1,1,1,1,1,1,1,1,0,0]",1,no,all residue allocations modulo cyclic rotation
13,13,1,11,11,1,9,one_changed,FOUND,"{""coeffs"":[2,1,1,1,1,1,1,1,1],""positions"":[0,1,2,3,4,5,6,7,8]}","[2,1,1,1,1,1,1,1,1,0,0]",1,no,all residue allocations modulo cyclic rotation
13,13,1,11,11,1,9,all_distinct,FOUND,"{""coeffs"":[1,2,3,4,5,6,7,8,9],""positions"":[0,1,2,3,4,5,6,7,8]}","[1,2,3,4,5,6,7,8,9,0,0]",1,no,all residue allocations modulo cyclic rotation
13,13,1,11,11,1,10,ones,FOUND,"{""coeffs"":[1,1,1,1,1,1,1,1,1,1],""positions"":[0,1,2,3,4,5,6,7,8,9]}","[1,1,1,1,1,1,1,1,1,1,0]",1,no,all residue allocations modulo cyclic rotation
13,13,1,11,11,1,10,one_changed,FOUND,"{""coeffs"":[2,1,1,1,1,1,1,1,1,1],""positions"":[0,1,2,3,4,5,6,7,8,9]}","[2,1,1,1,1,1,1,1,1,1,0]",1,no,all residue allocations modulo cyclic rotation
13,13,1,11,11,1,10,all_distinct,FOUND,"{""coeffs"":[1,2,3,4,5,6,7,8,9,10],""positions"":[0,1,2,3,4,5,6,7,8,9]}","[1,2,3,4,5,6,7,8,9,10,0]",1,no,all residue allocations modulo cyclic rotation
13,13,1,11,11,1,11,ones,NONE,,,1,yes,all residue allocations modulo cyclic rotation
13,13,1,11,11,1,11,one_changed,FOUND,"{""coeffs"":[2,1,1,1,1,1,1,1,1,1,1],""positions"":[0,1,2,3,4,5,6,7,8,9,10]}","[2,1,1,1,1,1,1,1,1,1,1]",1,no,all residue allocations modulo cyclic rotation
13,13,1,11,11,1,11,all_distinct,FOUND,"{""coeffs"":[1,2,3,4,5,6,7,8,9,10,11],""positions"":[0,1,2,3,4,5,6,7,8,9,10]}","[1,2,3,4,5,6,7,8,9,10,11]",1,no,all residue allocations modulo cyclic rotation
13,13,1,12,12,1,2,ones,FOUND,"{""coeffs"":[1,1],""positions"":[0,4]}","[1,0,0,0,1,0,0,0,0,0,0,0]",4,no,all residue allocations modulo cyclic rotation
13,13,1,12,12,1,2,one_changed,FOUND,"{""coeffs"":[1,2],""positions"":[0,1]}","[1,2,0,0,0,0,0,0,0,0,0,0]",1,no,all residue allocations modulo cyclic rotation
13,13,1,12,12,1,2,all_distinct,FOUND,"{""coeffs"":[1,2],""positions"":[0,1]}","[1,2,0,0,0,0,0,0,0,0,0,0]",1,no,all residue allocations modulo cyclic rotation
13,13,1,12,12,1,3,ones,FOUND,"{""coeffs"":[1,1,1],""positions"":[0,1,3]}","[1,1,0,1,0,0,0,0,0,0,0,0]",2,no,all residue allocations modulo cyclic rotation
13,13,1,12,12,1,3,one_changed,FOUND,"{""coeffs"":[2,1,1],""positions"":[0,1,2]}","[2,1,1,0,0,0,0,0,0,0,0,0]",1,no,all residue allocations modulo cyclic rotation
13,13,1,12,12,1,3,all_distinct,FOUND,"{""coeffs"":[1,2,3],""positions"":[0,1,2]}","[1,2,3,0,0,0,0,0,0,0,0,0]",1,no,all residue allocations modulo cyclic rotation
13,13,1,12,12,1,4,ones,FOUND,"{""coeffs"":[1,1,1,1],""positions"":[0,1,2,4]}","[1,1,1,0,1,0,0,0,0,0,0,0]",2,no,all residue allocations modulo cyclic rotation
13,13,1,12,12,1,4,one_changed,FOUND,"{""coeffs"":[2,1,1,1],""positions"":[0,1,2,3]}","[2,1,1,1,0,0,0,0,0,0,0,0]",1,no,all residue allocations modulo cyclic rotation
13,13,1,12,12,1,4,all_distinct,FOUND,"{""coeffs"":[1,2,3,4],""positions"":[0,1,2,3]}","[1,2,3,4,0,0,0,0,0,0,0,0]",1,no,all residue allocations modulo cyclic rotation
13,13,1,12,12,1,5,ones,FOUND,"{""coeffs"":[1,1,1,1,1],""positions"":[0,1,2,3,4]}","[1,1,1,1,1,0,0,0,0,0,0,0]",1,no,all residue allocations modulo cyclic rotation
13,13,1,12,12,1,5,one_changed,FOUND,"{""coeffs"":[2,1,1,1,1],""positions"":[0,1,2,3,4]}","[2,1,1,1,1,0,0,0,0,0,0,0]",1,no,all residue allocations modulo cyclic rotation
13,13,1,12,12,1,5,all_distinct,FOUND,"{""coeffs"":[1,2,3,4,5],""positions"":[0,1,2,3,4]}","[1,2,3,4,5,0,0,0,0,0,0,0]",1,no,all residue allocations modulo cyclic rotation
13,13,1,12,12,1,6,ones,FOUND,"{""coeffs"":[1,1,1,1,1,1],""positions"":[0,1,2,3,5,9]}","[1,1,1,1,0,1,0,0,0,1,0,0]",11,no,all residue allocations modulo cyclic rotation
13,13,1,12,12,1,6,one_changed,FOUND,"{""coeffs"":[2,1,1,1,1,1],""positions"":[0,1,2,3,4,5]}","[2,1,1,1,1,1,0,0,0,0,0,0]",1,no,all residue allocations modulo cyclic rotation
13,13,1,12,12,1,6,all_distinct,FOUND,"{""coeffs"":[1,2,3,4,5,6],""positions"":[0,1,2,3,4,5]}","[1,2,3,4,5,6,0,0,0,0,0,0]",1,no,all residue allocations modulo cyclic rotation
13,13,1,12,12,1,7,ones,FOUND,"{""coeffs"":[1,1,1,1,1,1,1],""positions"":[0,1,2,3,4,5,6]}","[1,1,1,1,1,1,1,0,0,0,0,0]",1,no,all residue allocations modulo cyclic rotation
13,13,1,12,12,1,7,one_changed,FOUND,"{""coeffs"":[2,1,1,1,1,1,1],""positions"":[0,1,2,3,4,5,6]}","[2,1,1,1,1,1,1,0,0,0,0,0]",1,no,all residue allocations modulo cyclic rotation
13,13,1,12,12,1,7,all_distinct,FOUND,"{""coeffs"":[1,2,3,4,5,6,7],""positions"":[0,1,2,3,4,5,6]}","[1,2,3,4,5,6,7,0,0,0,0,0]",1,no,all residue allocations modulo cyclic rotation
13,13,1,12,12,1,8,ones,FOUND,"{""coeffs"":[1,1,1,1,1,1,1,1],""positions"":[0,1,2,3,4,5,6,8]}","[1,1,1,1,1,1,1,0,1,0,0,0]",2,no,all residue allocations modulo cyclic rotation
13,13,1,12,12,1,8,one_changed,FOUND,"{""coeffs"":[2,1,1,1,1,1,1,1],""positions"":[0,1,2,3,4,5,6,7]}","[2,1,1,1,1,1,1,1,0,0,0,0]",1,no,all residue allocations modulo cyclic rotation
13,13,1,12,12,1,8,all_distinct,FOUND,"{""coeffs"":[1,2,3,4,5,6,7,8],""positions"":[0,1,2,3,4,5,6,7]}","[1,2,3,4,5,6,7,8,0,0,0,0]",1,no,all residue allocations modulo cyclic rotation
13,13,1,12,12,1,9,ones,FOUND,"{""coeffs"":[1,1,1,1,1,1,1,1,1],""positions"":[0,1,2,3,4,5,6,7,9]}","[1,1,1,1,1,1,1,1,0,1,0,0]",2,no,all residue allocations modulo cyclic rotation
13,13,1,12,12,1,9,one_changed,FOUND,"{""coeffs"":[2,1,1,1,1,1,1,1,1],""positions"":[0,1,2,3,4,5,6,7,8]}","[2,1,1,1,1,1,1,1,1,0,0,0]",1,no,all residue allocations modulo cyclic rotation
13,13,1,12,12,1,9,all_distinct,FOUND,"{""coeffs"":[1,2,3,4,5,6,7,8,9],""positions"":[0,1,2,3,4,5,6,7,8]}","[1,2,3,4,5,6,7,8,9,0,0,0]",1,no,all residue allocations modulo cyclic rotation
13,13,1,12,12,1,10,ones,FOUND,"{""coeffs"":[1,1,1,1,1,1,1,1,1,1],""positions"":[0,1,2,3,4,5,6,8,9,10]}","[1,1,1,1,1,1,1,0,1,1,1,0]",7,no,all residue allocations modulo cyclic rotation
13,13,1,12,12,1,10,one_changed,FOUND,"{""coeffs"":[2,1,1,1,1,1,1,1,1,1],""positions"":[0,1,2,3,4,5,6,7,8,9]}","[2,1,1,1,1,1,1,1,1,1,0,0]",1,no,all residue allocations modulo cyclic rotation
13,13,1,12,12,1,10,all_distinct,FOUND,"{""coeffs"":[1,2,3,4,5,6,7,8,9,10],""positions"":[0,1,2,3,4,5,6,7,8,9]}","[1,2,3,4,5,6,7,8,9,10,0,0]",1,no,all residue allocations modulo cyclic rotation
13,13,1,12,12,1,11,ones,FOUND,"{""coeffs"":[1,1,1,1,1,1,1,1,1,1,1],""positions"":[0,1,2,3,4,5,6,7,8,9,10]}","[1,1,1,1,1,1,1,1,1,1,1,0]",1,no,all residue allocations modulo cyclic rotation
13,13,1,12,12,1,11,one_changed,FOUND,"{""coeffs"":[2,1,1,1,1,1,1,1,1,1,1],""positions"":[0,1,2,3,4,5,6,7,8,9,10]}","[2,1,1,1,1,1,1,1,1,1,1,0]",1,no,all residue allocations modulo cyclic rotation
13,13,1,12,12,1,11,all_distinct,FOUND,"{""coeffs"":[1,2,3,4,5,6,7,8,9,10,11],""positions"":[0,1,2,3,4,5,6,7,8,9,10]}","[1,2,3,4,5,6,7,8,9,10,11,0]",1,no,all residue allocations modulo cyclic rotation
13,13,1,12,12,1,12,ones,NONE,,,1,yes,all residue allocations modulo cyclic rotation
13,13,1,12,12,1,12,one_changed,FOUND,"{""coeffs"":[2,1,1,1,1,1,1,1,1,1,1,1],""positions"":[0,1,2,3,4,5,6,7,8,9,10,11]}","[2,1,1,1,1,1,1,1,1,1,1,1]",1,no,all residue allocations modulo cyclic rotation
13,13,1,12,12,1,12,all_distinct,FOUND,"{""coeffs"":[1,2,3,4,5,6,7,8,9,10,11,12],""positions"":[0,1,2,3,4,5,6,7,8,9,10,11]}","[1,2,3,4,5,6,7,8,9,10,11,12]",1,no,all residue allocations modulo cyclic rotation
13,13,1,13,1,13,2,ones,FOUND,"{""coeffs"":[1,1],""positions"":[0,1]}",[2],1,no,vacuous m=1
13,13,1,13,1,13,2,one_changed,FOUND,"{""coeffs"":[2,1],""positions"":[0,1]}",[3],1,no,vacuous m=1
13,13,1,13,1,13,2,all_distinct,FOUND,"{""coeffs"":[1,2],""positions"":[0,1]}",[3],1,no,vacuous m=1
13,13,1,13,1,13,3,ones,FOUND,"{""coeffs"":[1,1,1],""positions"":[0,1,2]}",[3],1,no,vacuous m=1
13,13,1,13,1,13,3,one_changed,FOUND,"{""coeffs"":[2,1,1],""positions"":[0,1,2]}",[4],1,no,vacuous m=1
13,13,1,13,1,13,3,all_distinct,FOUND,"{""coeffs"":[1,2,3],""positions"":[0,1,2]}",[6],1,no,vacuous m=1
13,13,1,13,1,13,4,ones,FOUND,"{""coeffs"":[1,1,1,1],""positions"":[0,1,2,3]}",[4],1,no,vacuous m=1
13,13,1,13,1,13,4,one_changed,FOUND,"{""coeffs"":[2,1,1,1],""positions"":[0,1,2,3]}",[5],1,no,vacuous m=1
13,13,1,13,1,13,4,all_distinct,FOUND,"{""coeffs"":[1,2,3,4],""positions"":[0,1,2,3]}",[10],1,no,vacuous m=1
13,13,1,13,1,13,5,ones,FOUND,"{""coeffs"":[1,1,1,1,1],""positions"":[0,1,2,3,4]}",[5],1,no,vacuous m=1
13,13,1,13,1,13,5,one_changed,FOUND,"{""coeffs"":[2,1,1,1,1],""positions"":[0,1,2,3,4]}",[6],1,no,vacuous m=1
13,13,1,13,1,13,5,all_distinct,FOUND,"{""coeffs"":[1,2,3,4,5],""positions"":[0,1,2,3,4]}",[2],1,no,vacuous m=1
13,13,1,13,1,13,6,ones,FOUND,"{""coeffs"":[1,1,1,1,1,1],""positions"":[0,1,2,3,4,5]}",[6],1,no,vacuous m=1
13,13,1,13,1,13,6,one_changed,FOUND,"{""coeffs"":[2,1,1,1,1,1],""positions"":[0,1,2,3,4,5]}",[7],1,no,vacuous m=1
13,13,1,13,1,13,6,all_distinct,FOUND,"{""coeffs"":[1,2,3,4,5,6],""positions"":[0,1,2,3,4,5]}",[8],1,no,vacuous m=1
13,13,1,13,1,13,7,ones,FOUND,"{""coeffs"":[1,1,1,1,1,1,1],""positions"":[0,1,2,3,4,5,6]}",[7],1,no,vacuous m=1
13,13,1,13,1,13,7,one_changed,FOUND,"{""coeffs"":[2,1,1,1,1,1,1],""positions"":[0,1,2,3,4,5,6]}",[8],1,no,vacuous m=1
13,13,1,13,1,13,7,all_distinct,FOUND,"{""coeffs"":[1,2,3,4,5,6,7],""positions"":[0,1,2,3,4,5,6]}",[2],1,no,vacuous m=1
13,13,1,13,1,13,8,ones,FOUND,"{""coeffs"":[1,1,1,1,1,1,1,1],""positions"":[0,1,2,3,4,5,6,7]}",[8],1,no,vacuous m=1
13,13,1,13,1,13,8,one_changed,FOUND,"{""coeffs"":[2,1,1,1,1,1,1,1],""positions"":[0,1,2,3,4,5,6,7]}",[9],1,no,vacuous m=1
13,13,1,13,1,13,8,all_distinct,FOUND,"{""coeffs"":[1,2,3,4,5,6,7,8],""positions"":[0,1,2,3,4,5,6,7]}",[10],1,no,vacuous m=1
13,13,1,13,1,13,9,ones,FOUND,"{""coeffs"":[1,1,1,1,1,1,1,1,1],""positions"":[0,1,2,3,4,5,6,7,8]}",[9],1,no,vacuous m=1
13,13,1,13,1,13,9,one_changed,FOUND,"{""coeffs"":[2,1,1,1,1,1,1,1,1],""positions"":[0,1,2,3,4,5,6,7,8]}",[10],1,no,vacuous m=1
13,13,1,13,1,13,9,all_distinct,FOUND,"{""coeffs"":[1,2,3,4,5,6,7,8,9],""positions"":[0,1,2,3,4,5,6,7,8]}",[6],1,no,vacuous m=1
13,13,1,13,1,13,10,ones,FOUND,"{""coeffs"":[1,1,1,1,1,1,1,1,1,1],""positions"":[0,1,2,3,4,5,6,7,8,9]}",[10],1,no,vacuous m=1
13,13,1,13,1,13,10,one_changed,FOUND,"{""coeffs"":[2,1,1,1,1,1,1,1,1,1],""positions"":[0,1,2,3,4,5,6,7,8,9]}",[11],1,no,vacuous m=1
13,13,1,13,1,13,10,all_distinct,FOUND,"{""coeffs"":[1,2,3,4,5,6,7,8,9,10],""positions"":[0,1,2,3,4,5,6,7,8,9]}",[3],1,no,vacuous m=1
13,13,1,13,1,13,11,ones,FOUND,"{""coeffs"":[1,1,1,1,1,1,1,1,1,1,1],""positions"":[0,1,2,3,4,5,6,7,8,9,10]}",[11],1,no,vacuous m=1
13,13,1,13,1,13,11,one_changed,FOUND,"{""coeffs"":[2,1,1,1,1,1,1,1,1,1,1],""positions"":[0,1,2,3,4,5,6,7,8,9,10]}",[12],1,no,vacuous m=1
13,13,1,13,1,13,11,all_distinct,FOUND,"{""coeffs"":[1,2,3,4,5,6,7,8,9,10,11],""positions"":[0,1,2,3,4,5,6,7,8,9,10]}",[1],1,no,vacuous m=1
13,13,1,13,1,13,12,ones,FOUND,"{""coeffs"":[1,1,1,1,1,1,1,1,1,1,1,1],""positions"":[0,1,2,3,4,5,6,7,8,9,10,11]}",[12],1,no,vacuous m=1
13,13,1,13,1,13,12,one_changed,FOUND,"{""coeffs"":[2,1,1,1,1,1,1,1,1,1,1,1],""positions"":[0,1,2,3,4,5,6,7,8,9,10,11]}",[0],1,no,vacuous m=1
13,13,1,13,1,13,12,all_distinct,FOUND,"{""coeffs"":[1,2,3,4,5,6,7,8,9,10,11,12],""positions"":[0,1,2,3,4,5,6,7,8,9,10,11]}",[0],1,no,vacuous m=1
13,13,1,13,1,13,13,ones,FOUND,"{""coeffs"":[1,1,1,1,1,1,1,1,1,1,1,1,1],""positions"":[0,1,2,3,4,5,6,7,8,9,10,11,12]}",[0],1,no,vacuous m=1
13,13,1,13,1,13,13,one_changed,FOUND,"{""coeffs"":[2,1,1,1,1,1,1,1,1,1,1,1,1],""positions"":[0,1,2,3,4,5,6,7,8,9,10,11,12]}",[1],1,no,vacuous m=1
13,13,1,14,14,1,2,ones,FOUND,"{""coeffs"":[1,1],""positions"":[0,2]}","[1,0,1,0,0,0,0,0,0,0,0,0,0,0]",2,no,all residue allocations modulo cyclic rotation
13,13,1,14,14,1,2,one_changed,FOUND,"{""coeffs"":[1,2],""positions"":[0,1]}","[1,2,0,0,0,0,0,0,0,0,0,0,0,0]",1,no,all residue allocations modulo cyclic rotation
13,13,1,14,14,1,2,all_distinct,FOUND,"{""coeffs"":[1,2],""positions"":[0,1]}","[1,2,0,0,0,0,0,0,0,0,0,0,0,0]",1,no,all residue allocations modulo cyclic rotation
13,13,1,14,14,1,3,ones,FOUND,"{""coeffs"":[1,1,1],""positions"":[0,1,2]}","[1,1,1,0,0,0,0,0,0,0,0,0,0,0]",1,no,all residue allocations modulo cyclic rotation
13,13,1,14,14,1,3,one_changed,FOUND,"{""coeffs"":[2,1,1],""positions"":[0,1,2]}","[2,1,1,0,0,0,0,0,0,0,0,0,0,0]",1,no,all residue allocations modulo cyclic rotation
13,13,1,14,14,1,3,all_distinct,FOUND,"{""coeffs"":[1,2,3],""positions"":[0,1,2]}","[1,2,3,0,0,0,0,0,0,0,0,0,0,0]",1,no,all residue allocations modulo cyclic rotation
13,13,1,14,14,1,4,ones,FOUND,"{""coeffs"":[1,1,1,1],""positions"":[0,1,2,4]}","[1,1,1,0,1,0,0,0,0,0,0,0,0,0]",2,no,all residue allocations modulo cyclic rotation
13,13,1,14,14,1,4,one_changed,FOUND,"{""coeffs"":[2,1,1,1],""positions"":[0,1,2,3]}","[2,1,1,1,0,0,0,0,0,0,0,0,0,0]",1,no,all residue allocations modulo cyclic rotation
13,13,1,14,14,1,4,all_distinct,FOUND,"{""coeffs"":[1,2,3,4],""positions"":[0,1,2,3]}","[1,2,3,4,0,0,0,0,0,0,0,0,0,0]",1,no,all residue allocations modulo cyclic rotation
13,13,1,14,14,1,5,ones,FOUND,"{""coeffs"":[1,1,1,1,1],""positions"":[0,1,2,3,4]}","[1,1,1,1,1,0,0,0,0,0,0,0,0,0]",1,no,all residue allocations modulo cyclic rotation
13,13,1,14,14,1,5,one_changed,FOUND,"{""coeffs"":[2,1,1,1,1],""positions"":[0,1,2,3,4]}","[2,1,1,1,1,0,0,0,0,0,0,0,0,0]",1,no,all residue allocations modulo cyclic rotation
13,13,1,14,14,1,5,all_distinct,FOUND,"{""coeffs"":[1,2,3,4,5],""positions"":[0,1,2,3,4]}","[1,2,3,4,5,0,0,0,0,0,0,0,0,0]",1,no,all residue allocations modulo cyclic rotation
13,13,1,14,14,1,6,ones,FOUND,"{""coeffs"":[1,1,1,1,1,1],""positions"":[0,1,2,3,4,6]}","[1,1,1,1,1,0,1,0,0,0,0,0,0,0]",2,no,all residue allocations modulo cyclic rotation
13,13,1,14,14,1,6,one_changed,FOUND,"{""coeffs"":[2,1,1,1,1,1],""positions"":[0,1,2,3,4,5]}","[2,1,1,1,1,1,0,0,0,0,0,0,0,0]",1,no,all residue allocations modulo cyclic rotation
13,13,1,14,14,1,6,all_distinct,FOUND,"{""coeffs"":[1,2,3,4,5,6],""positions"":[0,1,2,3,4,5]}","[1,2,3,4,5,6,0,0,0,0,0,0,0,0]",1,no,all residue allocations modulo cyclic rotation
13,13,1,14,14,1,7,ones,FOUND,"{""coeffs"":[1,1,1,1,1,1,1],""positions"":[0,1,2,3,4,5,7]}","[1,1,1,1,1,1,0,1,0,0,0,0,0,0]",2,no,all residue allocations modulo cyclic rotation
13,13,1,14,14,1,7,one_changed,FOUND,"{""coeffs"":[2,1,1,1,1,1,1],""positions"":[0,1,2,3,4,5,6]}","[2,1,1,1,1,1,1,0,0,0,0,0,0,0]",1,no,all residue allocations modulo cyclic rotation
13,13,1,14,14,1,7,all_distinct,FOUND,"{""coeffs"":[1,2,3,4,5,6,7],""positions"":[0,1,2,3,4,5,6]}","[1,2,3,4,5,6,7,0,0,0,0,0,0,0]",1,no,all residue allocations modulo cyclic rotation
13,13,1,14,14,1,8,ones,FOUND,"{""coeffs"":[1,1,1,1,1,1,1,1],""positions"":[0,1,2,3,4,5,6,8]}","[1,1,1,1,1,1,1,0,1,0,0,0,0,0]",2,no,all residue allocations modulo cyclic rotation
13,13,1,14,14,1,8,one_changed,FOUND,"{""coeffs"":[2,1,1,1,1,1,1,1],""positions"":[0,1,2,3,4,5,6,7]}","[2,1,1,1,1,1,1,1,0,0,0,0,0,0]",1,no,all residue allocations modulo cyclic rotation
13,13,1,14,14,1,8,all_distinct,FOUND,"{""coeffs"":[1,2,3,4,5,6,7,8],""positions"":[0,1,2,3,4,5,6,7]}","[1,2,3,4,5,6,7,8,0,0,0,0,0,0]",1,no,all residue allocations modulo cyclic rotation
13,13,1,14,14,1,9,ones,FOUND,"{""coeffs"":[1,1,1,1,1,1,1,1,1],""positions"":[0,1,2,3,4,5,6,7,8]}","[1,1,1,1,1,1,1,1,1,0,0,0,0,0]",1,no,all residue allocations modulo cyclic rotation
13,13,1,14,14,1,9,one_changed,FOUND,"{""coeffs"":[2,1,1,1,1,1,1,1,1],""positions"":[0,1,2,3,4,5,6,7,8]}","[2,1,1,1,1,1,1,1,1,0,0,0,0,0]",1,no,all residue allocations modulo cyclic rotation
13,13,1,14,14,1,9,all_distinct,FOUND,"{""coeffs"":[1,2,3,4,5,6,7,8,9],""positions"":[0,1,2,3,4,5,6,7,8]}","[1,2,3,4,5,6,7,8,9,0,0,0,0,0]",1,no,all residue allocations modulo cyclic rotation
13,13,1,14,14,1,10,ones,FOUND,"{""coeffs"":[1,1,1,1,1,1,1,1,1,1],""positions"":[0,1,2,3,4,5,6,7,8,10]}","[1,1,1,1,1,1,1,1,1,0,1,0,0,0]",2,no,all residue allocations modulo cyclic rotation
13,13,1,14,14,1,10,one_changed,FOUND,"{""coeffs"":[2,1,1,1,1,1,1,1,1,1],""positions"":[0,1,2,3,4,5,6,7,8,9]}","[2,1,1,1,1,1,1,1,1,1,0,0,0,0]",1,no,all residue allocations modulo cyclic rotation
13,13,1,14,14,1,10,all_distinct,FOUND,"{""coeffs"":[1,2,3,4,5,6,7,8,9,10],""positions"":[0,1,2,3,4,5,6,7,8,9]}","[1,2,3,4,5,6,7,8,9,10,0,0,0,0]",1,no,all residue allocations modulo cyclic rotation
13,13,1,14,14,1,11,ones,FOUND,"{""coeffs"":[1,1,1,1,1,1,1,1,1,1,1],""positions"":[0,1,2,3,4,5,6,7,8,9,10]}","[1,1,1,1,1,1,1,1,1,1,1,0,0,0]",1,no,all residue allocations modulo cyclic rotation
13,13,1,14,14,1,11,one_changed,FOUND,"{""coeffs"":[2,1,1,1,1,1,1,1,1,1,1],""positions"":[0,1,2,3,4,5,6,7,8,9,10]}","[2,1,1,1,1,1,1,1,1,1,1,0,0,0]",1,no,all residue allocations modulo cyclic rotation
13,13,1,14,14,1,11,all_distinct,FOUND,"{""coeffs"":[1,2,3,4,5,6,7,8,9,10,11],""positions"":[0,1,2,3,4,5,6,7,8,9,10]}","[1,2,3,4,5,6,7,8,9,10,11,0,0,0]",1,no,all residue allocations modulo cyclic rotation
13,13,1,14,14,1,12,ones,FOUND,"{""coeffs"":[1,1,1,1,1,1,1,1,1,1,1,1],""positions"":[0,1,2,3,4,5,6,7,8,9,10,12]}","[1,1,1,1,1,1,1,1,1,1,1,0,1,0]",2,no,all residue allocations modulo cyclic rotation
13,13,1,14,14,1,12,one_changed,FOUND,"{""coeffs"":[2,1,1,1,1,1,1,1,1,1,1,1],""positions"":[0,1,2,3,4,5,6,7,8,9,10,11]}","[2,1,1,1,1,1,1,1,1,1,1,1,0,0]",1,no,all residue allocations modulo cyclic rotation
13,13,1,14,14,1,12,all_distinct,FOUND,"{""coeffs"":[1,2,3,4,5,6,7,8,9,10,11,12],""positions"":[0,1,2,3,4,5,6,7,8,9,10,11]}","[1,2,3,4,5,6,7,8,9,10,11,12,0,0]",1,no,all residue allocations modulo cyclic rotation
13,13,1,14,14,1,13,ones,FOUND,"{""coeffs"":[1,1,1,1,1,1,1,1,1,1,1,1,1],""positions"":[0,1,2,3,4,5,6,7,8,9,10,11,12]}","[1,1,1,1,1,1,1,1,1,1,1,1,1,0]",1,no,all residue allocations modulo cyclic rotation
13,13,1,14,14,1,13,one_changed,FOUND,"{""coeffs"":[2,1,1,1,1,1,1,1,1,1,1,1,1],""positions"":[0,1,2,3,4,5,6,7,8,9,10,11,12]}","[2,1,1,1,1,1,1,1,1,1,1,1,1,0]",1,no,all residue allocations modulo cyclic rotation
13,13,1,14,14,1,14,ones,NONE,,,1,yes,all residue allocations modulo cyclic rotation
13,13,1,14,14,1,14,one_changed,FOUND,"{""coeffs"":[2,1,1,1,1,1,1,1,1,1,1,1,1,1],""positions"":[0,1,2,3,4,5,6,7,8,9,10,11,12,13]}","[2,1,1,1,1,1,1,1,1,1,1,1,1,1]",1,no,all residue allocations modulo cyclic rotation
13,13,1,15,15,1,2,ones,FOUND,"{""coeffs"":[1,1],""positions"":[0,1]}","[1,1,0,0,0,0,0,0,0,0,0,0,0,0,0]",1,no,all residue allocations modulo cyclic rotation
13,13,1,15,15,1,2,one_changed,FOUND,"{""coeffs"":[1,2],""positions"":[0,1]}","[1,2,0,0,0,0,0,0,0,0,0,0,0,0,0]",1,no,all residue allocations modulo cyclic rotation
13,13,1,15,15,1,2,all_distinct,FOUND,"{""coeffs"":[1,2],""positions"":[0,1]}","[1,2,0,0,0,0,0,0,0,0,0,0,0,0,0]",1,no,all residue allocations modulo cyclic rotation
13,13,1,15,15,1,3,ones,FOUND,"{""coeffs"":[1,1,1],""positions"":[0,1,3]}","[1,1,0,1,0,0,0,0,0,0,0,0,0,0,0]",2,no,all residue allocations modulo cyclic rotation
13,13,1,15,15,1,3,one_changed,FOUND,"{""coeffs"":[2,1,1],""positions"":[0,1,2]}","[2,1,1,0,0,0,0,0,0,0,0,0,0,0,0]",1,no,all residue allocations modulo cyclic rotation
13,13,1,15,15,1,3,all_distinct,FOUND,"{""coeffs"":[1,2,3],""positions"":[0,1,2]}","[1,2,3,0,0,0,0,0,0,0,0,0,0,0,0]",1,no,all residue allocations modulo cyclic rotation
13,13,1,15,15,1,4,ones,FOUND,"{""coeffs"":[1,1,1,1],""positions"":[0,1,2,3]}","[1,1,1,1,0,0,0,0,0,0,0,0,0,0,0]",1,no,all residue allocations modulo cyclic rotation
13,13,1,15,15,1,4,one_changed,FOUND,"{""coeffs"":[2,1,1,1],""positions"":[0,1,2,3]}","[2,1,1,1,0,0,0,0,0,0,0,0,0,0,0]",1,no,all residue allocations modulo cyclic rotation
13,13,1,15,15,1,4,all_distinct,FOUND,"{""coeffs"":[1,2,3,4],""positions"":[0,1,2,3]}","[1,2,3,4,0,0,0,0,0,0,0,0,0,0,0]",1,no,all residue allocations modulo cyclic rotation
13,13,1,15,15,1,5,ones,FOUND,"{""coeffs"":[1,1,1,1,1],""positions"":[0,1,2,3,5]}","[1,1,1,1,0,1,0,0,0,0,0,0,0,0,0]",2,no,all residue allocations modulo cyclic rotation
13,13,1,15,15,1,5,one_changed,FOUND,"{""coeffs"":[2,1,1,1,1],""positions"":[0,1,2,3,4]}","[2,1,1,1,1,0,0,0,0,0,0,0,0,0,0]",1,no,all residue allocations modulo cyclic rotation
13,13,1,15,15,1,5,all_distinct,FOUND,"{""coeffs"":[1,2,3,4,5],""positions"":[0,1,2,3,4]}","[1,2,3,4,5,0,0,0,0,0,0,0,0,0,0]",1,no,all residue allocations modulo cyclic rotation
13,13,1,15,15,1,6,ones,FOUND,"{""coeffs"":[1,1,1,1,1,1],""positions"":[0,1,2,3,4,6]}","[1,1,1,1,1,0,1,0,0,0,0,0,0,0,0]",2,no,all residue allocations modulo cyclic rotation
13,13,1,15,15,1,6,one_changed,FOUND,"{""coeffs"":[2,1,1,1,1,1],""positions"":[0,1,2,3,4,5]}","[2,1,1,1,1,1,0,0,0,0,0,0,0,0,0]",1,no,all residue allocations modulo cyclic rotation
13,13,1,15,15,1,6,all_distinct,FOUND,"{""coeffs"":[1,2,3,4,5,6],""positions"":[0,1,2,3,4,5]}","[1,2,3,4,5,6,0,0,0,0,0,0,0,0,0]",1,no,all residue allocations modulo cyclic rotation
13,13,1,15,15,1,7,ones,FOUND,"{""coeffs"":[1,1,1,1,1,1,1],""positions"":[0,1,2,3,4,5,6]}","[1,1,1,1,1,1,1,0,0,0,0,0,0,0,0]",1,no,all residue allocations modulo cyclic rotation
13,13,1,15,15,1,7,one_changed,FOUND,"{""coeffs"":[2,1,1,1,1,1,1],""positions"":[0,1,2,3,4,5,6]}","[2,1,1,1,1,1,1,0,0,0,0,0,0,0,0]",1,no,all residue allocations modulo cyclic rotation
13,13,1,15,15,1,7,all_distinct,FOUND,"{""coeffs"":[1,2,3,4,5,6,7],""positions"":[0,1,2,3,4,5,6]}","[1,2,3,4,5,6,7,0,0,0,0,0,0,0,0]",1,no,all residue allocations modulo cyclic rotation
13,13,1,15,15,1,8,ones,FOUND,"{""coeffs"":[1,1,1,1,1,1,1,1],""positions"":[0,1,2,3,4,5,6,7]}","[1,1,1,1,1,1,1,1,0,0,0,0,0,0,0]",1,no,all residue allocations modulo cyclic rotation
13,13,1,15,15,1,8,one_changed,FOUND,"{""coeffs"":[2,1,1,1,1,1,1,1],""positions"":[0,1,2,3,4,5,6,7]}","[2,1,1,1,1,1,1,1,0,0,0,0,0,0,0]",1,no,all residue allocations modulo cyclic rotation
13,13,1,15,15,1,8,all_distinct,FOUND,"{""coeffs"":[1,2,3,4,5,6,7,8],""positions"":[0,1,2,3,4,5,6,7]}","[1,2,3,4,5,6,7,8,0,0,0,0,0,0,0]",1,no,all residue allocations modulo cyclic rotation
13,13,1,15,15,1,9,ones,FOUND,"{""coeffs"":[1,1,1,1,1,1,1,1,1],""positions"":[0,1,2,3,4,5,6,7,9]}","[1,1,1,1,1,1,1,1,0,1,0,0,0,0,0]",2,no,all residue allocations modulo cyclic rotation
13,13,1,15,15,1,9,one_changed,FOUND,"{""coeffs"":[2,1,1,1,1,1,1,1,1],""positions"":[0,1,2,3,4,5,6,7,8]}","[2,1,1,1,1,1,1,1,1,0,0,0,0,0,0]",1,no,all residue allocations modulo cyclic rotation
13,13,1,15,15,1,9,all_distinct,FOUND,"{""coeffs"":[1,2,3,4,5,6,7,8,9],""positions"":[0,1,2,3,4,5,6,7,8]}","[1,2,3,4,5,6,7,8,9,0,0,0,0,0,0]",1,no,all residue allocations modulo cyclic rotation
13,13,1,15,15,1,10,ones,FOUND,"{""coeffs"":[1,1,1,1,1,1,1,1,1,1],""positions"":[0,1,2,3,4,5,6,7,8,10]}","[1,1,1,1,1,1,1,1,1,0,1,0,0,0,0]",2,no,all residue allocations modulo cyclic rotation
13,13,1,15,15,1,10,one_changed,FOUND,"{""coeffs"":[2,1,1,1,1,1,1,1,1,1],""positions"":[0,1,2,3,4,5,6,7,8,9]}","[2,1,1,1,1,1,1,1,1,1,0,0,0,0,0]",1,no,all residue allocations modulo cyclic rotation
13,13,1,15,15,1,10,all_distinct,FOUND,"{""coeffs"":[1,2,3,4,5,6,7,8,9,10],""positions"":[0,1,2,3,4,5,6,7,8,9]}","[1,2,3,4,5,6,7,8,9,10,0,0,0,0,0]",1,no,all residue allocations modulo cyclic rotation
13,13,1,15,15,1,11,ones,FOUND,"{""coeffs"":[1,1,1,1,1,1,1,1,1,1,1],""positions"":[0,1,2,3,4,5,6,7,8,9,10]}","[1,1,1,1,1,1,1,1,1,1,1,0,0,0,0]",1,no,all residue allocations modulo cyclic rotation
13,13,1,15,15,1,11,one_changed,FOUND,"{""coeffs"":[2,1,1,1,1,1,1,1,1,1,1],""positions"":[0,1,2,3,4,5,6,7,8,9,10]}","[2,1,1,1,1,1,1,1,1,1,1,0,0,0,0]",1,no,all residue allocations modulo cyclic rotation
13,13,1,15,15,1,11,all_distinct,FOUND,"{""coeffs"":[1,2,3,4,5,6,7,8,9,10,11],""positions"":[0,1,2,3,4,5,6,7,8,9,10]}","[1,2,3,4,5,6,7,8,9,10,11,0,0,0,0]",1,no,all residue allocations modulo cyclic rotation
13,13,1,15,15,1,12,ones,FOUND,"{""coeffs"":[1,1,1,1,1,1,1,1,1,1,1,1],""positions"":[0,1,2,3,4,5,6,7,8,9,10,12]}","[1,1,1,1,1,1,1,1,1,1,1,0,1,0,0]",2,no,all residue allocations modulo cyclic rotation
13,13,1,15,15,1,12,one_changed,FOUND,"{""coeffs"":[2,1,1,1,1,1,1,1,1,1,1,1],""positions"":[0,1,2,3,4,5,6,7,8,9,10,11]}","[2,1,1,1,1,1,1,1,1,1,1,1,0,0,0]",1,no,all residue allocations modulo cyclic rotation
13,13,1,15,15,1,12,all_distinct,FOUND,"{""coeffs"":[1,2,3,4,5,6,7,8,9,10,11,12],""positions"":[0,1,2,3,4,5,6,7,8,9,10,11]}","[1,2,3,4,5,6,7,8,9,10,11,12,0,0,0]",1,no,all residue allocations modulo cyclic rotation
13,13,1,15,15,1,13,ones,FOUND,"{""coeffs"":[1,1,1,1,1,1,1,1,1,1,1,1,1],""positions"":[0,1,2,3,4,5,6,7,8,9,10,11,12]}","[1,1,1,1,1,1,1,1,1,1,1,1,1,0,0]",1,no,all residue allocations modulo cyclic rotation
13,13,1,15,15,1,13,one_changed,FOUND,"{""coeffs"":[2,1,1,1,1,1,1,1,1,1,1,1,1],""positions"":[0,1,2,3,4,5,6,7,8,9,10,11,12]}","[2,1,1,1,1,1,1,1,1,1,1,1,1,0,0]",1,no,all residue allocations modulo cyclic rotation
13,13,1,15,15,1,14,ones,FOUND,"{""coeffs"":[1,1,1,1,1,1,1,1,1,1,1,1,1,1],""positions"":[0,1,2,3,4,5,6,7,8,9,10,11,12,13]}","[1,1,1,1,1,1,1,1,1,1,1,1,1,1,0]",1,no,all residue allocations modulo cyclic rotation
13,13,1,15,15,1,14,one_changed,FOUND,"{""coeffs"":[2,1,1,1,1,1,1,1,1,1,1,1,1,1],""positions"":[0,1,2,3,4,5,6,7,8,9,10,11,12,13]}","[2,1,1,1,1,1,1,1,1,1,1,1,1,1,0]",1,no,all residue allocations modulo cyclic rotation
13,13,1,15,15,1,15,ones,NONE,,,1,yes,all residue allocations modulo cyclic rotation
13,13,1,15,15,1,15,one_changed,FOUND,"{""coeffs"":[2,1,1,1,1,1,1,1,1,1,1,1,1,1,1],""positions"":[0,1,2,3,4,5,6,7,8,9,10,11,12,13,14]}","[2,1,1,1,1,1,1,1,1,1,1,1,1,1,1]",1,no,all residue allocations modulo cyclic rotation
13,13,1,16,16,1,2,ones,NONE,,,15,yes,all residue allocations modulo cyclic rotation
13,13,1,16,16,1,2,one_changed,FOUND,"{""coeffs"":[1,2],""positions"":[0,1]}","[1,2,0,0,0,0,0,0,0,0,0,0,0,0,0,0]",1,no,all residue allocations modulo cyclic rotation
13,13,1,16,16,1,2,all_distinct,FOUND,"{""coeffs"":[1,2],""positions"":[0,1]}","[1,2,0,0,0,0,0,0,0,0,0,0,0,0,0,0]",1,no,all residue allocations modulo cyclic rotation
13,13,1,16,16,1,3,ones,FOUND,"{""coeffs"":[1,1,1],""positions"":[0,1,2]}","[1,1,1,0,0,0,0,0,0,0,0,0,0,0,0,0]",1,no,all residue allocations modulo cyclic rotation
13,13,1,16,16,1,3,one_changed,FOUND,"{""coeffs"":[2,1,1],""positions"":[0,1,2]}","[2,1,1,0,0,0,0,0,0,0,0,0,0,0,0,0]",1,no,all residue allocations modulo cyclic rotation
13,13,1,16,16,1,3,all_distinct,FOUND,"{""coeffs"":[1,2,3],""positions"":[0,1,2]}","[1,2,3,0,0,0,0,0,0,0,0,0,0,0,0,0]",1,no,all residue allocations modulo cyclic rotation
13,13,1,16,16,1,4,ones,FOUND,"{""coeffs"":[1,1,1,1],""positions"":[0,1,2,4]}","[1,1,1,0,1,0,0,0,0,0,0,0,0,0,0,0]",2,no,all residue allocations modulo cyclic rotation
13,13,1,16,16,1,4,one_changed,FOUND,"{""coeffs"":[2,1,1,1],""positions"":[0,1,2,3]}","[2,1,1,1,0,0,0,0,0,0,0,0,0,0,0,0]",1,no,all residue allocations modulo cyclic rotation
13,13,1,16,16,1,4,all_distinct,FOUND,"{""coeffs"":[1,2,3,4],""positions"":[0,1,2,3]}","[1,2,3,4,0,0,0,0,0,0,0,0,0,0,0,0]",1,no,all residue allocations modulo cyclic rotation
13,13,1,16,16,1,5,ones,FOUND,"{""coeffs"":[1,1,1,1,1],""positions"":[0,1,2,3,4]}","[1,1,1,1,1,0,0,0,0,0,0,0,0,0,0,0]",1,no,all residue allocations modulo cyclic rotation
13,13,1,16,16,1,5,one_changed,FOUND,"{""coeffs"":[2,1,1,1,1],""positions"":[0,1,2,3,4]}","[2,1,1,1,1,0,0,0,0,0,0,0,0,0,0,0]",1,no,all residue allocations modulo cyclic rotation
13,13,1,16,16,1,5,all_distinct,FOUND,"{""coeffs"":[1,2,3,4,5],""positions"":[0,1,2,3,4]}","[1,2,3,4,5,0,0,0,0,0,0,0,0,0,0,0]",1,no,all residue allocations modulo cyclic rotation
13,13,1,16,16,1,6,ones,FOUND,"{""coeffs"":[1,1,1,1,1,1],""positions"":[0,1,2,3,4,8]}","[1,1,1,1,1,0,0,0,1,0,0,0,0,0,0,0]",4,no,all residue allocations modulo cyclic rotation
13,13,1,16,16,1,6,one_changed,FOUND,"{""coeffs"":[2,1,1,1,1,1],""positions"":[0,1,2,3,4,5]}","[2,1,1,1,1,1,0,0,0,0,0,0,0,0,0,0]",1,no,all residue allocations modulo cyclic rotation
13,13,1,16,16,1,6,all_distinct,FOUND,"{""coeffs"":[1,2,3,4,5,6],""positions"":[0,1,2,3,4,5]}","[1,2,3,4,5,6,0,0,0,0,0,0,0,0,0,0]",1,no,all residue allocations modulo cyclic rotation
13,13,1,16,16,1,7,ones,FOUND,"{""coeffs"":[1,1,1,1,1,1,1],""positions"":[0,1,2,3,4,5,6]}","[1,1,1,1,1,1,1,0,0,0,0,0,0,0,0,0]",1,no,all residue allocations modulo cyclic rotation
13,13,1,16,16,1,7,one_changed,FOUND,"{""coeffs"":[2,1,1,1,1,1,1],""positions"":[0,1,2,3,4,5,6]}","[2,1,1,1,1,1,1,0,0,0,0,0,0,0,0,0]",1,no,all residue allocations modulo cyclic rotation
13,13,1,16,16,1,7,all_distinct,FOUND,"{""coeffs"":[1,2,3,4,5,6,7],""positions"":[0,1,2,3,4,5,6]}","[1,2,3,4,5,6,7,0,0,0,0,0,0,0,0,0]",1,no,all residue allocations modulo cyclic rotation
13,13,1,16,16,1,8,ones,FOUND,"{""coeffs"":[1,1,1,1,1,1,1,1],""positions"":[0,1,2,3,4,5,6,8]}","[1,1,1,1,1,1,1,0,1,0,0,0,0,0,0,0]",2,no,all residue allocations modulo cyclic rotation
13,13,1,16,16,1,8,one_changed,FOUND,"{""coeffs"":[2,1,1,1,1,1,1,1],""positions"":[0,1,2,3,4,5,6,7]}","[2,1,1,1,1,1,1,1,0,0,0,0,0,0,0,0]",1,no,all residue allocations modulo cyclic rotation
13,13,1,16,16,1,8,all_distinct,FOUND,"{""coeffs"":[1,2,3,4,5,6,7,8],""positions"":[0,1,2,3,4,5,6,7]}","[1,2,3,4,5,6,7,8,0,0,0,0,0,0,0,0]",1,no,all residue allocations modulo cyclic rotation
13,13,1,16,16,1,9,ones,FOUND,"{""coeffs"":[1,1,1,1,1,1,1,1,1],""positions"":[0,1,2,3,4,5,6,7,8]}","[1,1,1,1,1,1,1,1,1,0,0,0,0,0,0,0]",1,no,all residue allocations modulo cyclic rotation
13,13,1,16,16,1,9,one_changed,FOUND,"{""coeffs"":[2,1,1,1,1,1,1,1,1],""positions"":[0,1,2,3,4,5,6,7,8]}","[2,1,1,1,1,1,1,1,1,0,0,0,0,0,0,0]",1,no,all residue allocations modulo cyclic rotation
13,13,1,16,16,1,9,all_distinct,FOUND,"{""coeffs"":[1,2,3,4,5,6,7,8,9],""positions"":[0,1,2,3,4,5,6,7,8]}","[1,2,3,4,5,6,7,8,9,0,0,0,0,0,0,0]",1,no,all residue allocations modulo cyclic rotation
13,13,1,16,16,1,10,ones,FOUND,"{""coeffs"":[1,1,1,1,1,1,1,1,1,1],""positions"":[0,1,2,3,4,5,6,8,9,10]}","[1,1,1,1,1,1,1,0,1,1,1,0,0,0,0,0]",29,no,all residue allocations modulo cyclic rotation
13,13,1,16,16,1,10,one_changed,FOUND,"{""coeffs"":[2,1,1,1,1,1,1,1,1,1],""positions"":[0,1,2,3,4,5,6,7,8,9]}","[2,1,1,1,1,1,1,1,1,1,0,0,0,0,0,0]",1,no,all residue allocations modulo cyclic rotation
13,13,1,16,16,1,10,all_distinct,FOUND,"{""coeffs"":[1,2,3,4,5,6,7,8,9,10],""positions"":[0,1,2,3,4,5,6,7,8,9]}","[1,2,3,4,5,6,7,8,9,10,0,0,0,0,0,0]",1,no,all residue allocations modulo cyclic rotation
13,13,1,16,16,1,11,ones,FOUND,"{""coeffs"":[1,1,1,1,1,1,1,1,1,1,1],""positions"":[0,1,2,3,4,5,6,7,8,9,10]}","[1,1,1,1,1,1,1,1,1,1,1,0,0,0,0,0]",1,no,all residue allocations modulo cyclic rotation
13,13,1,16,16,1,11,one_changed,FOUND,"{""coeffs"":[2,1,1,1,1,1,1,1,1,1,1],""positions"":[0,1,2,3,4,5,6,7,8,9,10]}","[2,1,1,1,1,1,1,1,1,1,1,0,0,0,0,0]",1,no,all residue allocations modulo cyclic rotation
13,13,1,16,16,1,11,all_distinct,FOUND,"{""coeffs"":[1,2,3,4,5,6,7,8,9,10,11],""positions"":[0,1,2,3,4,5,6,7,8,9,10]}","[1,2,3,4,5,6,7,8,9,10,11,0,0,0,0,0]",1,no,all residue allocations modulo cyclic rotation
13,13,1,16,16,1,12,ones,FOUND,"{""coeffs"":[1,1,1,1,1,1,1,1,1,1,1,1],""positions"":[0,1,2,3,4,5,6,7,8,9,10,12]}","[1,1,1,1,1,1,1,1,1,1,1,0,1,0,0,0]",2,no,all residue allocations modulo cyclic rotation
13,13,1,16,16,1,12,one_changed,FOUND,"{""coeffs"":[2,1,1,1,1,1,1,1,1,1,1,1],""positions"":[0,1,2,3,4,5,6,7,8,9,10,11]}","[2,1,1,1,1,1,1,1,1,1,1,1,0,0,0,0]",1,no,all residue allocations modulo cyclic rotation
13,13,1,16,16,1,12,all_distinct,FOUND,"{""coeffs"":[1,2,3,4,5,6,7,8,9,10,11,12],""positions"":[0,1,2,3,4,5,6,7,8,9,10,11]}","[1,2,3,4,5,6,7,8,9,10,11,12,0,0,0,0]",1,no,all residue allocations modulo cyclic rotation
13,13,1,16,16,1,13,ones,FOUND,"{""coeffs"":[1,1,1,1,1,1,1,1,1,1,1,1,1],""positions"":[0,1,2,3,4,5,6,7,8,9,10,11,12]}","[1,1,1,1,1,1,1,1,1,1,1,1,1,0,0,0]",1,no,all residue allocations modulo cyclic rotation
13,13,1,16,16,1,13,one_changed,FOUND,"{""coeffs"":[2,1,1,1,1,1,1,1,1,1,1,1,1],""positions"":[0,1,2,3,4,5,6,7,8,9,10,11,12]}","[2,1,1,1,1,1,1,1,1,1,1,1,1,0,0,0]",1,no,all residue allocations modulo cyclic rotation
13,13,1,16,16,1,14,ones,NONE,,,105,yes,all residue allocations modulo cyclic rotation
13,13,1,16,16,1,14,one_changed,FOUND,"{""coeffs"":[2,1,1,1,1,1,1,1,1,1,1,1,1,1],""positions"":[0,1,2,3,4,5,6,7,8,9,10,11,12,13]}","[2,1,1,1,1,1,1,1,1,1,1,1,1,1,0,0]",1,no,all residue allocations modulo cyclic rotation
13,13,1,16,16,1,15,ones,FOUND,"{""coeffs"":[1,1,1,1,1,1,1,1,1,1,1,1,1,1,1],""positions"":[0,1,2,3,4,5,6,7,8,9,10,11,12,13,14]}","[1,1,1,1,1,1,1,1,1,1,1,1,1,1,1,0]",1,no,all residue allocations modulo cyclic rotation
13,13,1,16,16,1,15,one_changed,FOUND,"{""coeffs"":[2,1,1,1,1,1,1,1,1,1,1,1,1,1,1],""positions"":[0,1,2,3,4,5,6,7,8,9,10,11,12,13,14]}","[2,1,1,1,1,1,1,1,1,1,1,1,1,1,1,0]",1,no,all residue allocations modulo cyclic rotation
13,13,1,16,16,1,16,ones,NONE,,,1,yes,all residue allocations modulo cyclic rotation
13,13,1,16,16,1,16,one_changed,FOUND,"{""coeffs"":[2,1,1,1,1,1,1,1,1,1,1,1,1,1,1,1],""positions"":[0,1,2,3,4,5,6,7,8,9,10,11,12,13,14,15]}","[2,1,1,1,1,1,1,1,1,1,1,1,1,1,1,1]",1,no,all residue allocations modulo cyclic rotation
13,13,1,17,17,1,2,ones,FOUND,"{""coeffs"":[1,1],""positions"":[0,1]}","[1,1,0,0,0,0,0,0,0,0,0,0,0,0,0,0,0]",1,no,all residue allocations modulo cyclic rotation
13,13,1,17,17,1,2,one_changed,FOUND,"{""coeffs"":[1,2],""positions"":[0,1]}","[1,2,0,0,0,0,0,0,0,0,0,0,0,0,0,0,0]",1,no,all residue allocations modulo cyclic rotation
13,13,1,17,17,1,2,all_distinct,FOUND,"{""coeffs"":[1,2],""positions"":[0,1]}","[1,2,0,0,0,0,0,0,0,0,0,0,0,0,0,0,0]",1,no,all residue allocations modulo cyclic rotation
13,13,1,17,17,1,3,ones,FOUND,"{""coeffs"":[1,1,1],""positions"":[0,1,2]}","[1,1,1,0,0,0,0,0,0,0,0,0,0,0,0,0,0]",1,no,all residue allocations modulo cyclic rotation
13,13,1,17,17,1,3,one_changed,FOUND,"{""coeffs"":[2,1,1],""positions"":[0,1,2]}","[2,1,1,0,0,0,0,0,0,0,0,0,0,0,0,0,0]",1,no,all residue allocations modulo cyclic rotation
13,13,1,17,17,1,3,all_distinct,FOUND,"{""coeffs"":[1,2,3],""positions"":[0,1,2]}","[1,2,3,0,0,0,0,0,0,0,0,0,0,0,0,0,0]",1,no,all residue allocations modulo cyclic rotation
13,13,1,17,17,1,4,ones,FOUND,"{""coeffs"":[1,1,1,1],""positions"":[0,1,2,3]}","[1,1,1,1,0,0,0,0,0,0,0,0,0,0,0,0,0]",1,no,all residue allocations modulo cyclic rotation
13,13,1,17,17,1,4,one_changed,FOUND,"{""coeffs"":[2,1,1,1],""positions"":[0,1,2,3]}","[2,1,1,1,0,0,0,0,0,0,0,0,0,0,0,0,0]",1,no,all residue allocations modulo cyclic rotation
13,13,1,17,17,1,4,all_distinct,FOUND,"{""coeffs"":[1,2,3,4],""positions"":[0,1,2,3]}","[1,2,3,4,0,0,0,0,0,0,0,0,0,0,0,0,0]",1,no,all residue allocations modulo cyclic rotation
13,13,1,17,17,1,5,ones,FOUND,"{""coeffs"":[1,1,1,1,1],""positions"":[0,1,2,3,4]}","[1,1,1,1,1,0,0,0,0,0,0,0,0,0,0,0,0]",1,no,all residue allocations modulo cyclic rotation
13,13,1,17,17,1,5,one_changed,FOUND,"{""coeffs"":[2,1,1,1,1],""positions"":[0,1,2,3,4]}","[2,1,1,1,1,0,0,0,0,0,0,0,0,0,0,0,0]",1,no,all residue allocations modulo cyclic rotation
13,13,1,17,17,1,5,all_distinct,FOUND,"{""coeffs"":[1,2,3,4,5],""positions"":[0,1,2,3,4]}","[1,2,3,4,5,0,0,0,0,0,0,0,0,0,0,0,0]",1,no,all residue allocations modulo cyclic rotation
13,13,1,17,17,1,6,ones,FOUND,"{""coeffs"":[1,1,1,1,1,1],""positions"":[0,1,2,3,4,5]}","[1,1,1,1,1,1,0,0,0,0,0,0,0,0,0,0,0]",1,no,all residue allocations modulo cyclic rotation
13,13,1,17,17,1,6,one_changed,FOUND,"{""coeffs"":[2,1,1,1,1,1],""positions"":[0,1,2,3,4,5]}","[2,1,1,1,1,1,0,0,0,0,0,0,0,0,0,0,0]",1,no,all residue allocations modulo cyclic rotation
13,13,1,17,17,1,6,all_distinct,FOUND,"{""coeffs"":[1,2,3,4,5,6],""positions"":[0,1,2,3,4,5]}","[1,2,3,4,5,6,0,0,0,0,0,0,0,0,0,0,0]",1,no,all residue allocations modulo cyclic rotation
13,13,1,17,17,1,7,ones,FOUND,"{""coeffs"":[1,1,1,1,1,1,1],""positions"":[0,1,2,3,4,5,6]}","[1,1,1,1,1,1,1,0,0,0,0,0,0,0,0,0,0]",1,no,all residue allocations modulo cyclic rotation
13,13,1,17,17,1,7,one_changed,FOUND,"{""coeffs"":[2,1,1,1,1,1,1],""positions"":[0,1,2,3,4,5,6]}","[2,1,1,1,1,1,1,0,0,0,0,0,0,0,0,0,0]",1,no,all residue allocations modulo cyclic rotation
13,13,1,17,17,1,7,all_distinct,FOUND,"{""coeffs"":[1,2,3,4,5,6,7],""positions"":[0,1,2,3,4,5,6]}","[1,2,3,4,5,6,7,0,0,0,0,0,0,0,0,0,0]",1,no,all residue allocations modulo cyclic rotation
13,13,1,17,17,1,8,ones,FOUND,"{""coeffs"":[1,1,1,1,1,1,1,1],""positions"":[0,1,2,3,4,5,6,7]}","[1,1,1,1,1,1,1,1,0,0,0,0,0,0,0,0,0]",1,no,all residue allocations modulo cyclic rotation
13,13,1,17,17,1,8,one_changed,FOUND,"{""coeffs"":[2,1,1,1,1,1,1,1],""positions"":[0,1,2,3,4,5,6,7]}","[2,1,1,1,1,1,1,1,0,0,0,0,0,0,0,0,0]",1,no,all residue allocations modulo cyclic rotation
13,13,1,17,17,1,8,all_distinct,FOUND,"{""coeffs"":[1,2,3,4,5,6,7,8],""positions"":[0,1,2,3,4,5,6,7]}","[1,2,3,4,5,6,7,8,0,0,0,0,0,0,0,0,0]",1,no,all residue allocations modulo cyclic rotation
13,13,1,17,17,1,9,ones,FOUND,"{""coeffs"":[1,1,1,1,1,1,1,1,1],""positions"":[0,1,2,3,4,5,6,7,8]}","[1,1,1,1,1,1,1,1,1,0,0,0,0,0,0,0,0]",1,no,all residue allocations modulo cyclic rotation
13,13,1,17,17,1,9,one_changed,FOUND,"{""coeffs"":[2,1,1,1,1,1,1,1,1],""positions"":[0,1,2,3,4,5,6,7,8]}","[2,1,1,1,1,1,1,1,1,0,0,0,0,0,0,0,0]",1,no,all residue allocations modulo cyclic rotation
13,13,1,17,17,1,9,all_distinct,FOUND,"{""coeffs"":[1,2,3,4,5,6,7,8,9],""positions"":[0,1,2,3,4,5,6,7,8]}","[1,2,3,4,5,6,7,8,9,0,0,0,0,0,0,0,0]",1,no,all residue allocations modulo cyclic rotation
13,13,1,17,17,1,10,ones,FOUND,"{""coeffs"":[1,1,1,1,1,1,1,1,1,1],""positions"":[0,1,2,3,4,5,6,7,8,9]}","[1,1,1,1,1,1,1,1,1,1,0,0,0,0,0,0,0]",1,no,all residue allocations modulo cyclic rotation
13,13,1,17,17,1,10,one_changed,FOUND,"{""coeffs"":[2,1,1,1,1,1,1,1,1,1],""positions"":[0,1,2,3,4,5,6,7,8,9]}","[2,1,1,1,1,1,1,1,1,1,0,0,0,0,0,0,0]",1,no,all residue allocations modulo cyclic rotation
13,13,1,17,17,1,10,all_distinct,FOUND,"{""coeffs"":[1,2,3,4,5,6,7,8,9,10],""positions"":[0,1,2,3,4,5,6,7,8,9]}","[1,2,3,4,5,6,7,8,9,10,0,0,0,0,0,0,0]",1,no,all residue allocations modulo cyclic rotation
13,13,1,17,17,1,11,ones,FOUND,"{""coeffs"":[1,1,1,1,1,1,1,1,1,1,1],""positions"":[0,1,2,3,4,5,6,7,8,9,10]}","[1,1,1,1,1,1,1,1,1,1,1,0,0,0,0,0,0]",1,no,all residue allocations modulo cyclic rotation
13,13,1,17,17,1,11,one_changed,FOUND,"{""coeffs"":[2,1,1,1,1,1,1,1,1,1,1],""positions"":[0,1,2,3,4,5,6,7,8,9,10]}","[2,1,1,1,1,1,1,1,1,1,1,0,0,0,0,0,0]",1,no,all residue allocations modulo cyclic rotation
13,13,1,17,17,1,11,all_distinct,FOUND,"{""coeffs"":[1,2,3,4,5,6,7,8,9,10,11],""positions"":[0,1,2,3,4,5,6,7,8,9,10]}","[1,2,3,4,5,6,7,8,9,10,11,0,0,0,0,0,0]",1,no,all residue allocations modulo cyclic rotation
13,13,1,17,17,1,12,ones,FOUND,"{""coeffs"":[1,1,1,1,1,1,1,1,1,1,1,1],""positions"":[0,1,2,3,4,5,6,7,8,9,10,11]}","[1,1,1,1,1,1,1,1,1,1,1,1,0,0,0,0,0]",1,no,all residue allocations modulo cyclic rotation
13,13,1,17,17,1,12,one_changed,FOUND,"{""coeffs"":[2,1,1,1,1,1,1,1,1,1,1,1],""positions"":[0,1,2,3,4,5,6,7,8,9,10,11]}","[2,1,1,1,1,1,1,1,1,1,1,1,0,0,0,0,0]",1,no,all residue allocations modulo cyclic rotation
13,13,1,17,17,1,12,all_distinct,FOUND,"{""coeffs"":[1,2,3,4,5,6,7,8,9,10,11,12],""positions"":[0,1,2,3,4,5,6,7,8,9,10,11]}","[1,2,3,4,5,6,7,8,9,10,11,12,0,0,0,0,0]",1,no,all residue allocations modulo cyclic rotation
13,13,1,17,17,1,13,ones,FOUND,"{""coeffs"":[1,1,1,1,1,1,1,1,1,1,1,1,1],""positions"":[0,1,2,3,4,5,6,7,8,9,10,11,12]}","[1,1,1,1,1,1,1,1,1,1,1,1,1,0,0,0,0]",1,no,all residue allocations modulo cyclic rotation
13,13,1,17,17,1,13,one_changed,FOUND,"{""coeffs"":[2,1,1,1,1,1,1,1,1,1,1,1,1],""positions"":[0,1,2,3,4,5,6,7,8,9,10,11,12]}","[2,1,1,1,1,1,1,1,1,1,1,1,1,0,0,0,0]",1,no,all residue allocations modulo cyclic rotation
13,13,1,17,17,1,14,ones,FOUND,"{""coeffs"":[1,1,1,1,1,1,1,1,1,1,1,1,1,1],""positions"":[0,1,2,3,4,5,6,7,8,9,10,11,12,13]}","[1,1,1,1,1,1,1,1,1,1,1,1,1,1,0,0,0]",1,no,all residue allocations modulo cyclic rotation
13,13,1,17,17,1,14,one_changed,FOUND,"{""coeffs"":[2,1,1,1,1,1,1,1,1,1,1,1,1,1],""positions"":[0,1,2,3,4,5,6,7,8,9,10,11,12,13]}","[2,1,1,1,1,1,1,1,1,1,1,1,1,1,0,0,0]",1,no,all residue allocations modulo cyclic rotation
13,13,1,17,17,1,15,ones,FOUND,"{""coeffs"":[1,1,1,1,1,1,1,1,1,1,1,1,1,1,1],""positions"":[0,1,2,3,4,5,6,7,8,9,10,11,12,13,14]}","[1,1,1,1,1,1,1,1,1,1,1,1,1,1,1,0,0]",1,no,all residue allocations modulo cyclic rotation
13,13,1,17,17,1,15,one_changed,FOUND,"{""coeffs"":[2,1,1,1,1,1,1,1,1,1,1,1,1,1,1],""positions"":[0,1,2,3,4,5,6,7,8,9,10,11,12,13,14]}","[2,1,1,1,1,1,1,1,1,1,1,1,1,1,1,0,0]",1,no,all residue allocations modulo cyclic rotation
13,13,1,17,17,1,16,ones,FOUND,"{""coeffs"":[1,1,1,1,1,1,1,1,1,1,1,1,1,1,1,1],""positions"":[0,1,2,3,4,5,6,7,8,9,10,11,12,13,14,15]}","[1,1,1,1,1,1,1,1,1,1,1,1,1,1,1,1,0]",1,no,all residue allocations modulo cyclic rotation
13,13,1,17,17,1,16,one_changed,FOUND,"{""coeffs"":[2,1,1,1,1,1,1,1,1,1,1,1,1,1,1,1],""positions"":[0,1,2,3,4,5,6,7,8,9,10,11,12,13,14,15]}","[2,1,1,1,1,1,1,1,1,1,1,1,1,1,1,1,0]",1,no,all residue allocations modulo cyclic rotation
13,13,1,17,17,1,17,ones,NONE,,,1,yes,all residue allocations modulo cyclic rotation
13,13,1,17,17,1,17,one_changed,FOUND,"{""coeffs"":[2,1,1,1,1,1,1,1,1,1,1,1,1,1,1,1,1],""positions"":[0,1,2,3,4,5,6,7,8,9,10,11,12,13,14,15,16]}","[2,1,1,1,1,1,1,1,1,1,1,1,1,1,1,1,1]",1,no,all residue allocations modulo cyclic rotation
13,13,1,18,18,1,2,ones,FOUND,"{""coeffs"":[1,1],""positions"":[0,2]}","[1,0,1,0,0,0,0,0,0,0,0,0,0,0,0,0,0,0]",2,no,all residue allocations modulo cyclic rotation
13,13,1,18,18,1,2,one_changed,FOUND,"{""coeffs"":[1,2],""positions"":[0,1]}","[1,2,0,0,0,0,0,0,0,0,0,0,0,0,0,0,0,0]",1,no,all residue allocations modulo cyclic rotation
13,13,1,18,18,1,2,all_distinct,FOUND,"{""coeffs"":[1,2],""positions"":[0,1]}","[1,2,0,0,0,0,0,0,0,0,0,0,0,0,0,0,0,0]",1,no,all residue allocations modulo cyclic rotation
13,13,1,18,18,1,3,ones,FOUND,"{""coeffs"":[1,1,1],""positions"":[0,1,3]}","[1,1,0,1,0,0,0,0,0,0,0,0,0,0,0,0,0,0]",2,no,all residue allocations modulo cyclic rotation
13,13,1,18,18,1,3,one_changed,FOUND,"{""coeffs"":[2,1,1],""positions"":[0,1,2]}","[2,1,1,0,0,0,0,0,0,0,0,0,0,0,0,0,0,0]",1,no,all residue allocations modulo cyclic rotation
13,13,1,18,18,1,3,all_distinct,FOUND,"{""coeffs"":[1,2,3],""positions"":[0,1,2]}","[1,2,3,0,0,0,0,0,0,0,0,0,0,0,0,0,0,0]",1,no,all residue allocations modulo cyclic rotation
13,13,1,18,18,1,4,ones,FOUND,"{""coeffs"":[1,1,1,1],""positions"":[0,1,2,4]}","[1,1,1,0,1,0,0,0,0,0,0,0,0,0,0,0,0,0]",2,no,all residue allocations modulo cyclic rotation
13,13,1,18,18,1,4,one_changed,FOUND,"{""coeffs"":[2,1,1,1],""positions"":[0,1,2,3]}","[2,1,1,1,0,0,0,0,0,0,0,0,0,0,0,0,0,0]",1,no,all residue allocations modulo cyclic rotation
13,13,1,18,18,1,4,all_distinct,FOUND,"{""coeffs"":[1,2,3,4],""positions"":[0,1,2,3]}","[1,2,3,4,0,0,0,0,0,0,0,0,0,0,0,0,0,0]",1,no,all residue allocations modulo cyclic rotation
13,13,1,18,18,1,5,ones,FOUND,"{""coeffs"":[1,1,1,1,1],""positions"":[0,1,2,3,4]}","[1,1,1,1,1,0,0,0,0,0,0,0,0,0,0,0,0,0]",1,no,all residue allocations modulo cyclic rotation
13,13,1,18,18,1,5,one_changed,FOUND,"{""coeffs"":[2,1,1,1,1],""positions"":[0,1,2,3,4]}","[2,1,1,1,1,0,0,0,0,0,0,0,0,0,0,0,0,0]",1,no,all residue allocations modulo cyclic rotation
13,13,1,18,18,1,5,all_distinct,FOUND,"{""coeffs"":[1,2,3,4,5],""positions"":[0,1,2,3,4]}","[1,2,3,4,5,0,0,0,0,0,0,0,0,0,0,0,0,0]",1,no,all residue allocations modulo cyclic rotation
13,13,1,18,18,1,6,ones,FOUND,"{""coeffs"":[1,1,1,1,1,1],""positions"":[0,1,2,3,4,6]}","[1,1,1,1,1,0,1,0,0,0,0,0,0,0,0,0,0,0]",2,no,all residue allocations modulo cyclic rotation
13,13,1,18,18,1,6,one_changed,FOUND,"{""coeffs"":[2,1,1,1,1,1],""positions"":[0,1,2,3,4,5]}","[2,1,1,1,1,1,0,0,0,0,0,0,0,0,0,0,0,0]",1,no,all residue allocations modulo cyclic rotation
13,13,1,18,18,1,6,all_distinct,FOUND,"{""coeffs"":[1,2,3,4,5,6],""positions"":[0,1,2,3,4,5]}","[1,2,3,4,5,6,0,0,0,0,0,0,0,0,0,0,0,0]",1,no,all residue allocations modulo cyclic rotation
13,13,1,18,18,1,7,ones,FOUND,"{""coeffs"":[1,1,1,1,1,1,1],""positions"":[0,1,2,3,4,5,6]}","[1,1,1,1,1,1,1,0,0,0,0,0,0,0,0,0,0,0]",1,no,all residue allocations modulo cyclic rotation
13,13,1,18,18,1,7,one_changed,FOUND,"{""coeffs"":[2,1,1,1,1,1,1],""positions"":[0,1,2,3,4,5,6]}","[2,1,1,1,1,1,1,0,0,0,0,0,0,0,0,0,0,0]",1,no,all residue allocations modulo cyclic rotation
13,13,1,18,18,1,7,all_distinct,FOUND,"{""coeffs"":[1,2,3,4,5,6,7],""positions"":[0,1,2,3,4,5,6]}","[1,2,3,4,5,6,7,0,0,0,0,0,0,0,0,0,0,0]",1,no,all residue allocations modulo cyclic rotation
13,13,1,18,18,1,8,ones,FOUND,"{""coeffs"":[1,1,1,1,1,1,1,1],""positions"":[0,1,2,3,4,5,6,8]}","[1,1,1,1,1,1,1,0,1,0,0,0,0,0,0,0,0,0]",2,no,all residue allocations modulo cyclic rotation
13,13,1,18,18,1,8,one_changed,FOUND,"{""coeffs"":[2,1,1,1,1,1,1,1],""positions"":[0,1,2,3,4,5,6,7]}","[2,1,1,1,1,1,1,1,0,0,0,0,0,0,0,0,0,0]",1,no,all residue allocations modulo cyclic rotation
13,13,1,18,18,1,8,all_distinct,FOUND,"{""coeffs"":[1,2,3,4,5,6,7,8],""positions"":[0,1,2,3,4,5,6,7]}","[1,2,3,4,5,6,7,8,0,0,0,0,0,0,0,0,0,0]",1,no,all residue allocations modulo cyclic rotation
13,13,1,18,18,1,9,ones,FOUND,"{""coeffs"":[1,1,1,1,1,1,1,1,1],""positions"":[0,1,2,3,4,5,6,7,9]}","[1,1,1,1,1,1,1,1,0,1,0,0,0,0,0,0,0,0]",2,no,all residue allocations modulo cyclic rotation
13,13,1,18,18,1,9,one_changed,FOUND,"{""coeffs"":[2,1,1,1,1,1,1,1,1],""positions"":[0,1,2,3,4,5,6,7,8]}","[2,1,1,1,1,1,1,1,1,0,0,0,0,0,0,0,0,0]",1,no,all residue allocations modulo cyclic rotation
13,13,1,18,18,1,9,all_distinct,FOUND,"{""coeffs"":[1,2,3,4,5,6,7,8,9],""positions"":[0,1,2,3,4,5,6,7,8]}","[1,2,3,4,5,6,7,8,9,0,0,0,0,0,0,0,0,0]",1,no,all residue allocations modulo cyclic rotation
13,13,1,18,18,1,10,ones,FOUND,"{""coeffs"":[1,1,1,1,1,1,1,1,1,1],""positions"":[0,1,2,3,4,5,6,7,8,10]}","[1,1,1,1,1,1,1,1,1,0,1,0,0,0,0,0,0,0]",2,no,all residue allocations modulo cyclic rotation
13,13,1,18,18,1,10,one_changed,FOUND,"{""coeffs"":[2,1,1,1,1,1,1,1,1,1],""positions"":[0,1,2,3,4,5,6,7,8,9]}","[2,1,1,1,1,1,1,1,1,1,0,0,0,0,0,0,0,0]",1,no,all residue allocations modulo cyclic rotation
13,13,1,18,18,1,10,all_distinct,FOUND,"{""coeffs"":[1,2,3,4,5,6,7,8,9,10],""positions"":[0,1,2,3,4,5,6,7,8,9]}","[1,2,3,4,5,6,7,8,9,10,0,0,0,0,0,0,0,0]",1,no,all residue allocations modulo cyclic rotation
13,13,1,18,18,1,11,ones,FOUND,"{""coeffs"":[1,1,1,1,1,1,1,1,1,1,1],""positions"":[0,1,2,3,4,5,6,7,8,9,10]}","[1,1,1,1,1,1,1,1,1,1,1,0,0,0,0,0,0,0]",1,no,all residue allocations modulo cyclic rotation
13,13,1,18,18,1,11,one_changed,FOUND,"{""coeffs"":[2,1,1,1,1,1,1,1,1,1,1],""positions"":[0,1,2,3,4,5,6,7,8,9,10]}","[2,1,1,1,1,1,1,1,1,1,1,0,0,0,0,0,0,0]",1,no,all residue allocations modulo cyclic rotation
13,13,1,18,18,1,11,all_distinct,FOUND,"{""coeffs"":[1,2,3,4,5,6,7,8,9,10,11],""positions"":[0,1,2,3,4,5,6,7,8,9,10]}","[1,2,3,4,5,6,7,8,9,10,11,0,0,0,0,0,0,0]",1,no,all residue allocations modulo cyclic rotation
13,13,1,18,18,1,12,ones,FOUND,"{""coeffs"":[1,1,1,1,1,1,1,1,1,1,1,1],""positions"":[0,1,2,3,4,5,6,7,8,9,10,12]}","[1,1,1,1,1,1,1,1,1,1,1,0,1,0,0,0,0,0]",2,no,all residue allocations modulo cyclic rotation
13,13,1,18,18,1,12,one_changed,FOUND,"{""coeffs"":[2,1,1,1,1,1,1,1,1,1,1,1],""positions"":[0,1,2,3,4,5,6,7,8,9,10,11]}","[2,1,1,1,1,1,1,1,1,1,1,1,0,0,0,0,0,0]",1,no,all residue allocations modulo cyclic rotation
13,13,1,18,18,1,12,all_distinct,FOUND,"{""coeffs"":[1,2,3,4,5,6,7,8,9,10,11,12],""positions"":[0,1,2,3,4,5,6,7,8,9,10,11]}","[1,2,3,4,5,6,7,8,9,10,11,12,0,0,0,0,0,0]",1,no,all residue allocations modulo cyclic rotation
13,13,1,18,18,1,13,ones,FOUND,"{""coeffs"":[1,1,1,1,1,1,1,1,1,1,1,1,1],""positions"":[0,1,2,3,4,5,6,7,8,9,10,11,12]}","[1,1,1,1,1,1,1,1,1,1,1,1,1,0,0,0,0,0]",1,no,all residue allocations modulo cyclic rotation
13,13,1,18,18,1,13,one_changed,FOUND,"{""coeffs"":[2,1,1,1,1,1,1,1,1,1,1,1,1],""positions"":[0,1,2,3,4,5,6,7,8,9,10,11,12]}","[2,1,1,1,1,1,1,1,1,1,1,1,1,0,0,0,0,0]",1,no,all residue allocations modulo cyclic rotation
13,13,1,18,18,1,14,ones,FOUND,"{""coeffs"":[1,1,1,1,1,1,1,1,1,1,1,1,1,1],""positions"":[0,1,2,3,4,5,6,7,8,9,10,11,12,14]}","[1,1,1,1,1,1,1,1,1,1,1,1,1,0,1,0,0,0]",2,no,all residue allocations modulo cyclic rotation
13,13,1,18,18,1,14,one_changed,FOUND,"{""coeffs"":[2,1,1,1,1,1,1,1,1,1,1,1,1,1],""positions"":[0,1,2,3,4,5,6,7,8,9,10,11,12,13]}","[2,1,1,1,1,1,1,1,1,1,1,1,1,1,0,0,0,0]",1,no,all residue allocations modulo cyclic rotation
13,13,1,18,18,1,15,ones,FOUND,"{""coeffs"":[1,1,1,1,1,1,1,1,1,1,1,1,1,1,1],""positions"":[0,1,2,3,4,5,6,7,8,9,10,11,12,13,15]}","[1,1,1,1,1,1,1,1,1,1,1,1,1,1,0,1,0,0]",2,no,all residue allocations modulo cyclic rotation
13,13,1,18,18,1,15,one_changed,FOUND,"{""coeffs"":[2,1,1,1,1,1,1,1,1,1,1,1,1,1,1],""positions"":[0,1,2,3,4,5,6,7,8,9,10,11,12,13,14]}","[2,1,1,1,1,1,1,1,1,1,1,1,1,1,1,0,0,0]",1,no,all residue allocations modulo cyclic rotation
13,13,1,18,18,1,16,ones,FOUND,"{""coeffs"":[1,1,1,1,1,1,1,1,1,1,1,1,1,1,1,1],""positions"":[0,1,2,3,4,5,6,7,8,9,10,11,12,13,14,16]}","[1,1,1,1,1,1,1,1,1,1,1,1,1,1,1,0,1,0]",2,no,all residue allocations modulo cyclic rotation
13,13,1,18,18,1,16,one_changed,FOUND,"{""coeffs"":[2,1,1,1,1,1,1,1,1,1,1,1,1,1,1,1],""positions"":[0,1,2,3,4,5,6,7,8,9,10,11,12,13,14,15]}","[2,1,1,1,1,1,1,1,1,1,1,1,1,1,1,1,0,0]",1,no,all residue allocations modulo cyclic rotation
13,13,1,18,18,1,17,ones,FOUND,"{""coeffs"":[1,1,1,1,1,1,1,1,1,1,1,1,1,1,1,1,1],""positions"":[0,1,2,3,4,5,6,7,8,9,10,11,12,13,14,15,16]}","[1,1,1,1,1,1,1,1,1,1,1,1,1,1,1,1,1,0]",1,no,all residue allocations modulo cyclic rotation
13,13,1,18,18,1,17,one_changed,FOUND,"{""coeffs"":[2,1,1,1,1,1,1,1,1,1,1,1,1,1,1,1,1],""positions"":[0,1,2,3,4,5,6,7,8,9,10,11,12,13,14,15,16]}","[2,1,1,1,1,1,1,1,1,1,1,1,1,1,1,1,1,0]",1,no,all residue allocations modulo cyclic rotation
13,13,1,18,18,1,18,ones,NONE,,,1,yes,all residue allocations modulo cyclic rotation
13,13,1,18,18,1,18,one_changed,FOUND,"{""coeffs"":[2,1,1,1,1,1,1,1,1,1,1,1,1,1,1,1,1,1],""positions"":[0,1,2,3,4,5,6,7,8,9,10,11,12,13,14,15,16,17]}","[2,1,1,1,1,1,1,1,1,1,1,1,1,1,1,1,1,1]",1,no,all residue allocations modulo cyclic rotation
13,13,1,19,19,1,2,ones,FOUND,"{""coeffs"":[1,1],""positions"":[0,1]}","[1,1,0,0,0,0,0,0,0,0,0,0,0,0,0,0,0,0,0]",1,no,all residue allocations modulo cyclic rotation
13,13,1,19,19,1,2,one_changed,FOUND,"{""coeffs"":[1,2],""positions"":[0,1]}","[1,2,0,0,0,0,0,0,0,0,0,0,0,0,0,0,0,0,0]",1,no,all residue allocations modulo cyclic rotation
13,13,1,19,19,1,2,all_distinct,FOUND,"{""coeffs"":[1,2],""positions"":[0,1]}","[1,2,0,0,0,0,0,0,0,0,0,0,0,0,0,0,0,0,0]",1,no,all residue allocations modulo cyclic rotation
13,13,1,19,19,1,3,ones,FOUND,"{""coeffs"":[1,1,1],""positions"":[0,1,2]}","[1,1,1,0,0,0,0,0,0,0,0,0,0,0,0,0,0,0,0]",1,no,all residue allocations modulo cyclic rotation
13,13,1,19,19,1,3,one_changed,FOUND,"{""coeffs"":[2,1,1],""positions"":[0,1,2]}","[2,1,1,0,0,0,0,0,0,0,0,0,0,0,0,0,0,0,0]",1,no,all residue allocations modulo cyclic rotation
13,13,1,19,19,1,3,all_distinct,FOUND,"{""coeffs"":[1,2,3],""positions"":[0,1,2]}","[1,2,3,0,0,0,0,0,0,0,0,0,0,0,0,0,0,0,0]",1,no,all residue allocations modulo cyclic rotation
13,13,1,19,19,1,4,ones,FOUND,"{""coeffs"":[1,1,1,1],""positions"":[0,1,2,3]}","[1,1,1,1,0,0,0,0,0,0,0,0,0,0,0,0,0,0,0]",1,no,all residue allocations modulo cyclic rotation
13,13,1,19,19,1,4,one_changed,FOUND,"{""coeffs"":[2,1,1,1],""positions"":[0,1,2,3]}","[2,1,1,1,0,0,0,0,0,0,0,0,0,0,0,0,0,0,0]",1,no,all residue allocations modulo cyclic rotation
13,13,1,19,19,1,4,all_distinct,FOUND,"{""coeffs"":[1,2,3,4],""positions"":[0,1,2,3]}","[1,2,3,4,0,0,0,0,0,0,0,0,0,0,0,0,0,0,0]",1,no,all residue allocations modulo cyclic rotation
13,13,1,19,19,1,5,ones,FOUND,"{""coeffs"":[1,1,1,1,1],""positions"":[0,1,2,3,4]}","[1,1,1,1,1,0,0,0,0,0,0,0,0,0,0,0,0,0,0]",1,no,all residue allocations modulo cyclic rotation
13,13,1,19,19,1,5,one_changed,FOUND,"{""coeffs"":[2,1,1,1,1],""positions"":[0,1,2,3,4]}","[2,1,1,1,1,0,0,0,0,0,0,0,0,0,0,0,0,0,0]",1,no,all residue allocations modulo cyclic rotation
13,13,1,19,19,1,5,all_distinct,FOUND,"{""coeffs"":[1,2,3,4,5],""positions"":[0,1,2,3,4]}","[1,2,3,4,5,0,0,0,0,0,0,0,0,0,0,0,0,0,0]",1,no,all residue allocations modulo cyclic rotation
13,13,1,19,19,1,6,ones,FOUND,"{""coeffs"":[1,1,1,1,1,1],""positions"":[0,1,2,3,4,5]}","[1,1,1,1,1,1,0,0,0,0,0,0,0,0,0,0,0,0,0]",1,no,all residue allocations modulo cyclic rotation
13,13,1,19,19,1,6,one_changed,FOUND,"{""coeffs"":[2,1,1,1,1,1],""positions"":[0,1,2,3,4,5]}","[2,1,1,1,1,1,0,0,0,0,0,0,0,0,0,0,0,0,0]",1,no,all residue allocations modulo cyclic rotation
13,13,1,19,19,1,6,all_distinct,FOUND,"{""coeffs"":[1,2,3,4,5,6],""positions"":[0,1,2,3,4,5]}","[1,2,3,4,5,6,0,0,0,0,0,0,0,0,0,0,0,0,0]",1,no,all residue allocations modulo cyclic rotation
13,13,1,19,19,1,7,ones,FOUND,"{""coeffs"":[1,1,1,1,1,1,1],""positions"":[0,1,2,3,4,5,6]}","[1,1,1,1,1,1,1,0,0,0,0,0,0,0,0,0,0,0,0]",1,no,all residue allocations modulo cyclic rotation
13,13,1,19,19,1,7,one_changed,FOUND,"{""coeffs"":[2,1,1,1,1,1,1],""positions"":[0,1,2,3,4,5,6]}","[2,1,1,1,1,1,1,0,0,0,0,0,0,0,0,0,0,0,0]",1,no,all residue allocations modulo cyclic rotation
13,13,1,19,19,1,7,all_distinct,FOUND,"{""coeffs"":[1,2,3,4,5,6,7],""positions"":[0,1,2,3,4,5,6]}","[1,2,3,4,5,6,7,0,0,0,0,0,0,0,0,0,0,0,0]",1,no,all residue allocations modulo cyclic rotation
13,13,1,19,19,1,8,ones,FOUND,"{""coeffs"":[1,1,1,1,1,1,1,1],""positions"":[0,1,2,3,4,5,6,7]}","[1,1,1,1,1,1,1,1,0,0,0,0,0,0,0,0,0,0,0]",1,no,all residue allocations modulo cyclic rotation
13,13,1,19,19,1,8,one_changed,FOUND,"{""coeffs"":[2,1,1,1,1,1,1,1],""positions"":[0,1,2,3,4,5,6,7]}","[2,1,1,1,1,1,1,1,0,0,0,0,0,0,0,0,0,0,0]",1,no,all residue allocations modulo cyclic rotation
13,13,1,19,19,1,8,all_distinct,FOUND,"{""coeffs"":[1,2,3,4,5,6,7,8],""positions"":[0,1,2,3,4,5,6,7]}","[1,2,3,4,5,6,7,8,0,0,0,0,0,0,0,0,0,0,0]",1,no,all residue allocations modulo cyclic rotation
13,13,1,19,19,1,9,ones,FOUND,"{""coeffs"":[1,1,1,1,1,1,1,1,1],""positions"":[0,1,2,3,4,5,6,7,8]}","[1,1,1,1,1,1,1,1,1,0,0,0,0,0,0,0,0,0,0]",1,no,all residue allocations modulo cyclic rotation
13,13,1,19,19,1,9,one_changed,FOUND,"{""coeffs"":[2,1,1,1,1,1,1,1,1],""positions"":[0,1,2,3,4,5,6,7,8]}","[2,1,1,1,1,1,1,1,1,0,0,0,0,0,0,0,0,0,0]",1,no,all residue allocations modulo cyclic rotation
13,13,1,19,19,1,9,all_distinct,FOUND,"{""coeffs"":[1,2,3,4,5,6,7,8,9],""positions"":[0,1,2,3,4,5,6,7,8]}","[1,2,3,4,5,6,7,8,9,0,0,0,0,0,0,0,0,0,0]",1,no,all residue allocations modulo cyclic rotation
13,13,1,19,19,1,10,ones,FOUND,"{""coeffs"":[1,1,1,1,1,1,1,1,1,1],""positions"":[0,1,2,3,4,5,6,7,8,9]}","[1,1,1,1,1,1,1,1,1,1,0,0,0,0,0,0,0,0,0]",1,no,all residue allocations modulo cyclic rotation
13,13,1,19,19,1,10,one_changed,FOUND,"{""coeffs"":[2,1,1,1,1,1,1,1,1,1],""positions"":[0,1,2,3,4,5,6,7,8,9]}","[2,1,1,1,1,1,1,1,1,1,0,0,0,0,0,0,0,0,0]",1,no,all residue allocations modulo cyclic rotation
13,13,1,19,19,1,10,all_distinct,FOUND,"{""coeffs"":[1,2,3,4,5,6,7,8,9,10],""positions"":[0,1,2,3,4,5,6,7,8,9]}","[1,2,3,4,5,6,7,8,9,10,0,0,0,0,0,0,0,0,0]",1,no,all residue allocations modulo cyclic rotation
13,13,1,19,19,1,11,ones,FOUND,"{""coeffs"":[1,1,1,1,1,1,1,1,1,1,1],""positions"":[0,1,2,3,4,5,6,7,8,9,10]}","[1,1,1,1,1,1,1,1,1,1,1,0,0,0,0,0,0,0,0]",1,no,all residue allocations modulo cyclic rotation
13,13,1,19,19,1,11,one_changed,FOUND,"{""coeffs"":[2,1,1,1,1,1,1,1,1,1,1],""positions"":[0,1,2,3,4,5,6,7,8,9,10]}","[2,1,1,1,1,1,1,1,1,1,1,0,0,0,0,0,0,0,0]",1,no,all residue allocations modulo cyclic rotation
13,13,1,19,19,1,11,all_distinct,FOUND,"{""coeffs"":[1,2,3,4,5,6,7,8,9,10,11],""positions"":[0,1,2,3,4,5,6,7,8,9,10]}","[1,2,3,4,5,6,7,8,9,10,11,0,0,0,0,0,0,0,0]",1,no,all residue allocations modulo cyclic rotation
13,13,1,19,19,1,12,ones,FOUND,"{""coeffs"":[1,1,1,1,1,1,1,1,1,1,1,1],""positions"":[0,1,2,3,4,5,6,7,8,9,10,11]}","[1,1,1,1,1,1,1,1,1,1,1,1,0,0,0,0,0,0,0]",1,no,all residue allocations modulo cyclic rotation
13,13,1,19,19,1,12,one_changed,FOUND,"{""coeffs"":[2,1,1,1,1,1,1,1,1,1,1,1],""positions"":[0,1,2,3,4,5,6,7,8,9,10,11]}","[2,1,1,1,1,1,1,1,1,1,1,1,0,0,0,0,0,0,0]",1,no,all residue allocations modulo cyclic rotation
13,13,1,19,19,1,12,all_distinct,FOUND,"{""coeffs"":[1,2,3,4,5,6,7,8,9,10,11,12],""positions"":[0,1,2,3,4,5,6,7,8,9,10,11]}","[1,2,3,4,5,6,7,8,9,10,11,12,0,0,0,0,0,0,0]",1,no,all residue allocations modulo cyclic rotation
13,13,1,19,19,1,13,ones,FOUND,"{""coeffs"":[1,1,1,1,1,1,1,1,1,1,1,1,1],""positions"":[0,1,2,3,4,5,6,7,8,9,10,11,12]}","[1,1,1,1,1,1,1,1,1,1,1,1,1,0,0,0,0,0,0]",1,no,all residue allocations modulo cyclic rotation
13,13,1,19,19,1,13,one_changed,FOUND,"{""coeffs"":[2,1,1,1,1,1,1,1,1,1,1,1,1],""positions"":[0,1,2,3,4,5,6,7,8,9,10,11,12]}","[2,1,1,1,1,1,1,1,1,1,1,1,1,0,0,0,0,0,0]",1,no,all residue allocations modulo cyclic rotation
13,13,1,19,19,1,14,ones,FOUND,"{""coeffs"":[1,1,1,1,1,1,1,1,1,1,1,1,1,1],""positions"":[0,1,2,3,4,5,6,7,8,9,10,11,12,13]}","[1,1,1,1,1,1,1,1,1,1,1,1,1,1,0,0,0,0,0]",1,no,all residue allocations modulo cyclic rotation
13,13,1,19,19,1,14,one_changed,FOUND,"{""coeffs"":[2,1,1,1,1,1,1,1,1,1,1,1,1,1],""positions"":[0,1,2,3,4,5,6,7,8,9,10,11,12,13]}","[2,1,1,1,1,1,1,1,1,1,1,1,1,1,0,0,0,0,0]",1,no,all residue allocations modulo cyclic rotation
13,13,1,19,19,1,15,ones,FOUND,"{""coeffs"":[1,1,1,1,1,1,1,1,1,1,1,1,1,1,1],""positions"":[0,1,2,3,4,5,6,7,8,9,10,11,12,13,14]}","[1,1,1,1,1,1,1,1,1,1,1,1,1,1,1,0,0,0,0]",1,no,all residue allocations modulo cyclic rotation
13,13,1,19,19,1,15,one_changed,FOUND,"{""coeffs"":[2,1,1,1,1,1,1,1,1,1,1,1,1,1,1],""positions"":[0,1,2,3,4,5,6,7,8,9,10,11,12,13,14]}","[2,1,1,1,1,1,1,1,1,1,1,1,1,1,1,0,0,0,0]",1,no,all residue allocations modulo cyclic rotation
13,13,1,19,19,1,16,ones,FOUND,"{""coeffs"":[1,1,1,1,1,1,1,1,1,1,1,1,1,1,1,1],""positions"":[0,1,2,3,4,5,6,7,8,9,10,11,12,13,14,15]}","[1,1,1,1,1,1,1,1,1,1,1,1,1,1,1,1,0,0,0]",1,no,all residue allocations modulo cyclic rotation
13,13,1,19,19,1,16,one_changed,FOUND,"{""coeffs"":[2,1,1,1,1,1,1,1,1,1,1,1,1,1,1,1],""positions"":[0,1,2,3,4,5,6,7,8,9,10,11,12,13,14,15]}","[2,1,1,1,1,1,1,1,1,1,1,1,1,1,1,1,0,0,0]",1,no,all residue allocations modulo cyclic rotation
13,13,1,19,19,1,17,ones,FOUND,"{""coeffs"":[1,1,1,1,1,1,1,1,1,1,1,1,1,1,1,1,1],""positions"":[0,1,2,3,4,5,6,7,8,9,10,11,12,13,14,15,16]}","[1,1,1,1,1,1,1,1,1,1,1,1,1,1,1,1,1,0,0]",1,no,all residue allocations modulo cyclic rotation
13,13,1,19,19,1,17,one_changed,FOUND,"{""coeffs"":[2,1,1,1,1,1,1,1,1,1,1,1,1,1,1,1,1],""positions"":[0,1,2,3,4,5,6,7,8,9,10,11,12,13,14,15,16]}","[2,1,1,1,1,1,1,1,1,1,1,1,1,1,1,1,1,0,0]",1,no,all residue allocations modulo cyclic rotation
13,13,1,19,19,1,18,ones,FOUND,"{""coeffs"":[1,1,1,1,1,1,1,1,1,1,1,1,1,1,1,1,1,1],""positions"":[0,1,2,3,4,5,6,7,8,9,10,11,12,13,14,15,16,17]}","[1,1,1,1,1,1,1,1,1,1,1,1,1,1,1,1,1,1,0]",1,no,all residue allocations modulo cyclic rotation
13,13,1,19,19,1,18,one_changed,FOUND,"{""coeffs"":[2,1,1,1,1,1,1,1,1,1,1,1,1,1,1,1,1,1],""positions"":[0,1,2,3,4,5,6,7,8,9,10,11,12,13,14,15,16,17]}","[2,1,1,1,1,1,1,1,1,1,1,1,1,1,1,1,1,1,0]",1,no,all residue allocations modulo cyclic rotation
13,13,1,19,19,1,19,ones,NONE,,,1,yes,all residue allocations modulo cyclic rotation
13,13,1,19,19,1,19,one_changed,FOUND,"{""coeffs"":[2,1,1,1,1,1,1,1,1,1,1,1,1,1,1,1,1,1,1],""positions"":[0,1,2,3,4,5,6,7,8,9,10,11,12,13,14,15,16,17,18]}","[2,1,1,1,1,1,1,1,1,1,1,1,1,1,1,1,1,1,1]",1,no,all residue allocations modulo cyclic rotation
13,13,1,20,20,1,2,ones,FOUND,"{""coeffs"":[1,1],""positions"":[0,4]}","[1,0,0,0,1,0,0,0,0,0,0,0,0,0,0,0,0,0,0,0]",4,no,all residue allocations modulo cyclic rotation
13,13,1,20,20,1,2,one_changed,FOUND,"{""coeffs"":[1,2],""positions"":[0,1]}","[1,2,0,0,0,0,0,0,0,0,0,0,0,0,0,0,0,0,0,0]",1,no,all residue allocations modulo cyclic rotation
13,13,1,20,20,1,2,all_distinct,FOUND,"{""coeffs"":[1,2],""positions"":[0,1]}","[1,2,0,0,0,0,0,0,0,0,0,0,0,0,0,0,0,0,0,0]",1,no,all residue allocations modulo cyclic rotation
13,13,1,20,20,1,3,ones,FOUND,"{""coeffs"":[1,1,1],""positions"":[0,1,2]}","[1,1,1,0,0,0,0,0,0,0,0,0,0,0,0,0,0,0,0,0]",1,no,all residue allocations modulo cyclic rotation
13,13,1,20,20,1,3,one_changed,FOUND,"{""coeffs"":[2,1,1],""positions"":[0,1,2]}","[2,1,1,0,0,0,0,0,0,0,0,0,0,0,0,0,0,0,0,0]",1,no,all residue allocations modulo cyclic rotation
13,13,1,20,20,1,3,all_distinct,FOUND,"{""coeffs"":[1,2,3],""positions"":[0,1,2]}","[1,2,3,0,0,0,0,0,0,0,0,0,0,0,0,0,0,0,0,0]",1,no,all residue allocations modulo cyclic rotation
13,13,1,20,20,1,4,ones,FOUND,"{""coeffs"":[1,1,1,1],""positions"":[0,1,2,4]}","[1,1,1,0,1,0,0,0,0,0,0,0,0,0,0,0,0,0,0,0]",2,no,all residue allocations modulo cyclic rotation
13,13,1,20,20,1,4,one_changed,FOUND,"{""coeffs"":[2,1,1,1],""positions"":[0,1,2,3]}","[2,1,1,1,0,0,0,0,0,0,0,0,0,0,0,0,0,0,0,0]",1,no,all residue allocations modulo cyclic rotation
13,13,1,20,20,1,4,all_distinct,FOUND,"{""coeffs"":[1,2,3,4],""positions"":[0,1,2,3]}","[1,2,3,4,0,0,0,0,0,0,0,0,0,0,0,0,0,0,0,0]",1,no,all residue allocations modulo cyclic rotation
13,13,1,20,20,1,5,ones,FOUND,"{""coeffs"":[1,1,1,1,1],""positions"":[0,1,2,3,5]}","[1,1,1,1,0,1,0,0,0,0,0,0,0,0,0,0,0,0,0,0]",2,no,all residue allocations modulo cyclic rotation
13,13,1,20,20,1,5,one_changed,FOUND,"{""coeffs"":[2,1,1,1,1],""positions"":[0,1,2,3,4]}","[2,1,1,1,1,0,0,0,0,0,0,0,0,0,0,0,0,0,0,0]",1,no,all residue allocations modulo cyclic rotation
13,13,1,20,20,1,5,all_distinct,FOUND,"{""coeffs"":[1,2,3,4,5],""positions"":[0,1,2,3,4]}","[1,2,3,4,5,0,0,0,0,0,0,0,0,0,0,0,0,0,0,0]",1,no,all residue allocations modulo cyclic rotation
13,13,1,20,20,1,6,ones,FOUND,"{""coeffs"":[1,1,1,1,1,1],""positions"":[0,1,2,3,4,8]}","[1,1,1,1,1,0,0,0,1,0,0,0,0,0,0,0,0,0,0,0]",4,no,all residue allocations modulo cyclic rotation
13,13,1,20,20,1,6,one_changed,FOUND,"{""coeffs"":[2,1,1,1,1,1],""positions"":[0,1,2,3,4,5]}","[2,1,1,1,1,1,0,0,0,0,0,0,0,0,0,0,0,0,0,0]",1,no,all residue allocations modulo cyclic rotation
13,13,1,20,20,1,6,all_distinct,FOUND,"{""coeffs"":[1,2,3,4,5,6],""positions"":[0,1,2,3,4,5]}","[1,2,3,4,5,6,0,0,0,0,0,0,0,0,0,0,0,0,0,0]",1,no,all residue allocations modulo cyclic rotation
13,13,1,20,20,1,7,ones,FOUND,"{""coeffs"":[1,1,1,1,1,1,1],""positions"":[0,1,2,3,4,5,6]}","[1,1,1,1,1,1,1,0,0,0,0,0,0,0,0,0,0,0,0,0]",1,no,all residue allocations modulo cyclic rotation
13,13,1,20,20,1,7,one_changed,FOUND,"{""coeffs"":[2,1,1,1,1,1,1],""positions"":[0,1,2,3,4,5,6]}","[2,1,1,1,1,1,1,0,0,0,0,0,0,0,0,0,0,0,0,0]",1,no,all residue allocations modulo cyclic rotation
13,13,1,20,20,1,7,all_distinct,FOUND,"{""coeffs"":[1,2,3,4,5,6,7],""positions"":[0,1,2,3,4,5,6]}","[1,2,3,4,5,6,7,0,0,0,0,0,0,0,0,0,0,0,0,0]",1,no,all residue allocations modulo cyclic rotation
13,13,1,20,20,1,8,ones,FOUND,"{""coeffs"":[1,1,1,1,1,1,1,1],""positions"":[0,1,2,3,4,5,6,8]}","[1,1,1,1,1,1,1,0,1,0,0,0,0,0,0,0,0,0,0,0]",2,no,all residue allocations modulo cyclic rotation
13,13,1,20,20,1,8,one_changed,FOUND,"{""coeffs"":[2,1,1,1,1,1,1,1],""positions"":[0,1,2,3,4,5,6,7]}","[2,1,1,1,1,1,1,1,0,0,0,0,0,0,0,0,0,0,0,0]",1,no,all residue allocations modulo cyclic rotation
13,13,1,20,20,1,8,all_distinct,FOUND,"{""coeffs"":[1,2,3,4,5,6,7,8],""positions"":[0,1,2,3,4,5,6,7]}","[1,2,3,4,5,6,7,8,0,0,0,0,0,0,0,0,0,0,0,0]",1,no,all residue allocations modulo cyclic rotation
13,13,1,20,20,1,9,ones,FOUND,"{""coeffs"":[1,1,1,1,1,1,1,1,1],""positions"":[0,1,2,3,4,5,6,7,8]}","[1,1,1,1,1,1,1,1,1,0,0,0,0,0,0,0,0,0,0,0]",1,no,all residue allocations modulo cyclic rotation
13,13,1,20,20,1,9,one_changed,FOUND,"{""coeffs"":[2,1,1,1,1,1,1,1,1],""positions"":[0,1,2,3,4,5,6,7,8]}","[2,1,1,1,1,1,1,1,1,0,0,0,0,0,0,0,0,0,0,0]",1,no,all residue allocations modulo cyclic rotation
13,13,1,20,20,1,9,all_distinct,FOUND,"{""coeffs"":[1,2,3,4,5,6,7,8,9],""positions"":[0,1,2,3,4,5,6,7,8]}","[1,2,3,4,5,6,7,8,9,0,0,0,0,0,0,0,0,0,0,0]",1,no,all residue allocations modulo cyclic rotation
13,13,1,20,20,1,10,ones,FOUND,"{""coeffs"":[1,1,1,1,1,1,1,1,1,1],""positions"":[0,1,2,3,4,5,6,7,8,12]}","[1,1,1,1,1,1,1,1,1,0,0,0,1,0,0,0,0,0,0,0]",4,no,all residue allocations modulo cyclic rotation
13,13,1,20,20,1,10,one_changed,FOUND,"{""coeffs"":[2,1,1,1,1,1,1,1,1,1],""positions"":[0,1,2,3,4,5,6,7,8,9]}","[2,1,1,1,1,1,1,1,1,1,0,0,0,0,0,0,0,0,0,0]",1,no,all residue allocations modulo cyclic rotation
13,13,1,20,20,1,10,all_distinct,FOUND,"{""coeffs"":[1,2,3,4,5,6,7,8,9,10],""positions"":[0,1,2,3,4,5,6,7,8,9]}","[1,2,3,4,5,6,7,8,9,10,0,0,0,0,0,0,0,0,0,0]",1,no,all residue allocations modulo cyclic rotation
13,13,1,20,20,1,11,ones,FOUND,"{""coeffs"":[1,1,1,1,1,1,1,1,1,1,1],""positions"":[0,1,2,3,4,5,6,7,8,9,10]}","[1,1,1,1,1,1,1,1,1,1,1,0,0,0,0,0,0,0,0,0]",1,no,all residue allocations modulo cyclic rotation
13,13,1,20,20,1,11,one_changed,FOUND,"{""coeffs"":[2,1,1,1,1,1,1,1,1,1,1],""positions"":[0,1,2,3,4,5,6,7,8,9,10]}","[2,1,1,1,1,1,1,1,1,1,1,0,0,0,0,0,0,0,0,0]",1,no,all residue allocations modulo cyclic rotation
13,13,1,20,20,1,11,all_distinct,FOUND,"{""coeffs"":[1,2,3,4,5,6,7,8,9,10,11],""positions"":[0,1,2,3,4,5,6,7,8,9,10]}","[1,2,3,4,5,6,7,8,9,10,11,0,0,0,0,0,0,0,0,0]",1,no,all residue allocations modulo cyclic rotation
13,13,1,20,20,1,12,ones,FOUND,"{""coeffs"":[1,1,1,1,1,1,1,1,1,1,1,1],""positions"":[0,1,2,3,4,5,6,7,8,9,10,12]}","[1,1,1,1,1,1,1,1,1,1,1,0,1,0,0,0,0,0,0,0]",2,no,all residue allocations modulo cyclic rotation
13,13,1,20,20,1,12,one_changed,FOUND,"{""coeffs"":[2,1,1,1,1,1,1,1,1,1,1,1],""positions"":[0,1,2,3,4,5,6,7,8,9,10,11]}","[2,1,1,1,1,1,1,1,1,1,1,1,0,0,0,0,0,0,0,0]",1,no,all residue allocations modulo cyclic rotation
13,13,1,20,20,1,12,all_distinct,FOUND,"{""coeffs"":[1,2,3,4,5,6,7,8,9,10,11,12],""positions"":[0,1,2,3,4,5,6,7,8,9,10,11]}","[1,2,3,4,5,6,7,8,9,10,11,12,0,0,0,0,0,0,0,0]",1,no,all residue allocations modulo cyclic rotation
13,13,1,20,20,1,13,ones,FOUND,"{""coeffs"":[1,1,1,1,1,1,1,1,1,1,1,1,1],""positions"":[0,1,2,3,4,5,6,7,8,9,10,11,12]}","[1,1,1,1,1,1,1,1,1,1,1,1,1,0,0,0,0,0,0,0]",1,no,all residue allocations modulo cyclic rotation
13,13,1,20,20,1,13,one_changed,FOUND,"{""coeffs"":[2,1,1,1,1,1,1,1,1,1,1,1,1],""positions"":[0,1,2,3,4,5,6,7,8,9,10,11,12]}","[2,1,1,1,1,1,1,1,1,1,1,1,1,0,0,0,0,0,0,0]",1,no,all residue allocations modulo cyclic rotation
13,13,1,20,20,1,14,ones,FOUND,"{""coeffs"":[1,1,1,1,1,1,1,1,1,1,1,1,1,1],""positions"":[0,1,2,3,4,5,6,7,8,9,10,11,12,16]}","[1,1,1,1,1,1,1,1,1,1,1,1,1,0,0,0,1,0,0,0]",4,no,all residue allocations modulo cyclic rotation
13,13,1,20,20,1,14,one_changed,FOUND,"{""coeffs"":[2,1,1,1,1,1,1,1,1,1,1,1,1,1],""positions"":[0,1,2,3,4,5,6,7,8,9,10,11,12,13]}","[2,1,1,1,1,1,1,1,1,1,1,1,1,1,0,0,0,0,0,0]",1,no,all residue allocations modulo cyclic rotation
13,13,1,20,20,1,15,ones,FOUND,"{""coeffs"":[1,1,1,1,1,1,1,1,1,1,1,1,1,1,1],""positions"":[0,1,2,3,4,5,6,7,8,9,10,11,12,13,15]}","[1,1,1,1,1,1,1,1,1,1,1,1,1,1,0,1,0,0,0,0]",2,no,all residue allocations modulo cyclic rotation
13,13,1,20,20,1,15,one_changed,FOUND,"{""coeffs"":[2,1,1,1,1,1,1,1,1,1,1,1,1,1,1],""positions"":[0,1,2,3,4,5,6,7,8,9,10,11,12,13,14]}","[2,1,1,1,1,1,1,1,1,1,1,1,1,1,1,0,0,0,0,0]",1,no,all residue allocations modulo cyclic rotation
13,13,1,20,20,1,16,ones,FOUND,"{""coeffs"":[1,1,1,1,1,1,1,1,1,1,1,1,1,1,1,1],""positions"":[0,1,2,3,4,5,6,7,8,9,10,11,12,13,14,16]}","[1,1,1,1,1,1,1,1,1,1,1,1,1,1,1,0,1,0,0,0]",2,no,all residue allocations modulo cyclic rotation
13,13,1,20,20,1,16,one_changed,FOUND,"{""coeffs"":[2,1,1,1,1,1,1,1,1,1,1,1,1,1,1,1],""positions"":[0,1,2,3,4,5,6,7,8,9,10,11,12,13,14,15]}","[2,1,1,1,1,1,1,1,1,1,1,1,1,1,1,1,0,0,0,0]",1,no,all residue allocations modulo cyclic rotation
13,13,1,20,20,1,17,ones,FOUND,"{""coeffs"":[1,1,1,1,1,1,1,1,1,1,1,1,1,1,1,1,1],""positions"":[0,1,2,3,4,5,6,7,8,9,10,11,12,13,14,15,16]}","[1,1,1,1,1,1,1,1,1,1,1,1,1,1,1,1,1,0,0,0]",1,no,all residue allocations modulo cyclic rotation
13,13,1,20,20,1,17,one_changed,FOUND,"{""coeffs"":[2,1,1,1,1,1,1,1,1,1,1,1,1,1,1,1,1],""positions"":[0,1,2,3,4,5,6,7,8,9,10,11,12,13,14,15,16]}","[2,1,1,1,1,1,1,1,1,1,1,1,1,1,1,1,1,0,0,0]",1,no,all residue allocations modulo cyclic rotation
13,13,1,20,20,1,18,ones,FOUND,"{""coeffs"":[1,1,1,1,1,1,1,1,1,1,1,1,1,1,1,1,1,1],""positions"":[0,1,2,3,4,5,6,7,8,9,10,11,12,13,14,16,17,18]}","[1,1,1,1,1,1,1,1,1,1,1,1,1,1,1,0,1,1,1,0]",7,no,all residue allocations modulo cyclic rotation
13,13,1,20,20,1,18,one_changed,FOUND,"{""coeffs"":[2,1,1,1,1,1,1,1,1,1,1,1,1,1,1,1,1,1],""positions"":[0,1,2,3,4,5,6,7,8,9,10,11,12,13,14,15,16,17]}","[2,1,1,1,1,1,1,1,1,1,1,1,1,1,1,1,1,1,0,0]",1,no,all residue allocations modulo cyclic rotation
13,13,1,20,20,1,19,ones,FOUND,"{""coeffs"":[1,1,1,1,1,1,1,1,1,1,1,1,1,1,1,1,1,1,1],""positions"":[0,1,2,3,4,5,6,7,8,9,10,11,12,13,14,15,16,17,18]}","[1,1,1,1,1,1,1,1,1,1,1,1,1,1,1,1,1,1,1,0]",1,no,all residue allocations modulo cyclic rotation
13,13,1,20,20,1,19,one_changed,FOUND,"{""coeffs"":[2,1,1,1,1,1,1,1,1,1,1,1,1,1,1,1,1,1,1],""positions"":[0,1,2,3,4,5,6,7,8,9,10,11,12,13,14,15,16,17,18]}","[2,1,1,1,1,1,1,1,1,1,1,1,1,1,1,1,1,1,1,0]",1,no,all residue allocations modulo cyclic rotation
13,13,1,20,20,1,20,ones,NONE,,,1,yes,all residue allocations modulo cyclic rotation
13,13,1,20,20,1,20,one_changed,FOUND,"{""coeffs"":[2,1,1,1,1,1,1,1,1,1,1,1,1,1,1,1,1,1,1,1],""positions"":[0,1,2,3,4,5,6,7,8,9,10,11,12,13,14,15,16,17,18,19]}","[2,1,1,1,1,1,1,1,1,1,1,1,1,1,1,1,1,1,1,1]",1,no,all residue allocations modulo cyclic rotation
13,13,1,21,21,1,2,ones,FOUND,"{""coeffs"":[1,1],""positions"":[0,1]}","[1,1,0,0,0,0,0,0,0,0,0,0,0,0,0,0,0,0,0,0,0]",1,no,all residue allocations modulo cyclic rotation
13,13,1,21,21,1,2,one_changed,FOUND,"{""coeffs"":[1,2],""positions"":[0,1]}","[1,2,0,0,0,0,0,0,0,0,0,0,0,0,0,0,0,0,0,0,0]",1,no,all residue allocations modulo cyclic rotation
13,13,1,21,21,1,2,all_distinct,FOUND,"{""coeffs"":[1,2],""positions"":[0,1]}","[1,2,0,0,0,0,0,0,0,0,0,0,0,0,0,0,0,0,0,0,0]",1,no,all residue allocations modulo cyclic rotation
13,13,1,21,21,1,3,ones,FOUND,"{""coeffs"":[1,1,1],""positions"":[0,1,3]}","[1,1,0,1,0,0,0,0,0,0,0,0,0,0,0,0,0,0,0,0,0]",2,no,all residue allocations modulo cyclic rotation
13,13,1,21,21,1,3,one_changed,FOUND,"{""coeffs"":[2,1,1],""positions"":[0,1,2]}","[2,1,1,0,0,0,0,0,0,0,0,0,0,0,0,0,0,0,0,0,0]",1,no,all residue allocations modulo cyclic rotation
13,13,1,21,21,1,3,all_distinct,FOUND,"{""coeffs"":[1,2,3],""positions"":[0,1,2]}","[1,2,3,0,0,0,0,0,0,0,0,0,0,0,0,0,0,0,0,0,0]",1,no,all residue allocations modulo cyclic rotation
13,13,1,21,21,1,4,ones,FOUND,"{""coeffs"":[1,1,1,1],""positions"":[0,1,2,3]}","[1,1,1,1,0,0,0,0,0,0,0,0,0,0,0,0,0,0,0,0,0]",1,no,all residue allocations modulo cyclic rotation
13,13,1,21,21,1,4,one_changed,FOUND,"{""coeffs"":[2,1,1,1],""positions"":[0,1,2,3]}","[2,1,1,1,0,0,0,0,0,0,0,0,0,0,0,0,0,0,0,0,0]",1,no,all residue allocations modulo cyclic rotation
13,13,1,21,21,1,4,all_distinct,FOUND,"{""coeffs"":[1,2,3,4],""positions"":[0,1,2,3]}","[1,2,3,4,0,0,0,0,0,0,0,0,0,0,0,0,0,0,0,0,0]",1,no,all residue allocations modulo cyclic rotation
13,13,1,21,21,1,5,ones,FOUND,"{""coeffs"":[1,1,1,1,1],""positions"":[0,1,2,3,4]}","[1,1,1,1,1,0,0,0,0,0,0,0,0,0,0,0,0,0,0,0,0]",1,no,all residue allocations modulo cyclic rotation
13,13,1,21,21,1,5,one_changed,FOUND,"{""coeffs"":[2,1,1,1,1],""positions"":[0,1,2,3,4]}","[2,1,1,1,1,0,0,0,0,0,0,0,0,0,0,0,0,0,0,0,0]",1,no,all residue allocations modulo cyclic rotation
13,13,1,21,21,1,5,all_distinct,FOUND,"{""coeffs"":[1,2,3,4,5],""positions"":[0,1,2,3,4]}","[1,2,3,4,5,0,0,0,0,0,0,0,0,0,0,0,0,0,0,0,0]",1,no,all residue allocations modulo cyclic rotation
13,13,1,21,21,1,6,ones,FOUND,"{""coeffs"":[1,1,1,1,1,1],""positions"":[0,1,2,3,4,6]}","[1,1,1,1,1,0,1,0,0,0,0,0,0,0,0,0,0,0,0,0,0]",2,no,all residue allocations modulo cyclic rotation
13,13,1,21,21,1,6,one_changed,FOUND,"{""coeffs"":[2,1,1,1,1,1],""positions"":[0,1,2,3,4,5]}","[2,1,1,1,1,1,0,0,0,0,0,0,0,0,0,0,0,0,0,0,0]",1,no,all residue allocations modulo cyclic rotation
13,13,1,21,21,1,6,all_distinct,FOUND,"{""coeffs"":[1,2,3,4,5,6],""positions"":[0,1,2,3,4,5]}","[1,2,3,4,5,6,0,0,0,0,0,0,0,0,0,0,0,0,0,0,0]",1,no,all residue allocations modulo cyclic rotation
13,13,1,21,21,1,7,ones,FOUND,"{""coeffs"":[1,1,1,1,1,1,1],""positions"":[0,1,2,3,4,5,7]}","[1,1,1,1,1,1,0,1,0,0,0,0,0,0,0,0,0,0,0,0,0]",2,no,all residue allocations modulo cyclic rotation
13,13,1,21,21,1,7,one_changed,FOUND,"{""coeffs"":[2,1,1,1,1,1,1],""positions"":[0,1,2,3,4,5,6]}","[2,1,1,1,1,1,1,0,0,0,0,0,0,0,0,0,0,0,0,0,0]",1,no,all residue allocations modulo cyclic rotation
13,13,1,21,21,1,7,all_distinct,FOUND,"{""coeffs"":[1,2,3,4,5,6,7],""positions"":[0,1,2,3,4,5,6]}","[1,2,3,4,5,6,7,0,0,0,0,0,0,0,0,0,0,0,0,0,0]",1,no,all residue allocations modulo cyclic rotation
13,13,1,21,21,1,8,ones,FOUND,"{""coeffs"":[1,1,1,1,1,1,1,1],""positions"":[0,1,2,3,4,5,6,7]}","[1,1,1,1,1,1,1,1,0,0,0,0,0,0,0,0,0,0,0,0,0]",1,no,all residue allocations modulo cyclic rotation
13,13,1,21,21,1,8,one_changed,FOUND,"{""coeffs"":[2,1,1,1,1,1,1,1],""positions"":[0,1,2,3,4,5,6,7]}","[2,1,1,1,1,1,1,1,0,0,0,0,0,0,0,0,0,0,0,0,0]",1,no,all residue allocations modulo cyclic rotation
13,13,1,21,21,1,8,all_distinct,FOUND,"{""coeffs"":[1,2,3,4,5,6,7,8],""positions"":[0,1,2,3,4,5,6,7]}","[1,2,3,4,5,6,7,8,0,0,0,0,0,0,0,0,0,0,0,0,0]",1,no,all residue allocations modulo cyclic rotation
13,13,1,21,21,1,9,ones,FOUND,"{""coeffs"":[1,1,1,1,1,1,1,1,1],""positions"":[0,1,2,3,4,5,6,7,9]}","[1,1,1,1,1,1,1,1,0,1,0,0,0,0,0,0,0,0,0,0,0]",2,no,all residue allocations modulo cyclic rotation
13,13,1,21,21,1,9,one_changed,FOUND,"{""coeffs"":[2,1,1,1,1,1,1,1,1],""positions"":[0,1,2,3,4,5,6,7,8]}","[2,1,1,1,1,1,1,1,1,0,0,0,0,0,0,0,0,0,0,0,0]",1,no,all residue allocations modulo cyclic rotation
13,13,1,21,21,1,9,all_distinct,FOUND,"{""coeffs"":[1,2,3,4,5,6,7,8,9],""positions"":[0,1,2,3,4,5,6,7,8]}","[1,2,3,4,5,6,7,8,9,0,0,0,0,0,0,0,0,0,0,0,0]",1,no,all residue allocations modulo cyclic rotation
13,13,1,21,21,1,10,ones,FOUND,"{""coeffs"":[1,1,1,1,1,1,1,1,1,1],""positions"":[0,1,2,3,4,5,6,7,8,9]}","[1,1,1,1,1,1,1,1,1,1,0,0,0,0,0,0,0,0,0,0,0]",1,no,all residue allocations modulo cyclic rotation
13,13,1,21,21,1,10,one_changed,FOUND,"{""coeffs"":[2,1,1,1,1,1,1,1,1,1],""positions"":[0,1,2,3,4,5,6,7,8,9]}","[2,1,1,1,1,1,1,1,1,1,0,0,0,0,0,0,0,0,0,0,0]",1,no,all residue allocations modulo cyclic rotation
13,13,1,21,21,1,10,all_distinct,FOUND,"{""coeffs"":[1,2,3,4,5,6,7,8,9,10],""positions"":[0,1,2,3,4,5,6,7,8,9]}","[1,2,3,4,5,6,7,8,9,10,0,0,0,0,0,0,0,0,0,0,0]",1,no,all residue allocations modulo cyclic rotation
13,13,1,21,21,1,11,ones,FOUND,"{""coeffs"":[1,1,1,1,1,1,1,1,1,1,1],""positions"":[0,1,2,3,4,5,6,7,8,9,10]}","[1,1,1,1,1,1,1,1,1,1,1,0,0,0,0,0,0,0,0,0,0]",1,no,all residue allocations modulo cyclic rotation
13,13,1,21,21,1,11,one_changed,FOUND,"{""coeffs"":[2,1,1,1,1,1,1,1,1,1,1],""positions"":[0,1,2,3,4,5,6,7,8,9,10]}","[2,1,1,1,1,1,1,1,1,1,1,0,0,0,0,0,0,0,0,0,0]",1,no,all residue allocations modulo cyclic rotation
13,13,1,21,21,1,11,all_distinct,FOUND,"{""coeffs"":[1,2,3,4,5,6,7,8,9,10,11],""positions"":[0,1,2,3,4,5,6,7,8,9,10]}","[1,2,3,4,5,6,7,8,9,10,11,0,0,0,0,0,0,0,0,0,0]",1,no,all residue allocations modulo cyclic rotation
13,13,1,21,21,1,12,ones,FOUND,"{""coeffs"":[1,1,1,1,1,1,1,1,1,1,1,1],""positions"":[0,1,2,3,4,5,6,7,8,9,10,12]}","[1,1,1,1,1,1,1,1,1,1,1,0,1,0,0,0,0,0,0,0,0]",2,no,all residue allocations modulo cyclic rotation
13,13,1,21,21,1,12,one_changed,FOUND,"{""coeffs"":[2,1,1,1,1,1,1,1,1,1,1,1],""positions"":[0,1,2,3,4,5,6,7,8,9,10,11]}","[2,1,1,1,1,1,1,1,1,1,1,1,0,0,0,0,0,0,0,0,0]",1,no,all residue allocations modulo cyclic rotation
13,13,1,21,21,1,12,all_distinct,FOUND,"{""coeffs"":[1,2,3,4,5,6,7,8,9,10,11,12],""positions"":[0,1,2,3,4,5,6,7,8,9,10,11]}","[1,2,3,4,5,6,7,8,9,10,11,12,0,0,0,0,0,0,0,0,0]",1,no,all residue allocations modulo cyclic rotation
13,13,1,21,21,1,13,ones,FOUND,"{""coeffs"":[1,1,1,1,1,1,1,1,1,1,1,1,1],""positions"":[0,1,2,3,4,5,6,7,8,9,10,11,12]}","[1,1,1,1,1,1,1,1,1,1,1,1,1,0,0,0,0,0,0,0,0]",1,no,all residue allocations modulo cyclic rotation
13,13,1,21,21,1,13,one_changed,FOUND,"{""coeffs"":[2,1,1,1,1,1,1,1,1,1,1,1,1],""positions"":[0,1,2,3,4,5,6,7,8,9,10,11,12]}","[2,1,1,1,1,1,1,1,1,1,1,1,1,0,0,0,0,0,0,0,0]",1,no,all residue allocations modulo cyclic rotation
13,13,1,21,21,1,14,ones,FOUND,"{""coeffs"":[1,1,1,1,1,1,1,1,1,1,1,1,1,1],""positions"":[0,1,2,3,4,5,6,7,8,9,10,11,12,14]}","[1,1,1,1,1,1,1,1,1,1,1,1,1,0,1,0,0,0,0,0,0]",2,no,all residue allocations modulo cyclic rotation
13,13,1,21,21,1,14,one_changed,FOUND,"{""coeffs"":[2,1,1,1,1,1,1,1,1,1,1,1,1,1],""positions"":[0,1,2,3,4,5,6,7,8,9,10,11,12,13]}","[2,1,1,1,1,1,1,1,1,1,1,1,1,1,0,0,0,0,0,0,0]",1,no,all residue allocations modulo cyclic rotation
13,13,1,21,21,1,15,ones,FOUND,"{""coeffs"":[1,1,1,1,1,1,1,1,1,1,1,1,1,1,1],""positions"":[0,1,2,3,4,5,6,7,8,9,10,11,12,13,15]}","[1,1,1,1,1,1,1,1,1,1,1,1,1,1,0,1,0,0,0,0,0]",2,no,all residue allocations modulo cyclic rotation
13,13,1,21,21,1,15,one_changed,FOUND,"{""coeffs"":[2,1,1,1,1,1,1,1,1,1,1,1,1,1,1],""positions"":[0,1,2,3,4,5,6,7,8,9,10,11,12,13,14]}","[2,1,1,1,1,1,1,1,1,1,1,1,1,1,1,0,0,0,0,0,0]",1,no,all residue allocations modulo cyclic rotation
13,13,1,21,21,1,16,ones,FOUND,"{""coeffs"":[1,1,1,1,1,1,1,1,1,1,1,1,1,1,1,1],""positions"":[0,1,2,3,4,5,6,7,8,9,10,11,12,13,14,15]}","[1,1,1,1,1,1,1,1,1,1,1,1,1,1,1,1,0,0,0,0,0]",1,no,all residue allocations modulo cyclic rotation
13,13,1,21,21,1,16,one_changed,FOUND,"{""coeffs"":[2,1,1,1,1,1,1,1,1,1,1,1,1,1,1,1],""positions"":[0,1,2,3,4,5,6,7,8,9,10,11,12,13,14,15]}","[2,1,1,1,1,1,1,1,1,1,1,1,1,1,1,1,0,0,0,0,0]",1,no,all residue allocations modulo cyclic rotation
13,13,1,21,21,1,17,ones,FOUND,"{""coeffs"":[1,1,1,1,1,1,1,1,1,1,1,1,1,1,1,1,1],""positions"":[0,1,2,3,4,5,6,7,8,9,10,11,12,13,14,15,16]}","[1,1,1,1,1,1,1,1,1,1,1,1,1,1,1,1,1,0,0,0,0]",1,no,all residue allocations modulo cyclic rotation
13,13,1,21,21,1,17,one_changed,FOUND,"{""coeffs"":[2,1,1,1,1,1,1,1,1,1,1,1,1,1,1,1,1],""positions"":[0,1,2,3,4,5,6,7,8,9,10,11,12,13,14,15,16]}","[2,1,1,1,1,1,1,1,1,1,1,1,1,1,1,1,1,0,0,0,0]",1,no,all residue allocations modulo cyclic rotation
13,13,1,21,21,1,18,ones,FOUND,"{""coeffs"":[1,1,1,1,1,1,1,1,1,1,1,1,1,1,1,1,1,1],""positions"":[0,1,2,3,4,5,6,7,8,9,10,11,12,13,14,15,16,18]}","[1,1,1,1,1,1,1,1,1,1,1,1,1,1,1,1,1,0,1,0,0]",2,no,all residue allocations modulo cyclic rotation
13,13,1,21,21,1,18,one_changed,FOUND,"{""coeffs"":[2,1,1,1,1,1,1,1,1,1,1,1,1,1,1,1,1,1],""positions"":[0,1,2,3,4,5,6,7,8,9,10,11,12,13,14,15,16,17]}","[2,1,1,1,1,1,1,1,1,1,1,1,1,1,1,1,1,1,0,0,0]",1,no,all residue allocations modulo cyclic rotation
13,13,1,21,21,1,19,ones,FOUND,"{""coeffs"":[1,1,1,1,1,1,1,1,1,1,1,1,1,1,1,1,1,1,1],""positions"":[0,1,2,3,4,5,6,7,8,9,10,11,12,13,14,15,16,17,18]}","[1,1,1,1,1,1,1,1,1,1,1,1,1,1,1,1,1,1,1,0,0]",1,no,all residue allocations modulo cyclic rotation
13,13,1,21,21,1,19,one_changed,FOUND,"{""coeffs"":[2,1,1,1,1,1,1,1,1,1,1,1,1,1,1,1,1,1,1],""positions"":[0,1,2,3,4,5,6,7,8,9,10,11,12,13,14,15,16,17,18]}","[2,1,1,1,1,1,1,1,1,1,1,1,1,1,1,1,1,1,1,0,0]",1,no,all residue allocations modulo cyclic rotation
13,13,1,21,21,1,20,ones,FOUND,"{""coeffs"":[1,1,1,1,1,1,1,1,1,1,1,1,1,1,1,1,1,1,1,1],""positions"":[0,1,2,3,4,5,6,7,8,9,10,11,12,13,14,15,16,17,18,19]}","[1,1,1,1,1,1,1,1,1,1,1,1,1,1,1,1,1,1,1,1,0]",1,no,all residue allocations modulo cyclic rotation
13,13,1,21,21,1,20,one_changed,FOUND,"{""coeffs"":[2,1,1,1,1,1,1,1,1,1,1,1,1,1,1,1,1,1,1,1],""positions"":[0,1,2,3,4,5,6,7,8,9,10,11,12,13,14,15,16,17,18,19]}","[2,1,1,1,1,1,1,1,1,1,1,1,1,1,1,1,1,1,1,1,0]",1,no,all residue allocations modulo cyclic rotation
13,13,1,21,21,1,21,ones,NONE,,,1,yes,all residue allocations modulo cyclic rotation
13,13,1,21,21,1,21,one_changed,FOUND,"{""coeffs"":[2,1,1,1,1,1,1,1,1,1,1,1,1,1,1,1,1,1,1,1,1],""positions"":[0,1,2,3,4,5,6,7,8,9,10,11,12,13,14,15,16,17,18,19,20]}","[2,1,1,1,1,1,1,1,1,1,1,1,1,1,1,1,1,1,1,1,1]",1,no,all residue allocations modulo cyclic rotation
13,13,1,22,22,1,2,ones,FOUND,"{""coeffs"":[1,1],""positions"":[0,2]}","[1,0,1,0,0,0,0,0,0,0,0,0,0,0,0,0,0,0,0,0,0,0]",2,no,all residue allocations modulo cyclic rotation
13,13,1,22,22,1,2,one_changed,FOUND,"{""coeffs"":[1,2],""positions"":[0,1]}","[1,2,0,0,0,0,0,0,0,0,0,0,0,0,0,0,0,0,0,0,0,0]",1,no,all residue allocations modulo cyclic rotation
13,13,1,22,22,1,2,all_distinct,FOUND,"{""coeffs"":[1,2],""positions"":[0,1]}","[1,2,0,0,0,0,0,0,0,0,0,0,0,0,0,0,0,0,0,0,0,0]",1,no,all residue allocations modulo cyclic rotation
13,13,1,22,22,1,3,ones,FOUND,"{""coeffs"":[1,1,1],""positions"":[0,1,2]}","[1,1,1,0,0,0,0,0,0,0,0,0,0,0,0,0,0,0,0,0,0,0]",1,no,all residue allocations modulo cyclic rotation
13,13,1,22,22,1,3,one_changed,FOUND,"{""coeffs"":[2,1,1],""positions"":[0,1,2]}","[2,1,1,0,0,0,0,0,0,0,0,0,0,0,0,0,0,0,0,0,0,0]",1,no,all residue allocations modulo cyclic rotation
13,13,1,22,22,1,3,all_distinct,FOUND,"{""coeffs"":[1,2,3],""positions"":[0,1,2]}","[1,2,3,0,0,0,0,0,0,0,0,0,0,0,0,0,0,0,0,0,0,0]",1,no,all residue allocations modulo cyclic rotation
13,13,1,22,22,1,4,ones,FOUND,"{""coeffs"":[1,1,1,1],""positions"":[0,1,2,4]}","[1,1,1,0,1,0,0,0,0,0,0,0,0,0,0,0,0,0,0,0,0,0]",2,no,all residue allocations modulo cyclic rotation
13,13,1,22,22,1,4,one_changed,FOUND,"{""coeffs"":[2,1,1,1],""positions"":[0,1,2,3]}","[2,1,1,1,0,0,0,0,0,0,0,0,0,0,0,0,0,0,0,0,0,0]",1,no,all residue allocations modulo cyclic rotation
13,13,1,22,22,1,4,all_distinct,FOUND,"{""coeffs"":[1,2,3,4],""positions"":[0,1,2,3]}","[1,2,3,4,0,0,0,0,0,0,0,0,0,0,0,0,0,0,0,0,0,0]",1,no,all residue allocations modulo cyclic rotation
13,13,1,22,22,1,5,ones,FOUND,"{""coeffs"":[1,1,1,1,1],""positions"":[0,1,2,3,4]}","[1,1,1,1,1,0,0,0,0,0,0,0,0,0,0,0,0,0,0,0,0,0]",1,no,all residue allocations modulo cyclic rotation
13,13,1,22,22,1,5,one_changed,FOUND,"{""coeffs"":[2,1,1,1,1],""positions"":[0,1,2,3,4]}","[2,1,1,1,1,0,0,0,0,0,0,0,0,0,0,0,0,0,0,0,0,0]",1,no,all residue allocations modulo cyclic rotation
13,13,1,22,22,1,5,all_distinct,FOUND,"{""coeffs"":[1,2,3,4,5],""positions"":[0,1,2,3,4]}","[1,2,3,4,5,0,0,0,0,0,0,0,0,0,0,0,0,0,0,0,0,0]",1,no,all residue allocations modulo cyclic rotation
13,13,1,22,22,1,6,ones,FOUND,"{""coeffs"":[1,1,1,1,1,1],""positions"":[0,1,2,3,4,6]}","[1,1,1,1,1,0,1,0,0,0,0,0,0,0,0,0,0,0,0,0,0,0]",2,no,all residue allocations modulo cyclic rotation
13,13,1,22,22,1,6,one_changed,FOUND,"{""coeffs"":[2,1,1,1,1,1],""positions"":[0,1,2,3,4,5]}","[2,1,1,1,1,1,0,0,0,0,0,0,0,0,0,0,0,0,0,0,0,0]",1,no,all residue allocations modulo cyclic rotation
13,13,1,22,22,1,6,all_distinct,FOUND,"{""coeffs"":[1,2,3,4,5,6],""positions"":[0,1,2,3,4,5]}","[1,2,3,4,5,6,0,0,0,0,0,0,0,0,0,0,0,0,0,0,0,0]",1,no,all residue allocations modulo cyclic rotation
13,13,1,22,22,1,7,ones,FOUND,"{""coeffs"":[1,1,1,1,1,1,1],""positions"":[0,1,2,3,4,5,6]}","[1,1,1,1,1,1,1,0,0,0,0,0,0,0,0,0,0,0,0,0,0,0]",1,no,all residue allocations modulo cyclic rotation
13,13,1,22,22,1,7,one_changed,FOUND,"{""coeffs"":[2,1,1,1,1,1,1],""positions"":[0,1,2,3,4,5,6]}","[2,1,1,1,1,1,1,0,0,0,0,0,0,0,0,0,0,0,0,0,0,0]",1,no,all residue allocations modulo cyclic rotation
13,13,1,22,22,1,7,all_distinct,FOUND,"{""coeffs"":[1,2,3,4,5,6,7],""positions"":[0,1,2,3,4,5,6]}","[1,2,3,4,5,6,7,0,0,0,0,0,0,0,0,0,0,0,0,0,0,0]",1,no,all residue allocations modulo cyclic rotation
13,13,1,22,22,1,8,ones,FOUND,"{""coeffs"":[1,1,1,1,1,1,1,1],""positions"":[0,1,2,3,4,5,6,8]}","[1,1,1,1,1,1,1,0,1,0,0,0,0,0,0,0,0,0,0,0,0,0]",2,no,all residue allocations modulo cyclic rotation
13,13,1,22,22,1,8,one_changed,FOUND,"{""coeffs"":[2,1,1,1,1,1,1,1],""positions"":[0,1,2,3,4,5,6,7]}","[2,1,1,1,1,1,1,1,0,0,0,0,0,0,0,0,0,0,0,0,0,0]",1,no,all residue allocations modulo cyclic rotation
13,13,1,22,22,1,8,all_distinct,FOUND,"{""coeffs"":[1,2,3,4,5,6,7,8],""positions"":[0,1,2,3,4,5,6,7]}","[1,2,3,4,5,6,7,8,0,0,0,0,0,0,0,0,0,0,0,0,0,0]",1,no,all residue allocations modulo cyclic rotation
13,13,1,22,22,1,9,ones,FOUND,"{""coeffs"":[1,1,1,1,1,1,1,1,1],""positions"":[0,1,2,3,4,5,6,7,8]}","[1,1,1,1,1,1,1,1,1,0,0,0,0,0,0,0,0,0,0,0,0,0]",1,no,all residue allocations modulo cyclic rotation
13,13,1,22,22,1,9,one_changed,FOUND,"{""coeffs"":[2,1,1,1,1,1,1,1,1],""positions"":[0,1,2,3,4,5,6,7,8]}","[2,1,1,1,1,1,1,1,1,0,0,0,0,0,0,0,0,0,0,0,0,0]",1,no,all residue allocations modulo cyclic rotation
13,13,1,22,22,1,9,all_distinct,FOUND,"{""coeffs"":[1,2,3,4,5,6,7,8,9],""positions"":[0,1,2,3,4,5,6,7,8]}","[1,2,3,4,5,6,7,8,9,0,0,0,0,0,0,0,0,0,0,0,0,0]",1,no,all residue allocations modulo cyclic rotation
13,13,1,22,22,1,10,ones,FOUND,"{""coeffs"":[1,1,1,1,1,1,1,1,1,1],""positions"":[0,1,2,3,4,5,6,7,8,10]}","[1,1,1,1,1,1,1,1,1,0,1,0,0,0,0,0,0,0,0,0,0,0]",2,no,all residue allocations modulo cyclic rotation
13,13,1,22,22,1,10,one_changed,FOUND,"{""coeffs"":[2,1,1,1,1,1,1,1,1,1],""positions"":[0,1,2,3,4,5,6,7,8,9]}","[2,1,1,1,1,1,1,1,1,1,0,0,0,0,0,0,0,0,0,0,0,0]",1,no,all residue allocations modulo cyclic rotation
13,13,1,22,22,1,10,all_distinct,FOUND,"{""coeffs"":[1,2,3,4,5,6,7,8,9,10],""positions"":[0,1,2,3,4,5,6,7,8,9]}","[1,2,3,4,5,6,7,8,9,10,0,0,0,0,0,0,0,0,0,0,0,0]",1,no,all residue allocations modulo cyclic rotation
13,13,1,22,22,1,11,ones,FOUND,"{""coeffs"":[1,1,1,1,1,1,1,1,1,1,1],""positions"":[0,1,2,3,4,5,6,7,8,9,11]}","[1,1,1,1,1,1,1,1,1,1,0,1,0,0,0,0,0,0,0,0,0,0]",2,no,all residue allocations modulo cyclic rotation
13,13,1,22,22,1,11,one_changed,FOUND,"{""coeffs"":[2,1,1,1,1,1,1,1,1,1,1],""positions"":[0,1,2,3,4,5,6,7,8,9,10]}","[2,1,1,1,1,1,1,1,1,1,1,0,0,0,0,0,0,0,0,0,0,0]",1,no,all residue allocations modulo cyclic rotation
13,13,1,22,22,1,11,all_distinct,FOUND,"{""coeffs"":[1,2,3,4,5,6,7,8,9,10,11],""positions"":[0,1,2,3,4,5,6,7,8,9,10]}","[1,2,3,4,5,6,7,8,9,10,11,0,0,0,0,0,0,0,0,0,0,0]",1,no,all residue allocations modulo cyclic rotation
13,13,1,22,22,1,12,ones,FOUND,"{""coeffs"":[1,1,1,1,1,1,1,1,1,1,1,1],""positions"":[0,1,2,3,4,5,6,7,8,9,10,12]}","[1,1,1,1,1,1,1,1,1,1,1,0,1,0,0,0,0,0,0,0,0,0]",2,no,all residue allocations modulo cyclic rotation
13,13,1,22,22,1,12,one_changed,FOUND,"{""coeffs"":[2,1,1,1,1,1,1,1,1,1,1,1],""positions"":[0,1,2,3,4,5,6,7,8,9,10,11]}","[2,1,1,1,1,1,1,1,1,1,1,1,0,0,0,0,0,0,0,0,0,0]",1,no,all residue allocations modulo cyclic rotation
13,13,1,22,22,1,12,all_distinct,FOUND,"{""coeffs"":[1,2,3,4,5,6,7,8,9,10,11,12],""positions"":[0,1,2,3,4,5,6,7,8,9,10,11]}","[1,2,3,4,5,6,7,8,9,10,11,12,0,0,0,0,0,0,0,0,0,0]",1,no,all residue allocations modulo cyclic rotation
13,13,1,22,22,1,13,ones,FOUND,"{""coeffs"":[1,1,1,1,1,1,1,1,1,1,1,1,1],""positions"":[0,1,2,3,4,5,6,7,8,9,10,11,12]}","[1,1,1,1,1,1,1,1,1,1,1,1,1,0,0,0,0,0,0,0,0,0]",1,no,all residue allocations modulo cyclic rotation
13,13,1,22,22,1,13,one_changed,FOUND,"{""coeffs"":[2,1,1,1,1,1,1,1,1,1,1,1,1],""positions"":[0,1,2,3,4,5,6,7,8,9,10,11,12]}","[2,1,1,1,1,1,1,1,1,1,1,1,1,0,0,0,0,0,0,0,0,0]",1,no,all residue allocations modulo cyclic rotation
13,13,1,22,22,1,14,ones,FOUND,"{""coeffs"":[1,1,1,1,1,1,1,1,1,1,1,1,1,1],""positions"":[0,1,2,3,4,5,6,7,8,9,10,11,12,14]}","[1,1,1,1,1,1,1,1,1,1,1,1,1,0,1,0,0,0,0,0,0,0]",2,no,all residue allocations modulo cyclic rotation
13,13,1,22,22,1,14,one_changed,FOUND,"{""coeffs"":[2,1,1,1,1,1,1,1,1,1,1,1,1,1],""positions"":[0,1,2,3,4,5,6,7,8,9,10,11,12,13]}","[2,1,1,1,1,1,1,1,1,1,1,1,1,1,0,0,0,0,0,0,0,0]",1,no,all residue allocations modulo cyclic rotation
13,13,1,22,22,1,15,ones,FOUND,"{""coeffs"":[1,1,1,1,1,1,1,1,1,1,1,1,1,1,1],""positions"":[0,1,2,3,4,5,6,7,8,9,10,11,12,13,14]}","[1,1,1,1,1,1,1,1,1,1,1,1,1,1,1,0,0,0,0,0,0,0]",1,no,all residue allocations modulo cyclic rotation
13,13,1,22,22,1,15,one_changed,FOUND,"{""coeffs"":[2,1,1,1,1,1,1,1,1,1,1,1,1,1,1],""positions"":[0,1,2,3,4,5,6,7,8,9,10,11,12,13,14]}","[2,1,1,1,1,1,1,1,1,1,1,1,1,1,1,0,0,0,0,0,0,0]",1,no,all residue allocations modulo cyclic rotation
13,13,1,22,22,1,16,ones,FOUND,"{""coeffs"":[1,1,1,1,1,1,1,1,1,1,1,1,1,1,1,1],""positions"":[0,1,2,3,4,5,6,7,8,9,10,11,12,13,14,16]}","[1,1,1,1,1,1,1,1,1,1,1,1,1,1,1,0,1,0,0,0,0,0]",2,no,all residue allocations modulo cyclic rotation
13,13,1,22,22,1,16,one_changed,FOUND,"{""coeffs"":[2,1,1,1,1,1,1,1,1,1,1,1,1,1,1,1],""positions"":[0,1,2,3,4,5,6,7,8,9,10,11,12,13,14,15]}","[2,1,1,1,1,1,1,1,1,1,1,1,1,1,1,1,0,0,0,0,0,0]",1,no,all residue allocations modulo cyclic rotation
13,13,1,22,22,1,17,ones,FOUND,"{""coeffs"":[1,1,1,1,1,1,1,1,1,1,1,1,1,1,1,1,1],""positions"":[0,1,2,3,4,5,6,7,8,9,10,11,12,13,14,15,16]}","[1,1,1,1,1,1,1,1,1,1,1,1,1,1,1,1,1,0,0,0,0,0]",1,no,all residue allocations modulo cyclic rotation
13,13,1,22,22,1,17,one_changed,FOUND,"{""coeffs"":[2,1,1,1,1,1,1,1,1,1,1,1,1,1,1,1,1],""positions"":[0,1,2,3,4,5,6,7,8,9,10,11,12,13,14,15,16]}","[2,1,1,1,1,1,1,1,1,1,1,1,1,1,1,1,1,0,0,0,0,0]",1,no,all residue allocations modulo cyclic rotation
13,13,1,22,22,1,18,ones,FOUND,"{""coeffs"":[1,1,1,1,1,1,1,1,1,1,1,1,1,1,1,1,1,1],""positions"":[0,1,2,3,4,5,6,7,8,9,10,11,12,13,14,15,16,18]}","[1,1,1,1,1,1,1,1,1,1,1,1,1,1,1,1,1,0,1,0,0,0]",2,no,all residue allocations modulo cyclic rotation
13,13,1,22,22,1,18,one_changed,FOUND,"{""coeffs"":[2,1,1,1,1,1,1,1,1,1,1,1,1,1,1,1,1,1],""positions"":[0,1,2,3,4,5,6,7,8,9,10,11,12,13,14,15,16,17]}","[2,1,1,1,1,1,1,1,1,1,1,1,1,1,1,1,1,1,0,0,0,0]",1,no,all residue allocations modulo cyclic rotation
13,13,1,22,22,1,19,ones,FOUND,"{""coeffs"":[1,1,1,1,1,1,1,1,1,1,1,1,1,1,1,1,1,1,1],""positions"":[0,1,2,3,4,5,6,7,8,9,10,11,12,13,14,15,16,17,18]}","[1,1,1,1,1,1,1,1,1,1,1,1,1,1,1,1,1,1,1,0,0,0]",1,no,all residue allocations modulo cyclic rotation
13,13,1,22,22,1,19,one_changed,FOUND,"{""coeffs"":[2,1,1,1,1,1,1,1,1,1,1,1,1,1,1,1,1,1,1],""positions"":[0,1,2,3,4,5,6,7,8,9,10,11,12,13,14,15,16,17,18]}","[2,1,1,1,1,1,1,1,1,1,1,1,1,1,1,1,1,1,1,0,0,0]",1,no,all residue allocations modulo cyclic rotation
13,13,1,22,22,1,20,ones,FOUND,"{""coeffs"":[1,1,1,1,1,1,1,1,1,1,1,1,1,1,1,1,1,1,1,1],""positions"":[0,1,2,3,4,5,6,7,8,9,10,11,12,13,14,15,16,17,18,20]}","[1,1,1,1,1,1,1,1,1,1,1,1,1,1,1,1,1,1,1,0,1,0]",2,no,all residue allocations modulo cyclic rotation
13,13,1,22,22,1,20,one_changed,FOUND,"{""coeffs"":[2,1,1,1,1,1,1,1,1,1,1,1,1,1,1,1,1,1,1,1],""positions"":[0,1,2,3,4,5,6,7,8,9,10,11,12,13,14,15,16,17,18,19]}","[2,1,1,1,1,1,1,1,1,1,1,1,1,1,1,1,1,1,1,1,0,0]",1,no,all residue allocations modulo cyclic rotation
13,13,1,22,22,1,21,ones,FOUND,"{""coeffs"":[1,1,1,1,1,1,1,1,1,1,1,1,1,1,1,1,1,1,1,1,1],""positions"":[0,1,2,3,4,5,6,7,8,9,10,11,12,13,14,15,16,17,18,19,20]}","[1,1,1,1,1,1,1,1,1,1,1,1,1,1,1,1,1,1,1,1,1,0]",1,no,all residue allocations modulo cyclic rotation
13,13,1,22,22,1,21,one_changed,FOUND,"{""coeffs"":[2,1,1,1,1,1,1,1,1,1,1,1,1,1,1,1,1,1,1,1,1],""positions"":[0,1,2,3,4,5,6,7,8,9,10,11,12,13,14,15,16,17,18,19,20]}","[2,1,1,1,1,1,1,1,1,1,1,1,1,1,1,1,1,1,1,1,1,0]",1,no,all residue allocations modulo cyclic rotation
13,13,1,22,22,1,22,ones,NONE,,,1,yes,all residue allocations modulo cyclic rotation
13,13,1,22,22,1,22,one_changed,FOUND,"{""coeffs"":[2,1,1,1,1,1,1,1,1,1,1,1,1,1,1,1,1,1,1,1,1,1],""positions"":[0,1,2,3,4,5,6,7,8,9,10,11,12,13,14,15,16,17,18,19,20,21]}","[2,1,1,1,1,1,1,1,1,1,1,1,1,1,1,1,1,1,1,1,1,1]",1,no,all residue allocations modulo cyclic rotation
13,13,1,23,23,1,2,ones,FOUND,"{""coeffs"":[1,1],""positions"":[0,1]}","[1,1,0,0,0,0,0,0,0,0,0,0,0,0,0,0,0,0,0,0,0,0,0]",1,no,all residue allocations modulo cyclic rotation
13,13,1,23,23,1,2,one_changed,FOUND,"{""coeffs"":[1,2],""positions"":[0,1]}","[1,2,0,0,0,0,0,0,0,0,0,0,0,0,0,0,0,0,0,0,0,0,0]",1,no,all residue allocations modulo cyclic rotation
13,13,1,23,23,1,2,all_distinct,FOUND,"{""coeffs"":[1,2],""positions"":[0,1]}","[1,2,0,0,0,0,0,0,0,0,0,0,0,0,0,0,0,0,0,0,0,0,0]",1,no,all residue allocations modulo cyclic rotation
13,13,1,23,23,1,3,ones,FOUND,"{""coeffs"":[1,1,1],""positions"":[0,1,2]}","[1,1,1,0,0,0,0,0,0,0,0,0,0,0,0,0,0,0,0,0,0,0,0]",1,no,all residue allocations modulo cyclic rotation
13,13,1,23,23,1,3,one_changed,FOUND,"{""coeffs"":[2,1,1],""positions"":[0,1,2]}","[2,1,1,0,0,0,0,0,0,0,0,0,0,0,0,0,0,0,0,0,0,0,0]",1,no,all residue allocations modulo cyclic rotation
13,13,1,23,23,1,3,all_distinct,FOUND,"{""coeffs"":[1,2,3],""positions"":[0,1,2]}","[1,2,3,0,0,0,0,0,0,0,0,0,0,0,0,0,0,0,0,0,0,0,0]",1,no,all residue allocations modulo cyclic rotation
13,13,1,23,23,1,4,ones,FOUND,"{""coeffs"":[1,1,1,1],""positions"":[0,1,2,3]}","[1,1,1,1,0,0,0,0,0,0,0,0,0,0,0,0,0,0,0,0,0,0,0]",1,no,all residue allocations modulo cyclic rotation
13,13,1,23,23,1,4,one_changed,FOUND,"{""coeffs"":[2,1,1,1],""positions"":[0,1,2,3]}","[2,1,1,1,0,0,0,0,0,0,0,0,0,0,0,0,0,0,0,0,0,0,0]",1,no,all residue allocations modulo cyclic rotation
13,13,1,23,23,1,4,all_distinct,FOUND,"{""coeffs"":[1,2,3,4],""positions"":[0,1,2,3]}","[1,2,3,4,0,0,0,0,0,0,0,0,0,0,0,0,0,0,0,0,0,0,0]",1,no,all residue allocations modulo cyclic rotation
13,13,1,23,23,1,5,ones,FOUND,"{""coeffs"":[1,1,1,1,1],""positions"":[0,1,2,3,4]}","[1,1,1,1,1,0,0,0,0,0,0,0,0,0,0,0,0,0,0,0,0,0,0]",1,no,all residue allocations modulo cyclic rotation
13,13,1,23,23,1,5,one_changed,FOUND,"{""coeffs"":[2,1,1,1,1],""positions"":[0,1,2,3,4]}","[2,1,1,1,1,0,0,0,0,0,0,0,0,0,0,0,0,0,0,0,0,0,0]",1,no,all residue allocations modulo cyclic rotation
13,13,1,23,23,1,5,all_distinct,FOUND,"{""coeffs"":[1,2,3,4,5],""positions"":[0,1,2,3,4]}","[1,2,3,4,5,0,0,0,0,0,0,0,0,0,0,0,0,0,0,0,0,0,0]",1,no,all residue allocations modulo cyclic rotation
13,13,1,23,23,1,6,ones,FOUND,"{""coeffs"":[1,1,1,1,1,1],""positions"":[0,1,2,3,4,5]}","[1,1,1,1,1,1,0,0,0,0,0,0,0,0,0,0,0,0,0,0,0,0,0]",1,no,all residue allocations modulo cyclic rotation
13,13,1,23,23,1,6,one_changed,FOUND,"{""coeffs"":[2,1,1,1,1,1],""positions"":[0,1,2,3,4,5]}","[2,1,1,1,1,1,0,0,0,0,0,0,0,0,0,0,0,0,0,0,0,0,0]",1,no,all residue allocations modulo cyclic rotation
13,13,1,23,23,1,6,all_distinct,FOUND,"{""coeffs"":[1,2,3,4,5,6],""positions"":[0,1,2,3,4,5]}","[1,2,3,4,5,6,0,0,0,0,0,0,0,0,0,0,0,0,0,0,0,0,0]",1,no,all residue allocations modulo cyclic rotation
13,13,1,23,23,1,7,ones,FOUND,"{""coeffs"":[1,1,1,1,1,1,1],""positions"":[0,1,2,3,4,5,6]}","[1,1,1,1,1,1,1,0,0,0,0,0,0,0,0,0,0,0,0,0,0,0,0]",1,no,all residue allocations modulo cyclic rotation
13,13,1,23,23,1,7,one_changed,FOUND,"{""coeffs"":[2,1,1,1,1,1,1],""positions"":[0,1,2,3,4,5,6]}","[2,1,1,1,1,1,1,0,0,0,0,0,0,0,0,0,0,0,0,0,0,0,0]",1,no,all residue allocations modulo cyclic rotation
13,13,1,23,23,1,7,all_distinct,FOUND,"{""coeffs"":[1,2,3,4,5,6,7],""positions"":[0,1,2,3,4,5,6]}","[1,2,3,4,5,6,7,0,0,0,0,0,0,0,0,0,0,0,0,0,0,0,0]",1,no,all residue allocations modulo cyclic rotation
13,13,1,23,23,1,8,ones,FOUND,"{""coeffs"":[1,1,1,1,1,1,1,1],""positions"":[0,1,2,3,4,5,6,7]}","[1,1,1,1,1,1,1,1,0,0,0,0,0,0,0,0,0,0,0,0,0,0,0]",1,no,all residue allocations modulo cyclic rotation
13,13,1,23,23,1,8,one_changed,FOUND,"{""coeffs"":[2,1,1,1,1,1,1,1],""positions"":[0,1,2,3,4,5,6,7]}","[2,1,1,1,1,1,1,1,0,0,0,0,0,0,0,0,0,0,0,0,0,0,0]",1,no,all residue allocations modulo cyclic rotation
13,13,1,23,23,1,8,all_distinct,FOUND,"{""coeffs"":[1,2,3,4,5,6,7,8],""positions"":[0,1,2,3,4,5,6,7]}","[1,2,3,4,5,6,7,8,0,0,0,0,0,0,0,0,0,0,0,0,0,0,0]",1,no,all residue allocations modulo cyclic rotation
13,13,1,23,23,1,9,ones,FOUND,"{""coeffs"":[1,1,1,1,1,1,1,1,1],""positions"":[0,1,2,3,4,5,6,7,8]}","[1,1,1,1,1,1,1,1,1,0,0,0,0,0,0,0,0,0,0,0,0,0,0]",1,no,all residue allocations modulo cyclic rotation
13,13,1,23,23,1,9,one_changed,FOUND,"{""coeffs"":[2,1,1,1,1,1,1,1,1],""positions"":[0,1,2,3,4,5,6,7,8]}","[2,1,1,1,1,1,1,1,1,0,0,0,0,0,0,0,0,0,0,0,0,0,0]",1,no,all residue allocations modulo cyclic rotation
13,13,1,23,23,1,9,all_distinct,FOUND,"{""coeffs"":[1,2,3,4,5,6,7,8,9],""positions"":[0,1,2,3,4,5,6,7,8]}","[1,2,3,4,5,6,7,8,9,0,0,0,0,0,0,0,0,0,0,0,0,0,0]",1,no,all residue allocations modulo cyclic rotation
13,13,1,23,23,1,10,ones,FOUND,"{""coeffs"":[1,1,1,1,1,1,1,1,1,1],""positions"":[0,1,2,3,4,5,6,7,8,9]}","[1,1,1,1,1,1,1,1,1,1,0,0,0,0,0,0,0,0,0,0,0,0,0]",1,no,all residue allocations modulo cyclic rotation
13,13,1,23,23,1,10,one_changed,FOUND,"{""coeffs"":[2,1,1,1,1,1,1,1,1,1],""positions"":[0,1,2,3,4,5,6,7,8,9]}","[2,1,1,1,1,1,1,1,1,1,0,0,0,0,0,0,0,0,0,0,0,0,0]",1,no,all residue allocations modulo cyclic rotation
13,13,1,23,23,1,10,all_distinct,FOUND,"{""coeffs"":[1,2,3,4,5,6,7,8,9,10],""positions"":[0,1,2,3,4,5,6,7,8,9]}","[1,2,3,4,5,6,7,8,9,10,0,0,0,0,0,0,0,0,0,0,0,0,0]",1,no,all residue allocations modulo cyclic rotation
13,13,1,23,23,1,11,ones,FOUND,"{""coeffs"":[1,1,1,1,1,1,1,1,1,1,1],""positions"":[0,1,2,3,4,5,6,7,8,9,10]}","[1,1,1,1,1,1,1,1,1,1,1,0,0,0,0,0,0,0,0,0,0,0,0]",1,no,all residue allocations modulo cyclic rotation
13,13,1,23,23,1,11,one_changed,FOUND,"{""coeffs"":[2,1,1,1,1,1,1,1,1,1,1],""positions"":[0,1,2,3,4,5,6,7,8,9,10]}","[2,1,1,1,1,1,1,1,1,1,1,0,0,0,0,0,0,0,0,0,0,0,0]",1,no,all residue allocations modulo cyclic rotation
13,13,1,23,23,1,11,all_distinct,FOUND,"{""coeffs"":[1,2,3,4,5,6,7,8,9,10,11],""positions"":[0,1,2,3,4,5,6,7,8,9,10]}","[1,2,3,4,5,6,7,8,9,10,11,0,0,0,0,0,0,0,0,0,0,0,0]",1,no,all residue allocations modulo cyclic rotation
13,13,1,23,23,1,12,ones,FOUND,"{""coeffs"":[1,1,1,1,1,1,1,1,1,1,1,1],""positions"":[0,1,2,3,4,5,6,7,8,9,10,11]}","[1,1,1,1,1,1,1,1,1,1,1,1,0,0,0,0,0,0,0,0,0,0,0]",1,no,all residue allocations modulo cyclic rotation
13,13,1,23,23,1,12,one_changed,FOUND,"{""coeffs"":[2,1,1,1,1,1,1,1,1,1,1,1],""positions"":[0,1,2,3,4,5,6,7,8,9,10,11]}","[2,1,1,1,1,1,1,1,1,1,1,1,0,0,0,0,0,0,0,0,0,0,0]",1,no,all residue allocations modulo cyclic rotation
13,13,1,23,23,1,12,all_distinct,FOUND,"{""coeffs"":[1,2,3,4,5,6,7,8,9,10,11,12],""positions"":[0,1,2,3,4,5,6,7,8,9,10,11]}","[1,2,3,4,5,6,7,8,9,10,11,12,0,0,0,0,0,0,0,0,0,0,0]",1,no,all residue allocations modulo cyclic rotation
13,13,1,23,23,1,13,ones,FOUND,"{""coeffs"":[1,1,1,1,1,1,1,1,1,1,1,1,1],""positions"":[0,1,2,3,4,5,6,7,8,9,10,11,12]}","[1,1,1,1,1,1,1,1,1,1,1,1,1,0,0,0,0,0,0,0,0,0,0]",1,no,all residue allocations modulo cyclic rotation
13,13,1,23,23,1,13,one_changed,FOUND,"{""coeffs"":[2,1,1,1,1,1,1,1,1,1,1,1,1],""positions"":[0,1,2,3,4,5,6,7,8,9,10,11,12]}","[2,1,1,1,1,1,1,1,1,1,1,1,1,0,0,0,0,0,0,0,0,0,0]",1,no,all residue allocations modulo cyclic rotation
13,13,1,23,23,1,14,ones,FOUND,"{""coeffs"":[1,1,1,1,1,1,1,1,1,1,1,1,1,1],""positions"":[0,1,2,3,4,5,6,7,8,9,10,11,12,13]}","[1,1,1,1,1,1,1,1,1,1,1,1,1,1,0,0,0,0,0,0,0,0,0]",1,no,all residue allocations modulo cyclic rotation
13,13,1,23,23,1,14,one_changed,FOUND,"{""coeffs"":[2,1,1,1,1,1,1,1,1,1,1,1,1,1],""positions"":[0,1,2,3,4,5,6,7,8,9,10,11,12,13]}","[2,1,1,1,1,1,1,1,1,1,1,1,1,1,0,0,0,0,0,0,0,0,0]",1,no,all residue allocations modulo cyclic rotation
13,13,1,23,23,1,15,ones,FOUND,"{""coeffs"":[1,1,1,1,1,1,1,1,1,1,1,1,1,1,1],""positions"":[0,1,2,3,4,5,6,7,8,9,10,11,12,13,14]}","[1,1,1,1,1,1,1,1,1,1,1,1,1,1,1,0,0,0,0,0,0,0,0]",1,no,all residue allocations modulo cyclic rotation
13,13,1,23,23,1,15,one_changed,FOUND,"{""coeffs"":[2,1,1,1,1,1,1,1,1,1,1,1,1,1,1],""positions"":[0,1,2,3,4,5,6,7,8,9,10,11,12,13,14]}","[2,1,1,1,1,1,1,1,1,1,1,1,1,1,1,0,0,0,0,0,0,0,0]",1,no,all residue allocations modulo cyclic rotation
13,13,1,23,23,1,16,ones,FOUND,"{""coeffs"":[1,1,1,1,1,1,1,1,1,1,1,1,1,1,1,1],""positions"":[0,1,2,3,4,5,6,7,8,9,10,11,12,13,14,15]}","[1,1,1,1,1,1,1,1,1,1,1,1,1,1,1,1,0,0,0,0,0,0,0]",1,no,all residue allocations modulo cyclic rotation
13,13,1,23,23,1,16,one_changed,FOUND,"{""coeffs"":[2,1,1,1,1,1,1,1,1,1,1,1,1,1,1,1],""positions"":[0,1,2,3,4,5,6,7,8,9,10,11,12,13,14,15]}","[2,1,1,1,1,1,1,1,1,1,1,1,1,1,1,1,0,0,0,0,0,0,0]",1,no,all residue allocations modulo cyclic rotation
13,13,1,23,23,1,17,ones,FOUND,"{""coeffs"":[1,1,1,1,1,1,1,1,1,1,1,1,1,1,1,1,1],""positions"":[0,1,2,3,4,5,6,7,8,9,10,11,12,13,14,15,16]}","[1,1,1,1,1,1,1,1,1,1,1,1,1,1,1,1,1,0,0,0,0,0,0]",1,no,all residue allocations modulo cyclic rotation
13,13,1,23,23,1,17,one_changed,FOUND,"{""coeffs"":[2,1,1,1,1,1,1,1,1,1,1,1,1,1,1,1,1],""positions"":[0,1,2,3,4,5,6,7,8,9,10,11,12,13,14,15,16]}","[2,1,1,1,1,1,1,1,1,1,1,1,1,1,1,1,1,0,0,0,0,0,0]",1,no,all residue allocations modulo cyclic rotation
13,13,1,23,23,1,18,ones,FOUND,"{""coeffs"":[1,1,1,1,1,1,1,1,1,1,1,1,1,1,1,1,1,1],""positions"":[0,1,2,3,4,5,6,7,8,9,10,11,12,13,14,15,16,17]}","[1,1,1,1,1,1,1,1,1,1,1,1,1,1,1,1,1,1,0,0,0,0,0]",1,no,all residue allocations modulo cyclic rotation
13,13,1,23,23,1,18,one_changed,FOUND,"{""coeffs"":[2,1,1,1,1,1,1,1,1,1,1,1,1,1,1,1,1,1],""positions"":[0,1,2,3,4,5,6,7,8,9,10,11,12,13,14,15,16,17]}","[2,1,1,1,1,1,1,1,1,1,1,1,1,1,1,1,1,1,0,0,0,0,0]",1,no,all residue allocations modulo cyclic rotation
13,13,1,23,23,1,19,ones,FOUND,"{""coeffs"":[1,1,1,1,1,1,1,1,1,1,1,1,1,1,1,1,1,1,1],""positions"":[0,1,2,3,4,5,6,7,8,9,10,11,12,13,14,15,16,17,18]}","[1,1,1,1,1,1,1,1,1,1,1,1,1,1,1,1,1,1,1,0,0,0,0]",1,no,all residue allocations modulo cyclic rotation
13,13,1,23,23,1,19,one_changed,FOUND,"{""coeffs"":[2,1,1,1,1,1,1,1,1,1,1,1,1,1,1,1,1,1,1],""positions"":[0,1,2,3,4,5,6,7,8,9,10,11,12,13,14,15,16,17,18]}","[2,1,1,1,1,1,1,1,1,1,1,1,1,1,1,1,1,1,1,0,0,0,0]",1,no,all residue allocations modulo cyclic rotation
13,13,1,23,23,1,20,ones,FOUND,"{""coeffs"":[1,1,1,1,1,1,1,1,1,1,1,1,1,1,1,1,1,1,1,1],""positions"":[0,1,2,3,4,5,6,7,8,9,10,11,12,13,14,15,16,17,18,19]}","[1,1,1,1,1,1,1,1,1,1,1,1,1,1,1,1,1,1,1,1,0,0,0]",1,no,all residue allocations modulo cyclic rotation
13,13,1,23,23,1,20,one_changed,FOUND,"{""coeffs"":[2,1,1,1,1,1,1,1,1,1,1,1,1,1,1,1,1,1,1,1],""positions"":[0,1,2,3,4,5,6,7,8,9,10,11,12,13,14,15,16,17,18,19]}","[2,1,1,1,1,1,1,1,1,1,1,1,1,1,1,1,1,1,1,1,0,0,0]",1,no,all residue allocations modulo cyclic rotation
13,13,1,23,23,1,21,ones,FOUND,"{""coeffs"":[1,1,1,1,1,1,1,1,1,1,1,1,1,1,1,1,1,1,1,1,1],""positions"":[0,1,2,3,4,5,6,7,8,9,10,11,12,13,14,15,16,17,18,19,20]}","[1,1,1,1,1,1,1,1,1,1,1,1,1,1,1,1,1,1,1,1,1,0,0]",1,no,all residue allocations modulo cyclic rotation
13,13,1,23,23,1,21,one_changed,FOUND,"{""coeffs"":[2,1,1,1,1,1,1,1,1,1,1,1,1,1,1,1,1,1,1,1,1],""positions"":[0,1,2,3,4,5,6,7,8,9,10,11,12,13,14,15,16,17,18,19,20]}","[2,1,1,1,1,1,1,1,1,1,1,1,1,1,1,1,1,1,1,1,1,0,0]",1,no,all residue allocations modulo cyclic rotation
13,13,1,23,23,1,22,ones,FOUND,"{""coeffs"":[1,1,1,1,1,1,1,1,1,1,1,1,1,1,1,1,1,1,1,1,1,1],""positions"":[0,1,2,3,4,5,6,7,8,9,10,11,12,13,14,15,16,17,18,19,20,21]}","[1,1,1,1,1,1,1,1,1,1,1,1,1,1,1,1,1,1,1,1,1,1,0]",1,no,all residue allocations modulo cyclic rotation
13,13,1,23,23,1,22,one_changed,FOUND,"{""coeffs"":[2,1,1,1,1,1,1,1,1,1,1,1,1,1,1,1,1,1,1,1,1,1],""positions"":[0,1,2,3,4,5,6,7,8,9,10,11,12,13,14,15,16,17,18,19,20,21]}","[2,1,1,1,1,1,1,1,1,1,1,1,1,1,1,1,1,1,1,1,1,1,0]",1,no,all residue allocations modulo cyclic rotation
13,13,1,23,23,1,23,ones,NONE,,,1,yes,all residue allocations modulo cyclic rotation
13,13,1,23,23,1,23,one_changed,FOUND,"{""coeffs"":[2,1,1,1,1,1,1,1,1,1,1,1,1,1,1,1,1,1,1,1,1,1,1],""positions"":[0,1,2,3,4,5,6,7,8,9,10,11,12,13,14,15,16,17,18,19,20,21,22]}","[2,1,1,1,1,1,1,1,1,1,1,1,1,1,1,1,1,1,1,1,1,1,1]",1,no,all residue allocations modulo cyclic rotation
13,13,1,24,24,1,2,ones,FOUND,"{""coeffs"":[1,1],""positions"":[0,8]}","[1,0,0,0,0,0,0,0,1,0,0,0,0,0,0,0,0,0,0,0,0,0,0,0]",8,no,all residue allocations modulo cyclic rotation
13,13,1,24,24,1,2,one_changed,FOUND,"{""coeffs"":[1,2],""positions"":[0,1]}","[1,2,0,0,0,0,0,0,0,0,0,0,0,0,0,0,0,0,0,0,0,0,0,0]",1,no,all residue allocations modulo cyclic rotation
13,13,1,24,24,1,2,all_distinct,FOUND,"{""coeffs"":[1,2],""positions"":[0,1]}","[1,2,0,0,0,0,0,0,0,0,0,0,0,0,0,0,0,0,0,0,0,0,0,0]",1,no,all residue allocations modulo cyclic rotation
13,13,1,24,24,1,3,ones,FOUND,"{""coeffs"":[1,1,1],""positions"":[0,1,3]}","[1,1,0,1,0,0,0,0,0,0,0,0,0,0,0,0,0,0,0,0,0,0,0,0]",2,no,all residue allocations modulo cyclic rotation
13,13,1,24,24,1,3,one_changed,FOUND,"{""coeffs"":[2,1,1],""positions"":[0,1,2]}","[2,1,1,0,0,0,0,0,0,0,0,0,0,0,0,0,0,0,0,0,0,0,0,0]",1,no,all residue allocations modulo cyclic rotation
13,13,1,24,24,1,3,all_distinct,FOUND,"{""coeffs"":[1,2,3],""positions"":[0,1,2]}","[1,2,3,0,0,0,0,0,0,0,0,0,0,0,0,0,0,0,0,0,0,0,0,0]",1,no,all residue allocations modulo cyclic rotation
13,13,1,24,24,1,4,ones,FOUND,"{""coeffs"":[1,1,1,1],""positions"":[0,1,2,4]}","[1,1,1,0,1,0,0,0,0,0,0,0,0,0,0,0,0,0,0,0,0,0,0,0]",2,no,all residue allocations modulo cyclic rotation
13,13,1,24,24,1,4,one_changed,FOUND,"{""coeffs"":[2,1,1,1],""positions"":[0,1,2,3]}","[2,1,1,1,0,0,0,0,0,0,0,0,0,0,0,0,0,0,0,0,0,0,0,0]",1,no,all residue allocations modulo cyclic rotation
13,13,1,24,24,1,4,all_distinct,FOUND,"{""coeffs"":[1,2,3,4],""positions"":[0,1,2,3]}","[1,2,3,4,0,0,0,0,0,0,0,0,0,0,0,0,0,0,0,0,0,0,0,0]",1,no,all residue allocations modulo cyclic rotation
13,13,1,24,24,1,5,ones,FOUND,"{""coeffs"":[1,1,1,1,1],""positions"":[0,1,2,3,4]}","[1,1,1,1,1,0,0,0,0,0,0,0,0,0,0,0,0,0,0,0,0,0,0,0]",1,no,all residue allocations modulo cyclic rotation
13,13,1,24,24,1,5,one_changed,FOUND,"{""coeffs"":[2,1,1,1,1],""positions"":[0,1,2,3,4]}","[2,1,1,1,1,0,0,0,0,0,0,0,0,0,0,0,0,0,0,0,0,0,0,0]",1,no,all residue allocations modulo cyclic rotation
13,13,1,24,24,1,5,all_distinct,FOUND,"{""coeffs"":[1,2,3,4,5],""positions"":[0,1,2,3,4]}","[1,2,3,4,5,0,0,0,0,0,0,0,0,0,0,0,0,0,0,0,0,0,0,0]",1,no,all residue allocations modulo cyclic rotation
13,13,1,24,24,1,6,ones,FOUND,"{""coeffs"":[1,1,1,1,1,1],""positions"":[0,1,2,3,4,12]}","[1,1,1,1,1,0,0,0,0,0,0,0,1,0,0,0,0,0,0,0,0,0,0,0]",8,no,all residue allocations modulo cyclic rotation
13,13,1,24,24,1,6,one_changed,FOUND,"{""coeffs"":[2,1,1,1,1,1],""positions"":[0,1,2,3,4,5]}","[2,1,1,1,1,1,0,0,0,0,0,0,0,0,0,0,0,0,0,0,0,0,0,0]",1,no,all residue allocations modulo cyclic rotation
13,13,1,24,24,1,6,all_distinct,FOUND,"{""coeffs"":[1,2,3,4,5,6],""positions"":[0,1,2,3,4,5]}","[1,2,3,4,5,6,0,0,0,0,0,0,0,0,0,0,0,0,0,0,0,0,0,0]",1,no,all residue allocations modulo cyclic rotation
13,13,1,24,24,1,7,ones,FOUND,"{""coeffs"":[1,1,1,1,1,1,1],""positions"":[0,1,2,3,4,5,6]}","[1,1,1,1,1,1,1,0,0,0,0,0,0,0,0,0,0,0,0,0,0,0,0,0]",1,no,all residue allocations modulo cyclic rotation
13,13,1,24,24,1,7,one_changed,FOUND,"{""coeffs"":[2,1,1,1,1,1,1],""positions"":[0,1,2,3,4,5,6]}","[2,1,1,1,1,1,1,0,0,0,0,0,0,0,0,0,0,0,0,0,0,0,0,0]",1,no,all residue allocations modulo cyclic rotation
13,13,1,24,24,1,7,all_distinct,FOUND,"{""coeffs"":[1,2,3,4,5,6,7],""positions"":[0,1,2,3,4,5,6]}","[1,2,3,4,5,6,7,0,0,0,0,0,0,0,0,0,0,0,0,0,0,0,0,0]",1,no,all residue allocations modulo cyclic rotation
13,13,1,24,24,1,8,ones,FOUND,"{""coeffs"":[1,1,1,1,1,1,1,1],""positions"":[0,1,2,3,4,5,6,8]}","[1,1,1,1,1,1,1,0,1,0,0,0,0,0,0,0,0,0,0,0,0,0,0,0]",2,no,all residue allocations modulo cyclic rotation
13,13,1,24,24,1,8,one_changed,FOUND,"{""coeffs"":[2,1,1,1,1,1,1,1],""positions"":[0,1,2,3,4,5,6,7]}","[2,1,1,1,1,1,1,1,0,0,0,0,0,0,0,0,0,0,0,0,0,0,0,0]",1,no,all residue allocations modulo cyclic rotation
13,13,1,24,24,1,8,all_distinct,FOUND,"{""coeffs"":[1,2,3,4,5,6,7,8],""positions"":[0,1,2,3,4,5,6,7]}","[1,2,3,4,5,6,7,8,0,0,0,0,0,0,0,0,0,0,0,0,0,0,0,0]",1,no,all residue allocations modulo cyclic rotation
13,13,1,24,24,1,9,ones,FOUND,"{""coeffs"":[1,1,1,1,1,1,1,1,1],""positions"":[0,1,2,3,4,5,6,7,9]}","[1,1,1,1,1,1,1,1,0,1,0,0,0,0,0,0,0,0,0,0,0,0,0,0]",2,no,all residue allocations modulo cyclic rotation
13,13,1,24,24,1,9,one_changed,FOUND,"{""coeffs"":[2,1,1,1,1,1,1,1,1],""positions"":[0,1,2,3,4,5,6,7,8]}","[2,1,1,1,1,1,1,1,1,0,0,0,0,0,0,0,0,0,0,0,0,0,0,0]",1,no,all residue allocations modulo cyclic rotation
13,13,1,24,24,1,9,all_distinct,FOUND,"{""coeffs"":[1,2,3,4,5,6,7,8,9],""positions"":[0,1,2,3,4,5,6,7,8]}","[1,2,3,4,5,6,7,8,9,0,0,0,0,0,0,0,0,0,0,0,0,0,0,0]",1,no,all residue allocations modulo cyclic rotation
13,13,1,24,24,1,10,ones,FOUND,"{""coeffs"":[1,1,1,1,1,1,1,1,1,1],""positions"":[0,1,2,3,4,5,6,7,8,16]}","[1,1,1,1,1,1,1,1,1,0,0,0,0,0,0,0,1,0,0,0,0,0,0,0]",8,no,all residue allocations modulo cyclic rotation
13,13,1,24,24,1,10,one_changed,FOUND,"{""coeffs"":[2,1,1,1,1,1,1,1,1,1],""positions"":[0,1,2,3,4,5,6,7,8,9]}","[2,1,1,1,1,1,1,1,1,1,0,0,0,0,0,0,0,0,0,0,0,0,0,0]",1,no,all residue allocations modulo cyclic rotation
13,13,1,24,24,1,10,all_distinct,FOUND,"{""coeffs"":[1,2,3,4,5,6,7,8,9,10],""positions"":[0,1,2,3,4,5,6,7,8,9]}","[1,2,3,4,5,6,7,8,9,10,0,0,0,0,0,0,0,0,0,0,0,0,0,0]",1,no,all residue allocations modulo cyclic rotation
13,13,1,24,24,1,11,ones,FOUND,"{""coeffs"":[1,1,1,1,1,1,1,1,1,1,1],""positions"":[0,1,2,3,4,5,6,7,8,9,10]}","[1,1,1,1,1,1,1,1,1,1,1,0,0,0,0,0,0,0,0,0,0,0,0,0]",1,no,all residue allocations modulo cyclic rotation
13,13,1,24,24,1,11,one_changed,FOUND,"{""coeffs"":[2,1,1,1,1,1,1,1,1,1,1],""positions"":[0,1,2,3,4,5,6,7,8,9,10]}","[2,1,1,1,1,1,1,1,1,1,1,0,0,0,0,0,0,0,0,0,0,0,0,0]",1,no,all residue allocations modulo cyclic rotation
13,13,1,24,24,1,11,all_distinct,FOUND,"{""coeffs"":[1,2,3,4,5,6,7,8,9,10,11],""positions"":[0,1,2,3,4,5,6,7,8,9,10]}","[1,2,3,4,5,6,7,8,9,10,11,0,0,0,0,0,0,0,0,0,0,0,0,0]",1,no,all residue allocations modulo cyclic rotation
13,13,1,24,24,1,12,ones,FOUND,"{""coeffs"":[1,1,1,1,1,1,1,1,1,1,1,1],""positions"":[0,1,2,3,4,5,6,7,8,9,10,12]}","[1,1,1,1,1,1,1,1,1,1,1,0,1,0,0,0,0,0,0,0,0,0,0,0]",2,no,all residue allocations modulo cyclic rotation
13,13,1,24,24,1,12,one_changed,FOUND,"{""coeffs"":[2,1,1,1,1,1,1,1,1,1,1,1],""positions"":[0,1,2,3,4,5,6,7,8,9,10,11]}","[2,1,1,1,1,1,1,1,1,1,1,1,0,0,0,0,0,0,0,0,0,0,0,0]",1,no,all residue allocations modulo cyclic rotation
13,13,1,24,24,1,12,all_distinct,FOUND,"{""coeffs"":[1,2,3,4,5,6,7,8,9,10,11,12],""positions"":[0,1,2,3,4,5,6,7,8,9,10,11]}","[1,2,3,4,5,6,7,8,9,10,11,12,0,0,0,0,0,0,0,0,0,0,0,0]",1,no,all residue allocations modulo cyclic rotation
13,13,1,24,24,1,13,ones,FOUND,"{""coeffs"":[1,1,1,1,1,1,1,1,1,1,1,1,1],""positions"":[0,1,2,3,4,5,6,7,8,9,10,11,12]}","[1,1,1,1,1,1,1,1,1,1,1,1,1,0,0,0,0,0,0,0,0,0,0,0]",1,no,all residue allocations modulo cyclic rotation
13,13,1,24,24,1,13,one_changed,FOUND,"{""coeffs"":[2,1,1,1,1,1,1,1,1,1,1,1,1],""positions"":[0,1,2,3,4,5,6,7,8,9,10,11,12]}","[2,1,1,1,1,1,1,1,1,1,1,1,1,0,0,0,0,0,0,0,0,0,0,0]",1,no,all residue allocations modulo cyclic rotation
13,13,1,24,24,1,14,ones,FOUND,"{""coeffs"":[1,1,1,1,1,1,1,1,1,1,1,1,1,1],""positions"":[0,1,2,3,4,5,6,7,8,9,10,11,12,16]}","[1,1,1,1,1,1,1,1,1,1,1,1,1,0,0,0,1,0,0,0,0,0,0,0]",4,no,all residue allocations modulo cyclic rotation
13,13,1,24,24,1,14,one_changed,FOUND,"{""coeffs"":[2,1,1,1,1,1,1,1,1,1,1,1,1,1],""positions"":[0,1,2,3,4,5,6,7,8,9,10,11,12,13]}","[2,1,1,1,1,1,1,1,1,1,1,1,1,1,0,0,0,0,0,0,0,0,0,0]",1,no,all residue allocations modulo cyclic rotation
13,13,1,24,24,1,15,ones,FOUND,"{""coeffs"":[1,1,1,1,1,1,1,1,1,1,1,1,1,1,1],""positions"":[0,1,2,3,4,5,6,7,8,9,10,11,12,13,15]}","[1,1,1,1,1,1,1,1,1,1,1,1,1,1,0,1,0,0,0,0,0,0,0,0]",2,no,all residue allocations modulo cyclic rotation
13,13,1,24,24,1,15,one_changed,FOUND,"{""coeffs"":[2,1,1,1,1,1,1,1,1,1,1,1,1,1,1],""positions"":[0,1,2,3,4,5,6,7,8,9,10,11,12,13,14]}","[2,1,1,1,1,1,1,1,1,1,1,1,1,1,1,0,0,0,0,0,0,0,0,0]",1,no,all residue allocations modulo cyclic rotation
13,13,1,24,24,1,16,ones,FOUND,"{""coeffs"":[1,1,1,1,1,1,1,1,1,1,1,1,1,1,1,1],""positions"":[0,1,2,3,4,5,6,7,8,9,10,11,12,13,14,16]}","[1,1,1,1,1,1,1,1,1,1,1,1,1,1,1,0,1,0,0,0,0,0,0,0]",2,no,all residue allocations modulo cyclic rotation
13,13,1,24,24,1,16,one_changed,FOUND,"{""coeffs"":[2,1,1,1,1,1,1,1,1,1,1,1,1,1,1,1],""positions"":[0,1,2,3,4,5,6,7,8,9,10,11,12,13,14,15]}","[2,1,1,1,1,1,1,1,1,1,1,1,1,1,1,1,0,0,0,0,0,0,0,0]",1,no,all residue allocations modulo cyclic rotation
13,13,1,24,24,1,17,ones,FOUND,"{""coeffs"":[1,1,1,1,1,1,1,1,1,1,1,1,1,1,1,1,1],""positions"":[0,1,2,3,4,5,6,7,8,9,10,11,12,13,14,15,16]}","[1,1,1,1,1,1,1,1,1,1,1,1,1,1,1,1,1,0,0,0,0,0,0,0]",1,no,all residue allocations modulo cyclic rotation
13,13,1,24,24,1,17,one_changed,FOUND,"{""coeffs"":[2,1,1,1,1,1,1,1,1,1,1,1,1,1,1,1,1],""positions"":[0,1,2,3,4,5,6,7,8,9,10,11,12,13,14,15,16]}","[2,1,1,1,1,1,1,1,1,1,1,1,1,1,1,1,1,0,0,0,0,0,0,0]",1,no,all residue allocations modulo cyclic rotation
13,13,1,24,24,1,18,ones,FOUND,"{""coeffs"":[1,1,1,1,1,1,1,1,1,1,1,1,1,1,1,1,1,1],""positions"":[0,1,2,3,4,5,6,7,8,9,10,11,12,13,14,16,17,20]}","[1,1,1,1,1,1,1,1,1,1,1,1,1,1,1,0,1,1,0,0,1,0,0,0]",31,no,all residue allocations modulo cyclic rotation
13,13,1,24,24,1,18,one_changed,FOUND,"{""coeffs"":[2,1,1,1,1,1,1,1,1,1,1,1,1,1,1,1,1,1],""positions"":[0,1,2,3,4,5,6,7,8,9,10,11,12,13,14,15,16,17]}","[2,1,1,1,1,1,1,1,1,1,1,1,1,1,1,1,1,1,0,0,0,0,0,0]",1,no,all residue allocations modulo cyclic rotation
13,13,1,24,24,1,19,ones,FOUND,"{""coeffs"":[1,1,1,1,1,1,1,1,1,1,1,1,1,1,1,1,1,1,1],""positions"":[0,1,2,3,4,5,6,7,8,9,10,11,12,13,14,15,16,17,18]}","[1,1,1,1,1,1,1,1,1,1,1,1,1,1,1,1,1,1,1,0,0,0,0,0]",1,no,all residue allocations modulo cyclic rotation
13,13,1,24,24,1,19,one_changed,FOUND,"{""coeffs"":[2,1,1,1,1,1,1,1,1,1,1,1,1,1,1,1,1,1,1],""positions"":[0,1,2,3,4,5,6,7,8,9,10,11,12,13,14,15,16,17,18]}","[2,1,1,1,1,1,1,1,1,1,1,1,1,1,1,1,1,1,1,0,0,0,0,0]",1,no,all residue allocations modulo cyclic rotation
13,13,1,24,24,1,20,ones,FOUND,"{""coeffs"":[1,1,1,1,1,1,1,1,1,1,1,1,1,1,1,1,1,1,1,1],""positions"":[0,1,2,3,4,5,6,7,8,9,10,11,12,13,14,15,16,17,18,20]}","[1,1,1,1,1,1,1,1,1,1,1,1,1,1,1,1,1,1,1,0,1,0,0,0]",2,no,all residue allocations modulo cyclic rotation
13,13,1,24,24,1,20,one_changed,FOUND,"{""coeffs"":[2,1,1,1,1,1,1,1,1,1,1,1,1,1,1,1,1,1,1,1],""positions"":[0,1,2,3,4,5,6,7,8,9,10,11,12,13,14,15,16,17,18,19]}","[2,1,1,1,1,1,1,1,1,1,1,1,1,1,1,1,1,1,1,1,0,0,0,0]",1,no,all residue allocations modulo cyclic rotation
13,13,1,24,24,1,21,ones,FOUND,"{""coeffs"":[1,1,1,1,1,1,1,1,1,1,1,1,1,1,1,1,1,1,1,1,1],""positions"":[0,1,2,3,4,5,6,7,8,9,10,11,12,13,14,15,16,17,18,19,21]}","[1,1,1,1,1,1,1,1,1,1,1,1,1,1,1,1,1,1,1,1,0,1,0,0]",2,no,all residue allocations modulo cyclic rotation
13,13,1,24,24,1,21,one_changed,FOUND,"{""coeffs"":[2,1,1,1,1,1,1,1,1,1,1,1,1,1,1,1,1,1,1,1,1],""positions"":[0,1,2,3,4,5,6,7,8,9,10,11,12,13,14,15,16,17,18,19,20]}","[2,1,1,1,1,1,1,1,1,1,1,1,1,1,1,1,1,1,1,1,1,0,0,0]",1,no,all residue allocations modulo cyclic rotation
13,13,1,24,24,1,22,ones,FOUND,"{""coeffs"":[1,1,1,1,1,1,1,1,1,1,1,1,1,1,1,1,1,1,1,1,1,1],""positions"":[0,1,2,3,4,5,6,7,8,9,10,11,12,13,14,16,17,18,19,20,21,22]}","[1,1,1,1,1,1,1,1,1,1,1,1,1,1,1,0,1,1,1,1,1,1,1,0]",29,no,all residue allocations modulo cyclic rotation
13,13,1,24,24,1,22,one_changed,FOUND,"{""coeffs"":[2,1,1,1,1,1,1,1,1,1,1,1,1,1,1,1,1,1,1,1,1,1],""positions"":[0,1,2,3,4,5,6,7,8,9,10,11,12,13,14,15,16,17,18,19,20,21]}","[2,1,1,1,1,1,1,1,1,1,1,1,1,1,1,1,1,1,1,1,1,1,0,0]",1,no,all residue allocations modulo cyclic rotation
13,13,1,24,24,1,23,ones,FOUND,"{""coeffs"":[1,1,1,1,1,1,1,1,1,1,1,1,1,1,1,1,1,1,1,1,1,1,1],""positions"":[0,1,2,3,4,5,6,7,8,9,10,11,12,13,14,15,16,17,18,19,20,21,22]}","[1,1,1,1,1,1,1,1,1,1,1,1,1,1,1,1,1,1,1,1,1,1,1,0]",1,no,all residue allocations modulo cyclic rotation
13,13,1,24,24,1,23,one_changed,FOUND,"{""coeffs"":[2,1,1,1,1,1,1,1,1,1,1,1,1,1,1,1,1,1,1,1,1,1,1],""positions"":[0,1,2,3,4,5,6,7,8,9,10,11,12,13,14,15,16,17,18,19,20,21,22]}","[2,1,1,1,1,1,1,1,1,1,1,1,1,1,1,1,1,1,1,1,1,1,1,0]",1,no,all residue allocations modulo cyclic rotation
13,13,1,24,24,1,24,ones,NONE,,,1,yes,all residue allocations modulo cyclic rotation
13,13,1,24,24,1,24,one_changed,FOUND,"{""coeffs"":[2,1,1,1,1,1,1,1,1,1,1,1,1,1,1,1,1,1,1,1,1,1,1,1],""positions"":[0,1,2,3,4,5,6,7,8,9,10,11,12,13,14,15,16,17,18,19,20,21,22,23]}","[2,1,1,1,1,1,1,1,1,1,1,1,1,1,1,1,1,1,1,1,1,1,1,1]",1,no,all residue allocations modulo cyclic rotation
13,13,1,25,25,1,2,ones,FOUND,"{""coeffs"":[1,1],""positions"":[0,1]}","[1,1,0,0,0,0,0,0,0,0,0,0,0,0,0,0,0,0,0,0,0,0,0,0,0]",1,no,all residue allocations modulo cyclic rotation
13,13,1,25,25,1,2,one_changed,FOUND,"{""coeffs"":[1,2],""positions"":[0,1]}","[1,2,0,0,0,0,0,0,0,0,0,0,0,0,0,0,0,0,0,0,0,0,0,0,0]",1,no,all residue allocations modulo cyclic rotation
13,13,1,25,25,1,2,all_distinct,FOUND,"{""coeffs"":[1,2],""positions"":[0,1]}","[1,2,0,0,0,0,0,0,0,0,0,0,0,0,0,0,0,0,0,0,0,0,0,0,0]",1,no,all residue allocations modulo cyclic rotation
13,13,1,25,25,1,3,ones,FOUND,"{""coeffs"":[1,1,1],""positions"":[0,1,2]}","[1,1,1,0,0,0,0,0,0,0,0,0,0,0,0,0,0,0,0,0,0,0,0,0,0]",1,no,all residue allocations modulo cyclic rotation
13,13,1,25,25,1,3,one_changed,FOUND,"{""coeffs"":[2,1,1],""positions"":[0,1,2]}","[2,1,1,0,0,0,0,0,0,0,0,0,0,0,0,0,0,0,0,0,0,0,0,0,0]",1,no,all residue allocations modulo cyclic rotation
13,13,1,25,25,1,3,all_distinct,FOUND,"{""coeffs"":[1,2,3],""positions"":[0,1,2]}","[1,2,3,0,0,0,0,0,0,0,0,0,0,0,0,0,0,0,0,0,0,0,0,0,0]",1,no,all residue allocations modulo cyclic rotation
13,13,1,25,25,1,4,ones,FOUND,"{""coeffs"":[1,1,1,1],""positions"":[0,1,2,3]}","[1,1,1,1,0,0,0,0,0,0,0,0,0,0,0,0,0,0,0,0,0,0,0,0,0]",1,no,all residue allocations modulo cyclic rotation
13,13,1,25,25,1,4,one_changed,FOUND,"{""coeffs"":[2,1,1,1],""positions"":[0,1,2,3]}","[2,1,1,1,0,0,0,0,0,0,0,0,0,0,0,0,0,0,0,0,0,0,0,0,0]",1,no,all residue allocations modulo cyclic rotation
13,13,1,25,25,1,4,all_distinct,FOUND,"{""coeffs"":[1,2,3,4],""positions"":[0,1,2,3]}","[1,2,3,4,0,0,0,0,0,0,0,0,0,0,0,0,0,0,0,0,0,0,0,0,0]",1,no,all residue allocations modulo cyclic rotation
13,13,1,25,25,1,5,ones,FOUND,"{""coeffs"":[1,1,1,1,1],""positions"":[0,1,2,3,5]}","[1,1,1,1,0,1,0,0,0,0,0,0,0,0,0,0,0,0,0,0,0,0,0,0,0]",2,no,all residue allocations modulo cyclic rotation
13,13,1,25,25,1,5,one_changed,FOUND,"{""coeffs"":[2,1,1,1,1],""positions"":[0,1,2,3,4]}","[2,1,1,1,1,0,0,0,0,0,0,0,0,0,0,0,0,0,0,0,0,0,0,0,0]",1,no,all residue allocations modulo cyclic rotation
13,13,1,25,25,1,5,all_distinct,FOUND,"{""coeffs"":[1,2,3,4,5],""positions"":[0,1,2,3,4]}","[1,2,3,4,5,0,0,0,0,0,0,0,0,0,0,0,0,0,0,0,0,0,0,0,0]",1,no,all residue allocations modulo cyclic rotation
13,13,1,25,25,1,6,ones,FOUND,"{""coeffs"":[1,1,1,1,1,1],""positions"":[0,1,2,3,4,5]}","[1,1,1,1,1,1,0,0,0,0,0,0,0,0,0,0,0,0,0,0,0,0,0,0,0]",1,no,all residue allocations modulo cyclic rotation
13,13,1,25,25,1,6,one_changed,FOUND,"{""coeffs"":[2,1,1,1,1,1],""positions"":[0,1,2,3,4,5]}","[2,1,1,1,1,1,0,0,0,0,0,0,0,0,0,0,0,0,0,0,0,0,0,0,0]",1,no,all residue allocations modulo cyclic rotation
13,13,1,25,25,1,6,all_distinct,FOUND,"{""coeffs"":[1,2,3,4,5,6],""positions"":[0,1,2,3,4,5]}","[1,2,3,4,5,6,0,0,0,0,0,0,0,0,0,0,0,0,0,0,0,0,0,0,0]",1,no,all residue allocations modulo cyclic rotation
13,13,1,25,25,1,7,ones,FOUND,"{""coeffs"":[1,1,1,1,1,1,1],""positions"":[0,1,2,3,4,5,6]}","[1,1,1,1,1,1,1,0,0,0,0,0,0,0,0,0,0,0,0,0,0,0,0,0,0]",1,no,all residue allocations modulo cyclic rotation
13,13,1,25,25,1,7,one_changed,FOUND,"{""coeffs"":[2,1,1,1,1,1,1],""positions"":[0,1,2,3,4,5,6]}","[2,1,1,1,1,1,1,0,0,0,0,0,0,0,0,0,0,0,0,0,0,0,0,0,0]",1,no,all residue allocations modulo cyclic rotation
13,13,1,25,25,1,7,all_distinct,FOUND,"{""coeffs"":[1,2,3,4,5,6,7],""positions"":[0,1,2,3,4,5,6]}","[1,2,3,4,5,6,7,0,0,0,0,0,0,0,0,0,0,0,0,0,0,0,0,0,0]",1,no,all residue allocations modulo cyclic rotation
13,13,1,25,25,1,8,ones,FOUND,"{""coeffs"":[1,1,1,1,1,1,1,1],""positions"":[0,1,2,3,4,5,6,7]}","[1,1,1,1,1,1,1,1,0,0,0,0,0,0,0,0,0,0,0,0,0,0,0,0,0]",1,no,all residue allocations modulo cyclic rotation
13,13,1,25,25,1,8,one_changed,FOUND,"{""coeffs"":[2,1,1,1,1,1,1,1],""positions"":[0,1,2,3,4,5,6,7]}","[2,1,1,1,1,1,1,1,0,0,0,0,0,0,0,0,0,0,0,0,0,0,0,0,0]",1,no,all residue allocations modulo cyclic rotation
13,13,1,25,25,1,8,all_distinct,FOUND,"{""coeffs"":[1,2,3,4,5,6,7,8],""positions"":[0,1,2,3,4,5,6,7]}","[1,2,3,4,5,6,7,8,0,0,0,0,0,0,0,0,0,0,0,0,0,0,0,0,0]",1,no,all residue allocations modulo cyclic rotation
13,13,1,25,25,1,9,ones,FOUND,"{""coeffs"":[1,1,1,1,1,1,1,1,1],""positions"":[0,1,2,3,4,5,6,7,8]}","[1,1,1,1,1,1,1,1,1,0,0,0,0,0,0,0,0,0,0,0,0,0,0,0,0]",1,no,all residue allocations modulo cyclic rotation
13,13,1,25,25,1,9,one_changed,FOUND,"{""coeffs"":[2,1,1,1,1,1,1,1,1],""positions"":[0,1,2,3,4,5,6,7,8]}","[2,1,1,1,1,1,1,1,1,0,0,0,0,0,0,0,0,0,0,0,0,0,0,0,0]",1,no,all residue allocations modulo cyclic rotation
13,13,1,25,25,1,9,all_distinct,FOUND,"{""coeffs"":[1,2,3,4,5,6,7,8,9],""positions"":[0,1,2,3,4,5,6,7,8]}","[1,2,3,4,5,6,7,8,9,0,0,0,0,0,0,0,0,0,0,0,0,0,0,0,0]",1,no,all residue allocations modulo cyclic rotation
13,13,1,25,25,1,10,ones,FOUND,"{""coeffs"":[1,1,1,1,1,1,1,1,1,1],""positions"":[0,1,2,3,4,5,6,7,8,10]}","[1,1,1,1,1,1,1,1,1,0,1,0,0,0,0,0,0,0,0,0,0,0,0,0,0]",2,no,all residue allocations modulo cyclic rotation
13,13,1,25,25,1,10,one_changed,FOUND,"{""coeffs"":[2,1,1,1,1,1,1,1,1,1],""positions"":[0,1,2,3,4,5,6,7,8,9]}","[2,1,1,1,1,1,1,1,1,1,0,0,0,0,0,0,0,0,0,0,0,0,0,0,0]",1,no,all residue allocations modulo cyclic rotation
13,13,1,25,25,1,10,all_distinct,FOUND,"{""coeffs"":[1,2,3,4,5,6,7,8,9,10],""positions"":[0,1,2,3,4,5,6,7,8,9]}","[1,2,3,4,5,6,7,8,9,10,0,0,0,0,0,0,0,0,0,0,0,0,0,0,0]",1,no,all residue allocations modulo cyclic rotation
13,13,1,25,25,1,11,ones,FOUND,"{""coeffs"":[1,1,1,1,1,1,1,1,1,1,1],""positions"":[0,1,2,3,4,5,6,7,8,9,10]}","[1,1,1,1,1,1,1,1,1,1,1,0,0,0,0,0,0,0,0,0,0,0,0,0,0]",1,no,all residue allocations modulo cyclic rotation
13,13,1,25,25,1,11,one_changed,FOUND,"{""coeffs"":[2,1,1,1,1,1,1,1,1,1,1],""positions"":[0,1,2,3,4,5,6,7,8,9,10]}","[2,1,1,1,1,1,1,1,1,1,1,0,0,0,0,0,0,0,0,0,0,0,0,0,0]",1,no,all residue allocations modulo cyclic rotation
13,13,1,25,25,1,11,all_distinct,FOUND,"{""coeffs"":[1,2,3,4,5,6,7,8,9,10,11],""positions"":[0,1,2,3,4,5,6,7,8,9,10]}","[1,2,3,4,5,6,7,8,9,10,11,0,0,0,0,0,0,0,0,0,0,0,0,0,0]",1,no,all residue allocations modulo cyclic rotation
13,13,1,25,25,1,12,ones,FOUND,"{""coeffs"":[1,1,1,1,1,1,1,1,1,1,1,1],""positions"":[0,1,2,3,4,5,6,7,8,9,10,11]}","[1,1,1,1,1,1,1,1,1,1,1,1,0,0,0,0,0,0,0,0,0,0,0,0,0]",1,no,all residue allocations modulo cyclic rotation
13,13,1,25,25,1,12,one_changed,FOUND,"{""coeffs"":[2,1,1,1,1,1,1,1,1,1,1,1],""positions"":[0,1,2,3,4,5,6,7,8,9,10,11]}","[2,1,1,1,1,1,1,1,1,1,1,1,0,0,0,0,0,0,0,0,0,0,0,0,0]",1,no,all residue allocations modulo cyclic rotation
13,13,1,25,25,1,12,all_distinct,FOUND,"{""coeffs"":[1,2,3,4,5,6,7,8,9,10,11,12],""positions"":[0,1,2,3,4,5,6,7,8,9,10,11]}","[1,2,3,4,5,6,7,8,9,10,11,12,0,0,0,0,0,0,0,0,0,0,0,0,0]",1,no,all residue allocations modulo cyclic rotation
13,13,1,25,25,1,13,ones,FOUND,"{""coeffs"":[1,1,1,1,1,1,1,1,1,1,1,1,1],""positions"":[0,1,2,3,4,5,6,7,8,9,10,11,12]}","[1,1,1,1,1,1,1,1,1,1,1,1,1,0,0,0,0,0,0,0,0,0,0,0,0]",1,no,all residue allocations modulo cyclic rotation
13,13,1,25,25,1,13,one_changed,FOUND,"{""coeffs"":[2,1,1,1,1,1,1,1,1,1,1,1,1],""positions"":[0,1,2,3,4,5,6,7,8,9,10,11,12]}","[2,1,1,1,1,1,1,1,1,1,1,1,1,0,0,0,0,0,0,0,0,0,0,0,0]",1,no,all residue allocations modulo cyclic rotation
13,13,1,25,25,1,14,ones,FOUND,"{""coeffs"":[1,1,1,1,1,1,1,1,1,1,1,1,1,1],""positions"":[0,1,2,3,4,5,6,7,8,9,10,11,12,13]}","[1,1,1,1,1,1,1,1,1,1,1,1,1,1,0,0,0,0,0,0,0,0,0,0,0]",1,no,all residue allocations modulo cyclic rotation
13,13,1,25,25,1,14,one_changed,FOUND,"{""coeffs"":[2,1,1,1,1,1,1,1,1,1,1,1,1,1],""positions"":[0,1,2,3,4,5,6,7,8,9,10,11,12,13]}","[2,1,1,1,1,1,1,1,1,1,1,1,1,1,0,0,0,0,0,0,0,0,0,0,0]",1,no,all residue allocations modulo cyclic rotation
13,13,1,25,25,1,15,ones,FOUND,"{""coeffs"":[1,1,1,1,1,1,1,1,1,1,1,1,1,1,1],""positions"":[0,1,2,3,4,5,6,7,8,9,10,11,12,13,15]}","[1,1,1,1,1,1,1,1,1,1,1,1,1,1,0,1,0,0,0,0,0,0,0,0,0]",2,no,all residue allocations modulo cyclic rotation
13,13,1,25,25,1,15,one_changed,FOUND,"{""coeffs"":[2,1,1,1,1,1,1,1,1,1,1,1,1,1,1],""positions"":[0,1,2,3,4,5,6,7,8,9,10,11,12,13,14]}","[2,1,1,1,1,1,1,1,1,1,1,1,1,1,1,0,0,0,0,0,0,0,0,0,0]",1,no,all residue allocations modulo cyclic rotation
13,13,1,25,25,1,16,ones,FOUND,"{""coeffs"":[1,1,1,1,1,1,1,1,1,1,1,1,1,1,1,1],""positions"":[0,1,2,3,4,5,6,7,8,9,10,11,12,13,14,15]}","[1,1,1,1,1,1,1,1,1,1,1,1,1,1,1,1,0,0,0,0,0,0,0,0,0]",1,no,all residue allocations modulo cyclic rotation
13,13,1,25,25,1,16,one_changed,FOUND,"{""coeffs"":[2,1,1,1,1,1,1,1,1,1,1,1,1,1,1,1],""positions"":[0,1,2,3,4,5,6,7,8,9,10,11,12,13,14,15]}","[2,1,1,1,1,1,1,1,1,1,1,1,1,1,1,1,0,0,0,0,0,0,0,0,0]",1,no,all residue allocations modulo cyclic rotation
13,13,1,25,25,1,17,ones,FOUND,"{""coeffs"":[1,1,1,1,1,1,1,1,1,1,1,1,1,1,1,1,1],""positions"":[0,1,2,3,4,5,6,7,8,9,10,11,12,13,14,15,16]}","[1,1,1,1,1,1,1,1,1,1,1,1,1,1,1,1,1,0,0,0,0,0,0,0,0]",1,no,all residue allocations modulo cyclic rotation
13,13,1,25,25,1,17,one_changed,FOUND,"{""coeffs"":[2,1,1,1,1,1,1,1,1,1,1,1,1,1,1,1,1],""positions"":[0,1,2,3,4,5,6,7,8,9,10,11,12,13,14,15,16]}","[2,1,1,1,1,1,1,1,1,1,1,1,1,1,1,1,1,0,0,0,0,0,0,0,0]",1,no,all residue allocations modulo cyclic rotation
13,13,1,25,25,1,18,ones,FOUND,"{""coeffs"":[1,1,1,1,1,1,1,1,1,1,1,1,1,1,1,1,1,1],""positions"":[0,1,2,3,4,5,6,7,8,9,10,11,12,13,14,15,16,17]}","[1,1,1,1,1,1,1,1,1,1,1,1,1,1,1,1,1,1,0,0,0,0,0,0,0]",1,no,all residue allocations modulo cyclic rotation
13,13,1,25,25,1,18,one_changed,FOUND,"{""coeffs"":[2,1,1,1,1,1,1,1,1,1,1,1,1,1,1,1,1,1],""positions"":[0,1,2,3,4,5,6,7,8,9,10,11,12,13,14,15,16,17]}","[2,1,1,1,1,1,1,1,1,1,1,1,1,1,1,1,1,1,0,0,0,0,0,0,0]",1,no,all residue allocations modulo cyclic rotation
13,13,1,25,25,1,19,ones,FOUND,"{""coeffs"":[1,1,1,1,1,1,1,1,1,1,1,1,1,1,1,1,1,1,1],""positions"":[0,1,2,3,4,5,6,7,8,9,10,11,12,13,14,15,16,17,18]}","[1,1,1,1,1,1,1,1,1,1,1,1,1,1,1,1,1,1,1,0,0,0,0,0,0]",1,no,all residue allocations modulo cyclic rotation
13,13,1,25,25,1,19,one_changed,FOUND,"{""coeffs"":[2,1,1,1,1,1,1,1,1,1,1,1,1,1,1,1,1,1,1],""positions"":[0,1,2,3,4,5,6,7,8,9,10,11,12,13,14,15,16,17,18]}","[2,1,1,1,1,1,1,1,1,1,1,1,1,1,1,1,1,1,1,0,0,0,0,0,0]",1,no,all residue allocations modulo cyclic rotation
13,13,1,25,25,1,20,ones,FOUND,"{""coeffs"":[1,1,1,1,1,1,1,1,1,1,1,1,1,1,1,1,1,1,1,1],""positions"":[0,1,2,3,4,5,6,7,8,9,10,11,12,13,14,15,16,17,18,20]}","[1,1,1,1,1,1,1,1,1,1,1,1,1,1,1,1,1,1,1,0,1,0,0,0,0]",2,no,all residue allocations modulo cyclic rotation
13,13,1,25,25,1,20,one_changed,FOUND,"{""coeffs"":[2,1,1,1,1,1,1,1,1,1,1,1,1,1,1,1,1,1,1,1],""positions"":[0,1,2,3,4,5,6,7,8,9,10,11,12,13,14,15,16,17,18,19]}","[2,1,1,1,1,1,1,1,1,1,1,1,1,1,1,1,1,1,1,1,0,0,0,0,0]",1,no,all residue allocations modulo cyclic rotation
13,13,1,25,25,1,21,ones,FOUND,"{""coeffs"":[1,1,1,1,1,1,1,1,1,1,1,1,1,1,1,1,1,1,1,1,1],""positions"":[0,1,2,3,4,5,6,7,8,9,10,11,12,13,14,15,16,17,18,19,20]}","[1,1,1,1,1,1,1,1,1,1,1,1,1,1,1,1,1,1,1,1,1,0,0,0,0]",1,no,all residue allocations modulo cyclic rotation
13,13,1,25,25,1,21,one_changed,FOUND,"{""coeffs"":[2,1,1,1,1,1,1,1,1,1,1,1,1,1,1,1,1,1,1,1,1],""positions"":[0,1,2,3,4,5,6,7,8,9,10,11,12,13,14,15,16,17,18,19,20]}","[2,1,1,1,1,1,1,1,1,1,1,1,1,1,1,1,1,1,1,1,1,0,0,0,0]",1,no,all residue allocations modulo cyclic rotation
13,13,1,25,25,1,22,ones,FOUND,"{""coeffs"":[1,1,1,1,1,1,1,1,1,1,1,1,1,1,1,1,1,1,1,1,1,1],""positions"":[0,1,2,3,4,5,6,7,8,9,10,11,12,13,14,15,16,17,18,19,20,21]}","[1,1,1,1,1,1,1,1,1,1,1,1,1,1,1,1,1,1,1,1,1,1,0,0,0]",1,no,all residue allocations modulo cyclic rotation
13,13,1,25,25,1,22,one_changed,FOUND,"{""coeffs"":[2,1,1,1,1,1,1,1,1,1,1,1,1,1,1,1,1,1,1,1,1,1],""positions"":[0,1,2,3,4,5,6,7,8,9,10,11,12,13,14,15,16,17,18,19,20,21]}","[2,1,1,1,1,1,1,1,1,1,1,1,1,1,1,1,1,1,1,1,1,1,0,0,0]",1,no,all residue allocations modulo cyclic rotation
13,13,1,25,25,1,23,ones,FOUND,"{""coeffs"":[1,1,1,1,1,1,1,1,1,1,1,1,1,1,1,1,1,1,1,1,1,1,1],""positions"":[0,1,2,3,4,5,6,7,8,9,10,11,12,13,14,15,16,17,18,19,20,21,22]}","[1,1,1,1,1,1,1,1,1,1,1,1,1,1,1,1,1,1,1,1,1,1,1,0,0]",1,no,all residue allocations modulo cyclic rotation
13,13,1,25,25,1,23,one_changed,FOUND,"{""coeffs"":[2,1,1,1,1,1,1,1,1,1,1,1,1,1,1,1,1,1,1,1,1,1,1],""positions"":[0,1,2,3,4,5,6,7,8,9,10,11,12,13,14,15,16,17,18,19,20,21,22]}","[2,1,1,1,1,1,1,1,1,1,1,1,1,1,1,1,1,1,1,1,1,1,1,0,0]",1,no,all residue allocations modulo cyclic rotation
13,13,1,25,25,1,24,ones,FOUND,"{""coeffs"":[1,1,1,1,1,1,1,1,1,1,1,1,1,1,1,1,1,1,1,1,1,1,1,1],""positions"":[0,1,2,3,4,5,6,7,8,9,10,11,12,13,14,15,16,17,18,19,20,21,22,23]}","[1,1,1,1,1,1,1,1,1,1,1,1,1,1,1,1,1,1,1,1,1,1,1,1,0]",1,no,all residue allocations modulo cyclic rotation
13,13,1,25,25,1,24,one_changed,FOUND,"{""coeffs"":[2,1,1,1,1,1,1,1,1,1,1,1,1,1,1,1,1,1,1,1,1,1,1,1],""positions"":[0,1,2,3,4,5,6,7,8,9,10,11,12,13,14,15,16,17,18,19,20,21,22,23]}","[2,1,1,1,1,1,1,1,1,1,1,1,1,1,1,1,1,1,1,1,1,1,1,1,0]",1,no,all residue allocations modulo cyclic rotation
13,13,1,25,25,1,25,ones,NONE,,,1,yes,all residue allocations modulo cyclic rotation
13,13,1,25,25,1,25,one_changed,FOUND,"{""coeffs"":[2,1,1,1,1,1,1,1,1,1,1,1,1,1,1,1,1,1,1,1,1,1,1,1,1],""positions"":[0,1,2,3,4,5,6,7,8,9,10,11,12,13,14,15,16,17,18,19,20,21,22,23,24]}","[2,1,1,1,1,1,1,1,1,1,1,1,1,1,1,1,1,1,1,1,1,1,1,1,1]",1,no,all residue allocations modulo cyclic rotation
13,13,1,26,2,13,2,ones,FOUND,"{""coeffs"":[1,1],""positions"":[0,2]}","[2,0]",1,no,all residue allocations modulo cyclic rotation
13,13,1,26,2,13,2,one_changed,FOUND,"{""coeffs"":[1,2],""positions"":[0,2]}","[3,0]",1,no,all residue allocations modulo cyclic rotation
13,13,1,26,2,13,2,all_distinct,FOUND,"{""coeffs"":[1,2],""positions"":[0,2]}","[3,0]",1,no,all residue allocations modulo cyclic rotation
13,13,1,26,2,13,3,ones,FOUND,"{""coeffs"":[1,1,1],""positions"":[0,2,4]}","[3,0]",1,no,all residue allocations modulo cyclic rotation
13,13,1,26,2,13,3,one_changed,FOUND,"{""coeffs"":[2,1,1],""positions"":[0,2,4]}","[4,0]",1,no,all residue allocations modulo cyclic rotation
13,13,1,26,2,13,3,all_distinct,FOUND,"{""coeffs"":[1,2,3],""positions"":[0,2,4]}","[6,0]",1,no,all residue allocations modulo cyclic rotation
13,13,1,26,2,13,4,ones,FOUND,"{""coeffs"":[1,1,1,1],""positions"":[0,2,4,6]}","[4,0]",1,no,all residue allocations modulo cyclic rotation
13,13,1,26,2,13,4,one_changed,FOUND,"{""coeffs"":[2,1,1,1],""positions"":[0,2,4,6]}","[5,0]",1,no,all residue allocations modulo cyclic rotation
13,13,1,26,2,13,4,all_distinct,FOUND,"{""coeffs"":[1,2,3,4],""positions"":[0,2,4,6]}","[10,0]",1,no,all residue allocations modulo cyclic rotation
13,13,1,26,2,13,5,ones,FOUND,"{""coeffs"":[1,1,1,1,1],""positions"":[0,2,4,6,8]}","[5,0]",1,no,all residue allocations modulo cyclic rotation
13,13,1,26,2,13,5,one_changed,FOUND,"{""coeffs"":[2,1,1,1,1],""positions"":[0,2,4,6,8]}","[6,0]",1,no,all residue allocations modulo cyclic rotation
13,13,1,26,2,13,5,all_distinct,FOUND,"{""coeffs"":[1,2,3,4,5],""positions"":[0,2,4,6,8]}","[2,0]",1,no,all residue allocations modulo cyclic rotation
13,13,1,26,2,13,6,ones,FOUND,"{""coeffs"":[1,1,1,1,1,1],""positions"":[0,2,4,6,8,10]}","[6,0]",1,no,all residue allocations modulo cyclic rotation
13,13,1,26,2,13,6,one_changed,FOUND,"{""coeffs"":[2,1,1,1,1,1],""positions"":[0,2,4,6,8,10]}","[7,0]",1,no,all residue allocations modulo cyclic rotation
13,13,1,26,2,13,6,all_distinct,FOUND,"{""coeffs"":[1,2,3,4,5,6],""positions"":[0,2,4,6,8,10]}","[8,0]",1,no,all residue allocations modulo cyclic rotation
13,13,1,26,2,13,7,ones,FOUND,"{""coeffs"":[1,1,1,1,1,1,1],""positions"":[0,2,4,6,8,10,12]}","[7,0]",1,no,all residue allocations modulo cyclic rotation
13,13,1,26,2,13,7,one_changed,FOUND,"{""coeffs"":[2,1,1,1,1,1,1],""positions"":[0,2,4,6,8,10,12]}","[8,0]",1,no,all residue allocations modulo cyclic rotation
13,13,1,26,2,13,7,all_distinct,FOUND,"{""coeffs"":[1,2,3,4,5,6,7],""positions"":[0,2,4,6,8,10,12]}","[2,0]",1,no,all residue allocations modulo cyclic rotation
13,13,1,26,2,13,8,ones,FOUND,"{""coeffs"":[1,1,1,1,1,1,1,1],""positions"":[0,2,4,6,8,10,12,14]}","[8,0]",1,no,all residue allocations modulo cyclic rotation
13,13,1,26,2,13,8,one_changed,FOUND,"{""coeffs"":[2,1,1,1,1,1,1,1],""positions"":[0,2,4,6,8,10,12,14]}","[9,0]",1,no,all residue allocations modulo cyclic rotation
13,13,1,26,2,13,8,all_distinct,FOUND,"{""coeffs"":[1,2,3,4,5,6,7,8],""positions"":[0,2,4,6,8,10,12,14]}","[10,0]",1,no,all residue allocations modulo cyclic rotation
13,13,1,26,2,13,9,ones,FOUND,"{""coeffs"":[1,1,1,1,1,1,1,1,1],""positions"":[0,2,4,6,8,10,12,14,16]}","[9,0]",1,no,all residue allocations modulo cyclic rotation
13,13,1,26,2,13,9,one_changed,FOUND,"{""coeffs"":[2,1,1,1,1,1,1,1,1],""positions"":[0,2,4,6,8,10,12,14,16]}","[10,0]",1,no,all residue allocations modulo cyclic rotation
13,13,1,26,2,13,9,all_distinct,FOUND,"{""coeffs"":[1,2,3,4,5,6,7,8,9],""positions"":[0,2,4,6,8,10,12,14,16]}","[6,0]",1,no,all residue allocations modulo cyclic rotation
13,13,1,26,2,13,10,ones,FOUND,"{""coeffs"":[1,1,1,1,1,1,1,1,1,1],""positions"":[0,2,4,6,8,10,12,14,16,18]}","[10,0]",1,no,all residue allocations modulo cyclic rotation
13,13,1,26,2,13,10,one_changed,FOUND,"{""coeffs"":[2,1,1,1,1,1,1,1,1,1],""positions"":[0,2,4,6,8,10,12,14,16,18]}","[11,0]",1,no,all residue allocations modulo cyclic rotation
13,13,1,26,2,13,10,all_distinct,FOUND,"{""coeffs"":[1,2,3,4,5,6,7,8,9,10],""positions"":[0,2,4,6,8,10,12,14,16,18]}","[3,0]",1,no,all residue allocations modulo cyclic rotation
13,13,1,26,2,13,11,ones,FOUND,"{""coeffs"":[1,1,1,1,1,1,1,1,1,1,1],""positions"":[0,2,4,6,8,10,12,14,16,18,20]}","[11,0]",1,no,all residue allocations modulo cyclic rotation
13,13,1,26,2,13,11,one_changed,FOUND,"{""coeffs"":[2,1,1,1,1,1,1,1,1,1,1],""positions"":[0,2,4,6,8,10,12,14,16,18,20]}","[12,0]",1,no,all residue allocations modulo cyclic rotation
13,13,1,26,2,13,11,all_distinct,FOUND,"{""coeffs"":[1,2,3,4,5,6,7,8,9,10,11],""positions"":[0,2,4,6,8,10,12,14,16,18,20]}","[1,0]",1,no,all residue allocations modulo cyclic rotation
13,13,1,26,2,13,12,ones,FOUND,"{""coeffs"":[1,1,1,1,1,1,1,1,1,1,1,1],""positions"":[0,2,4,6,8,10,12,14,16,18,20,22]}","[12,0]",1,no,all residue allocations modulo cyclic rotation
13,13,1,26,2,13,12,one_changed,FOUND,"{""coeffs"":[2,1,1,1,1,1,1,1,1,1,1,1],""positions"":[0,2,4,6,8,10,12,14,16,18,20,1]}","[12,1]",2,no,all residue allocations modulo cyclic rotation
13,13,1,26,2,13,12,all_distinct,FOUND,"{""coeffs"":[1,2,3,4,5,6,7,8,9,10,11,12],""positions"":[0,2,4,6,8,10,12,14,16,18,20,1]}","[1,12]",2,no,all residue allocations modulo cyclic rotation
13,13,1,26,2,13,13,ones,FOUND,"{""coeffs"":[1,1,1,1,1,1,1,1,1,1,1,1,1],""positions"":[0,2,4,6,8,10,12,14,16,18,20,22,1]}","[12,1]",2,no,all residue allocations modulo cyclic rotation
13,13,1,26,2,13,13,one_changed,FOUND,"{""coeffs"":[2,1,1,1,1,1,1,1,1,1,1,1,1],""positions"":[0,2,4,6,8,10,12,14,16,18,20,22,24]}","[1,0]",1,no,all residue allocations modulo cyclic rotation
13,13,1,26,2,13,14,ones,FOUND,"{""coeffs"":[1,1,1,1,1,1,1,1,1,1,1,1,1,1],""positions"":[0,2,4,6,8,10,12,14,16,18,20,22,24,1]}","[0,1]",1,no,all residue allocations modulo cyclic rotation
13,13,1,26,2,13,14,one_changed,FOUND,"{""coeffs"":[2,1,1,1,1,1,1,1,1,1,1,1,1,1],""positions"":[0,2,4,6,8,10,12,14,16,18,20,22,1,3]}","[0,2]",2,no,all residue allocations modulo cyclic rotation
13,13,1,26,2,13,15,ones,FOUND,"{""coeffs"":[1,1,1,1,1,1,1,1,1,1,1,1,1,1,1],""positions"":[0,2,4,6,8,10,12,14,16,18,20,22,24,1,3]}","[0,2]",1,no,all residue allocations modulo cyclic rotation
13,13,1,26,2,13,15,one_changed,FOUND,"{""coeffs"":[2,1,1,1,1,1,1,1,1,1,1,1,1,1,1],""positions"":[0,2,4,6,8,10,12,14,16,18,20,22,24,1,3]}","[1,2]",1,no,all residue allocations modulo cyclic rotation
13,13,1,26,2,13,16,ones,FOUND,"{""coeffs"":[1,1,1,1,1,1,1,1,1,1,1,1,1,1,1,1],""positions"":[0,2,4,6,8,10,12,14,16,18,20,22,24,1,3,5]}","[0,3]",1,no,all residue allocations modulo cyclic rotation
13,13,1,26,2,13,16,one_changed,FOUND,"{""coeffs"":[2,1,1,1,1,1,1,1,1,1,1,1,1,1,1,1],""positions"":[0,2,4,6,8,10,12,14,16,18,20,22,24,1,3,5]}","[1,3]",1,no,all residue allocations modulo cyclic rotation
13,13,1,26,2,13,17,ones,FOUND,"{""coeffs"":[1,1,1,1,1,1,1,1,1,1,1,1,1,1,1,1,1],""positions"":[0,2,4,6,8,10,12,14,16,18,20,22,24,1,3,5,7]}","[0,4]",1,no,all residue allocations modulo cyclic rotation
13,13,1,26,2,13,17,one_changed,FOUND,"{""coeffs"":[2,1,1,1,1,1,1,1,1,1,1,1,1,1,1,1,1],""positions"":[0,2,4,6,8,10,12,14,16,18,20,22,24,1,3,5,7]}","[1,4]",1,no,all residue allocations modulo cyclic rotation
13,13,1,26,2,13,18,ones,FOUND,"{""coeffs"":[1,1,1,1,1,1,1,1,1,1,1,1,1,1,1,1,1,1],""positions"":[0,2,4,6,8,10,12,14,16,18,20,22,24,1,3,5,7,9]}","[0,5]",1,no,all residue allocations modulo cyclic rotation
13,13,1,26,2,13,18,one_changed,FOUND,"{""coeffs"":[2,1,1,1,1,1,1,1,1,1,1,1,1,1,1,1,1,1],""positions"":[0,2,4,6,8,10,12,14,16,18,20,22,24,1,3,5,7,9]}","[1,5]",1,no,all residue allocations modulo cyclic rotation
13,13,1,26,2,13,19,ones,FOUND,"{""coeffs"":[1,1,1,1,1,1,1,1,1,1,1,1,1,1,1,1,1,1,1],""positions"":[0,2,4,6,8,10,12,14,16,18,20,22,24,1,3,5,7,9,11]}","[0,6]",1,no,all residue allocations modulo cyclic rotation
13,13,1,26,2,13,19,one_changed,FOUND,"{""coeffs"":[2,1,1,1,1,1,1,1,1,1,1,1,1,1,1,1,1,1,1],""positions"":[0,2,4,6,8,10,12,14,16,18,20,22,24,1,3,5,7,9,11]}","[1,6]",1,no,all residue allocations modulo cyclic rotation
13,13,1,26,2,13,20,ones,FOUND,"{""coeffs"":[1,1,1,1,1,1,1,1,1,1,1,1,1,1,1,1,1,1,1,1],""positions"":[0,2,4,6,8,10,12,14,16,18,20,22,24,1,3,5,7,9,11,13]}","[0,7]",1,no,all residue allocations modulo cyclic rotation
13,13,1,26,2,13,20,one_changed,FOUND,"{""coeffs"":[2,1,1,1,1,1,1,1,1,1,1,1,1,1,1,1,1,1,1,1],""positions"":[0,2,4,6,8,10,12,14,16,18,20,22,24,1,3,5,7,9,11,13]}","[1,7]",1,no,all residue allocations modulo cyclic rotation
13,13,1,26,2,13,21,ones,FOUND,"{""coeffs"":[1,1,1,1,1,1,1,1,1,1,1,1,1,1,1,1,1,1,1,1,1],""positions"":[0,2,4,6,8,10,12,14,16,18,20,22,24,1,3,5,7,9,11,13,15]}","[0,8]",1,no,all residue allocations modulo cyclic rotation
13,13,1,26,2,13,21,one_changed,FOUND,"{""coeffs"":[2,1,1,1,1,1,1,1,1,1,1,1,1,1,1,1,1,1,1,1,1],""positions"":[0,2,4,6,8,10,12,14,16,18,20,22,24,1,3,5,7,9,11,13,15]}","[1,8]",1,no,all residue allocations modulo cyclic rotation
13,13,1,26,2,13,22,ones,FOUND,"{""coeffs"":[1,1,1,1,1,1,1,1,1,1,1,1,1,1,1,1,1,1,1,1,1,1],""positions"":[0,2,4,6,8,10,12,14,16,18,20,22,24,1,3,5,7,9,11,13,15,17]}","[0,9]",1,no,all residue allocations modulo cyclic rotation
13,13,1,26,2,13,22,one_changed,FOUND,"{""coeffs"":[2,1,1,1,1,1,1,1,1,1,1,1,1,1,1,1,1,1,1,1,1,1],""positions"":[0,2,4,6,8,10,12,14,16,18,20,22,24,1,3,5,7,9,11,13,15,17]}","[1,9]",1,no,all residue allocations modulo cyclic rotation
13,13,1,26,2,13,23,ones,FOUND,"{""coeffs"":[1,1,1,1,1,1,1,1,1,1,1,1,1,1,1,1,1,1,1,1,1,1,1],""positions"":[0,2,4,6,8,10,12,14,16,18,20,22,24,1,3,5,7,9,11,13,15,17,19]}","[0,10]",1,no,all residue allocations modulo cyclic rotation
13,13,1,26,2,13,23,one_changed,FOUND,"{""coeffs"":[2,1,1,1,1,1,1,1,1,1,1,1,1,1,1,1,1,1,1,1,1,1,1],""positions"":[0,2,4,6,8,10,12,14,16,18,20,22,24,1,3,5,7,9,11,13,15,17,19]}","[1,10]",1,no,all residue allocations modulo cyclic rotation
13,13,1,26,2,13,24,ones,FOUND,"{""coeffs"":[1,1,1,1,1,1,1,1,1,1,1,1,1,1,1,1,1,1,1,1,1,1,1,1],""positions"":[0,2,4,6,8,10,12,14,16,18,20,22,24,1,3,5,7,9,11,13,15,17,19,21]}","[0,11]",1,no,all residue allocations modulo cyclic rotation
13,13,1,26,2,13,24,one_changed,FOUND,"{""coeffs"":[2,1,1,1,1,1,1,1,1,1,1,1,1,1,1,1,1,1,1,1,1,1,1,1],""positions"":[0,2,4,6,8,10,12,14,16,18,20,22,24,1,3,5,7,9,11,13,15,17,19,21]}","[1,11]",1,no,all residue allocations modulo cyclic rotation
13,13,1,26,2,13,25,ones,FOUND,"{""coeffs"":[1,1,1,1,1,1,1,1,1,1,1,1,1,1,1,1,1,1,1,1,1,1,1,1,1],""positions"":[0,2,4,6,8,10,12,14,16,18,20,22,24,1,3,5,7,9,11,13,15,17,19,21,23]}","[0,12]",1,no,all residue allocations modulo cyclic rotation
13,13,1,26,2,13,25,one_changed,FOUND,"{""coeffs"":[2,1,1,1,1,1,1,1,1,1,1,1,1,1,1,1,1,1,1,1,1,1,1,1,1],""positions"":[0,2,4,6,8,10,12,14,16,18,20,22,24,1,3,5,7,9,11,13,15,17,19,21,23]}","[1,12]",1,no,all residue allocations modulo cyclic rotation
13,13,1,26,2,13,26,ones,NONE,,,1,yes,all residue allocations modulo cyclic rotation
13,13,1,26,2,13,26,one_changed,FOUND,"{""coeffs"":[2,1,1,1,1,1,1,1,1,1,1,1,1,1,1,1,1,1,1,1,1,1,1,1,1,1],""positions"":[0,2,4,6,8,10,12,14,16,18,20,22,24,1,3,5,7,9,11,13,15,17,19,21,23,25]}","[1,0]",1,no,all residue allocations modulo cyclic rotation
13,13,1,27,27,1,2,ones,FOUND,"{""coeffs"":[1,1],""positions"":[0,1]}","[1,1,0,0,0,0,0,0,0,0,0,0,0,0,0,0,0,0,0,0,0,0,0,0,0,0,0]",1,no,all residue allocations modulo cyclic rotation
13,13,1,27,27,1,2,one_changed,FOUND,"{""coeffs"":[1,2],""positions"":[0,1]}","[1,2,0,0,0,0,0,0,0,0,0,0,0,0,0,0,0,0,0,0,0,0,0,0,0,0,0]",1,no,all residue allocations modulo cyclic rotation
13,13,1,27,27,1,2,all_distinct,FOUND,"{""coeffs"":[1,2],""positions"":[0,1]}","[1,2,0,0,0,0,0,0,0,0,0,0,0,0,0,0,0,0,0,0,0,0,0,0,0,0,0]",1,no,all residue allocations modulo cyclic rotation
13,13,1,27,27,1,3,ones,FOUND,"{""coeffs"":[1,1,1],""positions"":[0,1,3]}","[1,1,0,1,0,0,0,0,0,0,0,0,0,0,0,0,0,0,0,0,0,0,0,0,0,0,0]",2,no,all residue allocations modulo cyclic rotation
13,13,1,27,27,1,3,one_changed,FOUND,"{""coeffs"":[2,1,1],""positions"":[0,1,2]}","[2,1,1,0,0,0,0,0,0,0,0,0,0,0,0,0,0,0,0,0,0,0,0,0,0,0,0]",1,no,all residue allocations modulo cyclic rotation
13,13,1,27,27,1,3,all_distinct,FOUND,"{""coeffs"":[1,2,3],""positions"":[0,1,2]}","[1,2,3,0,0,0,0,0,0,0,0,0,0,0,0,0,0,0,0,0,0,0,0,0,0,0,0]",1,no,all residue allocations modulo cyclic rotation
13,13,1,27,27,1,4,ones,FOUND,"{""coeffs"":[1,1,1,1],""positions"":[0,1,2,3]}","[1,1,1,1,0,0,0,0,0,0,0,0,0,0,0,0,0,0,0,0,0,0,0,0,0,0,0]",1,no,all residue allocations modulo cyclic rotation
13,13,1,27,27,1,4,one_changed,FOUND,"{""coeffs"":[2,1,1,1],""positions"":[0,1,2,3]}","[2,1,1,1,0,0,0,0,0,0,0,0,0,0,0,0,0,0,0,0,0,0,0,0,0,0,0]",1,no,all residue allocations modulo cyclic rotation
13,13,1,27,27,1,4,all_distinct,FOUND,"{""coeffs"":[1,2,3,4],""positions"":[0,1,2,3]}","[1,2,3,4,0,0,0,0,0,0,0,0,0,0,0,0,0,0,0,0,0,0,0,0,0,0,0]",1,no,all residue allocations modulo cyclic rotation
13,13,1,27,27,1,5,ones,FOUND,"{""coeffs"":[1,1,1,1,1],""positions"":[0,1,2,3,4]}","[1,1,1,1,1,0,0,0,0,0,0,0,0,0,0,0,0,0,0,0,0,0,0,0,0,0,0]",1,no,all residue allocations modulo cyclic rotation
13,13,1,27,27,1,5,one_changed,FOUND,"{""coeffs"":[2,1,1,1,1],""positions"":[0,1,2,3,4]}","[2,1,1,1,1,0,0,0,0,0,0,0,0,0,0,0,0,0,0,0,0,0,0,0,0,0,0]",1,no,all residue allocations modulo cyclic rotation
13,13,1,27,27,1,5,all_distinct,FOUND,"{""coeffs"":[1,2,3,4,5],""positions"":[0,1,2,3,4]}","[1,2,3,4,5,0,0,0,0,0,0,0,0,0,0,0,0,0,0,0,0,0,0,0,0,0,0]",1,no,all residue allocations modulo cyclic rotation
13,13,1,27,27,1,6,ones,FOUND,"{""coeffs"":[1,1,1,1,1,1],""positions"":[0,1,2,3,4,6]}","[1,1,1,1,1,0,1,0,0,0,0,0,0,0,0,0,0,0,0,0,0,0,0,0,0,0,0]",2,no,all residue allocations modulo cyclic rotation
13,13,1,27,27,1,6,one_changed,FOUND,"{""coeffs"":[2,1,1,1,1,1],""positions"":[0,1,2,3,4,5]}","[2,1,1,1,1,1,0,0,0,0,0,0,0,0,0,0,0,0,0,0,0,0,0,0,0,0,0]",1,no,all residue allocations modulo cyclic rotation
13,13,1,27,27,1,6,all_distinct,FOUND,"{""coeffs"":[1,2,3,4,5,6],""positions"":[0,1,2,3,4,5]}","[1,2,3,4,5,6,0,0,0,0,0,0,0,0,0,0,0,0,0,0,0,0,0,0,0,0,0]",1,no,all residue allocations modulo cyclic rotation
13,13,1,27,27,1,7,ones,FOUND,"{""coeffs"":[1,1,1,1,1,1,1],""positions"":[0,1,2,3,4,5,6]}","[1,1,1,1,1,1,1,0,0,0,0,0,0,0,0,0,0,0,0,0,0,0,0,0,0,0,0]",1,no,all residue allocations modulo cyclic rotation
13,13,1,27,27,1,7,one_changed,FOUND,"{""coeffs"":[2,1,1,1,1,1,1],""positions"":[0,1,2,3,4,5,6]}","[2,1,1,1,1,1,1,0,0,0,0,0,0,0,0,0,0,0,0,0,0,0,0,0,0,0,0]",1,no,all residue allocations modulo cyclic rotation
13,13,1,27,27,1,7,all_distinct,FOUND,"{""coeffs"":[1,2,3,4,5,6,7],""positions"":[0,1,2,3,4,5,6]}","[1,2,3,4,5,6,7,0,0,0,0,0,0,0,0,0,0,0,0,0,0,0,0,0,0,0,0]",1,no,all residue allocations modulo cyclic rotation
13,13,1,27,27,1,8,ones,FOUND,"{""coeffs"":[1,1,1,1,1,1,1,1],""positions"":[0,1,2,3,4,5,6,7]}","[1,1,1,1,1,1,1,1,0,0,0,0,0,0,0,0,0,0,0,0,0,0,0,0,0,0,0]",1,no,all residue allocations modulo cyclic rotation
13,13,1,27,27,1,8,one_changed,FOUND,"{""coeffs"":[2,1,1,1,1,1,1,1],""positions"":[0,1,2,3,4,5,6,7]}","[2,1,1,1,1,1,1,1,0,0,0,0,0,0,0,0,0,0,0,0,0,0,0,0,0,0,0]",1,no,all residue allocations modulo cyclic rotation
13,13,1,27,27,1,8,all_distinct,FOUND,"{""coeffs"":[1,2,3,4,5,6,7,8],""positions"":[0,1,2,3,4,5,6,7]}","[1,2,3,4,5,6,7,8,0,0,0,0,0,0,0,0,0,0,0,0,0,0,0,0,0,0,0]",1,no,all residue allocations modulo cyclic rotation
13,13,1,27,27,1,9,ones,FOUND,"{""coeffs"":[1,1,1,1,1,1,1,1,1],""positions"":[0,1,2,3,4,5,6,7,9]}","[1,1,1,1,1,1,1,1,0,1,0,0,0,0,0,0,0,0,0,0,0,0,0,0,0,0,0]",2,no,all residue allocations modulo cyclic rotation
13,13,1,27,27,1,9,one_changed,FOUND,"{""coeffs"":[2,1,1,1,1,1,1,1,1],""positions"":[0,1,2,3,4,5,6,7,8]}","[2,1,1,1,1,1,1,1,1,0,0,0,0,0,0,0,0,0,0,0,0,0,0,0,0,0,0]",1,no,all residue allocations modulo cyclic rotation
13,13,1,27,27,1,9,all_distinct,FOUND,"{""coeffs"":[1,2,3,4,5,6,7,8,9],""positions"":[0,1,2,3,4,5,6,7,8]}","[1,2,3,4,5,6,7,8,9,0,0,0,0,0,0,0,0,0,0,0,0,0,0,0,0,0,0]",1,no,all residue allocations modulo cyclic rotation
13,13,1,27,27,1,10,ones,FOUND,"{""coeffs"":[1,1,1,1,1,1,1,1,1,1],""positions"":[0,1,2,3,4,5,6,7,8,9]}","[1,1,1,1,1,1,1,1,1,1,0,0,0,0,0,0,0,0,0,0,0,0,0,0,0,0,0]",1,no,all residue allocations modulo cyclic rotation
13,13,1,27,27,1,10,one_changed,FOUND,"{""coeffs"":[2,1,1,1,1,1,1,1,1,1],""positions"":[0,1,2,3,4,5,6,7,8,9]}","[2,1,1,1,1,1,1,1,1,1,0,0,0,0,0,0,0,0,0,0,0,0,0,0,0,0,0]",1,no,all residue allocations modulo cyclic rotation
13,13,1,27,27,1,10,all_distinct,FOUND,"{""coeffs"":[1,2,3,4,5,6,7,8,9,10],""positions"":[0,1,2,3,4,5,6,7,8,9]}","[1,2,3,4,5,6,7,8,9,10,0,0,0,0,0,0,0,0,0,0,0,0,0,0,0,0,0]",1,no,all residue allocations modulo cyclic rotation
13,13,1,27,27,1,11,ones,FOUND,"{""coeffs"":[1,1,1,1,1,1,1,1,1,1,1],""positions"":[0,1,2,3,4,5,6,7,8,9,10]}","[1,1,1,1,1,1,1,1,1,1,1,0,0,0,0,0,0,0,0,0,0,0,0,0,0,0,0]",1,no,all residue allocations modulo cyclic rotation
13,13,1,27,27,1,11,one_changed,FOUND,"{""coeffs"":[2,1,1,1,1,1,1,1,1,1,1],""positions"":[0,1,2,3,4,5,6,7,8,9,10]}","[2,1,1,1,1,1,1,1,1,1,1,0,0,0,0,0,0,0,0,0,0,0,0,0,0,0,0]",1,no,all residue allocations modulo cyclic rotation
13,13,1,27,27,1,11,all_distinct,FOUND,"{""coeffs"":[1,2,3,4,5,6,7,8,9,10,11],""positions"":[0,1,2,3,4,5,6,7,8,9,10]}","[1,2,3,4,5,6,7,8,9,10,11,0,0,0,0,0,0,0,0,0,0,0,0,0,0,0,0]",1,no,all residue allocations modulo cyclic rotation
13,13,1,27,27,1,12,ones,FOUND,"{""coeffs"":[1,1,1,1,1,1,1,1,1,1,1,1],""positions"":[0,1,2,3,4,5,6,7,8,9,10,12]}","[1,1,1,1,1,1,1,1,1,1,1,0,1,0,0,0,0,0,0,0,0,0,0,0,0,0,0]",2,no,all residue allocations modulo cyclic rotation
13,13,1,27,27,1,12,one_changed,FOUND,"{""coeffs"":[2,1,1,1,1,1,1,1,1,1,1,1],""positions"":[0,1,2,3,4,5,6,7,8,9,10,11]}","[2,1,1,1,1,1,1,1,1,1,1,1,0,0,0,0,0,0,0,0,0,0,0,0,0,0,0]",1,no,all residue allocations modulo cyclic rotation
13,13,1,27,27,1,12,all_distinct,FOUND,"{""coeffs"":[1,2,3,4,5,6,7,8,9,10,11,12],""positions"":[0,1,2,3,4,5,6,7,8,9,10,11]}","[1,2,3,4,5,6,7,8,9,10,11,12,0,0,0,0,0,0,0,0,0,0,0,0,0,0,0]",1,no,all residue allocations modulo cyclic rotation
13,13,1,27,27,1,13,ones,FOUND,"{""coeffs"":[1,1,1,1,1,1,1,1,1,1,1,1,1],""positions"":[0,1,2,3,4,5,6,7,8,9,10,11,12]}","[1,1,1,1,1,1,1,1,1,1,1,1,1,0,0,0,0,0,0,0,0,0,0,0,0,0,0]",1,no,all residue allocations modulo cyclic rotation
13,13,1,27,27,1,13,one_changed,FOUND,"{""coeffs"":[2,1,1,1,1,1,1,1,1,1,1,1,1],""positions"":[0,1,2,3,4,5,6,7,8,9,10,11,12]}","[2,1,1,1,1,1,1,1,1,1,1,1,1,0,0,0,0,0,0,0,0,0,0,0,0,0,0]",1,no,all residue allocations modulo cyclic rotation
13,13,1,27,27,1,14,ones,FOUND,"{""coeffs"":[1,1,1,1,1,1,1,1,1,1,1,1,1,1],""positions"":[0,1,2,3,4,5,6,7,8,9,10,11,12,13]}","[1,1,1,1,1,1,1,1,1,1,1,1,1,1,0,0,0,0,0,0,0,0,0,0,0,0,0]",1,no,all residue allocations modulo cyclic rotation
13,13,1,27,27,1,14,one_changed,FOUND,"{""coeffs"":[2,1,1,1,1,1,1,1,1,1,1,1,1,1],""positions"":[0,1,2,3,4,5,6,7,8,9,10,11,12,13]}","[2,1,1,1,1,1,1,1,1,1,1,1,1,1,0,0,0,0,0,0,0,0,0,0,0,0,0]",1,no,all residue allocations modulo cyclic rotation
13,13,1,27,27,1,15,ones,FOUND,"{""coeffs"":[1,1,1,1,1,1,1,1,1,1,1,1,1,1,1],""positions"":[0,1,2,3,4,5,6,7,8,9,10,11,12,13,15]}","[1,1,1,1,1,1,1,1,1,1,1,1,1,1,0,1,0,0,0,0,0,0,0,0,0,0,0]",2,no,all residue allocations modulo cyclic rotation
13,13,1,27,27,1,15,one_changed,FOUND,"{""coeffs"":[2,1,1,1,1,1,1,1,1,1,1,1,1,1,1],""positions"":[0,1,2,3,4,5,6,7,8,9,10,11,12,13,14]}","[2,1,1,1,1,1,1,1,1,1,1,1,1,1,1,0,0,0,0,0,0,0,0,0,0,0,0]",1,no,all residue allocations modulo cyclic rotation
13,13,1,27,27,1,16,ones,FOUND,"{""coeffs"":[1,1,1,1,1,1,1,1,1,1,1,1,1,1,1,1],""positions"":[0,1,2,3,4,5,6,7,8,9,10,11,12,13,14,15]}","[1,1,1,1,1,1,1,1,1,1,1,1,1,1,1,1,0,0,0,0,0,0,0,0,0,0,0]",1,no,all residue allocations modulo cyclic rotation
13,13,1,27,27,1,16,one_changed,FOUND,"{""coeffs"":[2,1,1,1,1,1,1,1,1,1,1,1,1,1,1,1],""positions"":[0,1,2,3,4,5,6,7,8,9,10,11,12,13,14,15]}","[2,1,1,1,1,1,1,1,1,1,1,1,1,1,1,1,0,0,0,0,0,0,0,0,0,0,0]",1,no,all residue allocations modulo cyclic rotation
13,13,1,27,27,1,17,ones,FOUND,"{""coeffs"":[1,1,1,1,1,1,1,1,1,1,1,1,1,1,1,1,1],""positions"":[0,1,2,3,4,5,6,7,8,9,10,11,12,13,14,15,16]}","[1,1,1,1,1,1,1,1,1,1,1,1,1,1,1,1,1,0,0,0,0,0,0,0,0,0,0]",1,no,all residue allocations modulo cyclic rotation
13,13,1,27,27,1,17,one_changed,FOUND,"{""coeffs"":[2,1,1,1,1,1,1,1,1,1,1,1,1,1,1,1,1],""positions"":[0,1,2,3,4,5,6,7,8,9,10,11,12,13,14,15,16]}","[2,1,1,1,1,1,1,1,1,1,1,1,1,1,1,1,1,0,0,0,0,0,0,0,0,0,0]",1,no,all residue allocations modulo cyclic rotation
13,13,1,27,27,1,18,ones,FOUND,"{""coeffs"":[1,1,1,1,1,1,1,1,1,1,1,1,1,1,1,1,1,1],""positions"":[0,1,2,3,4,5,6,7,8,9,10,11,12,13,14,15,16,18]}","[1,1,1,1,1,1,1,1,1,1,1,1,1,1,1,1,1,0,1,0,0,0,0,0,0,0,0]",2,no,all residue allocations modulo cyclic rotation
13,13,1,27,27,1,18,one_changed,FOUND,"{""coeffs"":[2,1,1,1,1,1,1,1,1,1,1,1,1,1,1,1,1,1],""positions"":[0,1,2,3,4,5,6,7,8,9,10,11,12,13,14,15,16,17]}","[2,1,1,1,1,1,1,1,1,1,1,1,1,1,1,1,1,1,0,0,0,0,0,0,0,0,0]",1,no,all residue allocations modulo cyclic rotation
13,13,1,27,27,1,19,ones,FOUND,"{""coeffs"":[1,1,1,1,1,1,1,1,1,1,1,1,1,1,1,1,1,1,1],""positions"":[0,1,2,3,4,5,6,7,8,9,10,11,12,13,14,15,16,17,18]}","[1,1,1,1,1,1,1,1,1,1,1,1,1,1,1,1,1,1,1,0,0,0,0,0,0,0,0]",1,no,all residue allocations modulo cyclic rotation
13,13,1,27,27,1,19,one_changed,FOUND,"{""coeffs"":[2,1,1,1,1,1,1,1,1,1,1,1,1,1,1,1,1,1,1],""positions"":[0,1,2,3,4,5,6,7,8,9,10,11,12,13,14,15,16,17,18]}","[2,1,1,1,1,1,1,1,1,1,1,1,1,1,1,1,1,1,1,0,0,0,0,0,0,0,0]",1,no,all residue allocations modulo cyclic rotation
13,13,1,27,27,1,20,ones,FOUND,"{""coeffs"":[1,1,1,1,1,1,1,1,1,1,1,1,1,1,1,1,1,1,1,1],""positions"":[0,1,2,3,4,5,6,7,8,9,10,11,12,13,14,15,16,17,18,19]}","[1,1,1,1,1,1,1,1,1,1,1,1,1,1,1,1,1,1,1,1,0,0,0,0,0,0,0]",1,no,all residue allocations modulo cyclic rotation
13,13,1,27,27,1,20,one_changed,FOUND,"{""coeffs"":[2,1,1,1,1,1,1,1,1,1,1,1,1,1,1,1,1,1,1,1],""positions"":[0,1,2,3,4,5,6,7,8,9,10,11,12,13,14,15,16,17,18,19]}","[2,1,1,1,1,1,1,1,1,1,1,1,1,1,1,1,1,1,1,1,0,0,0,0,0,0,0]",1,no,all residue allocations modulo cyclic rotation
13,13,1,27,27,1,21,ones,FOUND,"{""coeffs"":[1,1,1,1,1,1,1,1,1,1,1,1,1,1,1,1,1,1,1,1,1],""positions"":[0,1,2,3,4,5,6,7,8,9,10,11,12,13,14,15,16,17,18,19,21]}","[1,1,1,1,1,1,1,1,1,1,1,1,1,1,1,1,1,1,1,1,0,1,0,0,0,0,0]",2,no,all residue allocations modulo cyclic rotation
13,13,1,27,27,1,21,one_changed,FOUND,"{""coeffs"":[2,1,1,1,1,1,1,1,1,1,1,1,1,1,1,1,1,1,1,1,1],""positions"":[0,1,2,3,4,5,6,7,8,9,10,11,12,13,14,15,16,17,18,19,20]}","[2,1,1,1,1,1,1,1,1,1,1,1,1,1,1,1,1,1,1,1,1,0,0,0,0,0,0]",1,no,all residue allocations modulo cyclic rotation
13,13,1,27,27,1,22,ones,FOUND,"{""coeffs"":[1,1,1,1,1,1,1,1,1,1,1,1,1,1,1,1,1,1,1,1,1,1],""positions"":[0,1,2,3,4,5,6,7,8,9,10,11,12,13,14,15,16,17,18,19,20,21]}","[1,1,1,1,1,1,1,1,1,1,1,1,1,1,1,1,1,1,1,1,1,1,0,0,0,0,0]",1,no,all residue allocations modulo cyclic rotation
13,13,1,27,27,1,22,one_changed,FOUND,"{""coeffs"":[2,1,1,1,1,1,1,1,1,1,1,1,1,1,1,1,1,1,1,1,1,1],""positions"":[0,1,2,3,4,5,6,7,8,9,10,11,12,13,14,15,16,17,18,19,20,21]}","[2,1,1,1,1,1,1,1,1,1,1,1,1,1,1,1,1,1,1,1,1,1,0,0,0,0,0]",1,no,all residue allocations modulo cyclic rotation
13,13,1,27,27,1,23,ones,FOUND,"{""coeffs"":[1,1,1,1,1,1,1,1,1,1,1,1,1,1,1,1,1,1,1,1,1,1,1],""positions"":[0,1,2,3,4,5,6,7,8,9,10,11,12,13,14,15,16,17,18,19,20,21,22]}","[1,1,1,1,1,1,1,1,1,1,1,1,1,1,1,1,1,1,1,1,1,1,1,0,0,0,0]",1,no,all residue allocations modulo cyclic rotation
13,13,1,27,27,1,23,one_changed,FOUND,"{""coeffs"":[2,1,1,1,1,1,1,1,1,1,1,1,1,1,1,1,1,1,1,1,1,1,1],""positions"":[0,1,2,3,4,5,6,7,8,9,10,11,12,13,14,15,16,17,18,19,20,21,22]}","[2,1,1,1,1,1,1,1,1,1,1,1,1,1,1,1,1,1,1,1,1,1,1,0,0,0,0]",1,no,all residue allocations modulo cyclic rotation
13,13,1,27,27,1,24,ones,FOUND,"{""coeffs"":[1,1,1,1,1,1,1,1,1,1,1,1,1,1,1,1,1,1,1,1,1,1,1,1],""positions"":[0,1,2,3,4,5,6,7,8,9,10,11,12,13,14,15,16,17,18,19,20,21,22,24]}","[1,1,1,1,1,1,1,1,1,1,1,1,1,1,1,1,1,1,1,1,1,1,1,0,1,0,0]",2,no,all residue allocations modulo cyclic rotation
13,13,1,27,27,1,24,one_changed,FOUND,"{""coeffs"":[2,1,1,1,1,1,1,1,1,1,1,1,1,1,1,1,1,1,1,1,1,1,1,1],""positions"":[0,1,2,3,4,5,6,7,8,9,10,11,12,13,14,15,16,17,18,19,20,21,22,23]}","[2,1,1,1,1,1,1,1,1,1,1,1,1,1,1,1,1,1,1,1,1,1,1,1,0,0,0]",1,no,all residue allocations modulo cyclic rotation
13,13,1,27,27,1,25,ones,FOUND,"{""coeffs"":[1,1,1,1,1,1,1,1,1,1,1,1,1,1,1,1,1,1,1,1,1,1,1,1,1],""positions"":[0,1,2,3,4,5,6,7,8,9,10,11,12,13,14,15,16,17,18,19,20,21,22,23,24]}","[1,1,1,1,1,1,1,1,1,1,1,1,1,1,1,1,1,1,1,1,1,1,1,1,1,0,0]",1,no,all residue allocations modulo cyclic rotation
13,13,1,27,27,1,25,one_changed,FOUND,"{""coeffs"":[2,1,1,1,1,1,1,1,1,1,1,1,1,1,1,1,1,1,1,1,1,1,1,1,1],""positions"":[0,1,2,3,4,5,6,7,8,9,10,11,12,13,14,15,16,17,18,19,20,21,22,23,24]}","[2,1,1,1,1,1,1,1,1,1,1,1,1,1,1,1,1,1,1,1,1,1,1,1,1,0,0]",1,no,all residue allocations modulo cyclic rotation
13,13,1,27,27,1,26,ones,FOUND,"{""coeffs"":[1,1,1,1,1,1,1,1,1,1,1,1,1,1,1,1,1,1,1,1,1,1,1,1,1,1],""positions"":[0,1,2,3,4,5,6,7,8,9,10,11,12,13,14,15,16,17,18,19,20,21,22,23,24,25]}","[1,1,1,1,1,1,1,1,1,1,1,1,1,1,1,1,1,1,1,1,1,1,1,1,1,1,0]",1,no,all residue allocations modulo cyclic rotation
13,13,1,27,27,1,26,one_changed,FOUND,"{""coeffs"":[2,1,1,1,1,1,1,1,1,1,1,1,1,1,1,1,1,1,1,1,1,1,1,1,1,1],""positions"":[0,1,2,3,4,5,6,7,8,9,10,11,12,13,14,15,16,17,18,19,20,21,22,23,24,25]}","[2,1,1,1,1,1,1,1,1,1,1,1,1,1,1,1,1,1,1,1,1,1,1,1,1,1,0]",1,no,all residue allocations modulo cyclic rotation
13,13,1,27,27,1,27,ones,NONE,,,1,yes,all residue allocations modulo cyclic rotation
13,13,1,27,27,1,27,one_changed,FOUND,"{""coeffs"":[2,1,1,1,1,1,1,1,1,1,1,1,1,1,1,1,1,1,1,1,1,1,1,1,1,1,1],""positions"":[0,1,2,3,4,5,6,7,8,9,10,11,12,13,14,15,16,17,18,19,20,21,22,23,24,25,26]}","[2,1,1,1,1,1,1,1,1,1,1,1,1,1,1,1,1,1,1,1,1,1,1,1,1,1,1]",1,no,all residue allocations modulo cyclic rotation
13,13,1,28,28,1,2,ones,FOUND,"{""coeffs"":[1,1],""positions"":[0,4]}","[1,0,0,0,1,0,0,0,0,0,0,0,0,0,0,0,0,0,0,0,0,0,0,0,0,0,0,0]",4,no,all residue allocations modulo cyclic rotation
13,13,1,28,28,1,2,one_changed,FOUND,"{""coeffs"":[1,2],""positions"":[0,1]}","[1,2,0,0,0,0,0,0,0,0,0,0,0,0,0,0,0,0,0,0,0,0,0,0,0,0,0,0]",1,no,all residue allocations modulo cyclic rotation
13,13,1,28,28,1,2,all_distinct,FOUND,"{""coeffs"":[1,2],""positions"":[0,1]}","[1,2,0,0,0,0,0,0,0,0,0,0,0,0,0,0,0,0,0,0,0,0,0,0,0,0,0,0]",1,no,all residue allocations modulo cyclic rotation
13,13,1,28,28,1,3,ones,FOUND,"{""coeffs"":[1,1,1],""positions"":[0,1,2]}","[1,1,1,0,0,0,0,0,0,0,0,0,0,0,0,0,0,0,0,0,0,0,0,0,0,0,0,0]",1,no,all residue allocations modulo cyclic rotation
13,13,1,28,28,1,3,one_changed,FOUND,"{""coeffs"":[2,1,1],""positions"":[0,1,2]}","[2,1,1,0,0,0,0,0,0,0,0,0,0,0,0,0,0,0,0,0,0,0,0,0,0,0,0,0]",1,no,all residue allocations modulo cyclic rotation
13,13,1,28,28,1,3,all_distinct,FOUND,"{""coeffs"":[1,2,3],""positions"":[0,1,2]}","[1,2,3,0,0,0,0,0,0,0,0,0,0,0,0,0,0,0,0,0,0,0,0,0,0,0,0,0]",1,no,all residue allocations modulo cyclic rotation
13,13,1,28,28,1,4,ones,FOUND,"{""coeffs"":[1,1,1,1],""positions"":[0,1,2,4]}","[1,1,1,0,1,0,0,0,0,0,0,0,0,0,0,0,0,0,0,0,0,0,0,0,0,0,0,0]",2,no,all residue allocations modulo cyclic rotation
13,13,1,28,28,1,4,one_changed,FOUND,"{""coeffs"":[2,1,1,1],""positions"":[0,1,2,3]}","[2,1,1,1,0,0,0,0,0,0,0,0,0,0,0,0,0,0,0,0,0,0,0,0,0,0,0,0]",1,no,all residue allocations modulo cyclic rotation
13,13,1,28,28,1,4,all_distinct,FOUND,"{""coeffs"":[1,2,3,4],""positions"":[0,1,2,3]}","[1,2,3,4,0,0,0,0,0,0,0,0,0,0,0,0,0,0,0,0,0,0,0,0,0,0,0,0]",1,no,all residue allocations modulo cyclic rotation
13,13,1,28,28,1,5,ones,FOUND,"{""coeffs"":[1,1,1,1,1],""positions"":[0,1,2,3,4]}","[1,1,1,1,1,0,0,0,0,0,0,0,0,0,0,0,0,0,0,0,0,0,0,0,0,0,0,0]",1,no,all residue allocations modulo cyclic rotation
13,13,1,28,28,1,5,one_changed,FOUND,"{""coeffs"":[2,1,1,1,1],""positions"":[0,1,2,3,4]}","[2,1,1,1,1,0,0,0,0,0,0,0,0,0,0,0,0,0,0,0,0,0,0,0,0,0,0,0]",1,no,all residue allocations modulo cyclic rotation
13,13,1,28,28,1,5,all_distinct,FOUND,"{""coeffs"":[1,2,3,4,5],""positions"":[0,1,2,3,4]}","[1,2,3,4,5,0,0,0,0,0,0,0,0,0,0,0,0,0,0,0,0,0,0,0,0,0,0,0]",1,no,all residue allocations modulo cyclic rotation
13,13,1,28,28,1,6,ones,FOUND,"{""coeffs"":[1,1,1,1,1,1],""positions"":[0,1,2,3,4,8]}","[1,1,1,1,1,0,0,0,1,0,0,0,0,0,0,0,0,0,0,0,0,0,0,0,0,0,0,0]",4,no,all residue allocations modulo cyclic rotation
13,13,1,28,28,1,6,one_changed,FOUND,"{""coeffs"":[2,1,1,1,1,1],""positions"":[0,1,2,3,4,5]}","[2,1,1,1,1,1,0,0,0,0,0,0,0,0,0,0,0,0,0,0,0,0,0,0,0,0,0,0]",1,no,all residue allocations modulo cyclic rotation
13,13,1,28,28,1,6,all_distinct,FOUND,"{""coeffs"":[1,2,3,4,5,6],""positions"":[0,1,2,3,4,5]}","[1,2,3,4,5,6,0,0,0,0,0,0,0,0,0,0,0,0,0,0,0,0,0,0,0,0,0,0]",1,no,all residue allocations modulo cyclic rotation
13,13,1,28,28,1,7,ones,FOUND,"{""coeffs"":[1,1,1,1,1,1,1],""positions"":[0,1,2,3,4,5,7]}","[1,1,1,1,1,1,0,1,0,0,0,0,0,0,0,0,0,0,0,0,0,0,0,0,0,0,0,0]",2,no,all residue allocations modulo cyclic rotation
13,13,1,28,28,1,7,one_changed,FOUND,"{""coeffs"":[2,1,1,1,1,1,1],""positions"":[0,1,2,3,4,5,6]}","[2,1,1,1,1,1,1,0,0,0,0,0,0,0,0,0,0,0,0,0,0,0,0,0,0,0,0,0]",1,no,all residue allocations modulo cyclic rotation
13,13,1,28,28,1,7,all_distinct,FOUND,"{""coeffs"":[1,2,3,4,5,6,7],""positions"":[0,1,2,3,4,5,6]}","[1,2,3,4,5,6,7,0,0,0,0,0,0,0,0,0,0,0,0,0,0,0,0,0,0,0,0,0]",1,no,all residue allocations modulo cyclic rotation
13,13,1,28,28,1,8,ones,FOUND,"{""coeffs"":[1,1,1,1,1,1,1,1],""positions"":[0,1,2,3,4,5,6,8]}","[1,1,1,1,1,1,1,0,1,0,0,0,0,0,0,0,0,0,0,0,0,0,0,0,0,0,0,0]",2,no,all residue allocations modulo cyclic rotation
13,13,1,28,28,1,8,one_changed,FOUND,"{""coeffs"":[2,1,1,1,1,1,1,1],""positions"":[0,1,2,3,4,5,6,7]}","[2,1,1,1,1,1,1,1,0,0,0,0,0,0,0,0,0,0,0,0,0,0,0,0,0,0,0,0]",1,no,all residue allocations modulo cyclic rotation
13,13,1,28,28,1,8,all_distinct,FOUND,"{""coeffs"":[1,2,3,4,5,6,7,8],""positions"":[0,1,2,3,4,5,6,7]}","[1,2,3,4,5,6,7,8,0,0,0,0,0,0,0,0,0,0,0,0,0,0,0,0,0,0,0,0]",1,no,all residue allocations modulo cyclic rotation
13,13,1,28,28,1,9,ones,FOUND,"{""coeffs"":[1,1,1,1,1,1,1,1,1],""positions"":[0,1,2,3,4,5,6,7,8]}","[1,1,1,1,1,1,1,1,1,0,0,0,0,0,0,0,0,0,0,0,0,0,0,0,0,0,0,0]",1,no,all residue allocations modulo cyclic rotation
13,13,1,28,28,1,9,one_changed,FOUND,"{""coeffs"":[2,1,1,1,1,1,1,1,1],""positions"":[0,1,2,3,4,5,6,7,8]}","[2,1,1,1,1,1,1,1,1,0,0,0,0,0,0,0,0,0,0,0,0,0,0,0,0,0,0,0]",1,no,all residue allocations modulo cyclic rotation
13,13,1,28,28,1,9,all_distinct,FOUND,"{""coeffs"":[1,2,3,4,5,6,7,8,9],""positions"":[0,1,2,3,4,5,6,7,8]}","[1,2,3,4,5,6,7,8,9,0,0,0,0,0,0,0,0,0,0,0,0,0,0,0,0,0,0,0]",1,no,all residue allocations modulo cyclic rotation
13,13,1,28,28,1,10,ones,FOUND,"{""coeffs"":[1,1,1,1,1,1,1,1,1,1],""positions"":[0,1,2,3,4,5,6,7,8,12]}","[1,1,1,1,1,1,1,1,1,0,0,0,1,0,0,0,0,0,0,0,0,0,0,0,0,0,0,0]",4,no,all residue allocations modulo cyclic rotation
13,13,1,28,28,1,10,one_changed,FOUND,"{""coeffs"":[2,1,1,1,1,1,1,1,1,1],""positions"":[0,1,2,3,4,5,6,7,8,9]}","[2,1,1,1,1,1,1,1,1,1,0,0,0,0,0,0,0,0,0,0,0,0,0,0,0,0,0,0]",1,no,all residue allocations modulo cyclic rotation
13,13,1,28,28,1,10,all_distinct,FOUND,"{""coeffs"":[1,2,3,4,5,6,7,8,9,10],""positions"":[0,1,2,3,4,5,6,7,8,9]}","[1,2,3,4,5,6,7,8,9,10,0,0,0,0,0,0,0,0,0,0,0,0,0,0,0,0,0,0]",1,no,all residue allocations modulo cyclic rotation
13,13,1,28,28,1,11,ones,FOUND,"{""coeffs"":[1,1,1,1,1,1,1,1,1,1,1],""positions"":[0,1,2,3,4,5,6,7,8,9,10]}","[1,1,1,1,1,1,1,1,1,1,1,0,0,0,0,0,0,0,0,0,0,0,0,0,0,0,0,0]",1,no,all residue allocations modulo cyclic rotation
13,13,1,28,28,1,11,one_changed,FOUND,"{""coeffs"":[2,1,1,1,1,1,1,1,1,1,1],""positions"":[0,1,2,3,4,5,6,7,8,9,10]}","[2,1,1,1,1,1,1,1,1,1,1,0,0,0,0,0,0,0,0,0,0,0,0,0,0,0,0,0]",1,no,all residue allocations modulo cyclic rotation
13,13,1,28,28,1,11,all_distinct,FOUND,"{""coeffs"":[1,2,3,4,5,6,7,8,9,10,11],""positions"":[0,1,2,3,4,5,6,7,8,9,10]}","[1,2,3,4,5,6,7,8,9,10,11,0,0,0,0,0,0,0,0,0,0,0,0,0,0,0,0,0]",1,no,all residue allocations modulo cyclic rotation
13,13,1,28,28,1,12,ones,FOUND,"{""coeffs"":[1,1,1,1,1,1,1,1,1,1,1,1],""positions"":[0,1,2,3,4,5,6,7,8,9,10,12]}","[1,1,1,1,1,1,1,1,1,1,1,0,1,0,0,0,0,0,0,0,0,0,0,0,0,0,0,0]",2,no,all residue allocations modulo cyclic rotation
13,13,1,28,28,1,12,one_changed,FOUND,"{""coeffs"":[2,1,1,1,1,1,1,1,1,1,1,1],""positions"":[0,1,2,3,4,5,6,7,8,9,10,11]}","[2,1,1,1,1,1,1,1,1,1,1,1,0,0,0,0,0,0,0,0,0,0,0,0,0,0,0,0]",1,no,all residue allocations modulo cyclic rotation
13,13,1,28,28,1,12,all_distinct,FOUND,"{""coeffs"":[1,2,3,4,5,6,7,8,9,10,11,12],""positions"":[0,1,2,3,4,5,6,7,8,9,10,11]}","[1,2,3,4,5,6,7,8,9,10,11,12,0,0,0,0,0,0,0,0,0,0,0,0,0,0,0,0]",1,no,all residue allocations modulo cyclic rotation
13,13,1,28,28,1,13,ones,FOUND,"{""coeffs"":[1,1,1,1,1,1,1,1,1,1,1,1,1],""positions"":[0,1,2,3,4,5,6,7,8,9,10,11,12]}","[1,1,1,1,1,1,1,1,1,1,1,1,1,0,0,0,0,0,0,0,0,0,0,0,0,0,0,0]",1,no,all residue allocations modulo cyclic rotation
13,13,1,28,28,1,13,one_changed,FOUND,"{""coeffs"":[2,1,1,1,1,1,1,1,1,1,1,1,1],""positions"":[0,1,2,3,4,5,6,7,8,9,10,11,12]}","[2,1,1,1,1,1,1,1,1,1,1,1,1,0,0,0,0,0,0,0,0,0,0,0,0,0,0,0]",1,no,all residue allocations modulo cyclic rotation
13,13,1,28,28,1,14,ones,FOUND,"{""coeffs"":[1,1,1,1,1,1,1,1,1,1,1,1,1,1],""positions"":[0,1,2,3,4,5,6,7,8,9,10,11,12,16]}","[1,1,1,1,1,1,1,1,1,1,1,1,1,0,0,0,1,0,0,0,0,0,0,0,0,0,0,0]",4,no,all residue allocations modulo cyclic rotation
13,13,1,28,28,1,14,one_changed,FOUND,"{""coeffs"":[2,1,1,1,1,1,1,1,1,1,1,1,1,1],""positions"":[0,1,2,3,4,5,6,7,8,9,10,11,12,13]}","[2,1,1,1,1,1,1,1,1,1,1,1,1,1,0,0,0,0,0,0,0,0,0,0,0,0,0,0]",1,no,all residue allocations modulo cyclic rotation
13,13,1,28,28,1,15,ones,FOUND,"{""coeffs"":[1,1,1,1,1,1,1,1,1,1,1,1,1,1,1],""positions"":[0,1,2,3,4,5,6,7,8,9,10,11,12,13,14]}","[1,1,1,1,1,1,1,1,1,1,1,1,1,1,1,0,0,0,0,0,0,0,0,0,0,0,0,0]",1,no,all residue allocations modulo cyclic rotation
13,13,1,28,28,1,15,one_changed,FOUND,"{""coeffs"":[2,1,1,1,1,1,1,1,1,1,1,1,1,1,1],""positions"":[0,1,2,3,4,5,6,7,8,9,10,11,12,13,14]}","[2,1,1,1,1,1,1,1,1,1,1,1,1,1,1,0,0,0,0,0,0,0,0,0,0,0,0,0]",1,no,all residue allocations modulo cyclic rotation
13,13,1,28,28,1,16,ones,FOUND,"{""coeffs"":[1,1,1,1,1,1,1,1,1,1,1,1,1,1,1,1],""positions"":[0,1,2,3,4,5,6,7,8,9,10,11,12,13,14,16]}","[1,1,1,1,1,1,1,1,1,1,1,1,1,1,1,0,1,0,0,0,0,0,0,0,0,0,0,0]",2,no,all residue allocations modulo cyclic rotation
13,13,1,28,28,1,16,one_changed,FOUND,"{""coeffs"":[2,1,1,1,1,1,1,1,1,1,1,1,1,1,1,1],""positions"":[0,1,2,3,4,5,6,7,8,9,10,11,12,13,14,15]}","[2,1,1,1,1,1,1,1,1,1,1,1,1,1,1,1,0,0,0,0,0,0,0,0,0,0,0,0]",1,no,all residue allocations modulo cyclic rotation
13,13,1,28,28,1,17,ones,FOUND,"{""coeffs"":[1,1,1,1,1,1,1,1,1,1,1,1,1,1,1,1,1],""positions"":[0,1,2,3,4,5,6,7,8,9,10,11,12,13,14,15,16]}","[1,1,1,1,1,1,1,1,1,1,1,1,1,1,1,1,1,0,0,0,0,0,0,0,0,0,0,0]",1,no,all residue allocations modulo cyclic rotation
13,13,1,28,28,1,17,one_changed,FOUND,"{""coeffs"":[2,1,1,1,1,1,1,1,1,1,1,1,1,1,1,1,1],""positions"":[0,1,2,3,4,5,6,7,8,9,10,11,12,13,14,15,16]}","[2,1,1,1,1,1,1,1,1,1,1,1,1,1,1,1,1,0,0,0,0,0,0,0,0,0,0,0]",1,no,all residue allocations modulo cyclic rotation
13,13,1,28,28,1,18,ones,FOUND,"{""coeffs"":[1,1,1,1,1,1,1,1,1,1,1,1,1,1,1,1,1,1],""positions"":[0,1,2,3,4,5,6,7,8,9,10,11,12,13,14,15,16,20]}","[1,1,1,1,1,1,1,1,1,1,1,1,1,1,1,1,1,0,0,0,1,0,0,0,0,0,0,0]",4,no,all residue allocations modulo cyclic rotation
13,13,1,28,28,1,18,one_changed,FOUND,"{""coeffs"":[2,1,1,1,1,1,1,1,1,1,1,1,1,1,1,1,1,1],""positions"":[0,1,2,3,4,5,6,7,8,9,10,11,12,13,14,15,16,17]}","[2,1,1,1,1,1,1,1,1,1,1,1,1,1,1,1,1,1,0,0,0,0,0,0,0,0,0,0]",1,no,all residue allocations modulo cyclic rotation
13,13,1,28,28,1,19,ones,FOUND,"{""coeffs"":[1,1,1,1,1,1,1,1,1,1,1,1,1,1,1,1,1,1,1],""positions"":[0,1,2,3,4,5,6,7,8,9,10,11,12,13,14,15,16,17,18]}","[1,1,1,1,1,1,1,1,1,1,1,1,1,1,1,1,1,1,1,0,0,0,0,0,0,0,0,0]",1,no,all residue allocations modulo cyclic rotation
13,13,1,28,28,1,19,one_changed,FOUND,"{""coeffs"":[2,1,1,1,1,1,1,1,1,1,1,1,1,1,1,1,1,1,1],""positions"":[0,1,2,3,4,5,6,7,8,9,10,11,12,13,14,15,16,17,18]}","[2,1,1,1,1,1,1,1,1,1,1,1,1,1,1,1,1,1,1,0,0,0,0,0,0,0,0,0]",1,no,all residue allocations modulo cyclic rotation
13,13,1,28,28,1,20,ones,FOUND,"{""coeffs"":[1,1,1,1,1,1,1,1,1,1,1,1,1,1,1,1,1,1,1,1],""positions"":[0,1,2,3,4,5,6,7,8,9,10,11,12,13,14,15,16,17,18,20]}","[1,1,1,1,1,1,1,1,1,1,1,1,1,1,1,1,1,1,1,0,1,0,0,0,0,0,0,0]",2,no,all residue allocations modulo cyclic rotation
13,13,1,28,28,1,20,one_changed,FOUND,"{""coeffs"":[2,1,1,1,1,1,1,1,1,1,1,1,1,1,1,1,1,1,1,1],""positions"":[0,1,2,3,4,5,6,7,8,9,10,11,12,13,14,15,16,17,18,19]}","[2,1,1,1,1,1,1,1,1,1,1,1,1,1,1,1,1,1,1,1,0,0,0,0,0,0,0,0]",1,no,all residue allocations modulo cyclic rotation
13,13,1,28,28,1,21,ones,FOUND,"{""coeffs"":[1,1,1,1,1,1,1,1,1,1,1,1,1,1,1,1,1,1,1,1,1],""positions"":[0,1,2,3,4,5,6,7,8,9,10,11,12,13,14,15,16,17,18,19,21]}","[1,1,1,1,1,1,1,1,1,1,1,1,1,1,1,1,1,1,1,1,0,1,0,0,0,0,0,0]",2,no,all residue allocations modulo cyclic rotation
13,13,1,28,28,1,21,one_changed,FOUND,"{""coeffs"":[2,1,1,1,1,1,1,1,1,1,1,1,1,1,1,1,1,1,1,1,1],""positions"":[0,1,2,3,4,5,6,7,8,9,10,11,12,13,14,15,16,17,18,19,20]}","[2,1,1,1,1,1,1,1,1,1,1,1,1,1,1,1,1,1,1,1,1,0,0,0,0,0,0,0]",1,no,all residue allocations modulo cyclic rotation
13,13,1,28,28,1,22,ones,FOUND,"{""coeffs"":[1,1,1,1,1,1,1,1,1,1,1,1,1,1,1,1,1,1,1,1,1,1],""positions"":[0,1,2,3,4,5,6,7,8,9,10,11,12,13,14,15,16,17,18,19,20,24]}","[1,1,1,1,1,1,1,1,1,1,1,1,1,1,1,1,1,1,1,1,1,0,0,0,1,0,0,0]",4,no,all residue allocations modulo cyclic rotation
13,13,1,28,28,1,22,one_changed,FOUND,"{""coeffs"":[2,1,1,1,1,1,1,1,1,1,1,1,1,1,1,1,1,1,1,1,1,1],""positions"":[0,1,2,3,4,5,6,7,8,9,10,11,12,13,14,15,16,17,18,19,20,21]}","[2,1,1,1,1,1,1,1,1,1,1,1,1,1,1,1,1,1,1,1,1,1,0,0,0,0,0,0]",1,no,all residue allocations modulo cyclic rotation
13,13,1,28,28,1,23,ones,FOUND,"{""coeffs"":[1,1,1,1,1,1,1,1,1,1,1,1,1,1,1,1,1,1,1,1,1,1,1],""positions"":[0,1,2,3,4,5,6,7,8,9,10,11,12,13,14,15,16,17,18,19,20,21,22]}","[1,1,1,1,1,1,1,1,1,1,1,1,1,1,1,1,1,1,1,1,1,1,1,0,0,0,0,0]",1,no,all residue allocations modulo cyclic rotation
13,13,1,28,28,1,23,one_changed,FOUND,"{""coeffs"":[2,1,1,1,1,1,1,1,1,1,1,1,1,1,1,1,1,1,1,1,1,1,1],""positions"":[0,1,2,3,4,5,6,7,8,9,10,11,12,13,14,15,16,17,18,19,20,21,22]}","[2,1,1,1,1,1,1,1,1,1,1,1,1,1,1,1,1,1,1,1,1,1,1,0,0,0,0,0]",1,no,all residue allocations modulo cyclic rotation
13,13,1,28,28,1,24,ones,FOUND,"{""coeffs"":[1,1,1,1,1,1,1,1,1,1,1,1,1,1,1,1,1,1,1,1,1,1,1,1],""positions"":[0,1,2,3,4,5,6,7,8,9,10,11,12,13,14,15,16,17,18,19,20,21,22,24]}","[1,1,1,1,1,1,1,1,1,1,1,1,1,1,1,1,1,1,1,1,1,1,1,0,1,0,0,0]",2,no,all residue allocations modulo cyclic rotation
13,13,1,28,28,1,24,one_changed,FOUND,"{""coeffs"":[2,1,1,1,1,1,1,1,1,1,1,1,1,1,1,1,1,1,1,1,1,1,1,1],""positions"":[0,1,2,3,4,5,6,7,8,9,10,11,12,13,14,15,16,17,18,19,20,21,22,23]}","[2,1,1,1,1,1,1,1,1,1,1,1,1,1,1,1,1,1,1,1,1,1,1,1,0,0,0,0]",1,no,all residue allocations modulo cyclic rotation
13,13,1,28,28,1,25,ones,FOUND,"{""coeffs"":[1,1,1,1,1,1,1,1,1,1,1,1,1,1,1,1,1,1,1,1,1,1,1,1,1],""positions"":[0,1,2,3,4,5,6,7,8,9,10,11,12,13,14,15,16,17,18,19,20,21,22,23,24]}","[1,1,1,1,1,1,1,1,1,1,1,1,1,1,1,1,1,1,1,1,1,1,1,1,1,0,0,0]",1,no,all residue allocations modulo cyclic rotation
13,13,1,28,28,1,25,one_changed,FOUND,"{""coeffs"":[2,1,1,1,1,1,1,1,1,1,1,1,1,1,1,1,1,1,1,1,1,1,1,1,1],""positions"":[0,1,2,3,4,5,6,7,8,9,10,11,12,13,14,15,16,17,18,19,20,21,22,23,24]}","[2,1,1,1,1,1,1,1,1,1,1,1,1,1,1,1,1,1,1,1,1,1,1,1,1,0,0,0]",1,no,all residue allocations modulo cyclic rotation
13,13,1,28,28,1,26,ones,FOUND,"{""coeffs"":[1,1,1,1,1,1,1,1,1,1,1,1,1,1,1,1,1,1,1,1,1,1,1,1,1,1],""positions"":[0,1,2,3,4,5,6,7,8,9,10,11,12,13,14,15,16,17,18,19,20,21,22,24,25,26]}","[1,1,1,1,1,1,1,1,1,1,1,1,1,1,1,1,1,1,1,1,1,1,1,0,1,1,1,0]",7,no,all residue allocations modulo cyclic rotation
13,13,1,28,28,1,26,one_changed,FOUND,"{""coeffs"":[2,1,1,1,1,1,1,1,1,1,1,1,1,1,1,1,1,1,1,1,1,1,1,1,1,1],""positions"":[0,1,2,3,4,5,6,7,8,9,10,11,12,13,14,15,16,17,18,19,20,21,22,23,24,25]}","[2,1,1,1,1,1,1,1,1,1,1,1,1,1,1,1,1,1,1,1,1,1,1,1,1,1,0,0]",1,no,all residue allocations modulo cyclic rotation
13,13,1,28,28,1,27,ones,FOUND,"{""coeffs"":[1,1,1,1,1,1,1,1,1,1,1,1,1,1,1,1,1,1,1,1,1,1,1,1,1,1,1],""positions"":[0,1,2,3,4,5,6,7,8,9,10,11,12,13,14,15,16,17,18,19,20,21,22,23,24,25,26]}","[1,1,1,1,1,1,1,1,1,1,1,1,1,1,1,1,1,1,1,1,1,1,1,1,1,1,1,0]",1,no,all residue allocations modulo cyclic rotation
13,13,1,28,28,1,27,one_changed,FOUND,"{""coeffs"":[2,1,1,1,1,1,1,1,1,1,1,1,1,1,1,1,1,1,1,1,1,1,1,1,1,1,1],""positions"":[0,1,2,3,4,5,6,7,8,9,10,11,12,13,14,15,16,17,18,19,20,21,22,23,24,25,26]}","[2,1,1,1,1,1,1,1,1,1,1,1,1,1,1,1,1,1,1,1,1,1,1,1,1,1,1,0]",1,no,all residue allocations modulo cyclic rotation
13,13,1,28,28,1,28,ones,NONE,,,1,yes,all residue allocations modulo cyclic rotation
13,13,1,28,28,1,28,one_changed,FOUND,"{""coeffs"":[2,1,1,1,1,1,1,1,1,1,1,1,1,1,1,1,1,1,1,1,1,1,1,1,1,1,1,1],""positions"":[0,1,2,3,4,5,6,7,8,9,10,11,12,13,14,15,16,17,18,19,20,21,22,23,24,25,26,27]}","[2,1,1,1,1,1,1,1,1,1,1,1,1,1,1,1,1,1,1,1,1,1,1,1,1,1,1,1]",1,no,all residue allocations modulo cyclic rotation
13,13,1,29,29,1,2,ones,FOUND,"{""coeffs"":[1,1],""positions"":[0,1]}","[1,1,0,0,0,0,0,0,0,0,0,0,0,0,0,0,0,0,0,0,0,0,0,0,0,0,0,0,0]",1,no,all residue allocations modulo cyclic rotation
13,13,1,29,29,1,2,one_changed,FOUND,"{""coeffs"":[1,2],""positions"":[0,1]}","[1,2,0,0,0,0,0,0,0,0,0,0,0,0,0,0,0,0,0,0,0,0,0,0,0,0,0,0,0]",1,no,all residue allocations modulo cyclic rotation
13,13,1,29,29,1,2,all_distinct,FOUND,"{""coeffs"":[1,2],""positions"":[0,1]}","[1,2,0,0,0,0,0,0,0,0,0,0,0,0,0,0,0,0,0,0,0,0,0,0,0,0,0,0,0]",1,no,all residue allocations modulo cyclic rotation
13,13,1,29,29,1,3,ones,FOUND,"{""coeffs"":[1,1,1],""positions"":[0,1,2]}","[1,1,1,0,0,0,0,0,0,0,0,0,0,0,0,0,0,0,0,0,0,0,0,0,0,0,0,0,0]",1,no,all residue allocations modulo cyclic rotation
13,13,1,29,29,1,3,one_changed,FOUND,"{""coeffs"":[2,1,1],""positions"":[0,1,2]}","[2,1,1,0,0,0,0,0,0,0,0,0,0,0,0,0,0,0,0,0,0,0,0,0,0,0,0,0,0]",1,no,all residue allocations modulo cyclic rotation
13,13,1,29,29,1,3,all_distinct,FOUND,"{""coeffs"":[1,2,3],""positions"":[0,1,2]}","[1,2,3,0,0,0,0,0,0,0,0,0,0,0,0,0,0,0,0,0,0,0,0,0,0,0,0,0,0]",1,no,all residue allocations modulo cyclic rotation
13,13,1,29,29,1,4,ones,FOUND,"{""coeffs"":[1,1,1,1],""positions"":[0,1,2,3]}","[1,1,1,1,0,0,0,0,0,0,0,0,0,0,0,0,0,0,0,0,0,0,0,0,0,0,0,0,0]",1,no,all residue allocations modulo cyclic rotation
13,13,1,29,29,1,4,one_changed,FOUND,"{""coeffs"":[2,1,1,1],""positions"":[0,1,2,3]}","[2,1,1,1,0,0,0,0,0,0,0,0,0,0,0,0,0,0,0,0,0,0,0,0,0,0,0,0,0]",1,no,all residue allocations modulo cyclic rotation
13,13,1,29,29,1,4,all_distinct,FOUND,"{""coeffs"":[1,2,3,4],""positions"":[0,1,2,3]}","[1,2,3,4,0,0,0,0,0,0,0,0,0,0,0,0,0,0,0,0,0,0,0,0,0,0,0,0,0]",1,no,all residue allocations modulo cyclic rotation
13,13,1,29,29,1,5,ones,FOUND,"{""coeffs"":[1,1,1,1,1],""positions"":[0,1,2,3,4]}","[1,1,1,1,1,0,0,0,0,0,0,0,0,0,0,0,0,0,0,0,0,0,0,0,0,0,0,0,0]",1,no,all residue allocations modulo cyclic rotation
13,13,1,29,29,1,5,one_changed,FOUND,"{""coeffs"":[2,1,1,1,1],""positions"":[0,1,2,3,4]}","[2,1,1,1,1,0,0,0,0,0,0,0,0,0,0,0,0,0,0,0,0,0,0,0,0,0,0,0,0]",1,no,all residue allocations modulo cyclic rotation
13,13,1,29,29,1,5,all_distinct,FOUND,"{""coeffs"":[1,2,3,4,5],""positions"":[0,1,2,3,4]}","[1,2,3,4,5,0,0,0,0,0,0,0,0,0,0,0,0,0,0,0,0,0,0,0,0,0,0,0,0]",1,no,all residue allocations modulo cyclic rotation
13,13,1,29,29,1,6,ones,FOUND,"{""coeffs"":[1,1,1,1,1,1],""positions"":[0,1,2,3,4,5]}","[1,1,1,1,1,1,0,0,0,0,0,0,0,0,0,0,0,0,0,0,0,0,0,0,0,0,0,0,0]",1,no,all residue allocations modulo cyclic rotation
13,13,1,29,29,1,6,one_changed,FOUND,"{""coeffs"":[2,1,1,1,1,1],""positions"":[0,1,2,3,4,5]}","[2,1,1,1,1,1,0,0,0,0,0,0,0,0,0,0,0,0,0,0,0,0,0,0,0,0,0,0,0]",1,no,all residue allocations modulo cyclic rotation
13,13,1,29,29,1,6,all_distinct,FOUND,"{""coeffs"":[1,2,3,4,5,6],""positions"":[0,1,2,3,4,5]}","[1,2,3,4,5,6,0,0,0,0,0,0,0,0,0,0,0,0,0,0,0,0,0,0,0,0,0,0,0]",1,no,all residue allocations modulo cyclic rotation
13,13,1,29,29,1,7,ones,FOUND,"{""coeffs"":[1,1,1,1,1,1,1],""positions"":[0,1,2,3,4,5,6]}","[1,1,1,1,1,1,1,0,0,0,0,0,0,0,0,0,0,0,0,0,0,0,0,0,0,0,0,0,0]",1,no,all residue allocations modulo cyclic rotation
13,13,1,29,29,1,7,one_changed,FOUND,"{""coeffs"":[2,1,1,1,1,1,1],""positions"":[0,1,2,3,4,5,6]}","[2,1,1,1,1,1,1,0,0,0,0,0,0,0,0,0,0,0,0,0,0,0,0,0,0,0,0,0,0]",1,no,all residue allocations modulo cyclic rotation
13,13,1,29,29,1,7,all_distinct,FOUND,"{""coeffs"":[1,2,3,4,5,6,7],""positions"":[0,1,2,3,4,5,6]}","[1,2,3,4,5,6,7,0,0,0,0,0,0,0,0,0,0,0,0,0,0,0,0,0,0,0,0,0,0]",1,no,all residue allocations modulo cyclic rotation
13,13,1,29,29,1,8,ones,FOUND,"{""coeffs"":[1,1,1,1,1,1,1,1],""positions"":[0,1,2,3,4,5,6,7]}","[1,1,1,1,1,1,1,1,0,0,0,0,0,0,0,0,0,0,0,0,0,0,0,0,0,0,0,0,0]",1,no,all residue allocations modulo cyclic rotation
13,13,1,29,29,1,8,one_changed,FOUND,"{""coeffs"":[2,1,1,1,1,1,1,1],""positions"":[0,1,2,3,4,5,6,7]}","[2,1,1,1,1,1,1,1,0,0,0,0,0,0,0,0,0,0,0,0,0,0,0,0,0,0,0,0,0]",1,no,all residue allocations modulo cyclic rotation
13,13,1,29,29,1,8,all_distinct,FOUND,"{""coeffs"":[1,2,3,4,5,6,7,8],""positions"":[0,1,2,3,4,5,6,7]}","[1,2,3,4,5,6,7,8,0,0,0,0,0,0,0,0,0,0,0,0,0,0,0,0,0,0,0,0,0]",1,no,all residue allocations modulo cyclic rotation
13,13,1,29,29,1,9,ones,FOUND,"{""coeffs"":[1,1,1,1,1,1,1,1,1],""positions"":[0,1,2,3,4,5,6,7,8]}","[1,1,1,1,1,1,1,1,1,0,0,0,0,0,0,0,0,0,0,0,0,0,0,0,0,0,0,0,0]",1,no,all residue allocations modulo cyclic rotation
13,13,1,29,29,1,9,one_changed,FOUND,"{""coeffs"":[2,1,1,1,1,1,1,1,1],""positions"":[0,1,2,3,4,5,6,7,8]}","[2,1,1,1,1,1,1,1,1,0,0,0,0,0,0,0,0,0,0,0,0,0,0,0,0,0,0,0,0]",1,no,all residue allocations modulo cyclic rotation
13,13,1,29,29,1,9,all_distinct,FOUND,"{""coeffs"":[1,2,3,4,5,6,7,8,9],""positions"":[0,1,2,3,4,5,6,7,8]}","[1,2,3,4,5,6,7,8,9,0,0,0,0,0,0,0,0,0,0,0,0,0,0,0,0,0,0,0,0]",1,no,all residue allocations modulo cyclic rotation
13,13,1,29,29,1,10,ones,FOUND,"{""coeffs"":[1,1,1,1,1,1,1,1,1,1],""positions"":[0,1,2,3,4,5,6,7,8,9]}","[1,1,1,1,1,1,1,1,1,1,0,0,0,0,0,0,0,0,0,0,0,0,0,0,0,0,0,0,0]",1,no,all residue allocations modulo cyclic rotation
13,13,1,29,29,1,10,one_changed,FOUND,"{""coeffs"":[2,1,1,1,1,1,1,1,1,1],""positions"":[0,1,2,3,4,5,6,7,8,9]}","[2,1,1,1,1,1,1,1,1,1,0,0,0,0,0,0,0,0,0,0,0,0,0,0,0,0,0,0,0]",1,no,all residue allocations modulo cyclic rotation
13,13,1,29,29,1,10,all_distinct,FOUND,"{""coeffs"":[1,2,3,4,5,6,7,8,9,10],""positions"":[0,1,2,3,4,5,6,7,8,9]}","[1,2,3,4,5,6,7,8,9,10,0,0,0,0,0,0,0,0,0,0,0,0,0,0,0,0,0,0,0]",1,no,all residue allocations modulo cyclic rotation
13,13,1,29,29,1,11,ones,FOUND,"{""coeffs"":[1,1,1,1,1,1,1,1,1,1,1],""positions"":[0,1,2,3,4,5,6,7,8,9,10]}","[1,1,1,1,1,1,1,1,1,1,1,0,0,0,0,0,0,0,0,0,0,0,0,0,0,0,0,0,0]",1,no,all residue allocations modulo cyclic rotation
13,13,1,29,29,1,11,one_changed,FOUND,"{""coeffs"":[2,1,1,1,1,1,1,1,1,1,1],""positions"":[0,1,2,3,4,5,6,7,8,9,10]}","[2,1,1,1,1,1,1,1,1,1,1,0,0,0,0,0,0,0,0,0,0,0,0,0,0,0,0,0,0]",1,no,all residue allocations modulo cyclic rotation
13,13,1,29,29,1,11,all_distinct,FOUND,"{""coeffs"":[1,2,3,4,5,6,7,8,9,10,11],""positions"":[0,1,2,3,4,5,6,7,8,9,10]}","[1,2,3,4,5,6,7,8,9,10,11,0,0,0,0,0,0,0,0,0,0,0,0,0,0,0,0,0,0]",1,no,all residue allocations modulo cyclic rotation
13,13,1,29,29,1,12,ones,FOUND,"{""coeffs"":[1,1,1,1,1,1,1,1,1,1,1,1],""positions"":[0,1,2,3,4,5,6,7,8,9,10,11]}","[1,1,1,1,1,1,1,1,1,1,1,1,0,0,0,0,0,0,0,0,0,0,0,0,0,0,0,0,0]",1,no,all residue allocations modulo cyclic rotation
13,13,1,29,29,1,12,one_changed,FOUND,"{""coeffs"":[2,1,1,1,1,1,1,1,1,1,1,1],""positions"":[0,1,2,3,4,5,6,7,8,9,10,11]}","[2,1,1,1,1,1,1,1,1,1,1,1,0,0,0,0,0,0,0,0,0,0,0,0,0,0,0,0,0]",1,no,all residue allocations modulo cyclic rotation
13,13,1,29,29,1,12,all_distinct,FOUND,"{""coeffs"":[1,2,3,4,5,6,7,8,9,10,11,12],""positions"":[0,1,2,3,4,5,6,7,8,9,10,11]}","[1,2,3,4,5,6,7,8,9,10,11,12,0,0,0,0,0,0,0,0,0,0,0,0,0,0,0,0,0]",1,no,all residue allocations modulo cyclic rotation
13,13,1,29,29,1,13,ones,FOUND,"{""coeffs"":[1,1,1,1,1,1,1,1,1,1,1,1,1],""positions"":[0,1,2,3,4,5,6,7,8,9,10,11,12]}","[1,1,1,1,1,1,1,1,1,1,1,1,1,0,0,0,0,0,0,0,0,0,0,0,0,0,0,0,0]",1,no,all residue allocations modulo cyclic rotation
13,13,1,29,29,1,13,one_changed,FOUND,"{""coeffs"":[2,1,1,1,1,1,1,1,1,1,1,1,1],""positions"":[0,1,2,3,4,5,6,7,8,9,10,11,12]}","[2,1,1,1,1,1,1,1,1,1,1,1,1,0,0,0,0,0,0,0,0,0,0,0,0,0,0,0,0]",1,no,all residue allocations modulo cyclic rotation
13,13,1,29,29,1,14,ones,FOUND,"{""coeffs"":[1,1,1,1,1,1,1,1,1,1,1,1,1,1],""positions"":[0,1,2,3,4,5,6,7,8,9,10,11,12,13]}","[1,1,1,1,1,1,1,1,1,1,1,1,1,1,0,0,0,0,0,0,0,0,0,0,0,0,0,0,0]",1,no,all residue allocations modulo cyclic rotation
13,13,1,29,29,1,14,one_changed,FOUND,"{""coeffs"":[2,1,1,1,1,1,1,1,1,1,1,1,1,1],""positions"":[0,1,2,3,4,5,6,7,8,9,10,11,12,13]}","[2,1,1,1,1,1,1,1,1,1,1,1,1,1,0,0,0,0,0,0,0,0,0,0,0,0,0,0,0]",1,no,all residue allocations modulo cyclic rotation
13,13,1,29,29,1,15,ones,FOUND,"{""coeffs"":[1,1,1,1,1,1,1,1,1,1,1,1,1,1,1],""positions"":[0,1,2,3,4,5,6,7,8,9,10,11,12,13,14]}","[1,1,1,1,1,1,1,1,1,1,1,1,1,1,1,0,0,0,0,0,0,0,0,0,0,0,0,0,0]",1,no,all residue allocations modulo cyclic rotation
13,13,1,29,29,1,15,one_changed,FOUND,"{""coeffs"":[2,1,1,1,1,1,1,1,1,1,1,1,1,1,1],""positions"":[0,1,2,3,4,5,6,7,8,9,10,11,12,13,14]}","[2,1,1,1,1,1,1,1,1,1,1,1,1,1,1,0,0,0,0,0,0,0,0,0,0,0,0,0,0]",1,no,all residue allocations modulo cyclic rotation
13,13,1,29,29,1,16,ones,FOUND,"{""coeffs"":[1,1,1,1,1,1,1,1,1,1,1,1,1,1,1,1],""positions"":[0,1,2,3,4,5,6,7,8,9,10,11,12,13,14,15]}","[1,1,1,1,1,1,1,1,1,1,1,1,1,1,1,1,0,0,0,0,0,0,0,0,0,0,0,0,0]",1,no,all residue allocations modulo cyclic rotation
13,13,1,29,29,1,16,one_changed,FOUND,"{""coeffs"":[2,1,1,1,1,1,1,1,1,1,1,1,1,1,1,1],""positions"":[0,1,2,3,4,5,6,7,8,9,10,11,12,13,14,15]}","[2,1,1,1,1,1,1,1,1,1,1,1,1,1,1,1,0,0,0,0,0,0,0,0,0,0,0,0,0]",1,no,all residue allocations modulo cyclic rotation
13,13,1,29,29,1,17,ones,FOUND,"{""coeffs"":[1,1,1,1,1,1,1,1,1,1,1,1,1,1,1,1,1],""positions"":[0,1,2,3,4,5,6,7,8,9,10,11,12,13,14,15,16]}","[1,1,1,1,1,1,1,1,1,1,1,1,1,1,1,1,1,0,0,0,0,0,0,0,0,0,0,0,0]",1,no,all residue allocations modulo cyclic rotation
13,13,1,29,29,1,17,one_changed,FOUND,"{""coeffs"":[2,1,1,1,1,1,1,1,1,1,1,1,1,1,1,1,1],""positions"":[0,1,2,3,4,5,6,7,8,9,10,11,12,13,14,15,16]}","[2,1,1,1,1,1,1,1,1,1,1,1,1,1,1,1,1,0,0,0,0,0,0,0,0,0,0,0,0]",1,no,all residue allocations modulo cyclic rotation
13,13,1,29,29,1,18,ones,FOUND,"{""coeffs"":[1,1,1,1,1,1,1,1,1,1,1,1,1,1,1,1,1,1],""positions"":[0,1,2,3,4,5,6,7,8,9,10,11,12,13,14,15,16,17]}","[1,1,1,1,1,1,1,1,1,1,1,1,1,1,1,1,1,1,0,0,0,0,0,0,0,0,0,0,0]",1,no,all residue allocations modulo cyclic rotation
13,13,1,29,29,1,18,one_changed,FOUND,"{""coeffs"":[2,1,1,1,1,1,1,1,1,1,1,1,1,1,1,1,1,1],""positions"":[0,1,2,3,4,5,6,7,8,9,10,11,12,13,14,15,16,17]}","[2,1,1,1,1,1,1,1,1,1,1,1,1,1,1,1,1,1,0,0,0,0,0,0,0,0,0,0,0]",1,no,all residue allocations modulo cyclic rotation
13,13,1,29,29,1,19,ones,FOUND,"{""coeffs"":[1,1,1,1,1,1,1,1,1,1,1,1,1,1,1,1,1,1,1],""positions"":[0,1,2,3,4,5,6,7,8,9,10,11,12,13,14,15,16,17,18]}","[1,1,1,1,1,1,1,1,1,1,1,1,1,1,1,1,1,1,1,0,0,0,0,0,0,0,0,0,0]",1,no,all residue allocations modulo cyclic rotation
13,13,1,29,29,1,19,one_changed,FOUND,"{""coeffs"":[2,1,1,1,1,1,1,1,1,1,1,1,1,1,1,1,1,1,1],""positions"":[0,1,2,3,4,5,6,7,8,9,10,11,12,13,14,15,16,17,18]}","[2,1,1,1,1,1,1,1,1,1,1,1,1,1,1,1,1,1,1,0,0,0,0,0,0,0,0,0,0]",1,no,all residue allocations modulo cyclic rotation
13,13,1,29,29,1,20,ones,FOUND,"{""coeffs"":[1,1,1,1,1,1,1,1,1,1,1,1,1,1,1,1,1,1,1,1],""positions"":[0,1,2,3,4,5,6,7,8,9,10,11,12,13,14,15,16,17,18,19]}","[1,1,1,1,1,1,1,1,1,1,1,1,1,1,1,1,1,1,1,1,0,0,0,0,0,0,0,0,0]",1,no,all residue allocations modulo cyclic rotation
13,13,1,29,29,1,20,one_changed,FOUND,"{""coeffs"":[2,1,1,1,1,1,1,1,1,1,1,1,1,1,1,1,1,1,1,1],""positions"":[0,1,2,3,4,5,6,7,8,9,10,11,12,13,14,15,16,17,18,19]}","[2,1,1,1,1,1,1,1,1,1,1,1,1,1,1,1,1,1,1,1,0,0,0,0,0,0,0,0,0]",1,no,all residue allocations modulo cyclic rotation
13,13,1,29,29,1,21,ones,FOUND,"{""coeffs"":[1,1,1,1,1,1,1,1,1,1,1,1,1,1,1,1,1,1,1,1,1],""positions"":[0,1,2,3,4,5,6,7,8,9,10,11,12,13,14,15,16,17,18,19,20]}","[1,1,1,1,1,1,1,1,1,1,1,1,1,1,1,1,1,1,1,1,1,0,0,0,0,0,0,0,0]",1,no,all residue allocations modulo cyclic rotation
13,13,1,29,29,1,21,one_changed,FOUND,"{""coeffs"":[2,1,1,1,1,1,1,1,1,1,1,1,1,1,1,1,1,1,1,1,1],""positions"":[0,1,2,3,4,5,6,7,8,9,10,11,12,13,14,15,16,17,18,19,20]}","[2,1,1,1,1,1,1,1,1,1,1,1,1,1,1,1,1,1,1,1,1,0,0,0,0,0,0,0,0]",1,no,all residue allocations modulo cyclic rotation
13,13,1,29,29,1,22,ones,FOUND,"{""coeffs"":[1,1,1,1,1,1,1,1,1,1,1,1,1,1,1,1,1,1,1,1,1,1],""positions"":[0,1,2,3,4,5,6,7,8,9,10,11,12,13,14,15,16,17,18,19,20,21]}","[1,1,1,1,1,1,1,1,1,1,1,1,1,1,1,1,1,1,1,1,1,1,0,0,0,0,0,0,0]",1,no,all residue allocations modulo cyclic rotation
13,13,1,29,29,1,22,one_changed,FOUND,"{""coeffs"":[2,1,1,1,1,1,1,1,1,1,1,1,1,1,1,1,1,1,1,1,1,1],""positions"":[0,1,2,3,4,5,6,7,8,9,10,11,12,13,14,15,16,17,18,19,20,21]}","[2,1,1,1,1,1,1,1,1,1,1,1,1,1,1,1,1,1,1,1,1,1,0,0,0,0,0,0,0]",1,no,all residue allocations modulo cyclic rotation
13,13,1,29,29,1,23,ones,FOUND,"{""coeffs"":[1,1,1,1,1,1,1,1,1,1,1,1,1,1,1,1,1,1,1,1,1,1,1],""positions"":[0,1,2,3,4,5,6,7,8,9,10,11,12,13,14,15,16,17,18,19,20,21,22]}","[1,1,1,1,1,1,1,1,1,1,1,1,1,1,1,1,1,1,1,1,1,1,1,0,0,0,0,0,0]",1,no,all residue allocations modulo cyclic rotation
13,13,1,29,29,1,23,one_changed,FOUND,"{""coeffs"":[2,1,1,1,1,1,1,1,1,1,1,1,1,1,1,1,1,1,1,1,1,1,1],""positions"":[0,1,2,3,4,5,6,7,8,9,10,11,12,13,14,15,16,17,18,19,20,21,22]}","[2,1,1,1,1,1,1,1,1,1,1,1,1,1,1,1,1,1,1,1,1,1,1,0,0,0,0,0,0]",1,no,all residue allocations modulo cyclic rotation
13,13,1,29,29,1,24,ones,FOUND,"{""coeffs"":[1,1,1,1,1,1,1,1,1,1,1,1,1,1,1,1,1,1,1,1,1,1,1,1],""positions"":[0,1,2,3,4,5,6,7,8,9,10,11,12,13,14,15,16,17,18,19,20,21,22,23]}","[1,1,1,1,1,1,1,1,1,1,1,1,1,1,1,1,1,1,1,1,1,1,1,1,0,0,0,0,0]",1,no,all residue allocations modulo cyclic rotation
13,13,1,29,29,1,24,one_changed,FOUND,"{""coeffs"":[2,1,1,1,1,1,1,1,1,1,1,1,1,1,1,1,1,1,1,1,1,1,1,1],""positions"":[0,1,2,3,4,5,6,7,8,9,10,11,12,13,14,15,16,17,18,19,20,21,22,23]}","[2,1,1,1,1,1,1,1,1,1,1,1,1,1,1,1,1,1,1,1,1,1,1,1,0,0,0,0,0]",1,no,all residue allocations modulo cyclic rotation
13,13,1,29,29,1,25,ones,FOUND,"{""coeffs"":[1,1,1,1,1,1,1,1,1,1,1,1,1,1,1,1,1,1,1,1,1,1,1,1,1],""positions"":[0,1,2,3,4,5,6,7,8,9,10,11,12,13,14,15,16,17,18,19,20,21,22,23,24]}","[1,1,1,1,1,1,1,1,1,1,1,1,1,1,1,1,1,1,1,1,1,1,1,1,1,0,0,0,0]",1,no,all residue allocations modulo cyclic rotation
13,13,1,29,29,1,25,one_changed,FOUND,"{""coeffs"":[2,1,1,1,1,1,1,1,1,1,1,1,1,1,1,1,1,1,1,1,1,1,1,1,1],""positions"":[0,1,2,3,4,5,6,7,8,9,10,11,12,13,14,15,16,17,18,19,20,21,22,23,24]}","[2,1,1,1,1,1,1,1,1,1,1,1,1,1,1,1,1,1,1,1,1,1,1,1,1,0,0,0,0]",1,no,all residue allocations modulo cyclic rotation
13,13,1,29,29,1,26,ones,FOUND,"{""coeffs"":[1,1,1,1,1,1,1,1,1,1,1,1,1,1,1,1,1,1,1,1,1,1,1,1,1,1],""positions"":[0,1,2,3,4,5,6,7,8,9,10,11,12,13,14,15,16,17,18,19,20,21,22,23,24,25]}","[1,1,1,1,1,1,1,1,1,1,1,1,1,1,1,1,1,1,1,1,1,1,1,1,1,1,0,0,0]",1,no,all residue allocations modulo cyclic rotation
13,13,1,29,29,1,26,one_changed,FOUND,"{""coeffs"":[2,1,1,1,1,1,1,1,1,1,1,1,1,1,1,1,1,1,1,1,1,1,1,1,1,1],""positions"":[0,1,2,3,4,5,6,7,8,9,10,11,12,13,14,15,16,17,18,19,20,21,22,23,24,25]}","[2,1,1,1,1,1,1,1,1,1,1,1,1,1,1,1,1,1,1,1,1,1,1,1,1,1,0,0,0]",1,no,all residue allocations modulo cyclic rotation
13,13,1,29,29,1,27,ones,FOUND,"{""coeffs"":[1,1,1,1,1,1,1,1,1,1,1,1,1,1,1,1,1,1,1,1,1,1,1,1,1,1,1],""positions"":[0,1,2,3,4,5,6,7,8,9,10,11,12,13,14,15,16,17,18,19,20,21,22,23,24,25,26]}","[1,1,1,1,1,1,1,1,1,1,1,1,1,1,1,1,1,1,1,1,1,1,1,1,1,1,1,0,0]",1,no,all residue allocations modulo cyclic rotation
13,13,1,29,29,1,27,one_changed,FOUND,"{""coeffs"":[2,1,1,1,1,1,1,1,1,1,1,1,1,1,1,1,1,1,1,1,1,1,1,1,1,1,1],""positions"":[0,1,2,3,4,5,6,7,8,9,10,11,12,13,14,15,16,17,18,19,20,21,22,23,24,25,26]}","[2,1,1,1,1,1,1,1,1,1,1,1,1,1,1,1,1,1,1,1,1,1,1,1,1,1,1,0,0]",1,no,all residue allocations modulo cyclic rotation
13,13,1,29,29,1,28,ones,FOUND,"{""coeffs"":[1,1,1,1,1,1,1,1,1,1,1,1,1,1,1,1,1,1,1,1,1,1,1,1,1,1,1,1],""positions"":[0,1,2,3,4,5,6,7,8,9,10,11,12,13,14,15,16,17,18,19,20,21,22,23,24,25,26,27]}","[1,1,1,1,1,1,1,1,1,1,1,1,1,1,1,1,1,1,1,1,1,1,1,1,1,1,1,1,0]",1,no,all residue allocations modulo cyclic rotation
13,13,1,29,29,1,28,one_changed,FOUND,"{""coeffs"":[2,1,1,1,1,1,1,1,1,1,1,1,1,1,1,1,1,1,1,1,1,1,1,1,1,1,1,1],""positions"":[0,1,2,3,4,5,6,7,8,9,10,11,12,13,14,15,16,17,18,19,20,21,22,23,24,25,26,27]}","[2,1,1,1,1,1,1,1,1,1,1,1,1,1,1,1,1,1,1,1,1,1,1,1,1,1,1,1,0]",1,no,all residue allocations modulo cyclic rotation
13,13,1,29,29,1,29,ones,NONE,,,1,yes,all residue allocations modulo cyclic rotation
13,13,1,29,29,1,29,one_changed,FOUND,"{""coeffs"":[2,1,1,1,1,1,1,1,1,1,1,1,1,1,1,1,1,1,1,1,1,1,1,1,1,1,1,1,1],""positions"":[0,1,2,3,4,5,6,7,8,9,10,11,12,13,14,15,16,17,18,19,20,21,22,23,24,25,26,27,28]}","[2,1,1,1,1,1,1,1,1,1,1,1,1,1,1,1,1,1,1,1,1,1,1,1,1,1,1,1,1]",1,no,all residue allocations modulo cyclic rotation
13,13,1,30,30,1,2,ones,FOUND,"{""coeffs"":[1,1],""positions"":[0,2]}","[1,0,1,0,0,0,0,0,0,0,0,0,0,0,0,0,0,0,0,0,0,0,0,0,0,0,0,0,0,0]",2,no,all residue allocations modulo cyclic rotation
13,13,1,30,30,1,2,one_changed,FOUND,"{""coeffs"":[1,2],""positions"":[0,1]}","[1,2,0,0,0,0,0,0,0,0,0,0,0,0,0,0,0,0,0,0,0,0,0,0,0,0,0,0,0,0]",1,no,all residue allocations modulo cyclic rotation
13,13,1,30,30,1,2,all_distinct,FOUND,"{""coeffs"":[1,2],""positions"":[0,1]}","[1,2,0,0,0,0,0,0,0,0,0,0,0,0,0,0,0,0,0,0,0,0,0,0,0,0,0,0,0,0]",1,no,all residue allocations modulo cyclic rotation
13,13,1,30,30,1,3,ones,FOUND,"{""coeffs"":[1,1,1],""positions"":[0,1,3]}","[1,1,0,1,0,0,0,0,0,0,0,0,0,0,0,0,0,0,0,0,0,0,0,0,0,0,0,0,0,0]",2,no,all residue allocations modulo cyclic rotation
13,13,1,30,30,1,3,one_changed,FOUND,"{""coeffs"":[2,1,1],""positions"":[0,1,2]}","[2,1,1,0,0,0,0,0,0,0,0,0,0,0,0,0,0,0,0,0,0,0,0,0,0,0,0,0,0,0]",1,no,all residue allocations modulo cyclic rotation
13,13,1,30,30,1,3,all_distinct,FOUND,"{""coeffs"":[1,2,3],""positions"":[0,1,2]}","[1,2,3,0,0,0,0,0,0,0,0,0,0,0,0,0,0,0,0,0,0,0,0,0,0,0,0,0,0,0]",1,no,all residue allocations modulo cyclic rotation
13,13,1,30,30,1,4,ones,FOUND,"{""coeffs"":[1,1,1,1],""positions"":[0,1,2,4]}","[1,1,1,0,1,0,0,0,0,0,0,0,0,0,0,0,0,0,0,0,0,0,0,0,0,0,0,0,0,0]",2,no,all residue allocations modulo cyclic rotation
13,13,1,30,30,1,4,one_changed,FOUND,"{""coeffs"":[2,1,1,1],""positions"":[0,1,2,3]}","[2,1,1,1,0,0,0,0,0,0,0,0,0,0,0,0,0,0,0,0,0,0,0,0,0,0,0,0,0,0]",1,no,all residue allocations modulo cyclic rotation
13,13,1,30,30,1,4,all_distinct,FOUND,"{""coeffs"":[1,2,3,4],""positions"":[0,1,2,3]}","[1,2,3,4,0,0,0,0,0,0,0,0,0,0,0,0,0,0,0,0,0,0,0,0,0,0,0,0,0,0]",1,no,all residue allocations modulo cyclic rotation
13,13,1,30,30,1,5,ones,FOUND,"{""coeffs"":[1,1,1,1,1],""positions"":[0,1,2,3,5]}","[1,1,1,1,0,1,0,0,0,0,0,0,0,0,0,0,0,0,0,0,0,0,0,0,0,0,0,0,0,0]",2,no,all residue allocations modulo cyclic rotation
13,13,1,30,30,1,5,one_changed,FOUND,"{""coeffs"":[2,1,1,1,1],""positions"":[0,1,2,3,4]}","[2,1,1,1,1,0,0,0,0,0,0,0,0,0,0,0,0,0,0,0,0,0,0,0,0,0,0,0,0,0]",1,no,all residue allocations modulo cyclic rotation
13,13,1,30,30,1,5,all_distinct,FOUND,"{""coeffs"":[1,2,3,4,5],""positions"":[0,1,2,3,4]}","[1,2,3,4,5,0,0,0,0,0,0,0,0,0,0,0,0,0,0,0,0,0,0,0,0,0,0,0,0,0]",1,no,all residue allocations modulo cyclic rotation
13,13,1,30,30,1,6,ones,FOUND,"{""coeffs"":[1,1,1,1,1,1],""positions"":[0,1,2,3,4,6]}","[1,1,1,1,1,0,1,0,0,0,0,0,0,0,0,0,0,0,0,0,0,0,0,0,0,0,0,0,0,0]",2,no,all residue allocations modulo cyclic rotation
13,13,1,30,30,1,6,one_changed,FOUND,"{""coeffs"":[2,1,1,1,1,1],""positions"":[0,1,2,3,4,5]}","[2,1,1,1,1,1,0,0,0,0,0,0,0,0,0,0,0,0,0,0,0,0,0,0,0,0,0,0,0,0]",1,no,all residue allocations modulo cyclic rotation
13,13,1,30,30,1,6,all_distinct,FOUND,"{""coeffs"":[1,2,3,4,5,6],""positions"":[0,1,2,3,4,5]}","[1,2,3,4,5,6,0,0,0,0,0,0,0,0,0,0,0,0,0,0,0,0,0,0,0,0,0,0,0,0]",1,no,all residue allocations modulo cyclic rotation
13,13,1,30,30,1,7,ones,FOUND,"{""coeffs"":[1,1,1,1,1,1,1],""positions"":[0,1,2,3,4,5,6]}","[1,1,1,1,1,1,1,0,0,0,0,0,0,0,0,0,0,0,0,0,0,0,0,0,0,0,0,0,0,0]",1,no,all residue allocations modulo cyclic rotation
13,13,1,30,30,1,7,one_changed,FOUND,"{""coeffs"":[2,1,1,1,1,1,1],""positions"":[0,1,2,3,4,5,6]}","[2,1,1,1,1,1,1,0,0,0,0,0,0,0,0,0,0,0,0,0,0,0,0,0,0,0,0,0,0,0]",1,no,all residue allocations modulo cyclic rotation
13,13,1,30,30,1,7,all_distinct,FOUND,"{""coeffs"":[1,2,3,4,5,6,7],""positions"":[0,1,2,3,4,5,6]}","[1,2,3,4,5,6,7,0,0,0,0,0,0,0,0,0,0,0,0,0,0,0,0,0,0,0,0,0,0,0]",1,no,all residue allocations modulo cyclic rotation
13,13,1,30,30,1,8,ones,FOUND,"{""coeffs"":[1,1,1,1,1,1,1,1],""positions"":[0,1,2,3,4,5,6,8]}","[1,1,1,1,1,1,1,0,1,0,0,0,0,0,0,0,0,0,0,0,0,0,0,0,0,0,0,0,0,0]",2,no,all residue allocations modulo cyclic rotation
13,13,1,30,30,1,8,one_changed,FOUND,"{""coeffs"":[2,1,1,1,1,1,1,1],""positions"":[0,1,2,3,4,5,6,7]}","[2,1,1,1,1,1,1,1,0,0,0,0,0,0,0,0,0,0,0,0,0,0,0,0,0,0,0,0,0,0]",1,no,all residue allocations modulo cyclic rotation
13,13,1,30,30,1,8,all_distinct,FOUND,"{""coeffs"":[1,2,3,4,5,6,7,8],""positions"":[0,1,2,3,4,5,6,7]}","[1,2,3,4,5,6,7,8,0,0,0,0,0,0,0,0,0,0,0,0,0,0,0,0,0,0,0,0,0,0]",1,no,all residue allocations modulo cyclic rotation
13,13,1,30,30,1,9,ones,FOUND,"{""coeffs"":[1,1,1,1,1,1,1,1,1],""positions"":[0,1,2,3,4,5,6,7,9]}","[1,1,1,1,1,1,1,1,0,1,0,0,0,0,0,0,0,0,0,0,0,0,0,0,0,0,0,0,0,0]",2,no,all residue allocations modulo cyclic rotation
13,13,1,30,30,1,9,one_changed,FOUND,"{""coeffs"":[2,1,1,1,1,1,1,1,1],""positions"":[0,1,2,3,4,5,6,7,8]}","[2,1,1,1,1,1,1,1,1,0,0,0,0,0,0,0,0,0,0,0,0,0,0,0,0,0,0,0,0,0]",1,no,all residue allocations modulo cyclic rotation
13,13,1,30,30,1,9,all_distinct,FOUND,"{""coeffs"":[1,2,3,4,5,6,7,8,9],""positions"":[0,1,2,3,4,5,6,7,8]}","[1,2,3,4,5,6,7,8,9,0,0,0,0,0,0,0,0,0,0,0,0,0,0,0,0,0,0,0,0,0]",1,no,all residue allocations modulo cyclic rotation
13,13,1,30,30,1,10,ones,FOUND,"{""coeffs"":[1,1,1,1,1,1,1,1,1,1],""positions"":[0,1,2,3,4,5,6,7,8,10]}","[1,1,1,1,1,1,1,1,1,0,1,0,0,0,0,0,0,0,0,0,0,0,0,0,0,0,0,0,0,0]",2,no,all residue allocations modulo cyclic rotation
13,13,1,30,30,1,10,one_changed,FOUND,"{""coeffs"":[2,1,1,1,1,1,1,1,1,1],""positions"":[0,1,2,3,4,5,6,7,8,9]}","[2,1,1,1,1,1,1,1,1,1,0,0,0,0,0,0,0,0,0,0,0,0,0,0,0,0,0,0,0,0]",1,no,all residue allocations modulo cyclic rotation
13,13,1,30,30,1,10,all_distinct,FOUND,"{""coeffs"":[1,2,3,4,5,6,7,8,9,10],""positions"":[0,1,2,3,4,5,6,7,8,9]}","[1,2,3,4,5,6,7,8,9,10,0,0,0,0,0,0,0,0,0,0,0,0,0,0,0,0,0,0,0,0]",1,no,all residue allocations modulo cyclic rotation
13,13,1,30,30,1,11,ones,FOUND,"{""coeffs"":[1,1,1,1,1,1,1,1,1,1,1],""positions"":[0,1,2,3,4,5,6,7,8,9,10]}","[1,1,1,1,1,1,1,1,1,1,1,0,0,0,0,0,0,0,0,0,0,0,0,0,0,0,0,0,0,0]",1,no,all residue allocations modulo cyclic rotation
13,13,1,30,30,1,11,one_changed,FOUND,"{""coeffs"":[2,1,1,1,1,1,1,1,1,1,1],""positions"":[0,1,2,3,4,5,6,7,8,9,10]}","[2,1,1,1,1,1,1,1,1,1,1,0,0,0,0,0,0,0,0,0,0,0,0,0,0,0,0,0,0,0]",1,no,all residue allocations modulo cyclic rotation
13,13,1,30,30,1,11,all_distinct,FOUND,"{""coeffs"":[1,2,3,4,5,6,7,8,9,10,11],""positions"":[0,1,2,3,4,5,6,7,8,9,10]}","[1,2,3,4,5,6,7,8,9,10,11,0,0,0,0,0,0,0,0,0,0,0,0,0,0,0,0,0,0,0]",1,no,all residue allocations modulo cyclic rotation
13,13,1,30,30,1,12,ones,FOUND,"{""coeffs"":[1,1,1,1,1,1,1,1,1,1,1,1],""positions"":[0,1,2,3,4,5,6,7,8,9,10,12]}","[1,1,1,1,1,1,1,1,1,1,1,0,1,0,0,0,0,0,0,0,0,0,0,0,0,0,0,0,0,0]",2,no,all residue allocations modulo cyclic rotation
13,13,1,30,30,1,12,one_changed,FOUND,"{""coeffs"":[2,1,1,1,1,1,1,1,1,1,1,1],""positions"":[0,1,2,3,4,5,6,7,8,9,10,11]}","[2,1,1,1,1,1,1,1,1,1,1,1,0,0,0,0,0,0,0,0,0,0,0,0,0,0,0,0,0,0]",1,no,all residue allocations modulo cyclic rotation
13,13,1,30,30,1,12,all_distinct,FOUND,"{""coeffs"":[1,2,3,4,5,6,7,8,9,10,11,12],""positions"":[0,1,2,3,4,5,6,7,8,9,10,11]}","[1,2,3,4,5,6,7,8,9,10,11,12,0,0,0,0,0,0,0,0,0,0,0,0,0,0,0,0,0,0]",1,no,all residue allocations modulo cyclic rotation
13,13,1,30,30,1,13,ones,FOUND,"{""coeffs"":[1,1,1,1,1,1,1,1,1,1,1,1,1],""positions"":[0,1,2,3,4,5,6,7,8,9,10,11,12]}","[1,1,1,1,1,1,1,1,1,1,1,1,1,0,0,0,0,0,0,0,0,0,0,0,0,0,0,0,0,0]",1,no,all residue allocations modulo cyclic rotation
13,13,1,30,30,1,13,one_changed,FOUND,"{""coeffs"":[2,1,1,1,1,1,1,1,1,1,1,1,1],""positions"":[0,1,2,3,4,5,6,7,8,9,10,11,12]}","[2,1,1,1,1,1,1,1,1,1,1,1,1,0,0,0,0,0,0,0,0,0,0,0,0,0,0,0,0,0]",1,no,all residue allocations modulo cyclic rotation
13,13,1,30,30,1,14,ones,FOUND,"{""coeffs"":[1,1,1,1,1,1,1,1,1,1,1,1,1,1],""positions"":[0,1,2,3,4,5,6,7,8,9,10,11,12,14]}","[1,1,1,1,1,1,1,1,1,1,1,1,1,0,1,0,0,0,0,0,0,0,0,0,0,0,0,0,0,0]",2,no,all residue allocations modulo cyclic rotation
13,13,1,30,30,1,14,one_changed,FOUND,"{""coeffs"":[2,1,1,1,1,1,1,1,1,1,1,1,1,1],""positions"":[0,1,2,3,4,5,6,7,8,9,10,11,12,13]}","[2,1,1,1,1,1,1,1,1,1,1,1,1,1,0,0,0,0,0,0,0,0,0,0,0,0,0,0,0,0]",1,no,all residue allocations modulo cyclic rotation
13,13,1,30,30,1,15,ones,FOUND,"{""coeffs"":[1,1,1,1,1,1,1,1,1,1,1,1,1,1,1],""positions"":[0,1,2,3,4,5,6,7,8,9,10,11,12,13,15]}","[1,1,1,1,1,1,1,1,1,1,1,1,1,1,0,1,0,0,0,0,0,0,0,0,0,0,0,0,0,0]",2,no,all residue allocations modulo cyclic rotation
13,13,1,30,30,1,15,one_changed,FOUND,"{""coeffs"":[2,1,1,1,1,1,1,1,1,1,1,1,1,1,1],""positions"":[0,1,2,3,4,5,6,7,8,9,10,11,12,13,14]}","[2,1,1,1,1,1,1,1,1,1,1,1,1,1,1,0,0,0,0,0,0,0,0,0,0,0,0,0,0,0]",1,no,all residue allocations modulo cyclic rotation
13,13,1,30,30,1,16,ones,FOUND,"{""coeffs"":[1,1,1,1,1,1,1,1,1,1,1,1,1,1,1,1],""positions"":[0,1,2,3,4,5,6,7,8,9,10,11,12,13,14,16]}","[1,1,1,1,1,1,1,1,1,1,1,1,1,1,1,0,1,0,0,0,0,0,0,0,0,0,0,0,0,0]",2,no,all residue allocations modulo cyclic rotation
13,13,1,30,30,1,16,one_changed,FOUND,"{""coeffs"":[2,1,1,1,1,1,1,1,1,1,1,1,1,1,1,1],""positions"":[0,1,2,3,4,5,6,7,8,9,10,11,12,13,14,15]}","[2,1,1,1,1,1,1,1,1,1,1,1,1,1,1,1,0,0,0,0,0,0,0,0,0,0,0,0,0,0]",1,no,all residue allocations modulo cyclic rotation
13,13,1,30,30,1,17,ones,FOUND,"{""coeffs"":[1,1,1,1,1,1,1,1,1,1,1,1,1,1,1,1,1],""positions"":[0,1,2,3,4,5,6,7,8,9,10,11,12,13,14,15,16]}","[1,1,1,1,1,1,1,1,1,1,1,1,1,1,1,1,1,0,0,0,0,0,0,0,0,0,0,0,0,0]",1,no,all residue allocations modulo cyclic rotation
13,13,1,30,30,1,17,one_changed,FOUND,"{""coeffs"":[2,1,1,1,1,1,1,1,1,1,1,1,1,1,1,1,1],""positions"":[0,1,2,3,4,5,6,7,8,9,10,11,12,13,14,15,16]}","[2,1,1,1,1,1,1,1,1,1,1,1,1,1,1,1,1,0,0,0,0,0,0,0,0,0,0,0,0,0]",1,no,all residue allocations modulo cyclic rotation
13,13,1,30,30,1,18,ones,FOUND,"{""coeffs"":[1,1,1,1,1,1,1,1,1,1,1,1,1,1,1,1,1,1],""positions"":[0,1,2,3,4,5,6,7,8,9,10,11,12,13,14,15,16,18]}","[1,1,1,1,1,1,1,1,1,1,1,1,1,1,1,1,1,0,1,0,0,0,0,0,0,0,0,0,0,0]",2,no,all residue allocations modulo cyclic rotation
13,13,1,30,30,1,18,one_changed,FOUND,"{""coeffs"":[2,1,1,1,1,1,1,1,1,1,1,1,1,1,1,1,1,1],""positions"":[0,1,2,3,4,5,6,7,8,9,10,11,12,13,14,15,16,17]}","[2,1,1,1,1,1,1,1,1,1,1,1,1,1,1,1,1,1,0,0,0,0,0,0,0,0,0,0,0,0]",1,no,all residue allocations modulo cyclic rotation
13,13,1,30,30,1,19,ones,FOUND,"{""coeffs"":[1,1,1,1,1,1,1,1,1,1,1,1,1,1,1,1,1,1,1],""positions"":[0,1,2,3,4,5,6,7,8,9,10,11,12,13,14,15,16,17,18]}","[1,1,1,1,1,1,1,1,1,1,1,1,1,1,1,1,1,1,1,0,0,0,0,0,0,0,0,0,0,0]",1,no,all residue allocations modulo cyclic rotation
13,13,1,30,30,1,19,one_changed,FOUND,"{""coeffs"":[2,1,1,1,1,1,1,1,1,1,1,1,1,1,1,1,1,1,1],""positions"":[0,1,2,3,4,5,6,7,8,9,10,11,12,13,14,15,16,17,18]}","[2,1,1,1,1,1,1,1,1,1,1,1,1,1,1,1,1,1,1,0,0,0,0,0,0,0,0,0,0,0]",1,no,all residue allocations modulo cyclic rotation
13,13,1,30,30,1,20,ones,FOUND,"{""coeffs"":[1,1,1,1,1,1,1,1,1,1,1,1,1,1,1,1,1,1,1,1],""positions"":[0,1,2,3,4,5,6,7,8,9,10,11,12,13,14,15,16,17,18,20]}","[1,1,1,1,1,1,1,1,1,1,1,1,1,1,1,1,1,1,1,0,1,0,0,0,0,0,0,0,0,0]",2,no,all residue allocations modulo cyclic rotation
13,13,1,30,30,1,20,one_changed,FOUND,"{""coeffs"":[2,1,1,1,1,1,1,1,1,1,1,1,1,1,1,1,1,1,1,1],""positions"":[0,1,2,3,4,5,6,7,8,9,10,11,12,13,14,15,16,17,18,19]}","[2,1,1,1,1,1,1,1,1,1,1,1,1,1,1,1,1,1,1,1,0,0,0,0,0,0,0,0,0,0]",1,no,all residue allocations modulo cyclic rotation
13,13,1,30,30,1,21,ones,FOUND,"{""coeffs"":[1,1,1,1,1,1,1,1,1,1,1,1,1,1,1,1,1,1,1,1,1],""positions"":[0,1,2,3,4,5,6,7,8,9,10,11,12,13,14,15,16,17,18,19,21]}","[1,1,1,1,1,1,1,1,1,1,1,1,1,1,1,1,1,1,1,1,0,1,0,0,0,0,0,0,0,0]",2,no,all residue allocations modulo cyclic rotation
13,13,1,30,30,1,21,one_changed,FOUND,"{""coeffs"":[2,1,1,1,1,1,1,1,1,1,1,1,1,1,1,1,1,1,1,1,1],""positions"":[0,1,2,3,4,5,6,7,8,9,10,11,12,13,14,15,16,17,18,19,20]}","[2,1,1,1,1,1,1,1,1,1,1,1,1,1,1,1,1,1,1,1,1,0,0,0,0,0,0,0,0,0]",1,no,all residue allocations modulo cyclic rotation
13,13,1,30,30,1,22,ones,FOUND,"{""coeffs"":[1,1,1,1,1,1,1,1,1,1,1,1,1,1,1,1,1,1,1,1,1,1],""positions"":[0,1,2,3,4,5,6,7,8,9,10,11,12,13,14,15,16,17,18,19,20,22]}","[1,1,1,1,1,1,1,1,1,1,1,1,1,1,1,1,1,1,1,1,1,0,1,0,0,0,0,0,0,0]",2,no,all residue allocations modulo cyclic rotation
13,13,1,30,30,1,22,one_changed,FOUND,"{""coeffs"":[2,1,1,1,1,1,1,1,1,1,1,1,1,1,1,1,1,1,1,1,1,1],""positions"":[0,1,2,3,4,5,6,7,8,9,10,11,12,13,14,15,16,17,18,19,20,21]}","[2,1,1,1,1,1,1,1,1,1,1,1,1,1,1,1,1,1,1,1,1,1,0,0,0,0,0,0,0,0]",1,no,all residue allocations modulo cyclic rotation
13,13,1,30,30,1,23,ones,FOUND,"{""coeffs"":[1,1,1,1,1,1,1,1,1,1,1,1,1,1,1,1,1,1,1,1,1,1,1],""positions"":[0,1,2,3,4,5,6,7,8,9,10,11,12,13,14,15,16,17,18,19,20,21,22]}","[1,1,1,1,1,1,1,1,1,1,1,1,1,1,1,1,1,1,1,1,1,1,1,0,0,0,0,0,0,0]",1,no,all residue allocations modulo cyclic rotation
13,13,1,30,30,1,23,one_changed,FOUND,"{""coeffs"":[2,1,1,1,1,1,1,1,1,1,1,1,1,1,1,1,1,1,1,1,1,1,1],""positions"":[0,1,2,3,4,5,6,7,8,9,10,11,12,13,14,15,16,17,18,19,20,21,22]}","[2,1,1,1,1,1,1,1,1,1,1,1,1,1,1,1,1,1,1,1,1,1,1,0,0,0,0,0,0,0]",1,no,all residue allocations modulo cyclic rotation
13,13,1,30,30,1,24,ones,FOUND,"{""coeffs"":[1,1,1,1,1,1,1,1,1,1,1,1,1,1,1,1,1,1,1,1,1,1,1,1],""positions"":[0,1,2,3,4,5,6,7,8,9,10,11,12,13,14,15,16,17,18,19,20,21,22,24]}","[1,1,1,1,1,1,1,1,1,1,1,1,1,1,1,1,1,1,1,1,1,1,1,0,1,0,0,0,0,0]",2,no,all residue allocations modulo cyclic rotation
13,13,1,30,30,1,24,one_changed,FOUND,"{""coeffs"":[2,1,1,1,1,1,1,1,1,1,1,1,1,1,1,1,1,1,1,1,1,1,1,1],""positions"":[0,1,2,3,4,5,6,7,8,9,10,11,12,13,14,15,16,17,18,19,20,21,22,23]}","[2,1,1,1,1,1,1,1,1,1,1,1,1,1,1,1,1,1,1,1,1,1,1,1,0,0,0,0,0,0]",1,no,all residue allocations modulo cyclic rotation
13,13,1,30,30,1,25,ones,FOUND,"{""coeffs"":[1,1,1,1,1,1,1,1,1,1,1,1,1,1,1,1,1,1,1,1,1,1,1,1,1],""positions"":[0,1,2,3,4,5,6,7,8,9,10,11,12,13,14,15,16,17,18,19,20,21,22,23,25]}","[1,1,1,1,1,1,1,1,1,1,1,1,1,1,1,1,1,1,1,1,1,1,1,1,0,1,0,0,0,0]",2,no,all residue allocations modulo cyclic rotation
13,13,1,30,30,1,25,one_changed,FOUND,"{""coeffs"":[2,1,1,1,1,1,1,1,1,1,1,1,1,1,1,1,1,1,1,1,1,1,1,1,1],""positions"":[0,1,2,3,4,5,6,7,8,9,10,11,12,13,14,15,16,17,18,19,20,21,22,23,24]}","[2,1,1,1,1,1,1,1,1,1,1,1,1,1,1,1,1,1,1,1,1,1,1,1,1,0,0,0,0,0]",1,no,all residue allocations modulo cyclic rotation
13,13,1,30,30,1,26,ones,FOUND,"{""coeffs"":[1,1,1,1,1,1,1,1,1,1,1,1,1,1,1,1,1,1,1,1,1,1,1,1,1,1],""positions"":[0,1,2,3,4,5,6,7,8,9,10,11,12,13,14,15,16,17,18,19,20,21,22,23,24,26]}","[1,1,1,1,1,1,1,1,1,1,1,1,1,1,1,1,1,1,1,1,1,1,1,1,1,0,1,0,0,0]",2,no,all residue allocations modulo cyclic rotation
13,13,1,30,30,1,26,one_changed,FOUND,"{""coeffs"":[2,1,1,1,1,1,1,1,1,1,1,1,1,1,1,1,1,1,1,1,1,1,1,1,1,1],""positions"":[0,1,2,3,4,5,6,7,8,9,10,11,12,13,14,15,16,17,18,19,20,21,22,23,24,25]}","[2,1,1,1,1,1,1,1,1,1,1,1,1,1,1,1,1,1,1,1,1,1,1,1,1,1,0,0,0,0]",1,no,all residue allocations modulo cyclic rotation
13,13,1,30,30,1,27,ones,FOUND,"{""coeffs"":[1,1,1,1,1,1,1,1,1,1,1,1,1,1,1,1,1,1,1,1,1,1,1,1,1,1,1],""positions"":[0,1,2,3,4,5,6,7,8,9,10,11,12,13,14,15,16,17,18,19,20,21,22,23,24,25,27]}","[1,1,1,1,1,1,1,1,1,1,1,1,1,1,1,1,1,1,1,1,1,1,1,1,1,1,0,1,0,0]",2,no,all residue allocations modulo cyclic rotation
13,13,1,30,30,1,27,one_changed,FOUND,"{""coeffs"":[2,1,1,1,1,1,1,1,1,1,1,1,1,1,1,1,1,1,1,1,1,1,1,1,1,1,1],""positions"":[0,1,2,3,4,5,6,7,8,9,10,11,12,13,14,15,16,17,18,19,20,21,22,23,24,25,26]}","[2,1,1,1,1,1,1,1,1,1,1,1,1,1,1,1,1,1,1,1,1,1,1,1,1,1,1,0,0,0]",1,no,all residue allocations modulo cyclic rotation
13,13,1,30,30,1,28,ones,FOUND,"{""coeffs"":[1,1,1,1,1,1,1,1,1,1,1,1,1,1,1,1,1,1,1,1,1,1,1,1,1,1,1,1],""positions"":[0,1,2,3,4,5,6,7,8,9,10,11,12,13,14,15,16,17,18,19,20,21,22,23,24,25,26,28]}","[1,1,1,1,1,1,1,1,1,1,1,1,1,1,1,1,1,1,1,1,1,1,1,1,1,1,1,0,1,0]",2,no,all residue allocations modulo cyclic rotation
13,13,1,30,30,1,28,one_changed,FOUND,"{""coeffs"":[2,1,1,1,1,1,1,1,1,1,1,1,1,1,1,1,1,1,1,1,1,1,1,1,1,1,1,1],""positions"":[0,1,2,3,4,5,6,7,8,9,10,11,12,13,14,15,16,17,18,19,20,21,22,23,24,25,26,27]}","[2,1,1,1,1,1,1,1,1,1,1,1,1,1,1,1,1,1,1,1,1,1,1,1,1,1,1,1,0,0]",1,no,all residue allocations modulo cyclic rotation
13,13,1,30,30,1,29,ones,FOUND,"{""coeffs"":[1,1,1,1,1,1,1,1,1,1,1,1,1,1,1,1,1,1,1,1,1,1,1,1,1,1,1,1,1],""positions"":[0,1,2,3,4,5,6,7,8,9,10,11,12,13,14,15,16,17,18,19,20,21,22,23,24,25,26,27,28]}","[1,1,1,1,1,1,1,1,1,1,1,1,1,1,1,1,1,1,1,1,1,1,1,1,1,1,1,1,1,0]",1,no,all residue allocations modulo cyclic rotation
13,13,1,30,30,1,29,one_changed,FOUND,"{""coeffs"":[2,1,1,1,1,1,1,1,1,1,1,1,1,1,1,1,1,1,1,1,1,1,1,1,1,1,1,1,1],""positions"":[0,1,2,3,4,5,6,7,8,9,10,11,12,13,14,15,16,17,18,19,20,21,22,23,24,25,26,27,28]}","[2,1,1,1,1,1,1,1,1,1,1,1,1,1,1,1,1,1,1,1,1,1,1,1,1,1,1,1,1,0]",1,no,all residue allocations modulo cyclic rotation
13,13,1,30,30,1,30,ones,NONE,,,1,yes,all residue allocations modulo cyclic rotation
13,13,1,30,30,1,30,one_changed,FOUND,"{""coeffs"":[2,1,1,1,1,1,1,1,1,1,1,1,1,1,1,1,1,1,1,1,1,1,1,1,1,1,1,1,1,1],""positions"":[0,1,2,3,4,5,6,7,8,9,10,11,12,13,14,15,16,17,18,19,20,21,22,23,24,25,26,27,28,29]}","[2,1,1,1,1,1,1,1,1,1,1,1,1,1,1,1,1,1,1,1,1,1,1,1,1,1,1,1,1,1]",1,no,all residue allocations modulo cyclic rotation
16,2,4,2,1,2,2,ones,FOUND,"{""coeffs"":[1,1],""positions"":[0,1]}",[0],1,no,vacuous m=1
16,2,4,2,1,2,2,one_changed,FOUND,"{""coeffs"":[2,1],""positions"":[0,1]}",[3],1,no,vacuous m=1
16,2,4,2,1,2,2,all_distinct,FOUND,"{""coeffs"":[1,2],""positions"":[0,1]}",[3],1,no,vacuous m=1
16,2,4,3,3,1,2,ones,FOUND,"{""coeffs"":[1,1],""positions"":[0,1]}","[1,1,0]",1,no,all residue allocations modulo cyclic rotation
16,2,4,3,3,1,2,one_changed,FOUND,"{""coeffs"":[1,2],""positions"":[0,1]}","[1,2,0]",1,no,all residue allocations modulo cyclic rotation
16,2,4,3,3,1,2,all_distinct,FOUND,"{""coeffs"":[1,2],""positions"":[0,1]}","[1,2,0]",1,no,all residue allocations modulo cyclic rotation
16,2,4,3,3,1,3,ones,NONE,,,1,yes,all residue allocations modulo cyclic rotation
16,2,4,3,3,1,3,one_changed,FOUND,"{""coeffs"":[2,1,1],""positions"":[0,1,2]}","[2,1,1]",1,no,all residue allocations modulo cyclic rotation
16,2,4,3,3,1,3,all_distinct,FOUND,"{""coeffs"":[1,2,3],""positions"":[0,1,2]}","[1,2,3]",1,no,all residue allocations modulo cyclic rotation
16,2,4,4,1,4,2,ones,FOUND,"{""coeffs"":[1,1],""positions"":[0,1]}",[0],1,no,vacuous m=1
16,2,4,4,1,4,2,one_changed,FOUND,"{""coeffs"":[2,1],""positions"":[0,1]}",[3],1,no,vacuous m=1
16,2,4,4,1,4,2,all_distinct,FOUND,"{""coeffs"":[1,2],""positions"":[0,1]}",[3],1,no,vacuous m=1
16,2,4,4,1,4,3,ones,FOUND,"{""coeffs"":[1,1,1],""positions"":[0,1,2]}",[1],1,no,vacuous m=1
16,2,4,4,1,4,3,one_changed,FOUND,"{""coeffs"":[2,1,1],""positions"":[0,1,2]}",[2],1,no,vacuous m=1
16,2,4,4,1,4,3,all_distinct,FOUND,"{""coeffs"":[1,2,3],""positions"":[0,1,2]}",[0],1,no,vacuous m=1
16,2,4,4,1,4,4,ones,FOUND,"{""coeffs"":[1,1,1,1],""positions"":[0,1,2,3]}",[0],1,no,vacuous m=1
16,2,4,4,1,4,4,one_changed,FOUND,"{""coeffs"":[2,1,1,1],""positions"":[0,1,2,3]}",[3],1,no,vacuous m=1
16,2,4,4,1,4,4,all_distinct,FOUND,"{""coeffs"":[1,2,3,4],""positions"":[0,1,2,3]}",[4],1,no,vacuous m=1
16,2,4,5,5,1,2,ones,FOUND,"{""coeffs"":[1,1],""positions"":[0,1]}","[1,1,0,0,0]",1,no,all residue allocations modulo cyclic rotation
16,2,4,5,5,1,2,one_changed,FOUND,"{""coeffs"":[1,2],""positions"":[0,1]}","[1,2,0,0,0]",1,no,all residue allocations modulo cyclic rotation
16,2,4,5,5,1,2,all_distinct,FOUND,"{""coeffs"":[1,2],""positions"":[0,1]}","[1,2,0,0,0]",1,no,all residue allocations modulo cyclic rotation
16,2,4,5,5,1,3,ones,FOUND,"{""coeffs"":[1,1,1],""positions"":[0,1,2]}","[1,1,1,0,0]",1,no,all residue allocations modulo cyclic rotation
16,2,4,5,5,1,3,one_changed,FOUND,"{""coeffs"":[2,1,1],""positions"":[0,1,2]}","[2,1,1,0,0]",1,no,all residue allocations modulo cyclic rotation
16,2,4,5,5,1,3,all_distinct,FOUND,"{""coeffs"":[1,2,3],""positions"":[0,1,2]}","[1,2,3,0,0]",1,no,all residue allocations modulo cyclic rotation
16,2,4,5,5,1,4,ones,FOUND,"{""coeffs"":[1,1,1,1],""positions"":[0,1,2,3]}","[1,1,1,1,0]",1,no,all residue allocations modulo cyclic rotation
16,2,4,5,5,1,4,one_changed,FOUND,"{""coeffs"":[2,1,1,1],""positions"":[0,1,2,3]}","[2,1,1,1,0]",1,no,all residue allocations modulo cyclic rotation
16,2,4,5,5,1,4,all_distinct,FOUND,"{""coeffs"":[1,2,3,4],""positions"":[0,1,2,3]}","[1,2,3,4,0]",1,no,all residue allocations modulo cyclic rotation
16,2,4,5,5,1,5,ones,NONE,,,1,yes,all residue allocations modulo cyclic rotation
16,2,4,5,5,1,5,one_changed,FOUND,"{""coeffs"":[2,1,1,1,1],""positions"":[0,1,2,3,4]}","[2,1,1,1,1]",1,no,all residue allocations modulo cyclic rotation
16,2,4,5,5,1,5,all_distinct,FOUND,"{""coeffs"":[1,2,3,4,5],""positions"":[0,1,2,3,4]}","[1,2,3,4,5]",1,no,all residue allocations modulo cyclic rotation
16,2,4,6,3,2,2,ones,FOUND,"{""coeffs"":[1,1],""positions"":[0,1]}","[1,1,0]",2,no,all residue allocations modulo cyclic rotation
16,2,4,6,3,2,2,one_changed,FOUND,"{""coeffs"":[1,2],""positions"":[0,3]}","[3,0,0]",1,no,all residue allocations modulo cyclic rotation
16,2,4,6,3,2,2,all_distinct,FOUND,"{""coeffs"":[1,2],""positions"":[0,3]}","[3,0,0]",1,no,all residue allocations modulo cyclic rotation
16,2,4,6,3,2,3,ones,FOUND,"{""coeffs"":[1,1,1],""positions"":[0,3,1]}","[0,1,0]",1,no,all residue allocations modulo cyclic rotation
16,2,4,6,3,2,3,one_changed,FOUND,"{""coeffs"":[2,1,1],""positions"":[0,3,1]}","[3,1,0]",1,no,all residue allocations modulo cyclic rotation
16,2,4,6,3,2,3,all_distinct,FOUND,"{""coeffs"":[1,2,3],""positions"":[0,3,1]}","[3,3,0]",1,no,all residue allocations modulo cyclic rotation
16,2,4,6,3,2,4,ones,FOUND,"{""coeffs"":[1,1,1,1],""positions"":[0,3,1,2]}","[0,1,1]",2,no,all residue allocations modulo cyclic rotation
16,2,4,6,3,2,4,one_changed,FOUND,"{""coeffs"":[2,1,1,1],""positions"":[0,3,1,4]}","[3,0,0]",1,no,all residue allocations modulo cyclic rotation
16,2,4,6,3,2,4,all_distinct,FOUND,"{""coeffs"":[1,2,3,4],""positions"":[0,3,1,4]}","[3,7,0]",1,no,all residue allocations modulo cyclic rotation
16,2,4,6,3,2,5,ones,FOUND,"{""coeffs"":[1,1,1,1,1],""positions"":[0,3,1,4,2]}","[0,0,1]",1,no,all residue allocations modulo cyclic rotation
16,2,4,6,3,2,5,one_changed,FOUND,"{""coeffs"":[2,1,1,1,1],""positions"":[0,3,1,4,2]}","[3,0,1]",1,no,all residue allocations modulo cyclic rotation
16,2,4,6,3,2,5,all_distinct,FOUND,"{""coeffs"":[1,2,3,4,5],""positions"":[0,3,1,4,2]}","[3,7,5]",1,no,all residue allocations modulo cyclic rotation
16,2,4,6,3,2,6,ones,NONE,,,1,yes,all residue allocations modulo cyclic rotation
16,2,4,6,3,2,6,one_changed,FOUND,"{""coeffs"":[2,1,1,1,1,1],""positions"":[0,3,1,4,2,5]}","[3,0,0]",1,no,all residue allocations modulo cyclic rotation
16,2,4,6,3,2,6,all_distinct,FOUND,"{""coeffs"":[1,2,3,4,5,6],""positions"":[0,3,1,4,2,5]}","[3,7,3]",1,no,all residue allocations modulo cyclic rotation
16,2,4,7,7,1,2,ones,FOUND,"{""coeffs"":[1,1],""positions"":[0,1]}","[1,1,0,0,0,0,0]",1,no,all residue allocations modulo cyclic rotation
16,2,4,7,7,1,2,one_changed,FOUND,"{""coeffs"":[1,2],""positions"":[0,1]}","[1,2,0,0,0,0,0]",1,no,all residue allocations modulo cyclic rotation
16,2,4,7,7,1,2,all_distinct,FOUND,"{""coeffs"":[1,2],""positions"":[0,1]}","[1,2,0,0,0,0,0]",1,no,all residue allocations modulo cyclic rotation
16,2,4,7,7,1,3,ones,FOUND,"{""coeffs"":[1,1,1],""positions"":[0,1,2]}","[1,1,1,0,0,0,0]",1,no,all residue allocations modulo cyclic rotation
16,2,4,7,7,1,3,one_changed,FOUND,"{""coeffs"":[2,1,1],""positions"":[0,1,2]}","[2,1,1,0,0,0,0]",1,no,all residue allocations modulo cyclic rotation
16,2,4,7,7,1,3,all_distinct,FOUND,"{""coeffs"":[1,2,3],""positions"":[0,1,2]}","[1,2,3,0,0,0,0]",1,no,all residue allocations modulo cyclic rotation
16,2,4,7,7,1,4,ones,FOUND,"{""coeffs"":[1,1,1,1],""positions"":[0,1,2,3]}","[1,1,1,1,0,0,0]",1,no,all residue allocations modulo cyclic rotation
16,2,4,7,7,1,4,one_changed,FOUND,"{""coeffs"":[2,1,1,1],""positions"":[0,1,2,3]}","[2,1,1,1,0,0,0]",1,no,all residue allocations modulo cyclic rotation
16,2,4,7,7,1,4,all_distinct,FOUND,"{""coeffs"":[1,2,3,4],""positions"":[0,1,2,3]}","[1,2,3,4,0,0,0]",1,no,all residue allocations modulo cyclic rotation
16,2,4,7,7,1,5,ones,FOUND,"{""coeffs"":[1,1,1,1,1],""positions"":[0,1,2,3,4]}","[1,1,1,1,1,0,0]",1,no,all residue allocations modulo cyclic rotation
16,2,4,7,7,1,5,one_changed,FOUND,"{""coeffs"":[2,1,1,1,1],""positions"":[0,1,2,3,4]}","[2,1,1,1,1,0,0]",1,no,all residue allocations modulo cyclic rotation
16,2,4,7,7,1,5,all_distinct,FOUND,"{""coeffs"":[1,2,3,4,5],""positions"":[0,1,2,3,4]}","[1,2,3,4,5,0,0]",1,no,all residue allocations modulo cyclic rotation
16,2,4,7,7,1,6,ones,FOUND,"{""coeffs"":[1,1,1,1,1,1],""positions"":[0,1,2,3,4,5]}","[1,1,1,1,1,1,0]",1,no,all residue allocations modulo cyclic rotation
16,2,4,7,7,1,6,one_changed,FOUND,"{""coeffs"":[2,1,1,1,1,1],""positions"":[0,1,2,3,4,5]}","[2,1,1,1,1,1,0]",1,no,all residue allocations modulo cyclic rotation
16,2,4,7,7,1,6,all_distinct,FOUND,"{""coeffs"":[1,2,3,4,5,6],""positions"":[0,1,2,3,4,5]}","[1,2,3,4,5,6,0]",1,no,all residue allocations modulo cyclic rotation
16,2,4,7,7,1,7,ones,NONE,,,1,yes,all residue allocations modulo cyclic rotation
16,2,4,7,7,1,7,one_changed,FOUND,"{""coeffs"":[2,1,1,1,1,1,1],""positions"":[0,1,2,3,4,5,6]}","[2,1,1,1,1,1,1]",1,no,all residue allocations modulo cyclic rotation
16,2,4,7,7,1,7,all_distinct,FOUND,"{""coeffs"":[1,2,3,4,5,6,7],""positions"":[0,1,2,3,4,5,6]}","[1,2,3,4,5,6,7]",1,no,all residue allocations modulo cyclic rotation
16,2,4,8,1,8,2,ones,FOUND,"{""coeffs"":[1,1],""positions"":[0,1]}",[0],1,no,vacuous m=1
16,2,4,8,1,8,2,one_changed,FOUND,"{""coeffs"":[2,1],""positions"":[0,1]}",[3],1,no,vacuous m=1
16,2,4,8,1,8,2,all_distinct,FOUND,"{""coeffs"":[1,2],""positions"":[0,1]}",[3],1,no,vacuous m=1
16,2,4,8,1,8,3,ones,FOUND,"{""coeffs"":[1,1,1],""positions"":[0,1,2]}",[1],1,no,vacuous m=1
16,2,4,8,1,8,3,one_changed,FOUND,"{""coeffs"":[2,1,1],""positions"":[0,1,2]}",[2],1,no,vacuous m=1
16,2,4,8,1,8,3,all_distinct,FOUND,"{""coeffs"":[1,2,3],""positions"":[0,1,2]}",[0],1,no,vacuous m=1
16,2,4,8,1,8,4,ones,FOUND,"{""coeffs"":[1,1,1,1],""positions"":[0,1,2,3]}",[0],1,no,vacuous m=1
16,2,4,8,1,8,4,one_changed,FOUND,"{""coeffs"":[2,1,1,1],""positions"":[0,1,2,3]}",[3],1,no,vacuous m=1
16,2,4,8,1,8,4,all_distinct,FOUND,"{""coeffs"":[1,2,3,4],""positions"":[0,1,2,3]}",[4],1,no,vacuous m=1
16,2,4,8,1,8,5,ones,FOUND,"{""coeffs"":[1,1,1,1,1],""positions"":[0,1,2,3,4]}",[1],1,no,vacuous m=1
16,2,4,8,1,8,5,one_changed,FOUND,"{""coeffs"":[2,1,1,1,1],""positions"":[0,1,2,3,4]}",[2],1,no,vacuous m=1
16,2,4,8,1,8,5,all_distinct,FOUND,"{""coeffs"":[1,2,3,4,5],""positions"":[0,1,2,3,4]}",[1],1,no,vacuous m=1
16,2,4,8,1,8,6,ones,FOUND,"{""coeffs"":[1,1,1,1,1,1],""positions"":[0,1,2,3,4,5]}",[0],1,no,vacuous m=1
16,2,4,8,1,8,6,one_changed,FOUND,"{""coeffs"":[2,1,1,1,1,1],""positions"":[0,1,2,3,4,5]}",[3],1,no,vacuous m=1
16,2,4,8,1,8,6,all_distinct,FOUND,"{""coeffs"":[1,2,3,4,5,6],""positions"":[0,1,2,3,4,5]}",[7],1,no,vacuous m=1
16,2,4,8,1,8,7,ones,FOUND,"{""coeffs"":[1,1,1,1,1,1,1],""positions"":[0,1,2,3,4,5,6]}",[1],1,no,vacuous m=1
16,2,4,8,1,8,7,one_changed,FOUND,"{""coeffs"":[2,1,1,1,1,1,1],""positions"":[0,1,2,3,4,5,6]}",[2],1,no,vacuous m=1
16,2,4,8,1,8,7,all_distinct,FOUND,"{""coeffs"":[1,2,3,4,5,6,7],""positions"":[0,1,2,3,4,5,6]}",[0],1,no,vacuous m=1
16,2,4,8,1,8,8,ones,FOUND,"{""coeffs"":[1,1,1,1,1,1,1,1],""positions"":[0,1,2,3,4,5,6,7]}",[0],1,no,vacuous m=1
16,2,4,8,1,8,8,one_changed,FOUND,"{""coeffs"":[2,1,1,1,1,1,1,1],""positions"":[0,1,2,3,4,5,6,7]}",[3],1,no,vacuous m=1
16,2,4,8,1,8,8,all_distinct,FOUND,"{""coeffs"":[1,2,3,4,5,6,7,8],""positions"":[0,1,2,3,4,5,6,7]}",[8],1,no,vacuous m=1
16,2,4,9,9,1,2,ones,FOUND,"{""coeffs"":[1,1],""positions"":[0,1]}","[1,1,0,0,0,0,0,0,0]",1,no,all residue allocations modulo cyclic rotation
16,2,4,9,9,1,2,one_changed,FOUND,"{""coeffs"":[1,2],""positions"":[0,1]}","[1,2,0,0,0,0,0,0,0]",1,no,all residue allocations modulo cyclic rotation
16,2,4,9,9,1,2,all_distinct,FOUND,"{""coeffs"":[1,2],""positions"":[0,1]}","[1,2,0,0,0,0,0,0,0]",1,no,all residue allocations modulo cyclic rotation
16,2,4,9,9,1,3,ones,FOUND,"{""coeffs"":[1,1,1],""positions"":[0,1,3]}","[1,1,0,1,0,0,0,0,0]",2,no,all residue allocations modulo cyclic rotation
16,2,4,9,9,1,3,one_changed,FOUND,"{""coeffs"":[2,1,1],""positions"":[0,1,2]}","[2,1,1,0,0,0,0,0,0]",1,no,all residue allocations modulo cyclic rotation
16,2,4,9,9,1,3,all_distinct,FOUND,"{""coeffs"":[1,2,3],""positions"":[0,1,2]}","[1,2,3,0,0,0,0,0,0]",1,no,all residue allocations modulo cyclic rotation
16,2,4,9,9,1,4,ones,FOUND,"{""coeffs"":[1,1,1,1],""positions"":[0,1,2,3]}","[1,1,1,1,0,0,0,0,0]",1,no,all residue allocations modulo cyclic rotation
16,2,4,9,9,1,4,one_changed,FOUND,"{""coeffs"":[2,1,1,1],""positions"":[0,1,2,3]}","[2,1,1,1,0,0,0,0,0]",1,no,all residue allocations modulo cyclic rotation
16,2,4,9,9,1,4,all_distinct,FOUND,"{""coeffs"":[1,2,3,4],""positions"":[0,1,2,3]}","[1,2,3,4,0,0,0,0,0]",1,no,all residue allocations modulo cyclic rotation
16,2,4,9,9,1,5,ones,FOUND,"{""coeffs"":[1,1,1,1,1],""positions"":[0,1,2,3,4]}","[1,1,1,1,1,0,0,0,0]",1,no,all residue allocations modulo cyclic rotation
16,2,4,9,9,1,5,one_changed,FOUND,"{""coeffs"":[2,1,1,1,1],""positions"":[0,1,2,3,4]}","[2,1,1,1,1,0,0,0,0]",1,no,all residue allocations modulo cyclic rotation
16,2,4,9,9,1,5,all_distinct,FOUND,"{""coeffs"":[1,2,3,4,5],""positions"":[0,1,2,3,4]}","[1,2,3,4,5,0,0,0,0]",1,no,all residue allocations modulo cyclic rotation
16,2,4,9,9,1,6,ones,FOUND,"{""coeffs"":[1,1,1,1,1,1],""positions"":[0,1,2,3,4,6]}","[1,1,1,1,1,0,1,0,0]",2,no,all residue allocations modulo cyclic rotation
16,2,4,9,9,1,6,one_changed,FOUND,"{""coeffs"":[2,1,1,1,1,1],""positions"":[0,1,2,3,4,5]}","[2,1,1,1,1,1,0,0,0]",1,no,all residue allocations modulo cyclic rotation
16,2,4,9,9,1,6,all_distinct,FOUND,"{""coeffs"":[1,2,3,4,5,6],""positions"":[0,1,2,3,4,5]}","[1,2,3,4,5,6,0,0,0]",1,no,all residue allocations modulo cyclic rotation
16,2,4,9,9,1,7,ones,FOUND,"{""coeffs"":[1,1,1,1,1,1,1],""positions"":[0,1,2,3,4,5,6]}","[1,1,1,1,1,1,1,0,0]",1,no,all residue allocations modulo cyclic rotation
16,2,4,9,9,1,7,one_changed,FOUND,"{""coeffs"":[2,1,1,1,1,1,1],""positions"":[0,1,2,3,4,5,6]}","[2,1,1,1,1,1,1,0,0]",1,no,all residue allocations modulo cyclic rotation
16,2,4,9,9,1,7,all_distinct,FOUND,"{""coeffs"":[1,2,3,4,5,6,7],""positions"":[0,1,2,3,4,5,6]}","[1,2,3,4,5,6,7,0,0]",1,no,all residue allocations modulo cyclic rotation
16,2,4,9,9,1,8,ones,FOUND,"{""coeffs"":[1,1,1,1,1,1,1,1],""positions"":[0,1,2,3,4,5,6,7]}","[1,1,1,1,1,1,1,1,0]",1,no,all residue allocations modulo cyclic rotation
16,2,4,9,9,1,8,one_changed,FOUND,"{""coeffs"":[2,1,1,1,1,1,1,1],""positions"":[0,1,2,3,4,5,6,7]}","[2,1,1,1,1,1,1,1,0]",1,no,all residue allocations modulo cyclic rotation
16,2,4,9,9,1,8,all_distinct,FOUND,"{""coeffs"":[1,2,3,4,5,6,7,8],""positions"":[0,1,2,3,4,5,6,7]}","[1,2,3,4,5,6,7,8,0]",1,no,all residue allocations modulo cyclic rotation
16,2,4,9,9,1,9,ones,NONE,,,1,yes,all residue allocations modulo cyclic rotation
16,2,4,9,9,1,9,one_changed,FOUND,"{""coeffs"":[2,1,1,1,1,1,1,1,1],""positions"":[0,1,2,3,4,5,6,7,8]}","[2,1,1,1,1,1,1,1,1]",1,no,all residue allocations modulo cyclic rotation
16,2,4,9,9,1,9,all_distinct,FOUND,"{""coeffs"":[1,2,3,4,5,6,7,8,9],""positions"":[0,1,2,3,4,5,6,7,8]}","[1,2,3,4,5,6,7,8,9]",1,no,all residue allocations modulo cyclic rotation
16,2,4,10,5,2,2,ones,FOUND,"{""coeffs"":[1,1],""positions"":[0,1]}","[1,1,0,0,0]",2,no,all residue allocations modulo cyclic rotation
16,2,4,10,5,2,2,one_changed,FOUND,"{""coeffs"":[1,2],""positions"":[0,5]}","[3,0,0,0,0]",1,no,all residue allocations modulo cyclic rotation
16,2,4,10,5,2,2,all_distinct,FOUND,"{""coeffs"":[1,2],""positions"":[0,5]}","[3,0,0,0,0]",1,no,all residue allocations modulo cyclic rotation
16,2,4,10,5,2,3,ones,FOUND,"{""coeffs"":[1,1,1],""positions"":[0,5,1]}","[0,1,0,0,0]",1,no,all residue allocations modulo cyclic rotation
16,2,4,10,5,2,3,one_changed,FOUND,"{""coeffs"":[2,1,1],""positions"":[0,5,1]}","[3,1,0,0,0]",1,no,all residue allocations modulo cyclic rotation
16,2,4,10,5,2,3,all_distinct,FOUND,"{""coeffs"":[1,2,3],""positions"":[0,5,1]}","[3,3,0,0,0]",1,no,all residue allocations modulo cyclic rotation
16,2,4,10,5,2,4,ones,FOUND,"{""coeffs"":[1,1,1,1],""positions"":[0,5,1,2]}","[0,1,1,0,0]",2,no,all residue allocations modulo cyclic rotation
16,2,4,10,5,2,4,one_changed,FOUND,"{""coeffs"":[2,1,1,1],""positions"":[0,5,1,6]}","[3,0,0,0,0]",1,no,all residue allocations modulo cyclic rotation
16,2,4,10,5,2,4,all_distinct,FOUND,"{""coeffs"":[1,2,3,4],""positions"":[0,5,1,6]}","[3,7,0,0,0]",1,no,all residue allocations modulo cyclic rotation
16,2,4,10,5,2,5,ones,FOUND,"{""coeffs"":[1,1,1,1,1],""positions"":[0,5,1,6,2]}","[0,0,1,0,0]",1,no,all residue allocations modulo cyclic rotation
16,2,4,10,5,2,5,one_changed,FOUND,"{""coeffs"":[2,1,1,1,1],""positions"":[0,5,1,6,2]}","[3,0,1,0,0]",1,no,all residue allocations modulo cyclic rotation
16,2,4,10,5,2,5,all_distinct,FOUND,"{""coeffs"":[1,2,3,4,5],""positions"":[0,5,1,6,2]}","[3,7,5,0,0]",1,no,all residue allocations modulo cyclic rotation
16,2,4,10,5,2,6,ones,FOUND,"{""coeffs"":[1,1,1,1,1,1],""positions"":[0,5,1,6,2,3]}","[0,0,1,1,0]",2,no,all residue allocations modulo cyclic rotation
16,2,4,10,5,2,6,one_changed,FOUND,"{""coeffs"":[2,1,1,1,1,1],""positions"":[0,5,1,6,2,7]}","[3,0,0,0,0]",1,no,all residue allocations modulo cyclic rotation
16,2,4,10,5,2,6,all_distinct,FOUND,"{""coeffs"":[1,2,3,4,5,6],""positions"":[0,5,1,6,2,3]}","[3,7,5,6,0]",2,no,all residue allocations modulo cyclic rotation
16,2,4,10,5,2,7,ones,FOUND,"{""coeffs"":[1,1,1,1,1,1,1],""positions"":[0,5,1,6,2,7,3]}","[0,0,0,1,0]",1,no,all residue allocations modulo cyclic rotation
16,2,4,10,5,2,7,one_changed,FOUND,"{""coeffs"":[2,1,1,1,1,1,1],""positions"":[0,5,1,6,2,7,3]}","[3,0,0,1,0]",1,no,all residue allocations modulo cyclic rotation
16,2,4,10,5,2,7,all_distinct,FOUND,"{""coeffs"":[1,2,3,4,5,6,7],""positions"":[0,5,1,6,2,7,3]}","[3,7,3,7,0]",1,no,all residue allocations modulo cyclic rotation
16,2,4,10,5,2,8,ones,FOUND,"{""coeffs"":[1,1,1,1,1,1,1,1],""positions"":[0,5,1,6,2,7,3,4]}","[0,0,0,1,1]",2,no,all residue allocations modulo cyclic rotation
16,2,4,10,5,2,8,one_changed,FOUND,"{""coeffs"":[2,1,1,1,1,1,1,1],""positions"":[0,5,1,6,2,7,3,8]}","[3,0,0,0,0]",1,no,all residue allocations modulo cyclic rotation
16,2,4,10,5,2,8,all_distinct,FOUND,"{""coeffs"":[1,2,3,4,5,6,7,8],""positions"":[0,5,1,6,2,7,3,8]}","[3,7,3,15,0]",1,no,all residue allocations modulo cyclic rotation
16,2,4,10,5,2,9,ones,FOUND,"{""coeffs"":[1,1,1,1,1,1,1,1,1],""positions"":[0,5,1,6,2,7,3,8,4]}","[0,0,0,0,1]",1,no,all residue allocations modulo cyclic rotation
16,2,4,10,5,2,9,one_changed,FOUND,"{""coeffs"":[2,1,1,1,1,1,1,1,1],""positions"":[0,5,1,6,2,7,3,8,4]}","[3,0,0,0,1]",1,no,all residue allocations modulo cyclic rotation
16,2,4,10,5,2,9,all_distinct,FOUND,"{""coeffs"":[1,2,3,4,5,6,7,8,9],""positions"":[0,5,1,6,2,7,3,8,4]}","[3,7,3,15,9]",1,no,all residue allocations modulo cyclic rotation
16,2,4,10,5,2,10,ones,NONE,,,1,yes,all residue allocations modulo cyclic rotation
16,2,4,10,5,2,10,one_changed,FOUND,"{""coeffs"":[2,1,1,1,1,1,1,1,1,1],""positions"":[0,5,1,6,2,7,3,8,4,9]}","[3,0,0,0,0]",1,no,all residue allocations modulo cyclic rotation
16,2,4,10,5,2,10,all_distinct,FOUND,"{""coeffs"":[1,2,3,4,5,6,7,8,9,10],""positions"":[0,5,1,6,2,7,3,8,4,9]}","[3,7,3,15,3]",1,no,all residue allocations modulo cyclic rotation
16,2,4,11,11,1,2,ones,FOUND,"{""coeffs"":[1,1],""positions"":[0,1]}","[1,1,0,0,0,0,0,0,0,0,0]",1,no,all residue allocations modulo cyclic rotation
16,2,4,11,11,1,2,one_changed,FOUND,"{""coeffs"":[1,2],""positions"":[0,1]}","[1,2,0,0,0,0,0,0,0,0,0]",1,no,all residue allocations modulo cyclic rotation
16,2,4,11,11,1,2,all_distinct,FOUND,"{""coeffs"":[1,2],""positions"":[0,1]}","[1,2,0,0,0,0,0,0,0,0,0]",1,no,all residue allocations modulo cyclic rotation
16,2,4,11,11,1,3,ones,FOUND,"{""coeffs"":[1,1,1],""positions"":[0,1,2]}","[1,1,1,0,0,0,0,0,0,0,0]",1,no,all residue allocations modulo cyclic rotation
16,2,4,11,11,1,3,one_changed,FOUND,"{""coeffs"":[2,1,1],""positions"":[0,1,2]}","[2,1,1,0,0,0,0,0,0,0,0]",1,no,all residue allocations modulo cyclic rotation
16,2,4,11,11,1,3,all_distinct,FOUND,"{""coeffs"":[1,2,3],""positions"":[0,1,2]}","[1,2,3,0,0,0,0,0,0,0,0]",1,no,all residue allocations modulo cyclic rotation
16,2,4,11,11,1,4,ones,FOUND,"{""coeffs"":[1,1,1,1],""positions"":[0,1,2,3]}","[1,1,1,1,0,0,0,0,0,0,0]",1,no,all residue allocations modulo cyclic rotation
16,2,4,11,11,1,4,one_changed,FOUND,"{""coeffs"":[2,1,1,1],""positions"":[0,1,2,3]}","[2,1,1,1,0,0,0,0,0,0,0]",1,no,all residue allocations modulo cyclic rotation
16,2,4,11,11,1,4,all_distinct,FOUND,"{""coeffs"":[1,2,3,4],""positions"":[0,1,2,3]}","[1,2,3,4,0,0,0,0,0,0,0]",1,no,all residue allocations modulo cyclic rotation
16,2,4,11,11,1,5,ones,FOUND,"{""coeffs"":[1,1,1,1,1],""positions"":[0,1,2,3,4]}","[1,1,1,1,1,0,0,0,0,0,0]",1,no,all residue allocations modulo cyclic rotation
16,2,4,11,11,1,5,one_changed,FOUND,"{""coeffs"":[2,1,1,1,1],""positions"":[0,1,2,3,4]}","[2,1,1,1,1,0,0,0,0,0,0]",1,no,all residue allocations modulo cyclic rotation
16,2,4,11,11,1,5,all_distinct,FOUND,"{""coeffs"":[1,2,3,4,5],""positions"":[0,1,2,3,4]}","[1,2,3,4,5,0,0,0,0,0,0]",1,no,all residue allocations modulo cyclic rotation
16,2,4,11,11,1,6,ones,FOUND,"{""coeffs"":[1,1,1,1,1,1],""positions"":[0,1,2,3,4,5]}","[1,1,1,1,1,1,0,0,0,0,0]",1,no,all residue allocations modulo cyclic rotation
16,2,4,11,11,1,6,one_changed,FOUND,"{""coeffs"":[2,1,1,1,1,1],""positions"":[0,1,2,3,4,5]}","[2,1,1,1,1,1,0,0,0,0,0]",1,no,all residue allocations modulo cyclic rotation
16,2,4,11,11,1,6,all_distinct,FOUND,"{""coeffs"":[1,2,3,4,5,6],""positions"":[0,1,2,3,4,5]}","[1,2,3,4,5,6,0,0,0,0,0]",1,no,all residue allocations modulo cyclic rotation
16,2,4,11,11,1,7,ones,FOUND,"{""coeffs"":[1,1,1,1,1,1,1],""positions"":[0,1,2,3,4,5,6]}","[1,1,1,1,1,1,1,0,0,0,0]",1,no,all residue allocations modulo cyclic rotation
16,2,4,11,11,1,7,one_changed,FOUND,"{""coeffs"":[2,1,1,1,1,1,1],""positions"":[0,1,2,3,4,5,6]}","[2,1,1,1,1,1,1,0,0,0,0]",1,no,all residue allocations modulo cyclic rotation
16,2,4,11,11,1,7,all_distinct,FOUND,"{""coeffs"":[1,2,3,4,5,6,7],""positions"":[0,1,2,3,4,5,6]}","[1,2,3,4,5,6,7,0,0,0,0]",1,no,all residue allocations modulo cyclic rotation
16,2,4,11,11,1,8,ones,FOUND,"{""coeffs"":[1,1,1,1,1,1,1,1],""positions"":[0,1,2,3,4,5,6,7]}","[1,1,1,1,1,1,1,1,0,0,0]",1,no,all residue allocations modulo cyclic rotation
16,2,4,11,11,1,8,one_changed,FOUND,"{""coeffs"":[2,1,1,1,1,1,1,1],""positions"":[0,1,2,3,4,5,6,7]}","[2,1,1,1,1,1,1,1,0,0,0]",1,no,all residue allocations modulo cyclic rotation
16,2,4,11,11,1,8,all_distinct,FOUND,"{""coeffs"":[1,2,3,4,5,6,7,8],""positions"":[0,1,2,3,4,5,6,7]}","[1,2,3,4,5,6,7,8,0,0,0]",1,no,all residue allocations modulo cyclic rotation
16,2,4,11,11,1,9,ones,FOUND,"{""coeffs"":[1,1,1,1,1,1,1,1,1],""positions"":[0,1,2,3,4,5,6,7,8]}","[1,1,1,1,1,1,1,1,1,0,0]",1,no,all residue allocations modulo cyclic rotation
16,2,4,11,11,1,9,one_changed,FOUND,"{""coeffs"":[2,1,1,1,1,1,1,1,1],""positions"":[0,1,2,3,4,5,6,7,8]}","[2,1,1,1,1,1,1,1,1,0,0]",1,no,all residue allocations modulo cyclic rotation
16,2,4,11,11,1,9,all_distinct,FOUND,"{""coeffs"":[1,2,3,4,5,6,7,8,9],""positions"":[0,1,2,3,4,5,6,7,8]}","[1,2,3,4,5,6,7,8,9,0,0]",1,no,all residue allocations modulo cyclic rotation
16,2,4,11,11,1,10,ones,FOUND,"{""coeffs"":[1,1,1,1,1,1,1,1,1,1],""positions"":[0,1,2,3,4,5,6,7,8,9]}","[1,1,1,1,1,1,1,1,1,1,0]",1,no,all residue allocations modulo cyclic rotation
16,2,4,11,11,1,10,one_changed,FOUND,"{""coeffs"":[2,1,1,1,1,1,1,1,1,1],""positions"":[0,1,2,3,4,5,6,7,8,9]}","[2,1,1,1,1,1,1,1,1,1,0]",1,no,all residue allocations modulo cyclic rotation
16,2,4,11,11,1,10,all_distinct,FOUND,"{""coeffs"":[1,2,3,4,5,6,7,8,9,10],""positions"":[0,1,2,3,4,5,6,7,8,9]}","[1,2,3,4,5,6,7,8,9,10,0]",1,no,all residue allocations modulo cyclic rotation
16,2,4,11,11,1,11,ones,NONE,,,1,yes,all residue allocations modulo cyclic rotation
16,2,4,11,11,1,11,one_changed,FOUND,"{""coeffs"":[2,1,1,1,1,1,1,1,1,1,1],""positions"":[0,1,2,3,4,5,6,7,8,9,10]}","[2,1,1,1,1,1,1,1,1,1,1]",1,no,all residue allocations modulo cyclic rotation
16,2,4,11,11,1,11,all_distinct,FOUND,"{""coeffs"":[1,2,3,4,5,6,7,8,9,10,11],""positions"":[0,1,2,3,4,5,6,7,8,9,10]}","[1,2,3,4,5,6,7,8,9,10,11]",1,no,all residue allocations modulo cyclic rotation
16,2,4,12,3,4,2,ones,FOUND,"{""coeffs"":[1,1],""positions"":[0,1]}","[1,1,0]",2,no,all residue allocations modulo cyclic rotation
16,2,4,12,3,4,2,one_changed,FOUND,"{""coeffs"":[1,2],""positions"":[0,3]}","[3,0,0]",1,no,all residue allocations modulo cyclic rotation
16,2,4,12,3,4,2,all_distinct,FOUND,"{""coeffs"":[1,2],""positions"":[0,3]}","[3,0,0]",1,no,all residue allocations modulo cyclic rotation
16,2,4,12,3,4,3,ones,FOUND,"{""coeffs"":[1,1,1],""positions"":[0,3,6]}","[1,0,0]",1,no,all residue allocations modulo cyclic rotation
16,2,4,12,3,4,3,one_changed,FOUND,"{""coeffs"":[2,1,1],""positions"":[0,3,6]}","[2,0,0]",1,no,all residue allocations modulo cyclic rotation
16,2,4,12,3,4,3,all_distinct,FOUND,"{""coeffs"":[1,2,3],""positions"":[0,3,1]}","[3,3,0]",2,no,all residue allocations modulo cyclic rotation
16,2,4,12,3,4,4,ones,FOUND,"{""coeffs"":[1,1,1,1],""positions"":[0,3,6,1]}","[1,1,0]",2,no,all residue allocations modulo cyclic rotation
16,2,4,12,3,4,4,one_changed,FOUND,"{""coeffs"":[2,1,1,1],""positions"":[0,3,6,9]}","[3,0,0]",1,no,all residue allocations modulo cyclic rotation
16,2,4,12,3,4,4,all_distinct,FOUND,"{""coeffs"":[1,2,3,4],""positions"":[0,3,6,9]}","[4,0,0]",1,no,all residue allocations modulo cyclic rotation
16,2,4,12,3,4,5,ones,FOUND,"{""coeffs"":[1,1,1,1,1],""positions"":[0,3,6,9,1]}","[0,1,0]",1,no,all residue allocations modulo cyclic rotation
16,2,4,12,3,4,5,one_changed,FOUND,"{""coeffs"":[2,1,1,1,1],""positions"":[0,3,6,9,1]}","[3,1,0]",1,no,all residue allocations modulo cyclic rotation
16,2,4,12,3,4,5,all_distinct,FOUND,"{""coeffs"":[1,2,3,4,5],""positions"":[0,3,6,9,1]}","[4,5,0]",1,no,all residue allocations modulo cyclic rotation
16,2,4,12,3,4,6,ones,FOUND,"{""coeffs"":[1,1,1,1,1,1],""positions"":[0,3,6,9,1,2]}","[0,1,1]",2,no,all residue allocations modulo cyclic rotation
16,2,4,12,3,4,6,one_changed,FOUND,"{""coeffs"":[2,1,1,1,1,1],""positions"":[0,3,6,9,1,4]}","[3,0,0]",1,no,all residue allocations modulo cyclic rotation
16,2,4,12,3,4,6,all_distinct,FOUND,"{""coeffs"":[1,2,3,4,5,6],""positions"":[0,3,6,9,1,4]}","[4,3,0]",1,no,all residue allocations modulo cyclic rotation
16,2,4,12,3,4,7,ones,FOUND,"{""coeffs"":[1,1,1,1,1,1,1],""positions"":[0,3,6,9,1,4,7]}","[0,1,0]",1,no,all residue allocations modulo cyclic rotation
16,2,4,12,3,4,7,one_changed,FOUND,"{""coeffs"":[2,1,1,1,1,1,1],""positions"":[0,3,6,9,1,4,7]}","[3,1,0]",1,no,all residue allocations modulo cyclic rotation
16,2,4,12,3,4,7,all_distinct,FOUND,"{""coeffs"":[1,2,3,4,5,6,7],""positions"":[0,3,6,9,1,4,7]}","[4,4,0]",1,no,all residue allocations modulo cyclic rotation
16,2,4,12,3,4,8,ones,FOUND,"{""coeffs"":[1,1,1,1,1,1,1,1],""positions"":[0,3,6,9,1,4,7,2]}","[0,1,1]",2,no,all residue allocations modulo cyclic rotation
16,2,4,12,3,4,8,one_changed,FOUND,"{""coeffs"":[2,1,1,1,1,1,1,1],""positions"":[0,3,6,9,1,4,7,10]}","[3,0,0]",1,no,all residue allocations modulo cyclic rotation
16,2,4,12,3,4,8,all_distinct,FOUND,"{""coeffs"":[1,2,3,4,5,6,7,8],""positions"":[0,3,6,9,1,4,7,10]}","[4,12,0]",1,no,all residue allocations modulo cyclic rotation
16,2,4,12,3,4,9,ones,FOUND,"{""coeffs"":[1,1,1,1,1,1,1,1,1],""positions"":[0,3,6,9,1,4,7,10,2]}","[0,0,1]",1,no,all residue allocations modulo cyclic rotation
16,2,4,12,3,4,9,one_changed,FOUND,"{""coeffs"":[2,1,1,1,1,1,1,1,1],""positions"":[0,3,6,9,1,4,7,10,2]}","[3,0,1]",1,no,all residue allocations modulo cyclic rotation
16,2,4,12,3,4,9,all_distinct,FOUND,"{""coeffs"":[1,2,3,4,5,6,7,8,9],""positions"":[0,3,6,9,1,4,7,10,2]}","[4,12,9]",1,no,all residue allocations modulo cyclic rotation
16,2,4,12,3,4,10,ones,FOUND,"{""coeffs"":[1,1,1,1,1,1,1,1,1,1],""positions"":[0,3,6,9,1,4,7,2,5,8]}","[0,1,1]",2,no,all residue allocations modulo cyclic rotation
16,2,4,12,3,4,10,one_changed,FOUND,"{""coeffs"":[2,1,1,1,1,1,1,1,1,1],""positions"":[0,3,6,9,1,4,7,10,2,5]}","[3,0,0]",1,no,all residue allocations modulo cyclic rotation
16,2,4,12,3,4,10,all_distinct,FOUND,"{""coeffs"":[1,2,3,4,5,6,7,8,9,10],""positions"":[0,3,6,9,1,4,7,10,2,5]}","[4,12,3]",1,no,all residue allocations modulo cyclic rotation
16,2,4,12,3,4,11,ones,FOUND,"{""coeffs"":[1,1,1,1,1,1,1,1,1,1,1],""positions"":[0,3,6,9,1,4,7,10,2,5,8]}","[0,0,1]",1,no,all residue allocations modulo cyclic rotation
16,2,4,12,3,4,11,one_changed,FOUND,"{""coeffs"":[2,1,1,1,1,1,1,1,1,1,1],""positions"":[0,3,6,9,1,4,7,10,2,5,8]}","[3,0,1]",1,no,all residue allocations modulo cyclic rotation
16,2,4,12,3,4,11,all_distinct,FOUND,"{""coeffs"":[1,2,3,4,5,6,7,8,9,10,11],""positions"":[0,3,6,9,1,4,7,10,2,5,8]}","[4,12,8]",1,no,all residue allocations modulo cyclic rotation
16,2,4,12,3,4,12,ones,NONE,,,1,yes,all residue allocations modulo cyclic rotation
16,2,4,12,3,4,12,one_changed,FOUND,"{""coeffs"":[2,1,1,1,1,1,1,1,1,1,1,1],""positions"":[0,3,6,9,1,4,7,10,2,5,8,11]}","[3,0,0]",1,no,all residue allocations modulo cyclic rotation
16,2,4,12,3,4,12,all_distinct,FOUND,"{""coeffs"":[1,2,3,4,5,6,7,8,9,10,11,12],""positions"":[0,3,6,9,1,4,7,10,2,5,8,11]}","[4,12,4]",1,no,all residue allocations modulo cyclic rotation
16,2,4,13,13,1,2,ones,FOUND,"{""coeffs"":[1,1],""positions"":[0,1]}","[1,1,0,0,0,0,0,0,0,0,0,0,0]",1,no,all residue allocations modulo cyclic rotation
16,2,4,13,13,1,2,one_changed,FOUND,"{""coeffs"":[1,2],""positions"":[0,1]}","[1,2,0,0,0,0,0,0,0,0,0,0,0]",1,no,all residue allocations modulo cyclic rotation
16,2,4,13,13,1,2,all_distinct,FOUND,"{""coeffs"":[1,2],""positions"":[0,1]}","[1,2,0,0,0,0,0,0,0,0,0,0,0]",1,no,all residue allocations modulo cyclic rotation
16,2,4,13,13,1,3,ones,FOUND,"{""coeffs"":[1,1,1],""positions"":[0,1,2]}","[1,1,1,0,0,0,0,0,0,0,0,0,0]",1,no,all residue allocations modulo cyclic rotation
16,2,4,13,13,1,3,one_changed,FOUND,"{""coeffs"":[2,1,1],""positions"":[0,1,2]}","[2,1,1,0,0,0,0,0,0,0,0,0,0]",1,no,all residue allocations modulo cyclic rotation
16,2,4,13,13,1,3,all_distinct,FOUND,"{""coeffs"":[1,2,3],""positions"":[0,1,2]}","[1,2,3,0,0,0,0,0,0,0,0,0,0]",1,no,all residue allocations modulo cyclic rotation
16,2,4,13,13,1,4,ones,FOUND,"{""coeffs"":[1,1,1,1],""positions"":[0,1,2,3]}","[1,1,1,1,0,0,0,0,0,0,0,0,0]",1,no,all residue allocations modulo cyclic rotation
16,2,4,13,13,1,4,one_changed,FOUND,"{""coeffs"":[2,1,1,1],""positions"":[0,1,2,3]}","[2,1,1,1,0,0,0,0,0,0,0,0,0]",1,no,all residue allocations modulo cyclic rotation
16,2,4,13,13,1,4,all_distinct,FOUND,"{""coeffs"":[1,2,3,4],""positions"":[0,1,2,3]}","[1,2,3,4,0,0,0,0,0,0,0,0,0]",1,no,all residue allocations modulo cyclic rotation
16,2,4,13,13,1,5,ones,FOUND,"{""coeffs"":[1,1,1,1,1],""positions"":[0,1,2,3,4]}","[1,1,1,1,1,0,0,0,0,0,0,0,0]",1,no,all residue allocations modulo cyclic rotation
16,2,4,13,13,1,5,one_changed,FOUND,"{""coeffs"":[2,1,1,1,1],""positions"":[0,1,2,3,4]}","[2,1,1,1,1,0,0,0,0,0,0,0,0]",1,no,all residue allocations modulo cyclic rotation
16,2,4,13,13,1,5,all_distinct,FOUND,"{""coeffs"":[1,2,3,4,5],""positions"":[0,1,2,3,4]}","[1,2,3,4,5,0,0,0,0,0,0,0,0]",1,no,all residue allocations modulo cyclic rotation
16,2,4,13,13,1,6,ones,FOUND,"{""coeffs"":[1,1,1,1,1,1],""positions"":[0,1,2,3,4,5]}","[1,1,1,1,1,1,0,0,0,0,0,0,0]",1,no,all residue allocations modulo cyclic rotation
16,2,4,13,13,1,6,one_changed,FOUND,"{""coeffs"":[2,1,1,1,1,1],""positions"":[0,1,2,3,4,5]}","[2,1,1,1,1,1,0,0,0,0,0,0,0]",1,no,all residue allocations modulo cyclic rotation
16,2,4,13,13,1,6,all_distinct,FOUND,"{""coeffs"":[1,2,3,4,5,6],""positions"":[0,1,2,3,4,5]}","[1,2,3,4,5,6,0,0,0,0,0,0,0]",1,no,all residue allocations modulo cyclic rotation
16,2,4,13,13,1,7,ones,FOUND,"{""coeffs"":[1,1,1,1,1,1,1],""positions"":[0,1,2,3,4,5,6]}","[1,1,1,1,1,1,1,0,0,0,0,0,0]",1,no,all residue allocations modulo cyclic rotation
16,2,4,13,13,1,7,one_changed,FOUND,"{""coeffs"":[2,1,1,1,1,1,1],""positions"":[0,1,2,3,4,5,6]}","[2,1,1,1,1,1,1,0,0,0,0,0,0]",1,no,all residue allocations modulo cyclic rotation
16,2,4,13,13,1,7,all_distinct,FOUND,"{""coeffs"":[1,2,3,4,5,6,7],""positions"":[0,1,2,3,4,5,6]}","[1,2,3,4,5,6,7,0,0,0,0,0,0]",1,no,all residue allocations modulo cyclic rotation
16,2,4,13,13,1,8,ones,FOUND,"{""coeffs"":[1,1,1,1,1,1,1,1],""positions"":[0,1,2,3,4,5,6,7]}","[1,1,1,1,1,1,1,1,0,0,0,0,0]",1,no,all residue allocations modulo cyclic rotation
16,2,4,13,13,1,8,one_changed,FOUND,"{""coeffs"":[2,1,1,1,1,1,1,1],""positions"":[0,1,2,3,4,5,6,7]}","[2,1,1,1,1,1,1,1,0,0,0,0,0]",1,no,all residue allocations modulo cyclic rotation
16,2,4,13,13,1,8,all_distinct,FOUND,"{""coeffs"":[1,2,3,4,5,6,7,8],""positions"":[0,1,2,3,4,5,6,7]}","[1,2,3,4,5,6,7,8,0,0,0,0,0]",1,no,all residue allocations modulo cyclic rotation
16,2,4,13,13,1,9,ones,FOUND,"{""coeffs"":[1,1,1,1,1,1,1,1,1],""positions"":[0,1,2,3,4,5,6,7,8]}","[1,1,1,1,1,1,1,1,1,0,0,0,0]",1,no,all residue allocations modulo cyclic rotation
16,2,4,13,13,1,9,one_changed,FOUND,"{""coeffs"":[2,1,1,1,1,1,1,1,1],""positions"":[0,1,2,3,4,5,6,7,8]}","[2,1,1,1,1,1,1,1,1,0,0,0,0]",1,no,all residue allocations modulo cyclic rotation
16,2,4,13,13,1,9,all_distinct,FOUND,"{""coeffs"":[1,2,3,4,5,6,7,8,9],""positions"":[0,1,2,3,4,5,6,7,8]}","[1,2,3,4,5,6,7,8,9,0,0,0,0]",1,no,all residue allocations modulo cyclic rotation
16,2,4,13,13,1,10,ones,FOUND,"{""coeffs"":[1,1,1,1,1,1,1,1,1,1],""positions"":[0,1,2,3,4,5,6,7,8,9]}","[1,1,1,1,1,1,1,1,1,1,0,0,0]",1,no,all residue allocations modulo cyclic rotation
16,2,4,13,13,1,10,one_changed,FOUND,"{""coeffs"":[2,1,1,1,1,1,1,1,1,1],""positions"":[0,1,2,3,4,5,6,7,8,9]}","[2,1,1,1,1,1,1,1,1,1,0,0,0]",1,no,all residue allocations modulo cyclic rotation
16,2,4,13,13,1,10,all_distinct,FOUND,"{""coeffs"":[1,2,3,4,5,6,7,8,9,10],""positions"":[0,1,2,3,4,5,6,7,8,9]}","[1,2,3,4,5,6,7,8,9,10,0,0,0]",1,no,all residue allocations modulo cyclic rotation
16,2,4,13,13,1,11,ones,FOUND,"{""coeffs"":[1,1,1,1,1,1,1,1,1,1,1],""positions"":[0,1,2,3,4,5,6,7,8,9,10]}","[1,1,1,1,1,1,1,1,1,1,1,0,0]",1,no,all residue allocations modulo cyclic rotation
16,2,4,13,13,1,11,one_changed,FOUND,"{""coeffs"":[2,1,1,1,1,1,1,1,1,1,1],""positions"":[0,1,2,3,4,5,6,7,8,9,10]}","[2,1,1,1,1,1,1,1,1,1,1,0,0]",1,no,all residue allocations modulo cyclic rotation
16,2,4,13,13,1,11,all_distinct,FOUND,"{""coeffs"":[1,2,3,4,5,6,7,8,9,10,11],""positions"":[0,1,2,3,4,5,6,7,8,9,10]}","[1,2,3,4,5,6,7,8,9,10,11,0,0]",1,no,all residue allocations modulo cyclic rotation
16,2,4,13,13,1,12,ones,FOUND,"{""coeffs"":[1,1,1,1,1,1,1,1,1,1,1,1],""positions"":[0,1,2,3,4,5,6,7,8,9,10,11]}","[1,1,1,1,1,1,1,1,1,1,1,1,0]",1,no,all residue allocations modulo cyclic rotation
16,2,4,13,13,1,12,one_changed,FOUND,"{""coeffs"":[2,1,1,1,1,1,1,1,1,1,1,1],""positions"":[0,1,2,3,4,5,6,7,8,9,10,11]}","[2,1,1,1,1,1,1,1,1,1,1,1,0]",1,no,all residue allocations modulo cyclic rotation
16,2,4,13,13,1,12,all_distinct,FOUND,"{""coeffs"":[1,2,3,4,5,6,7,8,9,10,11,12],""positions"":[0,1,2,3,4,5,6,7,8,9,10,11]}","[1,2,3,4,5,6,7,8,9,10,11,12,0]",1,no,all residue allocations modulo cyclic rotation
16,2,4,13,13,1,13,ones,NONE,,,1,yes,all residue allocations modulo cyclic rotation
16,2,4,13,13,1,13,one_changed,FOUND,"{""coeffs"":[2,1,1,1,1,1,1,1,1,1,1,1,1],""positions"":[0,1,2,3,4,5,6,7,8,9,10,11,12]}","[2,1,1,1,1,1,1,1,1,1,1,1,1]",1,no,all residue allocations modulo cyclic rotation
16,2,4,13,13,1,13,all_distinct,FOUND,"{""coeffs"":[1,2,3,4,5,6,7,8,9,10,11,12,13],""positions"":[0,1,2,3,4,5,6,7,8,9,10,11,12]}","[1,2,3,4,5,6,7,8,9,10,11,12,13]",1,no,all residue allocations modulo cyclic rotation
16,2,4,14,7,2,2,ones,FOUND,"{""coeffs"":[1,1],""positions"":[0,1]}","[1,1,0,0,0,0,0]",2,no,all residue allocations modulo cyclic rotation
16,2,4,14,7,2,2,one_changed,FOUND,"{""coeffs"":[1,2],""positions"":[0,7]}","[3,0,0,0,0,0,0]",1,no,all residue allocations modulo cyclic rotation
16,2,4,14,7,2,2,all_distinct,FOUND,"{""coeffs"":[1,2],""positions"":[0,7]}","[3,0,0,0,0,0,0]",1,no,all residue allocations modulo cyclic rotation
16,2,4,14,7,2,3,ones,FOUND,"{""coeffs"":[1,1,1],""positions"":[0,7,1]}","[0,1,0,0,0,0,0]",1,no,all residue allocations modulo cyclic rotation
16,2,4,14,7,2,3,one_changed,FOUND,"{""coeffs"":[2,1,1],""positions"":[0,7,1]}","[3,1,0,0,0,0,0]",1,no,all residue allocations modulo cyclic rotation
16,2,4,14,7,2,3,all_distinct,FOUND,"{""coeffs"":[1,2,3],""positions"":[0,7,1]}","[3,3,0,0,0,0,0]",1,no,all residue allocations modulo cyclic rotation
16,2,4,14,7,2,4,ones,FOUND,"{""coeffs"":[1,1,1,1],""positions"":[0,7,1,2]}","[0,1,1,0,0,0,0]",2,no,all residue allocations modulo cyclic rotation
16,2,4,14,7,2,4,one_changed,FOUND,"{""coeffs"":[2,1,1,1],""positions"":[0,7,1,8]}","[3,0,0,0,0,0,0]",1,no,all residue allocations modulo cyclic rotation
16,2,4,14,7,2,4,all_distinct,FOUND,"{""coeffs"":[1,2,3,4],""positions"":[0,7,1,8]}","[3,7,0,0,0,0,0]",1,no,all residue allocations modulo cyclic rotation
16,2,4,14,7,2,5,ones,FOUND,"{""coeffs"":[1,1,1,1,1],""positions"":[0,7,1,8,2]}","[0,0,1,0,0,0,0]",1,no,all residue allocations modulo cyclic rotation
16,2,4,14,7,2,5,one_changed,FOUND,"{""coeffs"":[2,1,1,1,1],""positions"":[0,7,1,8,2]}","[3,0,1,0,0,0,0]",1,no,all residue allocations modulo cyclic rotation
16,2,4,14,7,2,5,all_distinct,FOUND,"{""coeffs"":[1,2,3,4,5],""positions"":[0,7,1,8,2]}","[3,7,5,0,0,0,0]",1,no,all residue allocations modulo cyclic rotation
16,2,4,14,7,2,6,ones,FOUND,"{""coeffs"":[1,1,1,1,1,1],""positions"":[0,7,1,8,2,3]}","[0,0,1,1,0,0,0]",2,no,all residue allocations modulo cyclic rotation
16,2,4,14,7,2,6,one_changed,FOUND,"{""coeffs"":[2,1,1,1,1,1],""positions"":[0,7,1,8,2,9]}","[3,0,0,0,0,0,0]",1,no,all residue allocations modulo cyclic rotation
16,2,4,14,7,2,6,all_distinct,FOUND,"{""coeffs"":[1,2,3,4,5,6],""positions"":[0,7,1,8,2,9]}","[3,7,3,0,0,0,0]",1,no,all residue allocations modulo cyclic rotation
16,2,4,14,7,2,7,ones,FOUND,"{""coeffs"":[1,1,1,1,1,1,1],""positions"":[0,7,1,8,2,9,3]}","[0,0,0,1,0,0,0]",1,no,all residue allocations modulo cyclic rotation
16,2,4,14,7,2,7,one_changed,FOUND,"{""coeffs"":[2,1,1,1,1,1,1],""positions"":[0,7,1,8,2,9,3]}","[3,0,0,1,0,0,0]",1,no,all residue allocations modulo cyclic rotation
16,2,4,14,7,2,7,all_distinct,FOUND,"{""coeffs"":[1,2,3,4,5,6,7],""positions"":[0,7,1,8,2,9,3]}","[3,7,3,7,0,0,0]",1,no,all residue allocations modulo cyclic rotation
16,2,4,14,7,2,8,ones,FOUND,"{""coeffs"":[1,1,1,1,1,1,1,1],""positions"":[0,7,1,8,2,9,3,4]}","[0,0,0,1,1,0,0]",2,no,all residue allocations modulo cyclic rotation
16,2,4,14,7,2,8,one_changed,FOUND,"{""coeffs"":[2,1,1,1,1,1,1,1],""positions"":[0,7,1,8,2,9,3,10]}","[3,0,0,0,0,0,0]",1,no,all residue allocations modulo cyclic rotation
16,2,4,14,7,2,8,all_distinct,FOUND,"{""coeffs"":[1,2,3,4,5,6,7,8],""positions"":[0,7,1,8,2,9,3,10]}","[3,7,3,15,0,0,0]",1,no,all residue allocations modulo cyclic rotation
16,2,4,14,7,2,9,ones,FOUND,"{""coeffs"":[1,1,1,1,1,1,1,1,1],""positions"":[0,7,1,8,2,9,3,10,4]}","[0,0,0,0,1,0,0]",1,no,all residue allocations modulo cyclic rotation
16,2,4,14,7,2,9,one_changed,FOUND,"{""coeffs"":[2,1,1,1,1,1,1,1,1],""positions"":[0,7,1,8,2,9,3,10,4]}","[3,0,0,0,1,0,0]",1,no,all residue allocations modulo cyclic rotation
16,2,4,14,7,2,9,all_distinct,FOUND,"{""coeffs"":[1,2,3,4,5,6,7,8,9],""positions"":[0,7,1,8,2,9,3,10,4]}","[3,7,3,15,9,0,0]",1,no,all residue allocations modulo cyclic rotation
16,2,4,14,7,2,10,ones,FOUND,"{""coeffs"":[1,1,1,1,1,1,1,1,1,1],""positions"":[0,7,1,8,2,9,3,10,4,5]}","[0,0,0,0,1,1,0]",2,no,all residue allocations modulo cyclic rotation
16,2,4,14,7,2,10,one_changed,FOUND,"{""coeffs"":[2,1,1,1,1,1,1,1,1,1],""positions"":[0,7,1,8,2,9,3,10,4,11]}","[3,0,0,0,0,0,0]",1,no,all residue allocations modulo cyclic rotation
16,2,4,14,7,2,10,all_distinct,FOUND,"{""coeffs"":[1,2,3,4,5,6,7,8,9,10],""positions"":[0,7,1,8,2,9,3,10,4,11]}","[3,7,3,15,3,0,0]",1,no,all residue allocations modulo cyclic rotation
16,2,4,14,7,2,11,ones,FOUND,"{""coeffs"":[1,1,1,1,1,1,1,1,1,1,1],""positions"":[0,7,1,8,2,9,3,10,4,11,5]}","[0,0,0,0,0,1,0]",1,no,all residue allocations modulo cyclic rotation
16,2,4,14,7,2,11,one_changed,FOUND,"{""coeffs"":[2,1,1,1,1,1,1,1,1,1,1],""positions"":[0,7,1,8,2,9,3,10,4,11,5]}","[3,0,0,0,0,1,0]",1,no,all residue allocations modulo cyclic rotation
16,2,4,14,7,2,11,all_distinct,FOUND,"{""coeffs"":[1,2,3,4,5,6,7,8,9,10,11],""positions"":[0,7,1,8,2,9,3,10,4,11,5]}","[3,7,3,15,3,11,0]",1,no,all residue allocations modulo cyclic rotation
16,2,4,14,7,2,12,ones,FOUND,"{""coeffs"":[1,1,1,1,1,1,1,1,1,1,1,1],""positions"":[0,7,1,8,2,9,3,10,4,11,5,6]}","[0,0,0,0,0,1,1]",2,no,all residue allocations modulo cyclic rotation
16,2,4,14,7,2,12,one_changed,FOUND,"{""coeffs"":[2,1,1,1,1,1,1,1,1,1,1,1],""positions"":[0,7,1,8,2,9,3,10,4,11,5,12]}","[3,0,0,0,0,0,0]",1,no,all residue allocations modulo cyclic rotation
16,2,4,14,7,2,12,all_distinct,FOUND,"{""coeffs"":[1,2,3,4,5,6,7,8,9,10,11,12],""positions"":[0,7,1,8,2,9,3,10,4,11,5,12]}","[3,7,3,15,3,7,0]",1,no,all residue allocations modulo cyclic rotation
16,2,4,14,7,2,13,ones,FOUND,"{""coeffs"":[1,1,1,1,1,1,1,1,1,1,1,1,1],""positions"":[0,7,1,8,2,9,3,10,4,11,5,12,6]}","[0,0,0,0,0,0,1]",1,no,all residue allocations modulo cyclic rotation
16,2,4,14,7,2,13,one_changed,FOUND,"{""coeffs"":[2,1,1,1,1,1,1,1,1,1,1,1,1],""positions"":[0,7,1,8,2,9,3,10,4,11,5,12,6]}","[3,0,0,0,0,0,1]",1,no,all residue allocations modulo cyclic rotation
16,2,4,14,7,2,13,all_distinct,FOUND,"{""coeffs"":[1,2,3,4,5,6,7,8,9,10,11,12,13],""positions"":[0,7,1,8,2,9,3,10,4,11,5,12,6]}","[3,7,3,15,3,7,13]",1,no,all residue allocations modulo cyclic rotation
16,2,4,14,7,2,14,ones,NONE,,,1,yes,all residue allocations modulo cyclic rotation
16,2,4,14,7,2,14,one_changed,FOUND,"{""coeffs"":[2,1,1,1,1,1,1,1,1,1,1,1,1,1],""positions"":[0,7,1,8,2,9,3,10,4,11,5,12,6,13]}","[3,0,0,0,0,0,0]",1,no,all residue allocations modulo cyclic rotation
16,2,4,14,7,2,14,all_distinct,FOUND,"{""coeffs"":[1,2,3,4,5,6,7,8,9,10,11,12,13,14],""positions"":[0,7,1,8,2,9,3,10,4,11,5,12,6,13]}","[3,7,3,15,3,7,3]",1,no,all residue allocations modulo cyclic rotation
16,2,4,15,15,1,2,ones,FOUND,"{""coeffs"":[1,1],""positions"":[0,1]}","[1,1,0,0,0,0,0,0,0,0,0,0,0,0,0]",1,no,all residue allocations modulo cyclic rotation
16,2,4,15,15,1,2,one_changed,FOUND,"{""coeffs"":[1,2],""positions"":[0,1]}","[1,2,0,0,0,0,0,0,0,0,0,0,0,0,0]",1,no,all residue allocations modulo cyclic rotation
16,2,4,15,15,1,2,all_distinct,FOUND,"{""coeffs"":[1,2],""positions"":[0,1]}","[1,2,0,0,0,0,0,0,0,0,0,0,0,0,0]",1,no,all residue allocations modulo cyclic rotation
16,2,4,15,15,1,3,ones,FOUND,"{""coeffs"":[1,1,1],""positions"":[0,1,3]}","[1,1,0,1,0,0,0,0,0,0,0,0,0,0,0]",2,no,all residue allocations modulo cyclic rotation
16,2,4,15,15,1,3,one_changed,FOUND,"{""coeffs"":[2,1,1],""positions"":[0,1,2]}","[2,1,1,0,0,0,0,0,0,0,0,0,0,0,0]",1,no,all residue allocations modulo cyclic rotation
16,2,4,15,15,1,3,all_distinct,FOUND,"{""coeffs"":[1,2,3],""positions"":[0,1,2]}","[1,2,3,0,0,0,0,0,0,0,0,0,0,0,0]",1,no,all residue allocations modulo cyclic rotation
16,2,4,15,15,1,4,ones,FOUND,"{""coeffs"":[1,1,1,1],""positions"":[0,1,2,3]}","[1,1,1,1,0,0,0,0,0,0,0,0,0,0,0]",1,no,all residue allocations modulo cyclic rotation
16,2,4,15,15,1,4,one_changed,FOUND,"{""coeffs"":[2,1,1,1],""positions"":[0,1,2,3]}","[2,1,1,1,0,0,0,0,0,0,0,0,0,0,0]",1,no,all residue allocations modulo cyclic rotation
16,2,4,15,15,1,4,all_distinct,FOUND,"{""coeffs"":[1,2,3,4],""positions"":[0,1,2,3]}","[1,2,3,4,0,0,0,0,0,0,0,0,0,0,0]",1,no,all residue allocations modulo cyclic rotation
16,2,4,15,15,1,5,ones,FOUND,"{""coeffs"":[1,1,1,1,1],""positions"":[0,1,2,3,5]}","[1,1,1,1,0,1,0,0,0,0,0,0,0,0,0]",2,no,all residue allocations modulo cyclic rotation
16,2,4,15,15,1,5,one_changed,FOUND,"{""coeffs"":[2,1,1,1,1],""positions"":[0,1,2,3,4]}","[2,1,1,1,1,0,0,0,0,0,0,0,0,0,0]",1,no,all residue allocations modulo cyclic rotation
16,2,4,15,15,1,5,all_distinct,FOUND,"{""coeffs"":[1,2,3,4,5],""positions"":[0,1,2,3,4]}","[1,2,3,4,5,0,0,0,0,0,0,0,0,0,0]",1,no,all residue allocations modulo cyclic rotation
16,2,4,15,15,1,6,ones,FOUND,"{""coeffs"":[1,1,1,1,1,1],""positions"":[0,1,2,3,4,6]}","[1,1,1,1,1,0,1,0,0,0,0,0,0,0,0]",2,no,all residue allocations modulo cyclic rotation
16,2,4,15,15,1,6,one_changed,FOUND,"{""coeffs"":[2,1,1,1,1,1],""positions"":[0,1,2,3,4,5]}","[2,1,1,1,1,1,0,0,0,0,0,0,0,0,0]",1,no,all residue allocations modulo cyclic rotation
16,2,4,15,15,1,6,all_distinct,FOUND,"{""coeffs"":[1,2,3,4,5,6],""positions"":[0,1,2,3,4,5]}","[1,2,3,4,5,6,0,0,0,0,0,0,0,0,0]",1,no,all residue allocations modulo cyclic rotation
16,2,4,15,15,1,7,ones,FOUND,"{""coeffs"":[1,1,1,1,1,1,1],""positions"":[0,1,2,3,4,5,6]}","[1,1,1,1,1,1,1,0,0,0,0,0,0,0,0]",1,no,all residue allocations modulo cyclic rotation
16,2,4,15,15,1,7,one_changed,FOUND,"{""coeffs"":[2,1,1,1,1,1,1],""positions"":[0,1,2,3,4,5,6]}","[2,1,1,1,1,1,1,0,0,0,0,0,0,0,0]",1,no,all residue allocations modulo cyclic rotation
16,2,4,15,15,1,7,all_distinct,FOUND,"{""coeffs"":[1,2,3,4,5,6,7],""positions"":[0,1,2,3,4,5,6]}","[1,2,3,4,5,6,7,0,0,0,0,0,0,0,0]",1,no,all residue allocations modulo cyclic rotation
16,2,4,15,15,1,8,ones,FOUND,"{""coeffs"":[1,1,1,1,1,1,1,1],""positions"":[0,1,2,3,4,5,6,7]}","[1,1,1,1,1,1,1,1,0,0,0,0,0,0,0]",1,no,all residue allocations modulo cyclic rotation
16,2,4,15,15,1,8,one_changed,FOUND,"{""coeffs"":[2,1,1,1,1,1,1,1],""positions"":[0,1,2,3,4,5,6,7]}","[2,1,1,1,1,1,1,1,0,0,0,0,0,0,0]",1,no,all residue allocations modulo cyclic rotation
16,2,4,15,15,1,8,all_distinct,FOUND,"{""coeffs"":[1,2,3,4,5,6,7,8],""positions"":[0,1,2,3,4,5,6,7]}","[1,2,3,4,5,6,7,8,0,0,0,0,0,0,0]",1,no,all residue allocations modulo cyclic rotation
16,2,4,15,15,1,9,ones,FOUND,"{""coeffs"":[1,1,1,1,1,1,1,1,1],""positions"":[0,1,2,3,4,5,6,7,9]}","[1,1,1,1,1,1,1,1,0,1,0,0,0,0,0]",2,no,all residue allocations modulo cyclic rotation
16,2,4,15,15,1,9,one_changed,FOUND,"{""coeffs"":[2,1,1,1,1,1,1,1,1],""positions"":[0,1,2,3,4,5,6,7,8]}","[2,1,1,1,1,1,1,1,1,0,0,0,0,0,0]",1,no,all residue allocations modulo cyclic rotation
16,2,4,15,15,1,9,all_distinct,FOUND,"{""coeffs"":[1,2,3,4,5,6,7,8,9],""positions"":[0,1,2,3,4,5,6,7,8]}","[1,2,3,4,5,6,7,8,9,0,0,0,0,0,0]",1,no,all residue allocations modulo cyclic rotation
16,2,4,15,15,1,10,ones,FOUND,"{""coeffs"":[1,1,1,1,1,1,1,1,1,1],""positions"":[0,1,2,3,4,5,6,7,8,10]}","[1,1,1,1,1,1,1,1,1,0,1,0,0,0,0]",2,no,all residue allocations modulo cyclic rotation
16,2,4,15,15,1,10,one_changed,FOUND,"{""coeffs"":[2,1,1,1,1,1,1,1,1,1],""positions"":[0,1,2,3,4,5,6,7,8,9]}","[2,1,1,1,1,1,1,1,1,1,0,0,0,0,0]",1,no,all residue allocations modulo cyclic rotation
16,2,4,15,15,1,10,all_distinct,FOUND,"{""coeffs"":[1,2,3,4,5,6,7,8,9,10],""positions"":[0,1,2,3,4,5,6,7,8,9]}","[1,2,3,4,5,6,7,8,9,10,0,0,0,0,0]",1,no,all residue allocations modulo cyclic rotation
16,2,4,15,15,1,11,ones,FOUND,"{""coeffs"":[1,1,1,1,1,1,1,1,1,1,1],""positions"":[0,1,2,3,4,5,6,7,8,9,10]}","[1,1,1,1,1,1,1,1,1,1,1,0,0,0,0]",1,no,all residue allocations modulo cyclic rotation
16,2,4,15,15,1,11,one_changed,FOUND,"{""coeffs"":[2,1,1,1,1,1,1,1,1,1,1],""positions"":[0,1,2,3,4,5,6,7,8,9,10]}","[2,1,1,1,1,1,1,1,1,1,1,0,0,0,0]",1,no,all residue allocations modulo cyclic rotation
16,2,4,15,15,1,11,all_distinct,FOUND,"{""coeffs"":[1,2,3,4,5,6,7,8,9,10,11],""positions"":[0,1,2,3,4,5,6,7,8,9,10]}","[1,2,3,4,5,6,7,8,9,10,11,0,0,0,0]",1,no,all residue allocations modulo cyclic rotation
16,2,4,15,15,1,12,ones,FOUND,"{""coeffs"":[1,1,1,1,1,1,1,1,1,1,1,1],""positions"":[0,1,2,3,4,5,6,7,8,9,10,12]}","[1,1,1,1,1,1,1,1,1,1,1,0,1,0,0]",2,no,all residue allocations modulo cyclic rotation
16,2,4,15,15,1,12,one_changed,FOUND,"{""coeffs"":[2,1,1,1,1,1,1,1,1,1,1,1],""positions"":[0,1,2,3,4,5,6,7,8,9,10,11]}","[2,1,1,1,1,1,1,1,1,1,1,1,0,0,0]",1,no,all residue allocations modulo cyclic rotation
16,2,4,15,15,1,12,all_distinct,FOUND,"{""coeffs"":[1,2,3,4,5,6,7,8,9,10,11,12],""positions"":[0,1,2,3,4,5,6,7,8,9,10,11]}","[1,2,3,4,5,6,7,8,9,10,11,12,0,0,0]",1,no,all residue allocations modulo cyclic rotation
16,2,4,15,15,1,13,ones,FOUND,"{""coeffs"":[1,1,1,1,1,1,1,1,1,1,1,1,1],""positions"":[0,1,2,3,4,5,6,7,8,9,10,11,12]}","[1,1,1,1,1,1,1,1,1,1,1,1,1,0,0]",1,no,all residue allocations modulo cyclic rotation
16,2,4,15,15,1,13,one_changed,FOUND,"{""coeffs"":[2,1,1,1,1,1,1,1,1,1,1,1,1],""positions"":[0,1,2,3,4,5,6,7,8,9,10,11,12]}","[2,1,1,1,1,1,1,1,1,1,1,1,1,0,0]",1,no,all residue allocations modulo cyclic rotation
16,2,4,15,15,1,13,all_distinct,FOUND,"{""coeffs"":[1,2,3,4,5,6,7,8,9,10,11,12,13],""positions"":[0,1,2,3,4,5,6,7,8,9,10,11,12]}","[1,2,3,4,5,6,7,8,9,10,11,12,13,0,0]",1,no,all residue allocations modulo cyclic rotation
16,2,4,15,15,1,14,ones,FOUND,"{""coeffs"":[1,1,1,1,1,1,1,1,1,1,1,1,1,1],""positions"":[0,1,2,3,4,5,6,7,8,9,10,11,12,13]}","[1,1,1,1,1,1,1,1,1,1,1,1,1,1,0]",1,no,all residue allocations modulo cyclic rotation
16,2,4,15,15,1,14,one_changed,FOUND,"{""coeffs"":[2,1,1,1,1,1,1,1,1,1,1,1,1,1],""positions"":[0,1,2,3,4,5,6,7,8,9,10,11,12,13]}","[2,1,1,1,1,1,1,1,1,1,1,1,1,1,0]",1,no,all residue allocations modulo cyclic rotation
16,2,4,15,15,1,14,all_distinct,FOUND,"{""coeffs"":[1,2,3,4,5,6,7,8,9,10,11,12,13,14],""positions"":[0,1,2,3,4,5,6,7,8,9,10,11,12,13]}","[1,2,3,4,5,6,7,8,9,10,11,12,13,14,0]",1,no,all residue allocations modulo cyclic rotation
16,2,4,15,15,1,15,ones,NONE,,,1,yes,all residue allocations modulo cyclic rotation
16,2,4,15,15,1,15,one_changed,FOUND,"{""coeffs"":[2,1,1,1,1,1,1,1,1,1,1,1,1,1,1],""positions"":[0,1,2,3,4,5,6,7,8,9,10,11,12,13,14]}","[2,1,1,1,1,1,1,1,1,1,1,1,1,1,1]",1,no,all residue allocations modulo cyclic rotation
16,2,4,15,15,1,15,all_distinct,FOUND,"{""coeffs"":[1,2,3,4,5,6,7,8,9,10,11,12,13,14,15],""positions"":[0,1,2,3,4,5,6,7,8,9,10,11,12,13,14]}","[1,2,3,4,5,6,7,8,9,10,11,12,13,14,15]",1,no,all residue allocations modulo cyclic rotation
16,2,4,16,1,16,2,ones,FOUND,"{""coeffs"":[1,1],""positions"":[0,1]}",[0],1,no,vacuous m=1
16,2,4,16,1,16,2,one_changed,FOUND,"{""coeffs"":[2,1],""positions"":[0,1]}",[3],1,no,vacuous m=1
16,2,4,16,1,16,2,all_distinct,FOUND,"{""coeffs"":[1,2],""positions"":[0,1]}",[3],1,no,vacuous m=1
16,2,4,16,1,16,3,ones,FOUND,"{""coeffs"":[1,1,1],""positions"":[0,1,2]}",[1],1,no,vacuous m=1
16,2,4,16,1,16,3,one_changed,FOUND,"{""coeffs"":[2,1,1],""positions"":[0,1,2]}",[2],1,no,vacuous m=1
16,2,4,16,1,16,3,all_distinct,FOUND,"{""coeffs"":[1,2,3],""positions"":[0,1,2]}",[0],1,no,vacuous m=1
16,2,4,16,1,16,4,ones,FOUND,"{""coeffs"":[1,1,1,1],""positions"":[0,1,2,3]}",[0],1,no,vacuous m=1
16,2,4,16,1,16,4,one_changed,FOUND,"{""coeffs"":[2,1,1,1],""positions"":[0,1,2,3]}",[3],1,no,vacuous m=1
16,2,4,16,1,16,4,all_distinct,FOUND,"{""coeffs"":[1,2,3,4],""positions"":[0,1,2,3]}",[4],1,no,vacuous m=1
16,2,4,16,1,16,5,ones,FOUND,"{""coeffs"":[1,1,1,1,1],""positions"":[0,1,2,3,4]}",[1],1,no,vacuous m=1
16,2,4,16,1,16,5,one_changed,FOUND,"{""coeffs"":[2,1,1,1,1],""positions"":[0,1,2,3,4]}",[2],1,no,vacuous m=1
16,2,4,16,1,16,5,all_distinct,FOUND,"{""coeffs"":[1,2,3,4,5],""positions"":[0,1,2,3,4]}",[1],1,no,vacuous m=1
16,2,4,16,1,16,6,ones,FOUND,"{""coeffs"":[1,1,1,1,1,1],""positions"":[0,1,2,3,4,5]}",[0],1,no,vacuous m=1
16,2,4,16,1,16,6,one_changed,FOUND,"{""coeffs"":[2,1,1,1,1,1],""positions"":[0,1,2,3,4,5]}",[3],1,no,vacuous m=1
16,2,4,16,1,16,6,all_distinct,FOUND,"{""coeffs"":[1,2,3,4,5,6],""positions"":[0,1,2,3,4,5]}",[7],1,no,vacuous m=1
16,2,4,16,1,16,7,ones,FOUND,"{""coeffs"":[1,1,1,1,1,1,1],""positions"":[0,1,2,3,4,5,6]}",[1],1,no,vacuous m=1
16,2,4,16,1,16,7,one_changed,FOUND,"{""coeffs"":[2,1,1,1,1,1,1],""positions"":[0,1,2,3,4,5,6]}",[2],1,no,vacuous m=1
16,2,4,16,1,16,7,all_distinct,FOUND,"{""coeffs"":[1,2,3,4,5,6,7],""positions"":[0,1,2,3,4,5,6]}",[0],1,no,vacuous m=1
16,2,4,16,1,16,8,ones,FOUND,"{""coeffs"":[1,1,1,1,1,1,1,1],""positions"":[0,1,2,3,4,5,6,7]}",[0],1,no,vacuous m=1
16,2,4,16,1,16,8,one_changed,FOUND,"{""coeffs"":[2,1,1,1,1,1,1,1],""positions"":[0,1,2,3,4,5,6,7]}",[3],1,no,vacuous m=1
16,2,4,16,1,16,8,all_distinct,FOUND,"{""coeffs"":[1,2,3,4,5,6,7,8],""positions"":[0,1,2,3,4,5,6,7]}",[8],1,no,vacuous m=1
16,2,4,16,1,16,9,ones,FOUND,"{""coeffs"":[1,1,1,1,1,1,1,1,1],""positions"":[0,1,2,3,4,5,6,7,8]}",[1],1,no,vacuous m=1
16,2,4,16,1,16,9,one_changed,FOUND,"{""coeffs"":[2,1,1,1,1,1,1,1,1],""positions"":[0,1,2,3,4,5,6,7,8]}",[2],1,no,vacuous m=1
16,2,4,16,1,16,9,all_distinct,FOUND,"{""coeffs"":[1,2,3,4,5,6,7,8,9],""positions"":[0,1,2,3,4,5,6,7,8]}",[1],1,no,vacuous m=1
16,2,4,16,1,16,10,ones,FOUND,"{""coeffs"":[1,1,1,1,1,1,1,1,1,1],""positions"":[0,1,2,3,4,5,6,7,8,9]}",[0],1,no,vacuous m=1
16,2,4,16,1,16,10,one_changed,FOUND,"{""coeffs"":[2,1,1,1,1,1,1,1,1,1],""positions"":[0,1,2,3,4,5,6,7,8,9]}",[3],1,no,vacuous m=1
16,2,4,16,1,16,10,all_distinct,FOUND,"{""coeffs"":[1,2,3,4,5,6,7,8,9,10],""positions"":[0,1,2,3,4,5,6,7,8,9]}",[11],1,no,vacuous m=1
16,2,4,16,1,16,11,ones,FOUND,"{""coeffs"":[1,1,1,1,1,1,1,1,1,1,1],""positions"":[0,1,2,3,4,5,6,7,8,9,10]}",[1],1,no,vacuous m=1
16,2,4,16,1,16,11,one_changed,FOUND,"{""coeffs"":[2,1,1,1,1,1,1,1,1,1,1],""positions"":[0,1,2,3,4,5,6,7,8,9,10]}",[2],1,no,vacuous m=1
16,2,4,16,1,16,11,all_distinct,FOUND,"{""coeffs"":[1,2,3,4,5,6,7,8,9,10,11],""positions"":[0,1,2,3,4,5,6,7,8,9,10]}",[0],1,no,vacuous m=1
16,2,4,16,1,16,12,ones,FOUND,"{""coeffs"":[1,1,1,1,1,1,1,1,1,1,1,1],""positions"":[0,1,2,3,4,5,6,7,8,9,10,11]}",[0],1,no,vacuous m=1
16,2,4,16,1,16,12,one_changed,FOUND,"{""coeffs"":[2,1,1,1,1,1,1,1,1,1,1,1],""positions"":[0,1,2,3,4,5,6,7,8,9,10,11]}",[3],1,no,vacuous m=1
16,2,4,16,1,16,12,all_distinct,FOUND,"{""coeffs"":[1,2,3,4,5,6,7,8,9,10,11,12],""positions"":[0,1,2,3,4,5,6,7,8,9,10,11]}",[12],1,no,vacuous m=1
16,2,4,16,1,16,13,ones,FOUND,"{""coeffs"":[1,1,1,1,1,1,1,1,1,1,1,1,1],""positions"":[0,1,2,3,4,5,6,7,8,9,10,11,12]}",[1],1,no,vacuous m=1
16,2,4,16,1,16,13,one_changed,FOUND,"{""coeffs"":[2,1,1,1,1,1,1,1,1,1,1,1,1],""positions"":[0,1,2,3,4,5,6,7,8,9,10,11,12]}",[2],1,no,vacuous m=1
16,2,4,16,1,16,13,all_distinct,FOUND,"{""coeffs"":[1,2,3,4,5,6,7,8,9,10,11,12,13],""positions"":[0,1,2,3,4,5,6,7,8,9,10,11,12]}",[1],1,no,vacuous m=1
16,2,4,16,1,16,14,ones,FOUND,"{""coeffs"":[1,1,1,1,1,1,1,1,1,1,1,1,1,1],""positions"":[0,1,2,3,4,5,6,7,8,9,10,11,12,13]}",[0],1,no,vacuous m=1
16,2,4,16,1,16,14,one_changed,FOUND,"{""coeffs"":[2,1,1,1,1,1,1,1,1,1,1,1,1,1],""positions"":[0,1,2,3,4,5,6,7,8,9,10,11,12,13]}",[3],1,no,vacuous m=1
16,2,4,16,1,16,14,all_distinct,FOUND,"{""coeffs"":[1,2,3,4,5,6,7,8,9,10,11,12,13,14],""positions"":[0,1,2,3,4,5,6,7,8,9,10,11,12,13]}",[15],1,no,vacuous m=1
16,2,4,16,1,16,15,ones,FOUND,"{""coeffs"":[1,1,1,1,1,1,1,1,1,1,1,1,1,1,1],""positions"":[0,1,2,3,4,5,6,7,8,9,10,11,12,13,14]}",[1],1,no,vacuous m=1
16,2,4,16,1,16,15,one_changed,FOUND,"{""coeffs"":[2,1,1,1,1,1,1,1,1,1,1,1,1,1,1],""positions"":[0,1,2,3,4,5,6,7,8,9,10,11,12,13,14]}",[2],1,no,vacuous m=1
16,2,4,16,1,16,15,all_distinct,FOUND,"{""coeffs"":[1,2,3,4,5,6,7,8,9,10,11,12,13,14,15],""positions"":[0,1,2,3,4,5,6,7,8,9,10,11,12,13,14]}",[0],1,no,vacuous m=1
16,2,4,16,1,16,16,ones,FOUND,"{""coeffs"":[1,1,1,1,1,1,1,1,1,1,1,1,1,1,1,1],""positions"":[0,1,2,3,4,5,6,7,8,9,10,11,12,13,14,15]}",[0],1,no,vacuous m=1
16,2,4,16,1,16,16,one_changed,FOUND,"{""coeffs"":[2,1,1,1,1,1,1,1,1,1,1,1,1,1,1,1],""positions"":[0,1,2,3,4,5,6,7,8,9,10,11,12,13,14,15]}",[3],1,no,vacuous m=1
16,2,4,17,17,1,2,ones,FOUND,"{""coeffs"":[1,1],""positions"":[0,1]}","[1,1,0,0,0,0,0,0,0,0,0,0,0,0,0,0,0]",1,no,all residue allocations modulo cyclic rotation
16,2,4,17,17,1,2,one_changed,FOUND,"{""coeffs"":[1,2],""positions"":[0,1]}","[1,2,0,0,0,0,0,0,0,0,0,0,0,0,0,0,0]",1,no,all residue allocations modulo cyclic rotation
16,2,4,17,17,1,2,all_distinct,FOUND,"{""coeffs"":[1,2],""positions"":[0,1]}","[1,2,0,0,0,0,0,0,0,0,0,0,0,0,0,0,0]",1,no,all residue allocations modulo cyclic rotation
16,2,4,17,17,1,3,ones,FOUND,"{""coeffs"":[1,1,1],""positions"":[0,1,2]}","[1,1,1,0,0,0,0,0,0,0,0,0,0,0,0,0,0]",1,no,all residue allocations modulo cyclic rotation
16,2,4,17,17,1,3,one_changed,FOUND,"{""coeffs"":[2,1,1],""positions"":[0,1,2]}","[2,1,1,0,0,0,0,0,0,0,0,0,0,0,0,0,0]",1,no,all residue allocations modulo cyclic rotation
16,2,4,17,17,1,3,all_distinct,FOUND,"{""coeffs"":[1,2,3],""positions"":[0,1,2]}","[1,2,3,0,0,0,0,0,0,0,0,0,0,0,0,0,0]",1,no,all residue allocations modulo cyclic rotation
16,2,4,17,17,1,4,ones,FOUND,"{""coeffs"":[1,1,1,1],""positions"":[0,1,2,3]}","[1,1,1,1,0,0,0,0,0,0,0,0,0,0,0,0,0]",1,no,all residue allocations modulo cyclic rotation
16,2,4,17,17,1,4,one_changed,FOUND,"{""coeffs"":[2,1,1,1],""positions"":[0,1,2,3]}","[2,1,1,1,0,0,0,0,0,0,0,0,0,0,0,0,0]",1,no,all residue allocations modulo cyclic rotation
16,2,4,17,17,1,4,all_distinct,FOUND,"{""coeffs"":[1,2,3,4],""positions"":[0,1,2,3]}","[1,2,3,4,0,0,0,0,0,0,0,0,0,0,0,0,0]",1,no,all residue allocations modulo cyclic rotation
16,2,4,17,17,1,5,ones,FOUND,"{""coeffs"":[1,1,1,1,1],""positions"":[0,1,2,3,4]}","[1,1,1,1,1,0,0,0,0,0,0,0,0,0,0,0,0]",1,no,all residue allocations modulo cyclic rotation
16,2,4,17,17,1,5,one_changed,FOUND,"{""coeffs"":[2,1,1,1,1],""positions"":[0,1,2,3,4]}","[2,1,1,1,1,0,0,0,0,0,0,0,0,0,0,0,0]",1,no,all residue allocations modulo cyclic rotation
16,2,4,17,17,1,5,all_distinct,FOUND,"{""coeffs"":[1,2,3,4,5],""positions"":[0,1,2,3,4]}","[1,2,3,4,5,0,0,0,0,0,0,0,0,0,0,0,0]",1,no,all residue allocations modulo cyclic rotation
16,2,4,17,17,1,6,ones,FOUND,"{""coeffs"":[1,1,1,1,1,1],""positions"":[0,1,2,3,4,5]}","[1,1,1,1,1,1,0,0,0,0,0,0,0,0,0,0,0]",1,no,all residue allocations modulo cyclic rotation
16,2,4,17,17,1,6,one_changed,FOUND,"{""coeffs"":[2,1,1,1,1,1],""positions"":[0,1,2,3,4,5]}","[2,1,1,1,1,1,0,0,0,0,0,0,0,0,0,0,0]",1,no,all residue allocations modulo cyclic rotation
16,2,4,17,17,1,6,all_distinct,FOUND,"{""coeffs"":[1,2,3,4,5,6],""positions"":[0,1,2,3,4,5]}","[1,2,3,4,5,6,0,0,0,0,0,0,0,0,0,0,0]",1,no,all residue allocations modulo cyclic rotation
16,2,4,17,17,1,7,ones,FOUND,"{""coeffs"":[1,1,1,1,1,1,1],""positions"":[0,1,2,3,4,5,6]}","[1,1,1,1,1,1,1,0,0,0,0,0,0,0,0,0,0]",1,no,all residue allocations modulo cyclic rotation
16,2,4,17,17,1,7,one_changed,FOUND,"{""coeffs"":[2,1,1,1,1,1,1],""positions"":[0,1,2,3,4,5,6]}","[2,1,1,1,1,1,1,0,0,0,0,0,0,0,0,0,0]",1,no,all residue allocations modulo cyclic rotation
16,2,4,17,17,1,7,all_distinct,FOUND,"{""coeffs"":[1,2,3,4,5,6,7],""positions"":[0,1,2,3,4,5,6]}","[1,2,3,4,5,6,7,0,0,0,0,0,0,0,0,0,0]",1,no,all residue allocations modulo cyclic rotation
16,2,4,17,17,1,8,ones,FOUND,"{""coeffs"":[1,1,1,1,1,1,1,1],""positions"":[0,1,2,3,4,5,6,7]}","[1,1,1,1,1,1,1,1,0,0,0,0,0,0,0,0,0]",1,no,all residue allocations modulo cyclic rotation
16,2,4,17,17,1,8,one_changed,FOUND,"{""coeffs"":[2,1,1,1,1,1,1,1],""positions"":[0,1,2,3,4,5,6,7]}","[2,1,1,1,1,1,1,1,0,0,0,0,0,0,0,0,0]",1,no,all residue allocations modulo cyclic rotation
16,2,4,17,17,1,8,all_distinct,FOUND,"{""coeffs"":[1,2,3,4,5,6,7,8],""positions"":[0,1,2,3,4,5,6,7]}","[1,2,3,4,5,6,7,8,0,0,0,0,0,0,0,0,0]",1,no,all residue allocations modulo cyclic rotation
16,2,4,17,17,1,9,ones,FOUND,"{""coeffs"":[1,1,1,1,1,1,1,1,1],""positions"":[0,1,2,3,4,5,6,7,8]}","[1,1,1,1,1,1,1,1,1,0,0,0,0,0,0,0,0]",1,no,all residue allocations modulo cyclic rotation
16,2,4,17,17,1,9,one_changed,FOUND,"{""coeffs"":[2,1,1,1,1,1,1,1,1],""positions"":[0,1,2,3,4,5,6,7,8]}","[2,1,1,1,1,1,1,1,1,0,0,0,0,0,0,0,0]",1,no,all residue allocations modulo cyclic rotation
16,2,4,17,17,1,9,all_distinct,FOUND,"{""coeffs"":[1,2,3,4,5,6,7,8,9],""positions"":[0,1,2,3,4,5,6,7,8]}","[1,2,3,4,5,6,7,8,9,0,0,0,0,0,0,0,0]",1,no,all residue allocations modulo cyclic rotation
16,2,4,17,17,1,10,ones,FOUND,"{""coeffs"":[1,1,1,1,1,1,1,1,1,1],""positions"":[0,1,2,3,4,5,6,7,8,9]}","[1,1,1,1,1,1,1,1,1,1,0,0,0,0,0,0,0]",1,no,all residue allocations modulo cyclic rotation
16,2,4,17,17,1,10,one_changed,FOUND,"{""coeffs"":[2,1,1,1,1,1,1,1,1,1],""positions"":[0,1,2,3,4,5,6,7,8,9]}","[2,1,1,1,1,1,1,1,1,1,0,0,0,0,0,0,0]",1,no,all residue allocations modulo cyclic rotation
16,2,4,17,17,1,10,all_distinct,FOUND,"{""coeffs"":[1,2,3,4,5,6,7,8,9,10],""positions"":[0,1,2,3,4,5,6,7,8,9]}","[1,2,3,4,5,6,7,8,9,10,0,0,0,0,0,0,0]",1,no,all residue allocations modulo cyclic rotation
16,2,4,17,17,1,11,ones,FOUND,"{""coeffs"":[1,1,1,1,1,1,1,1,1,1,1],""positions"":[0,1,2,3,4,5,6,7,8,9,10]}","[1,1,1,1,1,1,1,1,1,1,1,0,0,0,0,0,0]",1,no,all residue allocations modulo cyclic rotation
16,2,4,17,17,1,11,one_changed,FOUND,"{""coeffs"":[2,1,1,1,1,1,1,1,1,1,1],""positions"":[0,1,2,3,4,5,6,7,8,9,10]}","[2,1,1,1,1,1,1,1,1,1,1,0,0,0,0,0,0]",1,no,all residue allocations modulo cyclic rotation
16,2,4,17,17,1,11,all_distinct,FOUND,"{""coeffs"":[1,2,3,4,5,6,7,8,9,10,11],""positions"":[0,1,2,3,4,5,6,7,8,9,10]}","[1,2,3,4,5,6,7,8,9,10,11,0,0,0,0,0,0]",1,no,all residue allocations modulo cyclic rotation
16,2,4,17,17,1,12,ones,FOUND,"{""coeffs"":[1,1,1,1,1,1,1,1,1,1,1,1],""positions"":[0,1,2,3,4,5,6,7,8,9,10,11]}","[1,1,1,1,1,1,1,1,1,1,1,1,0,0,0,0,0]",1,no,all residue allocations modulo cyclic rotation
16,2,4,17,17,1,12,one_changed,FOUND,"{""coeffs"":[2,1,1,1,1,1,1,1,1,1,1,1],""positions"":[0,1,2,3,4,5,6,7,8,9,10,11]}","[2,1,1,1,1,1,1,1,1,1,1,1,0,0,0,0,0]",1,no,all residue allocations modulo cyclic rotation
16,2,4,17,17,1,12,all_distinct,FOUND,"{""coeffs"":[1,2,3,4,5,6,7,8,9,10,11,12],""positions"":[0,1,2,3,4,5,6,7,8,9,10,11]}","[1,2,3,4,5,6,7,8,9,10,11,12,0,0,0,0,0]",1,no,all residue allocations modulo cyclic rotation
16,2,4,17,17,1,13,ones,FOUND,"{""coeffs"":[1,1,1,1,1,1,1,1,1,1,1,1,1],""positions"":[0,1,2,3,4,5,6,7,8,9,10,11,12]}","[1,1,1,1,1,1,1,1,1,1,1,1,1,0,0,0,0]",1,no,all residue allocations modulo cyclic rotation
16,2,4,17,17,1,13,one_changed,FOUND,"{""coeffs"":[2,1,1,1,1,1,1,1,1,1,1,1,1],""positions"":[0,1,2,3,4,5,6,7,8,9,10,11,12]}","[2,1,1,1,1,1,1,1,1,1,1,1,1,0,0,0,0]",1,no,all residue allocations modulo cyclic rotation
16,2,4,17,17,1,13,all_distinct,FOUND,"{""coeffs"":[1,2,3,4,5,6,7,8,9,10,11,12,13],""positions"":[0,1,2,3,4,5,6,7,8,9,10,11,12]}","[1,2,3,4,5,6,7,8,9,10,11,12,13,0,0,0,0]",1,no,all residue allocations modulo cyclic rotation
16,2,4,17,17,1,14,ones,FOUND,"{""coeffs"":[1,1,1,1,1,1,1,1,1,1,1,1,1,1],""positions"":[0,1,2,3,4,5,6,7,8,9,10,11,12,13]}","[1,1,1,1,1,1,1,1,1,1,1,1,1,1,0,0,0]",1,no,all residue allocations modulo cyclic rotation
16,2,4,17,17,1,14,one_changed,FOUND,"{""coeffs"":[2,1,1,1,1,1,1,1,1,1,1,1,1,1],""positions"":[0,1,2,3,4,5,6,7,8,9,10,11,12,13]}","[2,1,1,1,1,1,1,1,1,1,1,1,1,1,0,0,0]",1,no,all residue allocations modulo cyclic rotation
16,2,4,17,17,1,14,all_distinct,FOUND,"{""coeffs"":[1,2,3,4,5,6,7,8,9,10,11,12,13,14],""positions"":[0,1,2,3,4,5,6,7,8,9,10,11,12,13]}","[1,2,3,4,5,6,7,8,9,10,11,12,13,14,0,0,0]",1,no,all residue allocations modulo cyclic rotation
16,2,4,17,17,1,15,ones,FOUND,"{""coeffs"":[1,1,1,1,1,1,1,1,1,1,1,1,1,1,1],""positions"":[0,1,2,3,4,5,6,7,8,9,10,11,12,13,14]}","[1,1,1,1,1,1,1,1,1,1,1,1,1,1,1,0,0]",1,no,all residue allocations modulo cyclic rotation
16,2,4,17,17,1,15,one_changed,FOUND,"{""coeffs"":[2,1,1,1,1,1,1,1,1,1,1,1,1,1,1],""positions"":[0,1,2,3,4,5,6,7,8,9,10,11,12,13,14]}","[2,1,1,1,1,1,1,1,1,1,1,1,1,1,1,0,0]",1,no,all residue allocations modulo cyclic rotation
16,2,4,17,17,1,15,all_distinct,FOUND,"{""coeffs"":[1,2,3,4,5,6,7,8,9,10,11,12,13,14,15],""positions"":[0,1,2,3,4,5,6,7,8,9,10,11,12,13,14]}","[1,2,3,4,5,6,7,8,9,10,11,12,13,14,15,0,0]",1,no,all residue allocations modulo cyclic rotation
16,2,4,17,17,1,16,ones,FOUND,"{""coeffs"":[1,1,1,1,1,1,1,1,1,1,1,1,1,1,1,1],""positions"":[0,1,2,3,4,5,6,7,8,9,10,11,12,13,14,15]}","[1,1,1,1,1,1,1,1,1,1,1,1,1,1,1,1,0]",1,no,all residue allocations modulo cyclic rotation
16,2,4,17,17,1,16,one_changed,FOUND,"{""coeffs"":[2,1,1,1,1,1,1,1,1,1,1,1,1,1,1,1],""positions"":[0,1,2,3,4,5,6,7,8,9,10,11,12,13,14,15]}","[2,1,1,1,1,1,1,1,1,1,1,1,1,1,1,1,0]",1,no,all residue allocations modulo cyclic rotation
16,2,4,17,17,1,17,ones,NONE,,,1,yes,all residue allocations modulo cyclic rotation
16,2,4,17,17,1,17,one_changed,FOUND,"{""coeffs"":[2,1,1,1,1,1,1,1,1,1,1,1,1,1,1,1,1],""positions"":[0,1,2,3,4,5,6,7,8,9,10,11,12,13,14,15,16]}","[2,1,1,1,1,1,1,1,1,1,1,1,1,1,1,1,1]",1,no,all residue allocations modulo cyclic rotation
16,2,4,18,9,2,2,ones,FOUND,"{""coeffs"":[1,1],""positions"":[0,1]}","[1,1,0,0,0,0,0,0,0]",2,no,all residue allocations modulo cyclic rotation
16,2,4,18,9,2,2,one_changed,FOUND,"{""coeffs"":[1,2],""positions"":[0,9]}","[3,0,0,0,0,0,0,0,0]",1,no,all residue allocations modulo cyclic rotation
16,2,4,18,9,2,2,all_distinct,FOUND,"{""coeffs"":[1,2],""positions"":[0,9]}","[3,0,0,0,0,0,0,0,0]",1,no,all residue allocations modulo cyclic rotation
16,2,4,18,9,2,3,ones,FOUND,"{""coeffs"":[1,1,1],""positions"":[0,9,1]}","[0,1,0,0,0,0,0,0,0]",1,no,all residue allocations modulo cyclic rotation
16,2,4,18,9,2,3,one_changed,FOUND,"{""coeffs"":[2,1,1],""positions"":[0,9,1]}","[3,1,0,0,0,0,0,0,0]",1,no,all residue allocations modulo cyclic rotation
16,2,4,18,9,2,3,all_distinct,FOUND,"{""coeffs"":[1,2,3],""positions"":[0,9,1]}","[3,3,0,0,0,0,0,0,0]",1,no,all residue allocations modulo cyclic rotation
16,2,4,18,9,2,4,ones,FOUND,"{""coeffs"":[1,1,1,1],""positions"":[0,9,1,2]}","[0,1,1,0,0,0,0,0,0]",2,no,all residue allocations modulo cyclic rotation
16,2,4,18,9,2,4,one_changed,FOUND,"{""coeffs"":[2,1,1,1],""positions"":[0,9,1,10]}","[3,0,0,0,0,0,0,0,0]",1,no,all residue allocations modulo cyclic rotation
16,2,4,18,9,2,4,all_distinct,FOUND,"{""coeffs"":[1,2,3,4],""positions"":[0,9,1,10]}","[3,7,0,0,0,0,0,0,0]",1,no,all residue allocations modulo cyclic rotation
16,2,4,18,9,2,5,ones,FOUND,"{""coeffs"":[1,1,1,1,1],""positions"":[0,9,1,10,2]}","[0,0,1,0,0,0,0,0,0]",1,no,all residue allocations modulo cyclic rotation
16,2,4,18,9,2,5,one_changed,FOUND,"{""coeffs"":[2,1,1,1,1],""positions"":[0,9,1,10,2]}","[3,0,1,0,0,0,0,0,0]",1,no,all residue allocations modulo cyclic rotation
16,2,4,18,9,2,5,all_distinct,FOUND,"{""coeffs"":[1,2,3,4,5],""positions"":[0,9,1,10,2]}","[3,7,5,0,0,0,0,0,0]",1,no,all residue allocations modulo cyclic rotation
16,2,4,18,9,2,6,ones,FOUND,"{""coeffs"":[1,1,1,1,1,1],""positions"":[0,9,1,10,2,3]}","[0,0,1,1,0,0,0,0,0]",2,no,all residue allocations modulo cyclic rotation
16,2,4,18,9,2,6,one_changed,FOUND,"{""coeffs"":[2,1,1,1,1,1],""positions"":[0,9,1,10,2,11]}","[3,0,0,0,0,0,0,0,0]",1,no,all residue allocations modulo cyclic rotation
16,2,4,18,9,2,6,all_distinct,FOUND,"{""coeffs"":[1,2,3,4,5,6],""positions"":[0,9,1,10,2,11]}","[3,7,3,0,0,0,0,0,0]",1,no,all residue allocations modulo cyclic rotation
16,2,4,18,9,2,7,ones,FOUND,"{""coeffs"":[1,1,1,1,1,1,1],""positions"":[0,9,1,10,2,11,3]}","[0,0,0,1,0,0,0,0,0]",1,no,all residue allocations modulo cyclic rotation
16,2,4,18,9,2,7,one_changed,FOUND,"{""coeffs"":[2,1,1,1,1,1,1],""positions"":[0,9,1,10,2,11,3]}","[3,0,0,1,0,0,0,0,0]",1,no,all residue allocations modulo cyclic rotation
16,2,4,18,9,2,7,all_distinct,FOUND,"{""coeffs"":[1,2,3,4,5,6,7],""positions"":[0,9,1,10,2,11,3]}","[3,7,3,7,0,0,0,0,0]",1,no,all residue allocations modulo cyclic rotation
16,2,4,18,9,2,8,ones,FOUND,"{""coeffs"":[1,1,1,1,1,1,1,1],""positions"":[0,9,1,10,2,11,3,4]}","[0,0,0,1,1,0,0,0,0]",2,no,all residue allocations modulo cyclic rotation
16,2,4,18,9,2,8,one_changed,FOUND,"{""coeffs"":[2,1,1,1,1,1,1,1],""positions"":[0,9,1,10,2,11,3,12]}","[3,0,0,0,0,0,0,0,0]",1,no,all residue allocations modulo cyclic rotation
16,2,4,18,9,2,8,all_distinct,FOUND,"{""coeffs"":[1,2,3,4,5,6,7,8],""positions"":[0,9,1,10,2,11,3,12]}","[3,7,3,15,0,0,0,0,0]",1,no,all residue allocations modulo cyclic rotation
16,2,4,18,9,2,9,ones,FOUND,"{""coeffs"":[1,1,1,1,1,1,1,1,1],""positions"":[0,9,1,10,2,11,3,12,4]}","[0,0,0,0,1,0,0,0,0]",1,no,all residue allocations modulo cyclic rotation
16,2,4,18,9,2,9,one_changed,FOUND,"{""coeffs"":[2,1,1,1,1,1,1,1,1],""positions"":[0,9,1,10,2,11,3,12,4]}","[3,0,0,0,1,0,0,0,0]",1,no,all residue allocations modulo cyclic rotation
16,2,4,18,9,2,9,all_distinct,FOUND,"{""coeffs"":[1,2,3,4,5,6,7,8,9],""positions"":[0,9,1,10,2,11,3,12,4]}","[3,7,3,15,9,0,0,0,0]",1,no,all residue allocations modulo cyclic rotation
16,2,4,18,9,2,10,ones,FOUND,"{""coeffs"":[1,1,1,1,1,1,1,1,1,1],""positions"":[0,9,1,10,2,11,3,12,4,5]}","[0,0,0,0,1,1,0,0,0]",2,no,all residue allocations modulo cyclic rotation
16,2,4,18,9,2,10,one_changed,FOUND,"{""coeffs"":[2,1,1,1,1,1,1,1,1,1],""positions"":[0,9,1,10,2,11,3,12,4,13]}","[3,0,0,0,0,0,0,0,0]",1,no,all residue allocations modulo cyclic rotation
16,2,4,18,9,2,10,all_distinct,FOUND,"{""coeffs"":[1,2,3,4,5,6,7,8,9,10],""positions"":[0,9,1,10,2,11,3,12,4,13]}","[3,7,3,15,3,0,0,0,0]",1,no,all residue allocations modulo cyclic rotation
16,2,4,18,9,2,11,ones,FOUND,"{""coeffs"":[1,1,1,1,1,1,1,1,1,1,1],""positions"":[0,9,1,10,2,11,3,12,4,13,5]}","[0,0,0,0,0,1,0,0,0]",1,no,all residue allocations modulo cyclic rotation
16,2,4,18,9,2,11,one_changed,FOUND,"{""coeffs"":[2,1,1,1,1,1,1,1,1,1,1],""positions"":[0,9,1,10,2,11,3,12,4,13,5]}","[3,0,0,0,0,1,0,0,0]",1,no,all residue allocations modulo cyclic rotation
16,2,4,18,9,2,11,all_distinct,FOUND,"{""coeffs"":[1,2,3,4,5,6,7,8,9,10,11],""positions"":[0,9,1,10,2,11,3,12,4,13,5]}","[3,7,3,15,3,11,0,0,0]",1,no,all residue allocations modulo cyclic rotation
16,2,4,18,9,2,12,ones,FOUND,"{""coeffs"":[1,1,1,1,1,1,1,1,1,1,1,1],""positions"":[0,9,1,10,2,11,3,12,4,13,5,6]}","[0,0,0,0,0,1,1,0,0]",2,no,all residue allocations modulo cyclic rotation
16,2,4,18,9,2,12,one_changed,FOUND,"{""coeffs"":[2,1,1,1,1,1,1,1,1,1,1,1],""positions"":[0,9,1,10,2,11,3,12,4,13,5,14]}","[3,0,0,0,0,0,0,0,0]",1,no,all residue allocations modulo cyclic rotation
16,2,4,18,9,2,12,all_distinct,FOUND,"{""coeffs"":[1,2,3,4,5,6,7,8,9,10,11,12],""positions"":[0,9,1,10,2,11,3,12,4,13,5,14]}","[3,7,3,15,3,7,0,0,0]",1,no,all residue allocations modulo cyclic rotation
16,2,4,18,9,2,13,ones,FOUND,"{""coeffs"":[1,1,1,1,1,1,1,1,1,1,1,1,1],""positions"":[0,9,1,10,2,11,3,12,4,13,5,14,6]}","[0,0,0,0,0,0,1,0,0]",1,no,all residue allocations modulo cyclic rotation
16,2,4,18,9,2,13,one_changed,FOUND,"{""coeffs"":[2,1,1,1,1,1,1,1,1,1,1,1,1],""positions"":[0,9,1,10,2,11,3,12,4,13,5,14,6]}","[3,0,0,0,0,0,1,0,0]",1,no,all residue allocations modulo cyclic rotation
16,2,4,18,9,2,13,all_distinct,FOUND,"{""coeffs"":[1,2,3,4,5,6,7,8,9,10,11,12,13],""positions"":[0,9,1,10,2,11,3,12,4,13,5,14,6]}","[3,7,3,15,3,7,13,0,0]",1,no,all residue allocations modulo cyclic rotation
16,2,4,18,9,2,14,ones,FOUND,"{""coeffs"":[1,1,1,1,1,1,1,1,1,1,1,1,1,1],""positions"":[0,9,1,10,2,11,3,12,4,13,5,14,6,7]}","[0,0,0,0,0,0,1,1,0]",2,no,all residue allocations modulo cyclic rotation
16,2,4,18,9,2,14,one_changed,FOUND,"{""coeffs"":[2,1,1,1,1,1,1,1,1,1,1,1,1,1],""positions"":[0,9,1,10,2,11,3,12,4,13,5,14,6,15]}","[3,0,0,0,0,0,0,0,0]",1,no,all residue allocations modulo cyclic rotation
16,2,4,18,9,2,14,all_distinct,FOUND,"{""coeffs"":[1,2,3,4,5,6,7,8,9,10,11,12,13,14],""positions"":[0,9,1,10,2,11,3,12,4,13,5,14,6,15]}","[3,7,3,15,3,7,3,0,0]",1,no,all residue allocations modulo cyclic rotation
16,2,4,18,9,2,15,ones,FOUND,"{""coeffs"":[1,1,1,1,1,1,1,1,1,1,1,1,1,1,1],""positions"":[0,9,1,10,2,11,3,12,4,13,5,14,6,15,7]}","[0,0,0,0,0,0,0,1,0]",1,no,all residue allocations modulo cyclic rotation
16,2,4,18,9,2,15,one_changed,FOUND,"{""coeffs"":[2,1,1,1,1,1,1,1,1,1,1,1,1,1,1],""positions"":[0,9,1,10,2,11,3,12,4,13,5,14,6,15,7]}","[3,0,0,0,0,0,0,1,0]",1,no,all residue allocations modulo cyclic rotation
16,2,4,18,9,2,15,all_distinct,FOUND,"{""coeffs"":[1,2,3,4,5,6,7,8,9,10,11,12,13,14,15],""positions"":[0,9,1,10,2,11,3,12,4,13,5,14,6,15,7]}","[3,7,3,15,3,7,3,15,0]",1,no,all residue allocations modulo cyclic rotation
16,2,4,18,9,2,16,ones,FOUND,"{""coeffs"":[1,1,1,1,1,1,1,1,1,1,1,1,1,1,1,1],""positions"":[0,9,1,10,2,11,3,12,4,13,5,14,6,15,7,8]}","[0,0,0,0,0,0,0,1,1]",2,no,all residue allocations modulo cyclic rotation
16,2,4,18,9,2,16,one_changed,FOUND,"{""coeffs"":[2,1,1,1,1,1,1,1,1,1,1,1,1,1,1,1],""positions"":[0,9,1,10,2,11,3,12,4,13,5,14,6,15,7,16]}","[3,0,0,0,0,0,0,0,0]",1,no,all residue allocations modulo cyclic rotation
16,2,4,18,9,2,17,ones,FOUND,"{""coeffs"":[1,1,1,1,1,1,1,1,1,1,1,1,1,1,1,1,1],""positions"":[0,9,1,10,2,11,3,12,4,13,5,14,6,15,7,16,8]}","[0,0,0,0,0,0,0,0,1]",1,no,all residue allocations modulo cyclic rotation
16,2,4,18,9,2,17,one_changed,FOUND,"{""coeffs"":[2,1,1,1,1,1,1,1,1,1,1,1,1,1,1,1,1],""positions"":[0,9,1,10,2,11,3,12,4,13,5,14,6,15,7,16,8]}","[3,0,0,0,0,0,0,0,1]",1,no,all residue allocations modulo cyclic rotation
16,2,4,18,9,2,18,ones,NONE,,,1,yes,all residue allocations modulo cyclic rotation
16,2,4,18,9,2,18,one_changed,FOUND,"{""coeffs"":[2,1,1,1,1,1,1,1,1,1,1,1,1,1,1,1,1,1],""positions"":[0,9,1,10,2,11,3,12,4,13,5,14,6,15,7,16,8,17]}","[3,0,0,0,0,0,0,0,0]",1,no,all residue allocations modulo cyclic rotation
16,2,4,19,19,1,2,ones,FOUND,"{""coeffs"":[1,1],""positions"":[0,1]}","[1,1,0,0,0,0,0,0,0,0,0,0,0,0,0,0,0,0,0]",1,no,all residue allocations modulo cyclic rotation
16,2,4,19,19,1,2,one_changed,FOUND,"{""coeffs"":[1,2],""positions"":[0,1]}","[1,2,0,0,0,0,0,0,0,0,0,0,0,0,0,0,0,0,0]",1,no,all residue allocations modulo cyclic rotation
16,2,4,19,19,1,2,all_distinct,FOUND,"{""coeffs"":[1,2],""positions"":[0,1]}","[1,2,0,0,0,0,0,0,0,0,0,0,0,0,0,0,0,0,0]",1,no,all residue allocations modulo cyclic rotation
16,2,4,19,19,1,3,ones,FOUND,"{""coeffs"":[1,1,1],""positions"":[0,1,2]}","[1,1,1,0,0,0,0,0,0,0,0,0,0,0,0,0,0,0,0]",1,no,all residue allocations modulo cyclic rotation
16,2,4,19,19,1,3,one_changed,FOUND,"{""coeffs"":[2,1,1],""positions"":[0,1,2]}","[2,1,1,0,0,0,0,0,0,0,0,0,0,0,0,0,0,0,0]",1,no,all residue allocations modulo cyclic rotation
16,2,4,19,19,1,3,all_distinct,FOUND,"{""coeffs"":[1,2,3],""positions"":[0,1,2]}","[1,2,3,0,0,0,0,0,0,0,0,0,0,0,0,0,0,0,0]",1,no,all residue allocations modulo cyclic rotation
16,2,4,19,19,1,4,ones,FOUND,"{""coeffs"":[1,1,1,1],""positions"":[0,1,2,3]}","[1,1,1,1,0,0,0,0,0,0,0,0,0,0,0,0,0,0,0]",1,no,all residue allocations modulo cyclic rotation
16,2,4,19,19,1,4,one_changed,FOUND,"{""coeffs"":[2,1,1,1],""positions"":[0,1,2,3]}","[2,1,1,1,0,0,0,0,0,0,0,0,0,0,0,0,0,0,0]",1,no,all residue allocations modulo cyclic rotation
16,2,4,19,19,1,4,all_distinct,FOUND,"{""coeffs"":[1,2,3,4],""positions"":[0,1,2,3]}","[1,2,3,4,0,0,0,0,0,0,0,0,0,0,0,0,0,0,0]",1,no,all residue allocations modulo cyclic rotation
16,2,4,19,19,1,5,ones,FOUND,"{""coeffs"":[1,1,1,1,1],""positions"":[0,1,2,3,4]}","[1,1,1,1,1,0,0,0,0,0,0,0,0,0,0,0,0,0,0]",1,no,all residue allocations modulo cyclic rotation
16,2,4,19,19,1,5,one_changed,FOUND,"{""coeffs"":[2,1,1,1,1],""positions"":[0,1,2,3,4]}","[2,1,1,1,1,0,0,0,0,0,0,0,0,0,0,0,0,0,0]",1,no,all residue allocations modulo cyclic rotation
16,2,4,19,19,1,5,all_distinct,FOUND,"{""coeffs"":[1,2,3,4,5],""positions"":[0,1,2,3,4]}","[1,2,3,4,5,0,0,0,0,0,0,0,0,0,0,0,0,0,0]",1,no,all residue allocations modulo cyclic rotation
16,2,4,19,19,1,6,ones,FOUND,"{""coeffs"":[1,1,1,1,1,1],""positions"":[0,1,2,3,4,5]}","[1,1,1,1,1,1,0,0,0,0,0,0,0,0,0,0,0,0,0]",1,no,all residue allocations modulo cyclic rotation
16,2,4,19,19,1,6,one_changed,FOUND,"{""coeffs"":[2,1,1,1,1,1],""positions"":[0,1,2,3,4,5]}","[2,1,1,1,1,1,0,0,0,0,0,0,0,0,0,0,0,0,0]",1,no,all residue allocations modulo cyclic rotation
16,2,4,19,19,1,6,all_distinct,FOUND,"{""coeffs"":[1,2,3,4,5,6],""positions"":[0,1,2,3,4,5]}","[1,2,3,4,5,6,0,0,0,0,0,0,0,0,0,0,0,0,0]",1,no,all residue allocations modulo cyclic rotation
16,2,4,19,19,1,7,ones,FOUND,"{""coeffs"":[1,1,1,1,1,1,1],""positions"":[0,1,2,3,4,5,6]}","[1,1,1,1,1,1,1,0,0,0,0,0,0,0,0,0,0,0,0]",1,no,all residue allocations modulo cyclic rotation
16,2,4,19,19,1,7,one_changed,FOUND,"{""coeffs"":[2,1,1,1,1,1,1],""positions"":[0,1,2,3,4,5,6]}","[2,1,1,1,1,1,1,0,0,0,0,0,0,0,0,0,0,0,0]",1,no,all residue allocations modulo cyclic rotation
16,2,4,19,19,1,7,all_distinct,FOUND,"{""coeffs"":[1,2,3,4,5,6,7],""positions"":[0,1,2,3,4,5,6]}","[1,2,3,4,5,6,7,0,0,0,0,0,0,0,0,0,0,0,0]",1,no,all residue allocations modulo cyclic rotation
16,2,4,19,19,1,8,ones,FOUND,"{""coeffs"":[1,1,1,1,1,1,1,1],""positions"":[0,1,2,3,4,5,6,7]}","[1,1,1,1,1,1,1,1,0,0,0,0,0,0,0,0,0,0,0]",1,no,all residue allocations modulo cyclic rotation
16,2,4,19,19,1,8,one_changed,FOUND,"{""coeffs"":[2,1,1,1,1,1,1,1],""positions"":[0,1,2,3,4,5,6,7]}","[2,1,1,1,1,1,1,1,0,0,0,0,0,0,0,0,0,0,0]",1,no,all residue allocations modulo cyclic rotation
16,2,4,19,19,1,8,all_distinct,FOUND,"{""coeffs"":[1,2,3,4,5,6,7,8],""positions"":[0,1,2,3,4,5,6,7]}","[1,2,3,4,5,6,7,8,0,0,0,0,0,0,0,0,0,0,0]",1,no,all residue allocations modulo cyclic rotation
16,2,4,19,19,1,9,ones,FOUND,"{""coeffs"":[1,1,1,1,1,1,1,1,1],""positions"":[0,1,2,3,4,5,6,7,8]}","[1,1,1,1,1,1,1,1,1,0,0,0,0,0,0,0,0,0,0]",1,no,all residue allocations modulo cyclic rotation
16,2,4,19,19,1,9,one_changed,FOUND,"{""coeffs"":[2,1,1,1,1,1,1,1,1],""positions"":[0,1,2,3,4,5,6,7,8]}","[2,1,1,1,1,1,1,1,1,0,0,0,0,0,0,0,0,0,0]",1,no,all residue allocations modulo cyclic rotation
16,2,4,19,19,1,9,all_distinct,FOUND,"{""coeffs"":[1,2,3,4,5,6,7,8,9],""positions"":[0,1,2,3,4,5,6,7,8]}","[1,2,3,4,5,6,7,8,9,0,0,0,0,0,0,0,0,0,0]",1,no,all residue allocations modulo cyclic rotation
16,2,4,19,19,1,10,ones,FOUND,"{""coeffs"":[1,1,1,1,1,1,1,1,1,1],""positions"":[0,1,2,3,4,5,6,7,8,9]}","[1,1,1,1,1,1,1,1,1,1,0,0,0,0,0,0,0,0,0]",1,no,all residue allocations modulo cyclic rotation
16,2,4,19,19,1,10,one_changed,FOUND,"{""coeffs"":[2,1,1,1,1,1,1,1,1,1],""positions"":[0,1,2,3,4,5,6,7,8,9]}","[2,1,1,1,1,1,1,1,1,1,0,0,0,0,0,0,0,0,0]",1,no,all residue allocations modulo cyclic rotation
16,2,4,19,19,1,10,all_distinct,FOUND,"{""coeffs"":[1,2,3,4,5,6,7,8,9,10],""positions"":[0,1,2,3,4,5,6,7,8,9]}","[1,2,3,4,5,6,7,8,9,10,0,0,0,0,0,0,0,0,0]",1,no,all residue allocations modulo cyclic rotation
16,2,4,19,19,1,11,ones,FOUND,"{""coeffs"":[1,1,1,1,1,1,1,1,1,1,1],""positions"":[0,1,2,3,4,5,6,7,8,9,10]}","[1,1,1,1,1,1,1,1,1,1,1,0,0,0,0,0,0,0,0]",1,no,all residue allocations modulo cyclic rotation
16,2,4,19,19,1,11,one_changed,FOUND,"{""coeffs"":[2,1,1,1,1,1,1,1,1,1,1],""positions"":[0,1,2,3,4,5,6,7,8,9,10]}","[2,1,1,1,1,1,1,1,1,1,1,0,0,0,0,0,0,0,0]",1,no,all residue allocations modulo cyclic rotation
16,2,4,19,19,1,11,all_distinct,FOUND,"{""coeffs"":[1,2,3,4,5,6,7,8,9,10,11],""positions"":[0,1,2,3,4,5,6,7,8,9,10]}","[1,2,3,4,5,6,7,8,9,10,11,0,0,0,0,0,0,0,0]",1,no,all residue allocations modulo cyclic rotation
16,2,4,19,19,1,12,ones,FOUND,"{""coeffs"":[1,1,1,1,1,1,1,1,1,1,1,1],""positions"":[0,1,2,3,4,5,6,7,8,9,10,11]}","[1,1,1,1,1,1,1,1,1,1,1,1,0,0,0,0,0,0,0]",1,no,all residue allocations modulo cyclic rotation
16,2,4,19,19,1,12,one_changed,FOUND,"{""coeffs"":[2,1,1,1,1,1,1,1,1,1,1,1],""positions"":[0,1,2,3,4,5,6,7,8,9,10,11]}","[2,1,1,1,1,1,1,1,1,1,1,1,0,0,0,0,0,0,0]",1,no,all residue allocations modulo cyclic rotation
16,2,4,19,19,1,12,all_distinct,FOUND,"{""coeffs"":[1,2,3,4,5,6,7,8,9,10,11,12],""positions"":[0,1,2,3,4,5,6,7,8,9,10,11]}","[1,2,3,4,5,6,7,8,9,10,11,12,0,0,0,0,0,0,0]",1,no,all residue allocations modulo cyclic rotation
16,2,4,19,19,1,13,ones,FOUND,"{""coeffs"":[1,1,1,1,1,1,1,1,1,1,1,1,1],""positions"":[0,1,2,3,4,5,6,7,8,9,10,11,12]}","[1,1,1,1,1,1,1,1,1,1,1,1,1,0,0,0,0,0,0]",1,no,all residue allocations modulo cyclic rotation
16,2,4,19,19,1,13,one_changed,FOUND,"{""coeffs"":[2,1,1,1,1,1,1,1,1,1,1,1,1],""positions"":[0,1,2,3,4,5,6,7,8,9,10,11,12]}","[2,1,1,1,1,1,1,1,1,1,1,1,1,0,0,0,0,0,0]",1,no,all residue allocations modulo cyclic rotation
16,2,4,19,19,1,13,all_distinct,FOUND,"{""coeffs"":[1,2,3,4,5,6,7,8,9,10,11,12,13],""positions"":[0,1,2,3,4,5,6,7,8,9,10,11,12]}","[1,2,3,4,5,6,7,8,9,10,11,12,13,0,0,0,0,0,0]",1,no,all residue allocations modulo cyclic rotation
16,2,4,19,19,1,14,ones,FOUND,"{""coeffs"":[1,1,1,1,1,1,1,1,1,1,1,1,1,1],""positions"":[0,1,2,3,4,5,6,7,8,9,10,11,12,13]}","[1,1,1,1,1,1,1,1,1,1,1,1,1,1,0,0,0,0,0]",1,no,all residue allocations modulo cyclic rotation
16,2,4,19,19,1,14,one_changed,FOUND,"{""coeffs"":[2,1,1,1,1,1,1,1,1,1,1,1,1,1],""positions"":[0,1,2,3,4,5,6,7,8,9,10,11,12,13]}","[2,1,1,1,1,1,1,1,1,1,1,1,1,1,0,0,0,0,0]",1,no,all residue allocations modulo cyclic rotation
16,2,4,19,19,1,14,all_distinct,FOUND,"{""coeffs"":[1,2,3,4,5,6,7,8,9,10,11,12,13,14],""positions"":[0,1,2,3,4,5,6,7,8,9,10,11,12,13]}","[1,2,3,4,5,6,7,8,9,10,11,12,13,14,0,0,0,0,0]",1,no,all residue allocations modulo cyclic rotation
16,2,4,19,19,1,15,ones,FOUND,"{""coeffs"":[1,1,1,1,1,1,1,1,1,1,1,1,1,1,1],""positions"":[0,1,2,3,4,5,6,7,8,9,10,11,12,13,14]}","[1,1,1,1,1,1,1,1,1,1,1,1,1,1,1,0,0,0,0]",1,no,all residue allocations modulo cyclic rotation
16,2,4,19,19,1,15,one_changed,FOUND,"{""coeffs"":[2,1,1,1,1,1,1,1,1,1,1,1,1,1,1],""positions"":[0,1,2,3,4,5,6,7,8,9,10,11,12,13,14]}","[2,1,1,1,1,1,1,1,1,1,1,1,1,1,1,0,0,0,0]",1,no,all residue allocations modulo cyclic rotation
16,2,4,19,19,1,15,all_distinct,FOUND,"{""coeffs"":[1,2,3,4,5,6,7,8,9,10,11,12,13,14,15],""positions"":[0,1,2,3,4,5,6,7,8,9,10,11,12,13,14]}","[1,2,3,4,5,6,7,8,9,10,11,12,13,14,15,0,0,0,0]",1,no,all residue allocations modulo cyclic rotation
16,2,4,19,19,1,16,ones,FOUND,"{""coeffs"":[1,1,1,1,1,1,1,1,1,1,1,1,1,1,1,1],""positions"":[0,1,2,3,4,5,6,7,8,9,10,11,12,13,14,15]}","[1,1,1,1,1,1,1,1,1,1,1,1,1,1,1,1,0,0,0]",1,no,all residue allocations modulo cyclic rotation
16,2,4,19,19,1,16,one_changed,FOUND,"{""coeffs"":[2,1,1,1,1,1,1,1,1,1,1,1,1,1,1,1],""positions"":[0,1,2,3,4,5,6,7,8,9,10,11,12,13,14,15]}","[2,1,1,1,1,1,1,1,1,1,1,1,1,1,1,1,0,0,0]",1,no,all residue allocations modulo cyclic rotation
16,2,4,19,19,1,17,ones,FOUND,"{""coeffs"":[1,1,1,1,1,1,1,1,1,1,1,1,1,1,1,1,1],""positions"":[0,1,2,3,4,5,6,7,8,9,10,11,12,13,14,15,16]}","[1,1,1,1,1,1,1,1,1,1,1,1,1,1,1,1,1,0,0]",1,no,all residue allocations modulo cyclic rotation
16,2,4,19,19,1,17,one_changed,FOUND,"{""coeffs"":[2,1,1,1,1,1,1,1,1,1,1,1,1,1,1,1,1],""positions"":[0,1,2,3,4,5,6,7,8,9,10,11,12,13,14,15,16]}","[2,1,1,1,1,1,1,1,1,1,1,1,1,1,1,1,1,0,0]",1,no,all residue allocations modulo cyclic rotation
16,2,4,19,19,1,18,ones,FOUND,"{""coeffs"":[1,1,1,1,1,1,1,1,1,1,1,1,1,1,1,1,1,1],""positions"":[0,1,2,3,4,5,6,7,8,9,10,11,12,13,14,15,16,17]}","[1,1,1,1,1,1,1,1,1,1,1,1,1,1,1,1,1,1,0]",1,no,all residue allocations modulo cyclic rotation
16,2,4,19,19,1,18,one_changed,FOUND,"{""coeffs"":[2,1,1,1,1,1,1,1,1,1,1,1,1,1,1,1,1,1],""positions"":[0,1,2,3,4,5,6,7,8,9,10,11,12,13,14,15,16,17]}","[2,1,1,1,1,1,1,1,1,1,1,1,1,1,1,1,1,1,0]",1,no,all residue allocations modulo cyclic rotation
16,2,4,19,19,1,19,ones,NONE,,,1,yes,all residue allocations modulo cyclic rotation
16,2,4,19,19,1,19,one_changed,FOUND,"{""coeffs"":[2,1,1,1,1,1,1,1,1,1,1,1,1,1,1,1,1,1,1],""positions"":[0,1,2,3,4,5,6,7,8,9,10,11,12,13,14,15,16,17,18]}","[2,1,1,1,1,1,1,1,1,1,1,1,1,1,1,1,1,1,1]",1,no,all residue allocations modulo cyclic rotation
16,2,4,20,5,4,2,ones,FOUND,"{""coeffs"":[1,1],""positions"":[0,1]}","[1,1,0,0,0]",2,no,all residue allocations modulo cyclic rotation
16,2,4,20,5,4,2,one_changed,FOUND,"{""coeffs"":[1,2],""positions"":[0,5]}","[3,0,0,0,0]",1,no,all residue allocations modulo cyclic rotation
16,2,4,20,5,4,2,all_distinct,FOUND,"{""coeffs"":[1,2],""positions"":[0,5]}","[3,0,0,0,0]",1,no,all residue allocations modulo cyclic rotation
16,2,4,20,5,4,3,ones,FOUND,"{""coeffs"":[1,1,1],""positions"":[0,5,10]}","[1,0,0,0,0]",1,no,all residue allocations modulo cyclic rotation
16,2,4,20,5,4,3,one_changed,FOUND,"{""coeffs"":[2,1,1],""positions"":[0,5,10]}","[2,0,0,0,0]",1,no,all residue allocations modulo cyclic rotation
16,2,4,20,5,4,3,all_distinct,FOUND,"{""coeffs"":[1,2,3],""positions"":[0,5,1]}","[3,3,0,0,0]",2,no,all residue allocations modulo cyclic rotation
16,2,4,20,5,4,4,ones,FOUND,"{""coeffs"":[1,1,1,1],""positions"":[0,5,10,1]}","[1,1,0,0,0]",2,no,all residue allocations modulo cyclic rotation
16,2,4,20,5,4,4,one_changed,FOUND,"{""coeffs"":[2,1,1,1],""positions"":[0,5,10,15]}","[3,0,0,0,0]",1,no,all residue allocations modulo cyclic rotation
16,2,4,20,5,4,4,all_distinct,FOUND,"{""coeffs"":[1,2,3,4],""positions"":[0,5,10,15]}","[4,0,0,0,0]",1,no,all residue allocations modulo cyclic rotation
16,2,4,20,5,4,5,ones,FOUND,"{""coeffs"":[1,1,1,1,1],""positions"":[0,5,10,15,1]}","[0,1,0,0,0]",1,no,all residue allocations modulo cyclic rotation
16,2,4,20,5,4,5,one_changed,FOUND,"{""coeffs"":[2,1,1,1,1],""positions"":[0,5,10,15,1]}","[3,1,0,0,0]",1,no,all residue allocations modulo cyclic rotation
16,2,4,20,5,4,5,all_distinct,FOUND,"{""coeffs"":[1,2,3,4,5],""positions"":[0,5,10,15,1]}","[4,5,0,0,0]",1,no,all residue allocations modulo cyclic rotation
16,2,4,20,5,4,6,ones,FOUND,"{""coeffs"":[1,1,1,1,1,1],""positions"":[0,5,10,15,1,2]}","[0,1,1,0,0]",2,no,all residue allocations modulo cyclic rotation
16,2,4,20,5,4,6,one_changed,FOUND,"{""coeffs"":[2,1,1,1,1,1],""positions"":[0,5,10,15,1,6]}","[3,0,0,0,0]",1,no,all residue allocations modulo cyclic rotation
16,2,4,20,5,4,6,all_distinct,FOUND,"{""coeffs"":[1,2,3,4,5,6],""positions"":[0,5,10,15,1,6]}","[4,3,0,0,0]",1,no,all residue allocations modulo cyclic rotation
16,2,4,20,5,4,7,ones,FOUND,"{""coeffs"":[1,1,1,1,1,1,1],""positions"":[0,5,10,15,1,6,11]}","[0,1,0,0,0]",1,no,all residue allocations modulo cyclic rotation
16,2,4,20,5,4,7,one_changed,FOUND,"{""coeffs"":[2,1,1,1,1,1,1],""positions"":[0,5,10,15,1,6,11]}","[3,1,0,0,0]",1,no,all residue allocations modulo cyclic rotation
16,2,4,20,5,4,7,all_distinct,FOUND,"{""coeffs"":[1,2,3,4,5,6,7],""positions"":[0,5,10,15,1,6,11]}","[4,4,0,0,0]",1,no,all residue allocations modulo cyclic rotation
16,2,4,20,5,4,8,ones,FOUND,"{""coeffs"":[1,1,1,1,1,1,1,1],""positions"":[0,5,10,15,1,6,11,2]}","[0,1,1,0,0]",2,no,all residue allocations modulo cyclic rotation
16,2,4,20,5,4,8,one_changed,FOUND,"{""coeffs"":[2,1,1,1,1,1,1,1],""positions"":[0,5,10,15,1,6,11,16]}","[3,0,0,0,0]",1,no,all residue allocations modulo cyclic rotation
16,2,4,20,5,4,8,all_distinct,FOUND,"{""coeffs"":[1,2,3,4,5,6,7,8],""positions"":[0,5,10,15,1,6,11,16]}","[4,12,0,0,0]",1,no,all residue allocations modulo cyclic rotation
16,2,4,20,5,4,9,ones,FOUND,"{""coeffs"":[1,1,1,1,1,1,1,1,1],""positions"":[0,5,10,15,1,6,11,16,2]}","[0,0,1,0,0]",1,no,all residue allocations modulo cyclic rotation
16,2,4,20,5,4,9,one_changed,FOUND,"{""coeffs"":[2,1,1,1,1,1,1,1,1],""positions"":[0,5,10,15,1,6,11,16,2]}","[3,0,1,0,0]",1,no,all residue allocations modulo cyclic rotation
16,2,4,20,5,4,9,all_distinct,FOUND,"{""coeffs"":[1,2,3,4,5,6,7,8,9],""positions"":[0,5,10,15,1,6,11,16,2]}","[4,12,9,0,0]",1,no,all residue allocations modulo cyclic rotation
16,2,4,20,5,4,10,ones,FOUND,"{""coeffs"":[1,1,1,1,1,1,1,1,1,1],""positions"":[0,5,10,15,1,6,11,16,2,3]}","[0,0,1,1,0]",2,no,all residue allocations modulo cyclic rotation
16,2,4,20,5,4,10,one_changed,FOUND,"{""coeffs"":[2,1,1,1,1,1,1,1,1,1],""positions"":[0,5,10,15,1,6,11,16,2,7]}","[3,0,0,0,0]",1,no,all residue allocations modulo cyclic rotation
16,2,4,20,5,4,10,all_distinct,FOUND,"{""coeffs"":[1,2,3,4,5,6,7,8,9,10],""positions"":[0,5,10,15,1,6,11,16,2,7]}","[4,12,3,0,0]",1,no,all residue allocations modulo cyclic rotation
16,2,4,20,5,4,11,ones,FOUND,"{""coeffs"":[1,1,1,1,1,1,1,1,1,1,1],""positions"":[0,5,10,15,1,6,11,16,2,7,12]}","[0,0,1,0,0]",1,no,all residue allocations modulo cyclic rotation
16,2,4,20,5,4,11,one_changed,FOUND,"{""coeffs"":[2,1,1,1,1,1,1,1,1,1,1],""positions"":[0,5,10,15,1,6,11,16,2,7,12]}","[3,0,1,0,0]",1,no,all residue allocations modulo cyclic rotation
16,2,4,20,5,4,11,all_distinct,FOUND,"{""coeffs"":[1,2,3,4,5,6,7,8,9,10,11],""positions"":[0,5,10,15,1,6,11,16,2,7,12]}","[4,12,8,0,0]",1,no,all residue allocations modulo cyclic rotation
16,2,4,20,5,4,12,ones,FOUND,"{""coeffs"":[1,1,1,1,1,1,1,1,1,1,1,1],""positions"":[0,5,10,15,1,6,11,16,2,7,12,3]}","[0,0,1,1,0]",2,no,all residue allocations modulo cyclic rotation
16,2,4,20,5,4,12,one_changed,FOUND,"{""coeffs"":[2,1,1,1,1,1,1,1,1,1,1,1],""positions"":[0,5,10,15,1,6,11,16,2,7,12,17]}","[3,0,0,0,0]",1,no,all residue allocations modulo cyclic rotation
16,2,4,20,5,4,12,all_distinct,FOUND,"{""coeffs"":[1,2,3,4,5,6,7,8,9,10,11,12],""positions"":[0,5,10,15,1,6,11,16,2,7,12,17]}","[4,12,4,0,0]",1,no,all residue allocations modulo cyclic rotation
16,2,4,20,5,4,13,ones,FOUND,"{""coeffs"":[1,1,1,1,1,1,1,1,1,1,1,1,1],""positions"":[0,5,10,15,1,6,11,16,2,7,12,17,3]}","[0,0,0,1,0]",1,no,all residue allocations modulo cyclic rotation
16,2,4,20,5,4,13,one_changed,FOUND,"{""coeffs"":[2,1,1,1,1,1,1,1,1,1,1,1,1],""positions"":[0,5,10,15,1,6,11,16,2,7,12,17,3]}","[3,0,0,1,0]",1,no,all residue allocations modulo cyclic rotation
16,2,4,20,5,4,13,all_distinct,FOUND,"{""coeffs"":[1,2,3,4,5,6,7,8,9,10,11,12,13],""positions"":[0,5,10,15,1,6,11,16,2,7,12,17,3]}","[4,12,4,13,0]",1,no,all residue allocations modulo cyclic rotation
16,2,4,20,5,4,14,ones,FOUND,"{""coeffs"":[1,1,1,1,1,1,1,1,1,1,1,1,1,1],""positions"":[0,5,10,15,1,6,11,16,2,7,12,17,3,4]}","[0,0,0,1,1]",2,no,all residue allocations modulo cyclic rotation
16,2,4,20,5,4,14,one_changed,FOUND,"{""coeffs"":[2,1,1,1,1,1,1,1,1,1,1,1,1,1],""positions"":[0,5,10,15,1,6,11,16,2,7,12,17,3,8]}","[3,0,0,0,0]",1,no,all residue allocations modulo cyclic rotation
16,2,4,20,5,4,14,all_distinct,FOUND,"{""coeffs"":[1,2,3,4,5,6,7,8,9,10,11,12,13,14],""positions"":[0,5,10,15,1,6,11,16,2,7,12,17,3,8]}","[4,12,4,3,0]",1,no,all residue allocations modulo cyclic rotation
16,2,4,20,5,4,15,ones,FOUND,"{""coeffs"":[1,1,1,1,1,1,1,1,1,1,1,1,1,1,1],""positions"":[0,5,10,15,1,6,11,16,2,7,12,17,3,8,13]}","[0,0,0,1,0]",1,no,all residue allocations modulo cyclic rotation
16,2,4,20,5,4,15,one_changed,FOUND,"{""coeffs"":[2,1,1,1,1,1,1,1,1,1,1,1,1,1,1],""positions"":[0,5,10,15,1,6,11,16,2,7,12,17,3,8,13]}","[3,0,0,1,0]",1,no,all residue allocations modulo cyclic rotation
16,2,4,20,5,4,15,all_distinct,FOUND,"{""coeffs"":[1,2,3,4,5,6,7,8,9,10,11,12,13,14,15],""positions"":[0,5,10,15,1,6,11,16,2,7,12,17,3,8,13]}","[4,12,4,12,0]",1,no,all residue allocations modulo cyclic rotation
16,2,4,20,5,4,16,ones,FOUND,"{""coeffs"":[1,1,1,1,1,1,1,1,1,1,1,1,1,1,1,1],""positions"":[0,5,10,15,1,6,11,16,2,7,12,17,3,8,13,4]}","[0,0,0,1,1]",2,no,all residue allocations modulo cyclic rotation
16,2,4,20,5,4,16,one_changed,FOUND,"{""coeffs"":[2,1,1,1,1,1,1,1,1,1,1,1,1,1,1,1],""positions"":[0,5,10,15,1,6,11,16,2,7,12,17,3,8,13,18]}","[3,0,0,0,0]",1,no,all residue allocations modulo cyclic rotation
16,2,4,20,5,4,17,ones,FOUND,"{""coeffs"":[1,1,1,1,1,1,1,1,1,1,1,1,1,1,1,1,1],""positions"":[0,5,10,15,1,6,11,16,2,7,12,17,3,8,13,18,4]}","[0,0,0,0,1]",1,no,all residue allocations modulo cyclic rotation
16,2,4,20,5,4,17,one_changed,FOUND,"{""coeffs"":[2,1,1,1,1,1,1,1,1,1,1,1,1,1,1,1,1],""positions"":[0,5,10,15,1,6,11,16,2,7,12,17,3,8,13,18,4]}","[3,0,0,0,1]",1,no,all residue allocations modulo cyclic rotation
16,2,4,20,5,4,18,ones,FOUND,"{""coeffs"":[1,1,1,1,1,1,1,1,1,1,1,1,1,1,1,1,1,1],""positions"":[0,5,10,15,1,6,11,16,2,7,12,17,3,8,13,4,9,14]}","[0,0,0,1,1]",2,no,all residue allocations modulo cyclic rotation
16,2,4,20,5,4,18,one_changed,FOUND,"{""coeffs"":[2,1,1,1,1,1,1,1,1,1,1,1,1,1,1,1,1,1],""positions"":[0,5,10,15,1,6,11,16,2,7,12,17,3,8,13,18,4,9]}","[3,0,0,0,0]",1,no,all residue allocations modulo cyclic rotation
16,2,4,20,5,4,19,ones,FOUND,"{""coeffs"":[1,1,1,1,1,1,1,1,1,1,1,1,1,1,1,1,1,1,1],""positions"":[0,5,10,15,1,6,11,16,2,7,12,17,3,8,13,18,4,9,14]}","[0,0,0,0,1]",1,no,all residue allocations modulo cyclic rotation
16,2,4,20,5,4,19,one_changed,FOUND,"{""coeffs"":[2,1,1,1,1,1,1,1,1,1,1,1,1,1,1,1,1,1,1],""positions"":[0,5,10,15,1,6,11,16,2,7,12,17,3,8,13,18,4,9,14]}","[3,0,0,0,1]",1,no,all residue allocations modulo cyclic rotation
16,2,4,20,5,4,20,ones,NONE,,,1,yes,all residue allocations modulo cyclic rotation
16,2,4,20,5,4,20,one_changed,FOUND,"{""coeffs"":[2,1,1,1,1,1,1,1,1,1,1,1,1,1,1,1,1,1,1,1],""positions"":[0,5,10,15,1,6,11,16,2,7,12,17,3,8,13,18,4,9,14,19]}","[3,0,0,0,0]",1,no,all residue allocations modulo cyclic rotation
16,2,4,21,21,1,2,ones,FOUND,"{""coeffs"":[1,1],""positions"":[0,1]}","[1,1,0,0,0,0,0,0,0,0,0,0,0,0,0,0,0,0,0,0,0]",1,no,all residue allocations modulo cyclic rotation
16,2,4,21,21,1,2,one_changed,FOUND,"{""coeffs"":[1,2],""positions"":[0,1]}","[1,2,0,0,0,0,0,0,0,0,0,0,0,0,0,0,0,0,0,0,0]",1,no,all residue allocations modulo cyclic rotation
16,2,4,21,21,1,2,all_distinct,FOUND,"{""coeffs"":[1,2],""positions"":[0,1]}","[1,2,0,0,0,0,0,0,0,0,0,0,0,0,0,0,0,0,0,0,0]",1,no,all residue allocations modulo cyclic rotation
16,2,4,21,21,1,3,ones,FOUND,"{""coeffs"":[1,1,1],""positions"":[0,1,3]}","[1,1,0,1,0,0,0,0,0,0,0,0,0,0,0,0,0,0,0,0,0]",2,no,all residue allocations modulo cyclic rotation
16,2,4,21,21,1,3,one_changed,FOUND,"{""coeffs"":[2,1,1],""positions"":[0,1,2]}","[2,1,1,0,0,0,0,0,0,0,0,0,0,0,0,0,0,0,0,0,0]",1,no,all residue allocations modulo cyclic rotation
16,2,4,21,21,1,3,all_distinct,FOUND,"{""coeffs"":[1,2,3],""positions"":[0,1,2]}","[1,2,3,0,0,0,0,0,0,0,0,0,0,0,0,0,0,0,0,0,0]",1,no,all residue allocations modulo cyclic rotation
16,2,4,21,21,1,4,ones,FOUND,"{""coeffs"":[1,1,1,1],""positions"":[0,1,2,3]}","[1,1,1,1,0,0,0,0,0,0,0,0,0,0,0,0,0,0,0,0,0]",1,no,all residue allocations modulo cyclic rotation
16,2,4,21,21,1,4,one_changed,FOUND,"{""coeffs"":[2,1,1,1],""positions"":[0,1,2,3]}","[2,1,1,1,0,0,0,0,0,0,0,0,0,0,0,0,0,0,0,0,0]",1,no,all residue allocations modulo cyclic rotation
16,2,4,21,21,1,4,all_distinct,FOUND,"{""coeffs"":[1,2,3,4],""positions"":[0,1,2,3]}","[1,2,3,4,0,0,0,0,0,0,0,0,0,0,0,0,0,0,0,0,0]",1,no,all residue allocations modulo cyclic rotation
16,2,4,21,21,1,5,ones,FOUND,"{""coeffs"":[1,1,1,1,1],""positions"":[0,1,2,3,4]}","[1,1,1,1,1,0,0,0,0,0,0,0,0,0,0,0,0,0,0,0,0]",1,no,all residue allocations modulo cyclic rotation
16,2,4,21,21,1,5,one_changed,FOUND,"{""coeffs"":[2,1,1,1,1],""positions"":[0,1,2,3,4]}","[2,1,1,1,1,0,0,0,0,0,0,0,0,0,0,0,0,0,0,0,0]",1,no,all residue allocations modulo cyclic rotation
16,2,4,21,21,1,5,all_distinct,FOUND,"{""coeffs"":[1,2,3,4,5],""positions"":[0,1,2,3,4]}","[1,2,3,4,5,0,0,0,0,0,0,0,0,0,0,0,0,0,0,0,0]",1,no,all residue allocations modulo cyclic rotation
16,2,4,21,21,1,6,ones,FOUND,"{""coeffs"":[1,1,1,1,1,1],""positions"":[0,1,2,3,4,6]}","[1,1,1,1,1,0,1,0,0,0,0,0,0,0,0,0,0,0,0,0,0]",2,no,all residue allocations modulo cyclic rotation
16,2,4,21,21,1,6,one_changed,FOUND,"{""coeffs"":[2,1,1,1,1,1],""positions"":[0,1,2,3,4,5]}","[2,1,1,1,1,1,0,0,0,0,0,0,0,0,0,0,0,0,0,0,0]",1,no,all residue allocations modulo cyclic rotation
16,2,4,21,21,1,6,all_distinct,FOUND,"{""coeffs"":[1,2,3,4,5,6],""positions"":[0,1,2,3,4,5]}","[1,2,3,4,5,6,0,0,0,0,0,0,0,0,0,0,0,0,0,0,0]",1,no,all residue allocations modulo cyclic rotation
16,2,4,21,21,1,7,ones,FOUND,"{""coeffs"":[1,1,1,1,1,1,1],""positions"":[0,1,2,3,4,5,7]}","[1,1,1,1,1,1,0,1,0,0,0,0,0,0,0,0,0,0,0,0,0]",2,no,all residue allocations modulo cyclic rotation
16,2,4,21,21,1,7,one_changed,FOUND,"{""coeffs"":[2,1,1,1,1,1,1],""positions"":[0,1,2,3,4,5,6]}","[2,1,1,1,1,1,1,0,0,0,0,0,0,0,0,0,0,0,0,0,0]",1,no,all residue allocations modulo cyclic rotation
16,2,4,21,21,1,7,all_distinct,FOUND,"{""coeffs"":[1,2,3,4,5,6,7],""positions"":[0,1,2,3,4,5,6]}","[1,2,3,4,5,6,7,0,0,0,0,0,0,0,0,0,0,0,0,0,0]",1,no,all residue allocations modulo cyclic rotation
16,2,4,21,21,1,8,ones,FOUND,"{""coeffs"":[1,1,1,1,1,1,1,1],""positions"":[0,1,2,3,4,5,6,7]}","[1,1,1,1,1,1,1,1,0,0,0,0,0,0,0,0,0,0,0,0,0]",1,no,all residue allocations modulo cyclic rotation
16,2,4,21,21,1,8,one_changed,FOUND,"{""coeffs"":[2,1,1,1,1,1,1,1],""positions"":[0,1,2,3,4,5,6,7]}","[2,1,1,1,1,1,1,1,0,0,0,0,0,0,0,0,0,0,0,0,0]",1,no,all residue allocations modulo cyclic rotation
16,2,4,21,21,1,8,all_distinct,FOUND,"{""coeffs"":[1,2,3,4,5,6,7,8],""positions"":[0,1,2,3,4,5,6,7]}","[1,2,3,4,5,6,7,8,0,0,0,0,0,0,0,0,0,0,0,0,0]",1,no,all residue allocations modulo cyclic rotation
16,2,4,21,21,1,9,ones,FOUND,"{""coeffs"":[1,1,1,1,1,1,1,1,1],""positions"":[0,1,2,3,4,5,6,7,9]}","[1,1,1,1,1,1,1,1,0,1,0,0,0,0,0,0,0,0,0,0,0]",2,no,all residue allocations modulo cyclic rotation
16,2,4,21,21,1,9,one_changed,FOUND,"{""coeffs"":[2,1,1,1,1,1,1,1,1],""positions"":[0,1,2,3,4,5,6,7,8]}","[2,1,1,1,1,1,1,1,1,0,0,0,0,0,0,0,0,0,0,0,0]",1,no,all residue allocations modulo cyclic rotation
16,2,4,21,21,1,9,all_distinct,FOUND,"{""coeffs"":[1,2,3,4,5,6,7,8,9],""positions"":[0,1,2,3,4,5,6,7,8]}","[1,2,3,4,5,6,7,8,9,0,0,0,0,0,0,0,0,0,0,0,0]",1,no,all residue allocations modulo cyclic rotation
16,2,4,21,21,1,10,ones,FOUND,"{""coeffs"":[1,1,1,1,1,1,1,1,1,1],""positions"":[0,1,2,3,4,5,6,7,8,9]}","[1,1,1,1,1,1,1,1,1,1,0,0,0,0,0,0,0,0,0,0,0]",1,no,all residue allocations modulo cyclic rotation
16,2,4,21,21,1,10,one_changed,FOUND,"{""coeffs"":[2,1,1,1,1,1,1,1,1,1],""positions"":[0,1,2,3,4,5,6,7,8,9]}","[2,1,1,1,1,1,1,1,1,1,0,0,0,0,0,0,0,0,0,0,0]",1,no,all residue allocations modulo cyclic rotation
16,2,4,21,21,1,10,all_distinct,FOUND,"{""coeffs"":[1,2,3,4,5,6,7,8,9,10],""positions"":[0,1,2,3,4,5,6,7,8,9]}","[1,2,3,4,5,6,7,8,9,10,0,0,0,0,0,0,0,0,0,0,0]",1,no,all residue allocations modulo cyclic rotation
16,2,4,21,21,1,11,ones,FOUND,"{""coeffs"":[1,1,1,1,1,1,1,1,1,1,1],""positions"":[0,1,2,3,4,5,6,7,8,9,10]}","[1,1,1,1,1,1,1,1,1,1,1,0,0,0,0,0,0,0,0,0,0]",1,no,all residue allocations modulo cyclic rotation
16,2,4,21,21,1,11,one_changed,FOUND,"{""coeffs"":[2,1,1,1,1,1,1,1,1,1,1],""positions"":[0,1,2,3,4,5,6,7,8,9,10]}","[2,1,1,1,1,1,1,1,1,1,1,0,0,0,0,0,0,0,0,0,0]",1,no,all residue allocations modulo cyclic rotation
16,2,4,21,21,1,11,all_distinct,FOUND,"{""coeffs"":[1,2,3,4,5,6,7,8,9,10,11],""positions"":[0,1,2,3,4,5,6,7,8,9,10]}","[1,2,3,4,5,6,7,8,9,10,11,0,0,0,0,0,0,0,0,0,0]",1,no,all residue allocations modulo cyclic rotation
16,2,4,21,21,1,12,ones,FOUND,"{""coeffs"":[1,1,1,1,1,1,1,1,1,1,1,1],""positions"":[0,1,2,3,4,5,6,7,8,9,10,12]}","[1,1,1,1,1,1,1,1,1,1,1,0,1,0,0,0,0,0,0,0,0]",2,no,all residue allocations modulo cyclic rotation
16,2,4,21,21,1,12,one_changed,FOUND,"{""coeffs"":[2,1,1,1,1,1,1,1,1,1,1,1],""positions"":[0,1,2,3,4,5,6,7,8,9,10,11]}","[2,1,1,1,1,1,1,1,1,1,1,1,0,0,0,0,0,0,0,0,0]",1,no,all residue allocations modulo cyclic rotation
16,2,4,21,21,1,12,all_distinct,FOUND,"{""coeffs"":[1,2,3,4,5,6,7,8,9,10,11,12],""positions"":[0,1,2,3,4,5,6,7,8,9,10,11]}","[1,2,3,4,5,6,7,8,9,10,11,12,0,0,0,0,0,0,0,0,0]",1,no,all residue allocations modulo cyclic rotation
16,2,4,21,21,1,13,ones,FOUND,"{""coeffs"":[1,1,1,1,1,1,1,1,1,1,1,1,1],""positions"":[0,1,2,3,4,5,6,7,8,9,10,11,12]}","[1,1,1,1,1,1,1,1,1,1,1,1,1,0,0,0,0,0,0,0,0]",1,no,all residue allocations modulo cyclic rotation
16,2,4,21,21,1,13,one_changed,FOUND,"{""coeffs"":[2,1,1,1,1,1,1,1,1,1,1,1,1],""positions"":[0,1,2,3,4,5,6,7,8,9,10,11,12]}","[2,1,1,1,1,1,1,1,1,1,1,1,1,0,0,0,0,0,0,0,0]",1,no,all residue allocations modulo cyclic rotation
16,2,4,21,21,1,13,all_distinct,FOUND,"{""coeffs"":[1,2,3,4,5,6,7,8,9,10,11,12,13],""positions"":[0,1,2,3,4,5,6,7,8,9,10,11,12]}","[1,2,3,4,5,6,7,8,9,10,11,12,13,0,0,0,0,0,0,0,0]",1,no,all residue allocations modulo cyclic rotation
16,2,4,21,21,1,14,ones,FOUND,"{""coeffs"":[1,1,1,1,1,1,1,1,1,1,1,1,1,1],""positions"":[0,1,2,3,4,5,6,7,8,9,10,11,12,14]}","[1,1,1,1,1,1,1,1,1,1,1,1,1,0,1,0,0,0,0,0,0]",2,no,all residue allocations modulo cyclic rotation
16,2,4,21,21,1,14,one_changed,FOUND,"{""coeffs"":[2,1,1,1,1,1,1,1,1,1,1,1,1,1],""positions"":[0,1,2,3,4,5,6,7,8,9,10,11,12,13]}","[2,1,1,1,1,1,1,1,1,1,1,1,1,1,0,0,0,0,0,0,0]",1,no,all residue allocations modulo cyclic rotation
16,2,4,21,21,1,14,all_distinct,FOUND,"{""coeffs"":[1,2,3,4,5,6,7,8,9,10,11,12,13,14],""positions"":[0,1,2,3,4,5,6,7,8,9,10,11,12,13]}","[1,2,3,4,5,6,7,8,9,10,11,12,13,14,0,0,0,0,0,0,0]",1,no,all residue allocations modulo cyclic rotation
16,2,4,21,21,1,15,ones,FOUND,"{""coeffs"":[1,1,1,1,1,1,1,1,1,1,1,1,1,1,1],""positions"":[0,1,2,3,4,5,6,7,8,9,10,11,12,13,15]}","[1,1,1,1,1,1,1,1,1,1,1,1,1,1,0,1,0,0,0,0,0]",2,no,all residue allocations modulo cyclic rotation
16,2,4,21,21,1,15,one_changed,FOUND,"{""coeffs"":[2,1,1,1,1,1,1,1,1,1,1,1,1,1,1],""positions"":[0,1,2,3,4,5,6,7,8,9,10,11,12,13,14]}","[2,1,1,1,1,1,1,1,1,1,1,1,1,1,1,0,0,0,0,0,0]",1,no,all residue allocations modulo cyclic rotation
16,2,4,21,21,1,15,all_distinct,FOUND,"{""coeffs"":[1,2,3,4,5,6,7,8,9,10,11,12,13,14,15],""positions"":[0,1,2,3,4,5,6,7,8,9,10,11,12,13,14]}","[1,2,3,4,5,6,7,8,9,10,11,12,13,14,15,0,0,0,0,0,0]",1,no,all residue allocations modulo cyclic rotation
16,2,4,21,21,1,16,ones,FOUND,"{""coeffs"":[1,1,1,1,1,1,1,1,1,1,1,1,1,1,1,1],""positions"":[0,1,2,3,4,5,6,7,8,9,10,11,12,13,14,15]}","[1,1,1,1,1,1,1,1,1,1,1,1,1,1,1,1,0,0,0,0,0]",1,no,all residue allocations modulo cyclic rotation
16,2,4,21,21,1,16,one_changed,FOUND,"{""coeffs"":[2,1,1,1,1,1,1,1,1,1,1,1,1,1,1,1],""positions"":[0,1,2,3,4,5,6,7,8,9,10,11,12,13,14,15]}","[2,1,1,1,1,1,1,1,1,1,1,1,1,1,1,1,0,0,0,0,0]",1,no,all residue allocations modulo cyclic rotation
16,2,4,21,21,1,17,ones,FOUND,"{""coeffs"":[1,1,1,1,1,1,1,1,1,1,1,1,1,1,1,1,1],""positions"":[0,1,2,3,4,5,6,7,8,9,10,11,12,13,14,15,16]}","[1,1,1,1,1,1,1,1,1,1,1,1,1,1,1,1,1,0,0,0,0]",1,no,all residue allocations modulo cyclic rotation
16,2,4,21,21,1,17,one_changed,FOUND,"{""coeffs"":[2,1,1,1,1,1,1,1,1,1,1,1,1,1,1,1,1],""positions"":[0,1,2,3,4,5,6,7,8,9,10,11,12,13,14,15,16]}","[2,1,1,1,1,1,1,1,1,1,1,1,1,1,1,1,1,0,0,0,0]",1,no,all residue allocations modulo cyclic rotation
16,2,4,21,21,1,18,ones,FOUND,"{""coeffs"":[1,1,1,1,1,1,1,1,1,1,1,1,1,1,1,1,1,1],""positions"":[0,1,2,3,4,5,6,7,8,9,10,11,12,13,14,15,16,18]}","[1,1,1,1,1,1,1,1,1,1,1,1,1,1,1,1,1,0,1,0,0]",2,no,all residue allocations modulo cyclic rotation
16,2,4,21,21,1,18,one_changed,FOUND,"{""coeffs"":[2,1,1,1,1,1,1,1,1,1,1,1,1,1,1,1,1,1],""positions"":[0,1,2,3,4,5,6,7,8,9,10,11,12,13,14,15,16,17]}","[2,1,1,1,1,1,1,1,1,1,1,1,1,1,1,1,1,1,0,0,0]",1,no,all residue allocations modulo cyclic rotation
16,2,4,21,21,1,19,ones,FOUND,"{""coeffs"":[1,1,1,1,1,1,1,1,1,1,1,1,1,1,1,1,1,1,1],""positions"":[0,1,2,3,4,5,6,7,8,9,10,11,12,13,14,15,16,17,18]}","[1,1,1,1,1,1,1,1,1,1,1,1,1,1,1,1,1,1,1,0,0]",1,no,all residue allocations modulo cyclic rotation
16,2,4,21,21,1,19,one_changed,FOUND,"{""coeffs"":[2,1,1,1,1,1,1,1,1,1,1,1,1,1,1,1,1,1,1],""positions"":[0,1,2,3,4,5,6,7,8,9,10,11,12,13,14,15,16,17,18]}","[2,1,1,1,1,1,1,1,1,1,1,1,1,1,1,1,1,1,1,0,0]",1,no,all residue allocations modulo cyclic rotation
16,2,4,21,21,1,20,ones,FOUND,"{""coeffs"":[1,1,1,1,1,1,1,1,1,1,1,1,1,1,1,1,1,1,1,1],""positions"":[0,1,2,3,4,5,6,7,8,9,10,11,12,13,14,15,16,17,18,19]}","[1,1,1,1,1,1,1,1,1,1,1,1,1,1,1,1,1,1,1,1,0]",1,no,all residue allocations modulo cyclic rotation
16,2,4,21,21,1,20,one_changed,FOUND,"{""coeffs"":[2,1,1,1,1,1,1,1,1,1,1,1,1,1,1,1,1,1,1,1],""positions"":[0,1,2,3,4,5,6,7,8,9,10,11,12,13,14,15,16,17,18,19]}","[2,1,1,1,1,1,1,1,1,1,1,1,1,1,1,1,1,1,1,1,0]",1,no,all residue allocations modulo cyclic rotation
16,2,4,21,21,1,21,ones,NONE,,,1,yes,all residue allocations modulo cyclic rotation
16,2,4,21,21,1,21,one_changed,FOUND,"{""coeffs"":[2,1,1,1,1,1,1,1,1,1,1,1,1,1,1,1,1,1,1,1,1],""positions"":[0,1,2,3,4,5,6,7,8,9,10,11,12,13,14,15,16,17,18,19,20]}","[2,1,1,1,1,1,1,1,1,1,1,1,1,1,1,1,1,1,1,1,1]",1,no,all residue allocations modulo cyclic rotation
16,2,4,22,11,2,2,ones,FOUND,"{""coeffs"":[1,1],""positions"":[0,1]}","[1,1,0,0,0,0,0,0,0,0,0]",2,no,all residue allocations modulo cyclic rotation
16,2,4,22,11,2,2,one_changed,FOUND,"{""coeffs"":[1,2],""positions"":[0,11]}","[3,0,0,0,0,0,0,0,0,0,0]",1,no,all residue allocations modulo cyclic rotation
16,2,4,22,11,2,2,all_distinct,FOUND,"{""coeffs"":[1,2],""positions"":[0,11]}","[3,0,0,0,0,0,0,0,0,0,0]",1,no,all residue allocations modulo cyclic rotation
16,2,4,22,11,2,3,ones,FOUND,"{""coeffs"":[1,1,1],""positions"":[0,11,1]}","[0,1,0,0,0,0,0,0,0,0,0]",1,no,all residue allocations modulo cyclic rotation
16,2,4,22,11,2,3,one_changed,FOUND,"{""coeffs"":[2,1,1],""positions"":[0,11,1]}","[3,1,0,0,0,0,0,0,0,0,0]",1,no,all residue allocations modulo cyclic rotation
16,2,4,22,11,2,3,all_distinct,FOUND,"{""coeffs"":[1,2,3],""positions"":[0,11,1]}","[3,3,0,0,0,0,0,0,0,0,0]",1,no,all residue allocations modulo cyclic rotation
16,2,4,22,11,2,4,ones,FOUND,"{""coeffs"":[1,1,1,1],""positions"":[0,11,1,2]}","[0,1,1,0,0,0,0,0,0,0,0]",2,no,all residue allocations modulo cyclic rotation
16,2,4,22,11,2,4,one_changed,FOUND,"{""coeffs"":[2,1,1,1],""positions"":[0,11,1,12]}","[3,0,0,0,0,0,0,0,0,0,0]",1,no,all residue allocations modulo cyclic rotation
16,2,4,22,11,2,4,all_distinct,FOUND,"{""coeffs"":[1,2,3,4],""positions"":[0,11,1,12]}","[3,7,0,0,0,0,0,0,0,0,0]",1,no,all residue allocations modulo cyclic rotation
16,2,4,22,11,2,5,ones,FOUND,"{""coeffs"":[1,1,1,1,1],""positions"":[0,11,1,12,2]}","[0,0,1,0,0,0,0,0,0,0,0]",1,no,all residue allocations modulo cyclic rotation
16,2,4,22,11,2,5,one_changed,FOUND,"{""coeffs"":[2,1,1,1,1],""positions"":[0,11,1,12,2]}","[3,0,1,0,0,0,0,0,0,0,0]",1,no,all residue allocations modulo cyclic rotation
16,2,4,22,11,2,5,all_distinct,FOUND,"{""coeffs"":[1,2,3,4,5],""positions"":[0,11,1,12,2]}","[3,7,5,0,0,0,0,0,0,0,0]",1,no,all residue allocations modulo cyclic rotation
16,2,4,22,11,2,6,ones,FOUND,"{""coeffs"":[1,1,1,1,1,1],""positions"":[0,11,1,12,2,3]}","[0,0,1,1,0,0,0,0,0,0,0]",2,no,all residue allocations modulo cyclic rotation
16,2,4,22,11,2,6,one_changed,FOUND,"{""coeffs"":[2,1,1,1,1,1],""positions"":[0,11,1,12,2,13]}","[3,0,0,0,0,0,0,0,0,0,0]",1,no,all residue allocations modulo cyclic rotation
16,2,4,22,11,2,6,all_distinct,FOUND,"{""coeffs"":[1,2,3,4,5,6],""positions"":[0,11,1,12,2,13]}","[3,7,3,0,0,0,0,0,0,0,0]",1,no,all residue allocations modulo cyclic rotation
16,2,4,22,11,2,7,ones,FOUND,"{""coeffs"":[1,1,1,1,1,1,1],""positions"":[0,11,1,12,2,13,3]}","[0,0,0,1,0,0,0,0,0,0,0]",1,no,all residue allocations modulo cyclic rotation
16,2,4,22,11,2,7,one_changed,FOUND,"{""coeffs"":[2,1,1,1,1,1,1],""positions"":[0,11,1,12,2,13,3]}","[3,0,0,1,0,0,0,0,0,0,0]",1,no,all residue allocations modulo cyclic rotation
16,2,4,22,11,2,7,all_distinct,FOUND,"{""coeffs"":[1,2,3,4,5,6,7],""positions"":[0,11,1,12,2,13,3]}","[3,7,3,7,0,0,0,0,0,0,0]",1,no,all residue allocations modulo cyclic rotation
16,2,4,22,11,2,8,ones,FOUND,"{""coeffs"":[1,1,1,1,1,1,1,1],""positions"":[0,11,1,12,2,13,3,4]}","[0,0,0,1,1,0,0,0,0,0,0]",2,no,all residue allocations modulo cyclic rotation
16,2,4,22,11,2,8,one_changed,FOUND,"{""coeffs"":[2,1,1,1,1,1,1,1],""positions"":[0,11,1,12,2,13,3,14]}","[3,0,0,0,0,0,0,0,0,0,0]",1,no,all residue allocations modulo cyclic rotation
16,2,4,22,11,2,8,all_distinct,FOUND,"{""coeffs"":[1,2,3,4,5,6,7,8],""positions"":[0,11,1,12,2,13,3,14]}","[3,7,3,15,0,0,0,0,0,0,0]",1,no,all residue allocations modulo cyclic rotation
16,2,4,22,11,2,9,ones,FOUND,"{""coeffs"":[1,1,1,1,1,1,1,1,1],""positions"":[0,11,1,12,2,13,3,14,4]}","[0,0,0,0,1,0,0,0,0,0,0]",1,no,all residue allocations modulo cyclic rotation
16,2,4,22,11,2,9,one_changed,FOUND,"{""coeffs"":[2,1,1,1,1,1,1,1,1],""positions"":[0,11,1,12,2,13,3,14,4]}","[3,0,0,0,1,0,0,0,0,0,0]",1,no,all residue allocations modulo cyclic rotation
16,2,4,22,11,2,9,all_distinct,FOUND,"{""coeffs"":[1,2,3,4,5,6,7,8,9],""positions"":[0,11,1,12,2,13,3,14,4]}","[3,7,3,15,9,0,0,0,0,0,0]",1,no,all residue allocations modulo cyclic rotation
16,2,4,22,11,2,10,ones,FOUND,"{""coeffs"":[1,1,1,1,1,1,1,1,1,1],""positions"":[0,11,1,12,2,13,3,14,4,5]}","[0,0,0,0,1,1,0,0,0,0,0]",2,no,all residue allocations modulo cyclic rotation
16,2,4,22,11,2,10,one_changed,FOUND,"{""coeffs"":[2,1,1,1,1,1,1,1,1,1],""positions"":[0,11,1,12,2,13,3,14,4,15]}","[3,0,0,0,0,0,0,0,0,0,0]",1,no,all residue allocations modulo cyclic rotation
16,2,4,22,11,2,10,all_distinct,FOUND,"{""coeffs"":[1,2,3,4,5,6,7,8,9,10],""positions"":[0,11,1,12,2,13,3,14,4,15]}","[3,7,3,15,3,0,0,0,0,0,0]",1,no,all residue allocations modulo cyclic rotation
16,2,4,22,11,2,11,ones,FOUND,"{""coeffs"":[1,1,1,1,1,1,1,1,1,1,1],""positions"":[0,11,1,12,2,13,3,14,4,15,5]}","[0,0,0,0,0,1,0,0,0,0,0]",1,no,all residue allocations modulo cyclic rotation
16,2,4,22,11,2,11,one_changed,FOUND,"{""coeffs"":[2,1,1,1,1,1,1,1,1,1,1],""positions"":[0,11,1,12,2,13,3,14,4,15,5]}","[3,0,0,0,0,1,0,0,0,0,0]",1,no,all residue allocations modulo cyclic rotation
16,2,4,22,11,2,11,all_distinct,FOUND,"{""coeffs"":[1,2,3,4,5,6,7,8,9,10,11],""positions"":[0,11,1,12,2,13,3,14,4,15,5]}","[3,7,3,15,3,11,0,0,0,0,0]",1,no,all residue allocations modulo cyclic rotation
16,2,4,22,11,2,12,ones,FOUND,"{""coeffs"":[1,1,1,1,1,1,1,1,1,1,1,1],""positions"":[0,11,1,12,2,13,3,14,4,15,5,6]}","[0,0,0,0,0,1,1,0,0,0,0]",2,no,all residue allocations modulo cyclic rotation
16,2,4,22,11,2,12,one_changed,FOUND,"{""coeffs"":[2,1,1,1,1,1,1,1,1,1,1,1],""positions"":[0,11,1,12,2,13,3,14,4,15,5,16]}","[3,0,0,0,0,0,0,0,0,0,0]",1,no,all residue allocations modulo cyclic rotation
16,2,4,22,11,2,12,all_distinct,FOUND,"{""coeffs"":[1,2,3,4,5,6,7,8,9,10,11,12],""positions"":[0,11,1,12,2,13,3,14,4,15,5,16]}","[3,7,3,15,3,7,0,0,0,0,0]",1,no,all residue allocations modulo cyclic rotation
16,2,4,22,11,2,13,ones,FOUND,"{""coeffs"":[1,1,1,1,1,1,1,1,1,1,1,1,1],""positions"":[0,11,1,12,2,13,3,14,4,15,5,16,6]}","[0,0,0,0,0,0,1,0,0,0,0]",1,no,all residue allocations modulo cyclic rotation
16,2,4,22,11,2,13,one_changed,FOUND,"{""coeffs"":[2,1,1,1,1,1,1,1,1,1,1,1,1],""positions"":[0,11,1,12,2,13,3,14,4,15,5,16,6]}","[3,0,0,0,0,0,1,0,0,0,0]",1,no,all residue allocations modulo cyclic rotation
16,2,4,22,11,2,13,all_distinct,FOUND,"{""coeffs"":[1,2,3,4,5,6,7,8,9,10,11,12,13],""positions"":[0,11,1,12,2,13,3,14,4,15,5,16,6]}","[3,7,3,15,3,7,13,0,0,0,0]",1,no,all residue allocations modulo cyclic rotation
16,2,4,22,11,2,14,ones,FOUND,"{""coeffs"":[1,1,1,1,1,1,1,1,1,1,1,1,1,1],""positions"":[0,11,1,12,2,13,3,14,4,15,5,16,6,7]}","[0,0,0,0,0,0,1,1,0,0,0]",2,no,all residue allocations modulo cyclic rotation
16,2,4,22,11,2,14,one_changed,FOUND,"{""coeffs"":[2,1,1,1,1,1,1,1,1,1,1,1,1,1],""positions"":[0,11,1,12,2,13,3,14,4,15,5,16,6,17]}","[3,0,0,0,0,0,0,0,0,0,0]",1,no,all residue allocations modulo cyclic rotation
16,2,4,22,11,2,14,all_distinct,FOUND,"{""coeffs"":[1,2,3,4,5,6,7,8,9,10,11,12,13,14],""positions"":[0,11,1,12,2,13,3,14,4,15,5,16,6,17]}","[3,7,3,15,3,7,3,0,0,0,0]",1,no,all residue allocations modulo cyclic rotation
16,2,4,22,11,2,15,ones,FOUND,"{""coeffs"":[1,1,1,1,1,1,1,1,1,1,1,1,1,1,1],""positions"":[0,11,1,12,2,13,3,14,4,15,5,16,6,17,7]}","[0,0,0,0,0,0,0,1,0,0,0]",1,no,all residue allocations modulo cyclic rotation
16,2,4,22,11,2,15,one_changed,FOUND,"{""coeffs"":[2,1,1,1,1,1,1,1,1,1,1,1,1,1,1],""positions"":[0,11,1,12,2,13,3,14,4,15,5,16,6,17,7]}","[3,0,0,0,0,0,0,1,0,0,0]",1,no,all residue allocations modulo cyclic rotation
16,2,4,22,11,2,15,all_distinct,FOUND,"{""coeffs"":[1,2,3,4,5,6,7,8,9,10,11,12,13,14,15],""positions"":[0,11,1,12,2,13,3,14,4,15,5,16,6,17,7]}","[3,7,3,15,3,7,3,15,0,0,0]",1,no,all residue allocations modulo cyclic rotation
16,2,4,22,11,2,16,ones,FOUND,"{""coeffs"":[1,1,1,1,1,1,1,1,1,1,1,1,1,1,1,1],""positions"":[0,11,1,12,2,13,3,14,4,15,5,16,6,17,7,8]}","[0,0,0,0,0,0,0,1,1,0,0]",2,no,all residue allocations modulo cyclic rotation
16,2,4,22,11,2,16,one_changed,FOUND,"{""coeffs"":[2,1,1,1,1,1,1,1,1,1,1,1,1,1,1,1],""positions"":[0,11,1,12,2,13,3,14,4,15,5,16,6,17,7,18]}","[3,0,0,0,0,0,0,0,0,0,0]",1,no,all residue allocations modulo cyclic rotation
16,2,4,22,11,2,17,ones,FOUND,"{""coeffs"":[1,1,1,1,1,1,1,1,1,1,1,1,1,1,1,1,1],""positions"":[0,11,1,12,2,13,3,14,4,15,5,16,6,17,7,18,8]}","[0,0,0,0,0,0,0,0,1,0,0]",1,no,all residue allocations modulo cyclic rotation
16,2,4,22,11,2,17,one_changed,FOUND,"{""coeffs"":[2,1,1,1,1,1,1,1,1,1,1,1,1,1,1,1,1],""positions"":[0,11,1,12,2,13,3,14,4,15,5,16,6,17,7,18,8]}","[3,0,0,0,0,0,0,0,1,0,0]",1,no,all residue allocations modulo cyclic rotation
16,2,4,22,11,2,18,ones,FOUND,"{""coeffs"":[1,1,1,1,1,1,1,1,1,1,1,1,1,1,1,1,1,1],""positions"":[0,11,1,12,2,13,3,14,4,15,5,16,6,17,7,18,8,9]}","[0,0,0,0,0,0,0,0,1,1,0]",2,no,all residue allocations modulo cyclic rotation
16,2,4,22,11,2,18,one_changed,FOUND,"{""coeffs"":[2,1,1,1,1,1,1,1,1,1,1,1,1,1,1,1,1,1],""positions"":[0,11,1,12,2,13,3,14,4,15,5,16,6,17,7,18,8,19]}","[3,0,0,0,0,0,0,0,0,0,0]",1,no,all residue allocations modulo cyclic rotation
16,2,4,22,11,2,19,ones,FOUND,"{""coeffs"":[1,1,1,1,1,1,1,1,1,1,1,1,1,1,1,1,1,1,1],""positions"":[0,11,1,12,2,13,3,14,4,15,5,16,6,17,7,18,8,19,9]}","[0,0,0,0,0,0,0,0,0,1,0]",1,no,all residue allocations modulo cyclic rotation
16,2,4,22,11,2,19,one_changed,FOUND,"{""coeffs"":[2,1,1,1,1,1,1,1,1,1,1,1,1,1,1,1,1,1,1],""positions"":[0,11,1,12,2,13,3,14,4,15,5,16,6,17,7,18,8,19,9]}","[3,0,0,0,0,0,0,0,0,1,0]",1,no,all residue allocations modulo cyclic rotation
16,2,4,22,11,2,20,ones,FOUND,"{""coeffs"":[1,1,1,1,1,1,1,1,1,1,1,1,1,1,1,1,1,1,1,1],""positions"":[0,11,1,12,2,13,3,14,4,15,5,16,6,17,7,18,8,19,9,10]}","[0,0,0,0,0,0,0,0,0,1,1]",2,no,all residue allocations modulo cyclic rotation
16,2,4,22,11,2,20,one_changed,FOUND,"{""coeffs"":[2,1,1,1,1,1,1,1,1,1,1,1,1,1,1,1,1,1,1,1],""positions"":[0,11,1,12,2,13,3,14,4,15,5,16,6,17,7,18,8,19,9,20]}","[3,0,0,0,0,0,0,0,0,0,0]",1,no,all residue allocations modulo cyclic rotation
16,2,4,22,11,2,21,ones,FOUND,"{""coeffs"":[1,1,1,1,1,1,1,1,1,1,1,1,1,1,1,1,1,1,1,1,1],""positions"":[0,11,1,12,2,13,3,14,4,15,5,16,6,17,7,18,8,19,9,20,10]}","[0,0,0,0,0,0,0,0,0,0,1]",1,no,all residue allocations modulo cyclic rotation
16,2,4,22,11,2,21,one_changed,FOUND,"{""coeffs"":[2,1,1,1,1,1,1,1,1,1,1,1,1,1,1,1,1,1,1,1,1],""positions"":[0,11,1,12,2,13,3,14,4,15,5,16,6,17,7,18,8,19,9,20,10]}","[3,0,0,0,0,0,0,0,0,0,1]",1,no,all residue allocations modulo cyclic rotation
16,2,4,22,11,2,22,ones,NONE,,,1,yes,all residue allocations modulo cyclic rotation
16,2,4,22,11,2,22,one_changed,FOUND,"{""coeffs"":[2,1,1,1,1,1,1,1,1,1,1,1,1,1,1,1,1,1,1,1,1,1],""positions"":[0,11,1,12,2,13,3,14,4,15,5,16,6,17,7,18,8,19,9,20,10,21]}","[3,0,0,0,0,0,0,0,0,0,0]",1,no,all residue allocations modulo cyclic rotation
16,2,4,23,23,1,2,ones,FOUND,"{""coeffs"":[1,1],""positions"":[0,1]}","[1,1,0,0,0,0,0,0,0,0,0,0,0,0,0,0,0,0,0,0,0,0,0]",1,no,all residue allocations modulo cyclic rotation
16,2,4,23,23,1,2,one_changed,FOUND,"{""coeffs"":[1,2],""positions"":[0,1]}","[1,2,0,0,0,0,0,0,0,0,0,0,0,0,0,0,0,0,0,0,0,0,0]",1,no,all residue allocations modulo cyclic rotation
16,2,4,23,23,1,2,all_distinct,FOUND,"{""coeffs"":[1,2],""positions"":[0,1]}","[1,2,0,0,0,0,0,0,0,0,0,0,0,0,0,0,0,0,0,0,0,0,0]",1,no,all residue allocations modulo cyclic rotation
16,2,4,23,23,1,3,ones,FOUND,"{""coeffs"":[1,1,1],""positions"":[0,1,2]}","[1,1,1,0,0,0,0,0,0,0,0,0,0,0,0,0,0,0,0,0,0,0,0]",1,no,all residue allocations modulo cyclic rotation
16,2,4,23,23,1,3,one_changed,FOUND,"{""coeffs"":[2,1,1],""positions"":[0,1,2]}","[2,1,1,0,0,0,0,0,0,0,0,0,0,0,0,0,0,0,0,0,0,0,0]",1,no,all residue allocations modulo cyclic rotation
16,2,4,23,23,1,3,all_distinct,FOUND,"{""coeffs"":[1,2,3],""positions"":[0,1,2]}","[1,2,3,0,0,0,0,0,0,0,0,0,0,0,0,0,0,0,0,0,0,0,0]",1,no,all residue allocations modulo cyclic rotation
16,2,4,23,23,1,4,ones,FOUND,"{""coeffs"":[1,1,1,1],""positions"":[0,1,2,3]}","[1,1,1,1,0,0,0,0,0,0,0,0,0,0,0,0,0,0,0,0,0,0,0]",1,no,all residue allocations modulo cyclic rotation
16,2,4,23,23,1,4,one_changed,FOUND,"{""coeffs"":[2,1,1,1],""positions"":[0,1,2,3]}","[2,1,1,1,0,0,0,0,0,0,0,0,0,0,0,0,0,0,0,0,0,0,0]",1,no,all residue allocations modulo cyclic rotation
16,2,4,23,23,1,4,all_distinct,FOUND,"{""coeffs"":[1,2,3,4],""positions"":[0,1,2,3]}","[1,2,3,4,0,0,0,0,0,0,0,0,0,0,0,0,0,0,0,0,0,0,0]",1,no,all residue allocations modulo cyclic rotation
16,2,4,23,23,1,5,ones,FOUND,"{""coeffs"":[1,1,1,1,1],""positions"":[0,1,2,3,4]}","[1,1,1,1,1,0,0,0,0,0,0,0,0,0,0,0,0,0,0,0,0,0,0]",1,no,all residue allocations modulo cyclic rotation
16,2,4,23,23,1,5,one_changed,FOUND,"{""coeffs"":[2,1,1,1,1],""positions"":[0,1,2,3,4]}","[2,1,1,1,1,0,0,0,0,0,0,0,0,0,0,0,0,0,0,0,0,0,0]",1,no,all residue allocations modulo cyclic rotation
16,2,4,23,23,1,5,all_distinct,FOUND,"{""coeffs"":[1,2,3,4,5],""positions"":[0,1,2,3,4]}","[1,2,3,4,5,0,0,0,0,0,0,0,0,0,0,0,0,0,0,0,0,0,0]",1,no,all residue allocations modulo cyclic rotation
16,2,4,23,23,1,6,ones,FOUND,"{""coeffs"":[1,1,1,1,1,1],""positions"":[0,1,2,3,4,5]}","[1,1,1,1,1,1,0,0,0,0,0,0,0,0,0,0,0,0,0,0,0,0,0]",1,no,all residue allocations modulo cyclic rotation
16,2,4,23,23,1,6,one_changed,FOUND,"{""coeffs"":[2,1,1,1,1,1],""positions"":[0,1,2,3,4,5]}","[2,1,1,1,1,1,0,0,0,0,0,0,0,0,0,0,0,0,0,0,0,0,0]",1,no,all residue allocations modulo cyclic rotation
16,2,4,23,23,1,6,all_distinct,FOUND,"{""coeffs"":[1,2,3,4,5,6],""positions"":[0,1,2,3,4,5]}","[1,2,3,4,5,6,0,0,0,0,0,0,0,0,0,0,0,0,0,0,0,0,0]",1,no,all residue allocations modulo cyclic rotation
16,2,4,23,23,1,7,ones,FOUND,"{""coeffs"":[1,1,1,1,1,1,1],""positions"":[0,1,2,3,4,5,6]}","[1,1,1,1,1,1,1,0,0,0,0,0,0,0,0,0,0,0,0,0,0,0,0]",1,no,all residue allocations modulo cyclic rotation
16,2,4,23,23,1,7,one_changed,FOUND,"{""coeffs"":[2,1,1,1,1,1,1],""positions"":[0,1,2,3,4,5,6]}","[2,1,1,1,1,1,1,0,0,0,0,0,0,0,0,0,0,0,0,0,0,0,0]",1,no,all residue allocations modulo cyclic rotation
16,2,4,23,23,1,7,all_distinct,FOUND,"{""coeffs"":[1,2,3,4,5,6,7],""positions"":[0,1,2,3,4,5,6]}","[1,2,3,4,5,6,7,0,0,0,0,0,0,0,0,0,0,0,0,0,0,0,0]",1,no,all residue allocations modulo cyclic rotation
16,2,4,23,23,1,8,ones,FOUND,"{""coeffs"":[1,1,1,1,1,1,1,1],""positions"":[0,1,2,3,4,5,6,7]}","[1,1,1,1,1,1,1,1,0,0,0,0,0,0,0,0,0,0,0,0,0,0,0]",1,no,all residue allocations modulo cyclic rotation
16,2,4,23,23,1,8,one_changed,FOUND,"{""coeffs"":[2,1,1,1,1,1,1,1],""positions"":[0,1,2,3,4,5,6,7]}","[2,1,1,1,1,1,1,1,0,0,0,0,0,0,0,0,0,0,0,0,0,0,0]",1,no,all residue allocations modulo cyclic rotation
16,2,4,23,23,1,8,all_distinct,FOUND,"{""coeffs"":[1,2,3,4,5,6,7,8],""positions"":[0,1,2,3,4,5,6,7]}","[1,2,3,4,5,6,7,8,0,0,0,0,0,0,0,0,0,0,0,0,0,0,0]",1,no,all residue allocations modulo cyclic rotation
16,2,4,23,23,1,9,ones,FOUND,"{""coeffs"":[1,1,1,1,1,1,1,1,1],""positions"":[0,1,2,3,4,5,6,7,8]}","[1,1,1,1,1,1,1,1,1,0,0,0,0,0,0,0,0,0,0,0,0,0,0]",1,no,all residue allocations modulo cyclic rotation
16,2,4,23,23,1,9,one_changed,FOUND,"{""coeffs"":[2,1,1,1,1,1,1,1,1],""positions"":[0,1,2,3,4,5,6,7,8]}","[2,1,1,1,1,1,1,1,1,0,0,0,0,0,0,0,0,0,0,0,0,0,0]",1,no,all residue allocations modulo cyclic rotation
16,2,4,23,23,1,9,all_distinct,FOUND,"{""coeffs"":[1,2,3,4,5,6,7,8,9],""positions"":[0,1,2,3,4,5,6,7,8]}","[1,2,3,4,5,6,7,8,9,0,0,0,0,0,0,0,0,0,0,0,0,0,0]",1,no,all residue allocations modulo cyclic rotation
16,2,4,23,23,1,10,ones,FOUND,"{""coeffs"":[1,1,1,1,1,1,1,1,1,1],""positions"":[0,1,2,3,4,5,6,7,8,9]}","[1,1,1,1,1,1,1,1,1,1,0,0,0,0,0,0,0,0,0,0,0,0,0]",1,no,all residue allocations modulo cyclic rotation
16,2,4,23,23,1,10,one_changed,FOUND,"{""coeffs"":[2,1,1,1,1,1,1,1,1,1],""positions"":[0,1,2,3,4,5,6,7,8,9]}","[2,1,1,1,1,1,1,1,1,1,0,0,0,0,0,0,0,0,0,0,0,0,0]",1,no,all residue allocations modulo cyclic rotation
16,2,4,23,23,1,10,all_distinct,FOUND,"{""coeffs"":[1,2,3,4,5,6,7,8,9,10],""positions"":[0,1,2,3,4,5,6,7,8,9]}","[1,2,3,4,5,6,7,8,9,10,0,0,0,0,0,0,0,0,0,0,0,0,0]",1,no,all residue allocations modulo cyclic rotation
16,2,4,23,23,1,11,ones,FOUND,"{""coeffs"":[1,1,1,1,1,1,1,1,1,1,1],""positions"":[0,1,2,3,4,5,6,7,8,9,10]}","[1,1,1,1,1,1,1,1,1,1,1,0,0,0,0,0,0,0,0,0,0,0,0]",1,no,all residue allocations modulo cyclic rotation
16,2,4,23,23,1,11,one_changed,FOUND,"{""coeffs"":[2,1,1,1,1,1,1,1,1,1,1],""positions"":[0,1,2,3,4,5,6,7,8,9,10]}","[2,1,1,1,1,1,1,1,1,1,1,0,0,0,0,0,0,0,0,0,0,0,0]",1,no,all residue allocations modulo cyclic rotation
16,2,4,23,23,1,11,all_distinct,FOUND,"{""coeffs"":[1,2,3,4,5,6,7,8,9,10,11],""positions"":[0,1,2,3,4,5,6,7,8,9,10]}","[1,2,3,4,5,6,7,8,9,10,11,0,0,0,0,0,0,0,0,0,0,0,0]",1,no,all residue allocations modulo cyclic rotation
16,2,4,23,23,1,12,ones,FOUND,"{""coeffs"":[1,1,1,1,1,1,1,1,1,1,1,1],""positions"":[0,1,2,3,4,5,6,7,8,9,10,11]}","[1,1,1,1,1,1,1,1,1,1,1,1,0,0,0,0,0,0,0,0,0,0,0]",1,no,all residue allocations modulo cyclic rotation
16,2,4,23,23,1,12,one_changed,FOUND,"{""coeffs"":[2,1,1,1,1,1,1,1,1,1,1,1],""positions"":[0,1,2,3,4,5,6,7,8,9,10,11]}","[2,1,1,1,1,1,1,1,1,1,1,1,0,0,0,0,0,0,0,0,0,0,0]",1,no,all residue allocations modulo cyclic rotation
16,2,4,23,23,1,12,all_distinct,FOUND,"{""coeffs"":[1,2,3,4,5,6,7,8,9,10,11,12],""positions"":[0,1,2,3,4,5,6,7,8,9,10,11]}","[1,2,3,4,5,6,7,8,9,10,11,12,0,0,0,0,0,0,0,0,0,0,0]",1,no,all residue allocations modulo cyclic rotation
16,2,4,23,23,1,13,ones,FOUND,"{""coeffs"":[1,1,1,1,1,1,1,1,1,1,1,1,1],""positions"":[0,1,2,3,4,5,6,7,8,9,10,11,12]}","[1,1,1,1,1,1,1,1,1,1,1,1,1,0,0,0,0,0,0,0,0,0,0]",1,no,all residue allocations modulo cyclic rotation
16,2,4,23,23,1,13,one_changed,FOUND,"{""coeffs"":[2,1,1,1,1,1,1,1,1,1,1,1,1],""positions"":[0,1,2,3,4,5,6,7,8,9,10,11,12]}","[2,1,1,1,1,1,1,1,1,1,1,1,1,0,0,0,0,0,0,0,0,0,0]",1,no,all residue allocations modulo cyclic rotation
16,2,4,23,23,1,13,all_distinct,FOUND,"{""coeffs"":[1,2,3,4,5,6,7,8,9,10,11,12,13],""positions"":[0,1,2,3,4,5,6,7,8,9,10,11,12]}","[1,2,3,4,5,6,7,8,9,10,11,12,13,0,0,0,0,0,0,0,0,0,0]",1,no,all residue allocations modulo cyclic rotation
16,2,4,23,23,1,14,ones,FOUND,"{""coeffs"":[1,1,1,1,1,1,1,1,1,1,1,1,1,1],""positions"":[0,1,2,3,4,5,6,7,8,9,10,11,12,13]}","[1,1,1,1,1,1,1,1,1,1,1,1,1,1,0,0,0,0,0,0,0,0,0]",1,no,all residue allocations modulo cyclic rotation
16,2,4,23,23,1,14,one_changed,FOUND,"{""coeffs"":[2,1,1,1,1,1,1,1,1,1,1,1,1,1],""positions"":[0,1,2,3,4,5,6,7,8,9,10,11,12,13]}","[2,1,1,1,1,1,1,1,1,1,1,1,1,1,0,0,0,0,0,0,0,0,0]",1,no,all residue allocations modulo cyclic rotation
16,2,4,23,23,1,14,all_distinct,FOUND,"{""coeffs"":[1,2,3,4,5,6,7,8,9,10,11,12,13,14],""positions"":[0,1,2,3,4,5,6,7,8,9,10,11,12,13]}","[1,2,3,4,5,6,7,8,9,10,11,12,13,14,0,0,0,0,0,0,0,0,0]",1,no,all residue allocations modulo cyclic rotation
16,2,4,23,23,1,15,ones,FOUND,"{""coeffs"":[1,1,1,1,1,1,1,1,1,1,1,1,1,1,1],""positions"":[0,1,2,3,4,5,6,7,8,9,10,11,12,13,14]}","[1,1,1,1,1,1,1,1,1,1,1,1,1,1,1,0,0,0,0,0,0,0,0]",1,no,all residue allocations modulo cyclic rotation
16,2,4,23,23,1,15,one_changed,FOUND,"{""coeffs"":[2,1,1,1,1,1,1,1,1,1,1,1,1,1,1],""positions"":[0,1,2,3,4,5,6,7,8,9,10,11,12,13,14]}","[2,1,1,1,1,1,1,1,1,1,1,1,1,1,1,0,0,0,0,0,0,0,0]",1,no,all residue allocations modulo cyclic rotation
16,2,4,23,23,1,15,all_distinct,FOUND,"{""coeffs"":[1,2,3,4,5,6,7,8,9,10,11,12,13,14,15],""positions"":[0,1,2,3,4,5,6,7,8,9,10,11,12,13,14]}","[1,2,3,4,5,6,7,8,9,10,11,12,13,14,15,0,0,0,0,0,0,0,0]",1,no,all residue allocations modulo cyclic rotation
16,2,4,23,23,1,16,ones,FOUND,"{""coeffs"":[1,1,1,1,1,1,1,1,1,1,1,1,1,1,1,1],""positions"":[0,1,2,3,4,5,6,7,8,9,10,11,12,13,14,15]}","[1,1,1,1,1,1,1,1,1,1,1,1,1,1,1,1,0,0,0,0,0,0,0]",1,no,all residue allocations modulo cyclic rotation
16,2,4,23,23,1,16,one_changed,FOUND,"{""coeffs"":[2,1,1,1,1,1,1,1,1,1,1,1,1,1,1,1],""positions"":[0,1,2,3,4,5,6,7,8,9,10,11,12,13,14,15]}","[2,1,1,1,1,1,1,1,1,1,1,1,1,1,1,1,0,0,0,0,0,0,0]",1,no,all residue allocations modulo cyclic rotation
16,2,4,23,23,1,17,ones,FOUND,"{""coeffs"":[1,1,1,1,1,1,1,1,1,1,1,1,1,1,1,1,1],""positions"":[0,1,2,3,4,5,6,7,8,9,10,11,12,13,14,15,16]}","[1,1,1,1,1,1,1,1,1,1,1,1,1,1,1,1,1,0,0,0,0,0,0]",1,no,all residue allocations modulo cyclic rotation
16,2,4,23,23,1,17,one_changed,FOUND,"{""coeffs"":[2,1,1,1,1,1,1,1,1,1,1,1,1,1,1,1,1],""positions"":[0,1,2,3,4,5,6,7,8,9,10,11,12,13,14,15,16]}","[2,1,1,1,1,1,1,1,1,1,1,1,1,1,1,1,1,0,0,0,0,0,0]",1,no,all residue allocations modulo cyclic rotation
16,2,4,23,23,1,18,ones,FOUND,"{""coeffs"":[1,1,1,1,1,1,1,1,1,1,1,1,1,1,1,1,1,1],""positions"":[0,1,2,3,4,5,6,7,8,9,10,11,12,13,14,15,16,17]}","[1,1,1,1,1,1,1,1,1,1,1,1,1,1,1,1,1,1,0,0,0,0,0]",1,no,all residue allocations modulo cyclic rotation
16,2,4,23,23,1,18,one_changed,FOUND,"{""coeffs"":[2,1,1,1,1,1,1,1,1,1,1,1,1,1,1,1,1,1],""positions"":[0,1,2,3,4,5,6,7,8,9,10,11,12,13,14,15,16,17]}","[2,1,1,1,1,1,1,1,1,1,1,1,1,1,1,1,1,1,0,0,0,0,0]",1,no,all residue allocations modulo cyclic rotation
16,2,4,23,23,1,19,ones,FOUND,"{""coeffs"":[1,1,1,1,1,1,1,1,1,1,1,1,1,1,1,1,1,1,1],""positions"":[0,1,2,3,4,5,6,7,8,9,10,11,12,13,14,15,16,17,18]}","[1,1,1,1,1,1,1,1,1,1,1,1,1,1,1,1,1,1,1,0,0,0,0]",1,no,all residue allocations modulo cyclic rotation
16,2,4,23,23,1,19,one_changed,FOUND,"{""coeffs"":[2,1,1,1,1,1,1,1,1,1,1,1,1,1,1,1,1,1,1],""positions"":[0,1,2,3,4,5,6,7,8,9,10,11,12,13,14,15,16,17,18]}","[2,1,1,1,1,1,1,1,1,1,1,1,1,1,1,1,1,1,1,0,0,0,0]",1,no,all residue allocations modulo cyclic rotation
16,2,4,23,23,1,20,ones,FOUND,"{""coeffs"":[1,1,1,1,1,1,1,1,1,1,1,1,1,1,1,1,1,1,1,1],""positions"":[0,1,2,3,4,5,6,7,8,9,10,11,12,13,14,15,16,17,18,19]}","[1,1,1,1,1,1,1,1,1,1,1,1,1,1,1,1,1,1,1,1,0,0,0]",1,no,all residue allocations modulo cyclic rotation
16,2,4,23,23,1,20,one_changed,FOUND,"{""coeffs"":[2,1,1,1,1,1,1,1,1,1,1,1,1,1,1,1,1,1,1,1],""positions"":[0,1,2,3,4,5,6,7,8,9,10,11,12,13,14,15,16,17,18,19]}","[2,1,1,1,1,1,1,1,1,1,1,1,1,1,1,1,1,1,1,1,0,0,0]",1,no,all residue allocations modulo cyclic rotation
16,2,4,23,23,1,21,ones,FOUND,"{""coeffs"":[1,1,1,1,1,1,1,1,1,1,1,1,1,1,1,1,1,1,1,1,1],""positions"":[0,1,2,3,4,5,6,7,8,9,10,11,12,13,14,15,16,17,18,19,20]}","[1,1,1,1,1,1,1,1,1,1,1,1,1,1,1,1,1,1,1,1,1,0,0]",1,no,all residue allocations modulo cyclic rotation
16,2,4,23,23,1,21,one_changed,FOUND,"{""coeffs"":[2,1,1,1,1,1,1,1,1,1,1,1,1,1,1,1,1,1,1,1,1],""positions"":[0,1,2,3,4,5,6,7,8,9,10,11,12,13,14,15,16,17,18,19,20]}","[2,1,1,1,1,1,1,1,1,1,1,1,1,1,1,1,1,1,1,1,1,0,0]",1,no,all residue allocations modulo cyclic rotation
16,2,4,23,23,1,22,ones,FOUND,"{""coeffs"":[1,1,1,1,1,1,1,1,1,1,1,1,1,1,1,1,1,1,1,1,1,1],""positions"":[0,1,2,3,4,5,6,7,8,9,10,11,12,13,14,15,16,17,18,19,20,21]}","[1,1,1,1,1,1,1,1,1,1,1,1,1,1,1,1,1,1,1,1,1,1,0]",1,no,all residue allocations modulo cyclic rotation
16,2,4,23,23,1,22,one_changed,FOUND,"{""coeffs"":[2,1,1,1,1,1,1,1,1,1,1,1,1,1,1,1,1,1,1,1,1,1],""positions"":[0,1,2,3,4,5,6,7,8,9,10,11,12,13,14,15,16,17,18,19,20,21]}","[2,1,1,1,1,1,1,1,1,1,1,1,1,1,1,1,1,1,1,1,1,1,0]",1,no,all residue allocations modulo cyclic rotation
16,2,4,23,23,1,23,ones,NONE,,,1,yes,all residue allocations modulo cyclic rotation
16,2,4,23,23,1,23,one_changed,FOUND,"{""coeffs"":[2,1,1,1,1,1,1,1,1,1,1,1,1,1,1,1,1,1,1,1,1,1,1],""positions"":[0,1,2,3,4,5,6,7,8,9,10,11,12,13,14,15,16,17,18,19,20,21,22]}","[2,1,1,1,1,1,1,1,1,1,1,1,1,1,1,1,1,1,1,1,1,1,1]",1,no,all residue allocations modulo cyclic rotation
16,2,4,24,3,8,2,ones,FOUND,"{""coeffs"":[1,1],""positions"":[0,1]}","[1,1,0]",2,no,all residue allocations modulo cyclic rotation
16,2,4,24,3,8,2,one_changed,FOUND,"{""coeffs"":[1,2],""positions"":[0,3]}","[3,0,0]",1,no,all residue allocations modulo cyclic rotation
16,2,4,24,3,8,2,all_distinct,FOUND,"{""coeffs"":[1,2],""positions"":[0,3]}","[3,0,0]",1,no,all residue allocations modulo cyclic rotation
16,2,4,24,3,8,3,ones,FOUND,"{""coeffs"":[1,1,1],""positions"":[0,3,6]}","[1,0,0]",1,no,all residue allocations modulo cyclic rotation
16,2,4,24,3,8,3,one_changed,FOUND,"{""coeffs"":[2,1,1],""positions"":[0,3,6]}","[2,0,0]",1,no,all residue allocations modulo cyclic rotation
16,2,4,24,3,8,3,all_distinct,FOUND,"{""coeffs"":[1,2,3],""positions"":[0,3,1]}","[3,3,0]",2,no,all residue allocations modulo cyclic rotation
16,2,4,24,3,8,4,ones,FOUND,"{""coeffs"":[1,1,1,1],""positions"":[0,3,6,1]}","[1,1,0]",2,no,all residue allocations modulo cyclic rotation
16,2,4,24,3,8,4,one_changed,FOUND,"{""coeffs"":[2,1,1,1],""positions"":[0,3,6,9]}","[3,0,0]",1,no,all residue allocations modulo cyclic rotation
16,2,4,24,3,8,4,all_distinct,FOUND,"{""coeffs"":[1,2,3,4],""positions"":[0,3,6,9]}","[4,0,0]",1,no,all residue allocations modulo cyclic rotation
16,2,4,24,3,8,5,ones,FOUND,"{""coeffs"":[1,1,1,1,1],""positions"":[0,3,6,9,12]}","[1,0,0]",1,no,all residue allocations modulo cyclic rotation
16,2,4,24,3,8,5,one_changed,FOUND,"{""coeffs"":[2,1,1,1,1],""positions"":[0,3,6,9,12]}","[2,0,0]",1,no,all residue allocations modulo cyclic rotation
16,2,4,24,3,8,5,all_distinct,FOUND,"{""coeffs"":[1,2,3,4,5],""positions"":[0,3,6,9,12]}","[1,0,0]",1,no,all residue allocations modulo cyclic rotation
16,2,4,24,3,8,6,ones,FOUND,"{""coeffs"":[1,1,1,1,1,1],""positions"":[0,3,6,9,12,1]}","[1,1,0]",2,no,all residue allocations modulo cyclic rotation
16,2,4,24,3,8,6,one_changed,FOUND,"{""coeffs"":[2,1,1,1,1,1],""positions"":[0,3,6,9,12,15]}","[3,0,0]",1,no,all residue allocations modulo cyclic rotation
16,2,4,24,3,8,6,all_distinct,FOUND,"{""coeffs"":[1,2,3,4,5,6],""positions"":[0,3,6,9,12,15]}","[7,0,0]",1,no,all residue allocations modulo cyclic rotation
16,2,4,24,3,8,7,ones,FOUND,"{""coeffs"":[1,1,1,1,1,1,1],""positions"":[0,3,6,9,12,15,18]}","[1,0,0]",1,no,all residue allocations modulo cyclic rotation
16,2,4,24,3,8,7,one_changed,FOUND,"{""coeffs"":[2,1,1,1,1,1,1],""positions"":[0,3,6,9,12,15,18]}","[2,0,0]",1,no,all residue allocations modulo cyclic rotation
16,2,4,24,3,8,7,all_distinct,FOUND,"{""coeffs"":[1,2,3,4,5,6,7],""positions"":[0,3,6,9,12,15,1]}","[7,7,0]",2,no,all residue allocations modulo cyclic rotation
16,2,4,24,3,8,8,ones,FOUND,"{""coeffs"":[1,1,1,1,1,1,1,1],""positions"":[0,3,6,9,12,15,18,1]}","[1,1,0]",2,no,all residue allocations modulo cyclic rotation
16,2,4,24,3,8,8,one_changed,FOUND,"{""coeffs"":[2,1,1,1,1,1,1,1],""positions"":[0,3,6,9,12,15,18,21]}","[3,0,0]",1,no,all residue allocations modulo cyclic rotation
16,2,4,24,3,8,8,all_distinct,FOUND,"{""coeffs"":[1,2,3,4,5,6,7,8],""positions"":[0,3,6,9,12,15,18,21]}","[8,0,0]",1,no,all residue allocations modulo cyclic rotation
16,2,4,24,3,8,9,ones,FOUND,"{""coeffs"":[1,1,1,1,1,1,1,1,1],""positions"":[0,3,6,9,12,15,18,21,1]}","[0,1,0]",1,no,all residue allocations modulo cyclic rotation
16,2,4,24,3,8,9,one_changed,FOUND,"{""coeffs"":[2,1,1,1,1,1,1,1,1],""positions"":[0,3,6,9,12,15,18,21,1]}","[3,1,0]",1,no,all residue allocations modulo cyclic rotation
16,2,4,24,3,8,9,all_distinct,FOUND,"{""coeffs"":[1,2,3,4,5,6,7,8,9],""positions"":[0,3,6,9,12,15,18,21,1]}","[8,9,0]",1,no,all residue allocations modulo cyclic rotation
16,2,4,24,3,8,10,ones,FOUND,"{""coeffs"":[1,1,1,1,1,1,1,1,1,1],""positions"":[0,3,6,9,12,15,18,21,1,2]}","[0,1,1]",2,no,all residue allocations modulo cyclic rotation
16,2,4,24,3,8,10,one_changed,FOUND,"{""coeffs"":[2,1,1,1,1,1,1,1,1,1],""positions"":[0,3,6,9,12,15,18,21,1,4]}","[3,0,0]",1,no,all residue allocations modulo cyclic rotation
16,2,4,24,3,8,10,all_distinct,FOUND,"{""coeffs"":[1,2,3,4,5,6,7,8,9,10],""positions"":[0,3,6,9,12,15,18,21,1,4]}","[8,3,0]",1,no,all residue allocations modulo cyclic rotation
16,2,4,24,3,8,11,ones,FOUND,"{""coeffs"":[1,1,1,1,1,1,1,1,1,1,1],""positions"":[0,3,6,9,12,15,18,21,1,4,7]}","[0,1,0]",1,no,all residue allocations modulo cyclic rotation
16,2,4,24,3,8,11,one_changed,FOUND,"{""coeffs"":[2,1,1,1,1,1,1,1,1,1,1],""positions"":[0,3,6,9,12,15,18,21,1,4,7]}","[3,1,0]",1,no,all residue allocations modulo cyclic rotation
16,2,4,24,3,8,11,all_distinct,FOUND,"{""coeffs"":[1,2,3,4,5,6,7,8,9,10,11],""positions"":[0,3,6,9,12,15,18,21,1,4,7]}","[8,8,0]",1,no,all residue allocations modulo cyclic rotation
16,2,4,24,3,8,12,ones,FOUND,"{""coeffs"":[1,1,1,1,1,1,1,1,1,1,1,1],""positions"":[0,3,6,9,12,15,18,21,1,4,7,2]}","[0,1,1]",2,no,all residue allocations modulo cyclic rotation
16,2,4,24,3,8,12,one_changed,FOUND,"{""coeffs"":[2,1,1,1,1,1,1,1,1,1,1,1],""positions"":[0,3,6,9,12,15,18,21,1,4,7,10]}","[3,0,0]",1,no,all residue allocations modulo cyclic rotation
16,2,4,24,3,8,12,all_distinct,FOUND,"{""coeffs"":[1,2,3,4,5,6,7,8,9,10,11,12],""positions"":[0,3,6,9,12,15,18,21,1,4,7,10]}","[8,4,0]",1,no,all residue allocations modulo cyclic rotation
16,2,4,24,3,8,13,ones,FOUND,"{""coeffs"":[1,1,1,1,1,1,1,1,1,1,1,1,1],""positions"":[0,3,6,9,12,15,18,21,1,4,7,10,13]}","[0,1,0]",1,no,all residue allocations modulo cyclic rotation
16,2,4,24,3,8,13,one_changed,FOUND,"{""coeffs"":[2,1,1,1,1,1,1,1,1,1,1,1,1],""positions"":[0,3,6,9,12,15,18,21,1,4,7,10,13]}","[3,1,0]",1,no,all residue allocations modulo cyclic rotation
16,2,4,24,3,8,13,all_distinct,FOUND,"{""coeffs"":[1,2,3,4,5,6,7,8,9,10,11,12,13],""positions"":[0,3,6,9,12,15,18,21,1,4,7,10,13]}","[8,9,0]",1,no,all residue allocations modulo cyclic rotation
16,2,4,24,3,8,14,ones,FOUND,"{""coeffs"":[1,1,1,1,1,1,1,1,1,1,1,1,1,1],""positions"":[0,3,6,9,12,15,18,21,1,4,7,10,13,2]}","[0,1,1]",2,no,all residue allocations modulo cyclic rotation
16,2,4,24,3,8,14,one_changed,FOUND,"{""coeffs"":[2,1,1,1,1,1,1,1,1,1,1,1,1,1],""positions"":[0,3,6,9,12,15,18,21,1,4,7,10,13,16]}","[3,0,0]",1,no,all residue allocations modulo cyclic rotation
16,2,4,24,3,8,14,all_distinct,FOUND,"{""coeffs"":[1,2,3,4,5,6,7,8,9,10,11,12,13,14],""positions"":[0,3,6,9,12,15,18,21,1,4,7,10,13,16]}","[8,7,0]",1,no,all residue allocations modulo cyclic rotation
16,2,4,24,3,8,15,ones,FOUND,"{""coeffs"":[1,1,1,1,1,1,1,1,1,1,1,1,1,1,1],""positions"":[0,3,6,9,12,15,18,21,1,4,7,10,13,16,19]}","[0,1,0]",1,no,all residue allocations modulo cyclic rotation
16,2,4,24,3,8,15,one_changed,FOUND,"{""coeffs"":[2,1,1,1,1,1,1,1,1,1,1,1,1,1,1],""positions"":[0,3,6,9,12,15,18,21,1,4,7,10,13,16,19]}","[3,1,0]",1,no,all residue allocations modulo cyclic rotation
16,2,4,24,3,8,15,all_distinct,FOUND,"{""coeffs"":[1,2,3,4,5,6,7,8,9,10,11,12,13,14,15],""positions"":[0,3,6,9,12,15,18,21,1,4,7,10,13,16,19]}","[8,8,0]",1,no,all residue allocations modulo cyclic rotation
16,2,4,24,3,8,16,ones,FOUND,"{""coeffs"":[1,1,1,1,1,1,1,1,1,1,1,1,1,1,1,1],""positions"":[0,3,6,9,12,15,18,21,1,4,7,10,13,16,19,2]}","[0,1,1]",2,no,all residue allocations modulo cyclic rotation
16,2,4,24,3,8,16,one_changed,FOUND,"{""coeffs"":[2,1,1,1,1,1,1,1,1,1,1,1,1,1,1,1],""positions"":[0,3,6,9,12,15,18,21,1,4,7,10,13,16,19,22]}","[3,0,0]",1,no,all residue allocations modulo cyclic rotation
16,2,4,24,3,8,17,ones,FOUND,"{""coeffs"":[1,1,1,1,1,1,1,1,1,1,1,1,1,1,1,1,1],""positions"":[0,3,6,9,12,15,18,21,1,4,7,10,13,16,19,22,2]}","[0,0,1]",1,no,all residue allocations modulo cyclic rotation
16,2,4,24,3,8,17,one_changed,FOUND,"{""coeffs"":[2,1,1,1,1,1,1,1,1,1,1,1,1,1,1,1,1],""positions"":[0,3,6,9,12,15,18,21,1,4,7,10,13,16,19,22,2]}","[3,0,1]",1,no,all residue allocations modulo cyclic rotation
16,2,4,24,3,8,18,ones,FOUND,"{""coeffs"":[1,1,1,1,1,1,1,1,1,1,1,1,1,1,1,1,1,1],""positions"":[0,3,6,9,12,15,18,21,1,4,7,10,13,16,19,2,5,8]}","[0,1,1]",2,no,all residue allocations modulo cyclic rotation
16,2,4,24,3,8,18,one_changed,FOUND,"{""coeffs"":[2,1,1,1,1,1,1,1,1,1,1,1,1,1,1,1,1,1],""positions"":[0,3,6,9,12,15,18,21,1,4,7,10,13,16,19,22,2,5]}","[3,0,0]",1,no,all residue allocations modulo cyclic rotation
16,2,4,24,3,8,19,ones,FOUND,"{""coeffs"":[1,1,1,1,1,1,1,1,1,1,1,1,1,1,1,1,1,1,1],""positions"":[0,3,6,9,12,15,18,21,1,4,7,10,13,16,19,22,2,5,8]}","[0,0,1]",1,no,all residue allocations modulo cyclic rotation
16,2,4,24,3,8,19,one_changed,FOUND,"{""coeffs"":[2,1,1,1,1,1,1,1,1,1,1,1,1,1,1,1,1,1,1],""positions"":[0,3,6,9,12,15,18,21,1,4,7,10,13,16,19,22,2,5,8]}","[3,0,1]",1,no,all residue allocations modulo cyclic rotation
16,2,4,24,3,8,20,ones,FOUND,"{""coeffs"":[1,1,1,1,1,1,1,1,1,1,1,1,1,1,1,1,1,1,1,1],""positions"":[0,3,6,9,12,15,18,21,1,4,7,10,13,16,19,2,5,8,11,14]}","[0,1,1]",2,no,all residue allocations modulo cyclic rotation
16,2,4,24,3,8,20,one_changed,FOUND,"{""coeffs"":[2,1,1,1,1,1,1,1,1,1,1,1,1,1,1,1,1,1,1,1],""positions"":[0,3,6,9,12,15,18,21,1,4,7,10,13,16,19,22,2,5,8,11]}","[3,0,0]",1,no,all residue allocations modulo cyclic rotation
16,2,4,24,3,8,21,ones,FOUND,"{""coeffs"":[1,1,1,1,1,1,1,1,1,1,1,1,1,1,1,1,1,1,1,1,1],""positions"":[0,3,6,9,12,15,18,21,1,4,7,10,13,16,19,22,2,5,8,11,14]}","[0,0,1]",1,no,all residue allocations modulo cyclic rotation
16,2,4,24,3,8,21,one_changed,FOUND,"{""coeffs"":[2,1,1,1,1,1,1,1,1,1,1,1,1,1,1,1,1,1,1,1,1],""positions"":[0,3,6,9,12,15,18,21,1,4,7,10,13,16,19,22,2,5,8,11,14]}","[3,0,1]",1,no,all residue allocations modulo cyclic rotation
16,2,4,24,3,8,22,ones,FOUND,"{""coeffs"":[1,1,1,1,1,1,1,1,1,1,1,1,1,1,1,1,1,1,1,1,1,1],""positions"":[0,3,6,9,12,15,18,21,1,4,7,10,13,16,19,2,5,8,11,14,17,20]}","[0,1,1]",2,no,all residue allocations modulo cyclic rotation
16,2,4,24,3,8,22,one_changed,FOUND,"{""coeffs"":[2,1,1,1,1,1,1,1,1,1,1,1,1,1,1,1,1,1,1,1,1,1],""positions"":[0,3,6,9,12,15,18,21,1,4,7,10,13,16,19,22,2,5,8,11,14,17]}","[3,0,0]",1,no,all residue allocations modulo cyclic rotation
16,2,4,24,3,8,23,ones,FOUND,"{""coeffs"":[1,1,1,1,1,1,1,1,1,1,1,1,1,1,1,1,1,1,1,1,1,1,1],""positions"":[0,3,6,9,12,15,18,21,1,4,7,10,13,16,19,22,2,5,8,11,14,17,20]}","[0,0,1]",1,no,all residue allocations modulo cyclic rotation
16,2,4,24,3,8,23,one_changed,FOUND,"{""coeffs"":[2,1,1,1,1,1,1,1,1,1,1,1,1,1,1,1,1,1,1,1,1,1,1],""positions"":[0,3,6,9,12,15,18,21,1,4,7,10,13,16,19,22,2,5,8,11,14,17,20]}","[3,0,1]",1,no,all residue allocations modulo cyclic rotation
16,2,4,24,3,8,24,ones,NONE,,,1,yes,all residue allocations modulo cyclic rotation
16,2,4,24,3,8,24,one_changed,FOUND,"{""coeffs"":[2,1,1,1,1,1,1,1,1,1,1,1,1,1,1,1,1,1,1,1,1,1,1,1],""positions"":[0,3,6,9,12,15,18,21,1,4,7,10,13,16,19,22,2,5,8,11,14,17,20,23]}","[3,0,0]",1,no,all residue allocations modulo cyclic rotation
16,2,4,25,25,1,2,ones,FOUND,"{""coeffs"":[1,1],""positions"":[0,1]}","[1,1,0,0,0,0,0,0,0,0,0,0,0,0,0,0,0,0,0,0,0,0,0,0,0]",1,no,all residue allocations modulo cyclic rotation
16,2,4,25,25,1,2,one_changed,FOUND,"{""coeffs"":[1,2],""positions"":[0,1]}","[1,2,0,0,0,0,0,0,0,0,0,0,0,0,0,0,0,0,0,0,0,0,0,0,0]",1,no,all residue allocations modulo cyclic rotation
16,2,4,25,25,1,2,all_distinct,FOUND,"{""coeffs"":[1,2],""positions"":[0,1]}","[1,2,0,0,0,0,0,0,0,0,0,0,0,0,0,0,0,0,0,0,0,0,0,0,0]",1,no,all residue allocations modulo cyclic rotation
16,2,4,25,25,1,3,ones,FOUND,"{""coeffs"":[1,1,1],""positions"":[0,1,2]}","[1,1,1,0,0,0,0,0,0,0,0,0,0,0,0,0,0,0,0,0,0,0,0,0,0]",1,no,all residue allocations modulo cyclic rotation
16,2,4,25,25,1,3,one_changed,FOUND,"{""coeffs"":[2,1,1],""positions"":[0,1,2]}","[2,1,1,0,0,0,0,0,0,0,0,0,0,0,0,0,0,0,0,0,0,0,0,0,0]",1,no,all residue allocations modulo cyclic rotation
16,2,4,25,25,1,3,all_distinct,FOUND,"{""coeffs"":[1,2,3],""positions"":[0,1,2]}","[1,2,3,0,0,0,0,0,0,0,0,0,0,0,0,0,0,0,0,0,0,0,0,0,0]",1,no,all residue allocations modulo cyclic rotation
16,2,4,25,25,1,4,ones,FOUND,"{""coeffs"":[1,1,1,1],""positions"":[0,1,2,3]}","[1,1,1,1,0,0,0,0,0,0,0,0,0,0,0,0,0,0,0,0,0,0,0,0,0]",1,no,all residue allocations modulo cyclic rotation
16,2,4,25,25,1,4,one_changed,FOUND,"{""coeffs"":[2,1,1,1],""positions"":[0,1,2,3]}","[2,1,1,1,0,0,0,0,0,0,0,0,0,0,0,0,0,0,0,0,0,0,0,0,0]",1,no,all residue allocations modulo cyclic rotation
16,2,4,25,25,1,4,all_distinct,FOUND,"{""coeffs"":[1,2,3,4],""positions"":[0,1,2,3]}","[1,2,3,4,0,0,0,0,0,0,0,0,0,0,0,0,0,0,0,0,0,0,0,0,0]",1,no,all residue allocations modulo cyclic rotation
16,2,4,25,25,1,5,ones,FOUND,"{""coeffs"":[1,1,1,1,1],""positions"":[0,1,2,3,5]}","[1,1,1,1,0,1,0,0,0,0,0,0,0,0,0,0,0,0,0,0,0,0,0,0,0]",2,no,all residue allocations modulo cyclic rotation
16,2,4,25,25,1,5,one_changed,FOUND,"{""coeffs"":[2,1,1,1,1],""positions"":[0,1,2,3,4]}","[2,1,1,1,1,0,0,0,0,0,0,0,0,0,0,0,0,0,0,0,0,0,0,0,0]",1,no,all residue allocations modulo cyclic rotation
16,2,4,25,25,1,5,all_distinct,FOUND,"{""coeffs"":[1,2,3,4,5],""positions"":[0,1,2,3,4]}","[1,2,3,4,5,0,0,0,0,0,0,0,0,0,0,0,0,0,0,0,0,0,0,0,0]",1,no,all residue allocations modulo cyclic rotation
16,2,4,25,25,1,6,ones,FOUND,"{""coeffs"":[1,1,1,1,1,1],""positions"":[0,1,2,3,4,5]}","[1,1,1,1,1,1,0,0,0,0,0,0,0,0,0,0,0,0,0,0,0,0,0,0,0]",1,no,all residue allocations modulo cyclic rotation
16,2,4,25,25,1,6,one_changed,FOUND,"{""coeffs"":[2,1,1,1,1,1],""positions"":[0,1,2,3,4,5]}","[2,1,1,1,1,1,0,0,0,0,0,0,0,0,0,0,0,0,0,0,0,0,0,0,0]",1,no,all residue allocations modulo cyclic rotation
16,2,4,25,25,1,6,all_distinct,FOUND,"{""coeffs"":[1,2,3,4,5,6],""positions"":[0,1,2,3,4,5]}","[1,2,3,4,5,6,0,0,0,0,0,0,0,0,0,0,0,0,0,0,0,0,0,0,0]",1,no,all residue allocations modulo cyclic rotation
16,2,4,25,25,1,7,ones,FOUND,"{""coeffs"":[1,1,1,1,1,1,1],""positions"":[0,1,2,3,4,5,6]}","[1,1,1,1,1,1,1,0,0,0,0,0,0,0,0,0,0,0,0,0,0,0,0,0,0]",1,no,all residue allocations modulo cyclic rotation
16,2,4,25,25,1,7,one_changed,FOUND,"{""coeffs"":[2,1,1,1,1,1,1],""positions"":[0,1,2,3,4,5,6]}","[2,1,1,1,1,1,1,0,0,0,0,0,0,0,0,0,0,0,0,0,0,0,0,0,0]",1,no,all residue allocations modulo cyclic rotation
16,2,4,25,25,1,7,all_distinct,FOUND,"{""coeffs"":[1,2,3,4,5,6,7],""positions"":[0,1,2,3,4,5,6]}","[1,2,3,4,5,6,7,0,0,0,0,0,0,0,0,0,0,0,0,0,0,0,0,0,0]",1,no,all residue allocations modulo cyclic rotation
16,2,4,25,25,1,8,ones,FOUND,"{""coeffs"":[1,1,1,1,1,1,1,1],""positions"":[0,1,2,3,4,5,6,7]}","[1,1,1,1,1,1,1,1,0,0,0,0,0,0,0,0,0,0,0,0,0,0,0,0,0]",1,no,all residue allocations modulo cyclic rotation
16,2,4,25,25,1,8,one_changed,FOUND,"{""coeffs"":[2,1,1,1,1,1,1,1],""positions"":[0,1,2,3,4,5,6,7]}","[2,1,1,1,1,1,1,1,0,0,0,0,0,0,0,0,0,0,0,0,0,0,0,0,0]",1,no,all residue allocations modulo cyclic rotation
16,2,4,25,25,1,8,all_distinct,FOUND,"{""coeffs"":[1,2,3,4,5,6,7,8],""positions"":[0,1,2,3,4,5,6,7]}","[1,2,3,4,5,6,7,8,0,0,0,0,0,0,0,0,0,0,0,0,0,0,0,0,0]",1,no,all residue allocations modulo cyclic rotation
16,2,4,25,25,1,9,ones,FOUND,"{""coeffs"":[1,1,1,1,1,1,1,1,1],""positions"":[0,1,2,3,4,5,6,7,8]}","[1,1,1,1,1,1,1,1,1,0,0,0,0,0,0,0,0,0,0,0,0,0,0,0,0]",1,no,all residue allocations modulo cyclic rotation
16,2,4,25,25,1,9,one_changed,FOUND,"{""coeffs"":[2,1,1,1,1,1,1,1,1],""positions"":[0,1,2,3,4,5,6,7,8]}","[2,1,1,1,1,1,1,1,1,0,0,0,0,0,0,0,0,0,0,0,0,0,0,0,0]",1,no,all residue allocations modulo cyclic rotation
16,2,4,25,25,1,9,all_distinct,FOUND,"{""coeffs"":[1,2,3,4,5,6,7,8,9],""positions"":[0,1,2,3,4,5,6,7,8]}","[1,2,3,4,5,6,7,8,9,0,0,0,0,0,0,0,0,0,0,0,0,0,0,0,0]",1,no,all residue allocations modulo cyclic rotation
16,2,4,25,25,1,10,ones,FOUND,"{""coeffs"":[1,1,1,1,1,1,1,1,1,1],""positions"":[0,1,2,3,4,5,6,7,8,10]}","[1,1,1,1,1,1,1,1,1,0,1,0,0,0,0,0,0,0,0,0,0,0,0,0,0]",2,no,all residue allocations modulo cyclic rotation
16,2,4,25,25,1,10,one_changed,FOUND,"{""coeffs"":[2,1,1,1,1,1,1,1,1,1],""positions"":[0,1,2,3,4,5,6,7,8,9]}","[2,1,1,1,1,1,1,1,1,1,0,0,0,0,0,0,0,0,0,0,0,0,0,0,0]",1,no,all residue allocations modulo cyclic rotation
16,2,4,25,25,1,10,all_distinct,FOUND,"{""coeffs"":[1,2,3,4,5,6,7,8,9,10],""positions"":[0,1,2,3,4,5,6,7,8,9]}","[1,2,3,4,5,6,7,8,9,10,0,0,0,0,0,0,0,0,0,0,0,0,0,0,0]",1,no,all residue allocations modulo cyclic rotation
16,2,4,25,25,1,11,ones,FOUND,"{""coeffs"":[1,1,1,1,1,1,1,1,1,1,1],""positions"":[0,1,2,3,4,5,6,7,8,9,10]}","[1,1,1,1,1,1,1,1,1,1,1,0,0,0,0,0,0,0,0,0,0,0,0,0,0]",1,no,all residue allocations modulo cyclic rotation
16,2,4,25,25,1,11,one_changed,FOUND,"{""coeffs"":[2,1,1,1,1,1,1,1,1,1,1],""positions"":[0,1,2,3,4,5,6,7,8,9,10]}","[2,1,1,1,1,1,1,1,1,1,1,0,0,0,0,0,0,0,0,0,0,0,0,0,0]",1,no,all residue allocations modulo cyclic rotation
16,2,4,25,25,1,11,all_distinct,FOUND,"{""coeffs"":[1,2,3,4,5,6,7,8,9,10,11],""positions"":[0,1,2,3,4,5,6,7,8,9,10]}","[1,2,3,4,5,6,7,8,9,10,11,0,0,0,0,0,0,0,0,0,0,0,0,0,0]",1,no,all residue allocations modulo cyclic rotation
16,2,4,25,25,1,12,ones,FOUND,"{""coeffs"":[1,1,1,1,1,1,1,1,1,1,1,1],""positions"":[0,1,2,3,4,5,6,7,8,9,10,11]}","[1,1,1,1,1,1,1,1,1,1,1,1,0,0,0,0,0,0,0,0,0,0,0,0,0]",1,no,all residue allocations modulo cyclic rotation
16,2,4,25,25,1,12,one_changed,FOUND,"{""coeffs"":[2,1,1,1,1,1,1,1,1,1,1,1],""positions"":[0,1,2,3,4,5,6,7,8,9,10,11]}","[2,1,1,1,1,1,1,1,1,1,1,1,0,0,0,0,0,0,0,0,0,0,0,0,0]",1,no,all residue allocations modulo cyclic rotation
16,2,4,25,25,1,12,all_distinct,FOUND,"{""coeffs"":[1,2,3,4,5,6,7,8,9,10,11,12],""positions"":[0,1,2,3,4,5,6,7,8,9,10,11]}","[1,2,3,4,5,6,7,8,9,10,11,12,0,0,0,0,0,0,0,0,0,0,0,0,0]",1,no,all residue allocations modulo cyclic rotation
16,2,4,25,25,1,13,ones,FOUND,"{""coeffs"":[1,1,1,1,1,1,1,1,1,1,1,1,1],""positions"":[0,1,2,3,4,5,6,7,8,9,10,11,12]}","[1,1,1,1,1,1,1,1,1,1,1,1,1,0,0,0,0,0,0,0,0,0,0,0,0]",1,no,all residue allocations modulo cyclic rotation
16,2,4,25,25,1,13,one_changed,FOUND,"{""coeffs"":[2,1,1,1,1,1,1,1,1,1,1,1,1],""positions"":[0,1,2,3,4,5,6,7,8,9,10,11,12]}","[2,1,1,1,1,1,1,1,1,1,1,1,1,0,0,0,0,0,0,0,0,0,0,0,0]",1,no,all residue allocations modulo cyclic rotation
16,2,4,25,25,1,13,all_distinct,FOUND,"{""coeffs"":[1,2,3,4,5,6,7,8,9,10,11,12,13],""positions"":[0,1,2,3,4,5,6,7,8,9,10,11,12]}","[1,2,3,4,5,6,7,8,9,10,11,12,13,0,0,0,0,0,0,0,0,0,0,0,0]",1,no,all residue allocations modulo cyclic rotation
16,2,4,25,25,1,14,ones,FOUND,"{""coeffs"":[1,1,1,1,1,1,1,1,1,1,1,1,1,1],""positions"":[0,1,2,3,4,5,6,7,8,9,10,11,12,13]}","[1,1,1,1,1,1,1,1,1,1,1,1,1,1,0,0,0,0,0,0,0,0,0,0,0]",1,no,all residue allocations modulo cyclic rotation
16,2,4,25,25,1,14,one_changed,FOUND,"{""coeffs"":[2,1,1,1,1,1,1,1,1,1,1,1,1,1],""positions"":[0,1,2,3,4,5,6,7,8,9,10,11,12,13]}","[2,1,1,1,1,1,1,1,1,1,1,1,1,1,0,0,0,0,0,0,0,0,0,0,0]",1,no,all residue allocations modulo cyclic rotation
16,2,4,25,25,1,14,all_distinct,FOUND,"{""coeffs"":[1,2,3,4,5,6,7,8,9,10,11,12,13,14],""positions"":[0,1,2,3,4,5,6,7,8,9,10,11,12,13]}","[1,2,3,4,5,6,7,8,9,10,11,12,13,14,0,0,0,0,0,0,0,0,0,0,0]",1,no,all residue allocations modulo cyclic rotation
16,2,4,25,25,1,15,ones,FOUND,"{""coeffs"":[1,1,1,1,1,1,1,1,1,1,1,1,1,1,1],""positions"":[0,1,2,3,4,5,6,7,8,9,10,11,12,13,15]}","[1,1,1,1,1,1,1,1,1,1,1,1,1,1,0,1,0,0,0,0,0,0,0,0,0]",2,no,all residue allocations modulo cyclic rotation
16,2,4,25,25,1,15,one_changed,FOUND,"{""coeffs"":[2,1,1,1,1,1,1,1,1,1,1,1,1,1,1],""positions"":[0,1,2,3,4,5,6,7,8,9,10,11,12,13,14]}","[2,1,1,1,1,1,1,1,1,1,1,1,1,1,1,0,0,0,0,0,0,0,0,0,0]",1,no,all residue allocations modulo cyclic rotation
16,2,4,25,25,1,15,all_distinct,FOUND,"{""coeffs"":[1,2,3,4,5,6,7,8,9,10,11,12,13,14,15],""positions"":[0,1,2,3,4,5,6,7,8,9,10,11,12,13,14]}","[1,2,3,4,5,6,7,8,9,10,11,12,13,14,15,0,0,0,0,0,0,0,0,0,0]",1,no,all residue allocations modulo cyclic rotation
16,2,4,25,25,1,16,ones,FOUND,"{""coeffs"":[1,1,1,1,1,1,1,1,1,1,1,1,1,1,1,1],""positions"":[0,1,2,3,4,5,6,7,8,9,10,11,12,13,14,15]}","[1,1,1,1,1,1,1,1,1,1,1,1,1,1,1,1,0,0,0,0,0,0,0,0,0]",1,no,all residue allocations modulo cyclic rotation
16,2,4,25,25,1,16,one_changed,FOUND,"{""coeffs"":[2,1,1,1,1,1,1,1,1,1,1,1,1,1,1,1],""positions"":[0,1,2,3,4,5,6,7,8,9,10,11,12,13,14,15]}","[2,1,1,1,1,1,1,1,1,1,1,1,1,1,1,1,0,0,0,0,0,0,0,0,0]",1,no,all residue allocations modulo cyclic rotation
16,2,4,25,25,1,17,ones,FOUND,"{""coeffs"":[1,1,1,1,1,1,1,1,1,1,1,1,1,1,1,1,1],""positions"":[0,1,2,3,4,5,6,7,8,9,10,11,12,13,14,15,16]}","[1,1,1,1,1,1,1,1,1,1,1,1,1,1,1,1,1,0,0,0,0,0,0,0,0]",1,no,all residue allocations modulo cyclic rotation
16,2,4,25,25,1,17,one_changed,FOUND,"{""coeffs"":[2,1,1,1,1,1,1,1,1,1,1,1,1,1,1,1,1],""positions"":[0,1,2,3,4,5,6,7,8,9,10,11,12,13,14,15,16]}","[2,1,1,1,1,1,1,1,1,1,1,1,1,1,1,1,1,0,0,0,0,0,0,0,0]",1,no,all residue allocations modulo cyclic rotation
16,2,4,25,25,1,18,ones,FOUND,"{""coeffs"":[1,1,1,1,1,1,1,1,1,1,1,1,1,1,1,1,1,1],""positions"":[0,1,2,3,4,5,6,7,8,9,10,11,12,13,14,15,16,17]}","[1,1,1,1,1,1,1,1,1,1,1,1,1,1,1,1,1,1,0,0,0,0,0,0,0]",1,no,all residue allocations modulo cyclic rotation
16,2,4,25,25,1,18,one_changed,FOUND,"{""coeffs"":[2,1,1,1,1,1,1,1,1,1,1,1,1,1,1,1,1,1],""positions"":[0,1,2,3,4,5,6,7,8,9,10,11,12,13,14,15,16,17]}","[2,1,1,1,1,1,1,1,1,1,1,1,1,1,1,1,1,1,0,0,0,0,0,0,0]",1,no,all residue allocations modulo cyclic rotation
16,2,4,25,25,1,19,ones,FOUND,"{""coeffs"":[1,1,1,1,1,1,1,1,1,1,1,1,1,1,1,1,1,1,1],""positions"":[0,1,2,3,4,5,6,7,8,9,10,11,12,13,14,15,16,17,18]}","[1,1,1,1,1,1,1,1,1,1,1,1,1,1,1,1,1,1,1,0,0,0,0,0,0]",1,no,all residue allocations modulo cyclic rotation
16,2,4,25,25,1,19,one_changed,FOUND,"{""coeffs"":[2,1,1,1,1,1,1,1,1,1,1,1,1,1,1,1,1,1,1],""positions"":[0,1,2,3,4,5,6,7,8,9,10,11,12,13,14,15,16,17,18]}","[2,1,1,1,1,1,1,1,1,1,1,1,1,1,1,1,1,1,1,0,0,0,0,0,0]",1,no,all residue allocations modulo cyclic rotation
16,2,4,25,25,1,20,ones,FOUND,"{""coeffs"":[1,1,1,1,1,1,1,1,1,1,1,1,1,1,1,1,1,1,1,1],""positions"":[0,1,2,3,4,5,6,7,8,9,10,11,12,13,14,15,16,17,18,20]}","[1,1,1,1,1,1,1,1,1,1,1,1,1,1,1,1,1,1,1,0,1,0,0,0,0]",2,no,all residue allocations modulo cyclic rotation
16,2,4,25,25,1,20,one_changed,FOUND,"{""coeffs"":[2,1,1,1,1,1,1,1,1,1,1,1,1,1,1,1,1,1,1,1],""positions"":[0,1,2,3,4,5,6,7,8,9,10,11,12,13,14,15,16,17,18,19]}","[2,1,1,1,1,1,1,1,1,1,1,1,1,1,1,1,1,1,1,1,0,0,0,0,0]",1,no,all residue allocations modulo cyclic rotation
16,2,4,25,25,1,21,ones,FOUND,"{""coeffs"":[1,1,1,1,1,1,1,1,1,1,1,1,1,1,1,1,1,1,1,1,1],""positions"":[0,1,2,3,4,5,6,7,8,9,10,11,12,13,14,15,16,17,18,19,20]}","[1,1,1,1,1,1,1,1,1,1,1,1,1,1,1,1,1,1,1,1,1,0,0,0,0]",1,no,all residue allocations modulo cyclic rotation
16,2,4,25,25,1,21,one_changed,FOUND,"{""coeffs"":[2,1,1,1,1,1,1,1,1,1,1,1,1,1,1,1,1,1,1,1,1],""positions"":[0,1,2,3,4,5,6,7,8,9,10,11,12,13,14,15,16,17,18,19,20]}","[2,1,1,1,1,1,1,1,1,1,1,1,1,1,1,1,1,1,1,1,1,0,0,0,0]",1,no,all residue allocations modulo cyclic rotation
16,2,4,25,25,1,22,ones,FOUND,"{""coeffs"":[1,1,1,1,1,1,1,1,1,1,1,1,1,1,1,1,1,1,1,1,1,1],""positions"":[0,1,2,3,4,5,6,7,8,9,10,11,12,13,14,15,16,17,18,19,20,21]}","[1,1,1,1,1,1,1,1,1,1,1,1,1,1,1,1,1,1,1,1,1,1,0,0,0]",1,no,all residue allocations modulo cyclic rotation
16,2,4,25,25,1,22,one_changed,FOUND,"{""coeffs"":[2,1,1,1,1,1,1,1,1,1,1,1,1,1,1,1,1,1,1,1,1,1],""positions"":[0,1,2,3,4,5,6,7,8,9,10,11,12,13,14,15,16,17,18,19,20,21]}","[2,1,1,1,1,1,1,1,1,1,1,1,1,1,1,1,1,1,1,1,1,1,0,0,0]",1,no,all residue allocations modulo cyclic rotation
16,2,4,25,25,1,23,ones,FOUND,"{""coeffs"":[1,1,1,1,1,1,1,1,1,1,1,1,1,1,1,1,1,1,1,1,1,1,1],""positions"":[0,1,2,3,4,5,6,7,8,9,10,11,12,13,14,15,16,17,18,19,20,21,22]}","[1,1,1,1,1,1,1,1,1,1,1,1,1,1,1,1,1,1,1,1,1,1,1,0,0]",1,no,all residue allocations modulo cyclic rotation
16,2,4,25,25,1,23,one_changed,FOUND,"{""coeffs"":[2,1,1,1,1,1,1,1,1,1,1,1,1,1,1,1,1,1,1,1,1,1,1],""positions"":[0,1,2,3,4,5,6,7,8,9,10,11,12,13,14,15,16,17,18,19,20,21,22]}","[2,1,1,1,1,1,1,1,1,1,1,1,1,1,1,1,1,1,1,1,1,1,1,0,0]",1,no,all residue allocations modulo cyclic rotation
16,2,4,25,25,1,24,ones,FOUND,"{""coeffs"":[1,1,1,1,1,1,1,1,1,1,1,1,1,1,1,1,1,1,1,1,1,1,1,1],""positions"":[0,1,2,3,4,5,6,7,8,9,10,11,12,13,14,15,16,17,18,19,20,21,22,23]}","[1,1,1,1,1,1,1,1,1,1,1,1,1,1,1,1,1,1,1,1,1,1,1,1,0]",1,no,all residue allocations modulo cyclic rotation
16,2,4,25,25,1,24,one_changed,FOUND,"{""coeffs"":[2,1,1,1,1,1,1,1,1,1,1,1,1,1,1,1,1,1,1,1,1,1,1,1],""positions"":[0,1,2,3,4,5,6,7,8,9,10,11,12,13,14,15,16,17,18,19,20,21,22,23]}","[2,1,1,1,1,1,1,1,1,1,1,1,1,1,1,1,1,1,1,1,1,1,1,1,0]",1,no,all residue allocations modulo cyclic rotation
16,2,4,25,25,1,25,ones,NONE,,,1,yes,all residue allocations modulo cyclic rotation
16,2,4,25,25,1,25,one_changed,FOUND,"{""coeffs"":[2,1,1,1,1,1,1,1,1,1,1,1,1,1,1,1,1,1,1,1,1,1,1,1,1],""positions"":[0,1,2,3,4,5,6,7,8,9,10,11,12,13,14,15,16,17,18,19,20,21,22,23,24]}","[2,1,1,1,1,1,1,1,1,1,1,1,1,1,1,1,1,1,1,1,1,1,1,1,1]",1,no,all residue allocations modulo cyclic rotation
16,2,4,26,13,2,2,ones,FOUND,"{""coeffs"":[1,1],""positions"":[0,1]}","[1,1,0,0,0,0,0,0,0,0,0,0,0]",2,no,all residue allocations modulo cyclic rotation
16,2,4,26,13,2,2,one_changed,FOUND,"{""coeffs"":[1,2],""positions"":[0,13]}","[3,0,0,0,0,0,0,0,0,0,0,0,0]",1,no,all residue allocations modulo cyclic rotation
16,2,4,26,13,2,2,all_distinct,FOUND,"{""coeffs"":[1,2],""positions"":[0,13]}","[3,0,0,0,0,0,0,0,0,0,0,0,0]",1,no,all residue allocations modulo cyclic rotation
16,2,4,26,13,2,3,ones,FOUND,"{""coeffs"":[1,1,1],""positions"":[0,13,1]}","[0,1,0,0,0,0,0,0,0,0,0,0,0]",1,no,all residue allocations modulo cyclic rotation
16,2,4,26,13,2,3,one_changed,FOUND,"{""coeffs"":[2,1,1],""positions"":[0,13,1]}","[3,1,0,0,0,0,0,0,0,0,0,0,0]",1,no,all residue allocations modulo cyclic rotation
16,2,4,26,13,2,3,all_distinct,FOUND,"{""coeffs"":[1,2,3],""positions"":[0,13,1]}","[3,3,0,0,0,0,0,0,0,0,0,0,0]",1,no,all residue allocations modulo cyclic rotation
16,2,4,26,13,2,4,ones,FOUND,"{""coeffs"":[1,1,1,1],""positions"":[0,13,1,2]}","[0,1,1,0,0,0,0,0,0,0,0,0,0]",2,no,all residue allocations modulo cyclic rotation
16,2,4,26,13,2,4,one_changed,FOUND,"{""coeffs"":[2,1,1,1],""positions"":[0,13,1,14]}","[3,0,0,0,0,0,0,0,0,0,0,0,0]",1,no,all residue allocations modulo cyclic rotation
16,2,4,26,13,2,4,all_distinct,FOUND,"{""coeffs"":[1,2,3,4],""positions"":[0,13,1,14]}","[3,7,0,0,0,0,0,0,0,0,0,0,0]",1,no,all residue allocations modulo cyclic rotation
16,2,4,26,13,2,5,ones,FOUND,"{""coeffs"":[1,1,1,1,1],""positions"":[0,13,1,14,2]}","[0,0,1,0,0,0,0,0,0,0,0,0,0]",1,no,all residue allocations modulo cyclic rotation
16,2,4,26,13,2,5,one_changed,FOUND,"{""coeffs"":[2,1,1,1,1],""positions"":[0,13,1,14,2]}","[3,0,1,0,0,0,0,0,0,0,0,0,0]",1,no,all residue allocations modulo cyclic rotation
16,2,4,26,13,2,5,all_distinct,FOUND,"{""coeffs"":[1,2,3,4,5],""positions"":[0,13,1,14,2]}","[3,7,5,0,0,0,0,0,0,0,0,0,0]",1,no,all residue allocations modulo cyclic rotation
16,2,4,26,13,2,6,ones,FOUND,"{""coeffs"":[1,1,1,1,1,1],""positions"":[0,13,1,14,2,3]}","[0,0,1,1,0,0,0,0,0,0,0,0,0]",2,no,all residue allocations modulo cyclic rotation
16,2,4,26,13,2,6,one_changed,FOUND,"{""coeffs"":[2,1,1,1,1,1],""positions"":[0,13,1,14,2,15]}","[3,0,0,0,0,0,0,0,0,0,0,0,0]",1,no,all residue allocations modulo cyclic rotation
16,2,4,26,13,2,6,all_distinct,FOUND,"{""coeffs"":[1,2,3,4,5,6],""positions"":[0,13,1,14,2,15]}","[3,7,3,0,0,0,0,0,0,0,0,0,0]",1,no,all residue allocations modulo cyclic rotation
16,2,4,26,13,2,7,ones,FOUND,"{""coeffs"":[1,1,1,1,1,1,1],""positions"":[0,13,1,14,2,15,3]}","[0,0,0,1,0,0,0,0,0,0,0,0,0]",1,no,all residue allocations modulo cyclic rotation
16,2,4,26,13,2,7,one_changed,FOUND,"{""coeffs"":[2,1,1,1,1,1,1],""positions"":[0,13,1,14,2,15,3]}","[3,0,0,1,0,0,0,0,0,0,0,0,0]",1,no,all residue allocations modulo cyclic rotation
16,2,4,26,13,2,7,all_distinct,FOUND,"{""coeffs"":[1,2,3,4,5,6,7],""positions"":[0,13,1,14,2,15,3]}","[3,7,3,7,0,0,0,0,0,0,0,0,0]",1,no,all residue allocations modulo cyclic rotation
16,2,4,26,13,2,8,ones,FOUND,"{""coeffs"":[1,1,1,1,1,1,1,1],""positions"":[0,13,1,14,2,15,3,4]}","[0,0,0,1,1,0,0,0,0,0,0,0,0]",2,no,all residue allocations modulo cyclic rotation
16,2,4,26,13,2,8,one_changed,FOUND,"{""coeffs"":[2,1,1,1,1,1,1,1],""positions"":[0,13,1,14,2,15,3,16]}","[3,0,0,0,0,0,0,0,0,0,0,0,0]",1,no,all residue allocations modulo cyclic rotation
16,2,4,26,13,2,8,all_distinct,FOUND,"{""coeffs"":[1,2,3,4,5,6,7,8],""positions"":[0,13,1,14,2,15,3,16]}","[3,7,3,15,0,0,0,0,0,0,0,0,0]",1,no,all residue allocations modulo cyclic rotation
16,2,4,26,13,2,9,ones,FOUND,"{""coeffs"":[1,1,1,1,1,1,1,1,1],""positions"":[0,13,1,14,2,15,3,16,4]}","[0,0,0,0,1,0,0,0,0,0,0,0,0]",1,no,all residue allocations modulo cyclic rotation
16,2,4,26,13,2,9,one_changed,FOUND,"{""coeffs"":[2,1,1,1,1,1,1,1,1],""positions"":[0,13,1,14,2,15,3,16,4]}","[3,0,0,0,1,0,0,0,0,0,0,0,0]",1,no,all residue allocations modulo cyclic rotation
16,2,4,26,13,2,9,all_distinct,FOUND,"{""coeffs"":[1,2,3,4,5,6,7,8,9],""positions"":[0,13,1,14,2,15,3,16,4]}","[3,7,3,15,9,0,0,0,0,0,0,0,0]",1,no,all residue allocations modulo cyclic rotation
16,2,4,26,13,2,10,ones,FOUND,"{""coeffs"":[1,1,1,1,1,1,1,1,1,1],""positions"":[0,13,1,14,2,15,3,16,4,5]}","[0,0,0,0,1,1,0,0,0,0,0,0,0]",2,no,all residue allocations modulo cyclic rotation
16,2,4,26,13,2,10,one_changed,FOUND,"{""coeffs"":[2,1,1,1,1,1,1,1,1,1],""positions"":[0,13,1,14,2,15,3,16,4,17]}","[3,0,0,0,0,0,0,0,0,0,0,0,0]",1,no,all residue allocations modulo cyclic rotation
16,2,4,26,13,2,10,all_distinct,FOUND,"{""coeffs"":[1,2,3,4,5,6,7,8,9,10],""positions"":[0,13,1,14,2,15,3,16,4,17]}","[3,7,3,15,3,0,0,0,0,0,0,0,0]",1,no,all residue allocations modulo cyclic rotation
16,2,4,26,13,2,11,ones,FOUND,"{""coeffs"":[1,1,1,1,1,1,1,1,1,1,1],""positions"":[0,13,1,14,2,15,3,16,4,17,5]}","[0,0,0,0,0,1,0,0,0,0,0,0,0]",1,no,all residue allocations modulo cyclic rotation
16,2,4,26,13,2,11,one_changed,FOUND,"{""coeffs"":[2,1,1,1,1,1,1,1,1,1,1],""positions"":[0,13,1,14,2,15,3,16,4,17,5]}","[3,0,0,0,0,1,0,0,0,0,0,0,0]",1,no,all residue allocations modulo cyclic rotation
16,2,4,26,13,2,11,all_distinct,FOUND,"{""coeffs"":[1,2,3,4,5,6,7,8,9,10,11],""positions"":[0,13,1,14,2,15,3,16,4,17,5]}","[3,7,3,15,3,11,0,0,0,0,0,0,0]",1,no,all residue allocations modulo cyclic rotation
16,2,4,26,13,2,12,ones,FOUND,"{""coeffs"":[1,1,1,1,1,1,1,1,1,1,1,1],""positions"":[0,13,1,14,2,15,3,16,4,17,5,6]}","[0,0,0,0,0,1,1,0,0,0,0,0,0]",2,no,all residue allocations modulo cyclic rotation
16,2,4,26,13,2,12,one_changed,FOUND,"{""coeffs"":[2,1,1,1,1,1,1,1,1,1,1,1],""positions"":[0,13,1,14,2,15,3,16,4,17,5,18]}","[3,0,0,0,0,0,0,0,0,0,0,0,0]",1,no,all residue allocations modulo cyclic rotation
16,2,4,26,13,2,12,all_distinct,FOUND,"{""coeffs"":[1,2,3,4,5,6,7,8,9,10,11,12],""positions"":[0,13,1,14,2,15,3,16,4,17,5,18]}","[3,7,3,15,3,7,0,0,0,0,0,0,0]",1,no,all residue allocations modulo cyclic rotation
16,2,4,26,13,2,13,ones,FOUND,"{""coeffs"":[1,1,1,1,1,1,1,1,1,1,1,1,1],""positions"":[0,13,1,14,2,15,3,16,4,17,5,18,6]}","[0,0,0,0,0,0,1,0,0,0,0,0,0]",1,no,all residue allocations modulo cyclic rotation
16,2,4,26,13,2,13,one_changed,FOUND,"{""coeffs"":[2,1,1,1,1,1,1,1,1,1,1,1,1],""positions"":[0,13,1,14,2,15,3,16,4,17,5,18,6]}","[3,0,0,0,0,0,1,0,0,0,0,0,0]",1,no,all residue allocations modulo cyclic rotation
16,2,4,26,13,2,13,all_distinct,FOUND,"{""coeffs"":[1,2,3,4,5,6,7,8,9,10,11,12,13],""positions"":[0,13,1,14,2,15,3,16,4,17,5,18,6]}","[3,7,3,15,3,7,13,0,0,0,0,0,0]",1,no,all residue allocations modulo cyclic rotation
16,2,4,26,13,2,14,ones,FOUND,"{""coeffs"":[1,1,1,1,1,1,1,1,1,1,1,1,1,1],""positions"":[0,13,1,14,2,15,3,16,4,17,5,18,6,7]}","[0,0,0,0,0,0,1,1,0,0,0,0,0]",2,no,all residue allocations modulo cyclic rotation
16,2,4,26,13,2,14,one_changed,FOUND,"{""coeffs"":[2,1,1,1,1,1,1,1,1,1,1,1,1,1],""positions"":[0,13,1,14,2,15,3,16,4,17,5,18,6,19]}","[3,0,0,0,0,0,0,0,0,0,0,0,0]",1,no,all residue allocations modulo cyclic rotation
16,2,4,26,13,2,14,all_distinct,FOUND,"{""coeffs"":[1,2,3,4,5,6,7,8,9,10,11,12,13,14],""positions"":[0,13,1,14,2,15,3,16,4,17,5,18,6,19]}","[3,7,3,15,3,7,3,0,0,0,0,0,0]",1,no,all residue allocations modulo cyclic rotation
16,2,4,26,13,2,15,ones,FOUND,"{""coeffs"":[1,1,1,1,1,1,1,1,1,1,1,1,1,1,1],""positions"":[0,13,1,14,2,15,3,16,4,17,5,18,6,19,7]}","[0,0,0,0,0,0,0,1,0,0,0,0,0]",1,no,all residue allocations modulo cyclic rotation
16,2,4,26,13,2,15,one_changed,FOUND,"{""coeffs"":[2,1,1,1,1,1,1,1,1,1,1,1,1,1,1],""positions"":[0,13,1,14,2,15,3,16,4,17,5,18,6,19,7]}","[3,0,0,0,0,0,0,1,0,0,0,0,0]",1,no,all residue allocations modulo cyclic rotation
16,2,4,26,13,2,15,all_distinct,FOUND,"{""coeffs"":[1,2,3,4,5,6,7,8,9,10,11,12,13,14,15],""positions"":[0,13,1,14,2,15,3,16,4,17,5,18,6,19,7]}","[3,7,3,15,3,7,3,15,0,0,0,0,0]",1,no,all residue allocations modulo cyclic rotation
16,2,4,26,13,2,16,ones,FOUND,"{""coeffs"":[1,1,1,1,1,1,1,1,1,1,1,1,1,1,1,1],""positions"":[0,13,1,14,2,15,3,16,4,17,5,18,6,19,7,8]}","[0,0,0,0,0,0,0,1,1,0,0,0,0]",2,no,all residue allocations modulo cyclic rotation
16,2,4,26,13,2,16,one_changed,FOUND,"{""coeffs"":[2,1,1,1,1,1,1,1,1,1,1,1,1,1,1,1],""positions"":[0,13,1,14,2,15,3,16,4,17,5,18,6,19,7,20]}","[3,0,0,0,0,0,0,0,0,0,0,0,0]",1,no,all residue allocations modulo cyclic rotation
16,2,4,26,13,2,17,ones,FOUND,"{""coeffs"":[1,1,1,1,1,1,1,1,1,1,1,1,1,1,1,1,1],""positions"":[0,13,1,14,2,15,3,16,4,17,5,18,6,19,7,20,8]}","[0,0,0,0,0,0,0,0,1,0,0,0,0]",1,no,all residue allocations modulo cyclic rotation
16,2,4,26,13,2,17,one_changed,FOUND,"{""coeffs"":[2,1,1,1,1,1,1,1,1,1,1,1,1,1,1,1,1],""positions"":[0,13,1,14,2,15,3,16,4,17,5,18,6,19,7,20,8]}","[3,0,0,0,0,0,0,0,1,0,0,0,0]",1,no,all residue allocations modulo cyclic rotation
16,2,4,26,13,2,18,ones,FOUND,"{""coeffs"":[1,1,1,1,1,1,1,1,1,1,1,1,1,1,1,1,1,1],""positions"":[0,13,1,14,2,15,3,16,4,17,5,18,6,19,7,20,8,9]}","[0,0,0,0,0,0,0,0,1,1,0,0,0]",2,no,all residue allocations modulo cyclic rotation
16,2,4,26,13,2,18,one_changed,FOUND,"{""coeffs"":[2,1,1,1,1,1,1,1,1,1,1,1,1,1,1,1,1,1],""positions"":[0,13,1,14,2,15,3,16,4,17,5,18,6,19,7,20,8,21]}","[3,0,0,0,0,0,0,0,0,0,0,0,0]",1,no,all residue allocations modulo cyclic rotation
16,2,4,26,13,2,19,ones,FOUND,"{""coeffs"":[1,1,1,1,1,1,1,1,1,1,1,1,1,1,1,1,1,1,1],""positions"":[0,13,1,14,2,15,3,16,4,17,5,18,6,19,7,20,8,21,9]}","[0,0,0,0,0,0,0,0,0,1,0,0,0]",1,no,all residue allocations modulo cyclic rotation
16,2,4,26,13,2,19,one_changed,FOUND,"{""coeffs"":[2,1,1,1,1,1,1,1,1,1,1,1,1,1,1,1,1,1,1],""positions"":[0,13,1,14,2,15,3,16,4,17,5,18,6,19,7,20,8,21,9]}","[3,0,0,0,0,0,0,0,0,1,0,0,0]",1,no,all residue allocations modulo cyclic rotation
16,2,4,26,13,2,20,ones,FOUND,"{""coeffs"":[1,1,1,1,1,1,1,1,1,1,1,1,1,1,1,1,1,1,1,1],""positions"":[0,13,1,14,2,15,3,16,4,17,5,18,6,19,7,20,8,21,9,10]}","[0,0,0,0,0,0,0,0,0,1,1,0,0]",2,no,all residue allocations modulo cyclic rotation
16,2,4,26,13,2,20,one_changed,FOUND,"{""coeffs"":[2,1,1,1,1,1,1,1,1,1,1,1,1,1,1,1,1,1,1,1],""positions"":[0,13,1,14,2,15,3,16,4,17,5,18,6,19,7,20,8,21,9,22]}","[3,0,0,0,0,0,0,0,0,0,0,0,0]",1,no,all residue allocations modulo cyclic rotation
16,2,4,26,13,2,21,ones,FOUND,"{""coeffs"":[1,1,1,1,1,1,1,1,1,1,1,1,1,1,1,1,1,1,1,1,1],""positions"":[0,13,1,14,2,15,3,16,4,17,5,18,6,19,7,20,8,21,9,22,10]}","[0,0,0,0,0,0,0,0,0,0,1,0,0]",1,no,all residue allocations modulo cyclic rotation
16,2,4,26,13,2,21,one_changed,FOUND,"{""coeffs"":[2,1,1,1,1,1,1,1,1,1,1,1,1,1,1,1,1,1,1,1,1],""positions"":[0,13,1,14,2,15,3,16,4,17,5,18,6,19,7,20,8,21,9,22,10]}","[3,0,0,0,0,0,0,0,0,0,1,0,0]",1,no,all residue allocations modulo cyclic rotation
16,2,4,26,13,2,22,ones,FOUND,"{""coeffs"":[1,1,1,1,1,1,1,1,1,1,1,1,1,1,1,1,1,1,1,1,1,1],""positions"":[0,13,1,14,2,15,3,16,4,17,5,18,6,19,7,20,8,21,9,22,10,11]}","[0,0,0,0,0,0,0,0,0,0,1,1,0]",2,no,all residue allocations modulo cyclic rotation
16,2,4,26,13,2,22,one_changed,FOUND,"{""coeffs"":[2,1,1,1,1,1,1,1,1,1,1,1,1,1,1,1,1,1,1,1,1,1],""positions"":[0,13,1,14,2,15,3,16,4,17,5,18,6,19,7,20,8,21,9,22,10,23]}","[3,0,0,0,0,0,0,0,0,0,0,0,0]",1,no,all residue allocations modulo cyclic rotation
16,2,4,26,13,2,23,ones,FOUND,"{""coeffs"":[1,1,1,1,1,1,1,1,1,1,1,1,1,1,1,1,1,1,1,1,1,1,1],""positions"":[0,13,1,14,2,15,3,16,4,17,5,18,6,19,7,20,8,21,9,22,10,23,11]}","[0,0,0,0,0,0,0,0,0,0,0,1,0]",1,no,all residue allocations modulo cyclic rotation
16,2,4,26,13,2,23,one_changed,FOUND,"{""coeffs"":[2,1,1,1,1,1,1,1,1,1,1,1,1,1,1,1,1,1,1,1,1,1,1],""positions"":[0,13,1,14,2,15,3,16,4,17,5,18,6,19,7,20,8,21,9,22,10,23,11]}","[3,0,0,0,0,0,0,0,0,0,0,1,0]",1,no,all residue allocations modulo cyclic rotation
16,2,4,26,13,2,24,ones,FOUND,"{""coeffs"":[1,1,1,1,1,1,1,1,1,1,1,1,1,1,1,1,1,1,1,1,1,1,1,1],""positions"":[0,13,1,14,2,15,3,16,4,17,5,18,6,19,7,20,8,21,9,22,10,23,11,12]}","[0,0,0,0,0,0,0,0,0,0,0,1,1]",2,no,all residue allocations modulo cyclic rotation
16,2,4,26,13,2,24,one_changed,FOUND,"{""coeffs"":[2,1,1,1,1,1,1,1,1,1,1,1,1,1,1,1,1,1,1,1,1,1,1,1],""positions"":[0,13,1,14,2,15,3,16,4,17,5,18,6,19,7,20,8,21,9,22,10,23,11,24]}","[3,0,0,0,0,0,0,0,0,0,0,0,0]",1,no,all residue allocations modulo cyclic rotation
16,2,4,26,13,2,25,ones,FOUND,"{""coeffs"":[1,1,1,1,1,1,1,1,1,1,1,1,1,1,1,1,1,1,1,1,1,1,1,1,1],""positions"":[0,13,1,14,2,15,3,16,4,17,5,18,6,19,7,20,8,21,9,22,10,23,11,24,12]}","[0,0,0,0,0,0,0,0,0,0,0,0,1]",1,no,all residue allocations modulo cyclic rotation
16,2,4,26,13,2,25,one_changed,FOUND,"{""coeffs"":[2,1,1,1,1,1,1,1,1,1,1,1,1,1,1,1,1,1,1,1,1,1,1,1,1],""positions"":[0,13,1,14,2,15,3,16,4,17,5,18,6,19,7,20,8,21,9,22,10,23,11,24,12]}","[3,0,0,0,0,0,0,0,0,0,0,0,1]",1,no,all residue allocations modulo cyclic rotation
16,2,4,26,13,2,26,ones,NONE,,,1,yes,all residue allocations modulo cyclic rotation
16,2,4,26,13,2,26,one_changed,FOUND,"{""coeffs"":[2,1,1,1,1,1,1,1,1,1,1,1,1,1,1,1,1,1,1,1,1,1,1,1,1,1],""positions"":[0,13,1,14,2,15,3,16,4,17,5,18,6,19,7,20,8,21,9,22,10,23,11,24,12,25]}","[3,0,0,0,0,0,0,0,0,0,0,0,0]",1,no,all residue allocations modulo cyclic rotation
16,2,4,27,27,1,2,ones,FOUND,"{""coeffs"":[1,1],""positions"":[0,1]}","[1,1,0,0,0,0,0,0,0,0,0,0,0,0,0,0,0,0,0,0,0,0,0,0,0,0,0]",1,no,all residue allocations modulo cyclic rotation
16,2,4,27,27,1,2,one_changed,FOUND,"{""coeffs"":[1,2],""positions"":[0,1]}","[1,2,0,0,0,0,0,0,0,0,0,0,0,0,0,0,0,0,0,0,0,0,0,0,0,0,0]",1,no,all residue allocations modulo cyclic rotation
16,2,4,27,27,1,2,all_distinct,FOUND,"{""coeffs"":[1,2],""positions"":[0,1]}","[1,2,0,0,0,0,0,0,0,0,0,0,0,0,0,0,0,0,0,0,0,0,0,0,0,0,0]",1,no,all residue allocations modulo cyclic rotation
16,2,4,27,27,1,3,ones,FOUND,"{""coeffs"":[1,1,1],""positions"":[0,1,3]}","[1,1,0,1,0,0,0,0,0,0,0,0,0,0,0,0,0,0,0,0,0,0,0,0,0,0,0]",2,no,all residue allocations modulo cyclic rotation
16,2,4,27,27,1,3,one_changed,FOUND,"{""coeffs"":[2,1,1],""positions"":[0,1,2]}","[2,1,1,0,0,0,0,0,0,0,0,0,0,0,0,0,0,0,0,0,0,0,0,0,0,0,0]",1,no,all residue allocations modulo cyclic rotation
16,2,4,27,27,1,3,all_distinct,FOUND,"{""coeffs"":[1,2,3],""positions"":[0,1,2]}","[1,2,3,0,0,0,0,0,0,0,0,0,0,0,0,0,0,0,0,0,0,0,0,0,0,0,0]",1,no,all residue allocations modulo cyclic rotation
16,2,4,27,27,1,4,ones,FOUND,"{""coeffs"":[1,1,1,1],""positions"":[0,1,2,3]}","[1,1,1,1,0,0,0,0,0,0,0,0,0,0,0,0,0,0,0,0,0,0,0,0,0,0,0]",1,no,all residue allocations modulo cyclic rotation
16,2,4,27,27,1,4,one_changed,FOUND,"{""coeffs"":[2,1,1,1],""positions"":[0,1,2,3]}","[2,1,1,1,0,0,0,0,0,0,0,0,0,0,0,0,0,0,0,0,0,0,0,0,0,0,0]",1,no,all residue allocations modulo cyclic rotation
16,2,4,27,27,1,4,all_distinct,FOUND,"{""coeffs"":[1,2,3,4],""positions"":[0,1,2,3]}","[1,2,3,4,0,0,0,0,0,0,0,0,0,0,0,0,0,0,0,0,0,0,0,0,0,0,0]",1,no,all residue allocations modulo cyclic rotation
16,2,4,27,27,1,5,ones,FOUND,"{""coeffs"":[1,1,1,1,1],""positions"":[0,1,2,3,4]}","[1,1,1,1,1,0,0,0,0,0,0,0,0,0,0,0,0,0,0,0,0,0,0,0,0,0,0]",1,no,all residue allocations modulo cyclic rotation
16,2,4,27,27,1,5,one_changed,FOUND,"{""coeffs"":[2,1,1,1,1],""positions"":[0,1,2,3,4]}","[2,1,1,1,1,0,0,0,0,0,0,0,0,0,0,0,0,0,0,0,0,0,0,0,0,0,0]",1,no,all residue allocations modulo cyclic rotation
16,2,4,27,27,1,5,all_distinct,FOUND,"{""coeffs"":[1,2,3,4,5],""positions"":[0,1,2,3,4]}","[1,2,3,4,5,0,0,0,0,0,0,0,0,0,0,0,0,0,0,0,0,0,0,0,0,0,0]",1,no,all residue allocations modulo cyclic rotation
16,2,4,27,27,1,6,ones,FOUND,"{""coeffs"":[1,1,1,1,1,1],""positions"":[0,1,2,3,4,6]}","[1,1,1,1,1,0,1,0,0,0,0,0,0,0,0,0,0,0,0,0,0,0,0,0,0,0,0]",2,no,all residue allocations modulo cyclic rotation
16,2,4,27,27,1,6,one_changed,FOUND,"{""coeffs"":[2,1,1,1,1,1],""positions"":[0,1,2,3,4,5]}","[2,1,1,1,1,1,0,0,0,0,0,0,0,0,0,0,0,0,0,0,0,0,0,0,0,0,0]",1,no,all residue allocations modulo cyclic rotation
16,2,4,27,27,1,6,all_distinct,FOUND,"{""coeffs"":[1,2,3,4,5,6],""positions"":[0,1,2,3,4,5]}","[1,2,3,4,5,6,0,0,0,0,0,0,0,0,0,0,0,0,0,0,0,0,0,0,0,0,0]",1,no,all residue allocations modulo cyclic rotation
16,2,4,27,27,1,7,ones,FOUND,"{""coeffs"":[1,1,1,1,1,1,1],""positions"":[0,1,2,3,4,5,6]}","[1,1,1,1,1,1,1,0,0,0,0,0,0,0,0,0,0,0,0,0,0,0,0,0,0,0,0]",1,no,all residue allocations modulo cyclic rotation
16,2,4,27,27,1,7,one_changed,FOUND,"{""coeffs"":[2,1,1,1,1,1,1],""positions"":[0,1,2,3,4,5,6]}","[2,1,1,1,1,1,1,0,0,0,0,0,0,0,0,0,0,0,0,0,0,0,0,0,0,0,0]",1,no,all residue allocations modulo cyclic rotation
16,2,4,27,27,1,7,all_distinct,FOUND,"{""coeffs"":[1,2,3,4,5,6,7],""positions"":[0,1,2,3,4,5,6]}","[1,2,3,4,5,6,7,0,0,0,0,0,0,0,0,0,0,0,0,0,0,0,0,0,0,0,0]",1,no,all residue allocations modulo cyclic rotation
16,2,4,27,27,1,8,ones,FOUND,"{""coeffs"":[1,1,1,1,1,1,1,1],""positions"":[0,1,2,3,4,5,6,7]}","[1,1,1,1,1,1,1,1,0,0,0,0,0,0,0,0,0,0,0,0,0,0,0,0,0,0,0]",1,no,all residue allocations modulo cyclic rotation
16,2,4,27,27,1,8,one_changed,FOUND,"{""coeffs"":[2,1,1,1,1,1,1,1],""positions"":[0,1,2,3,4,5,6,7]}","[2,1,1,1,1,1,1,1,0,0,0,0,0,0,0,0,0,0,0,0,0,0,0,0,0,0,0]",1,no,all residue allocations modulo cyclic rotation
16,2,4,27,27,1,8,all_distinct,FOUND,"{""coeffs"":[1,2,3,4,5,6,7,8],""positions"":[0,1,2,3,4,5,6,7]}","[1,2,3,4,5,6,7,8,0,0,0,0,0,0,0,0,0,0,0,0,0,0,0,0,0,0,0]",1,no,all residue allocations modulo cyclic rotation
16,2,4,27,27,1,9,ones,FOUND,"{""coeffs"":[1,1,1,1,1,1,1,1,1],""positions"":[0,1,2,3,4,5,6,7,9]}","[1,1,1,1,1,1,1,1,0,1,0,0,0,0,0,0,0,0,0,0,0,0,0,0,0,0,0]",2,no,all residue allocations modulo cyclic rotation
16,2,4,27,27,1,9,one_changed,FOUND,"{""coeffs"":[2,1,1,1,1,1,1,1,1],""positions"":[0,1,2,3,4,5,6,7,8]}","[2,1,1,1,1,1,1,1,1,0,0,0,0,0,0,0,0,0,0,0,0,0,0,0,0,0,0]",1,no,all residue allocations modulo cyclic rotation
16,2,4,27,27,1,9,all_distinct,FOUND,"{""coeffs"":[1,2,3,4,5,6,7,8,9],""positions"":[0,1,2,3,4,5,6,7,8]}","[1,2,3,4,5,6,7,8,9,0,0,0,0,0,0,0,0,0,0,0,0,0,0,0,0,0,0]",1,no,all residue allocations modulo cyclic rotation
16,2,4,27,27,1,10,ones,FOUND,"{""coeffs"":[1,1,1,1,1,1,1,1,1,1],""positions"":[0,1,2,3,4,5,6,7,8,9]}","[1,1,1,1,1,1,1,1,1,1,0,0,0,0,0,0,0,0,0,0,0,0,0,0,0,0,0]",1,no,all residue allocations modulo cyclic rotation
16,2,4,27,27,1,10,one_changed,FOUND,"{""coeffs"":[2,1,1,1,1,1,1,1,1,1],""positions"":[0,1,2,3,4,5,6,7,8,9]}","[2,1,1,1,1,1,1,1,1,1,0,0,0,0,0,0,0,0,0,0,0,0,0,0,0,0,0]",1,no,all residue allocations modulo cyclic rotation
16,2,4,27,27,1,10,all_distinct,FOUND,"{""coeffs"":[1,2,3,4,5,6,7,8,9,10],""positions"":[0,1,2,3,4,5,6,7,8,9]}","[1,2,3,4,5,6,7,8,9,10,0,0,0,0,0,0,0,0,0,0,0,0,0,0,0,0,0]",1,no,all residue allocations modulo cyclic rotation
16,2,4,27,27,1,11,ones,FOUND,"{""coeffs"":[1,1,1,1,1,1,1,1,1,1,1],""positions"":[0,1,2,3,4,5,6,7,8,9,10]}","[1,1,1,1,1,1,1,1,1,1,1,0,0,0,0,0,0,0,0,0,0,0,0,0,0,0,0]",1,no,all residue allocations modulo cyclic rotation
16,2,4,27,27,1,11,one_changed,FOUND,"{""coeffs"":[2,1,1,1,1,1,1,1,1,1,1],""positions"":[0,1,2,3,4,5,6,7,8,9,10]}","[2,1,1,1,1,1,1,1,1,1,1,0,0,0,0,0,0,0,0,0,0,0,0,0,0,0,0]",1,no,all residue allocations modulo cyclic rotation
16,2,4,27,27,1,11,all_distinct,FOUND,"{""coeffs"":[1,2,3,4,5,6,7,8,9,10,11],""positions"":[0,1,2,3,4,5,6,7,8,9,10]}","[1,2,3,4,5,6,7,8,9,10,11,0,0,0,0,0,0,0,0,0,0,0,0,0,0,0,0]",1,no,all residue allocations modulo cyclic rotation
16,2,4,27,27,1,12,ones,FOUND,"{""coeffs"":[1,1,1,1,1,1,1,1,1,1,1,1],""positions"":[0,1,2,3,4,5,6,7,8,9,10,12]}","[1,1,1,1,1,1,1,1,1,1,1,0,1,0,0,0,0,0,0,0,0,0,0,0,0,0,0]",2,no,all residue allocations modulo cyclic rotation
16,2,4,27,27,1,12,one_changed,FOUND,"{""coeffs"":[2,1,1,1,1,1,1,1,1,1,1,1],""positions"":[0,1,2,3,4,5,6,7,8,9,10,11]}","[2,1,1,1,1,1,1,1,1,1,1,1,0,0,0,0,0,0,0,0,0,0,0,0,0,0,0]",1,no,all residue allocations modulo cyclic rotation
16,2,4,27,27,1,12,all_distinct,FOUND,"{""coeffs"":[1,2,3,4,5,6,7,8,9,10,11,12],""positions"":[0,1,2,3,4,5,6,7,8,9,10,11]}","[1,2,3,4,5,6,7,8,9,10,11,12,0,0,0,0,0,0,0,0,0,0,0,0,0,0,0]",1,no,all residue allocations modulo cyclic rotation
16,2,4,27,27,1,13,ones,FOUND,"{""coeffs"":[1,1,1,1,1,1,1,1,1,1,1,1,1],""positions"":[0,1,2,3,4,5,6,7,8,9,10,11,12]}","[1,1,1,1,1,1,1,1,1,1,1,1,1,0,0,0,0,0,0,0,0,0,0,0,0,0,0]",1,no,all residue allocations modulo cyclic rotation
16,2,4,27,27,1,13,one_changed,FOUND,"{""coeffs"":[2,1,1,1,1,1,1,1,1,1,1,1,1],""positions"":[0,1,2,3,4,5,6,7,8,9,10,11,12]}","[2,1,1,1,1,1,1,1,1,1,1,1,1,0,0,0,0,0,0,0,0,0,0,0,0,0,0]",1,no,all residue allocations modulo cyclic rotation
16,2,4,27,27,1,13,all_distinct,FOUND,"{""coeffs"":[1,2,3,4,5,6,7,8,9,10,11,12,13],""positions"":[0,1,2,3,4,5,6,7,8,9,10,11,12]}","[1,2,3,4,5,6,7,8,9,10,11,12,13,0,0,0,0,0,0,0,0,0,0,0,0,0,0]",1,no,all residue allocations modulo cyclic rotation
16,2,4,27,27,1,14,ones,FOUND,"{""coeffs"":[1,1,1,1,1,1,1,1,1,1,1,1,1,1],""positions"":[0,1,2,3,4,5,6,7,8,9,10,11,12,13]}","[1,1,1,1,1,1,1,1,1,1,1,1,1,1,0,0,0,0,0,0,0,0,0,0,0,0,0]",1,no,all residue allocations modulo cyclic rotation
16,2,4,27,27,1,14,one_changed,FOUND,"{""coeffs"":[2,1,1,1,1,1,1,1,1,1,1,1,1,1],""positions"":[0,1,2,3,4,5,6,7,8,9,10,11,12,13]}","[2,1,1,1,1,1,1,1,1,1,1,1,1,1,0,0,0,0,0,0,0,0,0,0,0,0,0]",1,no,all residue allocations modulo cyclic rotation
16,2,4,27,27,1,14,all_distinct,FOUND,"{""coeffs"":[1,2,3,4,5,6,7,8,9,10,11,12,13,14],""positions"":[0,1,2,3,4,5,6,7,8,9,10,11,12,13]}","[1,2,3,4,5,6,7,8,9,10,11,12,13,14,0,0,0,0,0,0,0,0,0,0,0,0,0]",1,no,all residue allocations modulo cyclic rotation
16,2,4,27,27,1,15,ones,FOUND,"{""coeffs"":[1,1,1,1,1,1,1,1,1,1,1,1,1,1,1],""positions"":[0,1,2,3,4,5,6,7,8,9,10,11,12,13,15]}","[1,1,1,1,1,1,1,1,1,1,1,1,1,1,0,1,0,0,0,0,0,0,0,0,0,0,0]",2,no,all residue allocations modulo cyclic rotation
16,2,4,27,27,1,15,one_changed,FOUND,"{""coeffs"":[2,1,1,1,1,1,1,1,1,1,1,1,1,1,1],""positions"":[0,1,2,3,4,5,6,7,8,9,10,11,12,13,14]}","[2,1,1,1,1,1,1,1,1,1,1,1,1,1,1,0,0,0,0,0,0,0,0,0,0,0,0]",1,no,all residue allocations modulo cyclic rotation
16,2,4,27,27,1,15,all_distinct,FOUND,"{""coeffs"":[1,2,3,4,5,6,7,8,9,10,11,12,13,14,15],""positions"":[0,1,2,3,4,5,6,7,8,9,10,11,12,13,14]}","[1,2,3,4,5,6,7,8,9,10,11,12,13,14,15,0,0,0,0,0,0,0,0,0,0,0,0]",1,no,all residue allocations modulo cyclic rotation
16,2,4,27,27,1,16,ones,FOUND,"{""coeffs"":[1,1,1,1,1,1,1,1,1,1,1,1,1,1,1,1],""positions"":[0,1,2,3,4,5,6,7,8,9,10,11,12,13,14,15]}","[1,1,1,1,1,1,1,1,1,1,1,1,1,1,1,1,0,0,0,0,0,0,0,0,0,0,0]",1,no,all residue allocations modulo cyclic rotation
16,2,4,27,27,1,16,one_changed,FOUND,"{""coeffs"":[2,1,1,1,1,1,1,1,1,1,1,1,1,1,1,1],""positions"":[0,1,2,3,4,5,6,7,8,9,10,11,12,13,14,15]}","[2,1,1,1,1,1,1,1,1,1,1,1,1,1,1,1,0,0,0,0,0,0,0,0,0,0,0]",1,no,all residue allocations modulo cyclic rotation
16,2,4,27,27,1,17,ones,FOUND,"{""coeffs"":[1,1,1,1,1,1,1,1,1,1,1,1,1,1,1,1,1],""positions"":[0,1,2,3,4,5,6,7,8,9,10,11,12,13,14,15,16]}","[1,1,1,1,1,1,1,1,1,1,1,1,1,1,1,1,1,0,0,0,0,0,0,0,0,0,0]",1,no,all residue allocations modulo cyclic rotation
16,2,4,27,27,1,17,one_changed,FOUND,"{""coeffs"":[2,1,1,1,1,1,1,1,1,1,1,1,1,1,1,1,1],""positions"":[0,1,2,3,4,5,6,7,8,9,10,11,12,13,14,15,16]}","[2,1,1,1,1,1,1,1,1,1,1,1,1,1,1,1,1,0,0,0,0,0,0,0,0,0,0]",1,no,all residue allocations modulo cyclic rotation
16,2,4,27,27,1,18,ones,FOUND,"{""coeffs"":[1,1,1,1,1,1,1,1,1,1,1,1,1,1,1,1,1,1],""positions"":[0,1,2,3,4,5,6,7,8,9,10,11,12,13,14,15,16,18]}","[1,1,1,1,1,1,1,1,1,1,1,1,1,1,1,1,1,0,1,0,0,0,0,0,0,0,0]",2,no,all residue allocations modulo cyclic rotation
16,2,4,27,27,1,18,one_changed,FOUND,"{""coeffs"":[2,1,1,1,1,1,1,1,1,1,1,1,1,1,1,1,1,1],""positions"":[0,1,2,3,4,5,6,7,8,9,10,11,12,13,14,15,16,17]}","[2,1,1,1,1,1,1,1,1,1,1,1,1,1,1,1,1,1,0,0,0,0,0,0,0,0,0]",1,no,all residue allocations modulo cyclic rotation
16,2,4,27,27,1,19,ones,FOUND,"{""coeffs"":[1,1,1,1,1,1,1,1,1,1,1,1,1,1,1,1,1,1,1],""positions"":[0,1,2,3,4,5,6,7,8,9,10,11,12,13,14,15,16,17,18]}","[1,1,1,1,1,1,1,1,1,1,1,1,1,1,1,1,1,1,1,0,0,0,0,0,0,0,0]",1,no,all residue allocations modulo cyclic rotation
16,2,4,27,27,1,19,one_changed,FOUND,"{""coeffs"":[2,1,1,1,1,1,1,1,1,1,1,1,1,1,1,1,1,1,1],""positions"":[0,1,2,3,4,5,6,7,8,9,10,11,12,13,14,15,16,17,18]}","[2,1,1,1,1,1,1,1,1,1,1,1,1,1,1,1,1,1,1,0,0,0,0,0,0,0,0]",1,no,all residue allocations modulo cyclic rotation
16,2,4,27,27,1,20,ones,FOUND,"{""coeffs"":[1,1,1,1,1,1,1,1,1,1,1,1,1,1,1,1,1,1,1,1],""positions"":[0,1,2,3,4,5,6,7,8,9,10,11,12,13,14,15,16,17,18,19]}","[1,1,1,1,1,1,1,1,1,1,1,1,1,1,1,1,1,1,1,1,0,0,0,0,0,0,0]",1,no,all residue allocations modulo cyclic rotation
16,2,4,27,27,1,20,one_changed,FOUND,"{""coeffs"":[2,1,1,1,1,1,1,1,1,1,1,1,1,1,1,1,1,1,1,1],""positions"":[0,1,2,3,4,5,6,7,8,9,10,11,12,13,14,15,16,17,18,19]}","[2,1,1,1,1,1,1,1,1,1,1,1,1,1,1,1,1,1,1,1,0,0,0,0,0,0,0]",1,no,all residue allocations modulo cyclic rotation
16,2,4,27,27,1,21,ones,FOUND,"{""coeffs"":[1,1,1,1,1,1,1,1,1,1,1,1,1,1,1,1,1,1,1,1,1],""positions"":[0,1,2,3,4,5,6,7,8,9,10,11,12,13,14,15,16,17,18,19,21]}","[1,1,1,1,1,1,1,1,1,1,1,1,1,1,1,1,1,1,1,1,0,1,0,0,0,0,0]",2,no,all residue allocations modulo cyclic rotation
16,2,4,27,27,1,21,one_changed,FOUND,"{""coeffs"":[2,1,1,1,1,1,1,1,1,1,1,1,1,1,1,1,1,1,1,1,1],""positions"":[0,1,2,3,4,5,6,7,8,9,10,11,12,13,14,15,16,17,18,19,20]}","[2,1,1,1,1,1,1,1,1,1,1,1,1,1,1,1,1,1,1,1,1,0,0,0,0,0,0]",1,no,all residue allocations modulo cyclic rotation
16,2,4,27,27,1,22,ones,FOUND,"{""coeffs"":[1,1,1,1,1,1,1,1,1,1,1,1,1,1,1,1,1,1,1,1,1,1],""positions"":[0,1,2,3,4,5,6,7,8,9,10,11,12,13,14,15,16,17,18,19,20,21]}","[1,1,1,1,1,1,1,1,1,1,1,1,1,1,1,1,1,1,1,1,1,1,0,0,0,0,0]",1,no,all residue allocations modulo cyclic rotation
16,2,4,27,27,1,22,one_changed,FOUND,"{""coeffs"":[2,1,1,1,1,1,1,1,1,1,1,1,1,1,1,1,1,1,1,1,1,1],""positions"":[0,1,2,3,4,5,6,7,8,9,10,11,12,13,14,15,16,17,18,19,20,21]}","[2,1,1,1,1,1,1,1,1,1,1,1,1,1,1,1,1,1,1,1,1,1,0,0,0,0,0]",1,no,all residue allocations modulo cyclic rotation
16,2,4,27,27,1,23,ones,FOUND,"{""coeffs"":[1,1,1,1,1,1,1,1,1,1,1,1,1,1,1,1,1,1,1,1,1,1,1],""positions"":[0,1,2,3,4,5,6,7,8,9,10,11,12,13,14,15,16,17,18,19,20,21,22]}","[1,1,1,1,1,1,1,1,1,1,1,1,1,1,1,1,1,1,1,1,1,1,1,0,0,0,0]",1,no,all residue allocations modulo cyclic rotation
16,2,4,27,27,1,23,one_changed,FOUND,"{""coeffs"":[2,1,1,1,1,1,1,1,1,1,1,1,1,1,1,1,1,1,1,1,1,1,1],""positions"":[0,1,2,3,4,5,6,7,8,9,10,11,12,13,14,15,16,17,18,19,20,21,22]}","[2,1,1,1,1,1,1,1,1,1,1,1,1,1,1,1,1,1,1,1,1,1,1,0,0,0,0]",1,no,all residue allocations modulo cyclic rotation
16,2,4,27,27,1,24,ones,FOUND,"{""coeffs"":[1,1,1,1,1,1,1,1,1,1,1,1,1,1,1,1,1,1,1,1,1,1,1,1],""positions"":[0,1,2,3,4,5,6,7,8,9,10,11,12,13,14,15,16,17,18,19,20,21,22,24]}","[1,1,1,1,1,1,1,1,1,1,1,1,1,1,1,1,1,1,1,1,1,1,1,0,1,0,0]",2,no,all residue allocations modulo cyclic rotation
16,2,4,27,27,1,24,one_changed,FOUND,"{""coeffs"":[2,1,1,1,1,1,1,1,1,1,1,1,1,1,1,1,1,1,1,1,1,1,1,1],""positions"":[0,1,2,3,4,5,6,7,8,9,10,11,12,13,14,15,16,17,18,19,20,21,22,23]}","[2,1,1,1,1,1,1,1,1,1,1,1,1,1,1,1,1,1,1,1,1,1,1,1,0,0,0]",1,no,all residue allocations modulo cyclic rotation
16,2,4,27,27,1,25,ones,FOUND,"{""coeffs"":[1,1,1,1,1,1,1,1,1,1,1,1,1,1,1,1,1,1,1,1,1,1,1,1,1],""positions"":[0,1,2,3,4,5,6,7,8,9,10,11,12,13,14,15,16,17,18,19,20,21,22,23,24]}","[1,1,1,1,1,1,1,1,1,1,1,1,1,1,1,1,1,1,1,1,1,1,1,1,1,0,0]",1,no,all residue allocations modulo cyclic rotation
16,2,4,27,27,1,25,one_changed,FOUND,"{""coeffs"":[2,1,1,1,1,1,1,1,1,1,1,1,1,1,1,1,1,1,1,1,1,1,1,1,1],""positions"":[0,1,2,3,4,5,6,7,8,9,10,11,12,13,14,15,16,17,18,19,20,21,22,23,24]}","[2,1,1,1,1,1,1,1,1,1,1,1,1,1,1,1,1,1,1,1,1,1,1,1,1,0,0]",1,no,all residue allocations modulo cyclic rotation
16,2,4,27,27,1,26,ones,FOUND,"{""coeffs"":[1,1,1,1,1,1,1,1,1,1,1,1,1,1,1,1,1,1,1,1,1,1,1,1,1,1],""positions"":[0,1,2,3,4,5,6,7,8,9,10,11,12,13,14,15,16,17,18,19,20,21,22,23,24,25]}","[1,1,1,1,1,1,1,1,1,1,1,1,1,1,1,1,1,1,1,1,1,1,1,1,1,1,0]",1,no,all residue allocations modulo cyclic rotation
16,2,4,27,27,1,26,one_changed,FOUND,"{""coeffs"":[2,1,1,1,1,1,1,1,1,1,1,1,1,1,1,1,1,1,1,1,1,1,1,1,1,1],""positions"":[0,1,2,3,4,5,6,7,8,9,10,11,12,13,14,15,16,17,18,19,20,21,22,23,24,25]}","[2,1,1,1,1,1,1,1,1,1,1,1,1,1,1,1,1,1,1,1,1,1,1,1,1,1,0]",1,no,all residue allocations modulo cyclic rotation
16,2,4,27,27,1,27,ones,NONE,,,1,yes,all residue allocations modulo cyclic rotation
16,2,4,27,27,1,27,one_changed,FOUND,"{""coeffs"":[2,1,1,1,1,1,1,1,1,1,1,1,1,1,1,1,1,1,1,1,1,1,1,1,1,1,1],""positions"":[0,1,2,3,4,5,6,7,8,9,10,11,12,13,14,15,16,17,18,19,20,21,22,23,24,25,26]}","[2,1,1,1,1,1,1,1,1,1,1,1,1,1,1,1,1,1,1,1,1,1,1,1,1,1,1]",1,no,all residue allocations modulo cyclic rotation
16,2,4,28,7,4,2,ones,FOUND,"{""coeffs"":[1,1],""positions"":[0,1]}","[1,1,0,0,0,0,0]",2,no,all residue allocations modulo cyclic rotation
16,2,4,28,7,4,2,one_changed,FOUND,"{""coeffs"":[1,2],""positions"":[0,7]}","[3,0,0,0,0,0,0]",1,no,all residue allocations modulo cyclic rotation
16,2,4,28,7,4,2,all_distinct,FOUND,"{""coeffs"":[1,2],""positions"":[0,7]}","[3,0,0,0,0,0,0]",1,no,all residue allocations modulo cyclic rotation
16,2,4,28,7,4,3,ones,FOUND,"{""coeffs"":[1,1,1],""positions"":[0,7,14]}","[1,0,0,0,0,0,0]",1,no,all residue allocations modulo cyclic rotation
16,2,4,28,7,4,3,one_changed,FOUND,"{""coeffs"":[2,1,1],""positions"":[0,7,14]}","[2,0,0,0,0,0,0]",1,no,all residue allocations modulo cyclic rotation
16,2,4,28,7,4,3,all_distinct,FOUND,"{""coeffs"":[1,2,3],""positions"":[0,7,1]}","[3,3,0,0,0,0,0]",2,no,all residue allocations modulo cyclic rotation
16,2,4,28,7,4,4,ones,FOUND,"{""coeffs"":[1,1,1,1],""positions"":[0,7,14,1]}","[1,1,0,0,0,0,0]",2,no,all residue allocations modulo cyclic rotation
16,2,4,28,7,4,4,one_changed,FOUND,"{""coeffs"":[2,1,1,1],""positions"":[0,7,14,21]}","[3,0,0,0,0,0,0]",1,no,all residue allocations modulo cyclic rotation
16,2,4,28,7,4,4,all_distinct,FOUND,"{""coeffs"":[1,2,3,4],""positions"":[0,7,14,21]}","[4,0,0,0,0,0,0]",1,no,all residue allocations modulo cyclic rotation
16,2,4,28,7,4,5,ones,FOUND,"{""coeffs"":[1,1,1,1,1],""positions"":[0,7,14,21,1]}","[0,1,0,0,0,0,0]",1,no,all residue allocations modulo cyclic rotation
16,2,4,28,7,4,5,one_changed,FOUND,"{""coeffs"":[2,1,1,1,1],""positions"":[0,7,14,21,1]}","[3,1,0,0,0,0,0]",1,no,all residue allocations modulo cyclic rotation
16,2,4,28,7,4,5,all_distinct,FOUND,"{""coeffs"":[1,2,3,4,5],""positions"":[0,7,14,21,1]}","[4,5,0,0,0,0,0]",1,no,all residue allocations modulo cyclic rotation
16,2,4,28,7,4,6,ones,FOUND,"{""coeffs"":[1,1,1,1,1,1],""positions"":[0,7,14,21,1,2]}","[0,1,1,0,0,0,0]",2,no,all residue allocations modulo cyclic rotation
16,2,4,28,7,4,6,one_changed,FOUND,"{""coeffs"":[2,1,1,1,1,1],""positions"":[0,7,14,21,1,8]}","[3,0,0,0,0,0,0]",1,no,all residue allocations modulo cyclic rotation
16,2,4,28,7,4,6,all_distinct,FOUND,"{""coeffs"":[1,2,3,4,5,6],""positions"":[0,7,14,21,1,8]}","[4,3,0,0,0,0,0]",1,no,all residue allocations modulo cyclic rotation
16,2,4,28,7,4,7,ones,FOUND,"{""coeffs"":[1,1,1,1,1,1,1],""positions"":[0,7,14,21,1,8,15]}","[0,1,0,0,0,0,0]",1,no,all residue allocations modulo cyclic rotation
16,2,4,28,7,4,7,one_changed,FOUND,"{""coeffs"":[2,1,1,1,1,1,1],""positions"":[0,7,14,21,1,8,15]}","[3,1,0,0,0,0,0]",1,no,all residue allocations modulo cyclic rotation
16,2,4,28,7,4,7,all_distinct,FOUND,"{""coeffs"":[1,2,3,4,5,6,7],""positions"":[0,7,14,21,1,8,15]}","[4,4,0,0,0,0,0]",1,no,all residue allocations modulo cyclic rotation
16,2,4,28,7,4,8,ones,FOUND,"{""coeffs"":[1,1,1,1,1,1,1,1],""positions"":[0,7,14,21,1,8,15,2]}","[0,1,1,0,0,0,0]",2,no,all residue allocations modulo cyclic rotation
16,2,4,28,7,4,8,one_changed,FOUND,"{""coeffs"":[2,1,1,1,1,1,1,1],""positions"":[0,7,14,21,1,8,15,22]}","[3,0,0,0,0,0,0]",1,no,all residue allocations modulo cyclic rotation
16,2,4,28,7,4,8,all_distinct,FOUND,"{""coeffs"":[1,2,3,4,5,6,7,8],""positions"":[0,7,14,21,1,8,15,22]}","[4,12,0,0,0,0,0]",1,no,all residue allocations modulo cyclic rotation
16,2,4,28,7,4,9,ones,FOUND,"{""coeffs"":[1,1,1,1,1,1,1,1,1],""positions"":[0,7,14,21,1,8,15,22,2]}","[0,0,1,0,0,0,0]",1,no,all residue allocations modulo cyclic rotation
16,2,4,28,7,4,9,one_changed,FOUND,"{""coeffs"":[2,1,1,1,1,1,1,1,1],""positions"":[0,7,14,21,1,8,15,22,2]}","[3,0,1,0,0,0,0]",1,no,all residue allocations modulo cyclic rotation
16,2,4,28,7,4,9,all_distinct,FOUND,"{""coeffs"":[1,2,3,4,5,6,7,8,9],""positions"":[0,7,14,21,1,8,15,22,2]}","[4,12,9,0,0,0,0]",1,no,all residue allocations modulo cyclic rotation
16,2,4,28,7,4,10,ones,FOUND,"{""coeffs"":[1,1,1,1,1,1,1,1,1,1],""positions"":[0,7,14,21,1,8,15,22,2,3]}","[0,0,1,1,0,0,0]",2,no,all residue allocations modulo cyclic rotation
16,2,4,28,7,4,10,one_changed,FOUND,"{""coeffs"":[2,1,1,1,1,1,1,1,1,1],""positions"":[0,7,14,21,1,8,15,22,2,9]}","[3,0,0,0,0,0,0]",1,no,all residue allocations modulo cyclic rotation
16,2,4,28,7,4,10,all_distinct,FOUND,"{""coeffs"":[1,2,3,4,5,6,7,8,9,10],""positions"":[0,7,14,21,1,8,15,22,2,9]}","[4,12,3,0,0,0,0]",1,no,all residue allocations modulo cyclic rotation
16,2,4,28,7,4,11,ones,FOUND,"{""coeffs"":[1,1,1,1,1,1,1,1,1,1,1],""positions"":[0,7,14,21,1,8,15,22,2,9,16]}","[0,0,1,0,0,0,0]",1,no,all residue allocations modulo cyclic rotation
16,2,4,28,7,4,11,one_changed,FOUND,"{""coeffs"":[2,1,1,1,1,1,1,1,1,1,1],""positions"":[0,7,14,21,1,8,15,22,2,9,16]}","[3,0,1,0,0,0,0]",1,no,all residue allocations modulo cyclic rotation
16,2,4,28,7,4,11,all_distinct,FOUND,"{""coeffs"":[1,2,3,4,5,6,7,8,9,10,11],""positions"":[0,7,14,21,1,8,15,22,2,9,16]}","[4,12,8,0,0,0,0]",1,no,all residue allocations modulo cyclic rotation
16,2,4,28,7,4,12,ones,FOUND,"{""coeffs"":[1,1,1,1,1,1,1,1,1,1,1,1],""positions"":[0,7,14,21,1,8,15,22,2,9,16,3]}","[0,0,1,1,0,0,0]",2,no,all residue allocations modulo cyclic rotation
16,2,4,28,7,4,12,one_changed,FOUND,"{""coeffs"":[2,1,1,1,1,1,1,1,1,1,1,1],""positions"":[0,7,14,21,1,8,15,22,2,9,16,23]}","[3,0,0,0,0,0,0]",1,no,all residue allocations modulo cyclic rotation
16,2,4,28,7,4,12,all_distinct,FOUND,"{""coeffs"":[1,2,3,4,5,6,7,8,9,10,11,12],""positions"":[0,7,14,21,1,8,15,22,2,9,16,23]}","[4,12,4,0,0,0,0]",1,no,all residue allocations modulo cyclic rotation
16,2,4,28,7,4,13,ones,FOUND,"{""coeffs"":[1,1,1,1,1,1,1,1,1,1,1,1,1],""positions"":[0,7,14,21,1,8,15,22,2,9,16,23,3]}","[0,0,0,1,0,0,0]",1,no,all residue allocations modulo cyclic rotation
16,2,4,28,7,4,13,one_changed,FOUND,"{""coeffs"":[2,1,1,1,1,1,1,1,1,1,1,1,1],""positions"":[0,7,14,21,1,8,15,22,2,9,16,23,3]}","[3,0,0,1,0,0,0]",1,no,all residue allocations modulo cyclic rotation
16,2,4,28,7,4,13,all_distinct,FOUND,"{""coeffs"":[1,2,3,4,5,6,7,8,9,10,11,12,13],""positions"":[0,7,14,21,1,8,15,22,2,9,16,23,3]}","[4,12,4,13,0,0,0]",1,no,all residue allocations modulo cyclic rotation
16,2,4,28,7,4,14,ones,FOUND,"{""coeffs"":[1,1,1,1,1,1,1,1,1,1,1,1,1,1],""positions"":[0,7,14,21,1,8,15,22,2,9,16,23,3,4]}","[0,0,0,1,1,0,0]",2,no,all residue allocations modulo cyclic rotation
16,2,4,28,7,4,14,one_changed,FOUND,"{""coeffs"":[2,1,1,1,1,1,1,1,1,1,1,1,1,1],""positions"":[0,7,14,21,1,8,15,22,2,9,16,23,3,10]}","[3,0,0,0,0,0,0]",1,no,all residue allocations modulo cyclic rotation
16,2,4,28,7,4,14,all_distinct,FOUND,"{""coeffs"":[1,2,3,4,5,6,7,8,9,10,11,12,13,14],""positions"":[0,7,14,21,1,8,15,22,2,9,16,23,3,10]}","[4,12,4,3,0,0,0]",1,no,all residue allocations modulo cyclic rotation
16,2,4,28,7,4,15,ones,FOUND,"{""coeffs"":[1,1,1,1,1,1,1,1,1,1,1,1,1,1,1],""positions"":[0,7,14,21,1,8,15,22,2,9,16,23,3,10,17]}","[0,0,0,1,0,0,0]",1,no,all residue allocations modulo cyclic rotation
16,2,4,28,7,4,15,one_changed,FOUND,"{""coeffs"":[2,1,1,1,1,1,1,1,1,1,1,1,1,1,1],""positions"":[0,7,14,21,1,8,15,22,2,9,16,23,3,10,17]}","[3,0,0,1,0,0,0]",1,no,all residue allocations modulo cyclic rotation
16,2,4,28,7,4,15,all_distinct,FOUND,"{""coeffs"":[1,2,3,4,5,6,7,8,9,10,11,12,13,14,15],""positions"":[0,7,14,21,1,8,15,22,2,9,16,23,3,10,17]}","[4,12,4,12,0,0,0]",1,no,all residue allocations modulo cyclic rotation
16,2,4,28,7,4,16,ones,FOUND,"{""coeffs"":[1,1,1,1,1,1,1,1,1,1,1,1,1,1,1,1],""positions"":[0,7,14,21,1,8,15,22,2,9,16,23,3,10,17,4]}","[0,0,0,1,1,0,0]",2,no,all residue allocations modulo cyclic rotation
16,2,4,28,7,4,16,one_changed,FOUND,"{""coeffs"":[2,1,1,1,1,1,1,1,1,1,1,1,1,1,1,1],""positions"":[0,7,14,21,1,8,15,22,2,9,16,23,3,10,17,24]}","[3,0,0,0,0,0,0]",1,no,all residue allocations modulo cyclic rotation
16,2,4,28,7,4,17,ones,FOUND,"{""coeffs"":[1,1,1,1,1,1,1,1,1,1,1,1,1,1,1,1,1],""positions"":[0,7,14,21,1,8,15,22,2,9,16,23,3,10,17,24,4]}","[0,0,0,0,1,0,0]",1,no,all residue allocations modulo cyclic rotation
16,2,4,28,7,4,17,one_changed,FOUND,"{""coeffs"":[2,1,1,1,1,1,1,1,1,1,1,1,1,1,1,1,1],""positions"":[0,7,14,21,1,8,15,22,2,9,16,23,3,10,17,24,4]}","[3,0,0,0,1,0,0]",1,no,all residue allocations modulo cyclic rotation
16,2,4,28,7,4,18,ones,FOUND,"{""coeffs"":[1,1,1,1,1,1,1,1,1,1,1,1,1,1,1,1,1,1],""positions"":[0,7,14,21,1,8,15,22,2,9,16,23,3,10,17,24,4,5]}","[0,0,0,0,1,1,0]",2,no,all residue allocations modulo cyclic rotation
16,2,4,28,7,4,18,one_changed,FOUND,"{""coeffs"":[2,1,1,1,1,1,1,1,1,1,1,1,1,1,1,1,1,1],""positions"":[0,7,14,21,1,8,15,22,2,9,16,23,3,10,17,24,4,11]}","[3,0,0,0,0,0,0]",1,no,all residue allocations modulo cyclic rotation
16,2,4,28,7,4,19,ones,FOUND,"{""coeffs"":[1,1,1,1,1,1,1,1,1,1,1,1,1,1,1,1,1,1,1],""positions"":[0,7,14,21,1,8,15,22,2,9,16,23,3,10,17,24,4,11,18]}","[0,0,0,0,1,0,0]",1,no,all residue allocations modulo cyclic rotation
16,2,4,28,7,4,19,one_changed,FOUND,"{""coeffs"":[2,1,1,1,1,1,1,1,1,1,1,1,1,1,1,1,1,1,1],""positions"":[0,7,14,21,1,8,15,22,2,9,16,23,3,10,17,24,4,11,18]}","[3,0,0,0,1,0,0]",1,no,all residue allocations modulo cyclic rotation
16,2,4,28,7,4,20,ones,FOUND,"{""coeffs"":[1,1,1,1,1,1,1,1,1,1,1,1,1,1,1,1,1,1,1,1],""positions"":[0,7,14,21,1,8,15,22,2,9,16,23,3,10,17,24,4,11,18,5]}","[0,0,0,0,1,1,0]",2,no,all residue allocations modulo cyclic rotation
16,2,4,28,7,4,20,one_changed,FOUND,"{""coeffs"":[2,1,1,1,1,1,1,1,1,1,1,1,1,1,1,1,1,1,1,1],""positions"":[0,7,14,21,1,8,15,22,2,9,16,23,3,10,17,24,4,11,18,25]}","[3,0,0,0,0,0,0]",1,no,all residue allocations modulo cyclic rotation
16,2,4,28,7,4,21,ones,FOUND,"{""coeffs"":[1,1,1,1,1,1,1,1,1,1,1,1,1,1,1,1,1,1,1,1,1],""positions"":[0,7,14,21,1,8,15,22,2,9,16,23,3,10,17,24,4,11,18,25,5]}","[0,0,0,0,0,1,0]",1,no,all residue allocations modulo cyclic rotation
16,2,4,28,7,4,21,one_changed,FOUND,"{""coeffs"":[2,1,1,1,1,1,1,1,1,1,1,1,1,1,1,1,1,1,1,1,1],""positions"":[0,7,14,21,1,8,15,22,2,9,16,23,3,10,17,24,4,11,18,25,5]}","[3,0,0,0,0,1,0]",1,no,all residue allocations modulo cyclic rotation
16,2,4,28,7,4,22,ones,FOUND,"{""coeffs"":[1,1,1,1,1,1,1,1,1,1,1,1,1,1,1,1,1,1,1,1,1,1],""positions"":[0,7,14,21,1,8,15,22,2,9,16,23,3,10,17,24,4,11,18,25,5,6]}","[0,0,0,0,0,1,1]",2,no,all residue allocations modulo cyclic rotation
16,2,4,28,7,4,22,one_changed,FOUND,"{""coeffs"":[2,1,1,1,1,1,1,1,1,1,1,1,1,1,1,1,1,1,1,1,1,1],""positions"":[0,7,14,21,1,8,15,22,2,9,16,23,3,10,17,24,4,11,18,25,5,12]}","[3,0,0,0,0,0,0]",1,no,all residue allocations modulo cyclic rotation
16,2,4,28,7,4,23,ones,FOUND,"{""coeffs"":[1,1,1,1,1,1,1,1,1,1,1,1,1,1,1,1,1,1,1,1,1,1,1],""positions"":[0,7,14,21,1,8,15,22,2,9,16,23,3,10,17,24,4,11,18,25,5,12,19]}","[0,0,0,0,0,1,0]",1,no,all residue allocations modulo cyclic rotation
16,2,4,28,7,4,23,one_changed,FOUND,"{""coeffs"":[2,1,1,1,1,1,1,1,1,1,1,1,1,1,1,1,1,1,1,1,1,1,1],""positions"":[0,7,14,21,1,8,15,22,2,9,16,23,3,10,17,24,4,11,18,25,5,12,19]}","[3,0,0,0,0,1,0]",1,no,all residue allocations modulo cyclic rotation
16,2,4,28,7,4,24,ones,FOUND,"{""coeffs"":[1,1,1,1,1,1,1,1,1,1,1,1,1,1,1,1,1,1,1,1,1,1,1,1],""positions"":[0,7,14,21,1,8,15,22,2,9,16,23,3,10,17,24,4,11,18,25,5,12,19,6]}","[0,0,0,0,0,1,1]",2,no,all residue allocations modulo cyclic rotation
16,2,4,28,7,4,24,one_changed,FOUND,"{""coeffs"":[2,1,1,1,1,1,1,1,1,1,1,1,1,1,1,1,1,1,1,1,1,1,1,1],""positions"":[0,7,14,21,1,8,15,22,2,9,16,23,3,10,17,24,4,11,18,25,5,12,19,26]}","[3,0,0,0,0,0,0]",1,no,all residue allocations modulo cyclic rotation
16,2,4,28,7,4,25,ones,FOUND,"{""coeffs"":[1,1,1,1,1,1,1,1,1,1,1,1,1,1,1,1,1,1,1,1,1,1,1,1,1],""positions"":[0,7,14,21,1,8,15,22,2,9,16,23,3,10,17,24,4,11,18,25,5,12,19,26,6]}","[0,0,0,0,0,0,1]",1,no,all residue allocations modulo cyclic rotation
16,2,4,28,7,4,25,one_changed,FOUND,"{""coeffs"":[2,1,1,1,1,1,1,1,1,1,1,1,1,1,1,1,1,1,1,1,1,1,1,1,1],""positions"":[0,7,14,21,1,8,15,22,2,9,16,23,3,10,17,24,4,11,18,25,5,12,19,26,6]}","[3,0,0,0,0,0,1]",1,no,all residue allocations modulo cyclic rotation
16,2,4,28,7,4,26,ones,FOUND,"{""coeffs"":[1,1,1,1,1,1,1,1,1,1,1,1,1,1,1,1,1,1,1,1,1,1,1,1,1,1],""positions"":[0,7,14,21,1,8,15,22,2,9,16,23,3,10,17,24,4,11,18,25,5,12,19,6,13,20]}","[0,0,0,0,0,1,1]",2,no,all residue allocations modulo cyclic rotation
16,2,4,28,7,4,26,one_changed,FOUND,"{""coeffs"":[2,1,1,1,1,1,1,1,1,1,1,1,1,1,1,1,1,1,1,1,1,1,1,1,1,1],""positions"":[0,7,14,21,1,8,15,22,2,9,16,23,3,10,17,24,4,11,18,25,5,12,19,26,6,13]}","[3,0,0,0,0,0,0]",1,no,all residue allocations modulo cyclic rotation
16,2,4,28,7,4,27,ones,FOUND,"{""coeffs"":[1,1,1,1,1,1,1,1,1,1,1,1,1,1,1,1,1,1,1,1,1,1,1,1,1,1,1],""positions"":[0,7,14,21,1,8,15,22,2,9,16,23,3,10,17,24,4,11,18,25,5,12,19,26,6,13,20]}","[0,0,0,0,0,0,1]",1,no,all residue allocations modulo cyclic rotation
16,2,4,28,7,4,27,one_changed,FOUND,"{""coeffs"":[2,1,1,1,1,1,1,1,1,1,1,1,1,1,1,1,1,1,1,1,1,1,1,1,1,1,1],""positions"":[0,7,14,21,1,8,15,22,2,9,16,23,3,10,17,24,4,11,18,25,5,12,19,26,6,13,20]}","[3,0,0,0,0,0,1]",1,no,all residue allocations modulo cyclic rotation
16,2,4,28,7,4,28,ones,NONE,,,1,yes,all residue allocations modulo cyclic rotation
16,2,4,28,7,4,28,one_changed,FOUND,"{""coeffs"":[2,1,1,1,1,1,1,1,1,1,1,1,1,1,1,1,1,1,1,1,1,1,1,1,1,1,1,1],""positions"":[0,7,14,21,1,8,15,22,2,9,16,23,3,10,17,24,4,11,18,25,5,12,19,26,6,13,20,27]}","[3,0,0,0,0,0,0]",1,no,all residue allocations modulo cyclic rotation
16,2,4,29,29,1,2,ones,FOUND,"{""coeffs"":[1,1],""positions"":[0,1]}","[1,1,0,0,0,0,0,0,0,0,0,0,0,0,0,0,0,0,0,0,0,0,0,0,0,0,0,0,0]",1,no,all residue allocations modulo cyclic rotation
16,2,4,29,29,1,2,one_changed,FOUND,"{""coeffs"":[1,2],""positions"":[0,1]}","[1,2,0,0,0,0,0,0,0,0,0,0,0,0,0,0,0,0,0,0,0,0,0,0,0,0,0,0,0]",1,no,all residue allocations modulo cyclic rotation
16,2,4,29,29,1,2,all_distinct,FOUND,"{""coeffs"":[1,2],""positions"":[0,1]}","[1,2,0,0,0,0,0,0,0,0,0,0,0,0,0,0,0,0,0,0,0,0,0,0,0,0,0,0,0]",1,no,all residue allocations modulo cyclic rotation
16,2,4,29,29,1,3,ones,FOUND,"{""coeffs"":[1,1,1],""positions"":[0,1,2]}","[1,1,1,0,0,0,0,0,0,0,0,0,0,0,0,0,0,0,0,0,0,0,0,0,0,0,0,0,0]",1,no,all residue allocations modulo cyclic rotation
16,2,4,29,29,1,3,one_changed,FOUND,"{""coeffs"":[2,1,1],""positions"":[0,1,2]}","[2,1,1,0,0,0,0,0,0,0,0,0,0,0,0,0,0,0,0,0,0,0,0,0,0,0,0,0,0]",1,no,all residue allocations modulo cyclic rotation
16,2,4,29,29,1,3,all_distinct,FOUND,"{""coeffs"":[1,2,3],""positions"":[0,1,2]}","[1,2,3,0,0,0,0,0,0,0,0,0,0,0,0,0,0,0,0,0,0,0,0,0,0,0,0,0,0]",1,no,all residue allocations modulo cyclic rotation
16,2,4,29,29,1,4,ones,FOUND,"{""coeffs"":[1,1,1,1],""positions"":[0,1,2,3]}","[1,1,1,1,0,0,0,0,0,0,0,0,0,0,0,0,0,0,0,0,0,0,0,0,0,0,0,0,0]",1,no,all residue allocations modulo cyclic rotation
16,2,4,29,29,1,4,one_changed,FOUND,"{""coeffs"":[2,1,1,1],""positions"":[0,1,2,3]}","[2,1,1,1,0,0,0,0,0,0,0,0,0,0,0,0,0,0,0,0,0,0,0,0,0,0,0,0,0]",1,no,all residue allocations modulo cyclic rotation
16,2,4,29,29,1,4,all_distinct,FOUND,"{""coeffs"":[1,2,3,4],""positions"":[0,1,2,3]}","[1,2,3,4,0,0,0,0,0,0,0,0,0,0,0,0,0,0,0,0,0,0,0,0,0,0,0,0,0]",1,no,all residue allocations modulo cyclic rotation
16,2,4,29,29,1,5,ones,FOUND,"{""coeffs"":[1,1,1,1,1],""positions"":[0,1,2,3,4]}","[1,1,1,1,1,0,0,0,0,0,0,0,0,0,0,0,0,0,0,0,0,0,0,0,0,0,0,0,0]",1,no,all residue allocations modulo cyclic rotation
16,2,4,29,29,1,5,one_changed,FOUND,"{""coeffs"":[2,1,1,1,1],""positions"":[0,1,2,3,4]}","[2,1,1,1,1,0,0,0,0,0,0,0,0,0,0,0,0,0,0,0,0,0,0,0,0,0,0,0,0]",1,no,all residue allocations modulo cyclic rotation
16,2,4,29,29,1,5,all_distinct,FOUND,"{""coeffs"":[1,2,3,4,5],""positions"":[0,1,2,3,4]}","[1,2,3,4,5,0,0,0,0,0,0,0,0,0,0,0,0,0,0,0,0,0,0,0,0,0,0,0,0]",1,no,all residue allocations modulo cyclic rotation
16,2,4,29,29,1,6,ones,FOUND,"{""coeffs"":[1,1,1,1,1,1],""positions"":[0,1,2,3,4,5]}","[1,1,1,1,1,1,0,0,0,0,0,0,0,0,0,0,0,0,0,0,0,0,0,0,0,0,0,0,0]",1,no,all residue allocations modulo cyclic rotation
16,2,4,29,29,1,6,one_changed,FOUND,"{""coeffs"":[2,1,1,1,1,1],""positions"":[0,1,2,3,4,5]}","[2,1,1,1,1,1,0,0,0,0,0,0,0,0,0,0,0,0,0,0,0,0,0,0,0,0,0,0,0]",1,no,all residue allocations modulo cyclic rotation
16,2,4,29,29,1,6,all_distinct,FOUND,"{""coeffs"":[1,2,3,4,5,6],""positions"":[0,1,2,3,4,5]}","[1,2,3,4,5,6,0,0,0,0,0,0,0,0,0,0,0,0,0,0,0,0,0,0,0,0,0,0,0]",1,no,all residue allocations modulo cyclic rotation
16,2,4,29,29,1,7,ones,FOUND,"{""coeffs"":[1,1,1,1,1,1,1],""positions"":[0,1,2,3,4,5,6]}","[1,1,1,1,1,1,1,0,0,0,0,0,0,0,0,0,0,0,0,0,0,0,0,0,0,0,0,0,0]",1,no,all residue allocations modulo cyclic rotation
16,2,4,29,29,1,7,one_changed,FOUND,"{""coeffs"":[2,1,1,1,1,1,1],""positions"":[0,1,2,3,4,5,6]}","[2,1,1,1,1,1,1,0,0,0,0,0,0,0,0,0,0,0,0,0,0,0,0,0,0,0,0,0,0]",1,no,all residue allocations modulo cyclic rotation
16,2,4,29,29,1,7,all_distinct,FOUND,"{""coeffs"":[1,2,3,4,5,6,7],""positions"":[0,1,2,3,4,5,6]}","[1,2,3,4,5,6,7,0,0,0,0,0,0,0,0,0,0,0,0,0,0,0,0,0,0,0,0,0,0]",1,no,all residue allocations modulo cyclic rotation
16,2,4,29,29,1,8,ones,FOUND,"{""coeffs"":[1,1,1,1,1,1,1,1],""positions"":[0,1,2,3,4,5,6,7]}","[1,1,1,1,1,1,1,1,0,0,0,0,0,0,0,0,0,0,0,0,0,0,0,0,0,0,0,0,0]",1,no,all residue allocations modulo cyclic rotation
16,2,4,29,29,1,8,one_changed,FOUND,"{""coeffs"":[2,1,1,1,1,1,1,1],""positions"":[0,1,2,3,4,5,6,7]}","[2,1,1,1,1,1,1,1,0,0,0,0,0,0,0,0,0,0,0,0,0,0,0,0,0,0,0,0,0]",1,no,all residue allocations modulo cyclic rotation
16,2,4,29,29,1,8,all_distinct,FOUND,"{""coeffs"":[1,2,3,4,5,6,7,8],""positions"":[0,1,2,3,4,5,6,7]}","[1,2,3,4,5,6,7,8,0,0,0,0,0,0,0,0,0,0,0,0,0,0,0,0,0,0,0,0,0]",1,no,all residue allocations modulo cyclic rotation
16,2,4,29,29,1,9,ones,FOUND,"{""coeffs"":[1,1,1,1,1,1,1,1,1],""positions"":[0,1,2,3,4,5,6,7,8]}","[1,1,1,1,1,1,1,1,1,0,0,0,0,0,0,0,0,0,0,0,0,0,0,0,0,0,0,0,0]",1,no,all residue allocations modulo cyclic rotation
16,2,4,29,29,1,9,one_changed,FOUND,"{""coeffs"":[2,1,1,1,1,1,1,1,1],""positions"":[0,1,2,3,4,5,6,7,8]}","[2,1,1,1,1,1,1,1,1,0,0,0,0,0,0,0,0,0,0,0,0,0,0,0,0,0,0,0,0]",1,no,all residue allocations modulo cyclic rotation
16,2,4,29,29,1,9,all_distinct,FOUND,"{""coeffs"":[1,2,3,4,5,6,7,8,9],""positions"":[0,1,2,3,4,5,6,7,8]}","[1,2,3,4,5,6,7,8,9,0,0,0,0,0,0,0,0,0,0,0,0,0,0,0,0,0,0,0,0]",1,no,all residue allocations modulo cyclic rotation
16,2,4,29,29,1,10,ones,FOUND,"{""coeffs"":[1,1,1,1,1,1,1,1,1,1],""positions"":[0,1,2,3,4,5,6,7,8,9]}","[1,1,1,1,1,1,1,1,1,1,0,0,0,0,0,0,0,0,0,0,0,0,0,0,0,0,0,0,0]",1,no,all residue allocations modulo cyclic rotation
16,2,4,29,29,1,10,one_changed,FOUND,"{""coeffs"":[2,1,1,1,1,1,1,1,1,1],""positions"":[0,1,2,3,4,5,6,7,8,9]}","[2,1,1,1,1,1,1,1,1,1,0,0,0,0,0,0,0,0,0,0,0,0,0,0,0,0,0,0,0]",1,no,all residue allocations modulo cyclic rotation
16,2,4,29,29,1,10,all_distinct,FOUND,"{""coeffs"":[1,2,3,4,5,6,7,8,9,10],""positions"":[0,1,2,3,4,5,6,7,8,9]}","[1,2,3,4,5,6,7,8,9,10,0,0,0,0,0,0,0,0,0,0,0,0,0,0,0,0,0,0,0]",1,no,all residue allocations modulo cyclic rotation
16,2,4,29,29,1,11,ones,FOUND,"{""coeffs"":[1,1,1,1,1,1,1,1,1,1,1],""positions"":[0,1,2,3,4,5,6,7,8,9,10]}","[1,1,1,1,1,1,1,1,1,1,1,0,0,0,0,0,0,0,0,0,0,0,0,0,0,0,0,0,0]",1,no,all residue allocations modulo cyclic rotation
16,2,4,29,29,1,11,one_changed,FOUND,"{""coeffs"":[2,1,1,1,1,1,1,1,1,1,1],""positions"":[0,1,2,3,4,5,6,7,8,9,10]}","[2,1,1,1,1,1,1,1,1,1,1,0,0,0,0,0,0,0,0,0,0,0,0,0,0,0,0,0,0]",1,no,all residue allocations modulo cyclic rotation
16,2,4,29,29,1,11,all_distinct,FOUND,"{""coeffs"":[1,2,3,4,5,6,7,8,9,10,11],""positions"":[0,1,2,3,4,5,6,7,8,9,10]}","[1,2,3,4,5,6,7,8,9,10,11,0,0,0,0,0,0,0,0,0,0,0,0,0,0,0,0,0,0]",1,no,all residue allocations modulo cyclic rotation
16,2,4,29,29,1,12,ones,FOUND,"{""coeffs"":[1,1,1,1,1,1,1,1,1,1,1,1],""positions"":[0,1,2,3,4,5,6,7,8,9,10,11]}","[1,1,1,1,1,1,1,1,1,1,1,1,0,0,0,0,0,0,0,0,0,0,0,0,0,0,0,0,0]",1,no,all residue allocations modulo cyclic rotation
16,2,4,29,29,1,12,one_changed,FOUND,"{""coeffs"":[2,1,1,1,1,1,1,1,1,1,1,1],""positions"":[0,1,2,3,4,5,6,7,8,9,10,11]}","[2,1,1,1,1,1,1,1,1,1,1,1,0,0,0,0,0,0,0,0,0,0,0,0,0,0,0,0,0]",1,no,all residue allocations modulo cyclic rotation
16,2,4,29,29,1,12,all_distinct,FOUND,"{""coeffs"":[1,2,3,4,5,6,7,8,9,10,11,12],""positions"":[0,1,2,3,4,5,6,7,8,9,10,11]}","[1,2,3,4,5,6,7,8,9,10,11,12,0,0,0,0,0,0,0,0,0,0,0,0,0,0,0,0,0]",1,no,all residue allocations modulo cyclic rotation
16,2,4,29,29,1,13,ones,FOUND,"{""coeffs"":[1,1,1,1,1,1,1,1,1,1,1,1,1],""positions"":[0,1,2,3,4,5,6,7,8,9,10,11,12]}","[1,1,1,1,1,1,1,1,1,1,1,1,1,0,0,0,0,0,0,0,0,0,0,0,0,0,0,0,0]",1,no,all residue allocations modulo cyclic rotation
16,2,4,29,29,1,13,one_changed,FOUND,"{""coeffs"":[2,1,1,1,1,1,1,1,1,1,1,1,1],""positions"":[0,1,2,3,4,5,6,7,8,9,10,11,12]}","[2,1,1,1,1,1,1,1,1,1,1,1,1,0,0,0,0,0,0,0,0,0,0,0,0,0,0,0,0]",1,no,all residue allocations modulo cyclic rotation
16,2,4,29,29,1,13,all_distinct,FOUND,"{""coeffs"":[1,2,3,4,5,6,7,8,9,10,11,12,13],""positions"":[0,1,2,3,4,5,6,7,8,9,10,11,12]}","[1,2,3,4,5,6,7,8,9,10,11,12,13,0,0,0,0,0,0,0,0,0,0,0,0,0,0,0,0]",1,no,all residue allocations modulo cyclic rotation
16,2,4,29,29,1,14,ones,FOUND,"{""coeffs"":[1,1,1,1,1,1,1,1,1,1,1,1,1,1],""positions"":[0,1,2,3,4,5,6,7,8,9,10,11,12,13]}","[1,1,1,1,1,1,1,1,1,1,1,1,1,1,0,0,0,0,0,0,0,0,0,0,0,0,0,0,0]",1,no,all residue allocations modulo cyclic rotation
16,2,4,29,29,1,14,one_changed,FOUND,"{""coeffs"":[2,1,1,1,1,1,1,1,1,1,1,1,1,1],""positions"":[0,1,2,3,4,5,6,7,8,9,10,11,12,13]}","[2,1,1,1,1,1,1,1,1,1,1,1,1,1,0,0,0,0,0,0,0,0,0,0,0,0,0,0,0]",1,no,all residue allocations modulo cyclic rotation
16,2,4,29,29,1,14,all_distinct,FOUND,"{""coeffs"":[1,2,3,4,5,6,7,8,9,10,11,12,13,14],""positions"":[0,1,2,3,4,5,6,7,8,9,10,11,12,13]}","[1,2,3,4,5,6,7,8,9,10,11,12,13,14,0,0,0,0,0,0,0,0,0,0,0,0,0,0,0]",1,no,all residue allocations modulo cyclic rotation
16,2,4,29,29,1,15,ones,FOUND,"{""coeffs"":[1,1,1,1,1,1,1,1,1,1,1,1,1,1,1],""positions"":[0,1,2,3,4,5,6,7,8,9,10,11,12,13,14]}","[1,1,1,1,1,1,1,1,1,1,1,1,1,1,1,0,0,0,0,0,0,0,0,0,0,0,0,0,0]",1,no,all residue allocations modulo cyclic rotation
16,2,4,29,29,1,15,one_changed,FOUND,"{""coeffs"":[2,1,1,1,1,1,1,1,1,1,1,1,1,1,1],""positions"":[0,1,2,3,4,5,6,7,8,9,10,11,12,13,14]}","[2,1,1,1,1,1,1,1,1,1,1,1,1,1,1,0,0,0,0,0,0,0,0,0,0,0,0,0,0]",1,no,all residue allocations modulo cyclic rotation
16,2,4,29,29,1,15,all_distinct,FOUND,"{""coeffs"":[1,2,3,4,5,6,7,8,9,10,11,12,13,14,15],""positions"":[0,1,2,3,4,5,6,7,8,9,10,11,12,13,14]}","[1,2,3,4,5,6,7,8,9,10,11,12,13,14,15,0,0,0,0,0,0,0,0,0,0,0,0,0,0]",1,no,all residue allocations modulo cyclic rotation
16,2,4,29,29,1,16,ones,FOUND,"{""coeffs"":[1,1,1,1,1,1,1,1,1,1,1,1,1,1,1,1],""positions"":[0,1,2,3,4,5,6,7,8,9,10,11,12,13,14,15]}","[1,1,1,1,1,1,1,1,1,1,1,1,1,1,1,1,0,0,0,0,0,0,0,0,0,0,0,0,0]",1,no,all residue allocations modulo cyclic rotation
16,2,4,29,29,1,16,one_changed,FOUND,"{""coeffs"":[2,1,1,1,1,1,1,1,1,1,1,1,1,1,1,1],""positions"":[0,1,2,3,4,5,6,7,8,9,10,11,12,13,14,15]}","[2,1,1,1,1,1,1,1,1,1,1,1,1,1,1,1,0,0,0,0,0,0,0,0,0,0,0,0,0]",1,no,all residue allocations modulo cyclic rotation
16,2,4,29,29,1,17,ones,FOUND,"{""coeffs"":[1,1,1,1,1,1,1,1,1,1,1,1,1,1,1,1,1],""positions"":[0,1,2,3,4,5,6,7,8,9,10,11,12,13,14,15,16]}","[1,1,1,1,1,1,1,1,1,1,1,1,1,1,1,1,1,0,0,0,0,0,0,0,0,0,0,0,0]",1,no,all residue allocations modulo cyclic rotation
16,2,4,29,29,1,17,one_changed,FOUND,"{""coeffs"":[2,1,1,1,1,1,1,1,1,1,1,1,1,1,1,1,1],""positions"":[0,1,2,3,4,5,6,7,8,9,10,11,12,13,14,15,16]}","[2,1,1,1,1,1,1,1,1,1,1,1,1,1,1,1,1,0,0,0,0,0,0,0,0,0,0,0,0]",1,no,all residue allocations modulo cyclic rotation
16,2,4,29,29,1,18,ones,FOUND,"{""coeffs"":[1,1,1,1,1,1,1,1,1,1,1,1,1,1,1,1,1,1],""positions"":[0,1,2,3,4,5,6,7,8,9,10,11,12,13,14,15,16,17]}","[1,1,1,1,1,1,1,1,1,1,1,1,1,1,1,1,1,1,0,0,0,0,0,0,0,0,0,0,0]",1,no,all residue allocations modulo cyclic rotation
16,2,4,29,29,1,18,one_changed,FOUND,"{""coeffs"":[2,1,1,1,1,1,1,1,1,1,1,1,1,1,1,1,1,1],""positions"":[0,1,2,3,4,5,6,7,8,9,10,11,12,13,14,15,16,17]}","[2,1,1,1,1,1,1,1,1,1,1,1,1,1,1,1,1,1,0,0,0,0,0,0,0,0,0,0,0]",1,no,all residue allocations modulo cyclic rotation
16,2,4,29,29,1,19,ones,FOUND,"{""coeffs"":[1,1,1,1,1,1,1,1,1,1,1,1,1,1,1,1,1,1,1],""positions"":[0,1,2,3,4,5,6,7,8,9,10,11,12,13,14,15,16,17,18]}","[1,1,1,1,1,1,1,1,1,1,1,1,1,1,1,1,1,1,1,0,0,0,0,0,0,0,0,0,0]",1,no,all residue allocations modulo cyclic rotation
16,2,4,29,29,1,19,one_changed,FOUND,"{""coeffs"":[2,1,1,1,1,1,1,1,1,1,1,1,1,1,1,1,1,1,1],""positions"":[0,1,2,3,4,5,6,7,8,9,10,11,12,13,14,15,16,17,18]}","[2,1,1,1,1,1,1,1,1,1,1,1,1,1,1,1,1,1,1,0,0,0,0,0,0,0,0,0,0]",1,no,all residue allocations modulo cyclic rotation
16,2,4,29,29,1,20,ones,FOUND,"{""coeffs"":[1,1,1,1,1,1,1,1,1,1,1,1,1,1,1,1,1,1,1,1],""positions"":[0,1,2,3,4,5,6,7,8,9,10,11,12,13,14,15,16,17,18,19]}","[1,1,1,1,1,1,1,1,1,1,1,1,1,1,1,1,1,1,1,1,0,0,0,0,0,0,0,0,0]",1,no,all residue allocations modulo cyclic rotation
16,2,4,29,29,1,20,one_changed,FOUND,"{""coeffs"":[2,1,1,1,1,1,1,1,1,1,1,1,1,1,1,1,1,1,1,1],""positions"":[0,1,2,3,4,5,6,7,8,9,10,11,12,13,14,15,16,17,18,19]}","[2,1,1,1,1,1,1,1,1,1,1,1,1,1,1,1,1,1,1,1,0,0,0,0,0,0,0,0,0]",1,no,all residue allocations modulo cyclic rotation
16,2,4,29,29,1,21,ones,FOUND,"{""coeffs"":[1,1,1,1,1,1,1,1,1,1,1,1,1,1,1,1,1,1,1,1,1],""positions"":[0,1,2,3,4,5,6,7,8,9,10,11,12,13,14,15,16,17,18,19,20]}","[1,1,1,1,1,1,1,1,1,1,1,1,1,1,1,1,1,1,1,1,1,0,0,0,0,0,0,0,0]",1,no,all residue allocations modulo cyclic rotation
16,2,4,29,29,1,21,one_changed,FOUND,"{""coeffs"":[2,1,1,1,1,1,1,1,1,1,1,1,1,1,1,1,1,1,1,1,1],""positions"":[0,1,2,3,4,5,6,7,8,9,10,11,12,13,14,15,16,17,18,19,20]}","[2,1,1,1,1,1,1,1,1,1,1,1,1,1,1,1,1,1,1,1,1,0,0,0,0,0,0,0,0]",1,no,all residue allocations modulo cyclic rotation
16,2,4,29,29,1,22,ones,FOUND,"{""coeffs"":[1,1,1,1,1,1,1,1,1,1,1,1,1,1,1,1,1,1,1,1,1,1],""positions"":[0,1,2,3,4,5,6,7,8,9,10,11,12,13,14,15,16,17,18,19,20,21]}","[1,1,1,1,1,1,1,1,1,1,1,1,1,1,1,1,1,1,1,1,1,1,0,0,0,0,0,0,0]",1,no,all residue allocations modulo cyclic rotation
16,2,4,29,29,1,22,one_changed,FOUND,"{""coeffs"":[2,1,1,1,1,1,1,1,1,1,1,1,1,1,1,1,1,1,1,1,1,1],""positions"":[0,1,2,3,4,5,6,7,8,9,10,11,12,13,14,15,16,17,18,19,20,21]}","[2,1,1,1,1,1,1,1,1,1,1,1,1,1,1,1,1,1,1,1,1,1,0,0,0,0,0,0,0]",1,no,all residue allocations modulo cyclic rotation
16,2,4,29,29,1,23,ones,FOUND,"{""coeffs"":[1,1,1,1,1,1,1,1,1,1,1,1,1,1,1,1,1,1,1,1,1,1,1],""positions"":[0,1,2,3,4,5,6,7,8,9,10,11,12,13,14,15,16,17,18,19,20,21,22]}","[1,1,1,1,1,1,1,1,1,1,1,1,1,1,1,1,1,1,1,1,1,1,1,0,0,0,0,0,0]",1,no,all residue allocations modulo cyclic rotation
16,2,4,29,29,1,23,one_changed,FOUND,"{""coeffs"":[2,1,1,1,1,1,1,1,1,1,1,1,1,1,1,1,1,1,1,1,1,1,1],""positions"":[0,1,2,3,4,5,6,7,8,9,10,11,12,13,14,15,16,17,18,19,20,21,22]}","[2,1,1,1,1,1,1,1,1,1,1,1,1,1,1,1,1,1,1,1,1,1,1,0,0,0,0,0,0]",1,no,all residue allocations modulo cyclic rotation
16,2,4,29,29,1,24,ones,FOUND,"{""coeffs"":[1,1,1,1,1,1,1,1,1,1,1,1,1,1,1,1,1,1,1,1,1,1,1,1],""positions"":[0,1,2,3,4,5,6,7,8,9,10,11,12,13,14,15,16,17,18,19,20,21,22,23]}","[1,1,1,1,1,1,1,1,1,1,1,1,1,1,1,1,1,1,1,1,1,1,1,1,0,0,0,0,0]",1,no,all residue allocations modulo cyclic rotation
16,2,4,29,29,1,24,one_changed,FOUND,"{""coeffs"":[2,1,1,1,1,1,1,1,1,1,1,1,1,1,1,1,1,1,1,1,1,1,1,1],""positions"":[0,1,2,3,4,5,6,7,8,9,10,11,12,13,14,15,16,17,18,19,20,21,22,23]}","[2,1,1,1,1,1,1,1,1,1,1,1,1,1,1,1,1,1,1,1,1,1,1,1,0,0,0,0,0]",1,no,all residue allocations modulo cyclic rotation
16,2,4,29,29,1,25,ones,FOUND,"{""coeffs"":[1,1,1,1,1,1,1,1,1,1,1,1,1,1,1,1,1,1,1,1,1,1,1,1,1],""positions"":[0,1,2,3,4,5,6,7,8,9,10,11,12,13,14,15,16,17,18,19,20,21,22,23,24]}","[1,1,1,1,1,1,1,1,1,1,1,1,1,1,1,1,1,1,1,1,1,1,1,1,1,0,0,0,0]",1,no,all residue allocations modulo cyclic rotation
16,2,4,29,29,1,25,one_changed,FOUND,"{""coeffs"":[2,1,1,1,1,1,1,1,1,1,1,1,1,1,1,1,1,1,1,1,1,1,1,1,1],""positions"":[0,1,2,3,4,5,6,7,8,9,10,11,12,13,14,15,16,17,18,19,20,21,22,23,24]}","[2,1,1,1,1,1,1,1,1,1,1,1,1,1,1,1,1,1,1,1,1,1,1,1,1,0,0,0,0]",1,no,all residue allocations modulo cyclic rotation
16,2,4,29,29,1,26,ones,FOUND,"{""coeffs"":[1,1,1,1,1,1,1,1,1,1,1,1,1,1,1,1,1,1,1,1,1,1,1,1,1,1],""positions"":[0,1,2,3,4,5,6,7,8,9,10,11,12,13,14,15,16,17,18,19,20,21,22,23,24,25]}","[1,1,1,1,1,1,1,1,1,1,1,1,1,1,1,1,1,1,1,1,1,1,1,1,1,1,0,0,0]",1,no,all residue allocations modulo cyclic rotation
16,2,4,29,29,1,26,one_changed,FOUND,"{""coeffs"":[2,1,1,1,1,1,1,1,1,1,1,1,1,1,1,1,1,1,1,1,1,1,1,1,1,1],""positions"":[0,1,2,3,4,5,6,7,8,9,10,11,12,13,14,15,16,17,18,19,20,21,22,23,24,25]}","[2,1,1,1,1,1,1,1,1,1,1,1,1,1,1,1,1,1,1,1,1,1,1,1,1,1,0,0,0]",1,no,all residue allocations modulo cyclic rotation
16,2,4,29,29,1,27,ones,FOUND,"{""coeffs"":[1,1,1,1,1,1,1,1,1,1,1,1,1,1,1,1,1,1,1,1,1,1,1,1,1,1,1],""positions"":[0,1,2,3,4,5,6,7,8,9,10,11,12,13,14,15,16,17,18,19,20,21,22,23,24,25,26]}","[1,1,1,1,1,1,1,1,1,1,1,1,1,1,1,1,1,1,1,1,1,1,1,1,1,1,1,0,0]",1,no,all residue allocations modulo cyclic rotation
16,2,4,29,29,1,27,one_changed,FOUND,"{""coeffs"":[2,1,1,1,1,1,1,1,1,1,1,1,1,1,1,1,1,1,1,1,1,1,1,1,1,1,1],""positions"":[0,1,2,3,4,5,6,7,8,9,10,11,12,13,14,15,16,17,18,19,20,21,22,23,24,25,26]}","[2,1,1,1,1,1,1,1,1,1,1,1,1,1,1,1,1,1,1,1,1,1,1,1,1,1,1,0,0]",1,no,all residue allocations modulo cyclic rotation
16,2,4,29,29,1,28,ones,FOUND,"{""coeffs"":[1,1,1,1,1,1,1,1,1,1,1,1,1,1,1,1,1,1,1,1,1,1,1,1,1,1,1,1],""positions"":[0,1,2,3,4,5,6,7,8,9,10,11,12,13,14,15,16,17,18,19,20,21,22,23,24,25,26,27]}","[1,1,1,1,1,1,1,1,1,1,1,1,1,1,1,1,1,1,1,1,1,1,1,1,1,1,1,1,0]",1,no,all residue allocations modulo cyclic rotation
16,2,4,29,29,1,28,one_changed,FOUND,"{""coeffs"":[2,1,1,1,1,1,1,1,1,1,1,1,1,1,1,1,1,1,1,1,1,1,1,1,1,1,1,1],""positions"":[0,1,2,3,4,5,6,7,8,9,10,11,12,13,14,15,16,17,18,19,20,21,22,23,24,25,26,27]}","[2,1,1,1,1,1,1,1,1,1,1,1,1,1,1,1,1,1,1,1,1,1,1,1,1,1,1,1,0]",1,no,all residue allocations modulo cyclic rotation
16,2,4,29,29,1,29,ones,NONE,,,1,yes,all residue allocations modulo cyclic rotation
16,2,4,29,29,1,29,one_changed,FOUND,"{""coeffs"":[2,1,1,1,1,1,1,1,1,1,1,1,1,1,1,1,1,1,1,1,1,1,1,1,1,1,1,1,1],""positions"":[0,1,2,3,4,5,6,7,8,9,10,11,12,13,14,15,16,17,18,19,20,21,22,23,24,25,26,27,28]}","[2,1,1,1,1,1,1,1,1,1,1,1,1,1,1,1,1,1,1,1,1,1,1,1,1,1,1,1,1]",1,no,all residue allocations modulo cyclic rotation
16,2,4,30,15,2,2,ones,FOUND,"{""coeffs"":[1,1],""positions"":[0,1]}","[1,1,0,0,0,0,0,0,0,0,0,0,0,0,0]",2,no,all residue allocations modulo cyclic rotation
16,2,4,30,15,2,2,one_changed,FOUND,"{""coeffs"":[1,2],""positions"":[0,15]}","[3,0,0,0,0,0,0,0,0,0,0,0,0,0,0]",1,no,all residue allocations modulo cyclic rotation
16,2,4,30,15,2,2,all_distinct,FOUND,"{""coeffs"":[1,2],""positions"":[0,15]}","[3,0,0,0,0,0,0,0,0,0,0,0,0,0,0]",1,no,all residue allocations modulo cyclic rotation
16,2,4,30,15,2,3,ones,FOUND,"{""coeffs"":[1,1,1],""positions"":[0,15,1]}","[0,1,0,0,0,0,0,0,0,0,0,0,0,0,0]",1,no,all residue allocations modulo cyclic rotation
16,2,4,30,15,2,3,one_changed,FOUND,"{""coeffs"":[2,1,1],""positions"":[0,15,1]}","[3,1,0,0,0,0,0,0,0,0,0,0,0,0,0]",1,no,all residue allocations modulo cyclic rotation
16,2,4,30,15,2,3,all_distinct,FOUND,"{""coeffs"":[1,2,3],""positions"":[0,15,1]}","[3,3,0,0,0,0,0,0,0,0,0,0,0,0,0]",1,no,all residue allocations modulo cyclic rotation
16,2,4,30,15,2,4,ones,FOUND,"{""coeffs"":[1,1,1,1],""positions"":[0,15,1,2]}","[0,1,1,0,0,0,0,0,0,0,0,0,0,0,0]",2,no,all residue allocations modulo cyclic rotation
16,2,4,30,15,2,4,one_changed,FOUND,"{""coeffs"":[2,1,1,1],""positions"":[0,15,1,16]}","[3,0,0,0,0,0,0,0,0,0,0,0,0,0,0]",1,no,all residue allocations modulo cyclic rotation
16,2,4,30,15,2,4,all_distinct,FOUND,"{""coeffs"":[1,2,3,4],""positions"":[0,15,1,16]}","[3,7,0,0,0,0,0,0,0,0,0,0,0,0,0]",1,no,all residue allocations modulo cyclic rotation
16,2,4,30,15,2,5,ones,FOUND,"{""coeffs"":[1,1,1,1,1],""positions"":[0,15,1,16,2]}","[0,0,1,0,0,0,0,0,0,0,0,0,0,0,0]",1,no,all residue allocations modulo cyclic rotation
16,2,4,30,15,2,5,one_changed,FOUND,"{""coeffs"":[2,1,1,1,1],""positions"":[0,15,1,16,2]}","[3,0,1,0,0,0,0,0,0,0,0,0,0,0,0]",1,no,all residue allocations modulo cyclic rotation
16,2,4,30,15,2,5,all_distinct,FOUND,"{""coeffs"":[1,2,3,4,5],""positions"":[0,15,1,16,2]}","[3,7,5,0,0,0,0,0,0,0,0,0,0,0,0]",1,no,all residue allocations modulo cyclic rotation
16,2,4,30,15,2,6,ones,FOUND,"{""coeffs"":[1,1,1,1,1,1],""positions"":[0,15,1,16,2,3]}","[0,0,1,1,0,0,0,0,0,0,0,0,0,0,0]",2,no,all residue allocations modulo cyclic rotation
16,2,4,30,15,2,6,one_changed,FOUND,"{""coeffs"":[2,1,1,1,1,1],""positions"":[0,15,1,16,2,17]}","[3,0,0,0,0,0,0,0,0,0,0,0,0,0,0]",1,no,all residue allocations modulo cyclic rotation
16,2,4,30,15,2,6,all_distinct,FOUND,"{""coeffs"":[1,2,3,4,5,6],""positions"":[0,15,1,16,2,3]}","[3,7,5,6,0,0,0,0,0,0,0,0,0,0,0]",2,no,all residue allocations modulo cyclic rotation
16,2,4,30,15,2,7,ones,FOUND,"{""coeffs"":[1,1,1,1,1,1,1],""positions"":[0,15,1,16,2,17,3]}","[0,0,0,1,0,0,0,0,0,0,0,0,0,0,0]",1,no,all residue allocations modulo cyclic rotation
16,2,4,30,15,2,7,one_changed,FOUND,"{""coeffs"":[2,1,1,1,1,1,1],""positions"":[0,15,1,16,2,17,3]}","[3,0,0,1,0,0,0,0,0,0,0,0,0,0,0]",1,no,all residue allocations modulo cyclic rotation
16,2,4,30,15,2,7,all_distinct,FOUND,"{""coeffs"":[1,2,3,4,5,6,7],""positions"":[0,15,1,16,2,17,3]}","[3,7,3,7,0,0,0,0,0,0,0,0,0,0,0]",1,no,all residue allocations modulo cyclic rotation
16,2,4,30,15,2,8,ones,FOUND,"{""coeffs"":[1,1,1,1,1,1,1,1],""positions"":[0,15,1,16,2,17,3,4]}","[0,0,0,1,1,0,0,0,0,0,0,0,0,0,0]",2,no,all residue allocations modulo cyclic rotation
16,2,4,30,15,2,8,one_changed,FOUND,"{""coeffs"":[2,1,1,1,1,1,1,1],""positions"":[0,15,1,16,2,17,3,18]}","[3,0,0,0,0,0,0,0,0,0,0,0,0,0,0]",1,no,all residue allocations modulo cyclic rotation
16,2,4,30,15,2,8,all_distinct,FOUND,"{""coeffs"":[1,2,3,4,5,6,7,8],""positions"":[0,15,1,16,2,17,3,18]}","[3,7,3,15,0,0,0,0,0,0,0,0,0,0,0]",1,no,all residue allocations modulo cyclic rotation
16,2,4,30,15,2,9,ones,FOUND,"{""coeffs"":[1,1,1,1,1,1,1,1,1],""positions"":[0,15,1,16,2,17,3,18,4]}","[0,0,0,0,1,0,0,0,0,0,0,0,0,0,0]",1,no,all residue allocations modulo cyclic rotation
16,2,4,30,15,2,9,one_changed,FOUND,"{""coeffs"":[2,1,1,1,1,1,1,1,1],""positions"":[0,15,1,16,2,17,3,18,4]}","[3,0,0,0,1,0,0,0,0,0,0,0,0,0,0]",1,no,all residue allocations modulo cyclic rotation
16,2,4,30,15,2,9,all_distinct,FOUND,"{""coeffs"":[1,2,3,4,5,6,7,8,9],""positions"":[0,15,1,16,2,17,3,18,4]}","[3,7,3,15,9,0,0,0,0,0,0,0,0,0,0]",1,no,all residue allocations modulo cyclic rotation
16,2,4,30,15,2,10,ones,FOUND,"{""coeffs"":[1,1,1,1,1,1,1,1,1,1],""positions"":[0,15,1,16,2,17,3,18,4,5]}","[0,0,0,0,1,1,0,0,0,0,0,0,0,0,0]",2,no,all residue allocations modulo cyclic rotation
16,2,4,30,15,2,10,one_changed,FOUND,"{""coeffs"":[2,1,1,1,1,1,1,1,1,1],""positions"":[0,15,1,16,2,17,3,18,4,19]}","[3,0,0,0,0,0,0,0,0,0,0,0,0,0,0]",1,no,all residue allocations modulo cyclic rotation
16,2,4,30,15,2,10,all_distinct,FOUND,"{""coeffs"":[1,2,3,4,5,6,7,8,9,10],""positions"":[0,15,1,16,2,17,3,18,4,19]}","[3,7,3,15,3,0,0,0,0,0,0,0,0,0,0]",1,no,all residue allocations modulo cyclic rotation
16,2,4,30,15,2,11,ones,FOUND,"{""coeffs"":[1,1,1,1,1,1,1,1,1,1,1],""positions"":[0,15,1,16,2,17,3,18,4,19,5]}","[0,0,0,0,0,1,0,0,0,0,0,0,0,0,0]",1,no,all residue allocations modulo cyclic rotation
16,2,4,30,15,2,11,one_changed,FOUND,"{""coeffs"":[2,1,1,1,1,1,1,1,1,1,1],""positions"":[0,15,1,16,2,17,3,18,4,19,5]}","[3,0,0,0,0,1,0,0,0,0,0,0,0,0,0]",1,no,all residue allocations modulo cyclic rotation
16,2,4,30,15,2,11,all_distinct,FOUND,"{""coeffs"":[1,2,3,4,5,6,7,8,9,10,11],""positions"":[0,15,1,16,2,17,3,18,4,19,5]}","[3,7,3,15,3,11,0,0,0,0,0,0,0,0,0]",1,no,all residue allocations modulo cyclic rotation
16,2,4,30,15,2,12,ones,FOUND,"{""coeffs"":[1,1,1,1,1,1,1,1,1,1,1,1],""positions"":[0,15,1,16,2,17,3,18,4,19,5,6]}","[0,0,0,0,0,1,1,0,0,0,0,0,0,0,0]",2,no,all residue allocations modulo cyclic rotation
16,2,4,30,15,2,12,one_changed,FOUND,"{""coeffs"":[2,1,1,1,1,1,1,1,1,1,1,1],""positions"":[0,15,1,16,2,17,3,18,4,19,5,20]}","[3,0,0,0,0,0,0,0,0,0,0,0,0,0,0]",1,no,all residue allocations modulo cyclic rotation
16,2,4,30,15,2,12,all_distinct,FOUND,"{""coeffs"":[1,2,3,4,5,6,7,8,9,10,11,12],""positions"":[0,15,1,16,2,17,3,18,4,19,5,20]}","[3,7,3,15,3,7,0,0,0,0,0,0,0,0,0]",1,no,all residue allocations modulo cyclic rotation
16,2,4,30,15,2,13,ones,FOUND,"{""coeffs"":[1,1,1,1,1,1,1,1,1,1,1,1,1],""positions"":[0,15,1,16,2,17,3,18,4,19,5,20,6]}","[0,0,0,0,0,0,1,0,0,0,0,0,0,0,0]",1,no,all residue allocations modulo cyclic rotation
16,2,4,30,15,2,13,one_changed,FOUND,"{""coeffs"":[2,1,1,1,1,1,1,1,1,1,1,1,1],""positions"":[0,15,1,16,2,17,3,18,4,19,5,20,6]}","[3,0,0,0,0,0,1,0,0,0,0,0,0,0,0]",1,no,all residue allocations modulo cyclic rotation
16,2,4,30,15,2,13,all_distinct,FOUND,"{""coeffs"":[1,2,3,4,5,6,7,8,9,10,11,12,13],""positions"":[0,15,1,16,2,17,3,18,4,19,5,20,6]}","[3,7,3,15,3,7,13,0,0,0,0,0,0,0,0]",1,no,all residue allocations modulo cyclic rotation
16,2,4,30,15,2,14,ones,FOUND,"{""coeffs"":[1,1,1,1,1,1,1,1,1,1,1,1,1,1],""positions"":[0,15,1,16,2,17,3,18,4,19,5,20,6,7]}","[0,0,0,0,0,0,1,1,0,0,0,0,0,0,0]",2,no,all residue allocations modulo cyclic rotation
16,2,4,30,15,2,14,one_changed,FOUND,"{""coeffs"":[2,1,1,1,1,1,1,1,1,1,1,1,1,1],""positions"":[0,15,1,16,2,17,3,18,4,19,5,20,6,21]}","[3,0,0,0,0,0,0,0,0,0,0,0,0,0,0]",1,no,all residue allocations modulo cyclic rotation
16,2,4,30,15,2,14,all_distinct,FOUND,"{""coeffs"":[1,2,3,4,5,6,7,8,9,10,11,12,13,14],""positions"":[0,15,1,16,2,17,3,18,4,19,5,20,6,21]}","[3,7,3,15,3,7,3,0,0,0,0,0,0,0,0]",1,no,all residue allocations modulo cyclic rotation
16,2,4,30,15,2,15,ones,FOUND,"{""coeffs"":[1,1,1,1,1,1,1,1,1,1,1,1,1,1,1],""positions"":[0,15,1,16,2,17,3,18,4,19,5,20,6,21,7]}","[0,0,0,0,0,0,0,1,0,0,0,0,0,0,0]",1,no,all residue allocations modulo cyclic rotation
16,2,4,30,15,2,15,one_changed,FOUND,"{""coeffs"":[2,1,1,1,1,1,1,1,1,1,1,1,1,1,1],""positions"":[0,15,1,16,2,17,3,18,4,19,5,20,6,21,7]}","[3,0,0,0,0,0,0,1,0,0,0,0,0,0,0]",1,no,all residue allocations modulo cyclic rotation
16,2,4,30,15,2,15,all_distinct,FOUND,"{""coeffs"":[1,2,3,4,5,6,7,8,9,10,11,12,13,14,15],""positions"":[0,15,1,16,2,17,3,18,4,19,5,20,6,21,7]}","[3,7,3,15,3,7,3,15,0,0,0,0,0,0,0]",1,no,all residue allocations modulo cyclic rotation
16,2,4,30,15,2,16,ones,FOUND,"{""coeffs"":[1,1,1,1,1,1,1,1,1,1,1,1,1,1,1,1],""positions"":[0,15,1,16,2,17,3,18,4,19,5,20,6,21,7,8]}","[0,0,0,0,0,0,0,1,1,0,0,0,0,0,0]",2,no,all residue allocations modulo cyclic rotation
16,2,4,30,15,2,16,one_changed,FOUND,"{""coeffs"":[2,1,1,1,1,1,1,1,1,1,1,1,1,1,1,1],""positions"":[0,15,1,16,2,17,3,18,4,19,5,20,6,21,7,22]}","[3,0,0,0,0,0,0,0,0,0,0,0,0,0,0]",1,no,all residue allocations modulo cyclic rotation
16,2,4,30,15,2,17,ones,FOUND,"{""coeffs"":[1,1,1,1,1,1,1,1,1,1,1,1,1,1,1,1,1],""positions"":[0,15,1,16,2,17,3,18,4,19,5,20,6,21,7,22,8]}","[0,0,0,0,0,0,0,0,1,0,0,0,0,0,0]",1,no,all residue allocations modulo cyclic rotation
16,2,4,30,15,2,17,one_changed,FOUND,"{""coeffs"":[2,1,1,1,1,1,1,1,1,1,1,1,1,1,1,1,1],""positions"":[0,15,1,16,2,17,3,18,4,19,5,20,6,21,7,22,8]}","[3,0,0,0,0,0,0,0,1,0,0,0,0,0,0]",1,no,all residue allocations modulo cyclic rotation
16,2,4,30,15,2,18,ones,FOUND,"{""coeffs"":[1,1,1,1,1,1,1,1,1,1,1,1,1,1,1,1,1,1],""positions"":[0,15,1,16,2,17,3,18,4,19,5,20,6,21,7,22,8,9]}","[0,0,0,0,0,0,0,0,1,1,0,0,0,0,0]",2,no,all residue allocations modulo cyclic rotation
16,2,4,30,15,2,18,one_changed,FOUND,"{""coeffs"":[2,1,1,1,1,1,1,1,1,1,1,1,1,1,1,1,1,1],""positions"":[0,15,1,16,2,17,3,18,4,19,5,20,6,21,7,22,8,23]}","[3,0,0,0,0,0,0,0,0,0,0,0,0,0,0]",1,no,all residue allocations modulo cyclic rotation
16,2,4,30,15,2,19,ones,FOUND,"{""coeffs"":[1,1,1,1,1,1,1,1,1,1,1,1,1,1,1,1,1,1,1],""positions"":[0,15,1,16,2,17,3,18,4,19,5,20,6,21,7,22,8,23,9]}","[0,0,0,0,0,0,0,0,0,1,0,0,0,0,0]",1,no,all residue allocations modulo cyclic rotation
16,2,4,30,15,2,19,one_changed,FOUND,"{""coeffs"":[2,1,1,1,1,1,1,1,1,1,1,1,1,1,1,1,1,1,1],""positions"":[0,15,1,16,2,17,3,18,4,19,5,20,6,21,7,22,8,23,9]}","[3,0,0,0,0,0,0,0,0,1,0,0,0,0,0]",1,no,all residue allocations modulo cyclic rotation
16,2,4,30,15,2,20,ones,FOUND,"{""coeffs"":[1,1,1,1,1,1,1,1,1,1,1,1,1,1,1,1,1,1,1,1],""positions"":[0,15,1,16,2,17,3,18,4,19,5,20,6,21,7,22,8,23,9,10]}","[0,0,0,0,0,0,0,0,0,1,1,0,0,0,0]",2,no,all residue allocations modulo cyclic rotation
16,2,4,30,15,2,20,one_changed,FOUND,"{""coeffs"":[2,1,1,1,1,1,1,1,1,1,1,1,1,1,1,1,1,1,1,1],""positions"":[0,15,1,16,2,17,3,18,4,19,5,20,6,21,7,22,8,23,9,24]}","[3,0,0,0,0,0,0,0,0,0,0,0,0,0,0]",1,no,all residue allocations modulo cyclic rotation
16,2,4,30,15,2,21,ones,FOUND,"{""coeffs"":[1,1,1,1,1,1,1,1,1,1,1,1,1,1,1,1,1,1,1,1,1],""positions"":[0,15,1,16,2,17,3,18,4,19,5,20,6,21,7,22,8,23,9,24,10]}","[0,0,0,0,0,0,0,0,0,0,1,0,0,0,0]",1,no,all residue allocations modulo cyclic rotation
16,2,4,30,15,2,21,one_changed,FOUND,"{""coeffs"":[2,1,1,1,1,1,1,1,1,1,1,1,1,1,1,1,1,1,1,1,1],""positions"":[0,15,1,16,2,17,3,18,4,19,5,20,6,21,7,22,8,23,9,24,10]}","[3,0,0,0,0,0,0,0,0,0,1,0,0,0,0]",1,no,all residue allocations modulo cyclic rotation
16,2,4,30,15,2,22,ones,FOUND,"{""coeffs"":[1,1,1,1,1,1,1,1,1,1,1,1,1,1,1,1,1,1,1,1,1,1],""positions"":[0,15,1,16,2,17,3,18,4,19,5,20,6,21,7,22,8,23,9,24,10,11]}","[0,0,0,0,0,0,0,0,0,0,1,1,0,0,0]",2,no,all residue allocations modulo cyclic rotation
16,2,4,30,15,2,22,one_changed,FOUND,"{""coeffs"":[2,1,1,1,1,1,1,1,1,1,1,1,1,1,1,1,1,1,1,1,1,1],""positions"":[0,15,1,16,2,17,3,18,4,19,5,20,6,21,7,22,8,23,9,24,10,25]}","[3,0,0,0,0,0,0,0,0,0,0,0,0,0,0]",1,no,all residue allocations modulo cyclic rotation
16,2,4,30,15,2,23,ones,FOUND,"{""coeffs"":[1,1,1,1,1,1,1,1,1,1,1,1,1,1,1,1,1,1,1,1,1,1,1],""positions"":[0,15,1,16,2,17,3,18,4,19,5,20,6,21,7,22,8,23,9,24,10,25,11]}","[0,0,0,0,0,0,0,0,0,0,0,1,0,0,0]",1,no,all residue allocations modulo cyclic rotation
16,2,4,30,15,2,23,one_changed,FOUND,"{""coeffs"":[2,1,1,1,1,1,1,1,1,1,1,1,1,1,1,1,1,1,1,1,1,1,1],""positions"":[0,15,1,16,2,17,3,18,4,19,5,20,6,21,7,22,8,23,9,24,10,25,11]}","[3,0,0,0,0,0,0,0,0,0,0,1,0,0,0]",1,no,all residue allocations modulo cyclic rotation
16,2,4,30,15,2,24,ones,FOUND,"{""coeffs"":[1,1,1,1,1,1,1,1,1,1,1,1,1,1,1,1,1,1,1,1,1,1,1,1],""positions"":[0,15,1,16,2,17,3,18,4,19,5,20,6,21,7,22,8,23,9,24,10,25,11,12]}","[0,0,0,0,0,0,0,0,0,0,0,1,1,0,0]",2,no,all residue allocations modulo cyclic rotation
16,2,4,30,15,2,24,one_changed,FOUND,"{""coeffs"":[2,1,1,1,1,1,1,1,1,1,1,1,1,1,1,1,1,1,1,1,1,1,1,1],""positions"":[0,15,1,16,2,17,3,18,4,19,5,20,6,21,7,22,8,23,9,24,10,25,11,26]}","[3,0,0,0,0,0,0,0,0,0,0,0,0,0,0]",1,no,all residue allocations modulo cyclic rotation
16,2,4,30,15,2,25,ones,FOUND,"{""coeffs"":[1,1,1,1,1,1,1,1,1,1,1,1,1,1,1,1,1,1,1,1,1,1,1,1,1],""positions"":[0,15,1,16,2,17,3,18,4,19,5,20,6,21,7,22,8,23,9,24,10,25,11,26,12]}","[0,0,0,0,0,0,0,0,0,0,0,0,1,0,0]",1,no,all residue allocations modulo cyclic rotation
16,2,4,30,15,2,25,one_changed,FOUND,"{""coeffs"":[2,1,1,1,1,1,1,1,1,1,1,1,1,1,1,1,1,1,1,1,1,1,1,1,1],""positions"":[0,15,1,16,2,17,3,18,4,19,5,20,6,21,7,22,8,23,9,24,10,25,11,26,12]}","[3,0,0,0,0,0,0,0,0,0,0,0,1,0,0]",1,no,all residue allocations modulo cyclic rotation
16,2,4,30,15,2,26,ones,FOUND,"{""coeffs"":[1,1,1,1,1,1,1,1,1,1,1,1,1,1,1,1,1,1,1,1,1,1,1,1,1,1],""positions"":[0,15,1,16,2,17,3,18,4,19,5,20,6,21,7,22,8,23,9,24,10,25,11,26,12,13]}","[0,0,0,0,0,0,0,0,0,0,0,0,1,1,0]",2,no,all residue allocations modulo cyclic rotation
16,2,4,30,15,2,26,one_changed,FOUND,"{""coeffs"":[2,1,1,1,1,1,1,1,1,1,1,1,1,1,1,1,1,1,1,1,1,1,1,1,1,1],""positions"":[0,15,1,16,2,17,3,18,4,19,5,20,6,21,7,22,8,23,9,24,10,25,11,26,12,27]}","[3,0,0,0,0,0,0,0,0,0,0,0,0,0,0]",1,no,all residue allocations modulo cyclic rotation
16,2,4,30,15,2,27,ones,FOUND,"{""coeffs"":[1,1,1,1,1,1,1,1,1,1,1,1,1,1,1,1,1,1,1,1,1,1,1,1,1,1,1],""positions"":[0,15,1,16,2,17,3,18,4,19,5,20,6,21,7,22,8,23,9,24,10,25,11,26,12,27,13]}","[0,0,0,0,0,0,0,0,0,0,0,0,0,1,0]",1,no,all residue allocations modulo cyclic rotation
16,2,4,30,15,2,27,one_changed,FOUND,"{""coeffs"":[2,1,1,1,1,1,1,1,1,1,1,1,1,1,1,1,1,1,1,1,1,1,1,1,1,1,1],""positions"":[0,15,1,16,2,17,3,18,4,19,5,20,6,21,7,22,8,23,9,24,10,25,11,26,12,27,13]}","[3,0,0,0,0,0,0,0,0,0,0,0,0,1,0]",1,no,all residue allocations modulo cyclic rotation
16,2,4,30,15,2,28,ones,FOUND,"{""coeffs"":[1,1,1,1,1,1,1,1,1,1,1,1,1,1,1,1,1,1,1,1,1,1,1,1,1,1,1,1],""positions"":[0,15,1,16,2,17,3,18,4,19,5,20,6,21,7,22,8,23,9,24,10,25,11,26,12,27,13,14]}","[0,0,0,0,0,0,0,0,0,0,0,0,0,1,1]",2,no,all residue allocations modulo cyclic rotation
16,2,4,30,15,2,28,one_changed,FOUND,"{""coeffs"":[2,1,1,1,1,1,1,1,1,1,1,1,1,1,1,1,1,1,1,1,1,1,1,1,1,1,1,1],""positions"":[0,15,1,16,2,17,3,18,4,19,5,20,6,21,7,22,8,23,9,24,10,25,11,26,12,27,13,28]}","[3,0,0,0,0,0,0,0,0,0,0,0,0,0,0]",1,no,all residue allocations modulo cyclic rotation
16,2,4,30,15,2,29,ones,FOUND,"{""coeffs"":[1,1,1,1,1,1,1,1,1,1,1,1,1,1,1,1,1,1,1,1,1,1,1,1,1,1,1,1,1],""positions"":[0,15,1,16,2,17,3,18,4,19,5,20,6,21,7,22,8,23,9,24,10,25,11,26,12,27,13,28,14]}","[0,0,0,0,0,0,0,0,0,0,0,0,0,0,1]",1,no,all residue allocations modulo cyclic rotation
16,2,4,30,15,2,29,one_changed,FOUND,"{""coeffs"":[2,1,1,1,1,1,1,1,1,1,1,1,1,1,1,1,1,1,1,1,1,1,1,1,1,1,1,1,1],""positions"":[0,15,1,16,2,17,3,18,4,19,5,20,6,21,7,22,8,23,9,24,10,25,11,26,12,27,13,28,14]}","[3,0,0,0,0,0,0,0,0,0,0,0,0,0,1]",1,no,all residue allocations modulo cyclic rotation
16,2,4,30,15,2,30,ones,NONE,,,1,yes,all residue allocations modulo cyclic rotation
16,2,4,30,15,2,30,one_changed,FOUND,"{""coeffs"":[2,1,1,1,1,1,1,1,1,1,1,1,1,1,1,1,1,1,1,1,1,1,1,1,1,1,1,1,1,1],""positions"":[0,15,1,16,2,17,3,18,4,19,5,20,6,21,7,22,8,23,9,24,10,25,11,26,12,27,13,28,14,29]}","[3,0,0,0,0,0,0,0,0,0,0,0,0,0,0]",1,no,all residue allocations modulo cyclic rotation
