2 3 19 20 21 24 56 95 15960
2 3 19 20 21 28 30 38 7980
2 3 19 20 21 28 30 57 7980
2 3 19 20 21 28 30 76 7980
2 3 19 20 21 28 30 95 7980
2 3 19 20 21 28 30 114 7980
2 3 19 20 21 28 35 38 7980
2 3 19 20 21 28 35 57 7980
2 3 19 20 21 28 35 76 7980
2 3 19 20 21 28 35 95 7980
2 3 19 20 21 28 35 114 7980
2 3 19 20 21 28 38 60 7980
2 3 19 20 21 28 38 70 7980
2 3 19 20 21 28 38 95 7980
2 3 19 20 21 28 38 105 7980
2 3 19 20 21 28 42 95 7980
2 3 19 20 21 28 57 60 7980
2 3 19 20 21 28 57 70 7980
2 3 19 20 21 28 57 95 7980
2 3 19 20 21 28 57 105 7980
2 3 19 20 21 28 60 76 7980
2 3 19 20 21 28 60 95 7980
2 3 19 20 21 28 60 114 7980
2 3 19 20 21 28 70 76 7980
2 3 19 20 21 28 70 95 7980
2 3 19 20 21 28 70 114 7980
2 3 19 20 21 28 76 95 7980
2 3 19 20 21 28 76 105 7980
2 3 19 20 21 28 84 95 7980
2 3 19 20 21 28 95 105 7980
2 3 19 20 21 28 95 114 7980
2 3 19 20 21 28 105 114 7980
2 3 19 20 21 30 35 76 7980
2 3 19 20 21 30 38 84 7980
2 3 19 20 21 30 42 76 7980
2 3 19 20 21 30 57 84 7980
2 3 19 20 21 30 70 76 7980
2 3 19 20 21 30 76 84 7980
2 3 19 20 21 30 76 105 7980
2 3 19 20 21 30 84 95 7980
2 3 19 20 21 30 84 114 7980
2 3 19 20 21 35 38 60 7980
2 3 19 20 21 35 38 76 7980
2 3 19 20 21 35 38 84 7980
2 3 19 20 21 35 42 76 7980
2 3 19 20 21 35 57 60 7980
2 3 19 20 21 35 57 76 7980
2 3 19 20 21 35 57 84 7980
2 3 19 20 21 35 60 76 7980
2 3 19 20 21 35 60 95 7980
2 3 19 20 21 35 60 114 7980
2 3 19 20 21 35 70 76 7980
2 3 19 20 21 35 76 84 7980
2 3 19 20 21 35 76 95 7980
2 3 19 20 21 35 76 105 7980
2 3 19 20 21 35 76 114 7980
2 3 19 20 21 35 84 95 7980
2 3 19 20 21 35 84 114 7980
2 3 19 20 21 36 63 95 23940
2 3 19 20 21 36 95 126 23940
2 3 19 20 21 38 40 56 15960
2 3 19 20 21 38 42 60 7980
2 3 19 20 21 38 56 120 15960
2 3 19 20 21 38 60 70 7980
2 3 19 20 21 38 60 84 7980
2 3 19 20 21 38 60 105 7980
2 3 19 20 21 38 70 76 7980
2 3 19 20 21 38 70 84 7980
2 3 19 20 21 38 76 105 7980
2 3 19 20 21 38 80 112 31920
2 3 19 20 21 38 84 95 7980
2 3 19 20 21 38 84 105 7980
2 3 19 20 21 40 56 57 15960
2 3 19 20 21 40 56 76 15960
2 3 19 20 21 40 56 95 15960
2 3 19 20 21 40 56 114 15960
2 3 19 20 21 42 57 60 7980
2 3 19 20 21 42 60 76 7980
2 3 19 20 21 42 60 95 7980
2 3 19 20 21 42 60 114 7980
2 3 19 20 21 42 70 76 7980
2 3 19 20 21 42 76 95 7980
2 3 19 20 21 42 76 105 7980
2 3 19 20 21 42 84 95 7980
2 3 19 20 21 44 77 95 87780
2 3 19 20 21 45 63 76 23940
2 3 19 20 21 45 76 126 23940
2 3 19 20 21 48 95 112 31920
2 3 19 20 21 52 91 95 103740
2 3 19 20 21 55 76 77 87780
2 3 19 20 21 56 57 120 15960
2 3 19 20 21 56 76 120 15960
2 3 19 20 21 56 95 120 15960
2 3 19 20 21 56 114 120 15960
2 3 19 20 21 57 60 70 7980
2 3 19 20 21 57 60 84 7980
2 3 19 20 21 57 60 105 7980
2 3 19 20 21 57 70 76 7980
2 3 19 20 21 57 70 84 7980
2 3 19 20 21 57 76 105 7980
2 3 19 20 21 57 80 112 31920
2 3 19 20 21 57 84 95 7980
2 3 19 20 21 57 84 105 7980
2 3 19 20 21 60 70 76 7980
2 3 19 20 21 60 70 95 7980
2 3 19 20 21 60 70 114 7980
2 3 19 20 21 60 76 84 7980
2 3 19 20 21 60 76 105 7980
2 3 19 20 21 60 84 95 7980
2 3 19 20 21 60 84 114 7980
2 3 19 20 21 60 95 105 7980
2 3 19 20 21 60 105 114 7980
2 3 19 20 21 63 76 90 23940
2 3 19 20 21 65 76 91 103740
2 3 19 20 21 68 95 119 135660
2 3 19 20 21 70 76 84 7980
2 3 19 20 21 70 76 95 7980
2 3 19 20 21 70 76 105 7980
2 3 19 20 21 70 76 114 7980
2 3 19 20 21 70 84 95 7980
2 3 19 20 21 70 84 114 7980
2 3 19 20 21 76 77 110 87780
2 3 19 20 21 76 80 112 31920
2 3 19 20 21 76 84 95 7980
2 3 19 20 21 76 84 105 7980
2 3 19 20 21 76 85 119 135660
2 3 19 20 21 76 90 126 23940
2 3 19 20 21 76 95 105 7980
2 3 19 20 21 76 105 114 7980
2 3 19 20 21 80 95 112 31920
2 3 19 20 21 80 112 114 31920
2 3 19 20 21 84 95 105 7980
2 3 19 20 21 84 95 114 7980
2 3 19 20 21 84 105 114 7980
2 3 19 20 22 24 88 95 25080
2 3 19 20 22 30 33 76 12540
2 3 19 20 22 30 38 44 12540
2 3 19 20 22 30 44 57 12540
2 3 19 20 22 30 44 76 12540
2 3 19 20 22 30 44 95 12540
2 3 19 20 22 30 44 114 12540
2 3 19 20 22 30 55 76 12540
2 3 19 20 22 30 66 76 12540
2 3 19 20 22 30 76 110 12540
2 3 19 20 22 33 38 60 12540
2 3 19 20 22 33 44 95 12540
2 3 19 20 22 33 55 76 12540
2 3 19 20 22 33 57 60 12540
2 3 19 20 22 33 60 76 12540
2 3 19 20 22 33 60 95 12540
2 3 19 20 22 33 60 114 12540
2 3 19 20 22 33 76 95 12540
2 3 19 20 22 33 76 110 12540
2 3 19 20 22 36 95 99 37620
2 3 19 20 22 38 44 60 12540
2 3 19 20 22 38 55 60 12540
2 3 19 20 22 38 60 66 12540
2 3 19 20 22 38 60 110 12540
2 3 19 20 22 38 88 120 25080
2 3 19 20 22 40 57 88 25080
2 3 19 20 22 40 88 114 25080
2 3 19 20 22 44 55 57 12540
2 3 19 20 22 44 55 114 12540
2 3 19 20 22 44 57 60 12540
2 3 19 20 22 44 57 95 12540
2 3 19 20 22 44 57 110 12540
2 3 19 20 22 44 60 76 12540
2 3 19 20 22 44 60 95 12540
2 3 19 20 22 44 60 114 12540
2 3 19 20 22 44 66 95 12540
2 3 19 20 22 44 95 114 12540
2 3 19 20 22 44 110 114 12540
2 3 19 20 22 45 76 99 37620
2 3 19 20 22 55 57 60 12540
2 3 19 20 22 55 57 76 12540
2 3 19 20 22 55 60 76 12540
2 3 19 20 22 55 60 95 12540
2 3 19 20 22 55 60 114 12540
2 3 19 20 22 55 66 76 12540
2 3 19 20 22 55 76 114 12540
2 3 19 20 22 57 60 66 12540
2 3 19 20 22 57 60 110 12540
2 3 19 20 22 57 76 110 12540
2 3 19 20 22 57 88 120 25080
2 3 19 20 22 60 66 76 12540
2 3 19 20 22 60 66 95 12540
2 3 19 20 22 60 66 114 12540
2 3 19 20 22 60 76 110 12540
2 3 19 20 22 60 95 110 12540
2 3 19 20 22 60 110 114 12540
2 3 19 20 22 66 76 95 12540
2 3 19 20 22 66 76 110 12540
2 3 19 20 22 76 77 105 87780
2 3 19 20 22 76 88 120 25080
2 3 19 20 22 76 90 99 37620
2 3 19 20 22 76 110 114 12540
2 3 19 20 22 77 84 95 87780
2 3 19 20 22 88 95 120 25080
2 3 19 20 22 88 114 120 25080
2 3 19 20 23 30 38 92 26220
2 3 19 20 23 30 46 76 26220
2 3 19 20 23 30 57 92 26220
2 3 19 20 23 30 69 76 26220
2 3 19 20 23 30 76 92 26220
2 3 19 20 23 30 76 115 26220
2 3 19 20 23 30 92 95 26220
2 3 19 20 23 30 92 114 26220
2 3 19 20 23 38 46 60 26220
2 3 19 20 23 38 60 69 26220
2 3 19 20 23 38 60 92 26220
2 3 19 20 23 38 60 115 26220
2 3 19 20 23 46 57 60 26220
2 3 19 20 23 46 60 76 26220
2 3 19 20 23 46 60 95 26220
2 3 19 20 23 46 60 114 26220
2 3 19 20 23 57 60 69 26220
2 3 19 20 23 57 60 92 26220
2 3 19 20 23 57 60 115 26220
2 3 19 20 23 57 76 115 26220
2 3 19 20 23 57 92 95 26220
2 3 19 20 23 57 92 115 26220
2 3 19 20 23 60 69 76 26220
2 3 19 20 23 60 69 95 26220
2 3 19 20 23 60 69 114 26220
2 3 19 20 23 60 76 92 26220
2 3 19 20 23 60 76 115 26220
2 3 19 20 23 60 92 95 26220
2 3 19 20 23 60 92 114 26220
2 3 19 20 23 60 95 115 26220
2 3 19 20 23 60 114 115 26220
2 3 19 20 23 69 76 95 26220
2 3 19 20 23 69 76 115 26220
2 3 19 20 23 69 92 95 26220
2 3 19 20 23 76 114 115 26220
2 3 19 20 23 92 95 114 26220
2 3 19 20 23 92 114 115 26220
2 3 19 20 24 26 95 104 29640
2 3 19 20 24 28 56 95 15960
2 3 19 20 24 30 38 40 2280
2 3 19 20 24 30 38 120 2280
2 3 19 20 24 30 40 57 2280
2 3 19 20 24 30 40 76 2280
2 3 19 20 24 30 40 95 2280
2 3 19 20 24 30 40 114 2280
2 3 19 20 24 30 57 120 2280
2 3 19 20 24 30 76 120 2280
2 3 19 20 24 30 95 120 2280
2 3 19 20 24 30 114 120 2280
2 3 19 20 24 32 95 96 9120
2 3 19 20 24 33 88 95 25080
2 3 19 20 24 35 38 56 15960
2 3 19 20 24 35 56 57 15960
2 3 19 20 24 35 56 76 15960
2 3 19 20 24 35 56 95 15960
2 3 19 20 24 35 56 114 15960
2 3 19 20 24 36 72 95 6840
2 3 19 20 24 38 40 57 2280
2 3 19 20 24 38 40 60 2280
2 3 19 20 24 38 40 76 2280
2 3 19 20 24 38 40 95 2280
2 3 19 20 24 38 40 114 2280
2 3 19 20 24 38 40 120 2280
2 3 19 20 24 38 45 72 6840
2 3 19 20 24 38 48 80 4560
2 3 19 20 24 38 55 88 25080
2 3 19 20 24 38 56 70 15960
2 3 19 20 24 38 56 105 15960
2 3 19 20 24 38 57 120 2280
2 3 19 20 24 38 60 120 2280
2 3 19 20 24 38 65 104 29640
2 3 19 20 24 38 72 90 6840
2 3 19 20 24 38 76 120 2280
2 3 19 20 24 38 88 110 25080
2 3 19 20 24 38 95 120 2280
2 3 19 20 24 38 114 120 2280
2 3 19 20 24 39 95 104 29640
2 3 19 20 24 40 57 60 2280
2 3 19 20 24 40 57 76 2280
2 3 19 20 24 40 57 95 2280
2 3 19 20 24 40 57 114 2280
2 3 19 20 24 40 57 120 2280
2 3 19 20 24 40 60 76 2280
2 3 19 20 24 40 60 95 2280
2 3 19 20 24 40 60 114 2280
2 3 19 20 24 40 76 95 2280
2 3 19 20 24 40 76 114 2280
2 3 19 20 24 40 76 120 2280
2 3 19 20 24 40 95 114 2280
2 3 19 20 24 40 95 120 2280
2 3 19 20 24 40 114 120 2280
2 3 19 20 24 42 56 95 15960
2 3 19 20 24 44 88 95 25080
2 3 19 20 24 45 57 72 6840
2 3 19 20 24 45 72 76 6840
2 3 19 20 24 45 72 95 6840
2 3 19 20 24 45 72 114 6840
2 3 19 20 24 48 57 80 4560
2 3 19 20 24 48 76 80 4560
2 3 19 20 24 48 80 95 4560
2 3 19 20 24 48 80 114 4560
2 3 19 20 24 52 95 104 29640
2 3 19 20 24 55 57 88 25080
2 3 19 20 24 55 76 88 25080
2 3 19 20 24 55 88 95 25080
2 3 19 20 24 55 88 114 25080
2 3 19 20 24 56 57 70 15960
2 3 19 20 24 56 57 105 15960
2 3 19 20 24 56 70 76 15960
2 3 19 20 24 56 70 95 15960
2 3 19 20 24 56 70 114 15960
2 3 19 20 24 56 76 105 15960
2 3 19 20 24 56 84 95 15960
2 3 19 20 24 56 95 105 15960
2 3 19 20 24 56 105 114 15960
2 3 19 20 24 57 60 120 2280
2 3 19 20 24 57 65 104 29640
2 3 19 20 24 57 72 90 6840
2 3 19 20 24 57 76 120 2280
2 3 19 20 24 57 88 110 25080
2 3 19 20 24 57 95 120 2280
2 3 19 20 24 57 114 120 2280
2 3 19 20 24 60 76 120 2280
2 3 19 20 24 60 95 120 2280
2 3 19 20 24 60 114 120 2280
2 3 19 20 24 65 76 104 29640
2 3 19 20 24 65 95 104 29640
2 3 19 20 24 65 104 114 29640
2 3 19 20 24 66 88 95 25080
2 3 19 20 24 72 76 90 6840
2 3 19 20 24 72 90 95 6840
2 3 19 20 24 72 90 114 6840
2 3 19 20 24 76 88 110 25080
2 3 19 20 24 76 95 120 2280
2 3 19 20 24 76 114 120 2280
2 3 19 20 24 78 95 104 29640
2 3 19 20 24 88 95 110 25080
2 3 19 20 24 88 110 114 25080
2 3 19 20 24 95 114 120 2280
2 3 19 20 25 30 38 100 5700
2 3 19 20 25 30 50 76 5700
2 3 19 20 25 30 57 100 5700
2 3 19 20 25 30 75 76 5700
2 3 19 20 25 30 76 100 5700
2 3 19 20 25 30 95 100 5700
2 3 19 20 25 30 100 114 5700
2 3 19 20 25 38 50 60 5700
2 3 19 20 25 38 57 100 5700
2 3 19 20 25 38 60 75 5700
2 3 19 20 25 38 60 100 5700
2 3 19 20 25 38 75 76 5700
2 3 19 20 25 38 75 100 5700
2 3 19 20 25 38 100 114 5700
2 3 19 20 25 50 57 60 5700
2 3 19 20 25 50 57 76 5700
2 3 19 20 25 50 57 100 5700
2 3 19 20 25 50 60 76 5700
2 3 19 20 25 50 60 95 5700
2 3 19 20 25 50 60 114 5700
2 3 19 20 25 50 75 76 5700
2 3 19 20 25 50 76 114 5700
2 3 19 20 25 50 100 114 5700
2 3 19 20 25 57 60 75 5700
2 3 19 20 25 57 60 100 5700
2 3 19 20 25 57 75 76 5700
2 3 19 20 25 57 75 100 5700
2 3 19 20 25 57 76 100 5700
2 3 19 20 25 57 95 100 5700
2 3 19 20 25 57 100 114 5700
2 3 19 20 25 60 75 76 5700
2 3 19 20 25 60 75 95 5700
2 3 19 20 25 60 75 114 5700
2 3 19 20 25 60 76 100 5700
2 3 19 20 25 60 95 100 5700
2 3 19 20 25 60 100 114 5700
2 3 19 20 25 75 76 95 5700
2 3 19 20 25 75 76 100 5700
2 3 19 20 25 75 76 114 5700
2 3 19 20 25 75 95 100 5700
2 3 19 20 25 75 100 114 5700
2 3 19 20 25 76 100 114 5700
2 3 19 20 25 95 100 114 5700
2 3 19 20 26 30 38 52 14820
2 3 19 20 26 30 39 76 14820
2 3 19 20 26 30 52 57 14820
2 3 19 20 26 30 52 76 14820
2 3 19 20 26 30 52 95 14820
2 3 19 20 26 30 52 114 14820
2 3 19 20 26 30 65 76 14820
2 3 19 20 26 30 76 78 14820
2 3 19 20 26 36 95 117 44460
2 3 19 20 26 38 39 60 14820
2 3 19 20 26 38 52 60 14820
2 3 19 20 26 38 60 65 14820
2 3 19 20 26 38 60 78 14820
2 3 19 20 26 38 104 120 29640
2 3 19 20 26 39 52 95 14820
2 3 19 20 26 39 57 60 14820
2 3 19 20 26 39 60 76 14820
2 3 19 20 26 39 60 95 14820
2 3 19 20 26 39 60 114 14820
2 3 19 20 26 39 65 76 14820
2 3 19 20 26 39 76 95 14820
2 3 19 20 26 40 57 104 29640
2 3 19 20 26 40 104 114 29640
2 3 19 20 26 45 76 117 44460
2 3 19 20 26 52 57 60 14820
2 3 19 20 26 52 57 65 14820
2 3 19 20 26 52 57 95 14820
2 3 19 20 26 52 60 76 14820
2 3 19 20 26 52 60 95 14820
2 3 19 20 26 52 60 114 14820
2 3 19 20 26 52 65 114 14820
2 3 19 20 26 52 78 95 14820
2 3 19 20 26 52 95 114 14820
2 3 19 20 26 57 60 65 14820
2 3 19 20 26 57 60 78 14820
2 3 19 20 26 57 65 76 14820
2 3 19 20 26 57 104 120 29640
2 3 19 20 26 60 65 76 14820
2 3 19 20 26 60 65 95 14820
2 3 19 20 26 60 65 114 14820
2 3 19 20 26 60 76 78 14820
2 3 19 20 26 60 78 95 14820
2 3 19 20 26 60 78 114 14820
2 3 19 20 26 65 76 78 14820
2 3 19 20 26 65 76 114 14820
2 3 19 20 26 76 78 95 14820
2 3 19 20 26 76 90 117 44460
2 3 19 20 26 76 91 105 103740
2 3 19 20 26 76 104 120 29640
2 3 19 20 26 84 91 95 103740
2 3 19 20 26 95 104 120 29640
2 3 19 20 26 104 114 120 29640
2 3 19 20 27 30 38 108 10260
2 3 19 20 27 30 54 76 10260
2 3 19 20 27 30 57 108 10260
2 3 19 20 27 30 76 108 10260
2 3 19 20 27 30 95 108 10260
2 3 19 20 27 30 108 114 10260
2 3 19 20 27 36 54 95 10260
2 3 19 20 27 36 95 108 10260
2 3 19 20 27 38 45 108 10260
2 3 19 20 27 38 54 60 10260
2 3 19 20 27 38 60 108 10260
2 3 19 20 27 38 90 108 10260
2 3 19 20 27 38 95 108 10260
2 3 19 20 27 45 54 76 10260
2 3 19 20 27 45 57 108 10260
2 3 19 20 27 45 76 108 10260
2 3 19 20 27 45 95 108 10260
2 3 19 20 27 45 108 114 10260
2 3 19 20 27 54 57 60 10260
2 3 19 20 27 54 60 76 10260
2 3 19 20 27 54 60 95 10260
2 3 19 20 27 54 60 114 10260
2 3 19 20 27 54 76 90 10260
2 3 19 20 27 54 76 95 10260
2 3 19 20 27 54 95 108 10260
2 3 19 20 27 57 60 108 10260
2 3 19 20 27 57 90 108 10260
2 3 19 20 27 57 95 108 10260
2 3 19 20 27 60 76 108 10260
2 3 19 20 27 60 95 108 10260
2 3 19 20 27 60 108 114 10260
2 3 19 20 27 76 90 108 10260
2 3 19 20 27 76 95 108 10260
2 3 19 20 27 90 95 108 10260
2 3 19 20 27 90 108 114 10260
2 3 19 20 27 95 108 114 10260
2 3 19 20 28 30 35 38 7980
2 3 19 20 28 30 35 57 7980
2 3 19 20 28 30 35 76 7980
2 3 19 20 28 30 35 95 7980
2 3 19 20 28 30 35 114 7980
2 3 19 20 28 30 38 42 7980
2 3 19 20 28 30 38 70 7980
2 3 19 20 28 30 38 84 7980
2 3 19 20 28 30 38 105 7980
2 3 19 20 28 30 42 57 7980
2 3 19 20 28 30 42 76 7980
2 3 19 20 28 30 42 95 7980
2 3 19 20 28 30 42 114 7980
2 3 19 20 28 30 57 70 7980
2 3 19 20 28 30 57 84 7980
2 3 19 20 28 30 57 105 7980
2 3 19 20 28 30 70 76 7980
2 3 19 20 28 30 70 95 7980
2 3 19 20 28 30 70 114 7980
2 3 19 20 28 30 76 84 7980
2 3 19 20 28 30 76 105 7980
2 3 19 20 28 30 84 95 7980
2 3 19 20 28 30 84 114 7980
2 3 19 20 28 30 95 105 7980
2 3 19 20 28 30 105 114 7980
2 3 19 20 28 33 77 95 87780
2 3 19 20 28 35 38 42 7980
2 3 19 20 28 35 38 57 7980
2 3 19 20 28 35 38 60 7980
2 3 19 20 28 35 38 84 7980
2 3 19 20 28 35 38 105 7980
2 3 19 20 28 35 38 114 7980
2 3 19 20 28 35 42 57 7980
2 3 19 20 28 35 42 76 7980
2 3 19 20 28 35 42 95 7980
2 3 19 20 28 35 42 114 7980
2 3 19 20 28 35 57 60 7980
2 3 19 20 28 35 57 70 7980
2 3 19 20 28 35 57 76 7980
2 3 19 20 28 35 57 84 7980
2 3 19 20 28 35 57 95 7980
2 3 19 20 28 35 57 105 7980
2 3 19 20 28 35 57 114 7980
2 3 19 20 28 35 60 76 7980
2 3 19 20 28 35 60 95 7980
2 3 19 20 28 35 60 114 7980
2 3 19 20 28 35 70 114 7980
2 3 19 20 28 35 76 84 7980
2 3 19 20 28 35 76 105 7980
2 3 19 20 28 35 76 114 7980
2 3 19 20 28 35 84 95 7980
2 3 19 20 28 35 84 114 7980
2 3 19 20 28 35 95 105 7980
2 3 19 20 28 35 95 114 7980
2 3 19 20 28 35 105 114 7980
2 3 19 20 28 36 63 95 23940
2 3 19 20 28 36 95 126 23940
2 3 19 20 28 38 42 60 7980
2 3 19 20 28 38 42 70 7980
2 3 19 20 28 38 42 95 7980
2 3 19 20 28 38 42 105 7980
2 3 19 20 28 38 45 63 23940
2 3 19 20 28 38 45 126 23940
2 3 19 20 28 38 56 120 15960
2 3 19 20 28 38 57 70 7980
2 3 19 20 28 38 57 105 7980
2 3 19 20 28 38 60 70 7980
2 3 19 20 28 38 60 84 7980
2 3 19 20 28 38 60 105 7980
2 3 19 20 28 38 63 90 23940
2 3 19 20 28 38 70 84 7980
2 3 19 20 28 38 70 105 7980
2 3 19 20 28 38 70 114 7980
2 3 19 20 28 38 76 105 7980
2 3 19 20 28 38 84 95 7980
2 3 19 20 28 38 84 105 7980
2 3 19 20 28 38 90 126 23940
2 3 19 20 28 38 95 105 7980
2 3 19 20 28 38 105 114 7980
2 3 19 20 28 39 91 95 103740
2 3 19 20 28 40 56 57 15960
2 3 19 20 28 40 56 114 15960
2 3 19 20 28 42 57 60 7980
2 3 19 20 28 42 57 70 7980
2 3 19 20 28 42 57 95 7980
2 3 19 20 28 42 57 105 7980
2 3 19 20 28 42 60 76 7980
2 3 19 20 28 42 60 95 7980
2 3 19 20 28 42 60 114 7980
2 3 19 20 28 42 70 76 7980
2 3 19 20 28 42 70 95 7980
2 3 19 20 28 42 70 114 7980
2 3 19 20 28 42 76 95 7980
2 3 19 20 28 42 76 105 7980
2 3 19 20 28 42 84 95 7980
2 3 19 20 28 42 95 105 7980
2 3 19 20 28 42 95 114 7980
2 3 19 20 28 42 105 114 7980
2 3 19 20 28 45 57 63 23940
2 3 19 20 28 45 57 126 23940
2 3 19 20 28 45 63 76 23940
2 3 19 20 28 45 63 95 23940
2 3 19 20 28 45 63 114 23940
2 3 19 20 28 45 76 126 23940
2 3 19 20 28 45 95 126 23940
2 3 19 20 28 45 114 126 23940
2 3 19 20 28 48 95 112 31920
2 3 19 20 28 51 95 119 135660
2 3 19 20 28 55 57 77 87780
2 3 19 20 28 55 77 114 87780
2 3 19 20 28 56 57 120 15960
2 3 19 20 28 56 76 120 15960
2 3 19 20 28 56 95 120 15960
2 3 19 20 28 56 114 120 15960
2 3 19 20 28 57 60 70 7980
2 3 19 20 28 57 60 84 7980
2 3 19 20 28 57 60 105 7980
2 3 19 20 28 57 63 90 23940
2 3 19 20 28 57 65 91 103740
2 3 19 20 28 57 70 76 7980
2 3 19 20 28 57 70 84 7980
2 3 19 20 28 57 70 95 7980
2 3 19 20 28 57 70 105 7980
2 3 19 20 28 57 70 114 7980
2 3 19 20 28 57 76 105 7980
2 3 19 20 28 57 77 110 87780
2 3 19 20 28 57 80 112 31920
2 3 19 20 28 57 84 95 7980
2 3 19 20 28 57 84 105 7980
2 3 19 20 28 57 85 119 135660
2 3 19 20 28 57 90 126 23940
2 3 19 20 28 57 95 105 7980
2 3 19 20 28 57 105 114 7980
2 3 19 20 28 60 70 76 7980
2 3 19 20 28 60 70 95 7980
2 3 19 20 28 60 70 114 7980
2 3 19 20 28 60 76 84 7980
2 3 19 20 28 60 76 105 7980
2 3 19 20 28 60 84 95 7980
2 3 19 20 28 60 84 114 7980
2 3 19 20 28 60 95 105 7980
2 3 19 20 28 60 105 114 7980
2 3 19 20 28 63 76 90 23940
2 3 19 20 28 63 90 95 23940
2 3 19 20 28 63 90 114 23940
2 3 19 20 28 63 95 126 23940
2 3 19 20 28 65 91 114 103740
2 3 19 20 28 66 77 95 87780
2 3 19 20 28 70 76 84 7980
2 3 19 20 28 70 76 105 7980
2 3 19 20 28 70 76 114 7980
2 3 19 20 28 70 84 95 7980
2 3 19 20 28 70 84 114 7980
2 3 19 20 28 70 95 105 7980
2 3 19 20 28 70 95 114 7980
2 3 19 20 28 70 105 114 7980
2 3 19 20 28 76 84 95 7980
2 3 19 20 28 76 84 105 7980
2 3 19 20 28 76 90 126 23940
2 3 19 20 28 76 95 105 7980
2 3 19 20 28 76 105 114 7980
2 3 19 20 28 77 110 114 87780
2 3 19 20 28 78 91 95 103740
2 3 19 20 28 80 112 114 31920
2 3 19 20 28 84 95 105 7980
2 3 19 20 28 84 95 114 7980
2 3 19 20 28 84 105 114 7980
2 3 19 20 28 85 114 119 135660
2 3 19 20 28 90 95 126 23940
2 3 19 20 28 95 102 119 135660
2 3 19 20 28 95 105 114 7980
2 3 19 20 29 30 38 116 33060
2 3 19 20 29 30 57 116 33060
2 3 19 20 29 30 58 76 33060
2 3 19 20 29 30 76 87 33060
2 3 19 20 29 30 76 116 33060
2 3 19 20 29 30 95 116 33060
2 3 19 20 29 30 114 116 33060
2 3 19 20 29 38 58 60 33060
2 3 19 20 29 38 60 87 33060
2 3 19 20 29 38 60 116 33060
2 3 19 20 29 57 58 60 33060
2 3 19 20 29 57 60 87 33060
2 3 19 20 29 57 60 116 33060
2 3 19 20 29 57 95 116 33060
2 3 19 20 29 58 60 76 33060
2 3 19 20 29 58 60 95 33060
2 3 19 20 29 58 60 114 33060
2 3 19 20 29 60 76 87 33060
2 3 19 20 29 60 76 116 33060
2 3 19 20 29 60 87 95 33060
2 3 19 20 29 60 87 114 33060
2 3 19 20 29 60 95 116 33060
2 3 19 20 29 60 114 116 33060
2 3 19 20 29 76 87 95 33060
2 3 19 20 29 87 95 116 33060
2 3 19 20 30 31 38 124 35340
2 3 19 20 30 31 57 124 35340
2 3 19 20 30 31 62 76 35340
2 3 19 20 30 31 76 93 35340
2 3 19 20 30 31 76 124 35340
2 3 19 20 30 31 95 124 35340
2 3 19 20 30 31 114 124 35340
2 3 19 20 30 32 38 96 9120
2 3 19 20 30 32 57 96 9120
2 3 19 20 30 32 76 96 9120
2 3 19 20 30 32 95 96 9120
2 3 19 20 30 32 96 114 9120
2 3 19 20 30 33 38 44 12540
2 3 19 20 30 33 44 57 12540
2 3 19 20 30 33 44 76 12540
2 3 19 20 30 33 44 95 12540
2 3 19 20 30 33 44 114 12540
2 3 19 20 30 33 55 76 12540
2 3 19 20 30 33 66 76 12540
2 3 19 20 30 33 76 110 12540
2 3 19 20 30 34 38 68 19380
2 3 19 20 30 34 51 76 19380
2 3 19 20 30 34 57 68 19380
2 3 19 20 30 34 68 76 19380
2 3 19 20 30 34 68 95 19380
2 3 19 20 30 34 68 114 19380
2 3 19 20 30 34 76 85 19380
2 3 19 20 30 34 76 102 19380
2 3 19 20 30 35 38 84 7980
2 3 19 20 30 35 42 76 7980
2 3 19 20 30 35 57 84 7980
2 3 19 20 30 35 70 76 7980
2 3 19 20 30 35 76 84 7980
2 3 19 20 30 35 76 105 7980
2 3 19 20 30 35 84 95 7980
2 3 19 20 30 35 84 114 7980
2 3 19 20 30 36 38 45 3420
2 3 19 20 30 36 38 90 3420
2 3 19 20 30 36 45 57 3420
2 3 19 20 30 36 45 76 3420
2 3 19 20 30 36 45 95 3420
2 3 19 20 30 36 45 114 3420
2 3 19 20 30 36 57 90 3420
2 3 19 20 30 36 76 90 3420
2 3 19 20 30 36 90 95 3420
2 3 19 20 30 36 90 114 3420
2 3 19 20 30 37 74 76 42180
2 3 19 20 30 37 76 111 42180
2 3 19 20 30 38 39 52 14820
2 3 19 20 30 38 40 120 2280
2 3 19 20 30 38 42 84 7980
2 3 19 20 30 38 44 55 12540
2 3 19 20 30 38 44 66 12540
2 3 19 20 30 38 44 110 12540
2 3 19 20 30 38 46 92 26220
2 3 19 20 30 38 48 80 4560
2 3 19 20 30 38 50 100 5700
2 3 19 20 30 38 51 68 19380
2 3 19 20 30 38 52 65 14820
2 3 19 20 30 38 52 78 14820
2 3 19 20 30 38 54 108 10260
2 3 19 20 30 38 57 60 1140
2 3 19 20 30 38 57 76 1140
2 3 19 20 30 38 58 116 33060
2 3 19 20 30 38 60 76 1140
2 3 19 20 30 38 60 95 1140
2 3 19 20 30 38 60 114 1140
2 3 19 20 30 38 62 124 35340
2 3 19 20 30 38 68 85 19380
2 3 19 20 30 38 68 102 19380
2 3 19 20 30 38 69 92 26220
2 3 19 20 30 38 70 84 7980
2 3 19 20 30 38 75 100 5700
2 3 19 20 30 38 76 95 1140
2 3 19 20 30 38 76 114 1140
2 3 19 20 30 38 84 105 7980
2 3 19 20 30 38 87 116 33060
2 3 19 20 30 38 92 115 26220
2 3 19 20 30 38 93 124 35340
2 3 19 20 30 39 52 57 14820
2 3 19 20 30 39 52 76 14820
2 3 19 20 30 39 52 95 14820
2 3 19 20 30 39 52 114 14820
2 3 19 20 30 39 65 76 14820
2 3 19 20 30 39 76 78 14820
2 3 19 20 30 40 57 120 2280
2 3 19 20 30 40 76 120 2280
2 3 19 20 30 40 95 120 2280
2 3 19 20 30 40 114 120 2280
2 3 19 20 30 41 76 82 46740
2 3 19 20 30 41 76 123 46740
2 3 19 20 30 42 57 84 7980
2 3 19 20 30 42 70 76 7980
2 3 19 20 30 42 76 84 7980
2 3 19 20 30 42 76 105 7980
2 3 19 20 30 42 84 95 7980
2 3 19 20 30 42 84 114 7980
2 3 19 20 30 43 76 86 49020
2 3 19 20 30 44 55 57 12540
2 3 19 20 30 44 55 76 12540
2 3 19 20 30 44 55 95 12540
2 3 19 20 30 44 55 114 12540
2 3 19 20 30 44 57 66 12540
2 3 19 20 30 44 57 110 12540
2 3 19 20 30 44 66 76 12540
2 3 19 20 30 44 66 95 12540
2 3 19 20 30 44 66 114 12540
2 3 19 20 30 44 76 110 12540
2 3 19 20 30 44 95 110 12540
2 3 19 20 30 44 110 114 12540
2 3 19 20 30 45 76 90 3420
2 3 19 20 30 46 57 92 26220
2 3 19 20 30 46 69 76 26220
2 3 19 20 30 46 76 92 26220
2 3 19 20 30 46 76 115 26220
2 3 19 20 30 46 92 95 26220
2 3 19 20 30 46 92 114 26220
2 3 19 20 30 47 76 94 53580
2 3 19 20 30 48 57 80 4560
2 3 19 20 30 48 76 80 4560
2 3 19 20 30 48 80 95 4560
2 3 19 20 30 48 80 114 4560
2 3 19 20 30 49 76 98 55860
2 3 19 20 30 50 57 100 5700
2 3 19 20 30 50 75 76 5700
2 3 19 20 30 50 76 100 5700
2 3 19 20 30 50 95 100 5700
2 3 19 20 30 50 100 114 5700
2 3 19 20 30 51 57 68 19380
2 3 19 20 30 51 68 76 19380
2 3 19 20 30 51 68 95 19380
2 3 19 20 30 51 68 114 19380
2 3 19 20 30 51 76 85 19380
2 3 19 20 30 51 76 102 19380
2 3 19 20 30 52 57 65 14820
2 3 19 20 30 52 57 78 14820
2 3 19 20 30 52 65 76 14820
2 3 19 20 30 52 65 95 14820
2 3 19 20 30 52 65 114 14820
2 3 19 20 30 52 76 78 14820
2 3 19 20 30 52 78 95 14820
2 3 19 20 30 52 78 114 14820
2 3 19 20 30 53 76 106 60420
2 3 19 20 30 54 57 108 10260
2 3 19 20 30 54 76 108 10260
2 3 19 20 30 54 95 108 10260
2 3 19 20 30 54 108 114 10260
2 3 19 20 30 55 66 76 12540
2 3 19 20 30 55 76 110 12540
2 3 19 20 30 57 58 116 33060
2 3 19 20 30 57 60 76 1140
2 3 19 20 30 57 60 95 1140
2 3 19 20 30 57 60 114 1140
2 3 19 20 30 57 62 124 35340
2 3 19 20 30 57 68 85 19380
2 3 19 20 30 57 68 102 19380
2 3 19 20 30 57 69 92 26220
2 3 19 20 30 57 70 84 7980
2 3 19 20 30 57 75 100 5700
2 3 19 20 30 57 76 95 1140
2 3 19 20 30 57 76 114 1140
2 3 19 20 30 57 84 105 7980
2 3 19 20 30 57 87 116 33060
2 3 19 20 30 57 92 115 26220
2 3 19 20 30 57 93 124 35340
2 3 19 20 30 58 76 87 33060
2 3 19 20 30 58 76 116 33060
2 3 19 20 30 58 95 116 33060
2 3 19 20 30 58 114 116 33060
2 3 19 20 30 59 76 118 67260
2 3 19 20 30 60 76 95 1140
2 3 19 20 30 60 76 114 1140
2 3 19 20 30 60 95 114 1140
2 3 19 20 30 61 76 122 69540
2 3 19 20 30 62 76 93 35340
2 3 19 20 30 62 76 124 35340
2 3 19 20 30 62 95 124 35340
2 3 19 20 30 62 114 124 35340
2 3 19 20 30 63 76 126 23940
2 3 19 20 30 65 76 78 14820
2 3 19 20 30 66 76 110 12540
2 3 19 20 30 68 76 85 19380
2 3 19 20 30 68 76 102 19380
2 3 19 20 30 68 85 95 19380
2 3 19 20 30 68 85 114 19380
2 3 19 20 30 68 95 102 19380
2 3 19 20 30 68 102 114 19380
2 3 19 20 30 69 76 92 26220
2 3 19 20 30 69 76 115 26220
2 3 19 20 30 69 92 95 26220
2 3 19 20 30 69 92 114 26220
2 3 19 20 30 70 76 84 7980
2 3 19 20 30 70 76 105 7980
2 3 19 20 30 70 84 95 7980
2 3 19 20 30 70 84 114 7980
2 3 19 20 30 74 76 111 42180
2 3 19 20 30 75 76 100 5700
2 3 19 20 30 75 95 100 5700
2 3 19 20 30 75 100 114 5700
2 3 19 20 30 76 82 123 46740
2 3 19 20 30 76 84 105 7980
2 3 19 20 30 76 85 102 19380
2 3 19 20 30 76 87 116 33060
2 3 19 20 30 76 92 115 26220
2 3 19 20 30 76 93 124 35340
2 3 19 20 30 76 95 114 1140
2 3 19 20 30 84 95 105 7980
2 3 19 20 31 38 60 62 35340
2 3 19 20 31 38 60 93 35340
2 3 19 20 31 38 60 124 35340
2 3 19 20 31 57 60 62 35340
2 3 19 20 31 57 60 93 35340
2 3 19 20 31 57 60 124 35340
2 3 19 20 31 57 95 124 35340
2 3 19 20 31 60 62 76 35340
2 3 19 20 31 60 62 95 35340
2 3 19 20 31 60 62 114 35340
2 3 19 20 31 60 76 93 35340
2 3 19 20 31 60 76 124 35340
2 3 19 20 31 60 93 95 35340
2 3 19 20 31 60 93 114 35340
2 3 19 20 31 60 95 124 35340
2 3 19 20 31 60 114 124 35340
2 3 19 20 31 76 93 95 35340
2 3 19 20 32 38 40 96 9120
2 3 19 20 32 38 60 96 9120
2 3 19 20 32 38 80 96 9120
2 3 19 20 32 38 95 96 9120
2 3 19 20 32 38 96 120 9120
2 3 19 20 32 40 57 96 9120
2 3 19 20 32 40 76 96 9120
2 3 19 20 32 40 95 96 9120
2 3 19 20 32 40 96 114 9120
2 3 19 20 32 48 95 96 9120
2 3 19 20 32 57 60 96 9120
2 3 19 20 32 57 80 96 9120
2 3 19 20 32 57 95 96 9120
2 3 19 20 32 57 96 120 9120
2 3 19 20 32 60 76 96 9120
2 3 19 20 32 60 95 96 9120
2 3 19 20 32 60 96 114 9120
2 3 19 20 32 76 80 96 9120
2 3 19 20 32 76 95 96 9120
2 3 19 20 32 80 95 96 9120
2 3 19 20 33 35 76 77 87780
2 3 19 20 33 36 95 99 37620
2 3 19 20 33 38 40 88 25080
2 3 19 20 33 38 44 55 12540
2 3 19 20 33 38 44 60 12540
2 3 19 20 33 38 44 95 12540
2 3 19 20 33 38 44 110 12540
2 3 19 20 33 38 55 60 12540
2 3 19 20 33 38 55 76 12540
2 3 19 20 33 38 60 66 12540
2 3 19 20 33 38 60 110 12540
2 3 19 20 33 38 76 110 12540
2 3 19 20 33 38 88 120 25080
2 3 19 20 33 40 57 88 25080
2 3 19 20 33 40 76 88 25080
2 3 19 20 33 40 88 95 25080
2 3 19 20 33 40 88 114 25080
2 3 19 20 33 44 55 57 12540
2 3 19 20 33 44 55 76 12540
2 3 19 20 33 44 55 95 12540
2 3 19 20 33 44 55 114 12540
2 3 19 20 33 44 57 60 12540
2 3 19 20 33 44 57 95 12540
2 3 19 20 33 44 57 110 12540
2 3 19 20 33 44 60 76 12540
2 3 19 20 33 44 60 95 12540
2 3 19 20 33 44 60 114 12540
2 3 19 20 33 44 66 95 12540
2 3 19 20 33 44 76 95 12540
2 3 19 20 33 44 76 110 12540
2 3 19 20 33 44 95 110 12540
2 3 19 20 33 44 95 114 12540
2 3 19 20 33 44 110 114 12540
2 3 19 20 33 45 76 99 37620
2 3 19 20 33 55 57 60 12540
2 3 19 20 33 55 57 76 12540
2 3 19 20 33 55 60 76 12540
2 3 19 20 33 55 60 95 12540
2 3 19 20 33 55 60 114 12540
2 3 19 20 33 55 66 76 12540
2 3 19 20 33 55 76 95 12540
2 3 19 20 33 55 76 110 12540
2 3 19 20 33 55 76 114 12540
2 3 19 20 33 57 60 66 12540
2 3 19 20 33 57 60 110 12540
2 3 19 20 33 57 76 110 12540
2 3 19 20 33 57 88 120 25080
2 3 19 20 33 60 66 76 12540
2 3 19 20 33 60 66 95 12540
2 3 19 20 33 60 66 114 12540
2 3 19 20 33 60 76 110 12540
2 3 19 20 33 60 95 110 12540
2 3 19 20 33 60 110 114 12540
2 3 19 20 33 66 76 95 12540
2 3 19 20 33 66 76 110 12540
2 3 19 20 33 70 76 77 87780
2 3 19 20 33 76 77 105 87780
2 3 19 20 33 76 90 99 37620
2 3 19 20 33 77 84 95 87780
2 3 19 20 34 38 51 60 19380
2 3 19 20 34 38 60 68 19380
2 3 19 20 34 38 60 85 19380
2 3 19 20 34 38 60 102 19380
2 3 19 20 34 51 57 60 19380
2 3 19 20 34 51 60 76 19380
2 3 19 20 34 51 60 95 19380
2 3 19 20 34 51 60 114 19380
2 3 19 20 34 51 68 95 19380
2 3 19 20 34 51 76 85 19380
2 3 19 20 34 51 76 95 19380
2 3 19 20 34 57 60 68 19380
2 3 19 20 34 57 60 85 19380
2 3 19 20 34 57 60 102 19380
2 3 19 20 34 57 68 85 19380
2 3 19 20 34 57 68 95 19380
2 3 19 20 34 57 76 85 19380
2 3 19 20 34 60 68 76 19380
2 3 19 20 34 60 68 95 19380
2 3 19 20 34 60 68 114 19380
2 3 19 20 34 60 76 85 19380
2 3 19 20 34 60 76 102 19380
2 3 19 20 34 60 85 95 19380
2 3 19 20 34 60 85 114 19380
2 3 19 20 34 60 95 102 19380
2 3 19 20 34 60 102 114 19380
2 3 19 20 34 68 85 114 19380
2 3 19 20 34 68 95 102 19380
2 3 19 20 34 76 85 102 19380
2 3 19 20 35 36 38 63 23940
2 3 19 20 35 36 38 126 23940
2 3 19 20 35 36 57 63 23940
2 3 19 20 35 36 57 126 23940
2 3 19 20 35 36 63 76 23940
2 3 19 20 35 36 63 95 23940
2 3 19 20 35 36 63 114 23940
2 3 19 20 35 36 76 126 23940
2 3 19 20 35 36 95 126 23940
2 3 19 20 35 36 114 126 23940
2 3 19 20 35 38 42 60 7980
2 3 19 20 35 38 42 76 7980
2 3 19 20 35 38 42 84 7980
2 3 19 20 35 38 48 112 31920
2 3 19 20 35 38 56 120 15960
2 3 19 20 35 38 57 84 7980
2 3 19 20 35 38 60 70 7980
2 3 19 20 35 38 60 84 7980
2 3 19 20 35 38 60 105 7980
2 3 19 20 35 38 70 84 7980
2 3 19 20 35 38 76 84 7980
2 3 19 20 35 38 76 105 7980
2 3 19 20 35 38 84 95 7980
2 3 19 20 35 38 84 105 7980
2 3 19 20 35 38 84 114 7980
2 3 19 20 35 39 76 91 103740
2 3 19 20 35 40 56 57 15960
2 3 19 20 35 40 56 114 15960
2 3 19 20 35 42 57 60 7980
2 3 19 20 35 42 57 76 7980
2 3 19 20 35 42 57 84 7980
2 3 19 20 35 42 60 76 7980
2 3 19 20 35 42 60 95 7980
2 3 19 20 35 42 60 114 7980
2 3 19 20 35 42 70 76 7980
2 3 19 20 35 42 76 84 7980
2 3 19 20 35 42 76 95 7980
2 3 19 20 35 42 76 105 7980
2 3 19 20 35 42 76 114 7980
2 3 19 20 35 42 84 95 7980
2 3 19 20 35 42 84 114 7980
2 3 19 20 35 44 57 77 87780
2 3 19 20 35 44 77 114 87780
2 3 19 20 35 45 63 76 23940
2 3 19 20 35 45 76 126 23940
2 3 19 20 35 48 57 112 31920
2 3 19 20 35 48 76 112 31920
2 3 19 20 35 48 95 112 31920
2 3 19 20 35 48 112 114 31920
2 3 19 20 35 51 76 119 135660
2 3 19 20 35 52 57 91 103740
2 3 19 20 35 52 91 114 103740
2 3 19 20 35 56 57 120 15960
2 3 19 20 35 56 76 120 15960
2 3 19 20 35 56 95 120 15960
2 3 19 20 35 57 60 70 7980
2 3 19 20 35 57 60 84 7980
2 3 19 20 35 57 60 105 7980
2 3 19 20 35 57 68 119 135660
2 3 19 20 35 57 70 76 7980
2 3 19 20 35 57 70 84 7980
2 3 19 20 35 57 76 84 7980
2 3 19 20 35 57 76 105 7980
2 3 19 20 35 57 80 112 31920
2 3 19 20 35 57 84 95 7980
2 3 19 20 35 57 84 105 7980
2 3 19 20 35 57 84 114 7980
2 3 19 20 35 60 70 76 7980
2 3 19 20 35 60 70 95 7980
2 3 19 20 35 60 70 114 7980
2 3 19 20 35 60 76 84 7980
2 3 19 20 35 60 76 105 7980
2 3 19 20 35 60 84 95 7980
2 3 19 20 35 60 84 114 7980
2 3 19 20 35 60 95 105 7980
2 3 19 20 35 63 76 90 23940
2 3 19 20 35 63 76 126 23940
2 3 19 20 35 66 76 77 87780
2 3 19 20 35 70 76 84 7980
2 3 19 20 35 70 76 105 7980
2 3 19 20 35 70 76 114 7980
2 3 19 20 35 70 84 95 7980
2 3 19 20 35 76 78 91 103740
2 3 19 20 35 76 84 95 7980
2 3 19 20 36 38 40 72 6840
2 3 19 20 36 38 45 57 3420
2 3 19 20 36 38 45 60 3420
2 3 19 20 36 38 45 76 3420
2 3 19 20 36 38 45 90 3420
2 3 19 20 36 38 45 95 3420
2 3 19 20 36 38 45 114 3420
2 3 19 20 36 38 55 99 37620
2 3 19 20 36 38 57 90 3420
2 3 19 20 36 38 60 90 3420
2 3 19 20 36 38 63 70 23940
2 3 19 20 36 38 63 105 23940
2 3 19 20 36 38 65 117 44460
2 3 19 20 36 38 70 126 23940
2 3 19 20 36 38 72 120 6840
2 3 19 20 36 38 76 90 3420
2 3 19 20 36 38 90 95 3420
2 3 19 20 36 38 90 114 3420
2 3 19 20 36 38 99 110 37620
2 3 19 20 36 38 105 126 23940
2 3 19 20 36 39 95 117 44460
2 3 19 20 36 40 57 72 6840
2 3 19 20 36 40 72 76 6840
2 3 19 20 36 40 72 95 6840
2 3 19 20 36 40 72 114 6840
2 3 19 20 36 42 63 95 23940
2 3 19 20 36 42 95 126 23940
2 3 19 20 36 44 95 99 37620
2 3 19 20 36 45 57 60 3420
2 3 19 20 36 45 57 76 3420
2 3 19 20 36 45 57 90 3420
2 3 19 20 36 45 57 95 3420
2 3 19 20 36 45 57 114 3420
2 3 19 20 36 45 60 76 3420
2 3 19 20 36 45 60 95 3420
2 3 19 20 36 45 60 114 3420
2 3 19 20 36 45 76 90 3420
2 3 19 20 36 45 76 95 3420
2 3 19 20 36 45 76 114 3420
2 3 19 20 36 45 90 95 3420
2 3 19 20 36 45 90 114 3420
2 3 19 20 36 45 95 114 3420
2 3 19 20 36 52 95 117 44460
2 3 19 20 36 54 95 108 10260
2 3 19 20 36 55 57 99 37620
2 3 19 20 36 55 76 99 37620
2 3 19 20 36 55 95 99 37620
2 3 19 20 36 55 99 114 37620
2 3 19 20 36 57 60 90 3420
2 3 19 20 36 57 63 70 23940
2 3 19 20 36 57 63 105 23940
2 3 19 20 36 57 65 117 44460
2 3 19 20 36 57 70 126 23940
2 3 19 20 36 57 72 120 6840
2 3 19 20 36 57 76 90 3420
2 3 19 20 36 57 90 95 3420
2 3 19 20 36 57 90 114 3420
2 3 19 20 36 57 99 110 37620
2 3 19 20 36 60 76 90 3420
2 3 19 20 36 60 90 95 3420
2 3 19 20 36 60 90 114 3420
2 3 19 20 36 63 70 76 23940
2 3 19 20 36 63 70 95 23940
2 3 19 20 36 63 70 114 23940
2 3 19 20 36 63 76 105 23940
2 3 19 20 36 63 84 95 23940
2 3 19 20 36 65 76 117 44460
2 3 19 20 37 38 60 74 42180
2 3 19 20 37 38 60 111 42180
2 3 19 20 37 57 60 74 42180
2 3 19 20 37 57 60 111 42180
2 3 19 20 37 60 74 76 42180
2 3 19 20 37 60 74 95 42180
2 3 19 20 37 60 74 114 42180
2 3 19 20 37 60 76 111 42180
2 3 19 20 38 39 40 104 29640
2 3 19 20 38 39 52 60 14820
2 3 19 20 38 39 52 65 14820
2 3 19 20 38 39 52 95 14820
2 3 19 20 38 39 60 65 14820
2 3 19 20 38 39 60 78 14820
2 3 19 20 38 39 65 76 14820
2 3 19 20 38 39 104 120 29640
2 3 19 20 38 40 42 56 15960
2 3 19 20 38 40 45 72 6840
2 3 19 20 38 40 48 80 4560
2 3 19 20 38 40 56 84 15960
2 3 19 20 38 40 56 105 15960
2 3 19 20 38 40 57 120 2280
2 3 19 20 38 40 60 120 2280
2 3 19 20 38 40 66 88 25080
2 3 19 20 38 40 72 90 6840
2 3 19 20 38 40 76 120 2280
2 3 19 20 38 40 78 104 29640
2 3 19 20 38 40 95 120 2280
2 3 19 20 38 40 114 120 2280
2 3 19 20 38 41 60 82 46740
2 3 19 20 38 41 60 123 46740
2 3 19 20 38 42 56 120 15960
2 3 19 20 38 42 60 70 7980
2 3 19 20 38 42 60 84 7980
2 3 19 20 38 42 60 105 7980
2 3 19 20 38 42 70 76 7980
2 3 19 20 38 42 70 84 7980
2 3 19 20 38 42 76 105 7980
2 3 19 20 38 42 80 112 31920
2 3 19 20 38 42 84 95 7980
2 3 19 20 38 42 84 105 7980
2 3 19 20 38 43 60 86 49020
2 3 19 20 38 44 45 99 37620
2 3 19 20 38 44 55 57 12540
2 3 19 20 38 44 55 60 12540
2 3 19 20 38 44 55 66 12540
2 3 19 20 38 44 55 114 12540
2 3 19 20 38 44 57 110 12540
2 3 19 20 38 44 60 66 12540
2 3 19 20 38 44 60 110 12540
2 3 19 20 38 44 66 95 12540
2 3 19 20 38 44 66 110 12540
2 3 19 20 38 44 77 105 87780
2 3 19 20 38 44 88 120 25080
2 3 19 20 38 44 90 99 37620
2 3 19 20 38 44 110 114 12540
2 3 19 20 38 45 52 117 44460
2 3 19 20 38 45 54 108 10260
2 3 19 20 38 45 60 90 3420
2 3 19 20 38 45 63 84 23940
2 3 19 20 38 45 72 120 6840
2 3 19 20 38 45 76 90 3420
2 3 19 20 38 45 84 126 23940
2 3 19 20 38 46 60 69 26220
2 3 19 20 38 46 60 92 26220
2 3 19 20 38 46 60 115 26220
2 3 19 20 38 47 60 94 53580
2 3 19 20 38 48 57 80 4560
2 3 19 20 38 48 60 80 4560
2 3 19 20 38 48 70 112 31920
2 3 19 20 38 48 76 80 4560
2 3 19 20 38 48 80 95 4560
2 3 19 20 38 48 80 114 4560
2 3 19 20 38 48 80 120 4560
2 3 19 20 38 48 105 112 31920
2 3 19 20 38 49 60 98 55860
2 3 19 20 38 50 57 100 5700
2 3 19 20 38 50 60 75 5700
2 3 19 20 38 50 60 100 5700
2 3 19 20 38 50 75 76 5700
2 3 19 20 38 50 75 100 5700
2 3 19 20 38 50 100 114 5700
2 3 19 20 38 51 60 68 19380
2 3 19 20 38 51 60 85 19380
2 3 19 20 38 51 60 102 19380
2 3 19 20 38 51 68 85 19380
2 3 19 20 38 51 68 95 19380
2 3 19 20 38 51 76 85 19380
2 3 19 20 38 52 57 65 14820
2 3 19 20 38 52 60 65 14820
2 3 19 20 38 52 60 78 14820
2 3 19 20 38 52 65 78 14820
2 3 19 20 38 52 65 114 14820
2 3 19 20 38 52 78 95 14820
2 3 19 20 38 52 90 117 44460
2 3 19 20 38 52 91 105 103740
2 3 19 20 38 53 60 106 60420
2 3 19 20 38 54 60 108 10260
2 3 19 20 38 54 90 108 10260
2 3 19 20 38 54 95 108 10260
2 3 19 20 38 55 60 66 12540
2 3 19 20 38 55 60 110 12540
2 3 19 20 38 55 66 76 12540
2 3 19 20 38 55 77 84 87780
2 3 19 20 38 55 88 120 25080
2 3 19 20 38 56 70 120 15960
2 3 19 20 38 56 84 120 15960
2 3 19 20 38 57 60 76 1140
2 3 19 20 38 57 60 95 1140
2 3 19 20 38 57 60 114 1140
2 3 19 20 38 57 68 85 19380
2 3 19 20 38 57 70 84 7980
2 3 19 20 38 57 75 100 5700
2 3 19 20 38 57 76 95 1140
2 3 19 20 38 57 84 105 7980
2 3 19 20 38 58 60 87 33060
2 3 19 20 38 58 60 116 33060
2 3 19 20 38 59 60 118 67260
2 3 19 20 38 60 61 122 69540
2 3 19 20 38 60 62 93 35340
2 3 19 20 38 60 62 124 35340
2 3 19 20 38 60 63 126 23940
2 3 19 20 38 60 65 78 14820
2 3 19 20 38 60 66 110 12540
2 3 19 20 38 60 68 85 19380
2 3 19 20 38 60 68 102 19380
2 3 19 20 38 60 69 92 26220
2 3 19 20 38 60 69 115 26220
2 3 19 20 38 60 70 84 7980
2 3 19 20 38 60 70 105 7980
2 3 19 20 38 60 74 111 42180
2 3 19 20 38 60 75 100 5700
2 3 19 20 38 60 76 95 1140
2 3 19 20 38 60 76 114 1140
2 3 19 20 38 60 84 105 7980
2 3 19 20 38 60 85 102 19380
2 3 19 20 38 63 84 90 23940
2 3 19 20 38 65 76 78 14820
2 3 19 20 38 65 84 91 103740
2 3 19 20 38 70 76 84 7980
2 3 19 20 39 40 57 104 29640
2 3 19 20 39 40 76 104 29640
2 3 19 20 39 40 95 104 29640
2 3 19 20 39 40 104 114 29640
2 3 19 20 39 45 76 117 44460
2 3 19 20 39 52 57 60 14820
2 3 19 20 39 52 57 65 14820
2 3 19 20 39 52 57 95 14820
2 3 19 20 39 52 60 76 14820
2 3 19 20 39 52 60 95 14820
2 3 19 20 39 52 60 114 14820
2 3 19 20 39 52 65 76 14820
2 3 19 20 39 52 65 95 14820
2 3 19 20 39 52 65 114 14820
2 3 19 20 39 52 76 95 14820
2 3 19 20 39 52 78 95 14820
2 3 19 20 39 52 95 114 14820
2 3 19 20 39 57 60 65 14820
2 3 19 20 39 57 60 78 14820
2 3 19 20 39 57 65 76 14820
2 3 19 20 39 60 65 76 14820
2 3 19 20 39 60 65 95 14820
2 3 19 20 39 60 65 114 14820
2 3 19 20 39 60 76 78 14820
2 3 19 20 39 60 78 95 14820
2 3 19 20 39 65 76 78 14820
2 3 19 20 39 65 76 95 14820
2 3 19 20 39 70 76 91 103740
2 3 19 20 40 42 56 57 15960
2 3 19 20 40 42 56 76 15960
2 3 19 20 40 42 56 95 15960
2 3 19 20 40 42 56 114 15960
2 3 19 20 40 44 57 88 25080
2 3 19 20 40 44 88 114 25080
2 3 19 20 40 45 57 72 6840
2 3 19 20 40 45 72 76 6840
2 3 19 20 40 45 72 95 6840
2 3 19 20 40 45 72 114 6840
2 3 19 20 40 48 57 80 4560
2 3 19 20 40 48 76 80 4560
2 3 19 20 40 48 80 95 4560
2 3 19 20 40 48 80 114 4560
2 3 19 20 40 52 57 104 29640
2 3 19 20 40 55 57 88 25080
2 3 19 20 40 56 57 70 15960
2 3 19 20 40 56 57 84 15960
2 3 19 20 40 56 57 105 15960
2 3 19 20 40 56 70 114 15960
2 3 19 20 40 56 76 84 15960
2 3 19 20 40 56 76 105 15960
2 3 19 20 40 56 84 95 15960
2 3 19 20 40 57 60 120 2280
2 3 19 20 40 57 65 104 29640
2 3 19 20 40 57 66 88 25080
2 3 19 20 40 57 72 90 6840
2 3 19 20 40 57 78 104 29640
2 3 19 20 40 66 76 88 25080
2 3 19 20 41 57 60 82 46740
2 3 19 20 41 57 60 123 46740
2 3 19 20 41 60 76 82 46740
2 3 19 20 42 44 77 95 87780
2 3 19 20 42 45 63 76 23940
2 3 19 20 42 45 76 126 23940
2 3 19 20 42 48 95 112 31920
2 3 19 20 42 52 91 95 103740
2 3 19 20 42 55 76 77 87780
2 3 19 20 42 56 57 120 15960
2 3 19 20 42 57 60 70 7980
2 3 19 20 42 57 60 84 7980
2 3 19 20 42 57 60 105 7980
2 3 19 20 42 57 70 76 7980
2 3 19 20 42 57 70 84 7980
2 3 19 20 42 60 70 76 7980
2 3 19 20 42 60 70 95 7980
2 3 19 20 42 60 76 84 7980
2 3 19 20 43 57 60 86 49020
2 3 19 20 43 60 76 86 49020
2 3 19 20 44 45 57 99 37620
2 3 19 20 44 45 76 99 37620
2 3 19 20 44 45 95 99 37620
2 3 19 20 44 55 57 60 12540
2 3 19 20 44 55 57 66 12540
2 3 19 20 44 55 57 76 12540
2 3 19 20 44 55 57 95 12540
2 3 19 20 44 55 57 110 12540
2 3 19 20 44 55 57 114 12540
2 3 19 20 44 55 60 76 12540
2 3 19 20 44 55 60 95 12540
2 3 19 20 44 55 60 114 12540
2 3 19 20 44 55 66 76 12540
2 3 19 20 44 55 66 95 12540
2 3 19 20 44 55 66 114 12540
2 3 19 20 44 57 60 66 12540
2 3 19 20 44 57 60 110 12540
2 3 19 20 44 57 66 95 12540
2 3 19 20 44 57 66 110 12540
2 3 19 20 44 57 70 77 87780
2 3 19 20 44 60 66 76 12540
2 3 19 20 44 60 66 95 12540
2 3 19 20 45 52 57 117 44460
2 3 19 20 45 54 57 108 10260
2 3 19 20 45 57 60 90 3420
2 3 19 20 45 57 63 84 23940
2 3 19 20 45 63 70 76 23940
2 3 19 20 46 57 60 69 26220
2 3 19 20 46 57 60 92 26220
2 3 19 20 46 57 60 115 26220
2 3 19 20 46 60 69 76 26220
2 3 19 20 47 57 60 94 53580
2 3 19 20 48 57 60 80 4560
2 3 19 20 49 57 60 98 55860
2 3 19 20 50 57 60 75 5700
2 3 19 20 50 57 60 100 5700
2 3 19 20 51 57 60 68 19380
2 3 19 20 51 57 60 85 19380
2 3 19 20 51 60 68 76 19380
2 3 19 20 52 57 60 65 14820
2 3 19 20 52 57 60 78 14820
2 3 19 20 52 57 65 76 14820
2 3 19 20 52 57 65 78 14820
2 3 19 20 52 60 65 76 14820
2 3 19 20 55 57 60 66 12540
2 3 19 21 22 28 33 76 17556
2 3 19 21 22 28 38 44 17556
2 3 19 21 22 28 44 57 17556
2 3 19 21 22 28 44 76 17556
2 3 19 21 22 28 44 114 17556
2 3 19 21 22 28 66 76 17556
2 3 19 21 22 28 76 77 17556
2 3 19 21 22 30 77 95 43890
2 3 19 21 22 33 35 95 43890
2 3 19 21 22 33 38 42 8778
2 3 19 21 22 33 38 77 8778
2 3 19 21 22 33 42 57 8778
2 3 19 21 22 33 42 114 8778
2 3 19 21 22 33 57 77 8778
2 3 19 21 22 33 70 95 43890
2 3 19 21 22 33 76 84 17556
2 3 19 21 22 33 77 114 8778
2 3 19 21 22 33 95 105 43890
2 3 19 21 22 35 38 55 43890
2 3 19 21 22 35 38 110 43890
2 3 19 21 22 35 55 57 43890
2 3 19 21 22 35 55 95 43890
2 3 19 21 22 35 55 114 43890
2 3 19 21 22 35 57 110 43890
2 3 19 21 22 35 66 95 43890
2 3 19 21 22 35 77 95 43890
2 3 19 21 22 35 95 110 43890
2 3 19 21 22 35 110 114 43890
2 3 19 21 22 38 42 66 8778
2 3 19 21 22 38 42 77 8778
2 3 19 21 22 38 44 84 17556
2 3 19 21 22 38 55 70 43890
2 3 19 21 22 38 55 105 43890
2 3 19 21 22 38 56 88 35112
2 3 19 21 22 38 57 77 8778
2 3 19 21 22 38 63 99 26334
2 3 19 21 22 38 66 77 8778
2 3 19 21 22 38 70 110 43890
2 3 19 21 22 38 77 114 8778
2 3 19 21 22 38 99 126 26334
2 3 19 21 22 38 105 110 43890
2 3 19 21 22 42 44 76 17556
2 3 19 21 22 42 55 95 43890
2 3 19 21 22 42 57 66 8778
2 3 19 21 22 42 57 77 8778
2 3 19 21 22 42 66 114 8778
2 3 19 21 22 42 77 114 8778
2 3 19 21 22 42 95 110 43890
2 3 19 21 22 44 57 84 17556
2 3 19 21 22 44 76 77 17556
2 3 19 21 22 44 76 84 17556
2 3 19 21 22 44 84 114 17556
2 3 19 21 22 55 57 70 43890
2 3 19 21 22 55 57 105 43890
2 3 19 21 22 55 70 95 43890
2 3 19 21 22 55 70 114 43890
2 3 19 21 22 55 77 95 43890
2 3 19 21 22 55 95 105 43890
2 3 19 21 22 55 105 114 43890
2 3 19 21 22 56 57 88 35112
2 3 19 21 22 56 76 88 35112
2 3 19 21 22 56 88 114 35112
2 3 19 21 22 57 63 99 26334
2 3 19 21 22 57 66 77 8778
2 3 19 21 22 57 70 110 43890
2 3 19 21 22 57 77 114 8778
2 3 19 21 22 57 99 126 26334
2 3 19 21 22 57 105 110 43890
2 3 19 21 22 63 99 114 26334
2 3 19 21 22 66 70 95 43890
2 3 19 21 22 66 76 84 17556
2 3 19 21 22 66 77 114 8778
2 3 19 21 22 66 95 105 43890
2 3 19 21 22 70 77 95 43890
2 3 19 21 22 70 95 110 43890
2 3 19 21 22 70 110 114 43890
2 3 19 21 22 76 77 84 17556
2 3 19 21 22 77 95 105 43890
2 3 19 21 22 77 95 110 43890
2 3 19 21 22 95 105 110 43890
2 3 19 21 22 99 114 126 26334
2 3 19 21 22 105 110 114 43890
2 3 19 21 23 28 38 92 36708
2 3 19 21 23 28 46 76 36708
2 3 19 21 23 28 57 92 36708
2 3 19 21 23 28 69 76 36708
2 3 19 21 23 28 76 92 36708
2 3 19 21 23 28 92 114 36708
2 3 19 21 23 35 38 115 91770
2 3 19 21 23 35 46 95 91770
2 3 19 21 23 35 114 115 91770
2 3 19 21 23 38 42 46 18354
2 3 19 21 23 38 42 69 18354
2 3 19 21 23 38 70 115 91770
2 3 19 21 23 38 84 92 36708
2 3 19 21 23 38 105 115 91770
2 3 19 21 23 42 46 57 18354
2 3 19 21 23 42 46 114 18354
2 3 19 21 23 42 57 69 18354
2 3 19 21 23 42 69 114 18354
2 3 19 21 23 42 76 92 36708
2 3 19 21 23 42 95 115 91770
2 3 19 21 23 46 70 95 91770
2 3 19 21 23 46 76 84 36708
2 3 19 21 23 46 95 105 91770
2 3 19 21 23 57 70 115 91770
2 3 19 21 23 57 84 92 36708
2 3 19 21 23 69 70 95 91770
2 3 19 21 23 69 76 84 36708
2 3 19 21 23 70 95 115 91770
2 3 19 21 23 70 114 115 91770
2 3 19 21 23 76 84 92 36708
2 3 19 21 23 84 92 114 36708
2 3 19 21 23 105 114 115 91770
2 3 19 21 24 28 38 56 3192
2 3 19 21 24 28 40 95 15960
2 3 19 21 24 28 56 57 3192
2 3 19 21 24 28 56 76 3192
2 3 19 21 24 28 56 114 3192
2 3 19 21 24 28 95 120 15960
2 3 19 21 24 30 56 95 15960
2 3 19 21 24 35 38 40 15960
2 3 19 21 24 35 38 120 15960
2 3 19 21 24 35 40 57 15960
2 3 19 21 24 35 40 76 15960
2 3 19 21 24 35 40 95 15960
2 3 19 21 24 35 40 114 15960
2 3 19 21 24 35 56 95 15960
2 3 19 21 24 35 57 120 15960
2 3 19 21 24 35 76 120 15960
2 3 19 21 24 35 95 120 15960
2 3 19 21 24 35 114 120 15960
2 3 19 21 24 38 40 70 15960
2 3 19 21 24 38 40 105 15960
2 3 19 21 24 38 42 56 3192
2 3 19 21 24 38 48 112 6384
2 3 19 21 24 38 56 57 3192
2 3 19 21 24 38 56 76 3192
2 3 19 21 24 38 56 84 3192
2 3 19 21 24 38 56 114 3192
2 3 19 21 24 38 63 72 9576
2 3 19 21 24 38 70 120 15960
2 3 19 21 24 38 72 126 9576
2 3 19 21 24 38 77 88 35112
2 3 19 21 24 38 91 104 41496
2 3 19 21 24 38 105 120 15960
2 3 19 21 24 40 42 95 15960
2 3 19 21 24 40 56 95 15960
2 3 19 21 24 40 57 70 15960
2 3 19 21 24 40 57 105 15960
2 3 19 21 24 40 70 76 15960
2 3 19 21 24 40 70 95 15960
2 3 19 21 24 40 70 114 15960
2 3 19 21 24 40 76 105 15960
2 3 19 21 24 40 84 95 15960
2 3 19 21 24 40 95 105 15960
2 3 19 21 24 40 105 114 15960
2 3 19 21 24 42 56 57 3192
2 3 19 21 24 42 56 76 3192
2 3 19 21 24 42 56 114 3192
2 3 19 21 24 42 95 120 15960
2 3 19 21 24 48 57 112 6384
2 3 19 21 24 48 76 112 6384
2 3 19 21 24 48 112 114 6384
2 3 19 21 24 56 57 76 3192
2 3 19 21 24 56 57 84 3192
2 3 19 21 24 56 57 114 3192
2 3 19 21 24 56 60 95 15960
2 3 19 21 24 56 70 95 15960
2 3 19 21 24 56 76 84 3192
2 3 19 21 24 56 76 114 3192
2 3 19 21 24 56 84 114 3192
2 3 19 21 24 56 95 105 15960
2 3 19 21 24 56 95 120 15960
2 3 19 21 24 57 63 72 9576
2 3 19 21 24 57 70 120 15960
2 3 19 21 24 57 72 126 9576
2 3 19 21 24 57 77 88 35112
2 3 19 21 24 57 91 104 41496
2 3 19 21 24 57 105 120 15960
2 3 19 21 24 63 72 76 9576
2 3 19 21 24 63 72 114 9576
2 3 19 21 24 70 76 120 15960
2 3 19 21 24 70 95 120 15960
2 3 19 21 24 70 114 120 15960
2 3 19 21 24 72 76 126 9576
2 3 19 21 24 72 114 126 9576
2 3 19 21 24 76 77 88 35112
2 3 19 21 24 76 91 104 41496
2 3 19 21 24 76 105 120 15960
2 3 19 21 24 77 88 114 35112
2 3 19 21 24 80 95 112 31920
2 3 19 21 24 84 95 120 15960
2 3 19 21 24 91 104 114 41496
2 3 19 21 24 95 105 120 15960
2 3 19 21 24 105 114 120 15960
2 3 19 21 25 28 38 100 39900
2 3 19 21 25 28 50 76 39900
2 3 19 21 25 28 57 100 39900
2 3 19 21 25 28 75 76 39900
2 3 19 21 25 28 76 100 39900
2 3 19 21 25 28 95 100 39900
2 3 19 21 25 28 100 114 39900
2 3 19 21 25 35 38 50 19950
2 3 19 21 25 35 38 75 19950
2 3 19 21 25 35 50 57 19950
2 3 19 21 25 35 50 95 19950
2 3 19 21 25 35 50 114 19950
2 3 19 21 25 35 75 114 19950
2 3 19 21 25 35 76 100 39900
2 3 19 21 25 38 42 50 19950
2 3 19 21 25 38 42 75 19950
2 3 19 21 25 38 50 70 19950
2 3 19 21 25 38 50 105 19950
2 3 19 21 25 38 70 75 19950
2 3 19 21 25 38 75 105 19950
2 3 19 21 25 38 84 100 39900
2 3 19 21 25 42 50 57 19950
2 3 19 21 25 42 50 95 19950
2 3 19 21 25 42 50 114 19950
2 3 19 21 25 42 57 75 19950
2 3 19 21 25 42 75 95 19950
2 3 19 21 25 42 75 114 19950
2 3 19 21 25 42 76 100 39900
2 3 19 21 25 50 57 70 19950
2 3 19 21 25 50 57 105 19950
2 3 19 21 25 50 70 95 19950
2 3 19 21 25 50 70 114 19950
2 3 19 21 25 50 76 84 39900
2 3 19 21 25 50 95 105 19950
2 3 19 21 25 50 105 114 19950
2 3 19 21 25 57 70 75 19950
2 3 19 21 25 57 84 100 39900
2 3 19 21 25 70 75 95 19950
2 3 19 21 25 70 75 114 19950
2 3 19 21 25 70 76 100 39900
2 3 19 21 25 75 76 84 39900
2 3 19 21 25 75 105 114 19950
2 3 19 21 25 76 84 100 39900
2 3 19 21 25 76 100 105 39900
2 3 19 21 25 84 95 100 39900
2 3 19 21 25 84 100 114 39900
2 3 19 21 26 28 38 52 20748
2 3 19 21 26 28 39 76 20748
2 3 19 21 26 28 52 57 20748
2 3 19 21 26 28 52 76 20748
2 3 19 21 26 28 52 114 20748
2 3 19 21 26 28 76 78 20748
2 3 19 21 26 28 76 91 20748
2 3 19 21 26 30 91 95 51870
2 3 19 21 26 35 38 65 51870
2 3 19 21 26 35 39 95 51870
2 3 19 21 26 35 57 65 51870
2 3 19 21 26 35 65 95 51870
2 3 19 21 26 35 65 114 51870
2 3 19 21 26 35 78 95 51870
2 3 19 21 26 35 91 95 51870
2 3 19 21 26 38 39 42 10374
2 3 19 21 26 38 39 91 10374
2 3 19 21 26 38 42 78 10374
2 3 19 21 26 38 42 91 10374
2 3 19 21 26 38 52 84 20748
2 3 19 21 26 38 56 104 41496
2 3 19 21 26 38 57 91 10374
2 3 19 21 26 38 63 117 31122
2 3 19 21 26 38 65 70 51870
2 3 19 21 26 38 65 105 51870
2 3 19 21 26 38 78 91 10374
2 3 19 21 26 38 91 114 10374
2 3 19 21 26 38 117 126 31122
2 3 19 21 26 39 42 57 10374
2 3 19 21 26 39 42 114 10374
2 3 19 21 26 39 57 91 10374
2 3 19 21 26 39 70 95 51870
2 3 19 21 26 39 76 84 20748
2 3 19 21 26 39 91 114 10374
2 3 19 21 26 39 95 105 51870
2 3 19 21 26 42 52 76 20748
2 3 19 21 26 42 57 78 10374
2 3 19 21 26 42 57 91 10374
2 3 19 21 26 42 65 95 51870
2 3 19 21 26 42 78 114 10374
2 3 19 21 26 42 91 114 10374
2 3 19 21 26 52 57 84 20748
2 3 19 21 26 52 76 84 20748
2 3 19 21 26 52 76 91 20748
2 3 19 21 26 52 84 114 20748
2 3 19 21 26 56 57 104 41496
2 3 19 21 26 56 76 104 41496
2 3 19 21 26 56 104 114 41496
2 3 19 21 26 57 63 117 31122
2 3 19 21 26 57 65 70 51870
2 3 19 21 26 57 65 105 51870
2 3 19 21 26 57 78 91 10374
2 3 19 21 26 57 91 114 10374
2 3 19 21 26 57 117 126 31122
2 3 19 21 26 63 114 117 31122
2 3 19 21 26 65 70 95 51870
2 3 19 21 26 65 70 114 51870
2 3 19 21 26 65 91 95 51870
2 3 19 21 26 65 95 105 51870
2 3 19 21 26 65 105 114 51870
2 3 19 21 26 70 78 95 51870
2 3 19 21 26 70 91 95 51870
2 3 19 21 26 76 78 84 20748
2 3 19 21 26 76 84 91 20748
2 3 19 21 26 78 91 114 10374
2 3 19 21 26 78 95 105 51870
2 3 19 21 26 91 95 105 51870
2 3 19 21 27 28 38 108 14364
2 3 19 21 27 28 54 76 14364
2 3 19 21 27 28 57 108 14364
2 3 19 21 27 28 76 108 14364
2 3 19 21 27 28 108 114 14364
2 3 19 21 27 35 54 95 35910
2 3 19 21 27 38 42 54 7182
2 3 19 21 27 38 54 63 7182
2 3 19 21 27 38 54 126 7182
2 3 19 21 27 38 84 108 14364
2 3 19 21 27 42 54 57 7182
2 3 19 21 27 42 54 114 7182
2 3 19 21 27 42 76 108 14364
2 3 19 21 27 54 57 63 7182
2 3 19 21 27 54 57 126 7182
2 3 19 21 27 54 63 114 7182
2 3 19 21 27 54 70 95 35910
2 3 19 21 27 54 76 84 14364
2 3 19 21 27 54 95 105 35910
2 3 19 21 27 54 114 126 7182
2 3 19 21 27 57 84 108 14364
2 3 19 21 27 63 76 108 14364
2 3 19 21 27 76 84 108 14364
2 3 19 21 27 76 108 126 14364
2 3 19 21 27 84 108 114 14364
2 3 19 21 28 29 38 116 46284
2 3 19 21 28 29 57 116 46284
2 3 19 21 28 29 58 76 46284
2 3 19 21 28 29 76 87 46284
2 3 19 21 28 29 76 116 46284
2 3 19 21 28 29 114 116 46284
2 3 19 21 28 30 35 76 7980
2 3 19 21 28 30 38 60 7980
2 3 19 21 28 30 57 60 7980
2 3 19 21 28 30 60 76 7980
2 3 19 21 28 30 60 95 7980
2 3 19 21 28 30 60 114 7980
2 3 19 21 28 30 70 76 7980
2 3 19 21 28 30 76 95 7980
2 3 19 21 28 30 76 105 7980
2 3 19 21 28 30 84 95 7980
2 3 19 21 28 31 38 124 49476
2 3 19 21 28 31 57 124 49476
2 3 19 21 28 31 62 76 49476
2 3 19 21 28 31 76 93 49476
2 3 19 21 28 31 76 124 49476
2 3 19 21 28 31 114 124 49476
2 3 19 21 28 32 38 96 12768
2 3 19 21 28 32 57 96 12768
2 3 19 21 28 32 76 96 12768
2 3 19 21 28 32 96 114 12768
2 3 19 21 28 33 38 44 17556
2 3 19 21 28 33 44 57 17556
2 3 19 21 28 33 44 76 17556
2 3 19 21 28 33 44 114 17556
2 3 19 21 28 33 66 76 17556
2 3 19 21 28 33 76 77 17556
2 3 19 21 28 34 38 68 27132
2 3 19 21 28 34 51 76 27132
2 3 19 21 28 34 57 68 27132
2 3 19 21 28 34 68 76 27132
2 3 19 21 28 34 68 114 27132
2 3 19 21 28 34 76 102 27132
2 3 19 21 28 34 76 119 27132
2 3 19 21 28 35 38 60 7980
2 3 19 21 28 35 57 60 7980
2 3 19 21 28 35 60 76 7980
2 3 19 21 28 35 60 95 7980
2 3 19 21 28 35 60 114 7980
2 3 19 21 28 35 70 76 7980
2 3 19 21 28 35 76 95 7980
2 3 19 21 28 35 76 105 7980
2 3 19 21 28 35 84 95 7980
2 3 19 21 28 36 38 63 4788
2 3 19 21 28 36 38 126 4788
2 3 19 21 28 36 45 95 23940
2 3 19 21 28 36 57 63 4788
2 3 19 21 28 36 57 126 4788
2 3 19 21 28 36 63 76 4788
2 3 19 21 28 36 63 114 4788
2 3 19 21 28 36 76 126 4788
2 3 19 21 28 36 90 95 23940
2 3 19 21 28 36 114 126 4788
2 3 19 21 28 37 74 76 59052
2 3 19 21 28 37 76 111 59052
2 3 19 21 28 38 39 52 20748
2 3 19 21 28 38 40 120 15960
2 3 19 21 28 38 42 76 1596
2 3 19 21 28 38 42 84 1596
2 3 19 21 28 38 44 66 17556
2 3 19 21 28 38 44 77 17556
2 3 19 21 28 38 46 92 36708
2 3 19 21 28 38 48 112 6384
2 3 19 21 28 38 50 100 39900
2 3 19 21 28 38 51 68 27132
2 3 19 21 28 38 52 78 20748
2 3 19 21 28 38 52 91 20748
2 3 19 21 28 38 54 108 14364
2 3 19 21 28 38 57 76 1596
2 3 19 21 28 38 57 84 1596
2 3 19 21 28 38 58 116 46284
2 3 19 21 28 38 60 70 7980
2 3 19 21 28 38 60 95 7980
2 3 19 21 28 38 60 105 7980
2 3 19 21 28 38 62 124 49476
2 3 19 21 28 38 68 102 27132
2 3 19 21 28 38 68 119 27132
2 3 19 21 28 38 69 92 36708
2 3 19 21 28 38 75 100 39900
2 3 19 21 28 38 76 84 1596
2 3 19 21 28 38 76 114 1596
2 3 19 21 28 38 84 114 1596
2 3 19 21 28 38 87 116 46284
2 3 19 21 28 38 93 124 49476
2 3 19 21 28 39 52 57 20748
2 3 19 21 28 39 52 76 20748
2 3 19 21 28 39 52 114 20748
2 3 19 21 28 39 76 78 20748
2 3 19 21 28 39 76 91 20748
2 3 19 21 28 40 56 95 15960
2 3 19 21 28 40 57 120 15960
2 3 19 21 28 40 76 120 15960
2 3 19 21 28 40 95 120 15960
2 3 19 21 28 40 114 120 15960
2 3 19 21 28 41 76 82 65436
2 3 19 21 28 41 76 123 65436
2 3 19 21 28 42 57 76 1596
2 3 19 21 28 42 57 84 1596
2 3 19 21 28 42 60 95 7980
2 3 19 21 28 42 76 84 1596
2 3 19 21 28 42 76 114 1596
2 3 19 21 28 42 84 114 1596
2 3 19 21 28 43 76 86 68628
2 3 19 21 28 44 55 95 87780
2 3 19 21 28 44 57 66 17556
2 3 19 21 28 44 57 77 17556
2 3 19 21 28 44 66 76 17556
2 3 19 21 28 44 66 114 17556
2 3 19 21 28 44 76 77 17556
2 3 19 21 28 44 77 114 17556
2 3 19 21 28 44 95 110 87780
2 3 19 21 28 45 76 90 23940
2 3 19 21 28 46 57 92 36708
2 3 19 21 28 46 69 76 36708
2 3 19 21 28 46 76 92 36708
2 3 19 21 28 46 92 114 36708
2 3 19 21 28 47 76 94 75012
2 3 19 21 28 48 57 112 6384
2 3 19 21 28 48 76 112 6384
2 3 19 21 28 48 80 95 31920
2 3 19 21 28 48 112 114 6384
2 3 19 21 28 49 76 98 11172
2 3 19 21 28 50 57 100 39900
2 3 19 21 28 50 75 76 39900
2 3 19 21 28 50 76 100 39900
2 3 19 21 28 50 95 100 39900
2 3 19 21 28 50 100 114 39900
2 3 19 21 28 51 57 68 27132
2 3 19 21 28 51 68 76 27132
2 3 19 21 28 51 68 114 27132
2 3 19 21 28 51 76 102 27132
2 3 19 21 28 51 76 119 27132
2 3 19 21 28 52 57 78 20748
2 3 19 21 28 52 57 91 20748
2 3 19 21 28 52 65 95 103740
2 3 19 21 28 52 76 78 20748
2 3 19 21 28 52 76 91 20748
2 3 19 21 28 52 78 114 20748
2 3 19 21 28 52 91 114 20748
2 3 19 21 28 53 76 106 84588
2 3 19 21 28 54 57 108 14364
2 3 19 21 28 54 76 108 14364
2 3 19 21 28 54 108 114 14364
2 3 19 21 28 55 76 110 87780
2 3 19 21 28 56 95 120 15960
2 3 19 21 28 57 58 116 46284
2 3 19 21 28 57 60 70 7980
2 3 19 21 28 57 60 95 7980
2 3 19 21 28 57 60 105 7980
2 3 19 21 28 57 62 124 49476
2 3 19 21 28 57 68 102 27132
2 3 19 21 28 57 68 119 27132
2 3 19 21 28 57 69 92 36708
2 3 19 21 28 57 75 100 39900
2 3 19 21 28 57 76 84 1596
2 3 19 21 28 57 76 114 1596
2 3 19 21 28 57 84 114 1596
2 3 19 21 28 57 87 116 46284
2 3 19 21 28 57 93 124 49476
2 3 19 21 28 58 76 87 46284
2 3 19 21 28 58 76 116 46284
2 3 19 21 28 58 114 116 46284
2 3 19 21 28 59 76 118 94164
2 3 19 21 28 60 70 76 7980
2 3 19 21 28 60 70 95 7980
2 3 19 21 28 60 70 114 7980
2 3 19 21 28 60 76 95 7980
2 3 19 21 28 60 76 105 7980
2 3 19 21 28 60 84 95 7980
2 3 19 21 28 60 95 105 7980
2 3 19 21 28 60 95 114 7980
2 3 19 21 28 60 105 114 7980
2 3 19 21 28 61 76 122 97356
2 3 19 21 28 62 76 93 49476
2 3 19 21 28 62 76 124 49476
2 3 19 21 28 62 114 124 49476
2 3 19 21 28 63 76 126 4788
2 3 19 21 28 66 76 77 17556
2 3 19 21 28 68 76 102 27132
2 3 19 21 28 68 76 119 27132
2 3 19 21 28 68 85 95 135660
2 3 19 21 28 68 102 114 27132
2 3 19 21 28 68 114 119 27132
2 3 19 21 28 69 76 92 36708
2 3 19 21 28 69 92 114 36708
2 3 19 21 28 70 76 95 7980
2 3 19 21 28 70 76 105 7980
2 3 19 21 28 70 84 95 7980
2 3 19 21 28 74 76 111 59052
2 3 19 21 28 75 76 100 39900
2 3 19 21 28 75 95 100 39900
2 3 19 21 28 75 100 114 39900
2 3 19 21 28 76 78 91 20748
2 3 19 21 28 76 82 123 65436
2 3 19 21 28 76 84 114 1596
2 3 19 21 28 76 87 116 46284
2 3 19 21 28 76 93 124 49476
2 3 19 21 28 76 95 105 7980
2 3 19 21 28 76 102 119 27132
2 3 19 21 28 80 95 112 31920
2 3 19 21 28 84 95 105 7980
2 3 19 21 29 35 58 95 115710
2 3 19 21 29 38 42 58 23142
2 3 19 21 29 38 42 87 23142
2 3 19 21 29 38 84 116 46284
2 3 19 21 29 42 57 58 23142
2 3 19 21 29 42 57 87 23142
2 3 19 21 29 42 58 114 23142
2 3 19 21 29 42 76 116 46284
2 3 19 21 29 42 87 114 23142
2 3 19 21 29 57 84 116 46284
2 3 19 21 29 58 70 95 115710
2 3 19 21 29 58 76 84 46284
2 3 19 21 29 58 95 105 115710
2 3 19 21 29 70 87 95 115710
2 3 19 21 29 76 84 87 46284
2 3 19 21 29 76 84 116 46284
2 3 19 21 30 33 77 95 43890
2 3 19 21 30 34 95 119 67830
2 3 19 21 30 35 38 42 3990
2 3 19 21 30 35 38 57 3990
2 3 19 21 30 35 38 70 3990
2 3 19 21 30 35 38 95 3990
2 3 19 21 30 35 38 105 3990
2 3 19 21 30 35 38 114 3990
2 3 19 21 30 35 42 57 3990
2 3 19 21 30 35 42 95 3990
2 3 19 21 30 35 42 114 3990
2 3 19 21 30 35 57 70 3990
2 3 19 21 30 35 57 95 3990
2 3 19 21 30 35 57 105 3990
2 3 19 21 30 35 57 114 3990
2 3 19 21 30 35 60 76 7980
2 3 19 21 30 35 70 95 3990
2 3 19 21 30 35 70 114 3990
2 3 19 21 30 35 76 84 7980
2 3 19 21 30 35 95 105 3990
2 3 19 21 30 35 95 114 3990
2 3 19 21 30 35 105 114 3990
2 3 19 21 30 38 40 56 15960
2 3 19 21 30 38 42 70 3990
2 3 19 21 30 38 42 95 3990
2 3 19 21 30 38 42 105 3990
2 3 19 21 30 38 45 63 11970
2 3 19 21 30 38 45 126 11970
2 3 19 21 30 38 55 77 43890
2 3 19 21 30 38 56 120 15960
2 3 19 21 30 38 57 70 3990
2 3 19 21 30 38 57 105 3990
2 3 19 21 30 38 60 84 7980
2 3 19 21 30 38 63 90 11970
2 3 19 21 30 38 65 91 51870
2 3 19 21 30 38 70 95 3990
2 3 19 21 30 38 70 105 3990
2 3 19 21 30 38 70 114 3990
2 3 19 21 30 38 77 110 43890
2 3 19 21 30 38 80 112 31920
2 3 19 21 30 38 85 119 67830
2 3 19 21 30 38 90 126 11970
2 3 19 21 30 38 95 105 3990
2 3 19 21 30 38 105 114 3990
2 3 19 21 30 39 91 95 51870
2 3 19 21 30 40 56 57 15960
2 3 19 21 30 40 56 76 15960
2 3 19 21 30 40 56 95 15960
2 3 19 21 30 40 56 114 15960
2 3 19 21 30 42 57 70 3990
2 3 19 21 30 42 57 95 3990
2 3 19 21 30 42 57 105 3990
2 3 19 21 30 42 60 76 7980
2 3 19 21 30 42 70 95 3990
2 3 19 21 30 42 70 114 3990
2 3 19 21 30 42 95 105 3990
2 3 19 21 30 42 95 114 3990
2 3 19 21 30 42 105 114 3990
2 3 19 21 30 45 57 63 11970
2 3 19 21 30 45 57 126 11970
2 3 19 21 30 45 63 95 11970
2 3 19 21 30 45 63 114 11970
2 3 19 21 30 45 95 126 11970
2 3 19 21 30 45 114 126 11970
2 3 19 21 30 48 95 112 31920
2 3 19 21 30 49 95 98 27930
2 3 19 21 30 51 95 119 67830
2 3 19 21 30 55 57 77 43890
2 3 19 21 30 55 77 95 43890
2 3 19 21 30 55 77 114 43890
2 3 19 21 30 56 57 120 15960
2 3 19 21 30 56 76 120 15960
2 3 19 21 30 56 95 120 15960
2 3 19 21 30 56 114 120 15960
2 3 19 21 30 57 60 84 7980
2 3 19 21 30 57 63 90 11970
2 3 19 21 30 57 65 91 51870
2 3 19 21 30 57 70 95 3990
2 3 19 21 30 57 70 105 3990
2 3 19 21 30 57 70 114 3990
2 3 19 21 30 57 77 110 43890
2 3 19 21 30 57 80 112 31920
2 3 19 21 30 57 85 119 67830
2 3 19 21 30 57 90 126 11970
2 3 19 21 30 57 95 105 3990
2 3 19 21 30 57 105 114 3990
2 3 19 21 30 60 70 76 7980
2 3 19 21 30 60 76 84 7980
2 3 19 21 30 60 76 105 7980
2 3 19 21 30 60 84 95 7980
2 3 19 21 30 60 84 114 7980
2 3 19 21 30 63 90 95 11970
2 3 19 21 30 63 90 114 11970
2 3 19 21 30 63 95 126 11970
2 3 19 21 30 65 91 95 51870
2 3 19 21 30 65 91 114 51870
2 3 19 21 30 66 77 95 43890
2 3 19 21 30 70 76 84 7980
2 3 19 21 30 70 95 105 3990
2 3 19 21 30 70 95 114 3990
2 3 19 21 30 76 80 112 31920
2 3 19 21 30 76 84 95 7980
2 3 19 21 30 76 84 105 7980
2 3 19 21 30 78 91 95 51870
2 3 19 21 31 35 62 95 123690
2 3 19 21 31 38 42 62 24738
2 3 19 21 31 38 42 93 24738
2 3 19 21 31 38 84 124 49476
2 3 19 21 31 42 57 62 24738
2 3 19 21 31 42 57 93 24738
2 3 19 21 31 42 62 114 24738
2 3 19 21 31 42 76 124 49476
2 3 19 21 31 42 93 114 24738
2 3 19 21 31 57 84 124 49476
2 3 19 21 31 62 70 95 123690
2 3 19 21 31 62 76 84 49476
2 3 19 21 31 62 95 105 123690
2 3 19 21 31 70 93 95 123690
2 3 19 21 31 76 84 93 49476
2 3 19 21 32 35 95 96 63840
2 3 19 21 32 38 42 96 12768
2 3 19 21 32 38 56 96 12768
2 3 19 21 32 38 84 96 12768
2 3 19 21 32 38 96 112 12768
2 3 19 21 32 42 57 96 12768
2 3 19 21 32 42 76 96 12768
2 3 19 21 32 42 96 114 12768
2 3 19 21 32 56 57 96 12768
2 3 19 21 32 56 76 96 12768
2 3 19 21 32 56 96 114 12768
2 3 19 21 32 57 84 96 12768
2 3 19 21 32 57 96 112 12768
2 3 19 21 32 70 95 96 63840
2 3 19 21 32 76 84 96 12768
2 3 19 21 33 35 38 55 43890
2 3 19 21 33 35 38 110 43890
2 3 19 21 33 35 55 114 43890
2 3 19 21 33 35 57 110 43890
2 3 19 21 33 35 66 95 43890
2 3 19 21 33 35 95 110 43890
2 3 19 21 33 35 110 114 43890
2 3 19 21 33 38 42 66 8778
2 3 19 21 33 38 42 77 8778
2 3 19 21 33 38 44 84 17556
2 3 19 21 33 38 55 70 43890
2 3 19 21 33 38 55 105 43890
2 3 19 21 33 38 56 88 35112
2 3 19 21 33 38 57 77 8778
2 3 19 21 33 38 63 99 26334
2 3 19 21 33 38 66 77 8778
2 3 19 21 33 38 70 110 43890
2 3 19 21 33 38 77 114 8778
2 3 19 21 33 38 99 126 26334
2 3 19 21 33 38 105 110 43890
2 3 19 21 33 42 44 76 17556
2 3 19 21 33 42 55 95 43890
2 3 19 21 33 42 57 66 8778
2 3 19 21 33 42 57 77 8778
2 3 19 21 33 42 66 114 8778
2 3 19 21 33 42 77 114 8778
2 3 19 21 33 42 95 110 43890
2 3 19 21 33 44 57 84 17556
2 3 19 21 33 44 76 77 17556
2 3 19 21 33 44 76 84 17556
2 3 19 21 33 44 84 114 17556
2 3 19 21 33 55 57 70 43890
2 3 19 21 33 55 70 95 43890
2 3 19 21 33 55 70 114 43890
2 3 19 21 33 55 105 114 43890
2 3 19 21 33 56 57 88 35112
2 3 19 21 33 56 76 88 35112
2 3 19 21 33 56 88 114 35112
2 3 19 21 33 57 66 77 8778
2 3 19 21 33 57 70 110 43890
2 3 19 21 33 57 77 114 8778
2 3 19 21 33 57 105 110 43890
2 3 19 21 33 66 70 95 43890
2 3 19 21 33 66 76 84 17556
2 3 19 21 33 66 77 114 8778
2 3 19 21 33 70 77 95 43890
2 3 19 21 33 76 77 84 17556
2 3 19 21 34 35 38 85 67830
2 3 19 21 34 35 51 95 67830
2 3 19 21 34 35 57 85 67830
2 3 19 21 34 35 85 95 67830
2 3 19 21 34 35 85 114 67830
2 3 19 21 34 35 95 102 67830
2 3 19 21 34 35 95 119 67830
2 3 19 21 34 38 42 51 13566
2 3 19 21 34 38 42 102 13566
2 3 19 21 34 38 42 119 13566
2 3 19 21 34 38 51 119 13566
2 3 19 21 34 38 57 119 13566
2 3 19 21 34 38 68 84 27132
2 3 19 21 34 38 70 85 67830
2 3 19 21 34 38 85 105 67830
2 3 19 21 34 38 102 119 13566
2 3 19 21 34 38 114 119 13566
2 3 19 21 34 42 51 57 13566
2 3 19 21 34 42 51 114 13566
2 3 19 21 34 42 57 102 13566
2 3 19 21 34 42 57 119 13566
2 3 19 21 34 42 68 76 27132
2 3 19 21 34 42 85 95 67830
2 3 19 21 34 42 102 114 13566
2 3 19 21 34 42 114 119 13566
2 3 19 21 34 51 57 119 13566
2 3 19 21 34 51 70 95 67830
2 3 19 21 34 51 76 84 27132
2 3 19 21 34 51 95 105 67830
2 3 19 21 34 57 68 84 27132
2 3 19 21 34 57 70 85 67830
2 3 19 21 34 57 85 105 67830
2 3 19 21 34 68 76 84 27132
2 3 19 21 35 36 45 76 23940
2 3 19 21 35 36 76 90 23940
2 3 19 21 35 37 74 95 147630
2 3 19 21 35 38 39 65 51870
2 3 19 21 35 38 40 56 15960
2 3 19 21 35 38 40 120 15960
2 3 19 21 35 38 42 70 3990
2 3 19 21 35 38 42 95 3990
2 3 19 21 35 38 42 105 3990
2 3 19 21 35 38 45 63 11970
2 3 19 21 35 38 45 90 11970
2 3 19 21 35 38 45 126 11970
2 3 19 21 35 38 46 115 91770
2 3 19 21 35 38 48 80 31920
2 3 19 21 35 38 50 75 19950
2 3 19 21 35 38 51 85 67830
2 3 19 21 35 38 55 66 43890
2 3 19 21 35 38 55 77 43890
2 3 19 21 35 38 55 110 43890
2 3 19 21 35 38 56 120 15960
2 3 19 21 35 38 57 70 3990
2 3 19 21 35 38 57 95 3990
2 3 19 21 35 38 57 105 3990
2 3 19 21 35 38 60 76 7980
2 3 19 21 35 38 60 84 7980
2 3 19 21 35 38 63 90 11970
2 3 19 21 35 38 65 78 51870
2 3 19 21 35 38 65 91 51870
2 3 19 21 35 38 66 110 43890
2 3 19 21 35 38 69 115 91770
2 3 19 21 35 38 70 95 3990
2 3 19 21 35 38 70 105 3990
2 3 19 21 35 38 70 114 3990
2 3 19 21 35 38 77 110 43890
2 3 19 21 35 38 80 112 31920
2 3 19 21 35 38 85 102 67830
2 3 19 21 35 38 85 119 67830
2 3 19 21 35 38 90 126 11970
2 3 19 21 35 38 95 105 3990
2 3 19 21 35 38 95 114 3990
2 3 19 21 35 38 105 114 3990
2 3 19 21 35 39 65 114 51870
2 3 19 21 35 39 78 95 51870
2 3 19 21 35 40 56 57 15960
2 3 19 21 35 40 56 76 15960
2 3 19 21 35 40 56 95 15960
2 3 19 21 35 40 56 114 15960
2 3 19 21 35 40 57 120 15960
2 3 19 21 35 40 76 120 15960
2 3 19 21 35 40 95 120 15960
2 3 19 21 35 40 114 120 15960
2 3 19 21 35 41 82 95 163590
2 3 19 21 35 42 57 70 3990
2 3 19 21 35 42 57 95 3990
2 3 19 21 35 42 57 105 3990
2 3 19 21 35 42 60 76 7980
2 3 19 21 35 42 70 95 3990
2 3 19 21 35 42 70 114 3990
2 3 19 21 35 42 95 105 3990
2 3 19 21 35 42 95 114 3990
2 3 19 21 35 42 105 114 3990
2 3 19 21 35 43 86 95 171570
2 3 19 21 35 44 55 76 87780
2 3 19 21 35 44 76 110 87780
2 3 19 21 35 45 57 90 11970
2 3 19 21 35 45 57 126 11970
2 3 19 21 35 45 63 114 11970
2 3 19 21 35 45 90 95 11970
2 3 19 21 35 45 90 114 11970
2 3 19 21 35 45 95 126 11970
2 3 19 21 35 45 114 126 11970
2 3 19 21 35 46 57 115 91770
2 3 19 21 35 46 69 95 91770
2 3 19 21 35 46 95 115 91770
2 3 19 21 35 46 114 115 91770
2 3 19 21 35 47 94 95 187530
2 3 19 21 35 48 57 80 31920
2 3 19 21 35 48 76 80 31920
2 3 19 21 35 48 80 95 31920
2 3 19 21 35 48 80 114 31920
2 3 19 21 35 48 95 112 31920
2 3 19 21 35 49 95 98 27930
2 3 19 21 35 50 57 75 19950
2 3 19 21 35 50 75 95 19950
2 3 19 21 35 50 75 114 19950
2 3 19 21 35 50 76 100 39900
2 3 19 21 35 51 85 114 67830
2 3 19 21 35 51 95 102 67830
2 3 19 21 35 52 65 76 103740
2 3 19 21 35 53 95 106 211470
2 3 19 21 35 55 57 66 43890
2 3 19 21 35 55 57 110 43890
2 3 19 21 35 55 66 95 43890
2 3 19 21 35 55 66 114 43890
2 3 19 21 35 55 77 114 43890
2 3 19 21 35 56 57 120 15960
2 3 19 21 35 56 76 120 15960
2 3 19 21 35 57 60 76 7980
2 3 19 21 35 57 60 84 7980
2 3 19 21 35 57 63 90 11970
2 3 19 21 35 57 65 78 51870
2 3 19 21 35 57 66 110 43890
2 3 19 21 35 57 70 95 3990
2 3 19 21 35 57 70 105 3990
2 3 19 21 35 57 70 114 3990
2 3 19 21 35 57 77 110 43890
2 3 19 21 35 57 80 112 31920
2 3 19 21 35 57 85 102 67830
2 3 19 21 35 58 87 95 115710
2 3 19 21 35 60 70 76 7980
2 3 19 21 35 60 76 84 7980
2 3 19 21 35 60 76 95 7980
2 3 19 21 35 60 76 105 7980
2 3 19 21 35 60 76 114 7980
2 3 19 21 35 60 84 95 7980
2 3 19 21 35 65 78 95 51870
2 3 19 21 35 66 77 95 43890
2 3 19 21 35 68 76 85 135660
2 3 19 21 35 70 76 84 7980
2 3 19 21 36 38 56 72 9576
2 3 19 21 36 38 63 76 4788
2 3 19 21 36 38 63 84 4788
2 3 19 21 36 38 76 126 4788
2 3 19 21 36 38 84 126 4788
2 3 19 21 36 42 63 76 4788
2 3 19 21 36 42 76 126 4788
2 3 19 21 36 45 70 76 23940
2 3 19 21 36 45 76 105 23940
2 3 19 21 36 45 84 95 23940
2 3 19 21 36 56 57 72 9576
2 3 19 21 36 56 72 76 9576
2 3 19 21 36 56 72 114 9576
2 3 19 21 36 57 63 76 4788
2 3 19 21 36 57 63 84 4788
2 3 19 21 36 60 63 95 23940
2 3 19 21 36 63 76 84 4788
2 3 19 21 37 38 42 74 29526
2 3 19 21 37 38 42 111 29526
2 3 19 21 37 42 57 74 29526
2 3 19 21 37 42 57 111 29526
2 3 19 21 37 42 74 114 29526
2 3 19 21 37 42 111 114 29526
2 3 19 21 38 39 42 78 10374
2 3 19 21 38 39 42 91 10374
2 3 19 21 38 39 52 84 20748
2 3 19 21 38 39 56 104 41496
2 3 19 21 38 39 57 91 10374
2 3 19 21 38 39 63 117 31122
2 3 19 21 38 39 65 70 51870
2 3 19 21 38 39 65 105 51870
2 3 19 21 38 39 78 91 10374
2 3 19 21 38 39 91 114 10374
2 3 19 21 38 39 117 126 31122
2 3 19 21 38 40 42 120 15960
2 3 19 21 38 40 56 60 15960
2 3 19 21 38 40 56 70 15960
2 3 19 21 38 40 56 95 15960
2 3 19 21 38 40 56 105 15960
2 3 19 21 38 40 56 120 15960
2 3 19 21 38 40 70 120 15960
2 3 19 21 38 40 80 112 31920
2 3 19 21 38 40 84 120 15960
2 3 19 21 38 40 105 120 15960
2 3 19 21 38 41 42 82 32718
2 3 19 21 38 41 42 123 32718
2 3 19 21 38 42 43 86 34314
2 3 19 21 38 42 45 90 11970
2 3 19 21 38 42 46 69 18354
2 3 19 21 38 42 47 94 37506
2 3 19 21 38 42 48 112 6384
2 3 19 21 38 42 49 98 5586
2 3 19 21 38 42 50 75 19950
2 3 19 21 38 42 51 102 13566
2 3 19 21 38 42 51 119 13566
2 3 19 21 38 42 53 106 42294
2 3 19 21 38 42 55 110 43890
2 3 19 21 38 42 57 114 798
2 3 19 21 38 42 58 87 23142
2 3 19 21 38 42 59 118 47082
2 3 19 21 38 42 61 122 48678
2 3 19 21 38 42 62 93 24738
2 3 19 21 38 42 63 126 2394
2 3 19 21 38 42 66 77 8778
2 3 19 21 38 42 70 95 3990
2 3 19 21 38 42 70 105 3990
2 3 19 21 38 42 74 111 29526
2 3 19 21 38 42 76 84 1596
2 3 19 21 38 42 78 91 10374
2 3 19 21 38 42 82 123 32718
2 3 19 21 38 42 95 105 3990
2 3 19 21 38 42 102 119 13566
2 3 19 21 38 44 56 88 35112
2 3 19 21 38 44 66 84 17556
2 3 19 21 38 44 76 77 17556
2 3 19 21 38 44 77 84 17556
2 3 19 21 38 45 63 70 11970
2 3 19 21 38 45 63 90 11970
2 3 19 21 38 45 63 95 11970
2 3 19 21 38 45 63 105 11970
2 3 19 21 38 45 70 90 11970
2 3 19 21 38 45 70 126 11970
2 3 19 21 38 45 90 105 11970
2 3 19 21 38 45 90 126 11970
2 3 19 21 38 45 95 126 11970
2 3 19 21 38 46 70 115 91770
2 3 19 21 38 46 84 92 36708
2 3 19 21 38 48 56 112 6384
2 3 19 21 38 48 57 112 6384
2 3 19 21 38 48 70 80 31920
2 3 19 21 38 48 76 112 6384
2 3 19 21 38 48 80 105 31920
2 3 19 21 38 48 84 112 6384
2 3 19 21 38 49 57 98 5586
2 3 19 21 38 50 70 75 19950
2 3 19 21 38 50 75 105 19950
2 3 19 21 38 50 84 100 39900
2 3 19 21 38 51 57 119 13566
2 3 19 21 38 51 68 84 27132
2 3 19 21 38 51 70 85 67830
2 3 19 21 38 51 85 105 67830
2 3 19 21 38 52 56 104 41496
2 3 19 21 38 52 76 91 20748
2 3 19 21 38 52 78 84 20748
2 3 19 21 38 52 84 91 20748
2 3 19 21 38 55 66 70 43890
2 3 19 21 38 55 66 105 43890
2 3 19 21 38 55 70 77 43890
2 3 19 21 38 55 70 110 43890
2 3 19 21 38 55 77 95 43890
2 3 19 21 38 55 77 105 43890
2 3 19 21 38 55 77 110 43890
2 3 19 21 38 56 60 120 15960
2 3 19 21 38 56 63 72 9576
2 3 19 21 38 56 66 88 35112
2 3 19 21 38 56 70 120 15960
2 3 19 21 38 56 77 88 35112
2 3 19 21 38 56 78 104 41496
2 3 19 21 38 57 63 126 2394
2 3 19 21 38 57 66 77 8778
2 3 19 21 38 57 70 95 3990
2 3 19 21 38 57 70 105 3990
2 3 19 21 38 57 76 84 1596
2 3 19 21 38 57 78 91 10374
2 3 19 21 38 60 70 76 7980
2 3 19 21 38 60 70 84 7980
2 3 19 21 38 63 66 99 26334
2 3 19 21 38 63 70 90 11970
2 3 19 21 38 65 70 78 51870
2 3 19 21 38 65 70 91 51870
2 3 19 21 39 42 52 76 20748
2 3 19 21 39 42 57 78 10374
2 3 19 21 39 42 57 91 10374
2 3 19 21 39 42 65 95 51870
2 3 19 21 39 42 78 114 10374
2 3 19 21 39 42 91 114 10374
2 3 19 21 39 52 57 84 20748
2 3 19 21 39 52 76 84 20748
2 3 19 21 39 52 76 91 20748
2 3 19 21 39 56 57 104 41496
2 3 19 21 39 57 65 70 51870
2 3 19 21 39 57 78 91 10374
2 3 19 21 40 42 56 95 15960
2 3 19 21 40 42 57 120 15960
2 3 19 21 40 42 76 120 15960
2 3 19 21 40 42 95 120 15960
2 3 19 21 40 56 57 60 15960
2 3 19 21 40 56 57 70 15960
2 3 19 21 40 56 57 95 15960
2 3 19 21 40 56 57 105 15960
2 3 19 21 40 56 57 120 15960
2 3 19 21 40 56 60 76 15960
2 3 19 21 40 56 60 95 15960
2 3 19 21 40 56 60 114 15960
2 3 19 21 40 56 70 76 15960
2 3 19 21 40 56 70 95 15960
2 3 19 21 40 56 76 95 15960
2 3 19 21 41 42 57 82 32718
2 3 19 21 41 42 57 123 32718
2 3 19 21 41 42 82 114 32718
2 3 19 21 42 43 57 86 34314
2 3 19 21 42 43 86 114 34314
2 3 19 21 42 44 66 76 17556
2 3 19 21 42 44 76 77 17556
2 3 19 21 42 45 57 90 11970
2 3 19 21 42 45 63 95 11970
2 3 19 21 42 45 90 95 11970
2 3 19 21 42 46 57 69 18354
2 3 19 21 42 46 69 114 18354
2 3 19 21 42 46 76 92 36708
2 3 19 21 42 47 57 94 37506
2 3 19 21 42 48 57 112 6384
2 3 19 21 42 48 76 112 6384
2 3 19 21 42 48 80 95 31920
2 3 19 21 42 49 57 98 5586
2 3 19 21 42 50 57 75 19950
2 3 19 21 42 50 75 95 19950
2 3 19 21 42 50 76 100 39900
2 3 19 21 42 51 57 102 13566
2 3 19 21 42 51 57 119 13566
2 3 19 21 42 51 68 76 27132
2 3 19 21 42 52 76 78 20748
2 3 19 21 42 52 76 91 20748
2 3 19 21 42 53 57 106 42294
2 3 19 21 42 55 57 110 43890
2 3 19 21 42 55 66 95 43890
2 3 19 21 42 57 58 87 23142
2 3 19 21 42 57 59 118 47082
2 3 19 21 42 57 62 93 24738
2 3 19 21 42 57 66 77 8778
2 3 19 21 42 60 70 76 7980
2 3 19 21 44 55 70 76 87780
2 3 19 21 44 56 57 88 35112
2 3 19 21 44 57 66 84 17556
2 3 19 21 45 57 63 70 11970
2 3 19 21 45 57 63 90 11970
2 3 19 21 45 60 63 76 23940
2 3 19 22 23 33 38 46 28842
2 3 19 22 23 33 38 69 28842
2 3 19 22 23 33 46 57 28842
2 3 19 22 23 33 46 114 28842
2 3 19 22 23 33 57 69 28842
2 3 19 22 23 33 69 114 28842
2 3 19 22 23 33 76 92 57684
2 3 19 22 23 33 95 115 144210
2 3 19 22 23 38 46 66 28842
2 3 19 22 23 38 66 69 28842
2 3 19 22 23 44 57 92 57684
2 3 19 22 23 44 69 76 57684
2 3 19 22 23 44 92 114 57684
2 3 19 22 23 46 57 66 28842
2 3 19 22 23 46 66 114 28842
2 3 19 22 23 55 57 115 144210
2 3 19 22 23 55 69 95 144210
2 3 19 22 23 55 114 115 144210
2 3 19 22 23 57 66 69 28842
2 3 19 22 23 57 110 115 144210
2 3 19 22 23 66 69 114 28842
2 3 19 22 23 66 76 92 57684
2 3 19 22 23 66 95 115 144210
2 3 19 22 23 69 95 110 144210
2 3 19 22 23 110 114 115 144210
2 3 19 22 24 30 88 95 25080
2 3 19 22 24 33 38 88 5016
2 3 19 22 24 33 40 95 25080
2 3 19 22 24 33 57 88 5016
2 3 19 22 24 33 76 88 5016
2 3 19 22 24 33 88 114 5016
2 3 19 22 24 33 95 120 25080
2 3 19 22 24 38 40 55 25080
2 3 19 22 24 38 40 110 25080
2 3 19 22 24 38 44 88 5016
2 3 19 22 24 38 55 120 25080
2 3 19 22 24 38 56 77 35112
2 3 19 22 24 38 57 88 5016
2 3 19 22 24 38 66 88 5016
2 3 19 22 24 38 72 99 15048
2 3 19 22 24 38 76 88 5016
2 3 19 22 24 38 88 114 5016
2 3 19 22 24 38 110 120 25080
2 3 19 22 24 40 44 95 25080
2 3 19 22 24 40 55 57 25080
2 3 19 22 24 40 55 76 25080
2 3 19 22 24 40 55 95 25080
2 3 19 22 24 40 55 114 25080
2 3 19 22 24 40 57 110 25080
2 3 19 22 24 40 66 95 25080
2 3 19 22 24 40 76 110 25080
2 3 19 22 24 40 88 95 25080
2 3 19 22 24 40 95 110 25080
2 3 19 22 24 40 110 114 25080
2 3 19 22 24 44 57 88 5016
2 3 19 22 24 44 76 88 5016
2 3 19 22 24 44 88 114 5016
2 3 19 22 24 44 95 120 25080
2 3 19 22 24 55 57 120 25080
2 3 19 22 24 55 76 120 25080
2 3 19 22 24 55 88 95 25080
2 3 19 22 24 55 95 120 25080
2 3 19 22 24 55 114 120 25080
2 3 19 22 24 56 57 77 35112
2 3 19 22 24 56 76 77 35112
2 3 19 22 24 56 77 114 35112
2 3 19 22 24 57 66 88 5016
2 3 19 22 24 57 72 99 15048
2 3 19 22 24 57 76 88 5016
2 3 19 22 24 57 88 114 5016
2 3 19 22 24 57 110 120 25080
2 3 19 22 24 60 88 95 25080
2 3 19 22 24 66 76 88 5016
2 3 19 22 24 66 88 114 5016
2 3 19 22 24 66 95 120 25080
2 3 19 22 24 72 76 99 15048
2 3 19 22 24 72 99 114 15048
2 3 19 22 24 76 88 114 5016
2 3 19 22 24 76 110 120 25080
2 3 19 22 24 88 95 110 25080
2 3 19 22 24 88 95 120 25080
2 3 19 22 24 95 110 120 25080
2 3 19 22 25 33 38 50 31350
2 3 19 22 25 33 38 75 31350
2 3 19 22 25 33 50 57 31350
2 3 19 22 25 33 50 95 31350
2 3 19 22 25 33 50 114 31350
2 3 19 22 25 33 57 75 31350
2 3 19 22 25 33 75 95 31350
2 3 19 22 25 33 75 114 31350
2 3 19 22 25 33 76 100 62700
2 3 19 22 25 38 50 66 31350
2 3 19 22 25 38 55 75 31350
2 3 19 22 25 38 66 75 31350
2 3 19 22 25 38 75 110 31350
2 3 19 22 25 44 57 100 62700
2 3 19 22 25 44 75 76 62700
2 3 19 22 25 44 100 114 62700
2 3 19 22 25 50 55 57 31350
2 3 19 22 25 50 55 114 31350
2 3 19 22 25 50 57 66 31350
2 3 19 22 25 50 57 110 31350
2 3 19 22 25 50 66 95 31350
2 3 19 22 25 50 66 114 31350
2 3 19 22 25 50 110 114 31350
2 3 19 22 25 55 57 75 31350
2 3 19 22 25 55 75 95 31350
2 3 19 22 25 55 75 114 31350
2 3 19 22 25 57 66 75 31350
2 3 19 22 25 57 75 110 31350
2 3 19 22 25 66 75 95 31350
2 3 19 22 25 66 75 114 31350
2 3 19 22 25 66 76 100 62700
2 3 19 22 25 75 95 110 31350
2 3 19 22 25 75 110 114 31350
2 3 19 22 26 33 38 39 16302
2 3 19 22 26 33 38 78 16302
2 3 19 22 26 33 39 57 16302
2 3 19 22 26 33 39 114 16302
2 3 19 22 26 33 52 76 32604
2 3 19 22 26 33 57 78 16302
2 3 19 22 26 33 65 95 81510
2 3 19 22 26 33 78 114 16302
2 3 19 22 26 38 39 66 16302
2 3 19 22 26 38 66 78 16302
2 3 19 22 26 38 99 117 48906
2 3 19 22 26 39 44 76 32604
2 3 19 22 26 39 55 95 81510
2 3 19 22 26 39 57 66 16302
2 3 19 22 26 39 66 114 16302
2 3 19 22 26 39 95 110 81510
2 3 19 22 26 44 52 57 32604
2 3 19 22 26 44 52 114 32604
2 3 19 22 26 44 76 78 32604
2 3 19 22 26 52 66 76 32604
2 3 19 22 26 55 57 65 81510
2 3 19 22 26 55 65 114 81510
2 3 19 22 26 55 78 95 81510
2 3 19 22 26 57 65 110 81510
2 3 19 22 26 57 66 78 16302
2 3 19 22 26 57 77 91 114114
2 3 19 22 26 57 88 104 65208
2 3 19 22 26 57 99 117 48906
2 3 19 22 26 65 66 95 81510
2 3 19 22 26 65 110 114 81510
2 3 19 22 26 66 78 114 16302
2 3 19 22 26 77 91 114 114114
2 3 19 22 26 78 95 110 81510
2 3 19 22 27 33 38 54 11286
2 3 19 22 27 33 54 57 11286
2 3 19 22 27 33 54 114 11286
2 3 19 22 27 33 76 108 22572
2 3 19 22 27 38 44 108 22572
2 3 19 22 27 38 54 66 11286
2 3 19 22 27 38 54 99 11286
2 3 19 22 27 44 54 76 22572
2 3 19 22 27 44 57 108 22572
2 3 19 22 27 44 76 108 22572
2 3 19 22 27 44 108 114 22572
2 3 19 22 27 54 55 95 56430
2 3 19 22 27 54 57 66 11286
2 3 19 22 27 54 57 99 11286
2 3 19 22 27 54 66 114 11286
2 3 19 22 27 54 95 110 56430
2 3 19 22 27 54 99 114 11286
2 3 19 22 27 66 76 108 22572
2 3 19 22 27 76 99 108 22572
2 3 19 22 28 33 38 84 17556
2 3 19 22 28 33 42 76 17556
2 3 19 22 28 33 57 84 17556
2 3 19 22 28 33 76 77 17556
2 3 19 22 28 33 76 84 17556
2 3 19 22 28 33 84 114 17556
2 3 19 22 28 38 42 44 17556
2 3 19 22 28 38 44 84 17556
2 3 19 22 28 38 66 84 17556
2 3 19 22 28 38 77 84 17556
2 3 19 22 28 42 44 57 17556
2 3 19 22 28 42 44 76 17556
2 3 19 22 28 42 44 114 17556
2 3 19 22 28 42 66 76 17556
2 3 19 22 28 42 76 77 17556
2 3 19 22 28 44 57 77 17556
2 3 19 22 28 44 57 84 17556
2 3 19 22 28 44 76 84 17556
2 3 19 22 28 44 77 114 17556
2 3 19 22 28 44 84 114 17556
2 3 19 22 28 44 95 105 87780
2 3 19 22 28 55 76 105 87780
2 3 19 22 28 55 84 95 87780
2 3 19 22 28 56 57 88 35112
2 3 19 22 28 56 88 114 35112
2 3 19 22 28 57 66 84 17556
2 3 19 22 28 57 76 77 17556
2 3 19 22 28 57 77 84 17556
2 3 19 22 28 60 77 95 87780
2 3 19 22 28 63 76 99 52668
2 3 19 22 28 66 76 77 17556
2 3 19 22 28 66 76 84 17556
2 3 19 22 28 66 84 114 17556
2 3 19 22 28 76 77 84 17556
2 3 19 22 28 76 77 114 17556
2 3 19 22 28 77 84 114 17556
2 3 19 22 29 33 38 58 36366
2 3 19 22 29 33 38 87 36366
2 3 19 22 29 33 57 58 36366
2 3 19 22 29 33 57 87 36366
2 3 19 22 29 33 58 114 36366
2 3 19 22 29 33 76 116 72732
2 3 19 22 29 33 87 114 36366
2 3 19 22 29 38 58 66 36366
2 3 19 22 29 38 66 87 36366
2 3 19 22 29 44 57 116 72732
2 3 19 22 29 44 76 87 72732
2 3 19 22 29 44 114 116 72732
2 3 19 22 29 55 87 95 181830
2 3 19 22 29 57 58 66 36366
2 3 19 22 29 57 66 87 36366
2 3 19 22 29 58 66 114 36366
2 3 19 22 29 66 76 116 72732
2 3 19 22 29 66 87 114 36366
2 3 19 22 30 33 38 55 6270
2 3 19 22 30 33 38 95 6270
2 3 19 22 30 33 38 110 6270
2 3 19 22 30 33 55 57 6270
2 3 19 22 30 33 55 95 6270
2 3 19 22 30 33 55 114 6270
2 3 19 22 30 33 57 95 6270
2 3 19 22 30 33 57 110 6270
2 3 19 22 30 33 60 76 12540
2 3 19 22 30 33 66 95 6270
2 3 19 22 30 33 95 110 6270
2 3 19 22 30 33 95 114 6270
2 3 19 22 30 33 110 114 6270
2 3 19 22 30 35 38 77 43890
2 3 19 22 30 35 57 77 43890
2 3 19 22 30 35 77 95 43890
2 3 19 22 30 35 77 114 43890
2 3 19 22 30 38 40 88 25080
2 3 19 22 30 38 44 60 12540
2 3 19 22 30 38 45 99 18810
2 3 19 22 30 38 55 57 6270
2 3 19 22 30 38 55 66 6270
2 3 19 22 30 38 55 95 6270
2 3 19 22 30 38 55 110 6270
2 3 19 22 30 38 55 114 6270
2 3 19 22 30 38 57 110 6270
2 3 19 22 30 38 66 95 6270
2 3 19 22 30 38 66 110 6270
2 3 19 22 30 38 70 77 43890
2 3 19 22 30 38 77 105 43890
2 3 19 22 30 38 88 120 25080
2 3 19 22 30 38 90 99 18810
2 3 19 22 30 38 95 110 6270
2 3 19 22 30 38 110 114 6270
2 3 19 22 30 40 57 88 25080
2 3 19 22 30 40 76 88 25080
2 3 19 22 30 40 88 95 25080
2 3 19 22 30 40 88 114 25080
2 3 19 22 30 42 77 95 43890
2 3 19 22 30 44 55 76 12540
2 3 19 22 30 44 57 60 12540
2 3 19 22 30 44 60 76 12540
2 3 19 22 30 44 60 95 12540
2 3 19 22 30 44 60 114 12540
2 3 19 22 30 44 76 95 12540
2 3 19 22 30 44 76 110 12540
2 3 19 22 30 45 57 99 18810
2 3 19 22 30 45 95 99 18810
2 3 19 22 30 45 99 114 18810
2 3 19 22 30 55 57 66 6270
2 3 19 22 30 55 57 95 6270
2 3 19 22 30 55 57 110 6270
2 3 19 22 30 55 57 114 6270
2 3 19 22 30 55 60 76 12540
2 3 19 22 30 55 66 95 6270
2 3 19 22 30 55 66 114 6270
2 3 19 22 30 55 95 110 6270
2 3 19 22 30 55 95 114 6270
2 3 19 22 30 55 110 114 6270
2 3 19 22 30 57 66 95 6270
2 3 19 22 30 57 66 110 6270
2 3 19 22 30 57 70 77 43890
2 3 19 22 30 57 77 105 43890
2 3 19 22 30 57 88 120 25080
2 3 19 22 30 57 90 99 18810
2 3 19 22 30 57 95 110 6270
2 3 19 22 30 57 110 114 6270
2 3 19 22 30 60 66 76 12540
2 3 19 22 30 60 76 110 12540
2 3 19 22 30 70 77 95 43890
2 3 19 22 30 70 77 114 43890
2 3 19 22 31 33 38 62 38874
2 3 19 22 31 33 38 93 38874
2 3 19 22 31 33 57 62 38874
2 3 19 22 31 33 57 93 38874
2 3 19 22 31 33 62 114 38874
2 3 19 22 31 33 76 124 77748
2 3 19 22 31 33 93 114 38874
2 3 19 22 31 38 62 66 38874
2 3 19 22 31 38 66 93 38874
2 3 19 22 31 44 57 124 77748
2 3 19 22 31 44 76 93 77748
2 3 19 22 31 44 114 124 77748
2 3 19 22 31 55 93 95 194370
2 3 19 22 31 57 62 66 38874
2 3 19 22 31 57 66 93 38874
2 3 19 22 31 62 66 114 38874
2 3 19 22 31 66 76 124 77748
2 3 19 22 32 33 38 96 20064
2 3 19 22 32 33 57 96 20064
2 3 19 22 32 33 76 96 20064
2 3 19 22 32 33 96 114 20064
2 3 19 22 32 38 44 96 20064
2 3 19 22 32 38 66 96 20064
2 3 19 22 32 38 88 96 20064
2 3 19 22 32 44 57 96 20064
2 3 19 22 32 44 76 96 20064
2 3 19 22 32 44 96 114 20064
2 3 19 22 32 55 95 96 100320
2 3 19 22 32 57 66 96 20064
2 3 19 22 32 57 88 96 20064
2 3 19 22 32 66 76 96 20064
2 3 19 22 33 34 38 51 21318
2 3 19 22 33 34 38 102 21318
2 3 19 22 33 34 51 57 21318
2 3 19 22 33 34 51 114 21318
2 3 19 22 33 34 57 102 21318
2 3 19 22 33 34 68 76 42636
2 3 19 22 33 34 85 95 106590
2 3 19 22 33 34 102 114 21318
2 3 19 22 33 35 38 70 43890
2 3 19 22 33 35 38 105 43890
2 3 19 22 33 35 42 95 43890
2 3 19 22 33 35 57 70 43890
2 3 19 22 33 35 57 105 43890
2 3 19 22 33 35 70 95 43890
2 3 19 22 33 35 70 114 43890
2 3 19 22 33 35 77 95 43890
2 3 19 22 33 35 95 105 43890
2 3 19 22 33 35 105 114 43890
2 3 19 22 33 36 76 99 7524
2 3 19 22 33 37 38 74 46398
2 3 19 22 33 37 38 111 46398
2 3 19 22 33 37 57 74 46398
2 3 19 22 33 37 57 111 46398
2 3 19 22 33 37 74 114 46398
2 3 19 22 33 37 111 114 46398
2 3 19 22 33 38 39 78 16302
2 3 19 22 33 38 40 120 25080
2 3 19 22 33 38 41 82 51414
2 3 19 22 33 38 41 123 51414
2 3 19 22 33 38 42 77 8778
2 3 19 22 33 38 43 86 53922
2 3 19 22 33 38 44 76 2508
2 3 19 22 33 38 45 90 18810
2 3 19 22 33 38 46 69 28842
2 3 19 22 33 38 47 94 58938
2 3 19 22 33 38 49 98 61446
2 3 19 22 33 38 50 75 31350
2 3 19 22 33 38 51 102 21318
2 3 19 22 33 38 53 106 66462
2 3 19 22 33 38 55 95 6270
2 3 19 22 33 38 55 110 6270
2 3 19 22 33 38 57 66 1254
2 3 19 22 33 38 57 114 1254
2 3 19 22 33 38 58 87 36366
2 3 19 22 33 38 59 118 73986
2 3 19 22 33 38 61 122 76494
2 3 19 22 33 38 62 93 38874
2 3 19 22 33 38 63 126 26334
2 3 19 22 33 38 66 114 1254
2 3 19 22 33 38 70 105 43890
2 3 19 22 33 38 74 111 46398
2 3 19 22 33 38 82 123 51414
2 3 19 22 33 38 95 110 6270
2 3 19 22 33 39 52 76 32604
2 3 19 22 33 39 57 78 16302
2 3 19 22 33 39 65 95 81510
2 3 19 22 33 39 78 114 16302
2 3 19 22 33 40 57 120 25080
2 3 19 22 33 40 76 120 25080
2 3 19 22 33 40 88 95 25080
2 3 19 22 33 40 95 120 25080
2 3 19 22 33 40 114 120 25080
2 3 19 22 33 41 57 82 51414
2 3 19 22 33 41 57 123 51414
2 3 19 22 33 41 82 114 51414
2 3 19 22 33 41 114 123 51414
2 3 19 22 33 42 57 77 8778
2 3 19 22 33 42 70 95 43890
2 3 19 22 33 42 76 84 17556
2 3 19 22 33 42 77 114 8778
2 3 19 22 33 42 95 105 43890
2 3 19 22 33 43 57 86 53922
2 3 19 22 33 43 86 114 53922
2 3 19 22 33 44 57 76 2508
2 3 19 22 33 44 60 95 12540
2 3 19 22 33 44 66 76 2508
2 3 19 22 33 44 76 114 2508
2 3 19 22 33 45 57 90 18810
2 3 19 22 33 45 90 95 18810
2 3 19 22 33 45 90 114 18810
2 3 19 22 33 45 95 99 18810
2 3 19 22 33 46 57 69 28842
2 3 19 22 33 46 69 114 28842
2 3 19 22 33 46 76 92 57684
2 3 19 22 33 46 95 115 144210
2 3 19 22 33 47 57 94 58938
2 3 19 22 33 47 94 114 58938
2 3 19 22 33 48 80 95 50160
2 3 19 22 33 49 57 98 61446
2 3 19 22 33 49 98 114 61446
2 3 19 22 33 50 57 75 31350
2 3 19 22 33 50 75 95 31350
2 3 19 22 33 50 75 114 31350
2 3 19 22 33 50 76 100 62700
2 3 19 22 33 51 57 102 21318
2 3 19 22 33 51 68 76 42636
2 3 19 22 33 51 85 95 106590
2 3 19 22 33 52 76 78 32604
2 3 19 22 33 53 57 106 66462
2 3 19 22 33 54 76 108 22572
2 3 19 22 33 55 57 95 6270
2 3 19 22 33 55 57 110 6270
2 3 19 22 33 55 60 76 12540
2 3 19 22 33 55 66 95 6270
2 3 19 22 33 57 58 87 36366
2 3 19 22 33 57 59 118 73986
2 3 19 22 33 57 61 122 76494
2 3 19 22 33 57 62 93 38874
2 3 19 22 33 57 63 126 26334
2 3 19 22 33 57 66 114 1254
2 3 19 22 33 57 70 105 43890
2 3 19 22 33 57 74 111 46398
2 3 19 22 33 58 76 116 72732
2 3 19 22 33 60 76 95 12540
2 3 19 22 33 60 76 110 12540
2 3 19 22 33 65 78 95 81510
2 3 19 22 33 69 76 92 57684
2 3 19 22 34 38 51 66 21318
2 3 19 22 34 38 66 102 21318
2 3 19 22 34 44 51 76 42636
2 3 19 22 34 44 57 68 42636
2 3 19 22 34 44 68 114 42636
2 3 19 22 34 44 76 102 42636
2 3 19 22 34 51 55 95 106590
2 3 19 22 34 51 57 66 21318
2 3 19 22 34 51 66 114 21318
2 3 19 22 34 51 95 110 106590
2 3 19 22 34 55 57 85 106590
2 3 19 22 34 57 66 102 21318
2 3 19 22 34 66 68 76 42636
2 3 19 22 35 38 42 55 43890
2 3 19 22 35 38 42 110 43890
2 3 19 22 35 38 55 105 43890
2 3 19 22 35 38 66 70 43890
2 3 19 22 35 38 66 105 43890
2 3 19 22 35 38 77 105 43890
2 3 19 22 35 38 105 110 43890
2 3 19 22 35 42 55 57 43890
2 3 19 22 35 42 55 95 43890
2 3 19 22 35 42 55 114 43890
2 3 19 22 35 42 57 110 43890
2 3 19 22 35 42 66 95 43890
2 3 19 22 35 42 77 95 43890
2 3 19 22 35 42 95 110 43890
2 3 19 22 35 42 110 114 43890
2 3 19 22 35 44 76 105 87780
2 3 19 22 35 44 84 95 87780
2 3 19 22 35 55 57 70 43890
2 3 19 22 35 55 57 77 43890
2 3 19 22 35 55 57 105 43890
2 3 19 22 35 55 70 114 43890
2 3 19 22 35 55 76 84 87780
2 3 19 22 35 57 66 70 43890
2 3 19 22 35 57 66 105 43890
2 3 19 22 35 57 70 77 43890
2 3 19 22 35 57 70 110 43890
2 3 19 22 35 57 77 95 43890
2 3 19 22 35 57 77 105 43890
2 3 19 22 35 60 76 77 87780
2 3 19 22 36 38 44 99 7524
2 3 19 22 36 38 72 88 15048
2 3 19 22 36 38 76 99 7524
2 3 19 22 36 44 45 95 37620
2 3 19 22 36 44 57 99 7524
2 3 19 22 36 44 76 99 7524
2 3 19 22 36 44 90 95 37620
2 3 19 22 36 44 99 114 7524
2 3 19 22 36 45 55 76 37620
2 3 19 22 36 45 76 110 37620
2 3 19 22 36 55 76 90 37620
2 3 19 22 36 57 72 88 15048
2 3 19 22 36 63 76 77 52668
2 3 19 22 37 38 66 74 46398
2 3 19 22 37 38 66 111 46398
2 3 19 22 37 44 76 111 92796
2 3 19 22 37 57 66 74 46398
2 3 19 22 37 57 66 111 46398
2 3 19 22 38 39 44 52 32604
2 3 19 22 38 39 55 65 81510
2 3 19 22 38 39 65 110 81510
2 3 19 22 38 39 66 78 16302
2 3 19 22 38 39 77 91 114114
2 3 19 22 38 39 88 104 65208
2 3 19 22 38 39 99 117 48906
2 3 19 22 38 40 44 120 25080
2 3 19 22 38 40 55 120 25080
2 3 19 22 38 40 60 88 25080
2 3 19 22 38 40 66 120 25080
2 3 19 22 38 40 88 120 25080
2 3 19 22 38 40 110 120 25080
2 3 19 22 38 41 66 82 51414
2 3 19 22 38 41 66 123 51414
2 3 19 22 38 42 44 84 17556
2 3 19 22 38 42 55 70 43890
2 3 19 22 38 42 55 105 43890
2 3 19 22 38 42 56 88 35112
2 3 19 22 38 42 57 77 8778
2 3 19 22 38 42 63 99 26334
2 3 19 22 38 42 66 77 8778
2 3 19 22 38 42 70 110 43890
2 3 19 22 38 42 77 114 8778
2 3 19 22 38 42 105 110 43890
2 3 19 22 38 43 66 86 53922
2 3 19 22 38 44 51 68 42636
2 3 19 22 38 44 52 78 32604
2 3 19 22 38 44 54 108 22572
2 3 19 22 38 44 55 60 12540
2 3 19 22 38 44 57 76 2508
2 3 19 22 38 44 60 95 12540
2 3 19 22 38 44 60 110 12540
2 3 19 22 38 44 66 76 2508
2 3 19 22 38 44 68 102 42636
2 3 19 22 38 44 69 92 57684
2 3 19 22 38 44 75 100 62700
2 3 19 22 38 44 76 114 2508
2 3 19 22 38 44 77 84 17556
2 3 19 22 38 44 87 116 72732
2 3 19 22 38 45 55 90 18810
2 3 19 22 38 45 55 99 18810
2 3 19 22 38 45 66 90 18810
2 3 19 22 38 45 90 99 18810
2 3 19 22 38 45 90 110 18810
2 3 19 22 38 45 95 99 18810
2 3 19 22 38 46 66 69 28842
2 3 19 22 38 47 66 94 58938
2 3 19 22 38 48 55 80 50160
2 3 19 22 38 48 77 112 70224
2 3 19 22 38 48 80 110 50160
2 3 19 22 38 49 66 98 61446
2 3 19 22 38 50 55 75 31350
2 3 19 22 38 50 66 75 31350
2 3 19 22 38 50 75 110 31350
2 3 19 22 38 51 55 85 106590
2 3 19 22 38 51 66 102 21318
2 3 19 22 38 53 66 106 66462
2 3 19 22 38 55 57 95 6270
2 3 19 22 38 55 57 110 6270
2 3 19 22 38 55 60 76 12540
2 3 19 22 38 55 65 78 81510
2 3 19 22 38 55 66 95 6270
2 3 19 22 38 55 66 110 6270
2 3 19 22 38 58 66 87 36366
2 3 19 22 39 44 52 57 32604
2 3 19 22 39 44 52 76 32604
2 3 19 22 39 44 52 114 32604
2 3 19 22 39 44 76 78 32604
2 3 19 22 39 52 66 76 32604
2 3 19 22 39 55 57 65 81510
2 3 19 22 39 55 65 95 81510
2 3 19 22 39 57 66 78 16302
2 3 19 22 40 44 57 120 25080
2 3 19 22 40 44 76 120 25080
2 3 19 22 40 55 57 88 25080
2 3 19 22 40 55 57 120 25080
2 3 19 22 40 57 60 88 25080
2 3 19 22 41 57 66 82 51414
2 3 19 22 42 44 57 84 17556
2 3 19 22 42 44 76 77 17556
2 3 19 22 42 44 76 84 17556
2 3 19 22 42 55 57 70 43890
2 3 19 22 42 55 57 105 43890
2 3 19 22 42 56 57 88 35112
2 3 19 22 42 57 66 77 8778
2 3 19 22 44 45 76 90 37620
2 3 19 22 44 46 57 92 57684
2 3 19 22 44 46 69 76 57684
2 3 19 22 44 50 57 100 62700
2 3 19 22 44 50 75 76 62700
2 3 19 22 44 51 57 68 42636
2 3 19 22 44 51 68 76 42636
2 3 19 22 44 52 57 78 32604
2 3 19 22 44 55 57 60 12540
2 3 19 22 44 55 60 76 12540
2 3 19 22 45 55 57 90 18810
2 3 19 22 46 57 66 69 28842
2 3 19 22 48 55 57 80 50160
2 3 19 22 50 55 57 75 31350
2 3 19 23 24 38 40 115 52440
2 3 19 23 24 38 115 120 52440
2 3 19 23 24 40 46 95 52440
2 3 19 23 24 40 57 115 52440
2 3 19 23 24 40 69 95 52440
2 3 19 23 24 40 76 115 52440
2 3 19 23 24 40 92 95 52440
2 3 19 23 24 40 95 115 52440
2 3 19 23 24 40 114 115 52440
2 3 19 23 24 46 95 120 52440
2 3 19 23 24 57 115 120 52440
2 3 19 23 24 69 95 120 52440
2 3 19 23 24 76 115 120 52440
2 3 19 23 24 92 95 120 52440
2 3 19 23 25 38 46 75 65550
2 3 19 23 25 38 50 69 65550
2 3 19 23 25 38 69 75 65550
2 3 19 23 25 38 75 115 65550
2 3 19 23 25 46 50 57 65550
2 3 19 23 25 46 50 114 65550
2 3 19 23 25 46 57 75 65550
2 3 19 23 25 46 75 95 65550
2 3 19 23 25 46 75 114 65550
2 3 19 23 25 50 57 69 65550
2 3 19 23 25 50 57 115 65550
2 3 19 23 25 50 69 95 65550
2 3 19 23 25 50 69 114 65550
2 3 19 23 25 50 114 115 65550
2 3 19 23 25 57 92 100 131100
2 3 19 23 25 69 75 114 65550
2 3 19 23 25 69 76 100 131100
2 3 19 23 25 75 76 92 131100
2 3 19 23 25 75 114 115 65550
2 3 19 23 26 38 39 46 34086
2 3 19 23 26 38 39 69 34086
2 3 19 23 26 38 46 78 34086
2 3 19 23 26 38 69 78 34086
2 3 19 23 26 39 46 57 34086
2 3 19 23 26 39 46 114 34086
2 3 19 23 26 39 57 69 34086
2 3 19 23 26 39 69 114 34086
2 3 19 23 26 39 76 92 68172
2 3 19 23 26 39 95 115 170430
2 3 19 23 26 46 57 78 34086
2 3 19 23 26 46 78 114 34086
2 3 19 23 26 52 57 92 68172
2 3 19 23 26 52 69 76 68172
2 3 19 23 26 52 92 114 68172
2 3 19 23 26 57 65 115 170430
2 3 19 23 26 57 69 78 34086
2 3 19 23 26 65 69 95 170430
2 3 19 23 26 65 114 115 170430
2 3 19 23 26 69 78 114 34086
2 3 19 23 26 76 78 92 68172
2 3 19 23 27 38 46 54 23598
2 3 19 23 27 38 54 69 23598
2 3 19 23 27 38 92 108 47196
2 3 19 23 27 46 54 57 23598
2 3 19 23 27 46 54 114 23598
2 3 19 23 27 46 76 108 47196
2 3 19 23 27 54 57 69 23598
2 3 19 23 27 54 69 114 23598
2 3 19 23 27 54 76 92 47196
2 3 19 23 27 54 95 115 117990
2 3 19 23 27 57 92 108 47196
2 3 19 23 27 69 76 108 47196
2 3 19 23 28 38 42 92 36708
2 3 19 23 28 38 46 84 36708
2 3 19 23 28 38 69 84 36708
2 3 19 23 28 38 84 92 36708
2 3 19 23 28 42 46 76 36708
2 3 19 23 28 42 57 92 36708
2 3 19 23 28 42 69 76 36708
2 3 19 23 28 42 76 92 36708
2 3 19 23 28 42 92 114 36708
2 3 19 23 28 46 57 84 36708
2 3 19 23 28 46 76 84 36708
2 3 19 23 28 46 84 114 36708
2 3 19 23 28 57 69 84 36708
2 3 19 23 28 57 84 92 36708
2 3 19 23 28 69 76 84 36708
2 3 19 23 28 69 84 114 36708
2 3 19 23 28 76 84 92 36708
2 3 19 23 29 38 46 87 76038
2 3 19 23 29 38 58 69 76038
2 3 19 23 29 38 69 87 76038
2 3 19 23 29 46 57 58 76038
2 3 19 23 29 46 57 87 76038
2 3 19 23 29 46 58 114 76038
2 3 19 23 29 46 87 114 76038
2 3 19 23 29 57 58 69 76038
2 3 19 23 29 57 92 116 152076
2 3 19 23 29 58 69 114 76038
2 3 19 23 29 69 76 116 152076
2 3 19 23 30 38 46 95 13110
2 3 19 23 30 38 46 115 13110
2 3 19 23 30 38 57 115 13110
2 3 19 23 30 38 60 92 26220
2 3 19 23 30 38 69 95 13110
2 3 19 23 30 38 69 115 13110
2 3 19 23 30 38 95 115 13110
2 3 19 23 30 38 114 115 13110
2 3 19 23 30 46 57 95 13110
2 3 19 23 30 46 57 115 13110
2 3 19 23 30 46 60 76 26220
2 3 19 23 30 46 69 95 13110
2 3 19 23 30 46 95 114 13110
2 3 19 23 30 46 95 115 13110
2 3 19 23 30 46 114 115 13110
2 3 19 23 30 57 60 92 26220
2 3 19 23 30 57 69 95 13110
2 3 19 23 30 57 69 115 13110
2 3 19 23 30 60 69 76 26220
2 3 19 23 30 60 76 92 26220
2 3 19 23 30 60 76 115 26220
2 3 19 23 30 60 92 95 26220
2 3 19 23 31 38 46 93 81282
2 3 19 23 31 38 62 69 81282
2 3 19 23 31 38 69 93 81282
2 3 19 23 31 46 57 62 81282
2 3 19 23 31 46 57 93 81282
2 3 19 23 31 46 62 114 81282
2 3 19 23 31 46 93 114 81282
2 3 19 23 31 57 62 69 81282
2 3 19 23 31 62 69 114 81282
2 3 19 23 32 38 46 96 41952
2 3 19 23 32 38 69 96 41952
2 3 19 23 32 38 92 96 41952
2 3 19 23 32 46 57 96 41952
2 3 19 23 32 46 76 96 41952
2 3 19 23 32 46 96 114 41952
2 3 19 23 32 57 69 96 41952
2 3 19 23 33 38 44 92 57684
2 3 19 23 33 38 46 66 28842
2 3 19 23 33 38 55 115 144210
2 3 19 23 33 38 66 69 28842
2 3 19 23 33 38 110 115 144210
2 3 19 23 33 44 46 76 57684
2 3 19 23 33 44 57 92 57684
2 3 19 23 33 44 69 76 57684
2 3 19 23 33 44 76 92 57684
2 3 19 23 33 44 92 114 57684
2 3 19 23 33 46 55 95 144210
2 3 19 23 33 46 57 66 28842
2 3 19 23 33 46 66 114 28842
2 3 19 23 33 46 95 110 144210
2 3 19 23 33 57 66 69 28842
2 3 19 23 34 38 46 51 44574
2 3 19 23 34 38 46 102 44574
2 3 19 23 34 38 51 69 44574
2 3 19 23 34 38 69 102 44574
2 3 19 23 34 46 51 57 44574
2 3 19 23 34 46 51 114 44574
2 3 19 23 34 46 57 102 44574
2 3 19 23 34 51 57 69 44574
2 3 19 23 34 51 69 114 44574
2 3 19 23 34 51 76 92 89148
2 3 19 23 34 57 68 92 89148
2 3 19 23 34 57 69 102 44574
2 3 19 23 34 68 69 76 89148
2 3 19 23 35 38 42 115 91770
2 3 19 23 35 38 46 105 91770
2 3 19 23 35 38 69 70 91770
2 3 19 23 35 38 69 105 91770
2 3 19 23 35 38 105 115 91770
2 3 19 23 35 42 46 95 91770
2 3 19 23 35 42 57 115 91770
2 3 19 23 35 42 69 95 91770
2 3 19 23 35 42 95 115 91770
2 3 19 23 35 46 57 70 91770
2 3 19 23 35 46 57 105 91770
2 3 19 23 35 46 70 114 91770
2 3 19 23 35 57 69 70 91770
2 3 19 23 36 45 76 115 78660
2 3 19 23 36 45 92 95 78660
2 3 19 23 37 38 46 111 97014
2 3 19 23 37 38 69 74 97014
2 3 19 23 37 38 69 111 97014
2 3 19 23 37 46 57 74 97014
2 3 19 23 37 46 57 111 97014
2 3 19 23 37 46 74 114 97014
2 3 19 23 37 57 69 74 97014
2 3 19 23 38 39 46 78 34086
2 3 19 23 38 39 52 92 68172
2 3 19 23 38 39 65 115 170430
2 3 19 23 38 39 69 78 34086
2 3 19 23 38 40 46 120 52440
2 3 19 23 38 40 69 120 52440
2 3 19 23 38 41 46 123 107502
2 3 19 23 38 41 69 82 107502
2 3 19 23 38 41 69 123 107502
2 3 19 23 38 42 70 115 91770
2 3 19 23 38 42 84 92 36708
2 3 19 23 38 43 69 86 112746
2 3 19 23 38 44 66 92 57684
2 3 19 23 38 45 46 90 39330
2 3 19 23 38 45 69 90 39330
2 3 19 23 38 46 50 75 65550
2 3 19 23 38 46 51 102 44574
2 3 19 23 38 46 57 69 2622
2 3 19 23 38 46 57 114 2622
2 3 19 23 38 46 58 87 76038
2 3 19 23 38 46 62 93 81282
2 3 19 23 38 46 63 126 55062
2 3 19 23 38 46 69 114 2622
2 3 19 23 38 46 70 105 91770
2 3 19 23 38 46 74 111 97014
2 3 19 23 38 47 69 94 123234
2 3 19 23 38 49 69 98 128478
2 3 19 23 38 50 69 75 65550
2 3 19 23 38 51 68 92 89148
2 3 19 23 39 46 52 76 68172
2 3 19 23 39 46 57 78 34086
2 3 19 23 39 46 65 95 170430
2 3 19 23 39 52 57 92 68172
2 3 19 23 39 52 69 76 68172
2 3 19 23 40 46 57 120 52440
2 3 19 23 41 46 57 82 107502
2 3 19 23 41 46 57 123 107502
2 3 19 23 42 46 76 84 36708
2 3 19 23 43 46 57 86 112746
2 3 19 23 44 46 66 76 57684
2 3 19 23 45 46 57 90 39330
2 3 19 23 46 47 57 94 123234
2 3 19 23 46 50 57 75 65550
2 3 19 24 25 38 40 50 11400
2 3 19 24 25 38 40 75 11400
2 3 19 24 25 38 40 100 11400
2 3 19 24 25 38 50 120 11400
2 3 19 24 25 38 75 120 11400
2 3 19 24 25 38 100 120 11400
2 3 19 24 25 40 50 57 11400
2 3 19 24 25 40 50 76 11400
2 3 19 24 25 40 50 95 11400
2 3 19 24 25 40 50 114 11400
2 3 19 24 25 40 57 75 11400
2 3 19 24 25 40 57 100 11400
2 3 19 24 25 40 75 76 11400
2 3 19 24 25 40 75 95 11400
2 3 19 24 25 40 75 114 11400
2 3 19 24 25 40 76 100 11400
2 3 19 24 25 40 95 100 11400
2 3 19 24 25 40 100 114 11400
2 3 19 24 25 50 57 120 11400
2 3 19 24 25 50 76 120 11400
2 3 19 24 25 50 95 120 11400
2 3 19 24 25 50 114 120 11400
2 3 19 24 25 57 75 120 11400
2 3 19 24 25 57 100 120 11400
2 3 19 24 25 75 76 120 11400
2 3 19 24 26 30 95 104 29640
2 3 19 24 26 38 39 104 5928
2 3 19 24 26 38 40 65 29640
2 3 19 24 26 38 52 104 5928
2 3 19 24 26 38 56 91 41496
2 3 19 24 26 38 57 104 5928
2 3 19 24 26 38 65 120 29640
2 3 19 24 26 38 72 117 17784
2 3 19 24 26 38 76 104 5928
2 3 19 24 26 38 78 104 5928
2 3 19 24 26 38 104 114 5928
2 3 19 24 26 39 40 95 29640
2 3 19 24 26 39 57 104 5928
2 3 19 24 26 39 76 104 5928
2 3 19 24 26 39 95 120 29640
2 3 19 24 26 39 104 114 5928
2 3 19 24 26 40 52 95 29640
2 3 19 24 26 40 57 65 29640
2 3 19 24 26 40 65 76 29640
2 3 19 24 26 40 65 95 29640
2 3 19 24 26 40 65 114 29640
2 3 19 24 26 40 78 95 29640
2 3 19 24 26 40 95 104 29640
2 3 19 24 26 52 57 104 5928
2 3 19 24 26 52 76 104 5928
2 3 19 24 26 52 95 120 29640
2 3 19 24 26 52 104 114 5928
2 3 19 24 26 56 57 91 41496
2 3 19 24 26 56 76 91 41496
2 3 19 24 26 56 91 114 41496
2 3 19 24 26 57 65 120 29640
2 3 19 24 26 57 72 117 17784
2 3 19 24 26 57 76 104 5928
2 3 19 24 26 57 78 104 5928
2 3 19 24 26 57 104 114 5928
2 3 19 24 26 60 95 104 29640
2 3 19 24 26 65 76 120 29640
2 3 19 24 26 65 95 104 29640
2 3 19 24 26 65 95 120 29640
2 3 19 24 26 72 76 117 17784
2 3 19 24 26 76 78 104 5928
2 3 19 24 27 38 54 72 4104
2 3 19 24 27 38 72 108 4104
2 3 19 24 27 40 54 95 20520
2 3 19 24 27 40 95 108 20520
2 3 19 24 27 54 57 72 4104
2 3 19 24 27 54 72 76 4104
2 3 19 24 27 54 72 114 4104
2 3 19 24 27 54 95 120 20520
2 3 19 24 27 57 72 108 4104
2 3 19 24 27 72 76 108 4104
2 3 19 24 28 30 56 95 15960
2 3 19 24 28 35 38 40 15960
2 3 19 24 28 35 38 120 15960
2 3 19 24 28 35 40 57 15960
2 3 19 24 28 35 40 76 15960
2 3 19 24 28 35 40 95 15960
2 3 19 24 28 35 40 114 15960
2 3 19 24 28 35 56 95 15960
2 3 19 24 28 35 57 120 15960
2 3 19 24 28 35 76 120 15960
2 3 19 24 28 35 95 120 15960
2 3 19 24 28 35 114 120 15960
2 3 19 24 28 38 40 70 15960
2 3 19 24 28 38 40 105 15960
2 3 19 24 28 38 42 56 3192
2 3 19 24 28 38 48 112 6384
2 3 19 24 28 38 56 57 3192
2 3 19 24 28 38 56 76 3192
2 3 19 24 28 38 56 84 3192
2 3 19 24 28 38 56 114 3192
2 3 19 24 28 38 63 72 9576
2 3 19 24 28 38 70 120 15960
2 3 19 24 28 38 72 126 9576
2 3 19 24 28 38 77 88 35112
2 3 19 24 28 38 91 104 41496
2 3 19 24 28 38 105 120 15960
2 3 19 24 28 40 42 95 15960
2 3 19 24 28 40 56 95 15960
2 3 19 24 28 40 57 70 15960
2 3 19 24 28 40 57 105 15960
2 3 19 24 28 40 70 76 15960
2 3 19 24 28 40 70 95 15960
2 3 19 24 28 40 70 114 15960
2 3 19 24 28 40 76 105 15960
2 3 19 24 28 40 84 95 15960
2 3 19 24 28 40 95 105 15960
2 3 19 24 28 40 105 114 15960
2 3 19 24 28 42 56 57 3192
2 3 19 24 28 42 56 76 3192
2 3 19 24 28 42 56 114 3192
2 3 19 24 28 42 95 120 15960
2 3 19 24 28 48 57 112 6384
2 3 19 24 28 48 76 112 6384
2 3 19 24 28 48 112 114 6384
2 3 19 24 28 56 57 76 3192
2 3 19 24 28 56 57 84 3192
2 3 19 24 28 56 57 114 3192
2 3 19 24 28 56 60 95 15960
2 3 19 24 28 56 70 95 15960
2 3 19 24 28 56 76 84 3192
2 3 19 24 28 56 76 114 3192
2 3 19 24 28 56 84 114 3192
2 3 19 24 28 56 95 105 15960
2 3 19 24 28 56 95 120 15960
2 3 19 24 28 57 63 72 9576
2 3 19 24 28 57 70 120 15960
2 3 19 24 28 57 72 126 9576
2 3 19 24 28 57 77 88 35112
2 3 19 24 28 57 91 104 41496
2 3 19 24 28 63 72 76 9576
2 3 19 24 28 63 72 114 9576
2 3 19 24 28 76 77 88 35112
2 3 19 24 29 40 58 95 66120
2 3 19 24 29 40 87 95 66120
2 3 19 24 29 40 95 116 66120
2 3 19 24 30 32 95 96 9120
2 3 19 24 30 33 88 95 25080
2 3 19 24 30 35 38 56 15960
2 3 19 24 30 35 56 57 15960
2 3 19 24 30 35 56 76 15960
2 3 19 24 30 35 56 95 15960
2 3 19 24 30 35 56 114 15960
2 3 19 24 30 36 72 95 6840
2 3 19 24 30 38 40 57 2280
2 3 19 24 30 38 40 60 2280
2 3 19 24 30 38 40 76 2280
2 3 19 24 30 38 40 95 2280
2 3 19 24 30 38 40 114 2280
2 3 19 24 30 38 40 120 2280
2 3 19 24 30 38 45 72 6840
2 3 19 24 30 38 48 80 4560
2 3 19 24 30 38 55 88 25080
2 3 19 24 30 38 56 70 15960
2 3 19 24 30 38 56 105 15960
2 3 19 24 30 38 57 120 2280
2 3 19 24 30 38 60 120 2280
2 3 19 24 30 38 65 104 29640
2 3 19 24 30 38 72 90 6840
2 3 19 24 30 38 76 120 2280
2 3 19 24 30 38 88 110 25080
2 3 19 24 30 38 95 120 2280
2 3 19 24 30 38 114 120 2280
2 3 19 24 30 39 95 104 29640
2 3 19 24 30 40 57 60 2280
2 3 19 24 30 40 57 76 2280
2 3 19 24 30 40 57 95 2280
2 3 19 24 30 40 57 114 2280
2 3 19 24 30 40 57 120 2280
2 3 19 24 30 40 60 76 2280
2 3 19 24 30 40 60 95 2280
2 3 19 24 30 40 60 114 2280
2 3 19 24 30 40 76 95 2280
2 3 19 24 30 40 76 114 2280
2 3 19 24 30 40 76 120 2280
2 3 19 24 30 40 95 114 2280
2 3 19 24 30 40 95 120 2280
2 3 19 24 30 40 114 120 2280
2 3 19 24 30 42 56 95 15960
2 3 19 24 30 44 88 95 25080
2 3 19 24 30 45 57 72 6840
2 3 19 24 30 45 72 76 6840
2 3 19 24 30 45 72 95 6840
2 3 19 24 30 45 72 114 6840
2 3 19 24 30 48 57 80 4560
2 3 19 24 30 48 76 80 4560
2 3 19 24 30 48 80 95 4560
2 3 19 24 30 48 80 114 4560
2 3 19 24 30 52 95 104 29640
2 3 19 24 30 55 57 88 25080
2 3 19 24 30 55 76 88 25080
2 3 19 24 30 55 88 95 25080
2 3 19 24 30 56 57 70 15960
2 3 19 24 30 56 57 105 15960
2 3 19 24 30 56 70 76 15960
2 3 19 24 30 56 70 95 15960
2 3 19 24 30 56 70 114 15960
2 3 19 24 30 56 76 105 15960
2 3 19 24 30 56 84 95 15960
2 3 19 24 30 57 60 120 2280
2 3 19 24 30 57 65 104 29640
2 3 19 24 30 57 72 90 6840
2 3 19 24 31 40 62 95 70680
2 3 19 24 31 40 93 95 70680
2 3 19 24 31 40 95 124 70680
2 3 19 24 32 38 48 96 1824
2 3 19 24 32 38 57 96 1824
2 3 19 24 32 38 76 96 1824
2 3 19 24 32 38 96 114 1824
2 3 19 24 32 40 95 96 9120
2 3 19 24 32 48 57 96 1824
2 3 19 24 32 48 76 96 1824
2 3 19 24 33 38 40 55 25080
2 3 19 24 33 38 40 110 25080
2 3 19 24 33 38 44 88 5016
2 3 19 24 33 38 55 120 25080
2 3 19 24 33 38 56 77 35112
2 3 19 24 33 38 57 88 5016
2 3 19 24 33 38 66 88 5016
2 3 19 24 33 38 72 99 15048
2 3 19 24 33 38 76 88 5016
2 3 19 24 33 38 88 114 5016
2 3 19 24 33 38 110 120 25080
2 3 19 24 33 40 44 95 25080
2 3 19 24 33 40 55 57 25080
2 3 19 24 33 40 55 76 25080
2 3 19 24 33 40 55 95 25080
2 3 19 24 33 40 55 114 25080
2 3 19 24 33 40 57 110 25080
2 3 19 24 33 40 66 95 25080
2 3 19 24 33 40 76 110 25080
2 3 19 24 33 40 88 95 25080
2 3 19 24 33 40 95 110 25080
2 3 19 24 33 40 110 114 25080
2 3 19 24 33 44 57 88 5016
2 3 19 24 33 44 76 88 5016
2 3 19 24 33 44 88 114 5016
2 3 19 24 33 55 57 120 25080
2 3 19 24 33 56 57 77 35112
2 3 19 24 33 56 76 77 35112
2 3 19 24 33 57 66 88 5016
2 3 19 24 34 38 40 85 38760
2 3 19 24 34 38 56 119 54264
2 3 19 24 34 38 85 120 38760
2 3 19 24 34 40 51 95 38760
2 3 19 24 34 40 57 85 38760
2 3 19 24 34 40 68 95 38760
2 3 19 24 34 40 76 85 38760
2 3 19 24 34 40 85 95 38760
2 3 19 24 34 40 85 114 38760
2 3 19 24 34 40 95 102 38760
2 3 19 24 34 56 57 119 54264
2 3 19 24 35 38 40 42 15960
2 3 19 24 35 38 40 56 15960
2 3 19 24 35 38 40 70 15960
2 3 19 24 35 38 40 84 15960
2 3 19 24 35 38 40 105 15960
2 3 19 24 35 38 42 120 15960
2 3 19 24 35 38 56 60 15960
2 3 19 24 35 38 56 70 15960
2 3 19 24 35 38 56 95 15960
2 3 19 24 35 38 56 105 15960
2 3 19 24 35 38 56 120 15960
2 3 19 24 35 38 70 120 15960
2 3 19 24 35 38 80 112 31920
2 3 19 24 35 38 84 120 15960
2 3 19 24 35 38 105 120 15960
2 3 19 24 35 40 42 57 15960
2 3 19 24 35 40 42 76 15960
2 3 19 24 35 40 42 95 15960
2 3 19 24 35 40 42 114 15960
2 3 19 24 35 40 56 57 15960
2 3 19 24 35 40 56 76 15960
2 3 19 24 35 40 56 95 15960
2 3 19 24 35 40 56 114 15960
2 3 19 24 35 40 57 70 15960
2 3 19 24 35 40 57 84 15960
2 3 19 24 35 40 57 105 15960
2 3 19 24 35 40 70 76 15960
2 3 19 24 35 40 70 95 15960
2 3 19 24 35 40 70 114 15960
2 3 19 24 35 40 76 84 15960
2 3 19 24 35 40 76 105 15960
2 3 19 24 35 40 84 95 15960
2 3 19 24 35 40 84 114 15960
2 3 19 24 35 40 95 105 15960
2 3 19 24 35 42 56 95 15960
2 3 19 24 35 42 57 120 15960
2 3 19 24 35 42 76 120 15960
2 3 19 24 35 56 57 60 15960
2 3 19 24 35 56 57 70 15960
2 3 19 24 35 56 57 95 15960
2 3 19 24 35 56 57 105 15960
2 3 19 24 35 56 60 76 15960
2 3 19 24 35 56 60 95 15960
2 3 19 24 35 56 70 76 15960
2 3 19 24 36 38 40 45 6840
2 3 19 24 36 38 40 90 6840
2 3 19 24 36 38 45 120 6840
2 3 19 24 36 38 56 63 9576
2 3 19 24 36 38 56 126 9576
2 3 19 24 36 38 57 72 1368
2 3 19 24 36 38 72 76 1368
2 3 19 24 36 38 72 114 1368
2 3 19 24 36 38 88 99 15048
2 3 19 24 36 38 90 120 6840
2 3 19 24 36 40 45 57 6840
2 3 19 24 36 40 45 76 6840
2 3 19 24 36 40 45 95 6840
2 3 19 24 36 40 45 114 6840
2 3 19 24 36 40 57 90 6840
2 3 19 24 36 40 72 95 6840
2 3 19 24 36 40 76 90 6840
2 3 19 24 36 40 90 95 6840
2 3 19 24 36 40 90 114 6840
2 3 19 24 36 45 57 120 6840
2 3 19 24 36 45 72 95 6840
2 3 19 24 36 56 57 63 9576
2 3 19 24 36 56 63 76 9576
2 3 19 24 37 40 74 95 84360
2 3 19 24 38 39 40 65 29640
2 3 19 24 38 39 52 104 5928
2 3 19 24 38 39 56 91 41496
2 3 19 24 38 39 57 104 5928
2 3 19 24 38 39 65 120 29640
2 3 19 24 38 39 72 117 17784
2 3 19 24 38 39 76 104 5928
2 3 19 24 38 39 78 104 5928
2 3 19 24 38 40 42 70 15960
2 3 19 24 38 40 42 105 15960
2 3 19 24 38 40 44 55 25080
2 3 19 24 38 40 44 110 25080
2 3 19 24 38 40 45 72 6840
2 3 19 24 38 40 45 90 6840
2 3 19 24 38 40 46 115 52440
2 3 19 24 38 40 48 80 4560
2 3 19 24 38 40 50 75 11400
2 3 19 24 38 40 50 100 11400
2 3 19 24 38 40 51 85 38760
2 3 19 24 38 40 52 65 29640
2 3 19 24 38 40 55 66 25080
2 3 19 24 38 40 55 88 25080
2 3 19 24 38 40 55 110 25080
2 3 19 24 38 40 56 70 15960
2 3 19 24 38 40 56 105 15960
2 3 19 24 38 40 57 60 2280
2 3 19 24 38 40 57 95 2280
2 3 19 24 38 40 57 120 2280
2 3 19 24 38 40 60 76 2280
2 3 19 24 38 40 60 95 2280
2 3 19 24 38 40 60 114 2280
2 3 19 24 38 40 60 120 2280
2 3 19 24 38 40 65 78 29640
2 3 19 24 38 40 65 104 29640
2 3 19 24 38 40 66 110 25080
2 3 19 24 38 40 68 85 38760
2 3 19 24 38 40 69 115 52440
2 3 19 24 38 40 70 84 15960
2 3 19 24 38 40 70 105 15960
2 3 19 24 38 40 72 90 6840
2 3 19 24 38 40 75 100 11400
2 3 19 24 38 40 76 95 2280
2 3 19 24 38 40 76 120 2280
2 3 19 24 38 40 84 105 15960
2 3 19 24 38 40 85 102 38760
2 3 19 24 38 42 48 112 6384
2 3 19 24 38 42 56 57 3192
2 3 19 24 38 42 56 76 3192
2 3 19 24 38 42 56 84 3192
2 3 19 24 38 42 56 114 3192
2 3 19 24 38 42 63 72 9576
2 3 19 24 38 42 70 120 15960
2 3 19 24 38 42 77 88 35112
2 3 19 24 38 44 55 120 25080
2 3 19 24 38 44 56 77 35112
2 3 19 24 38 44 57 88 5016
2 3 19 24 38 44 66 88 5016
2 3 19 24 38 44 72 99 15048
2 3 19 24 38 44 76 88 5016
2 3 19 24 38 45 60 72 6840
2 3 19 24 38 45 72 90 6840
2 3 19 24 38 45 72 95 6840
2 3 19 24 38 48 56 112 6384
2 3 19 24 38 48 60 80 4560
2 3 19 24 38 49 56 98 22344
2 3 19 24 38 52 56 91 41496
2 3 19 24 38 52 57 104 5928
2 3 19 24 38 55 60 88 25080
2 3 19 24 38 56 57 84 3192
2 3 19 24 38 56 60 70 15960
2 3 19 24 38 56 63 72 9576
2 3 19 24 39 40 52 95 29640
2 3 19 24 39 40 57 65 29640
2 3 19 24 39 40 65 76 29640
2 3 19 24 39 40 65 95 29640
2 3 19 24 39 40 65 114 29640
2 3 19 24 39 40 78 95 29640
2 3 19 24 40 42 56 95 15960
2 3 19 24 40 42 57 70 15960
2 3 19 24 40 42 57 105 15960
2 3 19 24 40 42 70 76 15960
2 3 19 24 40 42 70 95 15960
2 3 19 24 40 44 55 57 25080
2 3 19 24 40 44 55 76 25080
2 3 19 24 40 44 55 95 25080
2 3 19 24 40 44 55 114 25080
2 3 19 24 40 44 57 110 25080
2 3 19 24 40 44 66 95 25080
2 3 19 24 40 45 57 72 6840
2 3 19 24 40 45 57 90 6840
2 3 19 24 40 45 72 76 6840
2 3 19 24 40 46 57 115 52440
2 3 19 24 40 48 57 80 4560
2 3 19 24 40 50 57 75 11400
2 3 19 24 40 50 57 100 11400
2 3 19 24 40 51 57 85 38760
2 3 19 24 40 52 57 65 29640
2 3 19 24 40 52 65 76 29640
2 3 19 24 40 55 57 66 25080
2 3 19 24 40 56 57 70 15960
2 3 19 25 26 38 39 50 37050
2 3 19 25 26 38 39 75 37050
2 3 19 25 26 38 50 78 37050
2 3 19 25 26 38 65 75 37050
2 3 19 25 26 38 75 78 37050
2 3 19 25 26 39 50 57 37050
2 3 19 25 26 39 50 95 37050
2 3 19 25 26 39 50 114 37050
2 3 19 25 26 39 57 75 37050
2 3 19 25 26 39 75 95 37050
2 3 19 25 26 39 75 114 37050
2 3 19 25 26 39 76 100 74100
2 3 19 25 26 50 57 65 37050
2 3 19 25 26 50 57 78 37050
2 3 19 25 26 50 65 114 37050
2 3 19 25 26 50 78 95 37050
2 3 19 25 26 50 78 114 37050
2 3 19 25 26 52 57 100 74100
2 3 19 25 26 52 75 76 74100
2 3 19 25 26 52 100 114 74100
2 3 19 25 26 57 65 75 37050
2 3 19 25 26 57 75 78 37050
2 3 19 25 26 65 75 95 37050
2 3 19 25 26 65 75 114 37050
2 3 19 25 26 75 78 95 37050
2 3 19 25 26 76 78 100 74100
2 3 19 25 27 38 50 54 25650
2 3 19 25 27 38 54 75 25650
2 3 19 25 27 38 100 108 51300
2 3 19 25 27 50 54 57 25650
2 3 19 25 27 50 54 95 25650
2 3 19 25 27 50 54 114 25650
2 3 19 25 27 50 76 108 51300
2 3 19 25 27 54 57 75 25650
2 3 19 25 27 54 75 95 25650
2 3 19 25 27 54 75 114 25650
2 3 19 25 27 54 76 100 51300
2 3 19 25 28 35 57 100 39900
2 3 19 25 28 35 75 76 39900
2 3 19 25 28 35 100 114 39900
2 3 19 25 28 38 42 100 39900
2 3 19 25 28 38 50 84 39900
2 3 19 25 28 38 75 84 39900
2 3 19 25 28 38 84 100 39900
2 3 19 25 28 38 100 105 39900
2 3 19 25 28 42 50 76 39900
2 3 19 25 28 42 57 100 39900
2 3 19 25 28 42 75 76 39900
2 3 19 25 28 42 76 100 39900
2 3 19 25 28 42 95 100 39900
2 3 19 25 28 42 100 114 39900
2 3 19 25 28 50 57 84 39900
2 3 19 25 28 50 76 84 39900
2 3 19 25 28 50 76 105 39900
2 3 19 25 28 50 84 95 39900
2 3 19 25 28 50 84 114 39900
2 3 19 25 28 57 70 100 39900
2 3 19 25 28 57 75 84 39900
2 3 19 25 28 57 84 100 39900
2 3 19 25 28 70 75 76 39900
2 3 19 25 28 75 76 84 39900
2 3 19 25 29 38 50 87 82650
2 3 19 25 29 38 58 75 82650
2 3 19 25 29 38 75 87 82650
2 3 19 25 29 50 57 58 82650
2 3 19 25 29 50 57 87 82650
2 3 19 25 29 50 58 114 82650
2 3 19 25 29 50 87 95 82650
2 3 19 25 29 50 87 114 82650
2 3 19 25 29 57 58 75 82650
2 3 19 25 29 58 75 95 82650
2 3 19 25 30 38 50 57 2850
2 3 19 25 30 38 50 75 2850
2 3 19 25 30 38 50 95 2850
2 3 19 25 30 38 50 114 2850
2 3 19 25 30 38 57 75 2850
2 3 19 25 30 38 60 100 5700
2 3 19 25 30 38 75 95 2850
2 3 19 25 30 38 75 114 2850
2 3 19 25 30 38 76 100 5700
2 3 19 25 30 50 57 75 2850
2 3 19 25 30 50 57 95 2850
2 3 19 25 30 50 57 114 2850
2 3 19 25 30 50 60 76 5700
2 3 19 25 30 50 75 95 2850
2 3 19 25 30 50 75 114 2850
2 3 19 25 30 50 76 100 5700
2 3 19 25 30 57 60 100 5700
2 3 19 25 30 57 75 95 2850
2 3 19 25 30 60 75 76 5700
2 3 19 25 31 38 50 93 88350
2 3 19 25 31 38 62 75 88350
2 3 19 25 31 38 75 93 88350
2 3 19 25 31 50 57 62 88350
2 3 19 25 31 50 57 93 88350
2 3 19 25 31 50 62 114 88350
2 3 19 25 31 57 62 75 88350
2 3 19 25 32 38 50 96 45600
2 3 19 25 32 38 75 96 45600
2 3 19 25 32 38 96 100 45600
2 3 19 25 32 50 57 96 45600
2 3 19 25 32 50 76 96 45600
2 3 19 25 33 38 44 100 62700
2 3 19 25 33 38 50 55 31350
2 3 19 25 33 38 50 66 31350
2 3 19 25 33 38 50 110 31350
2 3 19 25 33 38 55 75 31350
2 3 19 25 33 38 66 75 31350
2 3 19 25 33 38 75 110 31350
2 3 19 25 33 44 50 76 62700
2 3 19 25 33 44 57 100 62700
2 3 19 25 33 44 75 76 62700
2 3 19 25 33 44 76 100 62700
2 3 19 25 33 50 55 57 31350
2 3 19 25 33 50 55 95 31350
2 3 19 25 33 50 55 114 31350
2 3 19 25 33 50 57 66 31350
2 3 19 25 33 50 57 110 31350
2 3 19 25 33 50 66 95 31350
2 3 19 25 33 50 66 114 31350
2 3 19 25 33 57 66 75 31350
2 3 19 25 34 38 50 51 48450
2 3 19 25 34 38 50 102 48450
2 3 19 25 34 38 51 75 48450
2 3 19 25 34 38 75 85 48450
2 3 19 25 34 38 75 102 48450
2 3 19 25 34 50 51 57 48450
2 3 19 25 34 50 51 95 48450
2 3 19 25 34 50 51 114 48450
2 3 19 25 34 50 57 85 48450
2 3 19 25 34 50 57 102 48450
2 3 19 25 34 51 57 75 48450
2 3 19 25 35 38 42 50 19950
2 3 19 25 35 38 42 75 19950
2 3 19 25 35 38 50 105 19950
2 3 19 25 35 38 70 75 19950
2 3 19 25 35 38 75 105 19950
2 3 19 25 35 38 84 100 39900
2 3 19 25 35 42 50 57 19950
2 3 19 25 35 42 50 95 19950
2 3 19 25 35 42 50 114 19950
2 3 19 25 35 42 57 75 19950
2 3 19 25 35 42 75 95 19950
2 3 19 25 35 42 75 114 19950
2 3 19 25 35 42 76 100 39900
2 3 19 25 35 50 57 70 19950
2 3 19 25 35 50 57 105 19950
2 3 19 25 36 38 45 100 17100
2 3 19 25 36 38 90 100 17100
2 3 19 25 36 45 50 76 17100
2 3 19 25 36 45 57 100 17100
2 3 19 25 36 45 75 76 17100
2 3 19 25 37 38 50 111 105450
2 3 19 25 37 38 74 75 105450
2 3 19 25 37 38 75 111 105450
2 3 19 25 37 50 57 74 105450
2 3 19 25 38 39 50 65 37050
2 3 19 25 38 39 50 78 37050
2 3 19 25 38 39 52 100 74100
2 3 19 25 38 39 65 75 37050
2 3 19 25 38 39 75 78 37050
2 3 19 25 38 40 50 120 11400
2 3 19 25 38 41 50 123 116850
2 3 19 25 38 41 75 82 116850
2 3 19 25 38 42 50 70 19950
2 3 19 25 38 42 50 105 19950
2 3 19 25 38 42 70 75 19950
2 3 19 25 38 43 75 86 122550
2 3 19 25 38 44 66 100 62700
2 3 19 25 38 45 50 90 8550
2 3 19 25 38 46 50 69 65550
2 3 19 25 38 46 69 75 65550
2 3 19 25 38 48 50 80 22800
2 3 19 25 38 50 51 85 48450
2 3 19 25 38 50 51 102 48450
2 3 19 25 38 50 55 66 31350
2 3 19 25 38 50 57 75 2850
2 3 19 25 38 50 57 95 2850
2 3 19 25 38 50 58 87 82650
2 3 19 25 38 50 60 76 5700
2 3 19 25 38 50 65 78 37050
2 3 19 25 39 50 52 76 74100
2 3 19 25 39 50 57 65 37050
2 3 19 25 39 50 57 78 37050
2 3 19 25 41 50 57 82 116850
2 3 19 25 42 50 57 70 19950
2 3 19 26 27 38 39 54 13338
2 3 19 26 27 38 52 108 26676
2 3 19 26 27 38 54 78 13338
2 3 19 26 27 38 54 117 13338
2 3 19 26 27 39 54 57 13338
2 3 19 26 27 39 54 114 13338
2 3 19 26 27 39 76 108 26676
2 3 19 26 27 52 54 76 26676
2 3 19 26 27 52 57 108 26676
2 3 19 26 27 52 76 108 26676
2 3 19 26 27 54 57 78 13338
2 3 19 26 27 54 57 117 13338
2 3 19 26 27 54 65 95 66690
2 3 19 26 27 54 78 114 13338
2 3 19 26 28 38 39 84 20748
2 3 19 26 28 38 42 52 20748
2 3 19 26 28 38 52 84 20748
2 3 19 26 28 38 78 84 20748
2 3 19 26 28 38 84 91 20748
2 3 19 26 28 39 42 76 20748
2 3 19 26 28 39 57 84 20748
2 3 19 26 28 39 76 84 20748
2 3 19 26 28 39 76 91 20748
2 3 19 26 28 39 84 114 20748
2 3 19 26 28 42 52 57 20748
2 3 19 26 28 42 52 76 20748
2 3 19 26 28 42 52 114 20748
2 3 19 26 28 42 76 78 20748
2 3 19 26 28 42 76 91 20748
2 3 19 26 28 52 57 84 20748
2 3 19 26 28 52 57 91 20748
2 3 19 26 28 52 76 84 20748
2 3 19 26 28 52 84 114 20748
2 3 19 26 28 56 57 104 41496
2 3 19 26 28 57 76 91 20748
2 3 19 26 28 57 78 84 20748
2 3 19 26 28 57 84 91 20748
2 3 19 26 29 38 39 58 42978
2 3 19 26 29 38 39 87 42978
2 3 19 26 29 38 58 78 42978
2 3 19 26 29 38 78 87 42978
2 3 19 26 29 39 57 58 42978
2 3 19 26 29 39 57 87 42978
2 3 19 26 29 39 58 114 42978
2 3 19 26 29 39 76 116 85956
2 3 19 26 29 39 87 114 42978
2 3 19 26 29 52 57 116 85956
2 3 19 26 29 52 76 87 85956
2 3 19 26 29 57 58 78 42978
2 3 19 26 29 57 78 87 42978
2 3 19 26 30 35 38 91 51870
2 3 19 26 30 35 57 91 51870
2 3 19 26 30 35 91 95 51870
2 3 19 26 30 35 91 114 51870
2 3 19 26 30 38 39 65 7410
2 3 19 26 30 38 39 95 7410
2 3 19 26 30 38 40 104 29640
2 3 19 26 30 38 45 117 22230
2 3 19 26 30 38 52 60 14820
2 3 19 26 30 38 57 65 7410
2 3 19 26 30 38 65 78 7410
2 3 19 26 30 38 65 95 7410
2 3 19 26 30 38 65 114 7410
2 3 19 26 30 38 70 91 51870
2 3 19 26 30 38 78 95 7410
2 3 19 26 30 38 90 117 22230
2 3 19 26 30 38 91 105 51870
2 3 19 26 30 38 104 120 29640
2 3 19 26 30 39 57 65 7410
2 3 19 26 30 39 57 95 7410
2 3 19 26 30 39 60 76 14820
2 3 19 26 30 39 65 95 7410
2 3 19 26 30 39 65 114 7410
2 3 19 26 30 39 78 95 7410
2 3 19 26 30 39 95 114 7410
2 3 19 26 30 40 57 104 29640
2 3 19 26 30 40 76 104 29640
2 3 19 26 30 40 95 104 29640
2 3 19 26 30 40 104 114 29640
2 3 19 26 30 42 91 95 51870
2 3 19 26 30 45 57 117 22230
2 3 19 26 30 52 57 60 14820
2 3 19 26 30 52 60 76 14820
2 3 19 26 30 52 60 95 14820
2 3 19 26 30 52 60 114 14820
2 3 19 26 30 52 65 76 14820
2 3 19 26 30 52 76 95 14820
2 3 19 26 30 57 65 78 7410
2 3 19 26 30 57 65 95 7410
2 3 19 26 30 57 70 91 51870
2 3 19 26 30 60 65 76 14820
2 3 19 26 30 60 76 78 14820
2 3 19 26 31 38 39 62 45942
2 3 19 26 31 38 39 93 45942
2 3 19 26 31 38 62 78 45942
2 3 19 26 31 38 78 93 45942
2 3 19 26 31 39 57 62 45942
2 3 19 26 31 39 57 93 45942
2 3 19 26 31 39 62 114 45942
2 3 19 26 31 39 76 124 91884
2 3 19 26 31 39 93 114 45942
2 3 19 26 31 52 57 124 91884
2 3 19 26 31 57 62 78 45942
2 3 19 26 32 38 39 96 23712
2 3 19 26 32 38 52 96 23712
2 3 19 26 32 38 78 96 23712
2 3 19 26 32 38 96 104 23712
2 3 19 26 32 39 57 96 23712
2 3 19 26 32 39 76 96 23712
2 3 19 26 32 39 96 114 23712
2 3 19 26 32 52 57 96 23712
2 3 19 26 33 38 39 66 16302
2 3 19 26 33 38 44 52 32604
2 3 19 26 33 38 55 65 81510
2 3 19 26 33 38 65 110 81510
2 3 19 26 33 38 66 78 16302
2 3 19 26 33 38 77 91 114114
2 3 19 26 33 38 88 104 65208
2 3 19 26 33 39 44 76 32604
2 3 19 26 33 39 55 95 81510
2 3 19 26 33 39 57 66 16302
2 3 19 26 33 39 66 114 16302
2 3 19 26 33 44 52 57 32604
2 3 19 26 33 44 52 76 32604
2 3 19 26 33 44 52 114 32604
2 3 19 26 33 44 76 78 32604
2 3 19 26 33 52 66 76 32604
2 3 19 26 33 55 57 65 81510
2 3 19 26 33 57 66 78 16302
2 3 19 26 34 38 39 51 25194
2 3 19 26 34 38 39 102 25194
2 3 19 26 34 38 51 78 25194
2 3 19 26 34 38 78 102 25194
2 3 19 26 34 39 51 57 25194
2 3 19 26 34 39 51 114 25194
2 3 19 26 34 39 57 102 25194
2 3 19 26 34 39 68 76 50388
2 3 19 26 34 39 85 95 125970
2 3 19 26 34 51 52 76 50388
2 3 19 26 34 51 57 78 25194
2 3 19 26 34 52 57 68 50388
2 3 19 26 35 38 39 70 51870
2 3 19 26 35 38 39 105 51870
2 3 19 26 35 38 42 65 51870
2 3 19 26 35 38 65 105 51870
2 3 19 26 35 38 70 78 51870
2 3 19 26 35 38 78 105 51870
2 3 19 26 35 39 42 95 51870
2 3 19 26 35 39 57 70 51870
2 3 19 26 35 39 57 105 51870
2 3 19 26 35 39 70 95 51870
2 3 19 26 35 39 70 114 51870
2 3 19 26 35 39 91 95 51870
2 3 19 26 35 42 57 65 51870
2 3 19 26 35 42 65 95 51870
2 3 19 26 35 42 65 114 51870
2 3 19 26 35 42 78 95 51870
2 3 19 26 35 57 65 70 51870
2 3 19 26 36 38 52 117 8892
2 3 19 26 36 38 72 104 17784
2 3 19 26 36 38 76 117 8892
2 3 19 26 36 45 52 95 44460
2 3 19 26 36 45 65 76 44460
2 3 19 26 37 38 39 74 54834
2 3 19 26 37 38 39 111 54834
2 3 19 26 37 38 74 78 54834
2 3 19 26 37 39 57 74 54834
2 3 19 26 37 39 57 111 54834
2 3 19 26 38 39 40 120 29640
2 3 19 26 38 39 41 82 60762
2 3 19 26 38 39 41 123 60762
2 3 19 26 38 39 42 91 10374
2 3 19 26 38 39 43 86 63726
2 3 19 26 38 39 45 90 22230
2 3 19 26 38 39 46 69 34086
2 3 19 26 38 39 47 94 69654
2 3 19 26 38 39 49 98 72618
2 3 19 26 38 39 50 75 37050
2 3 19 26 38 39 51 102 25194
2 3 19 26 38 39 52 76 2964
2 3 19 26 38 39 53 106 78546
2 3 19 26 38 39 55 110 81510
2 3 19 26 38 39 57 78 1482
2 3 19 26 38 39 57 114 1482
2 3 19 26 38 39 58 87 42978
2 3 19 26 38 39 59 118 87438
2 3 19 26 38 39 61 122 90402
2 3 19 26 38 39 62 93 45942
2 3 19 26 38 39 63 126 31122
2 3 19 26 38 39 65 95 7410
2 3 19 26 38 39 70 105 51870
2 3 19 26 38 40 52 120 29640
2 3 19 26 38 40 60 104 29640
2 3 19 26 38 41 78 82 60762
2 3 19 26 38 42 52 84 20748
2 3 19 26 38 42 56 104 41496
2 3 19 26 38 42 57 91 10374
2 3 19 26 38 42 65 70 51870
2 3 19 26 38 44 52 66 32604
2 3 19 26 38 51 52 68 50388
2 3 19 26 38 52 57 76 2964
2 3 19 26 38 52 60 65 14820
2 3 19 26 39 40 57 120 29640
2 3 19 26 39 41 57 82 60762
2 3 19 26 39 41 57 123 60762
2 3 19 26 39 42 57 91 10374
2 3 19 26 39 43 57 86 63726
2 3 19 26 39 44 66 76 32604
2 3 19 26 39 45 57 90 22230
2 3 19 26 39 46 57 69 34086
2 3 19 26 39 50 57 75 37050
2 3 19 27 28 35 95 108 71820
2 3 19 27 28 38 42 108 14364
2 3 19 27 28 38 54 84 14364
2 3 19 27 28 38 63 108 14364
2 3 19 27 28 38 84 108 14364
2 3 19 27 28 38 108 126 14364
2 3 19 27 28 42 54 76 14364
2 3 19 27 28 42 57 108 14364
2 3 19 27 28 42 76 108 14364
2 3 19 27 28 42 108 114 14364
2 3 19 27 28 54 57 84 14364
2 3 19 27 28 54 63 76 14364
2 3 19 27 28 54 76 84 14364
2 3 19 27 28 57 63 108 14364
2 3 19 27 29 38 54 58 29754
2 3 19 27 29 38 54 87 29754
2 3 19 27 29 38 108 116 59508
2 3 19 27 29 54 57 58 29754
2 3 19 27 29 54 57 87 29754
2 3 19 27 29 54 58 114 29754
2 3 19 27 30 36 95 108 10260
2 3 19 27 30 38 45 54 5130
2 3 19 27 30 38 54 90 5130
2 3 19 27 30 38 54 95 5130
2 3 19 27 30 38 60 108 10260
2 3 19 27 30 45 54 57 5130
2 3 19 27 30 45 54 95 5130
2 3 19 27 30 45 54 114 5130
2 3 19 27 30 45 76 108 10260
2 3 19 27 30 54 57 90 5130
2 3 19 27 30 54 57 95 5130
2 3 19 27 30 54 60 76 10260
2 3 19 27 31 38 54 62 31806
2 3 19 27 31 38 54 93 31806
2 3 19 27 31 54 57 62 31806
2 3 19 27 31 54 57 93 31806
2 3 19 27 32 38 54 96 16416
2 3 19 27 32 38 96 108 16416
2 3 19 27 32 54 57 96 16416
2 3 19 27 33 38 44 108 22572
2 3 19 27 33 38 54 66 11286
2 3 19 27 33 38 54 99 11286
2 3 19 27 33 44 54 76 22572
2 3 19 27 33 44 57 108 22572
2 3 19 27 33 54 55 95 56430
2 3 19 27 33 54 57 66 11286
2 3 19 27 34 38 51 54 17442
2 3 19 27 34 38 54 102 17442
2 3 19 27 34 38 68 108 34884
2 3 19 27 34 51 54 57 17442
2 3 19 27 35 38 54 70 35910
2 3 19 27 35 38 54 105 35910
2 3 19 27 35 42 54 95 35910
2 3 19 27 35 54 57 70 35910
2 3 19 27 36 38 54 76 2052
2 3 19 27 36 38 54 108 2052
2 3 19 27 36 38 57 108 2052
2 3 19 27 37 38 54 74 37962
2 3 19 27 37 38 54 111 37962
2 3 19 27 38 39 52 108 26676
2 3 19 27 38 39 54 78 13338
2 3 19 27 38 39 54 117 13338
2 3 19 27 38 40 54 120 20520
2 3 19 27 38 41 54 82 42066
2 3 19 27 38 41 54 123 42066
2 3 19 27 38 42 54 63 7182
2 3 19 27 38 43 54 86 44118
2 3 19 27 38 45 54 90 5130
2 3 19 27 38 45 54 95 5130
2 3 19 27 38 46 54 69 23598
2 3 19 27 38 50 54 75 25650
2 3 19 28 29 38 42 116 46284
2 3 19 28 29 38 58 84 46284
2 3 19 28 29 38 84 87 46284
2 3 19 28 29 38 84 116 46284
2 3 19 28 29 42 57 116 46284
2 3 19 28 29 42 58 76 46284
2 3 19 28 29 42 76 87 46284
2 3 19 28 29 42 76 116 46284
2 3 19 28 29 57 58 84 46284
2 3 19 28 30 35 38 60 7980
2 3 19 28 30 35 38 76 7980
2 3 19 28 30 35 38 84 7980
2 3 19 28 30 35 42 76 7980
2 3 19 28 30 35 57 60 7980
2 3 19 28 30 35 57 76 7980
2 3 19 28 30 35 57 84 7980
2 3 19 28 30 35 60 76 7980
2 3 19 28 30 35 60 95 7980
2 3 19 28 30 35 60 114 7980
2 3 19 28 30 35 70 76 7980
2 3 19 28 30 35 76 84 7980
2 3 19 28 30 35 76 95 7980
2 3 19 28 30 35 76 105 7980
2 3 19 28 30 35 76 114 7980
2 3 19 28 30 35 84 95 7980
2 3 19 28 30 35 84 114 7980
2 3 19 28 30 36 63 95 23940
2 3 19 28 30 36 95 126 23940
2 3 19 28 30 38 40 56 15960
2 3 19 28 30 38 42 60 7980
2 3 19 28 30 38 56 120 15960
2 3 19 28 30 38 60 70 7980
2 3 19 28 30 38 60 84 7980
2 3 19 28 30 38 60 105 7980
2 3 19 28 30 38 70 76 7980
2 3 19 28 30 38 70 84 7980
2 3 19 28 30 38 76 105 7980
2 3 19 28 30 38 80 112 31920
2 3 19 28 30 38 84 95 7980
2 3 19 28 30 38 84 105 7980
2 3 19 28 30 40 56 57 15960
2 3 19 28 30 40 56 76 15960
2 3 19 28 30 40 56 95 15960
2 3 19 28 30 40 56 114 15960
2 3 19 28 30 42 57 60 7980
2 3 19 28 30 42 60 76 7980
2 3 19 28 30 42 60 95 7980
2 3 19 28 30 42 60 114 7980
2 3 19 28 30 42 70 76 7980
2 3 19 28 30 42 76 95 7980
2 3 19 28 30 42 76 105 7980
2 3 19 28 30 42 84 95 7980
2 3 19 28 30 44 77 95 87780
2 3 19 28 30 45 63 76 23940
2 3 19 28 30 57 60 70 7980
2 3 19 28 30 57 60 84 7980
2 3 19 28 31 38 42 124 49476
2 3 19 28 31 38 62 84 49476
2 3 19 28 31 38 84 93 49476
2 3 19 28 31 38 84 124 49476
2 3 19 28 31 42 57 124 49476
2 3 19 28 31 42 62 76 49476
2 3 19 28 31 42 76 93 49476
2 3 19 28 32 35 95 96 63840
2 3 19 28 32 38 42 96 12768
2 3 19 28 32 38 56 96 12768
2 3 19 28 32 38 84 96 12768
2 3 19 28 32 42 57 96 12768
2 3 19 28 32 42 76 96 12768
2 3 19 28 33 35 44 95 87780
2 3 19 28 33 35 55 76 87780
2 3 19 28 33 35 76 110 87780
2 3 19 28 33 38 42 44 17556
2 3 19 28 33 38 44 77 17556
2 3 19 28 33 38 44 84 17556
2 3 19 28 33 38 56 88 35112
2 3 19 28 33 38 66 84 17556
2 3 19 28 33 38 76 77 17556
2 3 19 28 33 38 77 84 17556
2 3 19 28 33 42 44 57 17556
2 3 19 28 33 42 44 76 17556
2 3 19 28 33 42 44 114 17556
2 3 19 28 33 42 66 76 17556
2 3 19 28 33 42 76 77 17556
2 3 19 28 33 44 57 77 17556
2 3 19 28 33 44 57 84 17556
2 3 19 28 33 44 76 77 17556
2 3 19 28 34 38 42 68 27132
2 3 19 28 34 38 51 84 27132
2 3 19 28 34 38 68 84 27132
2 3 19 28 34 42 51 76 27132
2 3 19 28 34 42 57 68 27132
2 3 19 28 34 42 68 76 27132
2 3 19 28 34 51 57 84 27132
2 3 19 28 35 36 38 45 23940
2 3 19 28 35 36 38 90 23940
2 3 19 28 35 36 45 57 23940
2 3 19 28 35 36 45 76 23940
2 3 19 28 35 36 45 95 23940
2 3 19 28 35 36 45 114 23940
2 3 19 28 35 36 57 90 23940
2 3 19 28 35 36 63 95 23940
2 3 19 28 35 36 76 90 23940
2 3 19 28 35 38 40 120 15960
2 3 19 28 35 38 42 60 7980
2 3 19 28 35 38 48 80 31920
2 3 19 28 35 38 56 120 15960
2 3 19 28 35 38 57 60 7980
2 3 19 28 35 38 60 70 7980
2 3 19 28 35 38 60 76 7980
2 3 19 28 35 38 60 84 7980
2 3 19 28 35 38 60 95 7980
2 3 19 28 35 38 60 105 7980
2 3 19 28 35 38 60 114 7980
2 3 19 28 35 38 70 84 7980
2 3 19 28 35 39 52 95 103740
2 3 19 28 35 39 65 76 103740
2 3 19 28 35 40 56 57 15960
2 3 19 28 35 40 56 114 15960
2 3 19 28 35 40 57 120 15960
2 3 19 28 35 42 57 60 7980
2 3 19 28 35 42 60 76 7980
2 3 19 28 35 42 60 95 7980
2 3 19 28 35 42 70 76 7980
2 3 19 28 35 44 55 57 87780
2 3 19 28 35 45 63 76 23940
2 3 19 28 35 48 57 80 31920
2 3 19 28 35 52 57 65 103740
2 3 19 28 36 38 42 63 4788
2 3 19 28 36 38 42 126 4788
2 3 19 28 36 38 45 70 23940
2 3 19 28 36 38 45 105 23940
2 3 19 28 36 38 56 72 9576
2 3 19 28 36 38 57 63 4788
2 3 19 28 36 38 57 126 4788
2 3 19 28 36 38 63 76 4788
2 3 19 28 36 38 63 84 4788
2 3 19 28 36 38 63 114 4788
2 3 19 28 36 38 70 90 23940
2 3 19 28 36 42 45 95 23940
2 3 19 28 36 42 57 63 4788
2 3 19 28 36 42 63 76 4788
2 3 19 28 36 45 57 70 23940
2 3 19 28 37 38 74 84 59052
2 3 19 28 38 39 42 52 20748
2 3 19 28 38 39 52 84 20748
2 3 19 28 38 39 52 91 20748
2 3 19 28 38 39 56 104 41496
2 3 19 28 38 40 42 120 15960
2 3 19 28 38 40 56 60 15960
2 3 19 28 38 40 56 105 15960
2 3 19 28 38 42 44 66 17556
2 3 19 28 38 42 44 77 17556
2 3 19 28 38 42 46 92 36708
2 3 19 28 38 42 48 112 6384
2 3 19 28 38 42 50 100 39900
2 3 19 28 38 42 51 68 27132
2 3 19 28 38 42 52 78 20748
2 3 19 28 38 42 52 91 20748
2 3 19 28 38 42 57 76 1596
2 3 19 28 38 42 57 84 1596
2 3 19 28 38 42 60 70 7980
2 3 19 28 38 44 57 77 17556
2 3 19 28 38 45 60 63 23940
2 3 19 28 39 42 52 57 20748
2 3 19 28 39 42 52 76 20748
2 3 19 28 42 44 57 66 17556
2 3 19 29 30 38 58 95 16530
2 3 19 29 30 38 60 116 33060
2 3 19 29 30 38 87 95 16530
2 3 19 29 30 58 60 76 33060
2 3 19 29 31 38 58 93 102486
2 3 19 29 31 38 62 87 102486
2 3 19 29 31 38 87 93 102486
2 3 19 29 31 57 58 62 102486
2 3 19 29 32 38 58 96 52896
2 3 19 29 33 38 44 116 72732
2 3 19 29 33 38 58 66 36366
2 3 19 29 33 38 66 87 36366
2 3 19 29 33 44 58 76 72732
2 3 19 29 33 57 58 66 36366
2 3 19 29 34 38 51 58 56202
2 3 19 29 34 38 51 87 56202
2 3 19 29 34 38 58 102 56202
2 3 19 29 34 51 57 58 56202
2 3 19 29 35 38 58 105 115710
2 3 19 29 35 38 70 87 115710
2 3 19 29 35 42 58 95 115710
2 3 19 29 37 38 58 111 122322
2 3 19 29 38 39 52 116 85956
2 3 19 29 38 39 58 78 42978
2 3 19 29 38 46 58 69 76038
2 3 19 30 31 38 60 124 35340
2 3 19 30 31 38 62 95 17670
2 3 19 30 32 38 40 96 9120
2 3 19 30 32 38 60 96 9120
2 3 19 30 32 40 57 96 9120
2 3 19 30 33 35 38 77 43890
2 3 19 30 33 35 57 77 43890
2 3 19 30 33 35 77 95 43890
2 3 19 30 33 38 40 88 25080
2 3 19 30 33 38 44 60 12540
2 3 19 30 33 38 45 99 18810
2 3 19 30 33 38 55 57 6270
2 3 19 30 33 38 55 66 6270
2 3 19 30 33 38 55 95 6270
2 3 19 30 33 38 55 110 6270
2 3 19 30 33 38 55 114 6270
2 3 19 30 33 38 57 110 6270
2 3 19 30 33 38 66 95 6270
2 3 19 30 33 38 66 110 6270
2 3 19 30 33 38 70 77 43890
2 3 19 30 33 40 57 88 25080
2 3 19 30 33 44 55 76 12540
2 3 19 30 33 44 57 60 12540
2 3 19 30 33 44 60 76 12540
2 3 19 30 33 55 57 66 6270
2 3 19 30 34 35 38 119 67830
2 3 19 30 34 35 57 119 67830
2 3 19 30 34 38 51 85 9690
2 3 19 30 34 38 51 95 9690
2 3 19 30 34 38 57 85 9690
2 3 19 30 34 38 60 68 19380
2 3 19 30 35 36 63 76 23940
2 3 19 30 35 38 39 91 51870
2 3 19 30 35 38 40 56 15960
2 3 19 30 35 38 42 57 3990
2 3 19 30 35 38 42 70 3990
2 3 19 30 35 38 42 95 3990
2 3 19 30 35 38 42 105 3990
2 3 19 30 35 38 42 114 3990
2 3 19 30 35 38 45 63 11970
2 3 19 30 35 38 45 126 11970
2 3 19 30 35 38 48 112 31920
2 3 19 30 35 38 49 98 27930
2 3 19 30 35 38 51 119 67830
2 3 19 30 35 38 55 77 43890
2 3 19 30 35 38 56 120 15960
2 3 19 30 35 38 57 70 3990
2 3 19 30 35 38 57 105 3990
2 3 19 30 35 38 60 84 7980
2 3 19 30 35 38 63 90 11970
2 3 19 30 35 38 65 91 51870
2 3 19 30 35 38 66 77 43890
2 3 19 30 35 39 57 91 51870
2 3 19 30 35 40 56 57 15960
2 3 19 30 35 40 56 76 15960
2 3 19 30 35 40 56 95 15960
2 3 19 30 35 42 57 70 3990
2 3 19 30 35 42 60 76 7980
2 3 19 30 35 45 57 63 11970
2 3 19 30 36 38 40 72 6840
2 3 19 30 36 38 45 60 3420
2 3 19 30 36 38 45 76 3420
2 3 19 30 36 38 60 90 3420
2 3 19 30 36 40 57 72 6840
2 3 19 30 36 45 57 60 3420
2 3 19 30 38 39 40 104 29640
2 3 19 30 38 39 45 117 22230
2 3 19 30 38 39 52 60 14820
2 3 19 30 38 39 57 65 7410
2 3 19 30 38 40 42 56 15960
2 3 19 30 38 40 44 88 25080
2 3 19 30 38 40 45 72 6840
2 3 19 30 38 40 48 80 4560
2 3 19 30 38 40 55 88 25080
2 3 19 30 38 40 56 70 15960
2 3 19 30 38 40 56 84 15960
2 3 19 30 38 42 45 63 11970
2 3 19 30 38 42 55 77 43890
2 3 19 30 38 42 57 70 3990
2 3 19 30 38 44 55 60 12540
2 3 19 30 38 44 60 66 12540
2 3 19 30 40 42 56 57 15960
2 3 19 31 32 38 62 96 56544
2 3 19 31 33 38 44 124 77748
2 3 19 31 33 38 62 66 38874
2 3 19 31 33 38 66 93 38874
2 3 19 31 33 44 62 76 77748
2 3 19 31 34 38 51 62 60078
2 3 19 31 34 38 51 93 60078
2 3 19 31 34 51 57 62 60078
2 3 19 32 33 38 44 96 20064
2 3 19 32 34 38 51 96 31008
2 3 19 33 34 38 44 68 42636
2 3 19 33 34 38 51 66 21318
2 3 19 33 34 38 55 85 106590
2 3 19 33 34 44 51 76 42636
2 3 19 33 34 44 57 68 42636
2 3 19 33 35 38 42 55 43890
2 3 19 33 35 38 42 110 43890
2 3 19 33 35 38 55 70 43890
2 3 19 33 35 38 55 77 43890
2 3 19 33 35 38 66 70 43890
2 3 19 33 35 42 55 57 43890
2 3 19 33 36 38 44 99 7524
2 3 19 33 38 39 44 52 32604
2 3 19 33 38 39 55 65 81510
2 3 19 33 38 42 44 84 17556
2 3 19 33 38 44 55 60 12540
2 3 19 33 39 44 52 57 32604
2 3 19 34 35 38 42 85 67830
2 3 19 34 35 38 51 70 67830
2 3 19 34 37 38 51 74 71706
2 3 19 34 38 39 52 68 50388
2 3 19 35 36 38 45 84 23940
2 3 19 35 36 38 60 63 23940
2 3 19 35 36 42 45 76 23940
2 3 19 35 38 39 42 65 51870
2 3 19 35 38 40 42 56 15960
2 3 19 35 38 40 56 57 15960
2 3 19 35 38 40 56 60 15960
2 3 19 35 38 42 45 63 11970
2 3 19 36 38 40 45 72 6840
2 3 19 36 38 44 45 55 37620
