2 7 8 9 10 12 35 72 2520
2 7 8 9 10 12 40 63 2520
2 7 8 9 10 12 40 126 2520
2 7 8 9 10 12 45 56 2520
2 7 8 9 10 12 56 90 2520
2 7 8 9 10 12 63 120 2520
2 7 8 9 10 12 70 72 2520
2 7 8 9 10 12 72 105 2520
2 7 8 9 10 12 120 126 2520
2 7 8 9 10 14 15 72 2520
2 7 8 9 10 14 18 40 2520
2 7 8 9 10 14 18 120 2520
2 7 8 9 10 14 20 72 2520
2 7 8 9 10 14 24 45 2520
2 7 8 9 10 14 24 90 2520
2 7 8 9 10 14 30 72 2520
2 7 8 9 10 14 35 72 2520
2 7 8 9 10 14 36 40 2520
2 7 8 9 10 14 36 120 2520
2 7 8 9 10 14 40 45 2520
2 7 8 9 10 14 40 63 2520
2 7 8 9 10 14 40 72 2520
2 7 8 9 10 14 40 90 2520
2 7 8 9 10 14 40 126 2520
2 7 8 9 10 14 45 56 2520
2 7 8 9 10 14 45 72 2520
2 7 8 9 10 14 45 120 2520
2 7 8 9 10 14 56 90 2520
2 7 8 9 10 14 60 72 2520
2 7 8 9 10 14 63 120 2520
2 7 8 9 10 14 70 72 2520
2 7 8 9 10 14 72 90 2520
2 7 8 9 10 14 72 105 2520
2 7 8 9 10 14 72 120 2520
2 7 8 9 10 14 90 120 2520
2 7 8 9 10 14 120 126 2520
2 7 8 9 10 15 18 56 2520
2 7 8 9 10 15 21 72 2520
2 7 8 9 10 15 24 63 2520
2 7 8 9 10 15 24 126 2520
2 7 8 9 10 15 28 72 2520
2 7 8 9 10 15 35 72 2520
2 7 8 9 10 15 36 56 2520
2 7 8 9 10 15 40 63 2520
2 7 8 9 10 15 40 126 2520
2 7 8 9 10 15 42 72 2520
2 7 8 9 10 15 45 56 2520
2 7 8 9 10 15 56 63 2520
2 7 8 9 10 15 56 72 2520
2 7 8 9 10 15 56 90 2520
2 7 8 9 10 15 56 126 2520
2 7 8 9 10 15 63 72 2520
2 7 8 9 10 15 63 120 2520
2 7 8 9 10 15 70 72 2520
2 7 8 9 10 15 72 84 2520
2 7 8 9 10 15 72 105 2520
2 7 8 9 10 15 72 126 2520
2 7 8 9 10 15 120 126 2520
2 7 8 9 10 16 45 112 5040
2 7 8 9 10 16 63 80 5040
2 7 8 9 10 16 80 126 5040
2 7 8 9 10 16 90 112 5040
2 7 8 9 10 18 20 56 2520
2 7 8 9 10 18 21 40 2520
2 7 8 9 10 18 21 120 2520
2 7 8 9 10 18 24 35 2520
2 7 8 9 10 18 24 70 2520
2 7 8 9 10 18 24 105 2520
2 7 8 9 10 18 28 40 2520
2 7 8 9 10 18 28 120 2520
2 7 8 9 10 18 30 56 2520
2 7 8 9 10 18 35 40 2520
2 7 8 9 10 18 35 56 2520
2 7 8 9 10 18 35 72 2520
2 7 8 9 10 18 35 120 2520
2 7 8 9 10 18 40 42 2520
2 7 8 9 10 18 40 56 2520
2 7 8 9 10 18 40 63 2520
2 7 8 9 10 18 40 70 2520
2 7 8 9 10 18 40 84 2520
2 7 8 9 10 18 40 105 2520
2 7 8 9 10 18 40 126 2520
2 7 8 9 10 18 42 120 2520
2 7 8 9 10 18 45 56 2520
2 7 8 9 10 18 56 60 2520
2 7 8 9 10 18 56 70 2520
2 7 8 9 10 18 56 90 2520
2 7 8 9 10 18 56 105 2520
2 7 8 9 10 18 56 120 2520
2 7 8 9 10 18 63 120 2520
2 7 8 9 10 18 70 72 2520
2 7 8 9 10 18 70 120 2520
2 7 8 9 10 18 72 105 2520
2 7 8 9 10 18 80 112 5040
2 7 8 9 10 18 84 120 2520
2 7 8 9 10 18 105 120 2520
2 7 8 9 10 18 120 126 2520
2 7 8 9 10 20 21 72 2520
2 7 8 9 10 20 24 63 2520
2 7 8 9 10 20 24 126 2520
2 7 8 9 10 20 28 72 2520
2 7 8 9 10 20 35 72 2520
2 7 8 9 10 20 36 56 2520
2 7 8 9 10 20 40 63 2520
2 7 8 9 10 20 40 126 2520
2 7 8 9 10 20 42 72 2520
2 7 8 9 10 20 45 56 2520
2 7 8 9 10 20 56 63 2520
2 7 8 9 10 20 56 72 2520
2 7 8 9 10 20 56 90 2520
2 7 8 9 10 20 56 126 2520
2 7 8 9 10 20 63 72 2520
2 7 8 9 10 20 63 120 2520
2 7 8 9 10 20 70 72 2520
2 7 8 9 10 20 72 84 2520
2 7 8 9 10 20 72 105 2520
2 7 8 9 10 20 72 126 2520
2 7 8 9 10 20 120 126 2520
2 7 8 9 10 21 24 45 2520
2 7 8 9 10 21 24 90 2520
2 7 8 9 10 21 30 72 2520
2 7 8 9 10 21 35 72 2520
2 7 8 9 10 21 36 40 2520
2 7 8 9 10 21 36 120 2520
2 7 8 9 10 21 40 45 2520
2 7 8 9 10 21 40 63 2520
2 7 8 9 10 21 40 72 2520
2 7 8 9 10 21 40 90 2520
2 7 8 9 10 21 40 126 2520
2 7 8 9 10 21 45 56 2520
2 7 8 9 10 21 45 72 2520
2 7 8 9 10 21 45 120 2520
2 7 8 9 10 21 56 90 2520
2 7 8 9 10 21 60 72 2520
2 7 8 9 10 21 63 120 2520
2 7 8 9 10 21 70 72 2520
2 7 8 9 10 21 72 90 2520
2 7 8 9 10 21 72 105 2520
2 7 8 9 10 21 72 120 2520
2 7 8 9 10 21 90 120 2520
2 7 8 9 10 21 120 126 2520
2 7 8 9 10 24 28 45 2520
2 7 8 9 10 24 28 90 2520
2 7 8 9 10 24 30 63 2520
2 7 8 9 10 24 30 126 2520
2 7 8 9 10 24 35 36 2520
2 7 8 9 10 24 35 45 2520
2 7 8 9 10 24 35 63 2520
2 7 8 9 10 24 35 72 2520
2 7 8 9 10 24 35 90 2520
2 7 8 9 10 24 35 126 2520
2 7 8 9 10 24 36 70 2520
2 7 8 9 10 24 36 105 2520
2 7 8 9 10 24 40 63 2520
2 7 8 9 10 24 40 126 2520
2 7 8 9 10 24 42 45 2520
2 7 8 9 10 24 42 90 2520
2 7 8 9 10 24 45 56 2520
2 7 8 9 10 24 45 63 2520
2 7 8 9 10 24 45 70 2520
2 7 8 9 10 24 45 84 2520
2 7 8 9 10 24 45 105 2520
2 7 8 9 10 24 45 126 2520
2 7 8 9 10 24 56 90 2520
2 7 8 9 10 24 60 63 2520
2 7 8 9 10 24 60 126 2520
2 7 8 9 10 24 63 70 2520
2 7 8 9 10 24 63 90 2520
2 7 8 9 10 24 63 105 2520
2 7 8 9 10 24 63 120 2520
2 7 8 9 10 24 70 72 2520
2 7 8 9 10 24 70 90 2520
2 7 8 9 10 24 70 126 2520
2 7 8 9 10 24 72 105 2520
2 7 8 9 10 24 84 90 2520
2 7 8 9 10 24 90 105 2520
2 7 8 9 10 24 90 126 2520
2 7 8 9 10 24 105 126 2520
2 7 8 9 10 24 120 126 2520
2 7 8 9 10 28 30 72 2520
2 7 8 9 10 28 35 72 2520
2 7 8 9 10 28 36 40 2520
2 7 8 9 10 28 36 120 2520
2 7 8 9 10 28 40 45 2520
2 7 8 9 10 28 40 63 2520
2 7 8 9 10 28 40 72 2520
2 7 8 9 10 28 40 90 2520
2 7 8 9 10 28 40 126 2520
2 7 8 9 10 28 45 56 2520
2 7 8 9 10 28 45 72 2520
2 7 8 9 10 28 45 120 2520
2 7 8 9 10 28 56 90 2520
2 7 8 9 10 28 60 72 2520
2 7 8 9 10 28 63 120 2520
2 7 8 9 10 28 70 72 2520
2 7 8 9 10 28 72 90 2520
2 7 8 9 10 28 72 105 2520
2 7 8 9 10 28 72 120 2520
2 7 8 9 10 28 90 120 2520
2 7 8 9 10 28 120 126 2520
2 7 8 9 10 30 35 72 2520
2 7 8 9 10 30 36 56 2520
2 7 8 9 10 30 40 63 2520
2 7 8 9 10 30 40 126 2520
2 7 8 9 10 30 42 72 2520
2 7 8 9 10 30 45 56 2520
2 7 8 9 10 30 56 63 2520
2 7 8 9 10 30 56 72 2520
2 7 8 9 10 30 56 90 2520
2 7 8 9 10 30 56 126 2520
2 7 8 9 10 30 63 72 2520
2 7 8 9 10 30 63 120 2520
2 7 8 9 10 30 70 72 2520
2 7 8 9 10 30 72 84 2520
2 7 8 9 10 30 72 105 2520
2 7 8 9 10 30 72 126 2520
2 7 8 9 10 30 120 126 2520
2 7 8 9 10 35 36 40 2520
2 7 8 9 10 35 36 56 2520
2 7 8 9 10 35 36 72 2520
2 7 8 9 10 35 36 120 2520
2 7 8 9 10 35 40 45 2520
2 7 8 9 10 35 40 63 2520
2 7 8 9 10 35 40 72 2520
2 7 8 9 10 35 40 90 2520
2 7 8 9 10 35 40 126 2520
2 7 8 9 10 35 42 72 2520
2 7 8 9 10 35 45 56 2520
2 7 8 9 10 35 45 72 2520
2 7 8 9 10 35 45 120 2520
2 7 8 9 10 35 56 63 2520
2 7 8 9 10 35 56 72 2520
2 7 8 9 10 35 56 90 2520
2 7 8 9 10 35 56 126 2520
2 7 8 9 10 35 60 72 2520
2 7 8 9 10 35 63 72 2520
2 7 8 9 10 35 63 120 2520
2 7 8 9 10 35 70 72 2520
2 7 8 9 10 35 72 84 2520
2 7 8 9 10 35 72 90 2520
2 7 8 9 10 35 72 105 2520
2 7 8 9 10 35 72 120 2520
2 7 8 9 10 35 72 126 2520
2 7 8 9 10 35 88 99 27720
2 7 8 9 10 35 90 120 2520
2 7 8 9 10 35 104 117 32760
2 7 8 9 10 35 120 126 2520
2 7 8 9 10 36 40 42 2520
2 7 8 9 10 36 40 56 2520
2 7 8 9 10 36 40 63 2520
2 7 8 9 10 36 40 70 2520
2 7 8 9 10 36 40 84 2520
2 7 8 9 10 36 40 105 2520
2 7 8 9 10 36 40 126 2520
2 7 8 9 10 36 42 120 2520
2 7 8 9 10 36 45 56 2520
2 7 8 9 10 36 56 60 2520
2 7 8 9 10 36 56 70 2520
2 7 8 9 10 36 56 90 2520
2 7 8 9 10 36 56 105 2520
2 7 8 9 10 36 56 120 2520
2 7 8 9 10 36 63 120 2520
2 7 8 9 10 36 70 72 2520
2 7 8 9 10 36 70 120 2520
2 7 8 9 10 36 72 105 2520
2 7 8 9 10 36 80 112 5040
2 7 8 9 10 36 84 120 2520
2 7 8 9 10 36 105 120 2520
2 7 8 9 10 36 120 126 2520
2 7 8 9 10 40 42 45 2520
2 7 8 9 10 40 42 63 2520
2 7 8 9 10 40 42 72 2520
2 7 8 9 10 40 42 90 2520
2 7 8 9 10 40 42 126 2520
2 7 8 9 10 40 45 56 2520
2 7 8 9 10 40 45 63 2520
2 7 8 9 10 40 45 70 2520
2 7 8 9 10 40 45 84 2520
2 7 8 9 10 40 45 105 2520
2 7 8 9 10 40 45 126 2520
2 7 8 9 10 40 56 63 2520
2 7 8 9 10 40 56 72 2520
2 7 8 9 10 40 56 90 2520
2 7 8 9 10 40 56 126 2520
2 7 8 9 10 40 60 63 2520
2 7 8 9 10 40 60 126 2520
2 7 8 9 10 40 63 70 2520
2 7 8 9 10 40 63 72 2520
2 7 8 9 10 40 63 84 2520
2 7 8 9 10 40 63 90 2520
2 7 8 9 10 40 63 105 2520
2 7 8 9 10 40 63 120 2520
2 7 8 9 10 40 63 126 2520
2 7 8 9 10 40 70 72 2520
2 7 8 9 10 40 70 90 2520
2 7 8 9 10 40 70 126 2520
2 7 8 9 10 40 72 84 2520
2 7 8 9 10 40 72 105 2520
2 7 8 9 10 40 72 126 2520
2 7 8 9 10 40 77 99 27720
2 7 8 9 10 40 84 90 2520
2 7 8 9 10 40 84 126 2520
2 7 8 9 10 40 90 105 2520
2 7 8 9 10 40 90 126 2520
2 7 8 9 10 40 91 117 32760
2 7 8 9 10 40 105 126 2520
2 7 8 9 10 40 120 126 2520
2 7 8 9 10 42 45 56 2520
2 7 8 9 10 42 45 72 2520
2 7 8 9 10 42 45 120 2520
2 7 8 9 10 42 56 90 2520
2 7 8 9 10 42 60 72 2520
2 7 8 9 10 42 63 120 2520
2 7 8 9 10 42 70 72 2520
2 7 8 9 10 42 72 90 2520
2 7 8 9 10 42 72 105 2520
2 7 8 9 10 42 72 120 2520
2 7 8 9 10 42 90 120 2520
2 7 8 9 10 42 120 126 2520
2 7 8 9 10 45 48 112 5040
2 7 8 9 10 45 56 60 2520
2 7 8 9 10 45 56 63 2520
2 7 8 9 10 45 56 70 2520
2 7 8 9 10 45 56 72 2520
2 7 8 9 10 45 56 84 2520
2 7 8 9 10 45 56 90 2520
2 7 8 9 10 45 56 105 2520
2 7 8 9 10 45 56 120 2520
2 7 8 9 10 45 56 126 2520
2 7 8 9 10 45 63 72 2520
2 7 8 9 10 45 63 120 2520
2 7 8 9 10 45 70 72 2520
2 7 8 9 10 45 70 120 2520
2 7 8 9 10 45 72 84 2520
2 7 8 9 10 45 72 105 2520
2 7 8 9 10 45 72 126 2520
2 7 8 9 10 45 77 88 27720
2 7 8 9 10 45 80 112 5040
2 7 8 9 10 45 84 120 2520
2 7 8 9 10 45 91 104 32760
2 7 8 9 10 45 105 120 2520
2 7 8 9 10 45 120 126 2520
2 7 8 9 10 48 63 80 5040
2 7 8 9 10 48 80 126 5040
2 7 8 9 10 48 90 112 5040
2 7 8 9 10 55 56 99 27720
2 7 8 9 10 55 63 88 27720
2 7 8 9 10 55 72 77 27720
2 7 8 9 10 55 88 126 27720
2 7 8 9 10 56 60 63 2520
2 7 8 9 10 56 60 72 2520
2 7 8 9 10 56 60 90 2520
2 7 8 9 10 56 60 126 2520
2 7 8 9 10 56 63 70 2520
2 7 8 9 10 56 63 90 2520
2 7 8 9 10 56 63 105 2520
2 7 8 9 10 56 63 120 2520
2 7 8 9 10 56 65 117 32760
2 7 8 9 10 56 70 72 2520
2 7 8 9 10 56 70 90 2520
2 7 8 9 10 56 70 126 2520
2 7 8 9 10 56 72 90 2520
2 7 8 9 10 56 72 105 2520
2 7 8 9 10 56 72 120 2520
2 7 8 9 10 56 84 90 2520
2 7 8 9 10 56 90 105 2520
2 7 8 9 10 56 90 120 2520
2 7 8 9 10 56 90 126 2520
2 7 8 9 10 56 99 110 27720
2 7 8 9 10 56 105 126 2520
2 7 8 9 10 56 120 126 2520
2 7 8 9 10 60 63 72 2520
2 7 8 9 10 60 63 120 2520
2 7 8 9 10 60 70 72 2520
2 7 8 9 10 60 72 84 2520
2 7 8 9 10 60 72 105 2520
2 7 8 9 10 60 72 126 2520
2 7 8 9 10 60 120 126 2520
2 7 8 9 10 63 65 104 32760
2 7 8 9 10 63 70 72 2520
2 7 8 9 10 63 70 120 2520
2 7 8 9 10 63 72 90 2520
2 7 8 9 10 63 72 105 2520
2 7 8 9 10 63 72 120 2520
2 7 8 9 10 63 80 112 5040
2 7 8 9 10 63 84 120 2520
2 7 8 9 10 63 88 110 27720
2 7 8 9 10 63 90 120 2520
2 7 8 9 10 63 105 120 2520
2 7 8 9 10 63 120 126 2520
2 7 8 9 10 65 72 91 32760
2 7 8 9 10 65 104 126 32760
2 7 8 9 10 70 72 84 2520
2 7 8 9 10 70 72 90 2520
2 7 8 9 10 70 72 105 2520
2 7 8 9 10 70 72 120 2520
2 7 8 9 10 70 72 126 2520
2 7 8 9 10 70 88 99 27720
2 7 8 9 10 70 90 120 2520
2 7 8 9 10 70 104 117 32760
2 7 8 9 10 70 120 126 2520
2 7 8 9 10 72 77 110 27720
2 7 8 9 10 72 80 112 5040
2 7 8 9 10 72 84 90 2520
2 7 8 9 10 72 84 105 2520
2 7 8 9 10 72 84 120 2520
2 7 8 9 10 72 85 119 42840
2 7 8 9 10 72 90 105 2520
2 7 8 9 10 72 90 126 2520
2 7 8 9 10 72 105 120 2520
2 7 8 9 10 72 105 126 2520
2 7 8 9 10 72 120 126 2520
2 7 8 9 10 77 88 90 27720
2 7 8 9 10 77 99 120 27720
2 7 8 9 10 80 90 112 5040
2 7 8 9 10 80 112 126 5040
2 7 8 9 10 84 90 120 2520
2 7 8 9 10 84 120 126 2520
2 7 8 9 10 88 99 105 27720
2 7 8 9 10 88 110 126 27720
2 7 8 9 10 90 91 104 32760
2 7 8 9 10 90 105 120 2520
2 7 8 9 10 90 120 126 2520
2 7 8 9 10 91 117 120 32760
2 7 8 9 10 104 105 117 32760
2 7 8 9 10 105 120 126 2520
2 7 8 9 11 12 56 99 5544
2 7 8 9 11 12 63 88 5544
2 7 8 9 11 12 72 77 5544
2 7 8 9 11 12 88 126 5544
2 7 8 9 11 14 18 88 5544
2 7 8 9 11 14 22 72 5544
2 7 8 9 11 14 24 99 5544
2 7 8 9 11 14 33 72 5544
2 7 8 9 11 14 36 88 5544
2 7 8 9 11 14 44 72 5544
2 7 8 9 11 14 56 99 5544
2 7 8 9 11 14 63 88 5544
2 7 8 9 11 14 66 72 5544
2 7 8 9 11 14 72 77 5544
2 7 8 9 11 14 72 88 5544
2 7 8 9 11 14 72 99 5544
2 7 8 9 11 14 88 99 5544
2 7 8 9 11 14 88 126 5544
2 7 8 9 11 16 99 112 11088
2 7 8 9 11 18 21 88 5544
2 7 8 9 11 18 22 56 5544
2 7 8 9 11 18 24 77 5544
2 7 8 9 11 18 28 88 5544
2 7 8 9 11 18 33 56 5544
2 7 8 9 11 18 42 88 5544
2 7 8 9 11 18 44 56 5544
2 7 8 9 11 18 56 66 5544
2 7 8 9 11 18 56 77 5544
2 7 8 9 11 18 56 88 5544
2 7 8 9 11 18 56 99 5544
2 7 8 9 11 18 63 88 5544
2 7 8 9 11 18 72 77 5544
2 7 8 9 11 18 77 88 5544
2 7 8 9 11 18 84 88 5544
2 7 8 9 11 18 88 126 5544
2 7 8 9 11 21 22 72 5544
2 7 8 9 11 21 24 99 5544
2 7 8 9 11 21 33 72 5544
2 7 8 9 11 21 36 88 5544
2 7 8 9 11 21 44 72 5544
2 7 8 9 11 21 56 99 5544
2 7 8 9 11 21 63 88 5544
2 7 8 9 11 21 66 72 5544
2 7 8 9 11 21 72 77 5544
2 7 8 9 11 21 72 88 5544
2 7 8 9 11 21 72 99 5544
2 7 8 9 11 21 88 99 5544
2 7 8 9 11 21 88 126 5544
2 7 8 9 11 22 24 63 5544
2 7 8 9 11 22 24 126 5544
2 7 8 9 11 22 28 72 5544
2 7 8 9 11 22 36 56 5544
2 7 8 9 11 22 42 72 5544
2 7 8 9 11 22 56 63 5544
2 7 8 9 11 22 56 72 5544
2 7 8 9 11 22 56 99 5544
2 7 8 9 11 22 56 126 5544
2 7 8 9 11 22 63 72 5544
2 7 8 9 11 22 63 88 5544
2 7 8 9 11 22 72 77 5544
2 7 8 9 11 22 72 84 5544
2 7 8 9 11 22 72 126 5544
2 7 8 9 11 22 88 126 5544
2 7 8 9 11 24 28 99 5544
2 7 8 9 11 24 33 63 5544
2 7 8 9 11 24 33 126 5544
2 7 8 9 11 24 36 77 5544
2 7 8 9 11 24 42 99 5544
2 7 8 9 11 24 44 63 5544
2 7 8 9 11 24 44 126 5544
2 7 8 9 11 24 56 99 5544
2 7 8 9 11 24 63 66 5544
2 7 8 9 11 24 63 77 5544
2 7 8 9 11 24 63 88 5544
2 7 8 9 11 24 63 99 5544
2 7 8 9 11 24 66 126 5544
2 7 8 9 11 24 72 77 5544
2 7 8 9 11 24 77 99 5544
2 7 8 9 11 24 77 126 5544
2 7 8 9 11 24 84 99 5544
2 7 8 9 11 24 88 126 5544
2 7 8 9 11 24 99 126 5544
2 7 8 9 11 28 33 72 5544
2 7 8 9 11 28 36 88 5544
2 7 8 9 11 28 44 72 5544
2 7 8 9 11 28 56 99 5544
2 7 8 9 11 28 63 88 5544
2 7 8 9 11 28 66 72 5544
2 7 8 9 11 28 72 77 5544
2 7 8 9 11 28 72 88 5544
2 7 8 9 11 28 72 99 5544
2 7 8 9 11 28 88 99 5544
2 7 8 9 11 28 88 126 5544
2 7 8 9 11 33 36 56 5544
2 7 8 9 11 33 42 72 5544
2 7 8 9 11 33 56 63 5544
2 7 8 9 11 33 56 72 5544
2 7 8 9 11 33 56 99 5544
2 7 8 9 11 33 56 126 5544
2 7 8 9 11 33 63 72 5544
2 7 8 9 11 33 63 88 5544
2 7 8 9 11 33 72 77 5544
2 7 8 9 11 33 72 84 5544
2 7 8 9 11 33 72 126 5544
2 7 8 9 11 33 88 126 5544
2 7 8 9 11 35 40 99 27720
2 7 8 9 11 35 45 88 27720
2 7 8 9 11 35 55 72 27720
2 7 8 9 11 35 72 110 27720
2 7 8 9 11 35 88 90 27720
2 7 8 9 11 35 99 120 27720
2 7 8 9 11 36 42 88 5544
2 7 8 9 11 36 44 56 5544
2 7 8 9 11 36 56 66 5544
2 7 8 9 11 36 56 77 5544
2 7 8 9 11 36 56 88 5544
2 7 8 9 11 36 56 99 5544
2 7 8 9 11 36 63 88 5544
2 7 8 9 11 36 72 77 5544
2 7 8 9 11 36 77 88 5544
2 7 8 9 11 36 84 88 5544
2 7 8 9 11 36 88 126 5544
2 7 8 9 11 40 45 77 27720
2 7 8 9 11 40 55 63 27720
2 7 8 9 11 40 55 126 27720
2 7 8 9 11 40 63 110 27720
2 7 8 9 11 40 70 99 27720
2 7 8 9 11 40 77 90 27720
2 7 8 9 11 40 99 105 27720
2 7 8 9 11 40 110 126 27720
2 7 8 9 11 42 44 72 5544
2 7 8 9 11 42 56 99 5544
2 7 8 9 11 42 63 88 5544
2 7 8 9 11 42 66 72 5544
2 7 8 9 11 42 72 77 5544
2 7 8 9 11 42 72 88 5544
2 7 8 9 11 42 72 99 5544
2 7 8 9 11 42 88 99 5544
2 7 8 9 11 42 88 126 5544
2 7 8 9 11 44 56 63 5544
2 7 8 9 11 44 56 72 5544
2 7 8 9 11 44 56 99 5544
2 7 8 9 11 44 56 126 5544
2 7 8 9 11 44 63 72 5544
2 7 8 9 11 44 63 88 5544
2 7 8 9 11 44 72 77 5544
2 7 8 9 11 44 72 84 5544
2 7 8 9 11 44 72 126 5544
2 7 8 9 11 44 88 126 5544
2 7 8 9 11 45 55 56 27720
2 7 8 9 11 45 56 110 27720
2 7 8 9 11 45 70 88 27720
2 7 8 9 11 45 77 120 27720
2 7 8 9 11 45 88 105 27720
2 7 8 9 11 48 99 112 11088
2 7 8 9 11 55 56 90 27720
2 7 8 9 11 55 63 120 27720
2 7 8 9 11 55 70 72 27720
2 7 8 9 11 55 72 105 27720
2 7 8 9 11 55 120 126 27720
2 7 8 9 11 56 63 66 5544
2 7 8 9 11 56 63 77 5544
2 7 8 9 11 56 63 88 5544
2 7 8 9 11 56 63 99 5544
2 7 8 9 11 56 66 72 5544
2 7 8 9 11 56 66 99 5544
2 7 8 9 11 56 66 126 5544
2 7 8 9 11 56 72 77 5544
2 7 8 9 11 56 72 88 5544
2 7 8 9 11 56 72 99 5544
2 7 8 9 11 56 77 99 5544
2 7 8 9 11 56 77 126 5544
2 7 8 9 11 56 84 99 5544
2 7 8 9 11 56 88 99 5544
2 7 8 9 11 56 88 126 5544
2 7 8 9 11 56 90 110 27720
2 7 8 9 11 56 99 126 5544
2 7 8 9 11 63 66 72 5544
2 7 8 9 11 63 66 88 5544
2 7 8 9 11 63 72 77 5544
2 7 8 9 11 63 72 88 5544
2 7 8 9 11 63 72 99 5544
2 7 8 9 11 63 77 88 5544
2 7 8 9 11 63 84 88 5544
2 7 8 9 11 63 88 99 5544
2 7 8 9 11 63 88 126 5544
2 7 8 9 11 63 110 120 27720
2 7 8 9 11 66 72 77 5544
2 7 8 9 11 66 72 84 5544
2 7 8 9 11 66 72 126 5544
2 7 8 9 11 66 88 126 5544
2 7 8 9 11 70 72 110 27720
2 7 8 9 11 70 88 90 27720
2 7 8 9 11 70 99 120 27720
2 7 8 9 11 72 77 84 5544
2 7 8 9 11 72 77 88 5544
2 7 8 9 11 72 77 99 5544
2 7 8 9 11 72 77 126 5544
2 7 8 9 11 72 84 88 5544
2 7 8 9 11 72 84 99 5544
2 7 8 9 11 72 88 126 5544
2 7 8 9 11 72 99 126 5544
2 7 8 9 11 72 105 110 27720
2 7 8 9 11 77 88 99 5544
2 7 8 9 11 77 88 126 5544
2 7 8 9 11 77 90 120 27720
2 7 8 9 11 77 104 117 72072
2 7 8 9 11 84 88 99 5544
2 7 8 9 11 84 88 126 5544
2 7 8 9 11 88 90 105 27720
2 7 8 9 11 88 91 117 72072
2 7 8 9 11 91 99 104 72072
2 7 8 9 12 13 56 117 6552
2 7 8 9 12 13 63 104 6552
2 7 8 9 12 13 72 91 6552
2 7 8 9 12 13 104 126 6552
2 7 8 9 12 14 18 24 504
2 7 8 9 12 14 18 56 504
2 7 8 9 12 14 18 72 504
2 7 8 9 12 14 21 72 504
2 7 8 9 12 14 24 36 504
2 7 8 9 12 14 24 63 504
2 7 8 9 12 14 24 72 504
2 7 8 9 12 14 24 126 504
2 7 8 9 12 14 28 72 504
2 7 8 9 12 14 36 56 504
2 7 8 9 12 14 36 72 504
2 7 8 9 12 14 40 45 2520
2 7 8 9 12 14 40 90 2520
2 7 8 9 12 14 42 72 504
2 7 8 9 12 14 45 120 2520
2 7 8 9 12 14 56 63 504
2 7 8 9 12 14 56 72 504
2 7 8 9 12 14 56 126 504
2 7 8 9 12 14 63 72 504
2 7 8 9 12 14 72 84 504
2 7 8 9 12 14 72 126 504
2 7 8 9 12 14 88 99 5544
2 7 8 9 12 14 90 120 2520
2 7 8 9 12 14 104 117 6552
2 7 8 9 12 15 35 72 2520
2 7 8 9 12 15 40 63 2520
2 7 8 9 12 15 40 126 2520
2 7 8 9 12 15 45 56 2520
2 7 8 9 12 15 56 90 2520
2 7 8 9 12 15 63 120 2520
2 7 8 9 12 15 70 72 2520
2 7 8 9 12 15 72 105 2520
2 7 8 9 12 15 120 126 2520
2 7 8 9 12 16 18 112 1008
2 7 8 9 12 16 36 112 1008
2 7 8 9 12 16 48 63 1008
2 7 8 9 12 16 48 126 1008
2 7 8 9 12 16 63 112 1008
2 7 8 9 12 16 72 112 1008
2 7 8 9 12 16 112 126 1008
2 7 8 9 12 17 72 119 8568
2 7 8 9 12 18 21 24 504
2 7 8 9 12 18 21 56 504
2 7 8 9 12 18 21 72 504
2 7 8 9 12 18 24 28 504
2 7 8 9 12 18 24 42 504
2 7 8 9 12 18 24 56 504
2 7 8 9 12 18 24 63 504
2 7 8 9 12 18 24 84 504
2 7 8 9 12 18 24 126 504
2 7 8 9 12 18 28 56 504
2 7 8 9 12 18 28 72 504
2 7 8 9 12 18 35 40 2520
2 7 8 9 12 18 35 120 2520
2 7 8 9 12 18 36 56 504
2 7 8 9 12 18 40 70 2520
2 7 8 9 12 18 40 105 2520
2 7 8 9 12 18 42 56 504
2 7 8 9 12 18 42 72 504
2 7 8 9 12 18 48 112 1008
2 7 8 9 12 18 56 63 504
2 7 8 9 12 18 56 72 504
2 7 8 9 12 18 56 84 504
2 7 8 9 12 18 56 126 504
2 7 8 9 12 18 63 72 504
2 7 8 9 12 18 70 120 2520
2 7 8 9 12 18 72 84 504
2 7 8 9 12 18 72 126 504
2 7 8 9 12 18 77 88 5544
2 7 8 9 12 18 91 104 6552
2 7 8 9 12 18 105 120 2520
2 7 8 9 12 20 35 72 2520
2 7 8 9 12 20 40 63 2520
2 7 8 9 12 20 40 126 2520
2 7 8 9 12 20 45 56 2520
2 7 8 9 12 20 56 90 2520
2 7 8 9 12 20 63 120 2520
2 7 8 9 12 20 70 72 2520
2 7 8 9 12 20 72 105 2520
2 7 8 9 12 20 120 126 2520
2 7 8 9 12 21 24 36 504
2 7 8 9 12 21 24 63 504
2 7 8 9 12 21 24 72 504
2 7 8 9 12 21 24 126 504
2 7 8 9 12 21 28 72 504
2 7 8 9 12 21 36 56 504
2 7 8 9 12 21 36 72 504
2 7 8 9 12 21 40 45 2520
2 7 8 9 12 21 40 90 2520
2 7 8 9 12 21 42 72 504
2 7 8 9 12 21 45 120 2520
2 7 8 9 12 21 56 63 504
2 7 8 9 12 21 56 72 504
2 7 8 9 12 21 56 126 504
2 7 8 9 12 21 63 72 504
2 7 8 9 12 21 72 84 504
2 7 8 9 12 21 72 126 504
2 7 8 9 12 21 88 99 5544
2 7 8 9 12 21 90 120 2520
2 7 8 9 12 21 104 117 6552
2 7 8 9 12 22 56 99 5544
2 7 8 9 12 22 63 88 5544
2 7 8 9 12 22 72 77 5544
2 7 8 9 12 22 88 126 5544
2 7 8 9 12 24 28 36 504
2 7 8 9 12 24 28 63 504
2 7 8 9 12 24 28 72 504
2 7 8 9 12 24 28 126 504
2 7 8 9 12 24 35 45 2520
2 7 8 9 12 24 35 90 2520
2 7 8 9 12 24 36 42 504
2 7 8 9 12 24 36 56 504
2 7 8 9 12 24 36 63 504
2 7 8 9 12 24 36 84 504
2 7 8 9 12 24 36 126 504
2 7 8 9 12 24 42 63 504
2 7 8 9 12 24 42 72 504
2 7 8 9 12 24 42 126 504
2 7 8 9 12 24 45 70 2520
2 7 8 9 12 24 45 105 2520
2 7 8 9 12 24 56 63 504
2 7 8 9 12 24 56 72 504
2 7 8 9 12 24 56 126 504
2 7 8 9 12 24 63 72 504
2 7 8 9 12 24 63 84 504
2 7 8 9 12 24 63 126 504
2 7 8 9 12 24 70 90 2520
2 7 8 9 12 24 72 84 504
2 7 8 9 12 24 72 126 504
2 7 8 9 12 24 77 99 5544
2 7 8 9 12 24 84 126 504
2 7 8 9 12 24 90 105 2520
2 7 8 9 12 24 91 117 6552
2 7 8 9 12 26 56 117 6552
2 7 8 9 12 26 63 104 6552
2 7 8 9 12 26 72 91 6552
2 7 8 9 12 26 104 126 6552
2 7 8 9 12 27 54 56 1512
2 7 8 9 12 27 56 108 1512
2 7 8 9 12 28 36 56 504
2 7 8 9 12 28 36 72 504
2 7 8 9 12 28 40 45 2520
2 7 8 9 12 28 40 90 2520
2 7 8 9 12 28 42 72 504
2 7 8 9 12 28 45 120 2520
2 7 8 9 12 28 56 63 504
2 7 8 9 12 28 56 72 504
2 7 8 9 12 28 56 126 504
2 7 8 9 12 28 63 72 504
2 7 8 9 12 28 72 84 504
2 7 8 9 12 28 72 126 504
2 7 8 9 12 28 88 99 5544
2 7 8 9 12 28 90 120 2520
2 7 8 9 12 28 104 117 6552
2 7 8 9 12 30 35 72 2520
2 7 8 9 12 30 40 63 2520
2 7 8 9 12 30 40 126 2520
2 7 8 9 12 30 45 56 2520
2 7 8 9 12 30 56 90 2520
2 7 8 9 12 30 63 120 2520
2 7 8 9 12 30 70 72 2520
2 7 8 9 12 30 72 105 2520
2 7 8 9 12 30 120 126 2520
2 7 8 9 12 32 63 96 2016
2 7 8 9 12 32 96 126 2016
2 7 8 9 12 33 56 99 5544
2 7 8 9 12 33 63 88 5544
2 7 8 9 12 33 72 77 5544
2 7 8 9 12 33 88 126 5544
2 7 8 9 12 34 72 119 8568
2 7 8 9 12 35 36 40 2520
2 7 8 9 12 35 36 120 2520
2 7 8 9 12 35 40 45 2520
2 7 8 9 12 35 40 63 2520
2 7 8 9 12 35 40 72 2520
2 7 8 9 12 35 40 90 2520
2 7 8 9 12 35 40 126 2520
2 7 8 9 12 35 45 56 2520
2 7 8 9 12 35 45 72 2520
2 7 8 9 12 35 45 120 2520
2 7 8 9 12 35 56 90 2520
2 7 8 9 12 35 60 72 2520
2 7 8 9 12 35 63 120 2520
2 7 8 9 12 35 70 72 2520
2 7 8 9 12 35 72 90 2520
2 7 8 9 12 35 72 105 2520
2 7 8 9 12 35 72 120 2520
2 7 8 9 12 35 90 120 2520
2 7 8 9 12 35 120 126 2520
2 7 8 9 12 36 40 70 2520
2 7 8 9 12 36 40 105 2520
2 7 8 9 12 36 42 56 504
2 7 8 9 12 36 42 72 504
2 7 8 9 12 36 48 112 1008
2 7 8 9 12 36 56 63 504
2 7 8 9 12 36 56 72 504
2 7 8 9 12 36 56 84 504
2 7 8 9 12 36 56 126 504
2 7 8 9 12 36 63 72 504
2 7 8 9 12 36 70 120 2520
2 7 8 9 12 36 72 84 504
2 7 8 9 12 36 72 126 504
2 7 8 9 12 36 77 88 5544
2 7 8 9 12 36 91 104 6552
2 7 8 9 12 36 105 120 2520
2 7 8 9 12 39 56 117 6552
2 7 8 9 12 39 63 104 6552
2 7 8 9 12 39 72 91 6552
2 7 8 9 12 39 104 126 6552
2 7 8 9 12 40 42 45 2520
2 7 8 9 12 40 42 90 2520
2 7 8 9 12 40 45 56 2520
2 7 8 9 12 40 45 63 2520
2 7 8 9 12 40 45 70 2520
2 7 8 9 12 40 45 84 2520
2 7 8 9 12 40 45 105 2520
2 7 8 9 12 40 45 126 2520
2 7 8 9 12 40 56 90 2520
2 7 8 9 12 40 60 63 2520
2 7 8 9 12 40 60 126 2520
2 7 8 9 12 40 63 70 2520
2 7 8 9 12 40 63 90 2520
2 7 8 9 12 40 63 105 2520
2 7 8 9 12 40 63 120 2520
2 7 8 9 12 40 70 72 2520
2 7 8 9 12 40 70 90 2520
2 7 8 9 12 40 70 126 2520
2 7 8 9 12 40 72 105 2520
2 7 8 9 12 40 84 90 2520
2 7 8 9 12 40 90 105 2520
2 7 8 9 12 40 90 126 2520
2 7 8 9 12 40 105 126 2520
2 7 8 9 12 40 120 126 2520
2 7 8 9 12 42 45 120 2520
2 7 8 9 12 42 56 63 504
2 7 8 9 12 42 56 72 504
2 7 8 9 12 42 56 126 504
2 7 8 9 12 42 63 72 504
2 7 8 9 12 42 72 84 504
2 7 8 9 12 42 72 126 504
2 7 8 9 12 42 88 99 5544
2 7 8 9 12 42 90 120 2520
2 7 8 9 12 42 104 117 6552
2 7 8 9 12 44 56 99 5544
2 7 8 9 12 44 63 88 5544
2 7 8 9 12 44 72 77 5544
2 7 8 9 12 44 88 126 5544
2 7 8 9 12 45 56 60 2520
2 7 8 9 12 45 56 70 2520
2 7 8 9 12 45 56 90 2520
2 7 8 9 12 45 56 105 2520
2 7 8 9 12 45 56 120 2520
2 7 8 9 12 45 63 120 2520
2 7 8 9 12 45 70 72 2520
2 7 8 9 12 45 70 120 2520
2 7 8 9 12 45 72 105 2520
2 7 8 9 12 45 80 112 5040
2 7 8 9 12 45 84 120 2520
2 7 8 9 12 45 105 120 2520
2 7 8 9 12 45 120 126 2520
2 7 8 9 12 48 63 112 1008
2 7 8 9 12 48 72 112 1008
2 7 8 9 12 49 72 98 3528
2 7 8 9 12 51 72 119 8568
2 7 8 9 12 52 56 117 6552
2 7 8 9 12 52 63 104 6552
2 7 8 9 12 52 72 91 6552
2 7 8 9 12 54 56 108 1512
2 7 8 9 12 56 60 90 2520
2 7 8 9 12 56 63 72 504
2 7 8 9 12 56 63 84 504
2 7 8 9 12 56 63 126 504
2 7 8 9 12 56 66 99 5544
2 7 8 9 12 56 70 90 2520
2 7 8 9 12 56 72 84 504
2 7 8 9 12 56 72 126 504
2 7 8 9 12 56 77 99 5544
2 7 8 9 12 56 78 117 6552
2 7 8 9 12 56 88 99 5544
2 7 8 9 12 56 90 105 2520
2 7 8 9 12 60 63 120 2520
2 7 8 9 12 60 70 72 2520
2 7 8 9 12 60 72 105 2520
2 7 8 9 12 63 66 88 5544
2 7 8 9 12 63 70 120 2520
2 7 8 9 12 63 72 84 504
2 7 8 9 12 63 77 88 5544
2 7 8 9 12 63 78 104 6552
2 7 8 9 12 66 72 77 5544
2 7 8 9 12 70 72 90 2520
2 7 8 9 12 72 77 88 5544
2 7 8 9 13 14 18 104 6552
2 7 8 9 13 14 24 117 6552
2 7 8 9 13 14 26 72 6552
2 7 8 9 13 14 36 104 6552
2 7 8 9 13 14 39 72 6552
2 7 8 9 13 14 52 72 6552
2 7 8 9 13 14 56 117 6552
2 7 8 9 13 14 63 104 6552
2 7 8 9 13 14 72 78 6552
2 7 8 9 13 14 72 91 6552
2 7 8 9 13 14 72 104 6552
2 7 8 9 13 14 72 117 6552
2 7 8 9 13 14 104 117 6552
2 7 8 9 13 14 104 126 6552
2 7 8 9 13 16 112 117 13104
2 7 8 9 13 18 21 104 6552
2 7 8 9 13 18 24 91 6552
2 7 8 9 13 18 26 56 6552
2 7 8 9 13 18 28 104 6552
2 7 8 9 13 18 39 56 6552
2 7 8 9 13 18 42 104 6552
2 7 8 9 13 18 52 56 6552
2 7 8 9 13 18 56 78 6552
2 7 8 9 13 18 56 91 6552
2 7 8 9 13 18 56 104 6552
2 7 8 9 13 18 56 117 6552
2 7 8 9 13 18 63 104 6552
2 7 8 9 13 18 72 91 6552
2 7 8 9 13 18 84 104 6552
2 7 8 9 13 18 91 104 6552
2 7 8 9 13 18 104 126 6552
2 7 8 9 13 21 24 117 6552
2 7 8 9 13 21 26 72 6552
2 7 8 9 13 21 36 104 6552
2 7 8 9 13 21 39 72 6552
2 7 8 9 13 21 52 72 6552
2 7 8 9 13 21 56 117 6552
2 7 8 9 13 21 63 104 6552
2 7 8 9 13 21 72 78 6552
2 7 8 9 13 21 72 91 6552
2 7 8 9 13 21 72 104 6552
2 7 8 9 13 21 72 117 6552
2 7 8 9 13 21 104 117 6552
2 7 8 9 13 21 104 126 6552
2 7 8 9 13 24 26 63 6552
2 7 8 9 13 24 26 126 6552
2 7 8 9 13 24 28 117 6552
2 7 8 9 13 24 36 91 6552
2 7 8 9 13 24 39 63 6552
2 7 8 9 13 24 39 126 6552
2 7 8 9 13 24 42 117 6552
2 7 8 9 13 24 52 63 6552
2 7 8 9 13 24 52 126 6552
2 7 8 9 13 24 56 117 6552
2 7 8 9 13 24 63 78 6552
2 7 8 9 13 24 63 91 6552
2 7 8 9 13 24 63 104 6552
2 7 8 9 13 24 63 117 6552
2 7 8 9 13 24 72 91 6552
2 7 8 9 13 24 78 126 6552
2 7 8 9 13 24 84 117 6552
2 7 8 9 13 24 91 117 6552
2 7 8 9 13 24 91 126 6552
2 7 8 9 13 24 104 126 6552
2 7 8 9 13 24 117 126 6552
2 7 8 9 13 26 28 72 6552
2 7 8 9 13 26 36 56 6552
2 7 8 9 13 26 42 72 6552
2 7 8 9 13 26 56 63 6552
2 7 8 9 13 26 56 72 6552
2 7 8 9 13 26 56 117 6552
2 7 8 9 13 26 56 126 6552
2 7 8 9 13 26 63 72 6552
2 7 8 9 13 26 63 104 6552
2 7 8 9 13 26 72 84 6552
2 7 8 9 13 26 72 91 6552
2 7 8 9 13 26 72 126 6552
2 7 8 9 13 26 104 126 6552
2 7 8 9 13 28 36 104 6552
2 7 8 9 13 28 39 72 6552
2 7 8 9 13 28 52 72 6552
2 7 8 9 13 28 56 117 6552
2 7 8 9 13 28 63 104 6552
2 7 8 9 13 28 72 78 6552
2 7 8 9 13 28 72 91 6552
2 7 8 9 13 28 72 104 6552
2 7 8 9 13 28 72 117 6552
2 7 8 9 13 28 104 117 6552
2 7 8 9 13 28 104 126 6552
2 7 8 9 13 35 40 117 32760
2 7 8 9 13 35 45 104 32760
2 7 8 9 13 35 65 72 32760
2 7 8 9 13 35 90 104 32760
2 7 8 9 13 35 117 120 32760
2 7 8 9 13 36 39 56 6552
2 7 8 9 13 36 42 104 6552
2 7 8 9 13 36 52 56 6552
2 7 8 9 13 36 56 78 6552
2 7 8 9 13 36 56 91 6552
2 7 8 9 13 36 56 104 6552
2 7 8 9 13 36 56 117 6552
2 7 8 9 13 36 63 104 6552
2 7 8 9 13 36 72 91 6552
2 7 8 9 13 36 84 104 6552
2 7 8 9 13 36 91 104 6552
2 7 8 9 13 36 104 126 6552
2 7 8 9 13 39 42 72 6552
2 7 8 9 13 39 56 63 6552
2 7 8 9 13 39 56 72 6552
2 7 8 9 13 39 56 117 6552
2 7 8 9 13 39 56 126 6552
2 7 8 9 13 39 63 72 6552
2 7 8 9 13 39 63 104 6552
2 7 8 9 13 39 72 84 6552
2 7 8 9 13 39 72 91 6552
2 7 8 9 13 39 72 126 6552
2 7 8 9 13 40 45 91 32760
2 7 8 9 13 40 63 65 32760
2 7 8 9 13 40 65 126 32760
2 7 8 9 13 40 70 117 32760
2 7 8 9 13 40 90 91 32760
2 7 8 9 13 42 52 72 6552
2 7 8 9 13 42 56 117 6552
2 7 8 9 13 42 63 104 6552
2 7 8 9 13 42 72 78 6552
2 7 8 9 13 42 72 91 6552
2 7 8 9 13 42 72 104 6552
2 7 8 9 13 42 72 117 6552
2 7 8 9 13 45 56 65 32760
2 7 8 9 13 45 70 104 32760
2 7 8 9 13 52 56 63 6552
2 7 8 9 13 52 56 72 6552
2 7 8 9 13 52 56 117 6552
2 7 8 9 13 52 56 126 6552
2 7 8 9 13 52 63 72 6552
2 7 8 9 13 52 63 104 6552
2 7 8 9 13 52 72 84 6552
2 7 8 9 13 56 63 78 6552
2 7 8 9 13 56 63 91 6552
2 7 8 9 13 56 65 90 32760
2 7 8 9 13 56 72 78 6552
2 7 8 9 14 15 18 40 2520
2 7 8 9 14 15 18 120 2520
2 7 8 9 14 15 20 72 2520
2 7 8 9 14 15 24 45 2520
2 7 8 9 14 15 24 90 2520
2 7 8 9 14 15 30 72 2520
2 7 8 9 14 15 35 72 2520
2 7 8 9 14 15 36 40 2520
2 7 8 9 14 15 36 120 2520
2 7 8 9 14 15 40 45 2520
2 7 8 9 14 15 40 63 2520
2 7 8 9 14 15 40 72 2520
2 7 8 9 14 15 40 90 2520
2 7 8 9 14 15 40 126 2520
2 7 8 9 14 15 45 56 2520
2 7 8 9 14 15 45 72 2520
2 7 8 9 14 15 45 120 2520
2 7 8 9 14 15 56 90 2520
2 7 8 9 14 15 60 72 2520
2 7 8 9 14 15 63 120 2520
2 7 8 9 14 15 70 72 2520
2 7 8 9 14 15 72 90 2520
2 7 8 9 14 15 72 105 2520
2 7 8 9 14 15 72 120 2520
2 7 8 9 14 15 90 120 2520
2 7 8 9 14 15 120 126 2520
2 7 8 9 14 16 18 48 1008
2 7 8 9 14 16 18 112 1008
2 7 8 9 14 16 36 48 1008
2 7 8 9 14 16 36 112 1008
2 7 8 9 14 16 45 80 5040
2 7 8 9 14 16 48 63 1008
2 7 8 9 14 16 48 72 1008
2 7 8 9 14 16 48 126 1008
2 7 8 9 14 16 63 112 1008
2 7 8 9 14 16 72 112 1008
2 7 8 9 14 16 80 90 5040
2 7 8 9 14 16 112 126 1008
2 7 8 9 14 17 34 72 8568
2 7 8 9 14 17 51 72 8568
2 7 8 9 14 17 68 72 8568
2 7 8 9 14 17 72 102 8568
2 7 8 9 14 17 72 119 8568
2 7 8 9 14 18 20 40 2520
2 7 8 9 14 18 20 120 2520
2 7 8 9 14 18 21 24 504
2 7 8 9 14 18 21 56 504
2 7 8 9 14 18 21 72 504
2 7 8 9 14 18 22 88 5544
2 7 8 9 14 18 24 28 504
2 7 8 9 14 18 24 36 504
2 7 8 9 14 18 24 42 504
2 7 8 9 14 18 24 56 504
2 7 8 9 14 18 24 63 504
2 7 8 9 14 18 24 72 504
2 7 8 9 14 18 24 84 504
2 7 8 9 14 18 24 126 504
2 7 8 9 14 18 26 104 6552
2 7 8 9 14 18 28 56 504
2 7 8 9 14 18 28 72 504
2 7 8 9 14 18 30 40 2520
2 7 8 9 14 18 30 120 2520
2 7 8 9 14 18 32 96 2016
2 7 8 9 14 18 33 88 5544
2 7 8 9 14 18 35 40 2520
2 7 8 9 14 18 35 120 2520
2 7 8 9 14 18 36 56 504
2 7 8 9 14 18 36 72 504
2 7 8 9 14 18 39 104 6552
2 7 8 9 14 18 40 45 2520
2 7 8 9 14 18 40 60 2520
2 7 8 9 14 18 40 70 2520
2 7 8 9 14 18 40 90 2520
2 7 8 9 14 18 40 105 2520
2 7 8 9 14 18 40 120 2520
2 7 8 9 14 18 42 56 504
2 7 8 9 14 18 42 72 504
2 7 8 9 14 18 44 88 5544
2 7 8 9 14 18 45 120 2520
2 7 8 9 14 18 48 112 1008
2 7 8 9 14 18 52 104 6552
2 7 8 9 14 18 56 63 504
2 7 8 9 14 18 56 72 504
2 7 8 9 14 18 56 84 504
2 7 8 9 14 18 56 126 504
2 7 8 9 14 18 60 120 2520
2 7 8 9 14 18 63 72 504
2 7 8 9 14 18 66 88 5544
2 7 8 9 14 18 70 120 2520
2 7 8 9 14 18 72 84 504
2 7 8 9 14 18 72 126 504
2 7 8 9 14 18 77 88 5544
2 7 8 9 14 18 78 104 6552
2 7 8 9 14 18 88 99 5544
2 7 8 9 14 18 90 120 2520
2 7 8 9 14 18 91 104 6552
2 7 8 9 14 18 104 117 6552
2 7 8 9 14 18 105 120 2520
2 7 8 9 14 19 38 72 9576
2 7 8 9 14 19 57 72 9576
2 7 8 9 14 19 72 76 9576
2 7 8 9 14 19 72 114 9576
2 7 8 9 14 20 24 45 2520
2 7 8 9 14 20 24 90 2520
2 7 8 9 14 20 30 72 2520
2 7 8 9 14 20 35 72 2520
2 7 8 9 14 20 36 40 2520
2 7 8 9 14 20 36 120 2520
2 7 8 9 14 20 40 45 2520
2 7 8 9 14 20 40 63 2520
2 7 8 9 14 20 40 72 2520
2 7 8 9 14 20 40 90 2520
2 7 8 9 14 20 40 126 2520
2 7 8 9 14 20 45 56 2520
2 7 8 9 14 20 45 72 2520
2 7 8 9 14 20 45 120 2520
2 7 8 9 14 20 56 90 2520
2 7 8 9 14 20 60 72 2520
2 7 8 9 14 20 63 120 2520
2 7 8 9 14 20 70 72 2520
2 7 8 9 14 20 72 90 2520
2 7 8 9 14 20 72 105 2520
2 7 8 9 14 20 72 120 2520
2 7 8 9 14 20 90 120 2520
2 7 8 9 14 20 120 126 2520
2 7 8 9 14 21 24 36 504
2 7 8 9 14 21 24 63 504
2 7 8 9 14 21 24 72 504
2 7 8 9 14 21 24 126 504
2 7 8 9 14 21 28 72 504
2 7 8 9 14 21 36 56 504
2 7 8 9 14 21 36 72 504
2 7 8 9 14 21 40 45 2520
2 7 8 9 14 21 40 90 2520
2 7 8 9 14 21 42 72 504
2 7 8 9 14 21 45 120 2520
2 7 8 9 14 21 56 63 504
2 7 8 9 14 21 56 72 504
2 7 8 9 14 21 56 126 504
2 7 8 9 14 21 63 72 504
2 7 8 9 14 21 72 84 504
2 7 8 9 14 21 72 126 504
2 7 8 9 14 21 88 99 5544
2 7 8 9 14 21 90 120 2520
2 7 8 9 14 21 104 117 6552
2 7 8 9 14 22 24 99 5544
2 7 8 9 14 22 33 72 5544
2 7 8 9 14 22 36 88 5544
2 7 8 9 14 22 44 72 5544
2 7 8 9 14 22 56 99 5544
2 7 8 9 14 22 63 88 5544
2 7 8 9 14 22 66 72 5544
2 7 8 9 14 22 72 77 5544
2 7 8 9 14 22 72 88 5544
2 7 8 9 14 22 72 99 5544
2 7 8 9 14 22 88 99 5544
2 7 8 9 14 22 88 126 5544
2 7 8 9 14 23 46 72 11592
2 7 8 9 14 23 69 72 11592
2 7 8 9 14 23 72 92 11592
2 7 8 9 14 24 26 117 6552
2 7 8 9 14 24 27 54 1512
2 7 8 9 14 24 27 108 1512
2 7 8 9 14 24 28 36 504
2 7 8 9 14 24 28 63 504
2 7 8 9 14 24 28 72 504
2 7 8 9 14 24 28 126 504
2 7 8 9 14 24 30 45 2520
2 7 8 9 14 24 30 90 2520
2 7 8 9 14 24 33 99 5544
2 7 8 9 14 24 35 45 2520
2 7 8 9 14 24 35 90 2520
2 7 8 9 14 24 36 42 504
2 7 8 9 14 24 36 56 504
2 7 8 9 14 24 36 63 504
2 7 8 9 14 24 36 72 504
2 7 8 9 14 24 36 84 504
2 7 8 9 14 24 36 126 504
2 7 8 9 14 24 39 117 6552
2 7 8 9 14 24 40 45 2520
2 7 8 9 14 24 40 90 2520
2 7 8 9 14 24 42 63 504
2 7 8 9 14 24 42 72 504
2 7 8 9 14 24 42 126 504
2 7 8 9 14 24 44 99 5544
2 7 8 9 14 24 45 60 2520
2 7 8 9 14 24 45 70 2520
2 7 8 9 14 24 45 90 2520
2 7 8 9 14 24 45 105 2520
2 7 8 9 14 24 45 120 2520
2 7 8 9 14 24 52 117 6552
2 7 8 9 14 24 54 108 1512
2 7 8 9 14 24 56 63 504
2 7 8 9 14 24 56 72 504
2 7 8 9 14 24 56 126 504
2 7 8 9 14 24 60 90 2520
2 7 8 9 14 24 63 72 504
2 7 8 9 14 24 63 84 504
2 7 8 9 14 24 63 126 504
2 7 8 9 14 24 66 99 5544
2 7 8 9 14 24 70 90 2520
2 7 8 9 14 24 72 84 504
2 7 8 9 14 24 72 126 504
2 7 8 9 14 24 77 99 5544
2 7 8 9 14 24 78 117 6552
2 7 8 9 14 24 84 126 504
2 7 8 9 14 24 88 99 5544
2 7 8 9 14 24 90 105 2520
2 7 8 9 14 24 90 120 2520
2 7 8 9 14 24 91 117 6552
2 7 8 9 14 24 104 117 6552
2 7 8 9 14 25 50 72 12600
2 7 8 9 14 25 72 75 12600
2 7 8 9 14 25 72 100 12600
2 7 8 9 14 26 36 104 6552
2 7 8 9 14 26 39 72 6552
2 7 8 9 14 26 52 72 6552
2 7 8 9 14 26 56 117 6552
2 7 8 9 14 26 63 104 6552
2 7 8 9 14 26 72 78 6552
2 7 8 9 14 26 72 91 6552
2 7 8 9 14 26 72 104 6552
2 7 8 9 14 26 72 117 6552
2 7 8 9 14 26 104 117 6552
2 7 8 9 14 26 104 126 6552
2 7 8 9 14 27 54 56 1512
2 7 8 9 14 27 54 72 1512
2 7 8 9 14 27 56 108 1512
2 7 8 9 14 27 72 108 1512
2 7 8 9 14 28 36 56 504
2 7 8 9 14 28 36 72 504
2 7 8 9 14 28 40 45 2520
2 7 8 9 14 28 40 90 2520
2 7 8 9 14 28 42 72 504
2 7 8 9 14 28 45 120 2520
2 7 8 9 14 28 56 63 504
2 7 8 9 14 28 56 72 504
2 7 8 9 14 28 56 126 504
2 7 8 9 14 28 63 72 504
2 7 8 9 14 28 72 84 504
2 7 8 9 14 28 72 126 504
2 7 8 9 14 28 88 99 5544
2 7 8 9 14 28 90 120 2520
2 7 8 9 14 28 104 117 6552
2 7 8 9 14 29 58 72 14616
2 7 8 9 14 29 72 87 14616
2 7 8 9 14 29 72 116 14616
2 7 8 9 14 30 35 72 2520
2 7 8 9 14 30 36 40 2520
2 7 8 9 14 30 36 120 2520
2 7 8 9 14 30 40 45 2520
2 7 8 9 14 30 40 63 2520
2 7 8 9 14 30 40 72 2520
2 7 8 9 14 30 40 90 2520
2 7 8 9 14 30 40 126 2520
2 7 8 9 14 30 45 56 2520
2 7 8 9 14 30 45 72 2520
2 7 8 9 14 30 45 120 2520
2 7 8 9 14 30 56 90 2520
2 7 8 9 14 30 60 72 2520
2 7 8 9 14 30 63 120 2520
2 7 8 9 14 30 70 72 2520
2 7 8 9 14 30 72 90 2520
2 7 8 9 14 30 72 105 2520
2 7 8 9 14 30 72 120 2520
2 7 8 9 14 30 90 120 2520
2 7 8 9 14 31 62 72 15624
2 7 8 9 14 31 72 93 15624
2 7 8 9 14 31 72 124 15624
2 7 8 9 14 32 36 96 2016
2 7 8 9 14 32 63 96 2016
2 7 8 9 14 32 72 96 2016
2 7 8 9 14 33 36 88 5544
2 7 8 9 14 33 44 72 5544
2 7 8 9 14 33 56 99 5544
2 7 8 9 14 33 63 88 5544
2 7 8 9 14 33 66 72 5544
2 7 8 9 14 33 72 77 5544
2 7 8 9 14 33 72 88 5544
2 7 8 9 14 33 72 99 5544
2 7 8 9 14 33 88 99 5544
2 7 8 9 14 34 51 72 8568
2 7 8 9 14 34 68 72 8568
2 7 8 9 14 34 72 102 8568
2 7 8 9 14 34 72 119 8568
2 7 8 9 14 35 36 40 2520
2 7 8 9 14 35 36 120 2520
2 7 8 9 14 35 40 45 2520
2 7 8 9 14 35 40 63 2520
2 7 8 9 14 35 40 72 2520
2 7 8 9 14 35 40 90 2520
2 7 8 9 14 35 40 126 2520
2 7 8 9 14 35 45 56 2520
2 7 8 9 14 35 45 72 2520
2 7 8 9 14 35 45 120 2520
2 7 8 9 14 35 56 90 2520
2 7 8 9 14 35 60 72 2520
2 7 8 9 14 35 63 120 2520
2 7 8 9 14 35 70 72 2520
2 7 8 9 14 35 72 90 2520
2 7 8 9 14 35 72 105 2520
2 7 8 9 14 35 72 120 2520
2 7 8 9 14 36 39 104 6552
2 7 8 9 14 36 40 45 2520
2 7 8 9 14 36 40 60 2520
2 7 8 9 14 36 40 70 2520
2 7 8 9 14 36 40 90 2520
2 7 8 9 14 36 40 105 2520
2 7 8 9 14 36 40 120 2520
2 7 8 9 14 36 42 56 504
2 7 8 9 14 36 42 72 504
2 7 8 9 14 36 44 88 5544
2 7 8 9 14 36 45 120 2520
2 7 8 9 14 36 48 112 1008
2 7 8 9 14 36 52 104 6552
2 7 8 9 14 36 56 63 504
2 7 8 9 14 36 56 72 504
2 7 8 9 14 36 56 84 504
2 7 8 9 14 36 56 126 504
2 7 8 9 14 36 60 120 2520
2 7 8 9 14 36 63 72 504
2 7 8 9 14 36 66 88 5544
2 7 8 9 14 36 70 120 2520
2 7 8 9 14 36 72 84 504
2 7 8 9 14 36 77 88 5544
2 7 8 9 14 36 78 104 6552
2 7 8 9 14 37 72 74 18648
2 7 8 9 14 37 72 111 18648
2 7 8 9 14 38 57 72 9576
2 7 8 9 14 38 72 76 9576
2 7 8 9 14 39 52 72 6552
2 7 8 9 14 39 56 117 6552
2 7 8 9 14 39 63 104 6552
2 7 8 9 14 39 72 78 6552
2 7 8 9 14 39 72 91 6552
2 7 8 9 14 40 42 45 2520
2 7 8 9 14 40 42 90 2520
2 7 8 9 14 40 45 56 2520
2 7 8 9 14 40 45 60 2520
2 7 8 9 14 40 45 63 2520
2 7 8 9 14 40 45 70 2520
2 7 8 9 14 40 45 72 2520
2 7 8 9 14 40 45 84 2520
2 7 8 9 14 40 45 90 2520
2 7 8 9 14 40 45 105 2520
2 7 8 9 14 40 45 120 2520
2 7 8 9 14 40 45 126 2520
2 7 8 9 14 40 55 99 27720
2 7 8 9 14 40 56 90 2520
2 7 8 9 14 40 60 63 2520
2 7 8 9 14 40 60 72 2520
2 7 8 9 14 40 60 90 2520
2 7 8 9 14 40 63 70 2520
2 7 8 9 14 40 63 90 2520
2 7 8 9 14 40 63 105 2520
2 7 8 9 14 40 70 72 2520
2 7 8 9 14 40 70 90 2520
2 7 8 9 14 40 72 90 2520
2 7 8 9 14 41 72 82 20664
2 7 8 9 14 42 45 120 2520
2 7 8 9 14 42 56 63 504
2 7 8 9 14 42 56 72 504
2 7 8 9 14 42 63 72 504
2 7 8 9 14 44 56 99 5544
2 7 8 9 14 44 63 88 5544
2 7 8 9 14 44 66 72 5544
2 7 8 9 14 45 48 80 5040
2 7 8 9 14 45 55 88 27720
2 7 8 9 14 45 56 60 2520
2 7 8 9 14 45 56 70 2520
2 7 8 9 14 45 56 90 2520
2 7 8 9 14 45 60 72 2520
2 7 8 9 14 45 70 72 2520
2 7 8 9 14 46 69 72 11592
2 7 8 9 15 16 45 112 5040
2 7 8 9 15 16 63 80 5040
2 7 8 9 15 16 80 126 5040
2 7 8 9 15 16 90 112 5040
2 7 8 9 15 18 20 56 2520
2 7 8 9 15 18 21 40 2520
2 7 8 9 15 18 21 120 2520
2 7 8 9 15 18 24 35 2520
2 7 8 9 15 18 24 70 2520
2 7 8 9 15 18 24 105 2520
2 7 8 9 15 18 28 40 2520
2 7 8 9 15 18 28 120 2520
2 7 8 9 15 18 30 56 2520
2 7 8 9 15 18 35 40 2520
2 7 8 9 15 18 35 56 2520
2 7 8 9 15 18 35 72 2520
2 7 8 9 15 18 35 120 2520
2 7 8 9 15 18 40 42 2520
2 7 8 9 15 18 40 56 2520
2 7 8 9 15 18 40 63 2520
2 7 8 9 15 18 40 70 2520
2 7 8 9 15 18 40 84 2520
2 7 8 9 15 18 40 105 2520
2 7 8 9 15 18 40 126 2520
2 7 8 9 15 18 42 120 2520
2 7 8 9 15 18 45 56 2520
2 7 8 9 15 18 56 60 2520
2 7 8 9 15 18 56 70 2520
2 7 8 9 15 18 56 90 2520
2 7 8 9 15 18 56 105 2520
2 7 8 9 15 18 56 120 2520
2 7 8 9 15 18 63 120 2520
2 7 8 9 15 18 70 72 2520
2 7 8 9 15 18 70 120 2520
2 7 8 9 15 18 72 105 2520
2 7 8 9 15 18 80 112 5040
2 7 8 9 15 18 84 120 2520
2 7 8 9 15 18 105 120 2520
2 7 8 9 15 18 120 126 2520
2 7 8 9 15 20 21 72 2520
2 7 8 9 15 20 24 63 2520
2 7 8 9 15 20 24 126 2520
2 7 8 9 15 20 28 72 2520
2 7 8 9 15 20 35 72 2520
2 7 8 9 15 20 36 56 2520
2 7 8 9 15 20 40 63 2520
2 7 8 9 15 20 40 126 2520
2 7 8 9 15 20 42 72 2520
2 7 8 9 15 20 45 56 2520
2 7 8 9 15 20 56 63 2520
2 7 8 9 15 20 56 72 2520
2 7 8 9 15 20 56 90 2520
2 7 8 9 15 20 56 126 2520
2 7 8 9 15 20 63 72 2520
2 7 8 9 15 20 63 120 2520
2 7 8 9 15 20 70 72 2520
2 7 8 9 15 20 72 84 2520
2 7 8 9 15 20 72 105 2520
2 7 8 9 15 20 72 126 2520
2 7 8 9 15 20 120 126 2520
2 7 8 9 15 21 24 45 2520
2 7 8 9 15 21 24 90 2520
2 7 8 9 15 21 30 72 2520
2 7 8 9 15 21 35 72 2520
2 7 8 9 15 21 36 40 2520
2 7 8 9 15 21 36 120 2520
2 7 8 9 15 21 40 45 2520
2 7 8 9 15 21 40 63 2520
2 7 8 9 15 21 40 72 2520
2 7 8 9 15 21 40 90 2520
2 7 8 9 15 21 40 126 2520
2 7 8 9 15 21 45 56 2520
2 7 8 9 15 21 45 72 2520
2 7 8 9 15 21 45 120 2520
2 7 8 9 15 21 56 90 2520
2 7 8 9 15 21 60 72 2520
2 7 8 9 15 21 63 120 2520
2 7 8 9 15 21 70 72 2520
2 7 8 9 15 21 72 90 2520
2 7 8 9 15 21 72 105 2520
2 7 8 9 15 21 72 120 2520
2 7 8 9 15 21 90 120 2520
2 7 8 9 15 21 120 126 2520
2 7 8 9 15 24 28 45 2520
2 7 8 9 15 24 28 90 2520
2 7 8 9 15 24 30 63 2520
2 7 8 9 15 24 30 126 2520
2 7 8 9 15 24 35 36 2520
2 7 8 9 15 24 35 45 2520
2 7 8 9 15 24 35 63 2520
2 7 8 9 15 24 35 72 2520
2 7 8 9 15 24 35 90 2520
2 7 8 9 15 24 35 126 2520
2 7 8 9 15 24 36 70 2520
2 7 8 9 15 24 36 105 2520
2 7 8 9 15 24 40 63 2520
2 7 8 9 15 24 40 126 2520
2 7 8 9 15 24 42 45 2520
2 7 8 9 15 24 42 90 2520
2 7 8 9 15 24 45 56 2520
2 7 8 9 15 24 45 63 2520
2 7 8 9 15 24 45 70 2520
2 7 8 9 15 24 45 84 2520
2 7 8 9 15 24 45 105 2520
2 7 8 9 15 24 45 126 2520
2 7 8 9 15 24 56 90 2520
2 7 8 9 15 24 60 63 2520
2 7 8 9 15 24 60 126 2520
2 7 8 9 15 24 63 70 2520
2 7 8 9 15 24 63 90 2520
2 7 8 9 15 24 63 105 2520
2 7 8 9 15 24 63 120 2520
2 7 8 9 15 24 70 72 2520
2 7 8 9 15 24 70 90 2520
2 7 8 9 15 24 70 126 2520
2 7 8 9 15 24 72 105 2520
2 7 8 9 15 24 84 90 2520
2 7 8 9 15 24 90 105 2520
2 7 8 9 15 24 90 126 2520
2 7 8 9 15 24 105 126 2520
2 7 8 9 15 24 120 126 2520
2 7 8 9 15 28 30 72 2520
2 7 8 9 15 28 35 72 2520
2 7 8 9 15 28 36 40 2520
2 7 8 9 15 28 36 120 2520
2 7 8 9 15 28 40 45 2520
2 7 8 9 15 28 40 63 2520
2 7 8 9 15 28 40 72 2520
2 7 8 9 15 28 40 90 2520
2 7 8 9 15 28 40 126 2520
2 7 8 9 15 28 45 56 2520
2 7 8 9 15 28 45 72 2520
2 7 8 9 15 28 45 120 2520
2 7 8 9 15 28 56 90 2520
2 7 8 9 15 28 60 72 2520
2 7 8 9 15 28 63 120 2520
2 7 8 9 15 28 70 72 2520
2 7 8 9 15 28 72 90 2520
2 7 8 9 15 28 72 105 2520
2 7 8 9 15 28 72 120 2520
2 7 8 9 15 28 90 120 2520
2 7 8 9 15 30 35 72 2520
2 7 8 9 15 30 36 56 2520
2 7 8 9 15 30 40 63 2520
2 7 8 9 15 30 40 126 2520
2 7 8 9 15 30 42 72 2520
2 7 8 9 15 30 45 56 2520
2 7 8 9 15 30 56 63 2520
2 7 8 9 15 30 56 72 2520
2 7 8 9 15 30 56 90 2520
2 7 8 9 15 30 56 126 2520
2 7 8 9 15 30 63 72 2520
2 7 8 9 15 30 63 120 2520
2 7 8 9 15 30 70 72 2520
2 7 8 9 15 30 72 84 2520
2 7 8 9 15 30 72 105 2520
2 7 8 9 15 30 72 126 2520
2 7 8 9 15 35 36 40 2520
2 7 8 9 15 35 36 56 2520
2 7 8 9 15 35 36 72 2520
2 7 8 9 15 35 36 120 2520
2 7 8 9 15 35 40 45 2520
2 7 8 9 15 35 40 63 2520
2 7 8 9 15 35 40 72 2520
2 7 8 9 15 35 40 90 2520
2 7 8 9 15 35 40 126 2520
2 7 8 9 15 35 42 72 2520
2 7 8 9 15 35 45 56 2520
2 7 8 9 15 35 45 72 2520
2 7 8 9 15 35 45 120 2520
2 7 8 9 15 35 56 63 2520
2 7 8 9 15 35 56 72 2520
2 7 8 9 15 35 56 90 2520
2 7 8 9 15 35 60 72 2520
2 7 8 9 15 35 63 72 2520
2 7 8 9 15 35 70 72 2520
2 7 8 9 15 36 40 42 2520
2 7 8 9 15 36 40 56 2520
2 7 8 9 15 36 40 63 2520
2 7 8 9 15 36 40 70 2520
2 7 8 9 15 36 40 84 2520
2 7 8 9 15 36 40 105 2520
2 7 8 9 15 36 40 126 2520
2 7 8 9 15 36 42 120 2520
2 7 8 9 15 36 45 56 2520
2 7 8 9 15 36 56 60 2520
2 7 8 9 15 36 56 70 2520
2 7 8 9 15 36 56 90 2520
2 7 8 9 15 36 56 105 2520
2 7 8 9 15 36 70 72 2520
2 7 8 9 15 40 42 45 2520
2 7 8 9 15 40 42 63 2520
2 7 8 9 15 40 42 72 2520
2 7 8 9 15 40 42 90 2520
2 7 8 9 15 40 42 126 2520
2 7 8 9 15 40 45 56 2520
2 7 8 9 15 40 45 63 2520
2 7 8 9 15 40 45 70 2520
2 7 8 9 15 40 45 84 2520
2 7 8 9 15 40 45 105 2520
2 7 8 9 15 40 45 126 2520
2 7 8 9 15 40 56 63 2520
2 7 8 9 15 40 56 72 2520
2 7 8 9 15 40 60 63 2520
2 7 8 9 15 40 63 70 2520
2 7 8 9 15 40 63 72 2520
2 7 8 9 15 42 45 56 2520
2 7 8 9 15 42 45 72 2520
2 7 8 9 15 45 56 60 2520
2 7 8 9 15 45 56 63 2520
2 7 8 9 16 18 21 48 1008
2 7 8 9 16 18 21 112 1008
2 7 8 9 16 18 24 112 1008
2 7 8 9 16 18 28 48 1008
2 7 8 9 16 18 28 112 1008
2 7 8 9 16 18 35 80 5040
2 7 8 9 16 18 36 112 1008
2 7 8 9 16 18 42 48 1008
2 7 8 9 16 18 42 112 1008
2 7 8 9 16 18 48 56 1008
2 7 8 9 16 18 48 63 1008
2 7 8 9 16 18 48 84 1008
2 7 8 9 16 18 48 112 1008
2 7 8 9 16 18 48 126 1008
2 7 8 9 16 18 56 112 1008
2 7 8 9 16 18 63 112 1008
2 7 8 9 16 18 70 80 5040
2 7 8 9 16 18 72 112 1008
2 7 8 9 16 18 80 105 5040
2 7 8 9 16 18 84 112 1008
2 7 8 9 16 18 112 126 1008
2 7 8 9 16 20 45 112 5040
2 7 8 9 16 20 63 80 5040
2 7 8 9 16 20 80 126 5040
2 7 8 9 16 20 90 112 5040
2 7 8 9 16 21 36 48 1008
2 7 8 9 16 21 36 112 1008
2 7 8 9 16 21 45 80 5040
2 7 8 9 16 21 48 63 1008
2 7 8 9 16 21 48 72 1008
2 7 8 9 16 21 48 126 1008
2 7 8 9 16 21 63 112 1008
2 7 8 9 16 21 72 112 1008
2 7 8 9 16 21 80 90 5040
2 7 8 9 16 21 112 126 1008
2 7 8 9 16 22 99 112 11088
2 7 8 9 16 24 36 112 1008
2 7 8 9 16 24 48 63 1008
2 7 8 9 16 24 48 126 1008
2 7 8 9 16 24 63 112 1008
2 7 8 9 16 24 72 112 1008
2 7 8 9 16 27 54 112 3024
2 7 8 9 16 28 36 48 1008
2 7 8 9 16 28 36 112 1008
2 7 8 9 16 28 45 80 5040
2 7 8 9 16 28 48 63 1008
2 7 8 9 16 28 48 72 1008
2 7 8 9 16 28 48 126 1008
2 7 8 9 16 28 63 112 1008
2 7 8 9 16 28 80 90 5040
2 7 8 9 16 30 45 112 5040
2 7 8 9 16 30 63 80 5040
2 7 8 9 16 35 36 80 5040
2 7 8 9 16 35 45 48 5040
2 7 8 9 16 35 45 80 5040
2 7 8 9 16 35 45 112 5040
2 7 8 9 16 35 48 90 5040
2 7 8 9 16 36 42 48 1008
2 7 8 9 16 36 42 112 1008
2 7 8 9 16 36 48 56 1008
2 7 8 9 16 36 48 63 1008
2 7 8 9 16 36 48 84 1008
2 7 8 9 16 42 48 63 1008
2 7 8 9 17 18 24 119 8568
2 7 8 9 17 18 34 56 8568
2 7 8 9 17 18 51 56 8568
2 7 8 9 17 18 56 68 8568
2 7 8 9 17 18 56 102 8568
2 7 8 9 17 18 56 119 8568
2 7 8 9 17 18 72 119 8568
2 7 8 9 17 21 34 72 8568
2 7 8 9 17 21 51 72 8568
2 7 8 9 17 21 68 72 8568
2 7 8 9 17 21 72 102 8568
2 7 8 9 17 21 72 119 8568
2 7 8 9 17 24 34 63 8568
2 7 8 9 17 24 34 126 8568
2 7 8 9 17 24 36 119 8568
2 7 8 9 17 24 51 63 8568
2 7 8 9 17 24 51 126 8568
2 7 8 9 17 24 63 68 8568
2 7 8 9 17 24 63 102 8568
2 7 8 9 17 24 63 119 8568
2 7 8 9 17 24 68 126 8568
2 7 8 9 17 24 72 119 8568
2 7 8 9 17 28 34 72 8568
2 7 8 9 17 28 51 72 8568
2 7 8 9 17 28 68 72 8568
2 7 8 9 17 34 36 56 8568
2 7 8 9 17 34 42 72 8568
2 7 8 9 17 34 56 63 8568
2 7 8 9 17 36 51 56 8568
2 7 8 9 18 19 38 56 9576
2 7 8 9 18 19 56 57 9576
2 7 8 9 18 19 56 76 9576
2 7 8 9 18 19 56 114 9576
2 7 8 9 18 20 21 40 2520
2 7 8 9 18 20 21 120 2520
2 7 8 9 18 20 24 35 2520
2 7 8 9 18 20 24 70 2520
2 7 8 9 18 20 24 105 2520
2 7 8 9 18 20 28 40 2520
2 7 8 9 18 20 28 120 2520
2 7 8 9 18 20 30 56 2520
2 7 8 9 18 20 35 40 2520
2 7 8 9 18 20 35 56 2520
2 7 8 9 18 20 35 72 2520
2 7 8 9 18 20 35 120 2520
2 7 8 9 18 20 40 42 2520
2 7 8 9 18 20 40 56 2520
2 7 8 9 18 20 40 63 2520
2 7 8 9 18 20 40 70 2520
2 7 8 9 18 20 40 84 2520
2 7 8 9 18 20 40 105 2520
2 7 8 9 18 20 40 126 2520
2 7 8 9 18 20 42 120 2520
2 7 8 9 18 20 45 56 2520
2 7 8 9 18 20 56 60 2520
2 7 8 9 18 20 56 70 2520
2 7 8 9 18 20 56 90 2520
2 7 8 9 18 20 56 105 2520
2 7 8 9 18 20 56 120 2520
2 7 8 9 18 20 63 120 2520
2 7 8 9 18 20 70 72 2520
2 7 8 9 18 20 70 120 2520
2 7 8 9 18 20 72 105 2520
2 7 8 9 18 20 80 112 5040
2 7 8 9 18 20 84 120 2520
2 7 8 9 18 20 105 120 2520
2 7 8 9 18 20 120 126 2520
2 7 8 9 18 21 22 88 5544
2 7 8 9 18 21 24 28 504
2 7 8 9 18 21 24 36 504
2 7 8 9 18 21 24 42 504
2 7 8 9 18 21 24 56 504
2 7 8 9 18 21 24 63 504
2 7 8 9 18 21 24 72 504
2 7 8 9 18 21 24 84 504
2 7 8 9 18 21 24 126 504
2 7 8 9 18 21 26 104 6552
2 7 8 9 18 21 28 56 504
2 7 8 9 18 21 28 72 504
2 7 8 9 18 21 30 40 2520
2 7 8 9 18 21 30 120 2520
2 7 8 9 18 21 32 96 2016
2 7 8 9 18 21 33 88 5544
2 7 8 9 18 21 35 40 2520
2 7 8 9 18 21 35 120 2520
2 7 8 9 18 21 36 56 504
2 7 8 9 18 21 36 72 504
2 7 8 9 18 21 39 104 6552
2 7 8 9 18 21 40 45 2520
2 7 8 9 18 21 40 60 2520
2 7 8 9 18 21 40 70 2520
2 7 8 9 18 21 40 90 2520
2 7 8 9 18 21 40 105 2520
2 7 8 9 18 21 40 120 2520
2 7 8 9 18 21 42 56 504
2 7 8 9 18 21 42 72 504
2 7 8 9 18 21 44 88 5544
2 7 8 9 18 21 45 120 2520
2 7 8 9 18 21 48 112 1008
2 7 8 9 18 21 52 104 6552
2 7 8 9 18 21 56 63 504
2 7 8 9 18 21 56 72 504
2 7 8 9 18 21 56 84 504
2 7 8 9 18 21 56 126 504
2 7 8 9 18 21 60 120 2520
2 7 8 9 18 21 63 72 504
2 7 8 9 18 21 66 88 5544
2 7 8 9 18 21 70 120 2520
2 7 8 9 18 21 72 84 504
2 7 8 9 18 21 72 126 504
2 7 8 9 18 21 77 88 5544
2 7 8 9 18 21 78 104 6552
2 7 8 9 18 21 88 99 5544
2 7 8 9 18 21 90 120 2520
2 7 8 9 18 21 91 104 6552
2 7 8 9 18 21 104 117 6552
2 7 8 9 18 22 24 77 5544
2 7 8 9 18 22 28 88 5544
2 7 8 9 18 22 33 56 5544
2 7 8 9 18 22 42 88 5544
2 7 8 9 18 22 44 56 5544
2 7 8 9 18 22 56 66 5544
2 7 8 9 18 22 56 77 5544
2 7 8 9 18 22 56 88 5544
2 7 8 9 18 22 56 99 5544
2 7 8 9 18 22 63 88 5544
2 7 8 9 18 22 72 77 5544
2 7 8 9 18 22 77 88 5544
2 7 8 9 18 22 84 88 5544
2 7 8 9 18 23 46 56 11592
2 7 8 9 18 23 56 69 11592
2 7 8 9 18 23 56 92 11592
2 7 8 9 18 24 26 91 6552
2 7 8 9 18 24 28 36 504
2 7 8 9 18 24 28 42 504
2 7 8 9 18 24 28 56 504
2 7 8 9 18 24 28 63 504
2 7 8 9 18 24 28 72 504
2 7 8 9 18 24 28 84 504
2 7 8 9 18 24 28 126 504
2 7 8 9 18 24 30 35 2520
2 7 8 9 18 24 30 70 2520
2 7 8 9 18 24 30 105 2520
2 7 8 9 18 24 33 77 5544
2 7 8 9 18 24 34 119 8568
2 7 8 9 18 24 35 40 2520
2 7 8 9 18 24 35 45 2520
2 7 8 9 18 24 35 60 2520
2 7 8 9 18 24 35 70 2520
2 7 8 9 18 24 35 90 2520
2 7 8 9 18 24 35 105 2520
2 7 8 9 18 24 35 120 2520
2 7 8 9 18 24 36 42 504
2 7 8 9 18 24 36 56 504
2 7 8 9 18 24 36 63 504
2 7 8 9 18 24 36 84 504
2 7 8 9 18 24 36 126 504
2 7 8 9 18 24 39 91 6552
2 7 8 9 18 24 40 70 2520
2 7 8 9 18 24 40 105 2520
2 7 8 9 18 24 42 56 504
2 7 8 9 18 24 42 63 504
2 7 8 9 18 24 42 72 504
2 7 8 9 18 24 42 84 504
2 7 8 9 18 24 42 126 504
2 7 8 9 18 24 44 77 5544
2 7 8 9 18 24 45 70 2520
2 7 8 9 18 24 45 105 2520
2 7 8 9 18 24 48 112 1008
2 7 8 9 18 24 49 98 3528
2 7 8 9 18 24 51 119 8568
2 7 8 9 18 24 52 91 6552
2 7 8 9 18 24 56 63 504
2 7 8 9 18 24 56 72 504
2 7 8 9 18 24 56 84 504
2 7 8 9 18 24 56 126 504
2 7 8 9 18 24 60 70 2520
2 7 8 9 18 24 60 105 2520
2 7 8 9 18 24 63 72 504
2 7 8 9 18 24 63 84 504
2 7 8 9 18 24 66 77 5544
2 7 8 9 18 24 70 90 2520
2 7 8 9 18 24 72 84 504
2 7 8 9 18 24 77 88 5544
2 7 8 9 18 25 50 56 12600
2 7 8 9 18 25 56 75 12600
2 7 8 9 18 25 56 100 12600
2 7 8 9 18 26 28 104 6552
2 7 8 9 18 26 39 56 6552
2 7 8 9 18 26 42 104 6552
2 7 8 9 18 26 52 56 6552
2 7 8 9 18 26 56 78 6552
2 7 8 9 18 26 56 91 6552
2 7 8 9 18 26 56 104 6552
2 7 8 9 18 27 54 56 1512
2 7 8 9 18 28 30 40 2520
2 7 8 9 18 28 30 120 2520
2 7 8 9 18 28 32 96 2016
2 7 8 9 18 28 33 88 5544
2 7 8 9 18 28 35 40 2520
2 7 8 9 18 28 35 120 2520
2 7 8 9 18 28 36 56 504
2 7 8 9 18 28 36 72 504
2 7 8 9 18 28 39 104 6552
2 7 8 9 18 28 40 45 2520
2 7 8 9 18 28 40 60 2520
2 7 8 9 18 28 40 70 2520
2 7 8 9 18 28 40 90 2520
2 7 8 9 18 28 40 105 2520
2 7 8 9 18 28 40 120 2520
2 7 8 9 18 28 42 56 504
2 7 8 9 18 28 42 72 504
2 7 8 9 18 28 44 88 5544
2 7 8 9 18 28 45 120 2520
2 7 8 9 18 28 56 63 504
2 7 8 9 18 28 56 72 504
2 7 8 9 18 29 56 58 14616
2 7 8 9 18 30 35 40 2520
2 7 8 9 18 30 35 56 2520
2 7 8 9 18 30 35 72 2520
2 7 8 9 18 30 35 120 2520
2 7 8 9 18 30 40 42 2520
2 7 8 9 18 30 40 56 2520
2 7 8 9 18 30 40 63 2520
2 7 8 9 18 30 40 70 2520
2 7 8 9 18 30 40 84 2520
2 7 8 9 18 30 40 105 2520
2 7 8 9 18 30 40 126 2520
2 7 8 9 18 30 45 56 2520
2 7 8 9 18 30 56 60 2520
2 7 8 9 18 31 56 62 15624
2 7 8 9 18 33 44 56 5544
2 7 8 9 18 34 51 56 8568
2 7 8 9 18 35 36 40 2520
2 7 8 9 18 35 40 42 2520
2 7 8 9 18 35 40 45 2520
2 7 8 9 18 35 40 56 2520
2 7 8 9 18 35 40 60 2520
2 7 8 9 18 35 40 63 2520
2 7 8 9 18 35 40 70 2520
2 7 8 9 18 35 40 72 2520
2 7 8 9 18 35 45 56 2520
2 7 8 9 18 36 40 70 2520
2 7 8 9 18 36 42 56 504
2 7 8 9 18 40 42 45 2520
2 7 8 9 19 21 38 72 9576
2 7 8 9 19 21 57 72 9576
2 7 8 9 19 21 72 76 9576
2 7 8 9 19 21 72 114 9576
2 7 8 9 19 24 38 63 9576
2 7 8 9 19 24 38 126 9576
2 7 8 9 19 24 57 63 9576
2 7 8 9 19 24 63 76 9576
2 7 8 9 19 28 38 72 9576
2 7 8 9 19 36 38 56 9576
2 7 8 9 20 21 24 45 2520
2 7 8 9 20 21 24 90 2520
2 7 8 9 20 21 30 72 2520
2 7 8 9 20 21 35 72 2520
2 7 8 9 20 21 36 40 2520
2 7 8 9 20 21 36 120 2520
2 7 8 9 20 21 40 45 2520
2 7 8 9 20 21 40 63 2520
2 7 8 9 20 21 40 72 2520
2 7 8 9 20 21 40 90 2520
2 7 8 9 20 21 40 126 2520
2 7 8 9 20 21 45 56 2520
2 7 8 9 20 21 45 72 2520
2 7 8 9 20 21 45 120 2520
2 7 8 9 20 21 56 90 2520
2 7 8 9 20 21 60 72 2520
2 7 8 9 20 21 63 120 2520
2 7 8 9 20 21 70 72 2520
2 7 8 9 20 21 72 90 2520
2 7 8 9 20 24 28 45 2520
2 7 8 9 20 24 28 90 2520
2 7 8 9 20 24 30 63 2520
2 7 8 9 20 24 30 126 2520
2 7 8 9 20 24 35 36 2520
2 7 8 9 20 24 35 45 2520
2 7 8 9 20 24 35 63 2520
2 7 8 9 20 24 35 72 2520
2 7 8 9 20 24 35 90 2520
2 7 8 9 20 24 35 126 2520
2 7 8 9 20 24 36 70 2520
2 7 8 9 20 24 36 105 2520
2 7 8 9 20 24 40 63 2520
2 7 8 9 20 24 40 126 2520
2 7 8 9 20 24 42 45 2520
2 7 8 9 20 24 42 90 2520
2 7 8 9 20 24 45 56 2520
2 7 8 9 20 24 45 63 2520
2 7 8 9 20 24 45 70 2520
2 7 8 9 20 24 45 84 2520
2 7 8 9 20 24 45 105 2520
2 7 8 9 20 24 45 126 2520
2 7 8 9 20 24 60 63 2520
2 7 8 9 20 24 63 70 2520
2 7 8 9 20 28 30 72 2520
2 7 8 9 20 28 35 72 2520
2 7 8 9 20 28 36 40 2520
2 7 8 9 20 28 36 120 2520
2 7 8 9 20 28 40 45 2520
2 7 8 9 20 28 40 63 2520
2 7 8 9 20 28 40 72 2520
2 7 8 9 20 28 40 90 2520
2 7 8 9 20 28 45 56 2520
2 7 8 9 20 28 45 72 2520
2 7 8 9 20 30 35 72 2520
2 7 8 9 20 30 36 56 2520
2 7 8 9 20 30 40 63 2520
2 7 8 9 20 30 45 56 2520
2 7 8 9 20 35 36 40 2520
2 7 8 9 20 35 36 56 2520
2 7 8 9 20 35 40 45 2520
2 7 8 9 20 36 40 42 2520
2 7 8 9 21 22 24 99 5544
2 7 8 9 21 22 33 72 5544
2 7 8 9 21 22 36 88 5544
2 7 8 9 21 22 44 72 5544
2 7 8 9 21 22 66 72 5544
2 7 8 9 21 23 46 72 11592
2 7 8 9 21 24 26 117 6552
2 7 8 9 21 24 27 54 1512
2 7 8 9 21 24 27 108 1512
2 7 8 9 21 24 28 36 504
2 7 8 9 21 24 28 63 504
2 7 8 9 21 24 28 72 504
2 7 8 9 21 24 28 126 504
2 7 8 9 21 24 30 45 2520
2 7 8 9 21 24 30 90 2520
2 7 8 9 21 24 33 99 5544
2 7 8 9 21 24 35 45 2520
2 7 8 9 21 24 35 90 2520
2 7 8 9 21 24 36 42 504
2 7 8 9 21 24 36 56 504
2 7 8 9 21 24 36 63 504
2 7 8 9 21 24 36 72 504
2 7 8 9 21 24 36 84 504
2 7 8 9 21 24 36 126 504
2 7 8 9 21 24 39 117 6552
2 7 8 9 21 24 40 45 2520
2 7 8 9 21 24 40 90 2520
2 7 8 9 21 24 42 63 504
2 7 8 9 21 24 42 72 504
2 7 8 9 21 24 44 99 5544
2 7 8 9 21 24 45 60 2520
2 7 8 9 21 24 45 70 2520
2 7 8 9 21 24 45 90 2520
2 7 8 9 21 24 56 63 504
2 7 8 9 21 25 50 72 12600
2 7 8 9 21 26 36 104 6552
2 7 8 9 21 26 39 72 6552
2 7 8 9 21 28 36 56 504
2 7 8 9 21 28 36 72 504
2 7 8 9 21 28 40 45 2520
2 7 8 9 21 30 35 72 2520
2 7 8 9 21 30 36 40 2520
2 7 8 9 21 30 40 45 2520
2 7 8 9 21 30 40 63 2520
2 7 8 9 21 35 36 40 2520
2 7 8 9 21 35 40 45 2520
2 7 8 9 21 36 40 45 2520
2 7 8 9 22 24 28 99 5544
2 7 8 9 22 24 33 63 5544
2 7 8 9 22 24 33 126 5544
2 7 8 9 22 24 36 77 5544
2 7 8 9 22 24 44 63 5544
2 7 8 9 22 28 33 72 5544
2 7 8 9 22 33 36 56 5544
2 7 8 9 23 24 46 63 11592
2 7 8 9 24 26 28 117 6552
2 7 8 9 24 26 39 63 6552
2 7 8 9 24 27 28 54 1512
2 7 8 9 24 27 28 108 1512
2 7 8 9 24 28 30 45 2520
2 7 8 9 24 28 30 90 2520
2 7 8 9 24 28 35 45 2520
2 7 8 9 24 28 36 42 504
2 7 8 9 24 28 36 56 504
2 7 8 9 24 28 40 45 2520
2 7 8 9 24 30 35 36 2520
2 7 8 9 24 30 35 45 2520
2 7 8 9 24 35 36 40 2520
2 7 8 9 28 30 36 40 2520
2 7 8 10 11 12 77 120 9240
2 7 8 10 11 12 88 105 9240
2 7 8 10 11 14 20 88 3080
2 7 8 10 11 14 22 40 3080
2 7 8 10 11 14 33 120 9240
2 7 8 10 11 14 35 88 3080
2 7 8 10 11 14 40 44 3080
2 7 8 10 11 14 40 55 3080
2 7 8 10 11 14 40 77 3080
2 7 8 10 11 14 40 88 3080
2 7 8 10 11 14 40 110 3080
2 7 8 10 11 14 55 56 3080
2 7 8 10 11 14 55 88 3080
2 7 8 10 11 14 56 110 3080
2 7 8 10 11 14 66 120 9240
2 7 8 10 11 14 70 88 3080
2 7 8 10 11 14 88 110 3080
2 7 8 10 11 15 21 88 9240
2 7 8 10 11 15 24 77 9240
2 7 8 10 11 15 33 56 9240
2 7 8 10 11 15 42 88 9240
2 7 8 10 11 15 56 66 9240
2 7 8 10 11 15 77 120 9240
2 7 8 10 11 15 84 88 9240
2 7 8 10 11 15 88 105 9240
2 7 8 10 11 16 55 112 6160
2 7 8 10 11 16 77 80 6160
2 7 8 10 11 16 110 112 6160
2 7 8 10 11 20 22 56 3080
2 7 8 10 11 20 28 88 3080
2 7 8 10 11 20 35 88 3080
2 7 8 10 11 20 40 77 3080
2 7 8 10 11 20 44 56 3080
2 7 8 10 11 20 55 56 3080
2 7 8 10 11 20 56 77 3080
2 7 8 10 11 20 56 88 3080
2 7 8 10 11 20 56 110 3080
2 7 8 10 11 20 70 88 3080
2 7 8 10 11 20 77 88 3080
2 7 8 10 11 21 22 120 9240
2 7 8 10 11 21 24 55 9240
2 7 8 10 11 21 24 110 9240
2 7 8 10 11 21 30 88 9240
2 7 8 10 11 21 33 40 9240
2 7 8 10 11 21 33 120 9240
2 7 8 10 11 21 40 66 9240
2 7 8 10 11 21 44 120 9240
2 7 8 10 11 21 55 120 9240
2 7 8 10 11 21 60 88 9240
2 7 8 10 11 21 66 120 9240
2 7 8 10 11 21 77 120 9240
2 7 8 10 11 21 88 105 9240
2 7 8 10 11 21 88 120 9240
2 7 8 10 11 21 110 120 9240
2 7 8 10 11 22 24 105 9240
2 7 8 10 11 22 28 40 3080
2 7 8 10 11 22 35 40 3080
2 7 8 10 11 22 35 56 3080
2 7 8 10 11 22 35 88 3080
2 7 8 10 11 22 40 56 3080
2 7 8 10 11 22 40 70 3080
2 7 8 10 11 22 40 77 3080
2 7 8 10 11 22 42 120 9240
2 7 8 10 11 22 55 56 3080
2 7 8 10 11 22 56 70 3080
2 7 8 10 11 22 56 110 3080
2 7 8 10 11 22 70 88 3080
2 7 8 10 11 22 80 112 6160
2 7 8 10 11 22 84 120 9240
2 7 8 10 11 22 105 120 9240
2 7 8 10 11 24 30 77 9240
2 7 8 10 11 24 33 35 9240
2 7 8 10 11 24 33 70 9240
2 7 8 10 11 24 33 105 9240
2 7 8 10 11 24 35 66 9240
2 7 8 10 11 24 42 55 9240
2 7 8 10 11 24 42 110 9240
2 7 8 10 11 24 44 105 9240
2 7 8 10 11 24 55 84 9240
2 7 8 10 11 24 55 105 9240
2 7 8 10 11 24 60 77 9240
2 7 8 10 11 24 66 70 9240
2 7 8 10 11 24 66 105 9240
2 7 8 10 11 24 77 105 9240
2 7 8 10 11 24 77 120 9240
2 7 8 10 11 24 84 110 9240
2 7 8 10 11 24 88 105 9240
2 7 8 10 11 24 105 110 9240
2 7 8 10 11 28 33 120 9240
2 7 8 10 11 28 35 88 3080
2 7 8 10 11 28 40 44 3080
2 7 8 10 11 28 40 55 3080
2 7 8 10 11 28 40 77 3080
2 7 8 10 11 28 40 88 3080
2 7 8 10 11 28 40 110 3080
2 7 8 10 11 28 55 56 3080
2 7 8 10 11 28 55 88 3080
2 7 8 10 11 28 56 110 3080
2 7 8 10 11 28 66 120 9240
2 7 8 10 11 28 70 88 3080
2 7 8 10 11 28 88 110 3080
2 7 8 10 11 30 33 56 9240
2 7 8 10 11 30 42 88 9240
2 7 8 10 11 30 56 66 9240
2 7 8 10 11 30 77 120 9240
2 7 8 10 11 30 84 88 9240
2 7 8 10 11 30 88 105 9240
2 7 8 10 11 33 35 120 9240
2 7 8 10 11 33 40 42 9240
2 7 8 10 11 33 40 84 9240
2 7 8 10 11 33 40 105 9240
2 7 8 10 11 33 42 120 9240
2 7 8 10 11 33 56 60 9240
2 7 8 10 11 33 56 105 9240
2 7 8 10 11 33 56 120 9240
2 7 8 10 11 33 70 120 9240
2 7 8 10 11 33 77 120 9240
2 7 8 10 11 33 84 120 9240
2 7 8 10 11 33 88 105 9240
2 7 8 10 11 33 105 120 9240
2 7 8 10 11 35 40 44 3080
2 7 8 10 11 35 40 55 3080
2 7 8 10 11 35 40 77 3080
2 7 8 10 11 35 40 88 3080
2 7 8 10 11 35 40 110 3080
2 7 8 10 11 35 44 56 3080
2 7 8 10 11 35 44 88 3080
2 7 8 10 11 35 55 56 3080
2 7 8 10 11 35 55 88 3080
2 7 8 10 11 35 56 77 3080
2 7 8 10 11 35 56 88 3080
2 7 8 10 11 35 56 110 3080
2 7 8 10 11 35 66 120 9240
2 7 8 10 11 35 70 88 3080
2 7 8 10 11 35 72 99 27720
2 7 8 10 11 35 77 88 3080
2 7 8 10 11 35 88 110 3080
2 7 8 10 11 40 42 66 9240
2 7 8 10 11 40 44 56 3080
2 7 8 10 11 40 44 70 3080
2 7 8 10 11 40 44 77 3080
2 7 8 10 11 40 55 56 3080
2 7 8 10 11 40 55 70 3080
2 7 8 10 11 40 55 77 3080
2 7 8 10 11 40 56 77 3080
2 7 8 10 11 40 56 88 3080
2 7 8 10 11 40 56 110 3080
2 7 8 10 11 40 63 99 27720
2 7 8 10 11 40 66 84 9240
2 7 8 10 11 40 66 105 9240
2 7 8 10 11 40 70 77 3080
2 7 8 10 11 40 70 88 3080
2 7 8 10 11 40 70 110 3080
2 7 8 10 11 40 77 88 3080
2 7 8 10 11 40 77 110 3080
2 7 8 10 11 40 99 126 27720
2 7 8 10 11 42 44 120 9240
2 7 8 10 11 42 55 120 9240
2 7 8 10 11 42 60 88 9240
2 7 8 10 11 42 66 120 9240
2 7 8 10 11 42 77 120 9240
2 7 8 10 11 42 88 105 9240
2 7 8 10 11 42 88 120 9240
2 7 8 10 11 44 55 56 3080
2 7 8 10 11 44 56 70 3080
2 7 8 10 11 44 56 110 3080
2 7 8 10 11 44 70 88 3080
2 7 8 10 11 44 80 112 6160
2 7 8 10 11 44 84 120 9240
2 7 8 10 11 45 56 99 27720
2 7 8 10 11 45 63 88 27720
2 7 8 10 11 45 72 77 27720
2 7 8 10 11 45 88 126 27720
2 7 8 10 11 55 56 70 3080
2 7 8 10 11 55 56 77 3080
2 7 8 10 11 55 56 88 3080
2 7 8 10 11 55 56 110 3080
2 7 8 10 11 55 63 72 27720
2 7 8 10 11 55 70 88 3080
2 7 8 10 11 55 77 88 3080
2 7 8 10 11 56 60 66 9240
2 7 8 10 11 56 66 105 9240
2 7 8 10 11 56 66 120 9240
2 7 8 10 11 56 70 77 3080
2 7 8 10 11 56 70 88 3080
2 7 8 10 12 13 91 120 10920
2 7 8 10 12 13 104 105 10920
2 7 8 10 12 14 15 24 840
2 7 8 10 12 14 15 40 840
2 7 8 10 12 14 15 56 840
2 7 8 10 12 14 15 120 840
2 7 8 10 12 14 20 24 840
2 7 8 10 12 14 20 120 840
2 7 8 10 12 14 21 40 840
2 7 8 10 12 14 21 120 840
2 7 8 10 12 14 24 30 840
2 7 8 10 12 14 24 35 840
2 7 8 10 12 14 24 40 840
2 7 8 10 12 14 24 60 840
2 7 8 10 12 14 24 70 840
2 7 8 10 12 14 24 105 840
2 7 8 10 12 14 24 120 840
2 7 8 10 12 14 28 120 840
2 7 8 10 12 14 30 40 840
2 7 8 10 12 14 30 56 840
2 7 8 10 12 14 30 120 840
2 7 8 10 12 14 35 120 840
2 7 8 10 12 14 40 42 840
2 7 8 10 12 14 40 60 840
2 7 8 10 12 14 40 84 840
2 7 8 10 12 14 40 105 840
2 7 8 10 12 14 40 120 840
2 7 8 10 12 14 42 120 840
2 7 8 10 12 14 45 72 2520
2 7 8 10 12 14 48 80 1680
2 7 8 10 12 14 56 60 840
2 7 8 10 12 14 56 105 840
2 7 8 10 12 14 56 120 840
2 7 8 10 12 14 60 120 840
2 7 8 10 12 14 70 120 840
2 7 8 10 12 14 72 90 2520
2 7 8 10 12 14 84 120 840
2 7 8 10 12 14 105 120 840
2 7 8 10 12 15 16 112 1680
2 7 8 10 12 15 20 56 840
2 7 8 10 12 15 21 24 840
2 7 8 10 12 15 21 40 840
2 7 8 10 12 15 21 56 840
2 7 8 10 12 15 21 120 840
2 7 8 10 12 15 24 28 840
2 7 8 10 12 15 24 35 840
2 7 8 10 12 15 24 42 840
2 7 8 10 12 15 24 56 840
2 7 8 10 12 15 24 70 840
2 7 8 10 12 15 24 84 840
2 7 8 10 12 15 24 105 840
2 7 8 10 12 15 28 40 840
2 7 8 10 12 15 28 56 840
2 7 8 10 12 15 28 120 840
2 7 8 10 12 15 30 56 840
2 7 8 10 12 15 35 40 840
2 7 8 10 12 15 35 56 840
2 7 8 10 12 15 35 120 840
2 7 8 10 12 15 40 42 840
2 7 8 10 12 15 40 56 840
2 7 8 10 12 15 40 70 840
2 7 8 10 12 15 40 84 840
2 7 8 10 12 15 40 105 840
2 7 8 10 12 15 42 56 840
2 7 8 10 12 15 42 120 840
2 7 8 10 12 15 48 112 1680
2 7 8 10 12 15 56 60 840
2 7 8 10 12 15 56 70 840
2 7 8 10 12 15 56 84 840
2 7 8 10 12 15 56 105 840
2 7 8 10 12 15 56 120 840
2 7 8 10 12 15 63 72 2520
2 7 8 10 12 15 70 120 840
2 7 8 10 12 15 72 126 2520
2 7 8 10 12 15 77 88 9240
2 7 8 10 12 15 80 112 1680
2 7 8 10 12 15 84 120 840
2 7 8 10 12 15 91 104 10920
2 7 8 10 12 15 105 120 840
2 7 8 10 12 16 21 80 1680
2 7 8 10 12 16 30 112 1680
2 7 8 10 12 16 35 48 1680
2 7 8 10 12 16 42 80 1680
2 7 8 10 12 16 48 70 1680
2 7 8 10 12 16 48 105 1680
2 7 8 10 12 16 60 112 1680
2 7 8 10 12 16 80 84 1680
2 7 8 10 12 16 80 105 1680
2 7 8 10 12 16 105 112 1680
2 7 8 10 12 16 112 120 1680
2 7 8 10 12 17 119 120 14280
2 7 8 10 12 18 35 72 2520
2 7 8 10 12 18 40 63 2520
2 7 8 10 12 18 40 126 2520
2 7 8 10 12 18 45 56 2520
2 7 8 10 12 18 56 90 2520
2 7 8 10 12 18 63 120 2520
2 7 8 10 12 18 70 72 2520
2 7 8 10 12 18 72 105 2520
2 7 8 10 12 18 120 126 2520
2 7 8 10 12 20 21 24 840
2 7 8 10 12 20 21 40 840
2 7 8 10 12 20 21 56 840
2 7 8 10 12 20 21 120 840
2 7 8 10 12 20 24 28 840
2 7 8 10 12 20 24 35 840
2 7 8 10 12 20 24 42 840
2 7 8 10 12 20 24 56 840
2 7 8 10 12 20 24 70 840
2 7 8 10 12 20 24 84 840
2 7 8 10 12 20 24 105 840
2 7 8 10 12 20 28 120 840
2 7 8 10 12 20 30 56 840
2 7 8 10 12 20 35 120 840
2 7 8 10 12 20 40 42 840
2 7 8 10 12 20 40 84 840
2 7 8 10 12 20 40 105 840
2 7 8 10 12 20 42 56 840
2 7 8 10 12 20 42 120 840
2 7 8 10 12 20 48 112 1680
2 7 8 10 12 20 56 60 840
2 7 8 10 12 20 56 84 840
2 7 8 10 12 20 56 105 840
2 7 8 10 12 20 56 120 840
2 7 8 10 12 20 63 72 2520
2 7 8 10 12 20 70 120 840
2 7 8 10 12 20 72 126 2520
2 7 8 10 12 20 84 120 840
2 7 8 10 12 20 105 120 840
2 7 8 10 12 21 24 30 840
2 7 8 10 12 21 24 35 840
2 7 8 10 12 21 24 40 840
2 7 8 10 12 21 24 60 840
2 7 8 10 12 21 24 70 840
2 7 8 10 12 21 24 105 840
2 7 8 10 12 21 24 120 840
2 7 8 10 12 21 28 40 840
2 7 8 10 12 21 28 120 840
2 7 8 10 12 21 30 40 840
2 7 8 10 12 21 30 56 840
2 7 8 10 12 21 30 120 840
2 7 8 10 12 21 35 40 840
2 7 8 10 12 21 35 56 840
2 7 8 10 12 21 35 120 840
2 7 8 10 12 21 40 42 840
2 7 8 10 12 21 40 56 840
2 7 8 10 12 21 40 60 840
2 7 8 10 12 21 40 70 840
2 7 8 10 12 21 40 84 840
2 7 8 10 12 21 40 105 840
2 7 8 10 12 21 40 120 840
2 7 8 10 12 21 42 120 840
2 7 8 10 12 21 45 72 2520
2 7 8 10 12 21 48 80 1680
2 7 8 10 12 21 55 88 9240
2 7 8 10 12 21 56 60 840
2 7 8 10 12 21 56 70 840
2 7 8 10 12 21 56 105 840
2 7 8 10 12 21 56 120 840
2 7 8 10 12 21 60 120 840
2 7 8 10 12 21 65 104 10920
2 7 8 10 12 21 70 120 840
2 7 8 10 12 21 72 90 2520
2 7 8 10 12 21 80 112 1680
2 7 8 10 12 21 84 120 840
2 7 8 10 12 21 88 110 9240
2 7 8 10 12 21 105 120 840
2 7 8 10 12 22 77 120 9240
2 7 8 10 12 22 88 105 9240
2 7 8 10 12 24 28 30 840
2 7 8 10 12 24 28 35 840
2 7 8 10 12 24 28 40 840
2 7 8 10 12 24 28 60 840
2 7 8 10 12 24 28 70 840
2 7 8 10 12 24 28 105 840
2 7 8 10 12 24 28 120 840
2 7 8 10 12 24 30 35 840
2 7 8 10 12 24 30 42 840
2 7 8 10 12 24 30 56 840
2 7 8 10 12 24 30 70 840
2 7 8 10 12 24 30 84 840
2 7 8 10 12 24 30 105 840
2 7 8 10 12 24 35 40 840
2 7 8 10 12 24 35 42 840
2 7 8 10 12 24 35 56 840
2 7 8 10 12 24 35 60 840
2 7 8 10 12 24 35 70 840
2 7 8 10 12 24 35 84 840
2 7 8 10 12 24 35 105 840
2 7 8 10 12 24 35 120 840
2 7 8 10 12 24 40 42 840
2 7 8 10 12 24 40 56 840
2 7 8 10 12 24 40 70 840
2 7 8 10 12 24 40 84 840
2 7 8 10 12 24 40 105 840
2 7 8 10 12 24 42 60 840
2 7 8 10 12 24 42 70 840
2 7 8 10 12 24 42 105 840
2 7 8 10 12 24 42 120 840
2 7 8 10 12 24 45 63 2520
2 7 8 10 12 24 45 126 2520
2 7 8 10 12 24 55 77 9240
2 7 8 10 12 24 56 60 840
2 7 8 10 12 24 56 70 840
2 7 8 10 12 24 56 105 840
2 7 8 10 12 24 56 120 840
2 7 8 10 12 24 60 70 840
2 7 8 10 12 24 60 84 840
2 7 8 10 12 24 60 105 840
2 7 8 10 12 24 63 90 2520
2 7 8 10 12 24 65 91 10920
2 7 8 10 12 24 70 84 840
2 7 8 10 12 24 70 105 840
2 7 8 10 12 24 70 120 840
2 7 8 10 12 24 77 110 9240
2 7 8 10 12 24 80 112 1680
2 7 8 10 12 24 84 105 840
2 7 8 10 12 24 84 120 840
2 7 8 10 12 24 85 119 14280
2 7 8 10 12 24 90 126 2520
2 7 8 10 12 24 105 120 840
2 7 8 10 12 25 56 75 4200
2 7 8 10 12 26 91 120 10920
2 7 8 10 12 26 104 105 10920
2 7 8 10 12 28 30 40 840
2 7 8 10 12 28 30 56 840
2 7 8 10 12 28 30 120 840
2 7 8 10 12 28 35 120 840
2 7 8 10 12 28 40 42 840
2 7 8 10 12 28 40 60 840
2 7 8 10 12 28 40 84 840
2 7 8 10 12 28 40 105 840
2 7 8 10 12 28 40 120 840
2 7 8 10 12 28 42 120 840
2 7 8 10 12 28 45 72 2520
2 7 8 10 12 28 48 80 1680
2 7 8 10 12 28 56 60 840
2 7 8 10 12 28 56 105 840
2 7 8 10 12 28 56 120 840
2 7 8 10 12 28 60 120 840
2 7 8 10 12 28 70 120 840
2 7 8 10 12 28 72 90 2520
2 7 8 10 12 28 84 120 840
2 7 8 10 12 28 105 120 840
2 7 8 10 12 30 35 40 840
2 7 8 10 12 30 35 56 840
2 7 8 10 12 30 35 120 840
2 7 8 10 12 30 40 42 840
2 7 8 10 12 30 40 56 840
2 7 8 10 12 30 40 70 840
2 7 8 10 12 30 40 84 840
2 7 8 10 12 30 40 105 840
2 7 8 10 12 30 42 56 840
2 7 8 10 12 30 42 120 840
2 7 8 10 12 30 48 112 1680
2 7 8 10 12 30 56 60 840
2 7 8 10 12 30 56 70 840
2 7 8 10 12 30 56 84 840
2 7 8 10 12 30 56 105 840
2 7 8 10 12 30 56 120 840
2 7 8 10 12 30 63 72 2520
2 7 8 10 12 30 70 120 840
2 7 8 10 12 30 72 126 2520
2 7 8 10 12 30 77 88 9240
2 7 8 10 12 30 80 112 1680
2 7 8 10 12 30 84 120 840
2 7 8 10 12 30 91 104 10920
2 7 8 10 12 30 105 120 840
2 7 8 10 12 32 35 96 3360
2 7 8 10 12 32 70 96 3360
2 7 8 10 12 32 96 105 3360
2 7 8 10 12 33 35 88 9240
2 7 8 10 12 33 40 77 9240
2 7 8 10 12 33 55 56 9240
2 7 8 10 12 33 56 110 9240
2 7 8 10 12 33 70 88 9240
2 7 8 10 12 33 77 120 9240
2 7 8 10 12 33 88 105 9240
2 7 8 10 12 35 36 72 2520
2 7 8 10 12 35 39 104 10920
2 7 8 10 12 35 40 42 840
2 7 8 10 12 35 40 60 840
2 7 8 10 12 35 40 84 840
2 7 8 10 12 35 40 105 840
2 7 8 10 12 35 40 120 840
2 7 8 10 12 35 42 56 840
2 7 8 10 12 35 42 120 840
2 7 8 10 12 35 45 72 2520
2 7 8 10 12 35 48 80 1680
2 7 8 10 12 35 48 112 1680
2 7 8 10 12 35 56 60 840
2 7 8 10 12 35 56 84 840
2 7 8 10 12 35 56 105 840
2 7 8 10 12 35 56 120 840
2 7 8 10 12 35 60 120 840
2 7 8 10 12 35 63 72 2520
2 7 8 10 12 35 66 88 9240
2 7 8 10 12 35 70 120 840
2 7 8 10 12 35 72 90 2520
2 7 8 10 12 35 72 126 2520
2 7 8 10 12 35 78 104 10920
2 7 8 10 12 36 40 63 2520
2 7 8 10 12 36 40 126 2520
2 7 8 10 12 36 45 56 2520
2 7 8 10 12 36 56 90 2520
2 7 8 10 12 36 63 120 2520
2 7 8 10 12 36 70 72 2520
2 7 8 10 12 36 72 105 2520
2 7 8 10 12 39 40 91 10920
2 7 8 10 12 39 56 65 10920
2 7 8 10 12 39 70 104 10920
2 7 8 10 12 40 42 56 840
2 7 8 10 12 40 42 60 840
2 7 8 10 12 40 42 70 840
2 7 8 10 12 40 42 84 840
2 7 8 10 12 40 42 105 840
2 7 8 10 12 40 42 120 840
2 7 8 10 12 40 45 63 2520
2 7 8 10 12 40 45 126 2520
2 7 8 10 12 40 48 112 1680
2 7 8 10 12 40 51 119 14280
2 7 8 10 12 40 56 60 840
2 7 8 10 12 40 56 84 840
2 7 8 10 12 40 56 105 840
2 7 8 10 12 40 56 120 840
2 7 8 10 12 40 60 70 840
2 7 8 10 12 40 60 84 840
2 7 8 10 12 40 60 105 840
2 7 8 10 12 40 63 72 2520
2 7 8 10 12 40 63 90 2520
2 7 8 10 12 40 66 77 9240
2 7 8 10 12 40 70 84 840
2 7 8 10 12 42 45 72 2520
2 7 8 10 12 42 48 80 1680
2 7 8 10 12 42 55 88 9240
2 7 8 10 12 42 56 60 840
2 7 8 10 12 42 56 70 840
2 7 8 10 12 42 56 105 840
2 7 8 10 12 42 56 120 840
2 7 8 10 12 45 56 63 2520
2 7 8 10 12 45 56 72 2520
2 7 8 10 12 45 56 90 2520
2 7 8 10 12 45 63 72 2520
2 7 8 10 12 45 70 72 2520
2 7 8 10 12 48 56 80 1680
2 7 8 10 12 50 56 75 4200
2 7 8 10 12 51 56 85 14280
2 7 8 10 12 55 56 66 9240
2 7 8 10 13 14 20 104 3640
2 7 8 10 13 14 26 40 3640
2 7 8 10 13 14 35 104 3640
2 7 8 10 13 14 39 120 10920
2 7 8 10 13 14 40 52 3640
2 7 8 10 13 14 40 65 3640
2 7 8 10 13 14 40 91 3640
2 7 8 10 13 14 40 104 3640
2 7 8 10 13 14 56 65 3640
2 7 8 10 13 14 65 104 3640
2 7 8 10 13 14 70 104 3640
2 7 8 10 13 14 78 120 10920
2 7 8 10 13 15 21 104 10920
2 7 8 10 13 15 24 91 10920
2 7 8 10 13 15 39 56 10920
2 7 8 10 13 15 42 104 10920
2 7 8 10 13 15 56 78 10920
2 7 8 10 13 15 84 104 10920
2 7 8 10 13 15 91 120 10920
2 7 8 10 13 15 104 105 10920
2 7 8 10 13 16 65 112 7280
2 7 8 10 13 16 80 91 7280
2 7 8 10 13 20 26 56 3640
2 7 8 10 13 20 28 104 3640
2 7 8 10 13 20 35 104 3640
2 7 8 10 13 20 40 91 3640
2 7 8 10 13 20 52 56 3640
2 7 8 10 13 20 56 65 3640
2 7 8 10 13 20 56 91 3640
2 7 8 10 13 20 56 104 3640
2 7 8 10 13 20 70 104 3640
2 7 8 10 13 20 91 104 3640
2 7 8 10 13 21 24 65 10920
2 7 8 10 13 21 26 120 10920
2 7 8 10 13 21 30 104 10920
2 7 8 10 13 21 39 40 10920
2 7 8 10 13 21 39 120 10920
2 7 8 10 13 21 40 78 10920
2 7 8 10 13 21 52 120 10920
2 7 8 10 13 21 60 104 10920
2 7 8 10 13 21 65 120 10920
2 7 8 10 13 21 78 120 10920
2 7 8 10 13 21 91 120 10920
2 7 8 10 13 21 104 105 10920
2 7 8 10 13 21 104 120 10920
2 7 8 10 13 24 26 105 10920
2 7 8 10 13 24 30 91 10920
2 7 8 10 13 24 35 39 10920
2 7 8 10 13 24 35 78 10920
2 7 8 10 13 24 39 70 10920
2 7 8 10 13 24 39 105 10920
2 7 8 10 13 24 42 65 10920
2 7 8 10 13 24 52 105 10920
2 7 8 10 13 24 60 91 10920
2 7 8 10 13 24 65 84 10920
2 7 8 10 13 24 65 105 10920
2 7 8 10 13 24 70 78 10920
2 7 8 10 13 24 78 105 10920
2 7 8 10 13 24 91 105 10920
2 7 8 10 13 24 91 120 10920
2 7 8 10 13 24 104 105 10920
2 7 8 10 13 26 28 40 3640
2 7 8 10 13 26 35 40 3640
2 7 8 10 13 26 35 56 3640
2 7 8 10 13 26 35 104 3640
2 7 8 10 13 26 40 56 3640
2 7 8 10 13 26 40 70 3640
2 7 8 10 13 26 40 91 3640
2 7 8 10 13 26 42 120 10920
2 7 8 10 13 26 56 65 3640
2 7 8 10 13 26 56 70 3640
2 7 8 10 13 26 70 104 3640
2 7 8 10 13 26 80 112 7280
2 7 8 10 13 26 84 120 10920
2 7 8 10 13 26 105 120 10920
2 7 8 10 13 28 35 104 3640
2 7 8 10 13 28 39 120 10920
2 7 8 10 13 28 40 52 3640
2 7 8 10 13 28 40 65 3640
2 7 8 10 13 28 40 91 3640
2 7 8 10 13 28 40 104 3640
2 7 8 10 13 28 56 65 3640
2 7 8 10 13 28 65 104 3640
2 7 8 10 13 28 70 104 3640
2 7 8 10 13 28 78 120 10920
2 7 8 10 13 30 39 56 10920
2 7 8 10 13 30 42 104 10920
2 7 8 10 13 30 56 78 10920
2 7 8 10 13 35 39 120 10920
2 7 8 10 13 35 40 52 3640
2 7 8 10 13 35 40 65 3640
2 7 8 10 13 35 40 91 3640
2 7 8 10 13 35 40 104 3640
2 7 8 10 13 35 52 56 3640
2 7 8 10 13 35 52 104 3640
2 7 8 10 13 35 56 65 3640
2 7 8 10 13 35 56 91 3640
2 7 8 10 13 35 56 104 3640
2 7 8 10 13 39 40 42 10920
2 7 8 10 13 39 40 84 10920
2 7 8 10 13 39 40 105 10920
2 7 8 10 13 39 42 120 10920
2 7 8 10 13 39 56 60 10920
2 7 8 10 13 40 42 78 10920
2 7 8 10 13 40 52 56 3640
2 7 8 10 13 40 52 70 3640
2 7 8 10 13 40 56 65 3640
2 7 8 10 14 15 16 48 1680
2 7 8 10 14 15 18 72 2520
2 7 8 10 14 15 20 24 840
2 7 8 10 14 15 20 120 840
2 7 8 10 14 15 21 24 840
2 7 8 10 14 15 21 40 840
2 7 8 10 14 15 21 56 840
2 7 8 10 14 15 21 120 840
2 7 8 10 14 15 24 28 840
2 7 8 10 14 15 24 30 840
2 7 8 10 14 15 24 35 840
2 7 8 10 14 15 24 40 840
2 7 8 10 14 15 24 42 840
2 7 8 10 14 15 24 56 840
2 7 8 10 14 15 24 60 840
2 7 8 10 14 15 24 70 840
2 7 8 10 14 15 24 84 840
2 7 8 10 14 15 24 105 840
2 7 8 10 14 15 24 120 840
2 7 8 10 14 15 28 120 840
2 7 8 10 14 15 30 40 840
2 7 8 10 14 15 30 56 840
2 7 8 10 14 15 30 120 840
2 7 8 10 14 15 32 96 3360
2 7 8 10 14 15 33 88 9240
2 7 8 10 14 15 35 120 840
2 7 8 10 14 15 36 72 2520
2 7 8 10 14 15 39 104 10920
2 7 8 10 14 15 40 42 840
2 7 8 10 14 15 40 60 840
2 7 8 10 14 15 40 84 840
2 7 8 10 14 15 40 105 840
2 7 8 10 14 15 40 120 840
2 7 8 10 14 15 42 56 840
2 7 8 10 14 15 42 120 840
2 7 8 10 14 15 45 72 2520
2 7 8 10 14 15 48 80 1680
2 7 8 10 14 15 48 112 1680
2 7 8 10 14 15 56 60 840
2 7 8 10 14 15 56 84 840
2 7 8 10 14 15 56 105 840
2 7 8 10 14 15 56 120 840
2 7 8 10 14 15 60 120 840
2 7 8 10 14 15 63 72 2520
2 7 8 10 14 15 66 88 9240
2 7 8 10 14 15 70 120 840
2 7 8 10 14 15 72 90 2520
2 7 8 10 14 15 72 126 2520
2 7 8 10 14 15 78 104 10920
2 7 8 10 14 15 84 120 840
2 7 8 10 14 15 105 120 840
2 7 8 10 14 16 20 80 560
2 7 8 10 14 16 20 112 560
2 7 8 10 14 16 28 80 560
2 7 8 10 14 16 30 48 1680
2 7 8 10 14 16 35 80 560
2 7 8 10 14 16 35 112 560
2 7 8 10 14 16 40 80 560
2 7 8 10 14 16 40 112 560
2 7 8 10 14 16 48 60 1680
2 7 8 10 14 16 48 105 1680
2 7 8 10 14 16 48 120 1680
2 7 8 10 14 16 56 80 560
2 7 8 10 14 16 70 80 560
2 7 8 10 14 16 70 112 560
2 7 8 10 14 16 80 112 560
2 7 8 10 14 17 34 40 4760
2 7 8 10 14 17 40 68 4760
2 7 8 10 14 17 40 85 4760
2 7 8 10 14 17 40 119 4760
2 7 8 10 14 17 51 120 14280
2 7 8 10 14 17 56 85 4760
2 7 8 10 14 17 102 120 14280
2 7 8 10 14 18 20 72 2520
2 7 8 10 14 18 24 45 2520
2 7 8 10 14 18 24 90 2520
2 7 8 10 14 18 30 72 2520
2 7 8 10 14 18 35 72 2520
2 7 8 10 14 18 36 40 2520
2 7 8 10 14 18 36 120 2520
2 7 8 10 14 18 40 45 2520
2 7 8 10 14 18 40 63 2520
2 7 8 10 14 18 40 72 2520
2 7 8 10 14 18 40 90 2520
2 7 8 10 14 18 40 126 2520
2 7 8 10 14 18 45 56 2520
2 7 8 10 14 18 45 72 2520
2 7 8 10 14 18 45 120 2520
2 7 8 10 14 18 56 90 2520
2 7 8 10 14 18 60 72 2520
2 7 8 10 14 18 63 120 2520
2 7 8 10 14 18 70 72 2520
2 7 8 10 14 18 72 90 2520
2 7 8 10 14 18 72 105 2520
2 7 8 10 14 18 72 120 2520
2 7 8 10 14 18 90 120 2520
2 7 8 10 14 18 120 126 2520
2 7 8 10 14 19 38 40 5320
2 7 8 10 14 19 40 76 5320
2 7 8 10 14 19 40 95 5320
2 7 8 10 14 19 56 95 5320
2 7 8 10 14 19 57 120 15960
2 7 8 10 14 19 114 120 15960
2 7 8 10 14 20 21 24 840
2 7 8 10 14 20 21 120 840
2 7 8 10 14 20 22 88 3080
2 7 8 10 14 20 24 30 840
2 7 8 10 14 20 24 42 840
2 7 8 10 14 20 24 60 840
2 7 8 10 14 20 24 84 840
2 7 8 10 14 20 24 105 840
2 7 8 10 14 20 24 120 840
2 7 8 10 14 20 26 104 3640
2 7 8 10 14 20 28 40 280
2 7 8 10 14 20 28 56 280
2 7 8 10 14 20 30 120 840
2 7 8 10 14 20 35 40 280
2 7 8 10 14 20 35 56 280
2 7 8 10 14 20 36 72 2520
2 7 8 10 14 20 40 56 280
2 7 8 10 14 20 40 70 280
2 7 8 10 14 20 42 120 840
2 7 8 10 14 20 44 88 3080
2 7 8 10 14 20 45 72 2520
2 7 8 10 14 20 52 104 3640
2 7 8 10 14 20 55 88 3080
2 7 8 10 14 20 56 70 280
2 7 8 10 14 20 60 120 840
2 7 8 10 14 20 63 72 2520
2 7 8 10 14 20 65 104 3640
2 7 8 10 14 20 72 90 2520
2 7 8 10 14 20 72 126 2520
2 7 8 10 14 20 77 88 3080
2 7 8 10 14 20 80 112 560
2 7 8 10 14 20 84 120 840
2 7 8 10 14 20 88 110 3080
2 7 8 10 14 20 91 104 3640
2 7 8 10 14 20 105 120 840
2 7 8 10 14 21 24 30 840
2 7 8 10 14 21 24 35 840
2 7 8 10 14 21 24 40 840
2 7 8 10 14 21 24 60 840
2 7 8 10 14 21 24 70 840
2 7 8 10 14 21 24 105 840
2 7 8 10 14 21 24 120 840
2 7 8 10 14 21 28 120 840
2 7 8 10 14 21 30 40 840
2 7 8 10 14 21 30 56 840
2 7 8 10 14 21 30 120 840
2 7 8 10 14 21 35 120 840
2 7 8 10 14 21 40 42 840
2 7 8 10 14 21 40 60 840
2 7 8 10 14 21 40 84 840
2 7 8 10 14 21 40 105 840
2 7 8 10 14 21 40 120 840
2 7 8 10 14 21 42 120 840
2 7 8 10 14 21 45 72 2520
2 7 8 10 14 21 48 80 1680
2 7 8 10 14 21 56 60 840
2 7 8 10 14 21 56 105 840
2 7 8 10 14 21 56 120 840
2 7 8 10 14 21 60 120 840
2 7 8 10 14 21 70 120 840
2 7 8 10 14 21 72 90 2520
2 7 8 10 14 21 84 120 840
2 7 8 10 14 21 105 120 840
2 7 8 10 14 22 33 120 9240
2 7 8 10 14 22 35 88 3080
2 7 8 10 14 22 40 44 3080
2 7 8 10 14 22 40 55 3080
2 7 8 10 14 22 40 77 3080
2 7 8 10 14 22 40 88 3080
2 7 8 10 14 22 40 110 3080
2 7 8 10 14 22 55 56 3080
2 7 8 10 14 22 55 88 3080
2 7 8 10 14 22 56 110 3080
2 7 8 10 14 22 66 120 9240
2 7 8 10 14 22 70 88 3080
2 7 8 10 14 22 88 110 3080
2 7 8 10 14 23 40 46 6440
2 7 8 10 14 23 40 92 6440
2 7 8 10 14 23 40 115 6440
2 7 8 10 14 23 56 115 6440
2 7 8 10 14 23 69 120 19320
2 7 8 10 14 24 25 75 4200
2 7 8 10 14 24 28 30 840
2 7 8 10 14 24 28 60 840
2 7 8 10 14 24 28 105 840
2 7 8 10 14 24 28 120 840
2 7 8 10 14 24 30 35 840
2 7 8 10 14 24 30 40 840
2 7 8 10 14 24 30 42 840
2 7 8 10 14 24 30 56 840
2 7 8 10 14 24 30 60 840
2 7 8 10 14 24 30 70 840
2 7 8 10 14 24 30 84 840
2 7 8 10 14 24 30 105 840
2 7 8 10 14 24 30 120 840
2 7 8 10 14 24 33 55 9240
2 7 8 10 14 24 33 110 9240
2 7 8 10 14 24 35 42 840
2 7 8 10 14 24 35 60 840
2 7 8 10 14 24 35 84 840
2 7 8 10 14 24 35 105 840
2 7 8 10 14 24 35 120 840
2 7 8 10 14 24 36 45 2520
2 7 8 10 14 24 36 90 2520
2 7 8 10 14 24 39 65 10920
2 7 8 10 14 24 40 42 840
2 7 8 10 14 24 40 60 840
2 7 8 10 14 24 40 84 840
2 7 8 10 14 24 40 105 840
2 7 8 10 14 24 40 120 840
2 7 8 10 14 24 42 60 840
2 7 8 10 14 24 42 70 840
2 7 8 10 14 24 42 105 840
2 7 8 10 14 24 42 120 840
2 7 8 10 14 24 45 63 2520
2 7 8 10 14 24 45 72 2520
2 7 8 10 14 24 45 90 2520
2 7 8 10 14 24 45 126 2520
2 7 8 10 14 24 48 80 1680
2 7 8 10 14 24 50 75 4200
2 7 8 10 14 24 51 85 14280
2 7 8 10 14 24 55 66 9240
2 7 8 10 14 24 56 60 840
2 7 8 10 14 24 56 105 840
2 7 8 10 14 24 56 120 840
2 7 8 10 14 24 57 95 15960
2 7 8 10 14 24 60 70 840
2 7 8 10 14 24 60 84 840
2 7 8 10 14 24 60 105 840
2 7 8 10 14 24 60 120 840
2 7 8 10 14 24 63 90 2520
2 7 8 10 14 24 65 78 10920
2 7 8 10 14 24 66 110 9240
2 7 8 10 14 24 69 115 19320
2 7 8 10 14 24 70 84 840
2 7 8 10 14 24 70 105 840
2 7 8 10 14 24 70 120 840
2 7 8 10 14 24 72 90 2520
2 7 8 10 14 24 75 100 4200
2 7 8 10 14 24 84 105 840
2 7 8 10 14 24 84 120 840
2 7 8 10 14 24 85 102 14280
2 7 8 10 14 24 95 114 15960
2 7 8 10 14 25 40 50 1400
2 7 8 10 14 25 40 100 1400
2 7 8 10 14 25 50 56 1400
2 7 8 10 14 25 56 100 1400
2 7 8 10 14 25 75 120 4200
2 7 8 10 14 26 35 104 3640
2 7 8 10 14 26 39 120 10920
2 7 8 10 14 26 40 52 3640
2 7 8 10 14 26 40 65 3640
2 7 8 10 14 26 40 91 3640
2 7 8 10 14 26 40 104 3640
2 7 8 10 14 26 56 65 3640
2 7 8 10 14 26 65 104 3640
2 7 8 10 14 26 70 104 3640
2 7 8 10 14 27 40 54 7560
2 7 8 10 14 27 40 108 7560
2 7 8 10 14 27 54 120 7560
2 7 8 10 14 28 30 120 840
2 7 8 10 14 28 35 40 280
2 7 8 10 14 28 35 56 280
2 7 8 10 14 28 40 56 280
2 7 8 10 14 28 40 70 280
2 7 8 10 14 28 42 120 840
2 7 8 10 14 28 45 72 2520
2 7 8 10 14 28 55 88 3080
2 7 8 10 14 28 56 70 280
2 7 8 10 14 29 40 58 8120
2 7 8 10 14 29 40 116 8120
2 7 8 10 14 30 32 96 3360
2 7 8 10 14 30 33 88 9240
2 7 8 10 14 30 35 120 840
2 7 8 10 14 30 36 72 2520
2 7 8 10 14 30 39 104 10920
2 7 8 10 14 30 40 42 840
2 7 8 10 14 30 40 60 840
2 7 8 10 14 30 40 84 840
2 7 8 10 14 30 40 105 840
2 7 8 10 14 30 40 120 840
2 7 8 10 14 30 42 56 840
2 7 8 10 14 30 42 120 840
2 7 8 10 14 30 45 72 2520
2 7 8 10 14 30 48 80 1680
2 7 8 10 14 30 48 112 1680
2 7 8 10 14 30 56 60 840
2 7 8 10 14 30 56 84 840
2 7 8 10 14 30 63 72 2520
2 7 8 10 14 31 40 62 8680
2 7 8 10 14 31 40 124 8680
2 7 8 10 14 33 40 66 9240
2 7 8 10 14 33 44 120 9240
2 7 8 10 14 34 40 68 4760
2 7 8 10 14 34 40 85 4760
2 7 8 10 14 34 40 119 4760
2 7 8 10 14 35 36 72 2520
2 7 8 10 14 35 40 56 280
2 7 8 10 14 35 40 70 280
2 7 8 10 14 35 44 88 3080
2 7 8 10 14 35 45 72 2520
2 7 8 10 14 36 40 45 2520
2 7 8 10 14 36 40 63 2520
2 7 8 10 14 36 40 72 2520
2 7 8 10 14 36 40 90 2520
2 7 8 10 14 36 45 56 2520
2 7 8 10 14 36 45 72 2520
2 7 8 10 14 37 40 74 10360
2 7 8 10 14 38 40 76 5320
2 7 8 10 14 38 40 95 5320
2 7 8 10 14 39 40 78 10920
2 7 8 10 14 40 41 82 11480
2 7 8 10 14 40 42 60 840
2 7 8 10 14 40 44 55 3080
2 7 8 10 14 40 45 63 2520
2 7 8 10 14 40 45 72 2520
2 7 8 10 15 16 21 48 1680
2 7 8 10 15 16 21 80 1680
2 7 8 10 15 16 21 112 1680
2 7 8 10 15 16 24 112 1680
2 7 8 10 15 16 28 48 1680
2 7 8 10 15 16 30 112 1680
2 7 8 10 15 16 35 48 1680
2 7 8 10 15 16 42 48 1680
2 7 8 10 15 16 42 80 1680
2 7 8 10 15 16 42 112 1680
2 7 8 10 15 16 48 56 1680
2 7 8 10 15 16 48 70 1680
2 7 8 10 15 16 48 84 1680
2 7 8 10 15 16 48 105 1680
2 7 8 10 15 16 48 112 1680
2 7 8 10 15 16 60 112 1680
2 7 8 10 15 16 80 84 1680
2 7 8 10 15 16 80 105 1680
2 7 8 10 15 16 84 112 1680
2 7 8 10 15 16 105 112 1680
2 7 8 10 15 16 112 120 1680
2 7 8 10 15 17 24 119 14280
2 7 8 10 15 17 51 56 14280
2 7 8 10 15 17 56 102 14280
2 7 8 10 15 17 119 120 14280
2 7 8 10 15 18 21 72 2520
2 7 8 10 15 18 24 63 2520
2 7 8 10 15 18 24 126 2520
2 7 8 10 15 18 28 72 2520
2 7 8 10 15 18 35 72 2520
2 7 8 10 15 18 36 56 2520
2 7 8 10 15 18 40 63 2520
2 7 8 10 15 18 40 126 2520
2 7 8 10 15 18 42 72 2520
2 7 8 10 15 18 45 56 2520
2 7 8 10 15 18 56 63 2520
2 7 8 10 15 18 56 72 2520
2 7 8 10 15 18 56 90 2520
2 7 8 10 15 18 56 126 2520
2 7 8 10 15 18 63 72 2520
2 7 8 10 15 18 63 120 2520
2 7 8 10 15 18 70 72 2520
2 7 8 10 15 18 72 84 2520
2 7 8 10 15 18 72 105 2520
2 7 8 10 15 18 72 126 2520
2 7 8 10 15 18 120 126 2520
2 7 8 10 15 19 56 57 15960
2 7 8 10 15 19 56 114 15960
2 7 8 10 15 20 21 24 840
2 7 8 10 15 20 21 40 840
2 7 8 10 15 20 21 56 840
2 7 8 10 15 20 21 120 840
2 7 8 10 15 20 24 28 840
2 7 8 10 15 20 24 35 840
2 7 8 10 15 20 24 42 840
2 7 8 10 15 20 24 56 840
2 7 8 10 15 20 24 70 840
2 7 8 10 15 20 24 84 840
2 7 8 10 15 20 24 105 840
2 7 8 10 15 20 28 120 840
2 7 8 10 15 20 30 56 840
2 7 8 10 15 20 35 120 840
2 7 8 10 15 20 40 42 840
2 7 8 10 15 20 40 84 840
2 7 8 10 15 20 40 105 840
2 7 8 10 15 20 42 56 840
2 7 8 10 15 20 42 120 840
2 7 8 10 15 20 48 112 1680
2 7 8 10 15 20 56 60 840
2 7 8 10 15 20 56 84 840
2 7 8 10 15 20 56 105 840
2 7 8 10 15 20 56 120 840
2 7 8 10 15 20 63 72 2520
2 7 8 10 15 20 70 120 840
2 7 8 10 15 20 72 126 2520
2 7 8 10 15 20 84 120 840
2 7 8 10 15 20 105 120 840
2 7 8 10 15 21 22 88 9240
2 7 8 10 15 21 24 28 840
2 7 8 10 15 21 24 30 840
2 7 8 10 15 21 24 35 840
2 7 8 10 15 21 24 40 840
2 7 8 10 15 21 24 42 840
2 7 8 10 15 21 24 56 840
2 7 8 10 15 21 24 60 840
2 7 8 10 15 21 24 70 840
2 7 8 10 15 21 24 84 840
2 7 8 10 15 21 24 105 840
2 7 8 10 15 21 24 120 840
2 7 8 10 15 21 26 104 10920
2 7 8 10 15 21 28 40 840
2 7 8 10 15 21 28 56 840
2 7 8 10 15 21 28 120 840
2 7 8 10 15 21 30 40 840
2 7 8 10 15 21 30 56 840
2 7 8 10 15 21 30 120 840
2 7 8 10 15 21 32 96 3360
2 7 8 10 15 21 33 88 9240
2 7 8 10 15 21 35 40 840
2 7 8 10 15 21 35 56 840
2 7 8 10 15 21 35 120 840
2 7 8 10 15 21 36 72 2520
2 7 8 10 15 21 39 104 10920
2 7 8 10 15 21 40 42 840
2 7 8 10 15 21 40 56 840
2 7 8 10 15 21 40 60 840
2 7 8 10 15 21 40 70 840
2 7 8 10 15 21 40 84 840
2 7 8 10 15 21 40 105 840
2 7 8 10 15 21 40 120 840
2 7 8 10 15 21 42 56 840
2 7 8 10 15 21 42 120 840
2 7 8 10 15 21 44 88 9240
2 7 8 10 15 21 45 72 2520
2 7 8 10 15 21 48 80 1680
2 7 8 10 15 21 48 112 1680
2 7 8 10 15 21 52 104 10920
2 7 8 10 15 21 55 88 9240
2 7 8 10 15 21 56 60 840
2 7 8 10 15 21 56 70 840
2 7 8 10 15 21 56 84 840
2 7 8 10 15 21 56 105 840
2 7 8 10 15 21 56 120 840
2 7 8 10 15 21 60 120 840
2 7 8 10 15 21 63 72 2520
2 7 8 10 15 21 65 104 10920
2 7 8 10 15 21 66 88 9240
2 7 8 10 15 21 70 120 840
2 7 8 10 15 21 72 90 2520
2 7 8 10 15 21 72 126 2520
2 7 8 10 15 21 77 88 9240
2 7 8 10 15 21 78 104 10920
2 7 8 10 15 21 80 112 1680
2 7 8 10 15 21 84 120 840
2 7 8 10 15 21 88 110 9240
2 7 8 10 15 21 91 104 10920
2 7 8 10 15 22 24 77 9240
2 7 8 10 15 22 33 56 9240
2 7 8 10 15 22 42 88 9240
2 7 8 10 15 22 56 66 9240
2 7 8 10 15 22 77 120 9240
2 7 8 10 15 22 84 88 9240
2 7 8 10 15 22 88 105 9240
2 7 8 10 15 23 56 69 19320
2 7 8 10 15 24 26 91 10920
2 7 8 10 15 24 28 30 840
2 7 8 10 15 24 28 35 840
2 7 8 10 15 24 28 40 840
2 7 8 10 15 24 28 42 840
2 7 8 10 15 24 28 56 840
2 7 8 10 15 24 28 60 840
2 7 8 10 15 24 28 70 840
2 7 8 10 15 24 28 84 840
2 7 8 10 15 24 28 105 840
2 7 8 10 15 24 28 120 840
2 7 8 10 15 24 30 35 840
2 7 8 10 15 24 30 42 840
2 7 8 10 15 24 30 56 840
2 7 8 10 15 24 30 70 840
2 7 8 10 15 24 30 84 840
2 7 8 10 15 24 30 105 840
2 7 8 10 15 24 33 77 9240
2 7 8 10 15 24 34 119 14280
2 7 8 10 15 24 35 40 840
2 7 8 10 15 24 35 42 840
2 7 8 10 15 24 35 56 840
2 7 8 10 15 24 35 60 840
2 7 8 10 15 24 35 70 840
2 7 8 10 15 24 35 84 840
2 7 8 10 15 24 35 105 840
2 7 8 10 15 24 35 120 840
2 7 8 10 15 24 36 63 2520
2 7 8 10 15 24 36 126 2520
2 7 8 10 15 24 39 91 10920
2 7 8 10 15 24 40 42 840
2 7 8 10 15 24 40 56 840
2 7 8 10 15 24 40 70 840
2 7 8 10 15 24 40 84 840
2 7 8 10 15 24 40 105 840
2 7 8 10 15 24 42 56 840
2 7 8 10 15 24 42 60 840
2 7 8 10 15 24 42 70 840
2 7 8 10 15 24 42 84 840
2 7 8 10 15 24 42 105 840
2 7 8 10 15 24 42 120 840
2 7 8 10 15 24 44 77 9240
2 7 8 10 15 24 45 63 2520
2 7 8 10 15 24 45 126 2520
2 7 8 10 15 24 48 112 1680
2 7 8 10 15 24 49 98 5880
2 7 8 10 15 24 51 119 14280
2 7 8 10 15 24 52 91 10920
2 7 8 10 15 24 55 77 9240
2 7 8 10 15 24 56 60 840
2 7 8 10 15 24 56 70 840
2 7 8 10 15 24 56 84 840
2 7 8 10 15 24 56 105 840
2 7 8 10 15 24 56 120 840
2 7 8 10 15 24 60 70 840
2 7 8 10 15 24 60 84 840
2 7 8 10 15 24 60 105 840
2 7 8 10 15 24 63 72 2520
2 7 8 10 15 24 63 90 2520
2 7 8 10 15 24 65 91 10920
2 7 8 10 15 24 66 77 9240
2 7 8 10 15 24 70 84 840
2 7 8 10 15 24 77 88 9240
2 7 8 10 15 25 56 75 4200
2 7 8 10 15 26 39 56 10920
2 7 8 10 15 26 42 104 10920
2 7 8 10 15 26 56 78 10920
2 7 8 10 15 27 54 56 7560
2 7 8 10 15 28 30 40 840
2 7 8 10 15 28 30 56 840
2 7 8 10 15 28 30 120 840
2 7 8 10 15 28 32 96 3360
2 7 8 10 15 28 33 88 9240
2 7 8 10 15 28 35 120 840
2 7 8 10 15 28 36 72 2520
2 7 8 10 15 28 39 104 10920
2 7 8 10 15 28 40 42 840
2 7 8 10 15 28 40 60 840
2 7 8 10 15 28 40 84 840
2 7 8 10 15 28 40 105 840
2 7 8 10 15 28 40 120 840
2 7 8 10 15 28 42 56 840
2 7 8 10 15 28 42 120 840
2 7 8 10 15 28 45 72 2520
2 7 8 10 15 28 48 80 1680
2 7 8 10 15 28 56 60 840
2 7 8 10 15 30 35 40 840
2 7 8 10 15 30 35 56 840
2 7 8 10 15 30 35 120 840
2 7 8 10 15 30 40 42 840
2 7 8 10 15 30 40 56 840
2 7 8 10 15 30 40 70 840
2 7 8 10 15 30 40 84 840
2 7 8 10 15 30 40 105 840
2 7 8 10 15 30 42 56 840
2 7 8 10 15 30 56 60 840
2 7 8 10 15 32 35 96 3360
2 7 8 10 15 33 35 88 9240
2 7 8 10 15 33 40 77 9240
2 7 8 10 15 33 44 56 9240
2 7 8 10 15 33 55 56 9240
2 7 8 10 15 34 51 56 14280
2 7 8 10 15 35 36 72 2520
2 7 8 10 15 35 40 42 840
2 7 8 10 15 35 40 60 840
2 7 8 10 15 35 42 56 840
2 7 8 10 15 36 40 63 2520
2 7 8 10 15 36 45 56 2520
2 7 8 10 15 40 42 56 840
2 7 8 10 16 17 80 119 9520
2 7 8 10 16 17 85 112 9520
2 7 8 10 16 18 45 112 5040
2 7 8 10 16 18 63 80 5040
2 7 8 10 16 18 80 126 5040
2 7 8 10 16 18 90 112 5040
2 7 8 10 16 19 95 112 10640
2 7 8 10 16 20 21 48 1680
2 7 8 10 16 20 28 80 560
2 7 8 10 16 20 28 112 560
2 7 8 10 16 20 35 80 560
2 7 8 10 16 20 35 112 560
2 7 8 10 16 20 40 112 560
2 7 8 10 16 20 42 48 1680
2 7 8 10 16 20 48 84 1680
2 7 8 10 16 20 48 105 1680
2 7 8 10 16 20 56 80 560
2 7 8 10 16 20 56 112 560
2 7 8 10 16 20 70 80 560
2 7 8 10 16 20 70 112 560
2 7 8 10 16 20 80 112 560
2 7 8 10 16 21 24 80 1680
2 7 8 10 16 21 30 48 1680
2 7 8 10 16 21 30 80 1680
2 7 8 10 16 21 30 112 1680
2 7 8 10 16 21 35 48 1680
2 7 8 10 16 21 40 48 1680
2 7 8 10 16 21 42 80 1680
2 7 8 10 16 21 48 60 1680
2 7 8 10 16 21 48 70 1680
2 7 8 10 16 21 48 80 1680
2 7 8 10 16 21 48 105 1680
2 7 8 10 16 21 48 120 1680
2 7 8 10 16 21 60 80 1680
2 7 8 10 16 21 60 112 1680
2 7 8 10 16 21 80 84 1680
2 7 8 10 16 22 55 112 6160
2 7 8 10 16 22 77 80 6160
2 7 8 10 16 24 30 112 1680
2 7 8 10 16 24 35 48 1680
2 7 8 10 16 24 42 80 1680
2 7 8 10 16 24 48 70 1680
2 7 8 10 16 24 48 105 1680
2 7 8 10 16 28 30 48 1680
2 7 8 10 16 28 35 80 560
2 7 8 10 16 28 35 112 560
2 7 8 10 16 28 40 80 560
2 7 8 10 16 28 48 60 1680
2 7 8 10 16 30 35 48 1680
2 7 8 10 16 30 42 48 1680
2 7 8 10 16 30 48 56 1680
2 7 8 10 16 35 42 48 1680
2 7 8 10 17 20 34 56 4760
2 7 8 10 17 20 40 119 4760
2 7 8 10 17 20 56 68 4760
2 7 8 10 17 20 56 85 4760
2 7 8 10 17 20 56 119 4760
2 7 8 10 17 21 24 85 14280
2 7 8 10 17 21 34 120 14280
2 7 8 10 17 21 40 51 14280
2 7 8 10 17 21 40 102 14280
2 7 8 10 17 21 51 120 14280
2 7 8 10 17 24 30 119 14280
2 7 8 10 17 24 34 105 14280
2 7 8 10 17 24 35 51 14280
2 7 8 10 17 24 35 102 14280
2 7 8 10 17 24 42 85 14280
2 7 8 10 17 24 51 70 14280
2 7 8 10 17 28 34 40 4760
2 7 8 10 17 28 40 68 4760
2 7 8 10 17 34 35 40 4760
2 7 8 10 17 34 35 56 4760
2 7 8 10 18 20 21 72 2520
2 7 8 10 18 20 24 63 2520
2 7 8 10 18 20 24 126 2520
2 7 8 10 18 20 28 72 2520
2 7 8 10 18 20 35 72 2520
2 7 8 10 18 20 36 56 2520
2 7 8 10 18 20 40 63 2520
2 7 8 10 18 20 40 126 2520
2 7 8 10 18 20 42 72 2520
2 7 8 10 18 20 45 56 2520
2 7 8 10 18 20 56 63 2520
2 7 8 10 18 20 56 72 2520
2 7 8 10 18 20 56 90 2520
2 7 8 10 18 20 63 72 2520
2 7 8 10 18 20 70 72 2520
2 7 8 10 18 21 24 45 2520
2 7 8 10 18 21 24 90 2520
2 7 8 10 18 21 30 72 2520
2 7 8 10 18 21 35 72 2520
2 7 8 10 18 21 36 40 2520
2 7 8 10 18 21 36 120 2520
2 7 8 10 18 21 40 45 2520
2 7 8 10 18 21 40 63 2520
2 7 8 10 18 21 40 72 2520
2 7 8 10 18 21 40 90 2520
2 7 8 10 18 21 40 126 2520
2 7 8 10 18 21 45 56 2520
2 7 8 10 18 21 45 72 2520
2 7 8 10 18 21 45 120 2520
2 7 8 10 18 21 60 72 2520
2 7 8 10 18 24 28 45 2520
2 7 8 10 18 24 28 90 2520
2 7 8 10 18 24 30 63 2520
2 7 8 10 18 24 30 126 2520
2 7 8 10 18 24 35 36 2520
2 7 8 10 18 24 35 45 2520
2 7 8 10 18 24 35 63 2520
2 7 8 10 18 24 35 72 2520
2 7 8 10 18 24 35 90 2520
2 7 8 10 18 24 35 126 2520
2 7 8 10 18 24 36 70 2520
2 7 8 10 18 24 36 105 2520
2 7 8 10 18 24 40 63 2520
2 7 8 10 18 24 42 45 2520
2 7 8 10 18 24 45 56 2520
2 7 8 10 18 24 45 63 2520
2 7 8 10 18 24 45 70 2520
2 7 8 10 18 28 30 72 2520
2 7 8 10 18 28 35 72 2520
2 7 8 10 18 28 36 40 2520
2 7 8 10 18 28 40 45 2520
2 7 8 10 18 30 36 56 2520
2 7 8 10 18 35 36 40 2520
2 7 8 10 19 20 38 56 5320
2 7 8 10 19 20 56 76 5320
2 7 8 10 19 21 24 95 15960
2 7 8 10 19 21 38 120 15960
2 7 8 10 19 21 40 57 15960
2 7 8 10 19 21 40 114 15960
2 7 8 10 19 24 35 57 15960
2 7 8 10 19 28 38 40 5320
2 7 8 10 19 35 38 40 5320
2 7 8 10 20 21 24 28 840
2 7 8 10 20 21 24 30 840
2 7 8 10 20 21 24 35 840
2 7 8 10 20 21 24 40 840
2 7 8 10 20 21 24 42 840
2 7 8 10 20 21 24 56 840
2 7 8 10 20 21 24 60 840
2 7 8 10 20 21 24 70 840
2 7 8 10 20 21 24 84 840
2 7 8 10 20 21 24 105 840
2 7 8 10 20 21 24 120 840
2 7 8 10 20 21 28 120 840
2 7 8 10 20 21 30 40 840
2 7 8 10 20 21 30 56 840
2 7 8 10 20 21 30 120 840
2 7 8 10 20 21 32 96 3360
2 7 8 10 20 21 33 88 9240
2 7 8 10 20 21 35 120 840
2 7 8 10 20 21 36 72 2520
2 7 8 10 20 21 39 104 10920
2 7 8 10 20 21 40 42 840
2 7 8 10 20 21 40 60 840
2 7 8 10 20 21 40 84 840
2 7 8 10 20 21 42 56 840
2 7 8 10 20 21 45 72 2520
2 7 8 10 20 22 28 88 3080
2 7 8 10 20 22 35 88 3080
2 7 8 10 20 22 40 77 3080
2 7 8 10 20 22 44 56 3080
2 7 8 10 20 23 46 56 6440
2 7 8 10 20 24 28 30 840
2 7 8 10 20 24 28 42 840
2 7 8 10 20 24 28 60 840
2 7 8 10 20 24 28 84 840
2 7 8 10 20 24 28 105 840
2 7 8 10 20 24 28 120 840
2 7 8 10 20 24 30 35 840
2 7 8 10 20 24 30 42 840
2 7 8 10 20 24 30 56 840
2 7 8 10 20 24 30 70 840
2 7 8 10 20 24 30 84 840
2 7 8 10 20 24 30 105 840
2 7 8 10 20 24 33 77 9240
2 7 8 10 20 24 35 42 840
2 7 8 10 20 24 35 60 840
2 7 8 10 20 24 36 63 2520
2 7 8 10 20 24 40 42 840
2 7 8 10 20 24 42 56 840
2 7 8 10 20 26 28 104 3640
2 7 8 10 20 28 35 40 280
2 7 8 10 21 22 24 55 9240
2 7 8 10 21 22 24 110 9240
2 7 8 10 21 22 30 88 9240
2 7 8 10 21 22 33 40 9240
2 7 8 10 21 22 40 66 9240
2 7 8 10 21 23 24 115 19320
2 7 8 10 21 24 25 50 4200
2 7 8 10 21 24 25 75 4200
2 7 8 10 21 24 25 100 4200
2 7 8 10 21 24 26 65 10920
2 7 8 10 21 24 28 30 840
2 7 8 10 21 24 28 35 840
2 7 8 10 21 24 28 40 840
2 7 8 10 21 24 28 60 840
2 7 8 10 21 24 28 70 840
2 7 8 10 21 24 28 105 840
2 7 8 10 21 24 28 120 840
2 7 8 10 21 24 30 35 840
2 7 8 10 21 24 30 40 840
2 7 8 10 21 24 30 42 840
2 7 8 10 21 24 30 56 840
2 7 8 10 21 24 30 60 840
2 7 8 10 21 24 30 70 840
2 7 8 10 21 24 30 84 840
2 7 8 10 21 24 33 55 9240
2 7 8 10 21 24 35 40 840
2 7 8 10 21 24 35 42 840
2 7 8 10 21 24 35 56 840
2 7 8 10 21 24 35 60 840
2 7 8 10 21 24 36 45 2520
2 7 8 10 21 24 40 42 840
2 7 8 10 21 26 39 40 10920
2 7 8 10 21 28 30 40 840
2 7 8 10 21 28 30 56 840
2 7 8 10 21 30 35 40 840
2 7 8 10 22 24 30 77 9240
2 7 8 10 22 24 33 35 9240
2 7 8 10 24 26 35 39 10920
2 7 8 10 24 28 30 35 840
2 7 8 10 24 28 30 40 840
2 7 8 10 24 28 30 42 840
2 7 8 11 12 14 21 88 1848
2 7 8 11 12 14 22 24 1848
2 7 8 11 12 14 24 33 1848
2 7 8 11 12 14 24 44 1848
2 7 8 11 12 14 24 66 1848
2 7 8 11 12 14 24 77 1848
2 7 8 11 12 14 24 88 1848
2 7 8 11 12 14 33 56 1848
2 7 8 11 12 14 33 88 1848
2 7 8 11 12 14 42 88 1848
2 7 8 11 12 14 55 120 9240
2 7 8 11 12 14 56 66 1848
2 7 8 11 12 14 66 88 1848
2 7 8 11 12 14 72 99 5544
2 7 8 11 12 14 84 88 1848
2 7 8 11 12 14 110 120 9240
2 7 8 11 12 15 35 88 9240
2 7 8 11 12 15 40 77 9240
2 7 8 11 12 15 55 56 9240
2 7 8 11 12 15 56 110 9240
2 7 8 11 12 15 70 88 9240
2 7 8 11 12 15 77 120 9240
2 7 8 11 12 15 88 105 9240
2 7 8 11 12 16 33 112 3696
2 7 8 11 12 16 48 77 3696
2 7 8 11 12 16 66 112 3696
2 7 8 11 12 18 56 99 5544
2 7 8 11 12 18 63 88 5544
2 7 8 11 12 18 72 77 5544
2 7 8 11 12 18 88 126 5544
2 7 8 11 12 20 77 120 9240
2 7 8 11 12 20 88 105 9240
2 7 8 11 12 21 22 24 1848
2 7 8 11 12 21 22 56 1848
2 7 8 11 12 21 22 88 1848
2 7 8 11 12 21 24 33 1848
2 7 8 11 12 21 24 44 1848
2 7 8 11 12 21 24 66 1848
2 7 8 11 12 21 24 77 1848
2 7 8 11 12 21 24 88 1848
2 7 8 11 12 21 28 88 1848
2 7 8 11 12 21 33 56 1848
2 7 8 11 12 21 33 88 1848
2 7 8 11 12 21 40 55 9240
2 7 8 11 12 21 40 110 9240
2 7 8 11 12 21 42 88 1848
2 7 8 11 12 21 44 56 1848
2 7 8 11 12 21 44 88 1848
2 7 8 11 12 21 55 120 9240
2 7 8 11 12 21 56 66 1848
2 7 8 11 12 21 56 77 1848
2 7 8 11 12 21 56 88 1848
2 7 8 11 12 21 66 88 1848
2 7 8 11 12 21 72 99 5544
2 7 8 11 12 21 77 88 1848
2 7 8 11 12 21 84 88 1848
2 7 8 11 12 21 110 120 9240
2 7 8 11 12 22 24 28 1848
2 7 8 11 12 22 24 42 1848
2 7 8 11 12 22 24 56 1848
2 7 8 11 12 22 24 77 1848
2 7 8 11 12 22 24 84 1848
2 7 8 11 12 22 33 56 1848
2 7 8 11 12 22 35 120 9240
2 7 8 11 12 22 40 105 9240
2 7 8 11 12 22 42 56 1848
2 7 8 11 12 22 42 88 1848
2 7 8 11 12 22 48 112 3696
2 7 8 11 12 22 56 66 1848
2 7 8 11 12 22 56 84 1848
2 7 8 11 12 22 63 72 5544
2 7 8 11 12 22 70 120 9240
2 7 8 11 12 22 72 126 5544
2 7 8 11 12 22 84 88 1848
2 7 8 11 12 22 105 120 9240
2 7 8 11 12 24 28 33 1848
2 7 8 11 12 24 28 44 1848
2 7 8 11 12 24 28 66 1848
2 7 8 11 12 24 28 77 1848
2 7 8 11 12 24 28 88 1848
2 7 8 11 12 24 33 42 1848
2 7 8 11 12 24 33 56 1848
2 7 8 11 12 24 33 77 1848
2 7 8 11 12 24 33 84 1848
2 7 8 11 12 24 35 55 9240
2 7 8 11 12 24 35 110 9240
2 7 8 11 12 24 42 44 1848
2 7 8 11 12 24 42 66 1848
2 7 8 11 12 24 42 77 1848
2 7 8 11 12 24 42 88 1848
2 7 8 11 12 24 44 56 1848
2 7 8 11 12 24 44 77 1848
2 7 8 11 12 24 44 84 1848
2 7 8 11 12 24 55 70 9240
2 7 8 11 12 24 55 105 9240
2 7 8 11 12 24 56 66 1848
2 7 8 11 12 24 56 77 1848
2 7 8 11 12 24 56 88 1848
2 7 8 11 12 24 63 99 5544
2 7 8 11 12 24 66 77 1848
2 7 8 11 12 24 66 84 1848
2 7 8 11 12 24 70 110 9240
2 7 8 11 12 24 77 84 1848
2 7 8 11 12 24 77 88 1848
2 7 8 11 12 24 84 88 1848
2 7 8 11 12 24 99 126 5544
2 7 8 11 12 24 105 110 9240
2 7 8 11 12 28 33 56 1848
2 7 8 11 12 28 33 88 1848
2 7 8 11 12 28 42 88 1848
2 7 8 11 12 28 55 120 9240
2 7 8 11 12 28 56 66 1848
2 7 8 11 12 28 66 88 1848
2 7 8 11 12 28 72 99 5544
2 7 8 11 12 28 84 88 1848
2 7 8 11 12 30 35 88 9240
2 7 8 11 12 30 40 77 9240
2 7 8 11 12 30 55 56 9240
2 7 8 11 12 30 56 110 9240
2 7 8 11 12 30 70 88 9240
2 7 8 11 12 33 35 40 9240
2 7 8 11 12 33 35 120 9240
2 7 8 11 12 33 40 70 9240
2 7 8 11 12 33 40 105 9240
2 7 8 11 12 33 42 56 1848
2 7 8 11 12 33 42 88 1848
2 7 8 11 12 33 44 56 1848
2 7 8 11 12 33 48 112 3696
2 7 8 11 12 33 56 66 1848
2 7 8 11 12 33 56 77 1848
2 7 8 11 12 33 56 84 1848
2 7 8 11 12 33 56 88 1848
2 7 8 11 12 33 63 72 5544
2 7 8 11 12 35 40 66 9240
2 7 8 11 12 35 44 120 9240
2 7 8 11 12 40 42 55 9240
2 7 8 11 12 42 44 56 1848
2 7 8 11 13 14 22 104 8008
2 7 8 11 13 14 26 88 8008
2 7 8 11 13 14 44 104 8008
2 7 8 11 13 14 52 88 8008
2 7 8 11 13 14 77 104 8008
2 7 8 11 13 14 88 91 8008
2 7 8 11 13 14 88 104 8008
2 7 8 11 13 21 33 104 24024
2 7 8 11 13 21 39 88 24024
2 7 8 11 13 21 66 104 24024
2 7 8 11 13 21 78 88 24024
2 7 8 11 13 22 26 56 8008
2 7 8 11 13 22 28 104 8008
2 7 8 11 13 22 52 56 8008
2 7 8 11 13 22 56 91 8008
2 7 8 11 13 22 56 104 8008
2 7 8 11 13 22 77 104 8008
2 7 8 11 13 22 88 91 8008
2 7 8 11 13 22 91 104 8008
2 7 8 11 13 24 33 91 24024
2 7 8 11 13 24 39 77 24024
2 7 8 11 13 24 66 91 24024
2 7 8 11 13 24 77 78 24024
2 7 8 11 13 26 28 88 8008
2 7 8 11 13 26 44 56 8008
2 7 8 11 13 26 56 77 8008
2 7 8 11 13 26 56 88 8008
2 7 8 11 13 28 44 104 8008
2 7 8 11 13 28 52 88 8008
2 7 8 11 13 33 39 56 24024
2 7 8 11 14 15 22 120 9240
2 7 8 11 14 15 24 55 9240
2 7 8 11 14 15 24 110 9240
2 7 8 11 14 15 30 88 9240
2 7 8 11 14 15 33 40 9240
2 7 8 11 14 15 33 120 9240
2 7 8 11 14 15 40 66 9240
2 7 8 11 14 15 44 120 9240
2 7 8 11 14 15 55 120 9240
2 7 8 11 14 15 60 88 9240
2 7 8 11 14 15 66 120 9240
2 7 8 11 14 15 77 120 9240
2 7 8 11 14 15 88 105 9240
2 7 8 11 14 15 88 120 9240
2 7 8 11 14 15 110 120 9240
2 7 8 11 14 16 22 112 1232
2 7 8 11 14 16 33 48 3696
2 7 8 11 14 16 44 112 1232
2 7 8 11 14 16 48 66 3696
2 7 8 11 14 16 55 80 6160
2 7 8 11 14 16 77 112 1232
2 7 8 11 14 16 80 110 6160
2 7 8 11 14 16 88 112 1232
2 7 8 11 14 17 34 88 10472
2 7 8 11 14 17 68 88 10472
2 7 8 11 14 17 88 119 10472
2 7 8 11 14 18 22 72 5544
2 7 8 11 14 18 24 99 5544
2 7 8 11 14 18 33 72 5544
2 7 8 11 14 18 36 88 5544
2 7 8 11 14 18 44 72 5544
2 7 8 11 14 18 56 99 5544
2 7 8 11 14 18 63 88 5544
2 7 8 11 14 18 66 72 5544
2 7 8 11 14 18 72 77 5544
2 7 8 11 14 18 72 88 5544
2 7 8 11 14 18 72 99 5544
2 7 8 11 14 18 88 99 5544
2 7 8 11 14 18 88 126 5544
2 7 8 11 14 19 38 88 11704
2 7 8 11 14 19 76 88 11704
2 7 8 11 14 20 22 40 3080
2 7 8 11 14 20 33 120 9240
2 7 8 11 14 20 35 88 3080
2 7 8 11 14 20 40 44 3080
2 7 8 11 14 20 40 55 3080
2 7 8 11 14 20 40 77 3080
2 7 8 11 14 20 40 88 3080
2 7 8 11 14 20 40 110 3080
2 7 8 11 14 20 55 56 3080
2 7 8 11 14 20 55 88 3080
2 7 8 11 14 20 56 110 3080
2 7 8 11 14 20 66 120 9240
2 7 8 11 14 20 70 88 3080
2 7 8 11 14 20 88 110 3080
2 7 8 11 14 21 22 24 1848
2 7 8 11 14 21 24 33 1848
2 7 8 11 14 21 24 44 1848
2 7 8 11 14 21 24 66 1848
2 7 8 11 14 21 24 77 1848
2 7 8 11 14 21 24 88 1848
2 7 8 11 14 21 33 56 1848
2 7 8 11 14 21 33 88 1848
2 7 8 11 14 21 42 88 1848
2 7 8 11 14 21 55 120 9240
2 7 8 11 14 21 56 66 1848
2 7 8 11 14 21 66 88 1848
2 7 8 11 14 21 72 99 5544
2 7 8 11 14 21 84 88 1848
2 7 8 11 14 22 24 33 1848
2 7 8 11 14 22 24 42 1848
2 7 8 11 14 22 24 66 1848
2 7 8 11 14 22 24 84 1848
2 7 8 11 14 22 26 104 8008
2 7 8 11 14 22 28 56 616
2 7 8 11 14 22 28 88 616
2 7 8 11 14 22 30 120 9240
2 7 8 11 14 22 35 40 3080
2 7 8 11 14 22 36 72 5544
2 7 8 11 14 22 40 55 3080
2 7 8 11 14 22 40 70 3080
2 7 8 11 14 22 40 110 3080
2 7 8 11 14 22 44 56 616
2 7 8 11 14 22 44 88 616
2 7 8 11 14 22 52 104 8008
2 7 8 11 14 22 56 77 616
2 7 8 11 14 22 56 88 616
2 7 8 11 14 22 60 120 9240
2 7 8 11 14 22 63 72 5544
2 7 8 11 14 23 46 88 14168
2 7 8 11 14 24 28 33 1848
2 7 8 11 14 24 28 66 1848
2 7 8 11 14 24 30 55 9240
2 7 8 11 14 24 30 110 9240
2 7 8 11 14 24 33 42 1848
2 7 8 11 14 24 33 44 1848
2 7 8 11 14 24 33 56 1848
2 7 8 11 14 24 33 66 1848
2 7 8 11 14 24 33 77 1848
2 7 8 11 14 24 33 84 1848
2 7 8 11 14 24 33 88 1848
2 7 8 11 14 24 36 99 5544
2 7 8 11 14 24 42 44 1848
2 7 8 11 14 24 42 66 1848
2 7 8 11 14 24 42 77 1848
2 7 8 11 14 24 42 88 1848
2 7 8 11 14 24 44 66 1848
2 7 8 11 14 24 44 84 1848
2 7 8 11 14 24 55 60 9240
2 7 8 11 14 24 56 66 1848
2 7 8 11 14 25 50 88 15400
2 7 8 11 14 26 44 104 8008
2 7 8 11 14 28 40 55 3080
2 7 8 11 14 28 44 56 616
2 7 8 11 14 30 33 40 9240
2 7 8 11 14 30 33 120 9240
2 7 8 11 14 30 40 66 9240
2 7 8 11 14 32 33 96 7392
2 7 8 11 14 33 36 72 5544
2 7 8 11 14 33 40 60 9240
2 7 8 11 14 33 42 56 1848
2 7 8 11 14 35 40 44 3080
2 7 8 11 14 35 40 55 3080
2 7 8 11 15 20 21 88 9240
2 7 8 11 15 20 24 77 9240
2 7 8 11 15 20 33 56 9240
2 7 8 11 15 20 42 88 9240
2 7 8 11 15 20 56 66 9240
2 7 8 11 15 21 22 40 9240
2 7 8 11 15 21 22 120 9240
2 7 8 11 15 21 24 55 9240
2 7 8 11 15 21 24 110 9240
2 7 8 11 15 21 30 88 9240
2 7 8 11 15 21 33 40 9240
2 7 8 11 15 21 33 120 9240
2 7 8 11 15 21 35 88 9240
2 7 8 11 15 21 40 44 9240
2 7 8 11 15 21 40 55 9240
2 7 8 11 15 21 40 66 9240
2 7 8 11 15 21 40 77 9240
2 7 8 11 15 21 40 88 9240
2 7 8 11 15 21 40 110 9240
2 7 8 11 15 21 44 120 9240
2 7 8 11 15 21 55 56 9240
2 7 8 11 15 21 55 88 9240
2 7 8 11 15 21 60 88 9240
2 7 8 11 15 22 24 35 9240
2 7 8 11 15 22 24 70 9240
2 7 8 11 15 22 24 105 9240
2 7 8 11 15 22 28 120 9240
2 7 8 11 15 22 30 56 9240
2 7 8 11 15 22 35 120 9240
2 7 8 11 15 22 40 42 9240
2 7 8 11 15 22 40 84 9240
2 7 8 11 15 22 40 105 9240
2 7 8 11 15 22 42 120 9240
2 7 8 11 15 22 56 60 9240
2 7 8 11 15 24 28 55 9240
2 7 8 11 15 24 28 110 9240
2 7 8 11 15 24 30 77 9240
2 7 8 11 15 24 33 35 9240
2 7 8 11 15 24 33 70 9240
2 7 8 11 15 24 33 105 9240
2 7 8 11 15 24 35 44 9240
2 7 8 11 15 24 35 55 9240
2 7 8 11 15 24 35 66 9240
2 7 8 11 15 24 35 77 9240
2 7 8 11 15 24 35 88 9240
2 7 8 11 15 24 35 110 9240
2 7 8 11 15 24 40 77 9240
2 7 8 11 15 24 42 55 9240
2 7 8 11 15 24 44 70 9240
2 7 8 11 15 24 55 56 9240
2 7 8 11 15 28 30 88 9240
2 7 8 11 15 28 33 40 9240
2 7 8 11 15 28 40 66 9240
2 7 8 11 15 30 33 56 9240
2 7 8 11 15 33 35 40 9240
2 7 8 11 15 33 35 56 9240
2 7 8 11 15 33 40 42 9240
2 7 8 11 16 21 22 48 3696
2 7 8 11 16 21 33 48 3696
2 7 8 11 16 21 33 112 3696
2 7 8 11 16 21 44 48 3696
2 7 8 11 16 21 48 66 3696
2 7 8 11 16 21 48 77 3696
2 7 8 11 16 21 48 88 3696
2 7 8 11 16 22 28 112 1232
2 7 8 11 16 22 35 80 6160
2 7 8 11 16 22 42 48 3696
2 7 8 11 16 24 33 112 3696
2 7 8 11 16 28 33 48 3696
2 7 8 11 17 22 34 56 10472
2 7 8 11 18 21 22 72 5544
2 7 8 11 18 21 24 99 5544
2 7 8 11 18 21 33 72 5544
2 7 8 11 18 21 36 88 5544
2 7 8 11 18 22 24 63 5544
2 7 8 11 18 22 24 126 5544
2 7 8 11 18 22 28 72 5544
2 7 8 11 18 22 36 56 5544
2 7 8 11 18 24 28 99 5544
2 7 8 11 18 24 33 63 5544
2 7 8 11 19 22 38 56 11704
2 7 8 11 20 21 22 120 9240
2 7 8 11 20 21 24 55 9240
2 7 8 11 20 21 24 110 9240
2 7 8 11 20 21 30 88 9240
2 7 8 11 20 21 33 40 9240
2 7 8 11 20 22 24 105 9240
2 7 8 11 20 22 28 40 3080
2 7 8 11 20 22 35 40 3080
2 7 8 11 20 22 35 56 3080
2 7 8 11 20 24 33 35 9240
2 7 8 11 21 22 24 28 1848
2 7 8 11 21 22 24 33 1848
2 7 8 11 21 22 24 42 1848
2 7 8 11 21 22 24 44 1848
2 7 8 11 21 22 24 56 1848
2 7 8 11 21 22 24 66 1848
2 7 8 11 21 22 24 77 1848
2 7 8 11 21 22 24 84 1848
2 7 8 11 21 22 24 88 1848
2 7 8 11 21 22 30 40 9240
2 7 8 11 21 24 28 33 1848
2 7 8 11 21 24 28 44 1848
2 7 8 11 21 24 33 42 1848
2 7 8 11 21 24 33 44 1848
2 7 8 11 22 24 28 33 1848
2 7 8 11 22 24 28 42 1848
2 7 8 11 22 24 30 35 9240
2 7 8 12 13 14 21 104 2184
2 7 8 12 13 14 24 26 2184
2 7 8 12 13 14 24 39 2184
2 7 8 12 13 14 24 52 2184
2 7 8 12 13 14 24 78 2184
2 7 8 12 13 14 24 91 2184
2 7 8 12 13 14 24 104 2184
2 7 8 12 13 14 39 56 2184
2 7 8 12 13 14 39 104 2184
2 7 8 12 13 14 42 104 2184
2 7 8 12 13 14 56 78 2184
2 7 8 12 13 14 65 120 10920
2 7 8 12 13 14 72 117 6552
2 7 8 12 13 14 78 104 2184
2 7 8 12 13 14 84 104 2184
2 7 8 12 13 15 35 104 10920
2 7 8 12 13 15 40 91 10920
2 7 8 12 13 15 56 65 10920
2 7 8 12 13 15 70 104 10920
2 7 8 12 13 15 91 120 10920
2 7 8 12 13 15 104 105 10920
2 7 8 12 13 16 39 112 4368
2 7 8 12 13 16 48 91 4368
2 7 8 12 13 16 78 112 4368
2 7 8 12 13 18 56 117 6552
2 7 8 12 13 18 63 104 6552
2 7 8 12 13 18 72 91 6552
2 7 8 12 13 18 104 126 6552
2 7 8 12 13 21 24 26 2184
2 7 8 12 13 21 24 39 2184
2 7 8 12 13 21 24 52 2184
2 7 8 12 13 21 24 78 2184
2 7 8 12 13 21 24 91 2184
2 7 8 12 13 21 24 104 2184
2 7 8 12 13 21 26 56 2184
2 7 8 12 13 21 26 104 2184
2 7 8 12 13 21 28 104 2184
2 7 8 12 13 21 39 56 2184
2 7 8 12 13 21 39 104 2184
2 7 8 12 13 21 40 65 10920
2 7 8 12 13 21 42 104 2184
2 7 8 12 13 21 52 56 2184
2 7 8 12 13 21 52 104 2184
2 7 8 12 13 21 56 78 2184
2 7 8 12 13 21 56 91 2184
2 7 8 12 13 21 56 104 2184
2 7 8 12 13 24 26 28 2184
2 7 8 12 13 24 26 42 2184
2 7 8 12 13 24 26 56 2184
2 7 8 12 13 24 26 84 2184
2 7 8 12 13 24 26 91 2184
2 7 8 12 13 24 28 39 2184
2 7 8 12 13 24 28 52 2184
2 7 8 12 13 24 28 78 2184
2 7 8 12 13 24 28 91 2184
2 7 8 12 13 24 28 104 2184
2 7 8 12 13 24 35 65 10920
2 7 8 12 13 24 39 42 2184
2 7 8 12 13 24 39 56 2184
2 7 8 12 13 24 39 84 2184
2 7 8 12 13 24 39 91 2184
2 7 8 12 13 24 42 52 2184
2 7 8 12 13 24 42 78 2184
2 7 8 12 13 24 42 91 2184
2 7 8 12 13 24 42 104 2184
2 7 8 12 13 24 52 56 2184
2 7 8 12 13 24 52 84 2184
2 7 8 12 13 24 56 78 2184
2 7 8 12 13 26 35 120 10920
2 7 8 12 13 26 39 56 2184
2 7 8 12 13 26 40 105 10920
2 7 8 12 13 26 42 56 2184
2 7 8 12 13 28 39 56 2184
2 7 8 12 13 35 39 40 10920
2 7 8 12 14 15 16 80 1680
2 7 8 12 14 15 20 24 840
2 7 8 12 14 15 20 40 840
2 7 8 12 14 15 20 56 840
2 7 8 12 14 15 20 120 840
2 7 8 12 14 15 21 40 840
2 7 8 12 14 15 21 120 840
2 7 8 12 14 15 24 30 840
2 7 8 12 14 15 24 35 840
2 7 8 12 14 15 24 40 840
2 7 8 12 14 15 24 60 840
2 7 8 12 14 15 24 70 840
2 7 8 12 14 15 24 105 840
2 7 8 12 14 15 24 120 840
2 7 8 12 14 15 28 40 840
2 7 8 12 14 15 28 120 840
2 7 8 12 14 15 30 40 840
2 7 8 12 14 15 30 56 840
2 7 8 12 14 15 30 120 840
2 7 8 12 14 15 35 40 840
2 7 8 12 14 15 35 56 840
2 7 8 12 14 15 35 120 840
2 7 8 12 14 15 40 42 840
2 7 8 12 14 15 40 56 840
2 7 8 12 14 15 40 60 840
2 7 8 12 14 15 40 70 840
2 7 8 12 14 15 40 84 840
2 7 8 12 14 15 40 105 840
2 7 8 12 14 15 40 120 840
2 7 8 12 14 15 42 120 840
2 7 8 12 14 15 45 72 2520
2 7 8 12 14 15 48 80 1680
2 7 8 12 14 15 55 88 9240
2 7 8 12 14 15 56 60 840
2 7 8 12 14 15 56 70 840
2 7 8 12 14 15 56 105 840
2 7 8 12 14 15 56 120 840
2 7 8 12 14 15 60 120 840
2 7 8 12 14 15 65 104 10920
2 7 8 12 14 15 70 120 840
2 7 8 12 14 15 72 90 2520
2 7 8 12 14 15 80 112 1680
2 7 8 12 14 15 84 120 840
2 7 8 12 14 15 88 110 9240
2 7 8 12 14 15 105 120 840
2 7 8 12 14 16 21 48 336
2 7 8 12 14 16 21 112 336
2 7 8 12 14 16 24 48 336
2 7 8 12 14 16 24 112 336
2 7 8 12 14 16 28 48 336
2 7 8 12 14 16 30 80 1680
2 7 8 12 14 16 32 96 672
2 7 8 12 14 16 42 48 336
2 7 8 12 14 16 42 112 336
2 7 8 12 14 16 48 56 336
2 7 8 12 14 16 48 84 336
2 7 8 12 14 16 48 112 336
2 7 8 12 14 16 60 80 1680
2 7 8 12 14 16 80 105 1680
2 7 8 12 14 16 80 120 1680
2 7 8 12 14 16 84 112 336
2 7 8 12 14 17 24 34 2856
2 7 8 12 14 17 24 51 2856
2 7 8 12 14 17 24 68 2856
2 7 8 12 14 17 24 102 2856
2 7 8 12 14 17 24 119 2856
2 7 8 12 14 17 51 56 2856
2 7 8 12 14 17 56 102 2856
2 7 8 12 14 17 85 120 14280
2 7 8 12 14 18 21 72 504
2 7 8 12 14 18 24 36 504
2 7 8 12 14 18 24 63 504
2 7 8 12 14 18 24 72 504
2 7 8 12 14 18 24 126 504
2 7 8 12 14 18 28 72 504
2 7 8 12 14 18 36 56 504
2 7 8 12 14 18 36 72 504
2 7 8 12 14 18 40 45 2520
2 7 8 12 14 18 40 90 2520
2 7 8 12 14 18 42 72 504
2 7 8 12 14 18 45 120 2520
2 7 8 12 14 18 56 63 504
2 7 8 12 14 18 56 72 504
2 7 8 12 14 18 56 126 504
2 7 8 12 14 18 63 72 504
2 7 8 12 14 18 72 84 504
2 7 8 12 14 19 24 38 3192
2 7 8 12 14 19 24 57 3192
2 7 8 12 14 19 24 76 3192
2 7 8 12 14 19 24 114 3192
2 7 8 12 14 19 56 57 3192
2 7 8 12 14 19 56 114 3192
2 7 8 12 14 20 21 40 840
2 7 8 12 14 20 21 120 840
2 7 8 12 14 20 24 30 840
2 7 8 12 14 20 24 35 840
2 7 8 12 14 20 24 40 840
2 7 8 12 14 20 24 60 840
2 7 8 12 14 20 24 70 840
2 7 8 12 14 20 24 105 840
2 7 8 12 14 20 24 120 840
2 7 8 12 14 20 28 120 840
2 7 8 12 14 20 30 40 840
2 7 8 12 14 20 30 56 840
2 7 8 12 14 20 30 120 840
2 7 8 12 14 20 35 120 840
2 7 8 12 14 20 40 42 840
2 7 8 12 14 20 40 60 840
2 7 8 12 14 20 40 84 840
2 7 8 12 14 20 40 105 840
2 7 8 12 14 20 40 120 840
2 7 8 12 14 20 42 120 840
2 7 8 12 14 20 45 72 2520
2 7 8 12 14 20 48 80 1680
2 7 8 12 14 20 56 60 840
2 7 8 12 14 21 22 88 1848
2 7 8 12 14 21 24 28 168
2 7 8 12 14 21 24 42 168
2 7 8 12 14 21 24 56 168
2 7 8 12 14 21 24 84 168
2 7 8 12 14 21 26 104 2184
2 7 8 12 14 21 28 56 168
2 7 8 12 14 21 30 40 840
2 7 8 12 14 21 30 120 840
2 7 8 12 14 21 32 96 672
2 7 8 12 14 21 33 88 1848
2 7 8 12 14 21 35 40 840
2 7 8 12 14 21 35 120 840
2 7 8 12 14 21 36 72 504
2 7 8 12 14 21 39 104 2184
2 7 8 12 14 21 40 60 840
2 7 8 12 14 21 40 70 840
2 7 8 12 14 21 40 105 840
2 7 8 12 14 21 40 120 840
2 7 8 12 14 21 42 56 168
2 7 8 12 14 21 44 88 1848
2 7 8 12 14 22 24 33 1848
2 7 8 12 14 22 24 44 1848
2 7 8 12 14 22 24 66 1848
2 7 8 12 14 22 24 77 1848
2 7 8 12 14 22 24 88 1848
2 7 8 12 14 22 33 56 1848
2 7 8 12 14 22 33 88 1848
2 7 8 12 14 22 42 88 1848
2 7 8 12 14 22 56 66 1848
2 7 8 12 14 23 24 46 3864
2 7 8 12 14 23 24 69 3864
2 7 8 12 14 23 24 92 3864
2 7 8 12 14 24 25 50 4200
2 7 8 12 14 24 25 75 4200
2 7 8 12 14 24 25 100 4200
2 7 8 12 14 24 26 39 2184
2 7 8 12 14 24 26 52 2184
2 7 8 12 14 24 26 78 2184
2 7 8 12 14 24 26 91 2184
2 7 8 12 14 24 26 104 2184
2 7 8 12 14 24 27 54 1512
2 7 8 12 14 24 27 108 1512
2 7 8 12 14 24 28 42 168
2 7 8 12 14 24 28 56 168
2 7 8 12 14 24 28 84 168
2 7 8 12 14 24 29 58 4872
2 7 8 12 14 24 29 87 4872
2 7 8 12 14 24 29 116 4872
2 7 8 12 14 24 30 35 840
2 7 8 12 14 24 30 40 840
2 7 8 12 14 24 30 60 840
2 7 8 12 14 24 30 70 840
2 7 8 12 14 24 30 105 840
2 7 8 12 14 24 30 120 840
2 7 8 12 14 24 31 62 5208
2 7 8 12 14 24 31 93 5208
2 7 8 12 14 24 31 124 5208
2 7 8 12 14 24 32 96 672
2 7 8 12 14 24 33 44 1848
2 7 8 12 14 24 33 66 1848
2 7 8 12 14 24 33 77 1848
2 7 8 12 14 24 33 88 1848
2 7 8 12 14 24 34 51 2856
2 7 8 12 14 24 34 68 2856
2 7 8 12 14 24 34 102 2856
2 7 8 12 14 24 34 119 2856
2 7 8 12 14 24 35 40 840
2 7 8 12 14 24 35 60 840
2 7 8 12 14 24 35 70 840
2 7 8 12 14 24 35 105 840
2 7 8 12 14 24 35 120 840
2 7 8 12 14 24 36 63 504
2 7 8 12 14 24 36 72 504
2 7 8 12 14 24 37 74 6216
2 7 8 12 14 24 37 111 6216
2 7 8 12 14 24 38 57 3192
2 7 8 12 14 24 38 76 3192
2 7 8 12 14 24 39 52 2184
2 7 8 12 14 24 39 78 2184
2 7 8 12 14 24 39 91 2184
2 7 8 12 14 24 40 60 840
2 7 8 12 14 24 40 70 840
2 7 8 12 14 24 41 82 6888
2 7 8 12 14 24 42 56 168
2 7 8 12 14 24 44 66 1848
2 7 8 12 14 24 46 69 3864
2 7 8 12 14 25 40 75 4200
2 7 8 12 14 26 39 56 2184
2 7 8 12 14 28 30 40 840
2 7 8 12 14 30 35 40 840
2 7 8 12 14 30 35 56 840
2 7 8 12 14 30 40 42 840
2 7 8 12 15 16 20 112 1680
2 7 8 12 15 16 21 80 1680
2 7 8 12 15 16 28 80 1680
2 7 8 12 15 16 30 112 1680
2 7 8 12 15 16 35 48 1680
2 7 8 12 15 16 35 80 1680
2 7 8 12 15 16 35 112 1680
2 7 8 12 15 16 40 112 1680
2 7 8 12 15 16 42 80 1680
2 7 8 12 15 16 48 70 1680
2 7 8 12 15 16 48 105 1680
2 7 8 12 15 16 56 80 1680
2 7 8 12 15 16 60 112 1680
2 7 8 12 15 16 70 80 1680
2 7 8 12 15 16 70 112 1680
2 7 8 12 15 16 80 84 1680
2 7 8 12 15 16 80 105 1680
2 7 8 12 15 16 80 112 1680
2 7 8 12 15 17 40 119 14280
2 7 8 12 15 17 56 85 14280
2 7 8 12 15 18 35 72 2520
2 7 8 12 15 18 40 63 2520
2 7 8 12 15 18 40 126 2520
2 7 8 12 15 18 45 56 2520
2 7 8 12 15 18 56 90 2520
2 7 8 12 15 18 70 72 2520
2 7 8 12 15 20 21 24 840
2 7 8 12 15 20 21 40 840
2 7 8 12 15 20 21 56 840
2 7 8 12 15 20 21 120 840
2 7 8 12 15 20 24 28 840
2 7 8 12 15 20 24 35 840
2 7 8 12 15 20 24 42 840
2 7 8 12 15 20 24 56 840
2 7 8 12 15 20 24 70 840
2 7 8 12 15 20 24 84 840
2 7 8 12 15 20 24 105 840
2 7 8 12 15 20 28 40 840
2 7 8 12 15 20 28 56 840
2 7 8 12 15 20 28 120 840
2 7 8 12 15 20 30 56 840
2 7 8 12 15 20 35 40 840
2 7 8 12 15 20 35 56 840
2 7 8 12 15 20 35 120 840
2 7 8 12 15 20 40 42 840
2 7 8 12 15 20 40 56 840
2 7 8 12 15 20 40 70 840
2 7 8 12 15 20 40 84 840
2 7 8 12 15 20 40 105 840
2 7 8 12 15 20 42 56 840
2 7 8 12 15 20 56 60 840
2 7 8 12 15 21 24 30 840
2 7 8 12 15 21 24 35 840
2 7 8 12 15 21 24 40 840
2 7 8 12 15 21 24 60 840
2 7 8 12 15 21 24 70 840
2 7 8 12 15 21 24 105 840
2 7 8 12 15 21 24 120 840
2 7 8 12 15 21 28 40 840
2 7 8 12 15 21 28 120 840
2 7 8 12 15 21 30 40 840
2 7 8 12 15 21 30 56 840
2 7 8 12 15 21 30 120 840
2 7 8 12 15 21 35 40 840
2 7 8 12 15 21 35 56 840
2 7 8 12 15 21 35 120 840
2 7 8 12 15 21 40 42 840
2 7 8 12 15 21 40 56 840
2 7 8 12 15 21 40 60 840
2 7 8 12 15 21 40 70 840
2 7 8 12 15 21 40 84 840
2 7 8 12 15 21 45 72 2520
2 7 8 12 15 22 35 88 9240
2 7 8 12 15 22 40 77 9240
2 7 8 12 15 24 28 30 840
2 7 8 12 15 24 28 35 840
2 7 8 12 15 24 28 40 840
2 7 8 12 15 24 28 60 840
2 7 8 12 15 24 28 70 840
2 7 8 12 15 24 28 105 840
2 7 8 12 15 24 28 120 840
2 7 8 12 15 24 30 35 840
2 7 8 12 15 24 30 42 840
2 7 8 12 15 24 30 56 840
2 7 8 12 15 24 30 70 840
2 7 8 12 15 24 30 84 840
2 7 8 12 15 24 30 105 840
2 7 8 12 15 24 35 40 840
2 7 8 12 15 24 35 42 840
2 7 8 12 15 24 35 56 840
2 7 8 12 15 24 35 60 840
2 7 8 12 15 24 35 70 840
2 7 8 12 15 24 40 42 840
2 7 8 12 15 24 40 56 840
2 7 8 12 15 28 30 40 840
2 7 8 12 15 28 30 56 840
2 7 8 12 15 28 35 40 840
2 7 8 12 15 28 40 42 840
2 7 8 12 15 30 35 40 840
2 7 8 12 16 17 48 119 5712
2 7 8 12 16 17 51 112 5712
2 7 8 12 16 18 36 112 1008
2 7 8 12 16 18 48 63 1008
2 7 8 12 16 20 21 80 1680
2 7 8 12 16 20 30 112 1680
2 7 8 12 16 20 35 48 1680
2 7 8 12 16 21 24 48 336
2 7 8 12 16 21 24 112 336
2 7 8 12 16 21 28 48 336
2 7 8 12 16 21 28 112 336
2 7 8 12 16 21 30 80 1680
2 7 8 12 16 21 32 96 672
2 7 8 12 16 21 35 80 1680
2 7 8 12 16 21 42 48 336
2 7 8 12 16 24 28 48 336
2 7 8 12 17 21 24 34 2856
2 7 8 12 17 21 24 51 2856
2 7 8 12 17 21 24 68 2856
2 7 8 12 17 21 24 102 2856
2 7 8 12 17 21 24 119 2856
2 7 8 12 17 21 34 56 2856
2 7 8 12 17 24 28 34 2856
2 7 8 12 17 24 28 51 2856
2 7 8 12 17 24 28 68 2856
2 7 8 12 17 24 34 42 2856
2 7 8 12 18 21 24 36 504
2 7 8 12 18 21 24 63 504
2 7 8 12 18 21 24 72 504
2 7 8 12 18 21 24 126 504
2 7 8 12 18 21 28 72 504
2 7 8 12 18 21 40 45 2520
2 7 8 12 18 24 28 36 504
2 7 8 12 19 21 24 38 3192
2 7 8 12 19 21 24 57 3192
2 7 8 12 19 21 24 76 3192
2 7 8 12 19 21 24 114 3192
2 7 8 12 19 24 28 38 3192
2 7 8 12 20 21 24 30 840
2 7 8 12 20 21 24 35 840
2 7 8 12 20 21 24 40 840
2 7 8 12 20 21 24 60 840
2 7 8 12 20 21 24 70 840
2 7 8 12 20 21 28 40 840
2 7 8 12 20 21 30 40 840
2 7 8 12 20 21 35 40 840
2 7 8 12 20 24 28 30 840
2 7 8 12 20 24 28 35 840
2 7 8 12 20 24 28 40 840
2 7 8 12 20 24 30 35 840
2 7 8 12 21 22 24 33 1848
2 7 8 12 21 22 24 44 1848
2 7 8 12 21 22 24 66 1848
2 7 8 12 21 23 24 46 3864
2 7 8 12 21 24 25 50 4200
2 7 8 12 21 24 26 39 2184
2 7 8 12 21 24 30 35 840
2 7 8 12 22 24 28 33 1848
2 7 8 13 14 15 24 65 10920
2 7 8 13 14 15 26 120 10920
2 7 8 13 14 15 30 104 10920
2 7 8 13 14 15 39 40 10920
2 7 8 13 14 15 39 120 10920
2 7 8 13 14 15 40 78 10920
2 7 8 13 14 15 52 120 10920
2 7 8 13 14 15 60 104 10920
2 7 8 13 14 15 65 120 10920
2 7 8 13 14 15 78 120 10920
2 7 8 13 14 15 91 120 10920
2 7 8 13 14 15 104 105 10920
2 7 8 13 14 15 104 120 10920
2 7 8 13 14 16 26 112 1456
2 7 8 13 14 16 39 48 4368
2 7 8 13 14 16 48 78 4368
2 7 8 13 14 16 52 112 1456
2 7 8 13 14 16 65 80 7280
2 7 8 13 14 17 34 104 12376
2 7 8 13 14 18 24 117 6552
2 7 8 13 14 18 26 72 6552
2 7 8 13 14 18 36 104 6552
2 7 8 13 14 18 39 72 6552
2 7 8 13 14 18 52 72 6552
2 7 8 13 14 19 38 104 13832
2 7 8 13 14 20 26 40 3640
2 7 8 13 14 20 35 104 3640
2 7 8 13 14 20 39 120 10920
2 7 8 13 14 20 40 52 3640
2 7 8 13 14 20 40 65 3640
2 7 8 13 14 20 40 91 3640
2 7 8 13 14 20 40 104 3640
2 7 8 13 14 21 24 26 2184
2 7 8 13 14 21 24 39 2184
2 7 8 13 14 21 24 52 2184
2 7 8 13 14 21 24 78 2184
2 7 8 13 14 21 24 91 2184
2 7 8 13 14 21 24 104 2184
2 7 8 13 14 21 39 56 2184
2 7 8 13 14 22 26 88 8008
2 7 8 13 14 24 26 39 2184
2 7 8 13 14 24 26 42 2184
2 7 8 13 14 24 26 78 2184
2 7 8 13 14 24 26 84 2184
2 7 8 13 14 24 28 39 2184
2 7 8 13 14 24 28 78 2184
2 7 8 13 14 24 30 65 10920
2 7 8 13 14 24 39 42 2184
2 7 8 13 14 24 39 52 2184
2 7 8 13 14 24 39 56 2184
2 7 8 13 14 24 42 52 2184
2 7 8 13 14 26 28 56 728
2 7 8 13 14 26 35 40 3640
2 7 8 13 14 30 39 40 10920
2 7 8 13 15 20 21 104 10920
2 7 8 13 15 20 24 91 10920
2 7 8 13 15 20 39 56 10920
2 7 8 13 15 21 24 65 10920
2 7 8 13 15 21 26 40 10920
2 7 8 13 15 21 26 120 10920
2 7 8 13 15 21 30 104 10920
2 7 8 13 15 21 39 40 10920
2 7 8 13 15 21 40 52 10920
2 7 8 13 15 24 26 35 10920
2 7 8 13 15 24 26 70 10920
2 7 8 13 15 24 26 105 10920
2 7 8 13 15 24 28 65 10920
2 7 8 13 15 24 35 39 10920
2 7 8 13 15 24 35 52 10920
2 7 8 13 15 26 30 56 10920
2 7 8 13 16 21 26 48 4368
2 7 8 13 16 21 39 48 4368
2 7 8 13 18 21 26 72 6552
2 7 8 13 21 24 26 28 2184
2 7 8 14 15 16 20 48 1680
2 7 8 14 15 16 21 80 1680
2 7 8 14 15 16 24 80 1680
2 7 8 14 15 16 30 48 1680
2 7 8 14 15 16 30 80 1680
2 7 8 14 15 16 30 112 1680
2 7 8 14 15 16 35 48 1680
2 7 8 14 15 16 40 48 1680
2 7 8 14 15 16 42 80 1680
2 7 8 14 15 16 48 60 1680
2 7 8 14 15 16 48 70 1680
2 7 8 14 15 16 48 80 1680
2 7 8 14 15 17 24 85 14280
2 7 8 14 15 17 34 120 14280
2 7 8 14 15 17 40 51 14280
2 7 8 14 15 18 20 72 2520
2 7 8 14 15 18 24 45 2520
2 7 8 14 15 18 24 90 2520
2 7 8 14 15 18 30 72 2520
2 7 8 14 15 18 35 72 2520
2 7 8 14 15 18 36 40 2520
2 7 8 14 15 18 40 45 2520
2 7 8 14 15 18 40 63 2520
2 7 8 14 15 18 40 72 2520
2 7 8 14 15 18 45 56 2520
2 7 8 14 15 19 24 95 15960
2 7 8 14 15 19 40 57 15960
2 7 8 14 15 20 21 24 840
2 7 8 14 15 20 21 40 840
2 7 8 14 15 20 21 56 840
2 7 8 14 15 20 21 120 840
2 7 8 14 15 20 24 28 840
2 7 8 14 15 20 24 30 840
2 7 8 14 15 20 24 35 840
2 7 8 14 15 20 24 40 840
2 7 8 14 15 20 24 42 840
2 7 8 14 15 20 24 56 840
2 7 8 14 15 20 24 60 840
2 7 8 14 15 20 24 70 840
2 7 8 14 15 20 24 84 840
2 7 8 14 15 20 24 105 840
2 7 8 14 15 20 24 120 840
2 7 8 14 15 20 30 40 840
2 7 8 14 15 20 30 56 840
2 7 8 14 15 20 40 42 840
2 7 8 14 15 21 24 30 840
2 7 8 14 15 21 24 35 840
2 7 8 14 15 21 24 40 840
2 7 8 14 15 21 24 60 840
2 7 8 14 15 21 24 70 840
2 7 8 14 15 21 24 105 840
2 7 8 14 15 21 24 120 840
2 7 8 14 15 21 28 40 840
2 7 8 14 15 21 30 40 840
2 7 8 14 15 21 30 56 840
2 7 8 14 15 21 35 40 840
2 7 8 14 15 21 40 42 840
2 7 8 14 15 22 24 55 9240
2 7 8 14 15 22 24 110 9240
2 7 8 14 15 22 33 40 9240
2 7 8 14 15 24 25 50 4200
2 7 8 14 15 24 25 75 4200
2 7 8 14 15 24 26 65 10920
2 7 8 14 15 24 28 30 840
2 7 8 14 15 24 28 35 840
2 7 8 14 15 24 28 40 840
2 7 8 14 15 24 30 35 840
2 7 8 14 15 24 30 40 840
2 7 8 14 15 24 30 42 840
2 7 8 14 15 24 35 40 840
2 7 8 14 16 17 48 51 5712
2 7 8 14 16 18 36 48 1008
2 7 8 14 16 20 30 48 1680
2 7 8 14 16 21 24 48 336
2 7 8 14 16 21 28 48 336
2 7 8 14 17 20 34 40 4760
2 7 8 14 17 21 24 34 2856
2 7 8 14 17 21 24 51 2856
2 7 8 14 17 21 24 68 2856
2 7 8 14 18 20 24 45 2520
2 7 8 14 18 21 24 36 504
2 7 8 14 19 21 24 38 3192
2 7 8 14 20 21 24 30 840
2 7 8 14 20 21 24 35 840
2 7 8 14 20 21 24 40 840
2 7 8 14 21 22 24 33 1848
2 7 8 15 16 20 21 48 1680
2 7 8 15 16 20 21 80 1680
2 7 8 15 16 20 21 112 1680
2 7 8 15 16 20 28 48 1680
2 7 8 15 18 20 21 72 2520
2 7 8 15 18 21 24 45 2520
2 7 8 15 20 21 24 28 840
2 7 8 15 20 21 24 30 840
2 7 8 15 20 21 24 35 840
2 7 9 10 11 14 15 99 6930
2 7 9 10 11 14 18 55 6930
2 7 9 10 11 14 18 110 6930
2 7 9 10 11 14 22 45 6930
2 7 9 10 11 14 22 90 6930
2 7 9 10 11 14 30 99 6930
2 7 9 10 11 14 33 45 6930
2 7 9 10 11 14 33 90 6930
2 7 9 10 11 14 35 99 6930
2 7 9 10 11 14 45 55 6930
2 7 9 10 11 14 45 66 6930
2 7 9 10 11 14 45 77 6930
2 7 9 10 11 14 45 99 6930
2 7 9 10 11 14 45 110 6930
2 7 9 10 11 14 55 63 6930
2 7 9 10 11 14 55 90 6930
2 7 9 10 11 14 55 99 6930
2 7 9 10 11 14 55 126 6930
2 7 9 10 11 14 63 110 6930
2 7 9 10 11 14 66 90 6930
2 7 9 10 11 14 70 99 6930
2 7 9 10 11 14 77 90 6930
2 7 9 10 11 14 90 99 6930
2 7 9 10 11 14 90 110 6930
2 7 9 10 11 14 99 105 6930
2 7 9 10 11 14 99 110 6930
2 7 9 10 11 14 110 126 6930
2 7 9 10 11 15 18 77 6930
2 7 9 10 11 15 21 99 6930
2 7 9 10 11 15 22 63 6930
2 7 9 10 11 15 22 126 6930
2 7 9 10 11 15 33 63 6930
2 7 9 10 11 15 33 126 6930
2 7 9 10 11 15 35 99 6930
2 7 9 10 11 15 42 99 6930
2 7 9 10 11 15 45 77 6930
2 7 9 10 11 15 55 63 6930
2 7 9 10 11 15 55 126 6930
2 7 9 10 11 15 63 66 6930
2 7 9 10 11 15 63 77 6930
2 7 9 10 11 15 63 99 6930
2 7 9 10 11 15 63 110 6930
2 7 9 10 11 15 66 126 6930
2 7 9 10 11 15 70 99 6930
2 7 9 10 11 15 77 90 6930
2 7 9 10 11 15 77 99 6930
2 7 9 10 11 15 77 126 6930
2 7 9 10 11 15 99 105 6930
2 7 9 10 11 15 99 126 6930
2 7 9 10 11 15 110 126 6930
2 7 9 10 11 18 21 55 6930
2 7 9 10 11 18 21 110 6930
2 7 9 10 11 18 22 35 6930
2 7 9 10 11 18 22 70 6930
2 7 9 10 11 18 22 105 6930
2 7 9 10 11 18 30 77 6930
2 7 9 10 11 18 33 35 6930
2 7 9 10 11 18 33 70 6930
2 7 9 10 11 18 33 105 6930
2 7 9 10 11 18 35 55 6930
2 7 9 10 11 18 35 66 6930
2 7 9 10 11 18 35 77 6930
2 7 9 10 11 18 35 99 6930
2 7 9 10 11 18 35 110 6930
2 7 9 10 11 18 42 55 6930
2 7 9 10 11 18 42 110 6930
2 7 9 10 11 18 45 77 6930
2 7 9 10 11 18 55 63 6930
2 7 9 10 11 18 55 70 6930
2 7 9 10 11 18 55 77 6930
2 7 9 10 11 18 55 105 6930
2 7 9 10 11 18 55 126 6930
2 7 9 10 11 18 63 110 6930
2 7 9 10 11 18 66 70 6930
2 7 9 10 11 18 66 105 6930
2 7 9 10 11 18 70 77 6930
2 7 9 10 11 18 70 99 6930
2 7 9 10 11 18 70 110 6930
2 7 9 10 11 18 77 90 6930
2 7 9 10 11 18 77 105 6930
2 7 9 10 11 18 77 110 6930
2 7 9 10 11 18 99 105 6930
2 7 9 10 11 18 105 110 6930
2 7 9 10 11 18 110 126 6930
2 7 9 10 11 20 28 99 13860
2 7 9 10 11 20 36 77 13860
2 7 9 10 11 20 44 63 13860
2 7 9 10 11 20 44 126 13860
2 7 9 10 11 20 84 99 13860
2 7 9 10 11 21 22 45 6930
2 7 9 10 11 21 22 90 6930
2 7 9 10 11 21 30 99 6930
2 7 9 10 11 21 33 45 6930
2 7 9 10 11 21 33 90 6930
2 7 9 10 11 21 35 99 6930
2 7 9 10 11 21 45 55 6930
2 7 9 10 11 21 45 66 6930
2 7 9 10 11 21 45 77 6930
2 7 9 10 11 21 45 99 6930
2 7 9 10 11 21 45 110 6930
2 7 9 10 11 21 55 63 6930
2 7 9 10 11 21 55 90 6930
2 7 9 10 11 21 55 99 6930
2 7 9 10 11 21 55 126 6930
2 7 9 10 11 21 63 110 6930
2 7 9 10 11 21 66 90 6930
2 7 9 10 11 21 70 99 6930
2 7 9 10 11 21 77 90 6930
2 7 9 10 11 21 90 99 6930
2 7 9 10 11 21 90 110 6930
2 7 9 10 11 21 99 105 6930
2 7 9 10 11 21 99 110 6930
2 7 9 10 11 21 110 126 6930
2 7 9 10 11 22 30 63 6930
2 7 9 10 11 22 30 126 6930
2 7 9 10 11 22 35 45 6930
2 7 9 10 11 22 35 63 6930
2 7 9 10 11 22 35 90 6930
2 7 9 10 11 22 35 99 6930
2 7 9 10 11 22 35 126 6930
2 7 9 10 11 22 42 45 6930
2 7 9 10 11 22 42 90 6930
2 7 9 10 11 22 45 63 6930
2 7 9 10 11 22 45 70 6930
2 7 9 10 11 22 45 77 6930
2 7 9 10 11 22 45 105 6930
2 7 9 10 11 22 45 126 6930
2 7 9 10 11 22 55 63 6930
2 7 9 10 11 22 55 126 6930
2 7 9 10 11 22 63 70 6930
2 7 9 10 11 22 63 90 6930
2 7 9 10 11 22 63 105 6930
2 7 9 10 11 22 63 110 6930
2 7 9 10 11 22 70 90 6930
2 7 9 10 11 22 70 99 6930
2 7 9 10 11 22 70 126 6930
2 7 9 10 11 22 77 90 6930
2 7 9 10 11 22 90 105 6930
2 7 9 10 11 22 90 126 6930
2 7 9 10 11 22 99 105 6930
2 7 9 10 11 22 105 126 6930
2 7 9 10 11 22 110 126 6930
2 7 9 10 11 28 36 55 13860
2 7 9 10 11 28 36 110 13860
2 7 9 10 11 28 44 45 13860
2 7 9 10 11 28 44 90 13860
2 7 9 10 11 28 60 99 13860
2 7 9 10 11 30 33 63 6930
2 7 9 10 11 30 33 126 6930
2 7 9 10 11 30 35 99 6930
2 7 9 10 11 30 42 99 6930
2 7 9 10 11 30 45 77 6930
2 7 9 10 11 30 55 63 6930
2 7 9 10 11 30 55 126 6930
2 7 9 10 11 30 63 66 6930
2 7 9 10 11 30 63 77 6930
2 7 9 10 11 30 63 99 6930
2 7 9 10 11 30 63 110 6930
2 7 9 10 11 30 66 126 6930
2 7 9 10 11 30 70 99 6930
2 7 9 10 11 30 77 90 6930
2 7 9 10 11 30 77 99 6930
2 7 9 10 11 33 35 45 6930
2 7 9 10 11 33 35 63 6930
2 7 9 10 11 33 35 90 6930
2 7 9 10 11 33 35 99 6930
2 7 9 10 11 33 35 126 6930
2 7 9 10 11 33 42 45 6930
2 7 9 10 11 33 42 90 6930
2 7 9 10 11 33 45 63 6930
2 7 9 10 11 33 45 70 6930
2 7 9 10 11 33 45 77 6930
2 7 9 10 11 33 45 105 6930
2 7 9 10 11 33 45 126 6930
2 7 9 10 11 33 55 63 6930
2 7 9 10 11 33 55 126 6930
2 7 9 10 11 33 63 70 6930
2 7 9 10 11 33 63 90 6930
2 7 9 10 11 33 63 105 6930
2 7 9 10 11 33 63 110 6930
2 7 9 10 11 33 70 90 6930
2 7 9 10 11 35 36 44 13860
2 7 9 10 11 35 42 99 6930
2 7 9 10 11 35 45 55 6930
2 7 9 10 11 35 45 66 6930
2 7 9 10 11 35 45 77 6930
2 7 9 10 11 35 45 99 6930
2 7 9 10 11 35 45 110 6930
2 7 9 10 11 35 55 63 6930
2 7 9 10 11 35 55 90 6930
2 7 9 10 11 35 55 99 6930
2 7 9 10 11 35 63 66 6930
2 7 9 10 11 35 63 77 6930
2 7 9 10 11 36 44 70 13860
2 7 9 10 11 36 44 105 13860
2 7 9 10 11 36 55 84 13860
2 7 9 10 11 36 60 77 13860
2 7 9 10 11 42 45 55 6930
2 7 9 10 11 42 45 66 6930
2 7 9 10 11 42 45 77 6930
2 7 9 10 11 42 45 99 6930
2 7 9 10 11 42 55 63 6930
2 7 9 10 11 44 45 84 13860
2 7 9 10 11 44 60 63 13860
2 7 9 10 11 45 55 63 6930
2 7 9 10 12 14 15 36 1260
2 7 9 10 12 14 18 20 1260
2 7 9 10 12 14 18 60 1260
2 7 9 10 12 14 20 36 1260
2 7 9 10 12 14 20 45 1260
2 7 9 10 12 14 20 63 1260
2 7 9 10 12 14 20 90 1260
2 7 9 10 12 14 20 126 1260
2 7 9 10 12 14 28 45 1260
2 7 9 10 12 14 28 90 1260
2 7 9 10 12 14 30 36 1260
2 7 9 10 12 14 35 36 1260
2 7 9 10 12 14 36 45 1260
2 7 9 10 12 14 36 60 1260
2 7 9 10 12 14 36 70 1260
2 7 9 10 12 14 36 90 1260
2 7 9 10 12 14 36 105 1260
2 7 9 10 12 14 40 72 2520
2 7 9 10 12 14 45 60 1260
2 7 9 10 12 14 45 84 1260
2 7 9 10 12 14 60 63 1260
2 7 9 10 12 14 60 90 1260
2 7 9 10 12 14 60 126 1260
2 7 9 10 12 14 72 120 2520
2 7 9 10 12 14 84 90 1260
2 7 9 10 12 15 18 28 1260
2 7 9 10 12 15 18 84 1260
2 7 9 10 12 15 20 63 1260
2 7 9 10 12 15 20 126 1260
2 7 9 10 12 15 21 36 1260
2 7 9 10 12 15 28 36 1260
2 7 9 10 12 15 28 45 1260
2 7 9 10 12 15 28 63 1260
2 7 9 10 12 15 28 90 1260
2 7 9 10 12 15 28 126 1260
2 7 9 10 12 15 35 36 1260
2 7 9 10 12 15 36 42 1260
2 7 9 10 12 15 36 63 1260
2 7 9 10 12 15 36 70 1260
2 7 9 10 12 15 36 84 1260
2 7 9 10 12 15 36 105 1260
2 7 9 10 12 15 36 126 1260
2 7 9 10 12 15 45 84 1260
2 7 9 10 12 15 56 72 2520
2 7 9 10 12 15 60 63 1260
2 7 9 10 12 15 60 126 1260
2 7 9 10 12 15 63 84 1260
2 7 9 10 12 15 84 90 1260
2 7 9 10 12 15 84 126 1260
2 7 9 10 12 16 45 112 5040
2 7 9 10 12 16 63 80 5040
2 7 9 10 12 16 80 126 5040
2 7 9 10 12 16 90 112 5040
2 7 9 10 12 18 20 21 1260
2 7 9 10 12 18 20 28 1260
2 7 9 10 12 18 20 35 1260
2 7 9 10 12 18 20 42 1260
2 7 9 10 12 18 20 63 1260
2 7 9 10 12 18 20 70 1260
2 7 9 10 12 18 20 84 1260
2 7 9 10 12 18 20 105 1260
2 7 9 10 12 18 20 126 1260
2 7 9 10 12 18 21 60 1260
2 7 9 10 12 18 28 30 1260
2 7 9 10 12 18 28 35 1260
2 7 9 10 12 18 28 45 1260
2 7 9 10 12 18 28 60 1260
2 7 9 10 12 18 28 70 1260
2 7 9 10 12 18 28 90 1260
2 7 9 10 12 18 28 105 1260
2 7 9 10 12 18 30 84 1260
2 7 9 10 12 18 35 36 1260
2 7 9 10 12 18 35 60 1260
2 7 9 10 12 18 35 84 1260
2 7 9 10 12 18 36 70 1260
2 7 9 10 12 18 36 105 1260
2 7 9 10 12 18 40 56 2520
2 7 9 10 12 18 42 60 1260
2 7 9 10 12 18 45 84 1260
2 7 9 10 12 18 56 120 2520
2 7 9 10 12 18 60 63 1260
2 7 9 10 12 18 60 70 1260
2 7 9 10 12 18 60 84 1260
2 7 9 10 12 18 60 105 1260
2 7 9 10 12 18 60 126 1260
2 7 9 10 12 18 70 84 1260
2 7 9 10 12 18 80 112 5040
2 7 9 10 12 18 84 90 1260
2 7 9 10 12 18 84 105 1260
2 7 9 10 12 20 21 36 1260
2 7 9 10 12 20 21 45 1260
2 7 9 10 12 20 21 63 1260
2 7 9 10 12 20 21 90 1260
2 7 9 10 12 20 21 126 1260
2 7 9 10 12 20 28 36 1260
2 7 9 10 12 20 28 45 1260
2 7 9 10 12 20 28 63 1260
2 7 9 10 12 20 28 90 1260
2 7 9 10 12 20 28 126 1260
2 7 9 10 12 20 30 63 1260
2 7 9 10 12 20 30 126 1260
2 7 9 10 12 20 35 36 1260
2 7 9 10 12 20 35 45 1260
2 7 9 10 12 20 35 63 1260
2 7 9 10 12 20 35 90 1260
2 7 9 10 12 20 35 126 1260
2 7 9 10 12 20 36 42 1260
2 7 9 10 12 20 36 63 1260
2 7 9 10 12 20 36 70 1260
2 7 9 10 12 20 36 84 1260
2 7 9 10 12 20 36 105 1260
2 7 9 10 12 20 36 126 1260
2 7 9 10 12 20 42 45 1260
2 7 9 10 12 20 42 63 1260
2 7 9 10 12 20 42 90 1260
2 7 9 10 12 20 42 126 1260
2 7 9 10 12 20 45 63 1260
2 7 9 10 12 20 45 70 1260
2 7 9 10 12 20 45 84 1260
2 7 9 10 12 20 45 105 1260
2 7 9 10 12 20 45 126 1260
2 7 9 10 12 20 56 72 2520
2 7 9 10 12 20 60 63 1260
2 7 9 10 12 20 60 126 1260
2 7 9 10 12 20 63 70 1260
2 7 9 10 12 20 63 84 1260
2 7 9 10 12 20 63 90 1260
2 7 9 10 12 20 63 105 1260
2 7 9 10 12 20 63 126 1260
2 7 9 10 12 20 70 90 1260
2 7 9 10 12 20 70 126 1260
2 7 9 10 12 20 77 99 13860
2 7 9 10 12 20 84 90 1260
2 7 9 10 12 20 84 126 1260
2 7 9 10 12 20 90 105 1260
2 7 9 10 12 20 90 126 1260
2 7 9 10 12 20 91 117 16380
2 7 9 10 12 20 105 126 1260
2 7 9 10 12 21 28 45 1260
2 7 9 10 12 21 28 90 1260
2 7 9 10 12 21 30 36 1260
2 7 9 10 12 21 35 36 1260
2 7 9 10 12 21 36 45 1260
2 7 9 10 12 21 36 60 1260
2 7 9 10 12 21 36 70 1260
2 7 9 10 12 21 36 90 1260
2 7 9 10 12 21 36 105 1260
2 7 9 10 12 21 40 72 2520
2 7 9 10 12 21 45 60 1260
2 7 9 10 12 21 45 84 1260
2 7 9 10 12 21 60 63 1260
2 7 9 10 12 21 60 90 1260
2 7 9 10 12 21 60 126 1260
2 7 9 10 12 21 72 120 2520
2 7 9 10 12 21 84 90 1260
2 7 9 10 12 24 35 72 2520
2 7 9 10 12 24 40 63 2520
2 7 9 10 12 24 40 126 2520
2 7 9 10 12 24 45 56 2520
2 7 9 10 12 24 56 90 2520
2 7 9 10 12 24 63 120 2520
2 7 9 10 12 24 70 72 2520
2 7 9 10 12 24 72 105 2520
2 7 9 10 12 25 63 100 6300
2 7 9 10 12 27 35 108 3780
2 7 9 10 12 28 30 36 1260
2 7 9 10 12 28 30 45 1260
2 7 9 10 12 28 30 63 1260
2 7 9 10 12 28 30 90 1260
2 7 9 10 12 28 30 126 1260
2 7 9 10 12 28 35 36 1260
2 7 9 10 12 28 35 45 1260
2 7 9 10 12 28 35 63 1260
2 7 9 10 12 28 35 90 1260
2 7 9 10 12 28 35 126 1260
2 7 9 10 12 28 36 45 1260
2 7 9 10 12 28 36 60 1260
2 7 9 10 12 28 36 70 1260
2 7 9 10 12 28 36 90 1260
2 7 9 10 12 28 36 105 1260
2 7 9 10 12 28 40 72 2520
2 7 9 10 12 28 42 45 1260
2 7 9 10 12 28 42 90 1260
2 7 9 10 12 28 45 60 1260
2 7 9 10 12 28 45 63 1260
2 7 9 10 12 28 45 70 1260
2 7 9 10 12 28 45 84 1260
2 7 9 10 12 28 45 90 1260
2 7 9 10 12 28 45 105 1260
2 7 9 10 12 28 45 126 1260
2 7 9 10 12 28 55 99 13860
2 7 9 10 12 28 60 63 1260
2 7 9 10 12 28 60 90 1260
2 7 9 10 12 28 63 70 1260
2 7 9 10 12 30 35 36 1260
2 7 9 10 12 30 36 42 1260
2 7 9 10 12 30 36 63 1260
2 7 9 10 12 30 36 70 1260
2 7 9 10 12 30 36 84 1260
2 7 9 10 12 30 36 105 1260
2 7 9 10 12 30 36 126 1260
2 7 9 10 12 30 45 84 1260
2 7 9 10 12 30 56 72 2520
2 7 9 10 12 30 60 63 1260
2 7 9 10 12 35 36 42 1260
2 7 9 10 12 35 36 45 1260
2 7 9 10 12 35 36 60 1260
2 7 9 10 12 35 36 63 1260
2 7 9 10 12 35 36 70 1260
2 7 9 10 12 35 36 84 1260
2 7 9 10 12 35 36 90 1260
2 7 9 10 12 35 36 105 1260
2 7 9 10 12 35 36 126 1260
2 7 9 10 12 35 40 72 2520
2 7 9 10 12 35 45 60 1260
2 7 9 10 12 36 40 56 2520
2 7 9 10 12 36 42 45 1260
2 7 9 10 12 36 42 60 1260
2 7 9 10 12 36 42 70 1260
2 7 9 10 12 36 45 63 1260
2 7 9 10 12 36 45 70 1260
2 7 9 10 12 40 45 56 2520
2 7 9 10 13 14 15 117 8190
2 7 9 10 13 14 18 65 8190
2 7 9 10 13 14 26 45 8190
2 7 9 10 13 14 26 90 8190
2 7 9 10 13 14 30 117 8190
2 7 9 10 13 14 35 117 8190
2 7 9 10 13 14 39 45 8190
2 7 9 10 13 14 39 90 8190
2 7 9 10 13 14 45 65 8190
2 7 9 10 13 14 45 78 8190
2 7 9 10 13 14 45 91 8190
2 7 9 10 13 14 45 117 8190
2 7 9 10 13 14 63 65 8190
2 7 9 10 13 14 65 90 8190
2 7 9 10 13 14 65 117 8190
2 7 9 10 13 14 65 126 8190
2 7 9 10 13 14 70 117 8190
2 7 9 10 13 14 78 90 8190
2 7 9 10 13 14 90 91 8190
2 7 9 10 13 14 90 117 8190
2 7 9 10 13 14 105 117 8190
2 7 9 10 13 15 18 91 8190
2 7 9 10 13 15 21 117 8190
2 7 9 10 13 15 26 63 8190
2 7 9 10 13 15 26 126 8190
2 7 9 10 13 15 35 117 8190
2 7 9 10 13 15 39 63 8190
2 7 9 10 13 15 39 126 8190
2 7 9 10 13 15 42 117 8190
2 7 9 10 13 15 45 91 8190
2 7 9 10 13 15 63 65 8190
2 7 9 10 13 15 63 78 8190
2 7 9 10 13 15 63 91 8190
2 7 9 10 13 15 63 117 8190
2 7 9 10 13 15 65 126 8190
2 7 9 10 13 15 70 117 8190
2 7 9 10 13 15 78 126 8190
2 7 9 10 13 15 90 91 8190
2 7 9 10 13 15 91 117 8190
2 7 9 10 13 15 91 126 8190
2 7 9 10 13 15 105 117 8190
2 7 9 10 13 15 117 126 8190
2 7 9 10 13 18 21 65 8190
2 7 9 10 13 18 26 35 8190
2 7 9 10 13 18 26 70 8190
2 7 9 10 13 18 26 105 8190
2 7 9 10 13 18 30 91 8190
2 7 9 10 13 18 35 39 8190
2 7 9 10 13 18 35 65 8190
2 7 9 10 13 18 35 78 8190
2 7 9 10 13 18 35 91 8190
2 7 9 10 13 18 35 117 8190
2 7 9 10 13 18 39 70 8190
2 7 9 10 13 18 39 105 8190
2 7 9 10 13 18 42 65 8190
2 7 9 10 13 18 45 91 8190
2 7 9 10 13 18 63 65 8190
2 7 9 10 13 18 65 70 8190
2 7 9 10 13 18 65 91 8190
2 7 9 10 13 18 65 105 8190
2 7 9 10 13 18 65 126 8190
2 7 9 10 13 18 70 78 8190
2 7 9 10 13 18 70 91 8190
2 7 9 10 13 18 70 117 8190
2 7 9 10 13 18 78 105 8190
2 7 9 10 13 18 90 91 8190
2 7 9 10 13 18 91 105 8190
2 7 9 10 13 18 105 117 8190
2 7 9 10 13 20 28 117 16380
2 7 9 10 13 20 36 91 16380
2 7 9 10 13 20 52 63 16380
2 7 9 10 13 20 52 126 16380
2 7 9 10 13 20 84 117 16380
2 7 9 10 13 21 26 45 8190
2 7 9 10 13 21 26 90 8190
2 7 9 10 13 21 30 117 8190
2 7 9 10 13 21 35 117 8190
2 7 9 10 13 21 39 45 8190
2 7 9 10 13 21 39 90 8190
2 7 9 10 13 21 45 65 8190
2 7 9 10 13 21 45 78 8190
2 7 9 10 13 21 45 91 8190
2 7 9 10 13 21 45 117 8190
2 7 9 10 13 21 63 65 8190
2 7 9 10 13 21 65 90 8190
2 7 9 10 13 21 65 117 8190
2 7 9 10 13 21 65 126 8190
2 7 9 10 13 21 70 117 8190
2 7 9 10 13 21 78 90 8190
2 7 9 10 13 21 90 91 8190
2 7 9 10 13 26 30 63 8190
2 7 9 10 13 26 30 126 8190
2 7 9 10 13 26 35 45 8190
2 7 9 10 13 26 35 63 8190
2 7 9 10 13 26 35 90 8190
2 7 9 10 13 26 35 117 8190
2 7 9 10 13 26 35 126 8190
2 7 9 10 13 26 42 45 8190
2 7 9 10 13 26 42 90 8190
2 7 9 10 13 26 45 63 8190
2 7 9 10 13 26 45 70 8190
2 7 9 10 13 26 45 91 8190
2 7 9 10 13 26 45 105 8190
2 7 9 10 13 26 63 65 8190
2 7 9 10 13 28 36 65 16380
2 7 9 10 13 28 45 52 16380
2 7 9 10 13 30 35 117 8190
2 7 9 10 13 30 39 63 8190
2 7 9 10 13 35 36 52 16380
2 7 9 10 13 35 39 45 8190
2 7 9 10 13 35 39 63 8190
2 7 9 10 13 39 42 45 8190
2 7 9 10 14 15 18 21 630
2 7 9 10 14 15 18 30 630
2 7 9 10 14 15 18 35 630
2 7 9 10 14 15 18 42 630
2 7 9 10 14 15 18 45 630
2 7 9 10 14 15 18 63 630
2 7 9 10 14 15 18 70 630
2 7 9 10 14 15 18 90 630
2 7 9 10 14 15 18 105 630
2 7 9 10 14 15 18 126 630
2 7 9 10 14 15 20 36 1260
2 7 9 10 14 15 21 45 630
2 7 9 10 14 15 21 63 630
2 7 9 10 14 15 21 90 630
2 7 9 10 14 15 21 126 630
2 7 9 10 14 15 22 99 6930
2 7 9 10 14 15 24 72 2520
2 7 9 10 14 15 26 117 8190
2 7 9 10 14 15 27 54 1890
2 7 9 10 14 15 28 36 1260
2 7 9 10 14 15 30 45 630
2 7 9 10 14 15 30 63 630
2 7 9 10 14 15 30 90 630
2 7 9 10 14 15 30 126 630
2 7 9 10 14 15 33 99 6930
2 7 9 10 14 15 35 45 630
2 7 9 10 14 15 35 63 630
2 7 9 10 14 15 35 90 630
2 7 9 10 14 15 35 126 630
2 7 9 10 14 15 36 60 1260
2 7 9 10 14 15 36 84 1260
2 7 9 10 14 15 39 117 8190
2 7 9 10 14 15 40 72 2520
2 7 9 10 14 15 42 45 630
2 7 9 10 14 15 42 63 630
2 7 9 10 14 15 42 90 630
2 7 9 10 14 15 42 126 630
2 7 9 10 14 15 45 63 630
2 7 9 10 14 15 45 70 630
2 7 9 10 14 15 45 90 630
2 7 9 10 14 15 45 105 630
2 7 9 10 14 15 45 126 630
2 7 9 10 14 15 55 99 6930
2 7 9 10 14 15 56 72 2520
2 7 9 10 14 15 63 70 630
2 7 9 10 14 15 63 90 630
2 7 9 10 14 15 63 105 630
2 7 9 10 14 15 63 126 630
2 7 9 10 14 15 65 117 8190
2 7 9 10 14 15 66 99 6930
2 7 9 10 14 15 70 90 630
2 7 9 10 14 15 70 126 630
2 7 9 10 14 15 72 120 2520
2 7 9 10 14 15 77 99 6930
2 7 9 10 14 15 78 117 8190
2 7 9 10 14 15 90 105 630
2 7 9 10 14 15 90 126 630
2 7 9 10 14 15 91 117 8190
2 7 9 10 14 15 99 110 6930
2 7 9 10 14 15 105 126 630
2 7 9 10 14 16 18 80 5040
2 7 9 10 14 16 36 80 5040
2 7 9 10 14 16 45 48 5040
2 7 9 10 14 16 45 80 5040
2 7 9 10 14 16 45 112 5040
2 7 9 10 14 16 48 90 5040
2 7 9 10 14 16 63 80 5040
2 7 9 10 14 16 72 80 5040
2 7 9 10 14 16 80 90 5040
2 7 9 10 14 16 80 126 5040
2 7 9 10 14 16 90 112 5040
2 7 9 10 14 17 18 85 10710
2 7 9 10 14 17 34 45 10710
2 7 9 10 14 17 34 90 10710
2 7 9 10 14 17 45 51 10710
2 7 9 10 14 17 45 85 10710
2 7 9 10 14 17 45 102 10710
2 7 9 10 14 17 45 119 10710
2 7 9 10 14 17 51 90 10710
2 7 9 10 14 17 63 85 10710
2 7 9 10 14 17 85 90 10710
2 7 9 10 14 17 85 126 10710
2 7 9 10 14 17 90 102 10710
2 7 9 10 14 17 90 119 10710
2 7 9 10 14 18 19 95 11970
2 7 9 10 14 18 20 28 1260
2 7 9 10 14 18 20 36 1260
2 7 9 10 14 18 20 60 1260
2 7 9 10 14 18 20 84 1260
2 7 9 10 14 18 21 30 630
2 7 9 10 14 18 21 35 630
2 7 9 10 14 18 21 45 630
2 7 9 10 14 18 21 70 630
2 7 9 10 14 18 21 90 630
2 7 9 10 14 18 21 105 630
2 7 9 10 14 18 22 55 6930
2 7 9 10 14 18 22 110 6930
2 7 9 10 14 18 23 115 14490
2 7 9 10 14 18 24 40 2520
2 7 9 10 14 18 24 120 2520
2 7 9 10 14 18 25 50 3150
2 7 9 10 14 18 25 75 3150
2 7 9 10 14 18 26 65 8190
2 7 9 10 14 18 28 60 1260
2 7 9 10 14 18 30 35 630
2 7 9 10 14 18 30 42 630
2 7 9 10 14 18 30 45 630
2 7 9 10 14 18 30 63 630
2 7 9 10 14 18 30 70 630
2 7 9 10 14 18 30 90 630
2 7 9 10 14 18 30 105 630
2 7 9 10 14 18 30 126 630
2 7 9 10 14 18 33 55 6930
2 7 9 10 14 18 33 110 6930
2 7 9 10 14 18 34 85 10710
2 7 9 10 14 18 35 42 630
2 7 9 10 14 18 35 45 630
2 7 9 10 14 18 35 63 630
2 7 9 10 14 18 35 70 630
2 7 9 10 14 18 35 90 630
2 7 9 10 14 18 35 105 630
2 7 9 10 14 18 35 126 630
2 7 9 10 14 18 36 60 1260
2 7 9 10 14 18 38 95 11970
2 7 9 10 14 18 39 65 8190
2 7 9 10 14 18 40 56 2520
2 7 9 10 14 18 40 72 2520
2 7 9 10 14 18 40 120 2520
2 7 9 10 14 18 42 45 630
2 7 9 10 14 18 42 70 630
2 7 9 10 14 18 42 90 630
2 7 9 10 14 18 42 105 630
2 7 9 10 14 18 45 63 630
2 7 9 10 14 18 45 70 630
2 7 9 10 14 18 45 90 630
2 7 9 10 14 18 45 105 630
2 7 9 10 14 18 45 126 630
2 7 9 10 14 18 46 115 14490
2 7 9 10 14 18 48 80 5040
2 7 9 10 14 18 50 75 3150
2 7 9 10 14 18 51 85 10710
2 7 9 10 14 18 55 66 6930
2 7 9 10 14 18 55 77 6930
2 7 9 10 14 18 55 99 6930
2 7 9 10 14 18 55 110 6930
2 7 9 10 14 18 56 120 2520
2 7 9 10 14 18 57 95 11970
2 7 9 10 14 18 60 84 1260
2 7 9 10 14 18 63 70 630
2 7 9 10 14 18 63 90 630
2 7 9 10 14 18 63 105 630
2 7 9 10 14 18 65 78 8190
2 7 9 10 14 18 65 91 8190
2 7 9 10 14 18 65 117 8190
2 7 9 10 14 18 66 110 6930
2 7 9 10 14 18 69 115 14490
2 7 9 10 14 18 70 90 630
2 7 9 10 14 18 70 105 630
2 7 9 10 14 18 70 126 630
2 7 9 10 14 18 72 120 2520
2 7 9 10 14 18 77 110 6930
2 7 9 10 14 18 80 112 5040
2 7 9 10 14 18 85 102 10710
2 7 9 10 14 18 85 119 10710
2 7 9 10 14 18 90 105 630
2 7 9 10 14 18 95 114 11970
2 7 9 10 14 18 99 110 6930
2 7 9 10 14 19 38 45 11970
2 7 9 10 14 19 38 90 11970
2 7 9 10 14 19 45 57 11970
2 7 9 10 14 19 45 95 11970
2 7 9 10 14 19 45 114 11970
2 7 9 10 14 19 57 90 11970
2 7 9 10 14 19 63 95 11970
2 7 9 10 14 20 21 36 1260
2 7 9 10 14 20 24 72 2520
2 7 9 10 14 20 27 108 3780
2 7 9 10 14 20 28 36 1260
2 7 9 10 14 20 28 45 1260
2 7 9 10 14 20 28 63 1260
2 7 9 10 14 20 28 90 1260
2 7 9 10 14 20 28 126 1260
2 7 9 10 14 20 30 36 1260
2 7 9 10 14 20 35 36 1260
2 7 9 10 14 20 36 42 1260
2 7 9 10 14 20 36 45 1260
2 7 9 10 14 20 36 60 1260
2 7 9 10 14 20 36 63 1260
2 7 9 10 14 20 36 70 1260
2 7 9 10 14 20 36 84 1260
2 7 9 10 14 20 36 90 1260
2 7 9 10 14 20 36 105 1260
2 7 9 10 14 20 36 126 1260
2 7 9 10 14 20 40 72 2520
2 7 9 10 14 20 44 99 13860
2 7 9 10 14 20 45 60 1260
2 7 9 10 14 20 45 84 1260
2 7 9 10 14 20 52 117 16380
2 7 9 10 14 20 54 108 3780
2 7 9 10 14 20 56 72 2520
2 7 9 10 14 20 60 63 1260
2 7 9 10 14 20 60 90 1260
2 7 9 10 14 20 63 84 1260
2 7 9 10 14 21 30 45 630
2 7 9 10 14 21 30 63 630
2 7 9 10 14 21 30 90 630
2 7 9 10 14 21 30 126 630
2 7 9 10 14 21 35 45 630
2 7 9 10 14 21 35 63 630
2 7 9 10 14 21 35 90 630
2 7 9 10 14 21 35 126 630
2 7 9 10 14 21 36 60 1260
2 7 9 10 14 21 40 72 2520
2 7 9 10 14 21 42 45 630
2 7 9 10 14 21 42 90 630
2 7 9 10 14 21 45 63 630
2 7 9 10 14 21 45 70 630
2 7 9 10 14 21 45 90 630
2 7 9 10 14 21 45 105 630
2 7 9 10 14 21 45 126 630
2 7 9 10 14 21 55 99 6930
2 7 9 10 14 21 63 70 630
2 7 9 10 14 22 30 99 6930
2 7 9 10 14 22 33 45 6930
2 7 9 10 14 22 33 90 6930
2 7 9 10 14 22 35 99 6930
2 7 9 10 14 22 45 55 6930
2 7 9 10 14 22 45 66 6930
2 7 9 10 14 22 45 77 6930
2 7 9 10 14 22 45 99 6930
2 7 9 10 14 22 45 110 6930
2 7 9 10 14 22 55 63 6930
2 7 9 10 14 22 55 90 6930
2 7 9 10 14 23 45 46 14490
2 7 9 10 14 23 45 69 14490
2 7 9 10 14 23 46 90 14490
2 7 9 10 14 24 30 72 2520
2 7 9 10 14 24 35 72 2520
2 7 9 10 14 24 36 40 2520
2 7 9 10 14 24 36 120 2520
2 7 9 10 14 24 40 45 2520
2 7 9 10 14 24 40 63 2520
2 7 9 10 14 24 40 72 2520
2 7 9 10 14 24 40 90 2520
2 7 9 10 14 24 45 56 2520
2 7 9 10 14 24 45 72 2520
2 7 9 10 14 25 36 100 6300
2 7 9 10 14 25 45 50 3150
2 7 9 10 14 25 45 75 3150
2 7 9 10 14 25 50 63 3150
2 7 9 10 14 26 30 117 8190
2 7 9 10 14 26 35 117 8190
2 7 9 10 14 26 39 45 8190
2 7 9 10 14 26 39 90 8190
2 7 9 10 14 26 45 65 8190
2 7 9 10 14 27 30 54 1890
2 7 9 10 14 27 35 54 1890
2 7 9 10 14 27 45 54 1890
2 7 9 10 14 28 30 36 1260
2 7 9 10 14 28 35 36 1260
2 7 9 10 14 28 36 45 1260
2 7 9 10 14 28 36 60 1260
2 7 9 10 14 28 36 70 1260
2 7 9 10 14 30 35 45 630
2 7 9 10 14 30 35 63 630
2 7 9 10 14 30 36 60 1260
2 7 9 10 14 30 42 45 630
2 7 9 10 15 16 18 112 5040
2 7 9 10 15 16 36 112 5040
2 7 9 10 15 16 45 112 5040
2 7 9 10 15 16 48 63 5040
2 7 9 10 15 16 48 126 5040
2 7 9 10 15 16 63 80 5040
2 7 9 10 15 16 63 112 5040
2 7 9 10 15 16 72 112 5040
2 7 9 10 15 16 80 126 5040
2 7 9 10 15 16 90 112 5040
2 7 9 10 15 17 18 119 10710
2 7 9 10 15 17 34 63 10710
2 7 9 10 15 17 34 126 10710
2 7 9 10 15 17 45 119 10710
2 7 9 10 15 17 51 63 10710
2 7 9 10 15 17 51 126 10710
2 7 9 10 15 17 63 85 10710
2 7 9 10 15 17 63 102 10710
2 7 9 10 15 17 63 119 10710
2 7 9 10 15 18 20 28 1260
2 7 9 10 15 18 20 84 1260
2 7 9 10 15 18 21 30 630
2 7 9 10 15 18 21 35 630
2 7 9 10 15 18 21 42 630
2 7 9 10 15 18 21 45 630
2 7 9 10 15 18 21 63 630
2 7 9 10 15 18 21 70 630
2 7 9 10 15 18 21 90 630
2 7 9 10 15 18 21 105 630
2 7 9 10 15 18 21 126 630
2 7 9 10 15 18 22 77 6930
2 7 9 10 15 18 24 56 2520
2 7 9 10 15 18 26 91 8190
2 7 9 10 15 18 28 36 1260
2 7 9 10 15 18 28 60 1260
2 7 9 10 15 18 28 84 1260
2 7 9 10 15 18 30 35 630
2 7 9 10 15 18 30 42 630
2 7 9 10 15 18 30 63 630
2 7 9 10 15 18 30 70 630
2 7 9 10 15 18 30 105 630
2 7 9 10 15 18 30 126 630
2 7 9 10 15 18 33 77 6930
2 7 9 10 15 18 34 119 10710
2 7 9 10 15 18 35 42 630
2 7 9 10 15 18 35 45 630
2 7 9 10 15 18 35 63 630
2 7 9 10 15 18 35 70 630
2 7 9 10 15 18 35 90 630
2 7 9 10 15 18 35 105 630
2 7 9 10 15 18 35 126 630
2 7 9 10 15 18 36 84 1260
2 7 9 10 15 18 39 91 8190
2 7 9 10 15 18 40 56 2520
2 7 9 10 15 18 42 45 630
2 7 9 10 15 18 42 63 630
2 7 9 10 15 18 42 70 630
2 7 9 10 15 18 42 90 630
2 7 9 10 15 18 42 105 630
2 7 9 10 15 18 42 126 630
2 7 9 10 15 18 45 63 630
2 7 9 10 15 18 45 70 630
2 7 9 10 15 18 45 105 630
2 7 9 10 15 18 45 126 630
2 7 9 10 15 18 48 112 5040
2 7 9 10 15 18 49 98 4410
2 7 9 10 15 18 51 119 10710
2 7 9 10 15 18 55 77 6930
2 7 9 10 15 18 56 72 2520
2 7 9 10 15 18 56 120 2520
2 7 9 10 15 18 60 84 1260
2 7 9 10 15 18 63 70 630
2 7 9 10 15 18 63 90 630
2 7 9 10 15 18 63 105 630
2 7 9 10 15 18 65 91 8190
2 7 9 10 15 18 66 77 6930
2 7 9 10 15 18 70 90 630
2 7 9 10 15 19 38 63 11970
2 7 9 10 15 19 38 126 11970
2 7 9 10 15 19 57 63 11970
2 7 9 10 15 20 21 36 1260
2 7 9 10 15 20 28 36 1260
2 7 9 10 15 20 28 45 1260
2 7 9 10 15 20 28 63 1260
2 7 9 10 15 20 28 90 1260
2 7 9 10 15 20 28 126 1260
2 7 9 10 15 20 35 36 1260
2 7 9 10 15 20 36 42 1260
2 7 9 10 15 20 36 63 1260
2 7 9 10 15 20 36 70 1260
2 7 9 10 15 20 36 84 1260
2 7 9 10 15 20 36 105 1260
2 7 9 10 15 20 36 126 1260
2 7 9 10 15 20 45 84 1260
2 7 9 10 15 20 56 72 2520
2 7 9 10 15 20 60 63 1260
2 7 9 10 15 21 22 99 6930
2 7 9 10 15 21 24 72 2520
2 7 9 10 15 21 26 117 8190
2 7 9 10 15 21 27 54 1890
2 7 9 10 15 21 28 36 1260
2 7 9 10 15 21 30 45 630
2 7 9 10 15 21 30 63 630
2 7 9 10 15 21 30 90 630
2 7 9 10 15 21 30 126 630
2 7 9 10 15 21 33 99 6930
2 7 9 10 15 21 35 45 630
2 7 9 10 15 21 35 63 630
2 7 9 10 15 21 35 90 630
2 7 9 10 15 21 35 126 630
2 7 9 10 15 21 36 60 1260
2 7 9 10 15 21 36 84 1260
2 7 9 10 15 21 39 117 8190
2 7 9 10 15 21 40 72 2520
2 7 9 10 15 21 42 45 630
2 7 9 10 15 21 42 63 630
2 7 9 10 15 21 42 90 630
2 7 9 10 15 21 45 63 630
2 7 9 10 15 21 45 70 630
2 7 9 10 15 21 45 90 630
2 7 9 10 15 22 33 63 6930
2 7 9 10 15 22 33 126 6930
2 7 9 10 15 22 35 99 6930
2 7 9 10 15 22 45 77 6930
2 7 9 10 15 22 55 63 6930
2 7 9 10 15 23 46 63 14490
2 7 9 10 15 24 28 72 2520
2 7 9 10 15 24 35 72 2520
2 7 9 10 15 24 36 56 2520
2 7 9 10 15 24 40 63 2520
2 7 9 10 15 24 45 56 2520
2 7 9 10 15 26 39 63 8190
2 7 9 10 15 27 28 108 3780
2 7 9 10 15 27 35 54 1890
2 7 9 10 15 28 30 36 1260
2 7 9 10 15 28 35 36 1260
2 7 9 10 15 28 36 42 1260
2 7 9 10 15 28 36 45 1260
2 7 9 10 15 28 36 60 1260
2 7 9 10 15 30 35 45 630
2 7 9 10 16 18 20 112 5040
2 7 9 10 16 18 21 80 5040
2 7 9 10 16 18 28 80 5040
2 7 9 10 16 18 30 112 5040
2 7 9 10 16 18 35 48 5040
2 7 9 10 16 18 35 80 5040
2 7 9 10 16 18 35 112 5040
2 7 9 10 16 18 40 112 5040
2 7 9 10 16 18 42 80 5040
2 7 9 10 16 18 45 112 5040
2 7 9 10 16 18 48 70 5040
2 7 9 10 16 18 48 105 5040
2 7 9 10 16 18 56 80 5040
2 7 9 10 16 18 63 80 5040
2 7 9 10 16 20 36 112 5040
2 7 9 10 16 20 48 63 5040
2 7 9 10 16 21 36 80 5040
2 7 9 10 16 21 45 48 5040
2 7 9 10 17 18 21 85 10710
2 7 9 10 17 18 30 119 10710
2 7 9 10 17 18 34 35 10710
2 7 9 10 17 18 34 70 10710
2 7 9 10 17 18 34 105 10710
2 7 9 10 17 18 35 51 10710
2 7 9 10 17 18 35 85 10710
2 7 9 10 17 18 35 102 10710
2 7 9 10 17 18 35 119 10710
2 7 9 10 17 18 42 85 10710
2 7 9 10 17 18 51 70 10710
2 7 9 10 17 21 34 45 10710
2 7 9 10 17 21 34 90 10710
2 7 9 10 17 21 45 51 10710
2 7 9 10 18 19 21 95 11970
2 7 9 10 18 19 35 38 11970
2 7 9 10 18 19 35 57 11970
2 7 9 10 18 19 35 95 11970
2 7 9 10 18 19 38 70 11970
2 7 9 10 18 20 21 28 1260
2 7 9 10 18 20 21 36 1260
2 7 9 10 18 20 21 60 1260
2 7 9 10 18 20 21 84 1260
2 7 9 10 18 20 24 56 2520
2 7 9 10 18 20 28 30 1260
2 7 9 10 18 20 28 35 1260
2 7 9 10 18 20 28 36 1260
2 7 9 10 18 20 28 42 1260
2 7 9 10 18 20 28 45 1260
2 7 9 10 18 20 28 60 1260
2 7 9 10 18 20 28 63 1260
2 7 9 10 18 20 28 70 1260
2 7 9 10 18 20 28 84 1260
2 7 9 10 18 20 28 90 1260
2 7 9 10 18 20 28 105 1260
2 7 9 10 18 20 28 126 1260
2 7 9 10 18 20 30 84 1260
2 7 9 10 18 20 35 36 1260
2 7 9 10 18 20 35 60 1260
2 7 9 10 18 20 36 42 1260
2 7 9 10 18 20 36 63 1260
2 7 9 10 18 20 36 70 1260
2 7 9 10 18 20 40 56 2520
2 7 9 10 18 21 22 55 6930
2 7 9 10 18 21 22 110 6930
2 7 9 10 18 21 23 115 14490
2 7 9 10 18 21 24 40 2520
2 7 9 10 18 21 24 120 2520
2 7 9 10 18 21 25 50 3150
2 7 9 10 18 21 25 75 3150
2 7 9 10 18 21 26 65 8190
2 7 9 10 18 21 28 60 1260
2 7 9 10 18 21 30 35 630
2 7 9 10 18 21 30 42 630
2 7 9 10 18 21 30 45 630
2 7 9 10 18 21 30 63 630
2 7 9 10 18 21 30 70 630
2 7 9 10 18 21 30 90 630
2 7 9 10 18 21 33 55 6930
2 7 9 10 18 21 35 42 630
2 7 9 10 18 21 35 45 630
2 7 9 10 18 21 35 63 630
2 7 9 10 18 21 36 60 1260
2 7 9 10 18 21 42 45 630
2 7 9 10 18 22 30 77 6930
2 7 9 10 18 22 33 35 6930
2 7 9 10 18 22 35 55 6930
2 7 9 10 18 23 35 46 14490
2 7 9 10 18 24 28 40 2520
2 7 9 10 18 24 30 56 2520
2 7 9 10 18 24 35 40 2520
2 7 9 10 18 26 35 39 8190
2 7 9 10 18 28 30 36 1260
2 7 9 10 18 28 35 36 1260
2 7 9 10 19 21 38 45 11970
2 7 9 10 20 21 24 72 2520
2 7 9 10 20 21 28 36 1260
2 7 9 10 20 21 28 45 1260
2 7 9 10 20 21 28 63 1260
2 7 9 10 20 21 30 36 1260
2 7 9 10 20 21 35 36 1260
2 7 9 10 20 21 36 42 1260
2 7 9 10 20 21 36 45 1260
2 7 9 10 20 28 30 36 1260
2 7 9 11 12 14 18 44 2772
2 7 9 11 12 14 22 36 2772
2 7 9 11 12 14 28 99 2772
2 7 9 11 12 14 33 36 2772
2 7 9 11 12 14 36 44 2772
2 7 9 11 12 14 36 66 2772
2 7 9 11 12 14 36 77 2772
2 7 9 11 12 14 36 99 2772
2 7 9 11 12 14 44 63 2772
2 7 9 11 12 14 44 99 2772
2 7 9 11 12 14 44 126 2772
2 7 9 11 12 14 72 88 5544
2 7 9 11 12 14 84 99 2772
2 7 9 11 12 16 99 112 11088
2 7 9 11 12 18 21 44 2772
2 7 9 11 12 18 22 28 2772
2 7 9 11 12 18 22 84 2772
2 7 9 11 12 18 28 33 2772
2 7 9 11 12 18 28 44 2772
2 7 9 11 12 18 28 66 2772
2 7 9 11 12 18 28 77 2772
2 7 9 11 12 18 28 99 2772
2 7 9 11 12 18 33 84 2772
2 7 9 11 12 18 36 77 2772
2 7 9 11 12 18 42 44 2772
2 7 9 11 12 18 44 63 2772
2 7 9 11 12 18 44 77 2772
2 7 9 11 12 18 44 84 2772
2 7 9 11 12 18 44 126 2772
2 7 9 11 12 18 56 88 5544
2 7 9 11 12 18 66 84 2772
2 7 9 11 12 18 77 84 2772
2 7 9 11 12 18 84 99 2772
2 7 9 11 12 20 35 99 13860
2 7 9 11 12 20 45 77 13860
2 7 9 11 12 20 55 63 13860
2 7 9 11 12 20 55 126 13860
2 7 9 11 12 20 63 110 13860
2 7 9 11 12 20 70 99 13860
2 7 9 11 12 20 77 90 13860
2 7 9 11 12 21 22 36 2772
2 7 9 11 12 21 28 99 2772
2 7 9 11 12 21 33 36 2772
2 7 9 11 12 21 36 44 2772
2 7 9 11 12 21 36 66 2772
2 7 9 11 12 21 36 77 2772
2 7 9 11 12 21 36 99 2772
2 7 9 11 12 21 44 63 2772
2 7 9 11 12 21 44 99 2772
2 7 9 11 12 21 44 126 2772
2 7 9 11 12 21 72 88 5544
2 7 9 11 12 22 28 36 2772
2 7 9 11 12 22 28 63 2772
2 7 9 11 12 22 28 99 2772
2 7 9 11 12 22 28 126 2772
2 7 9 11 12 22 36 42 2772
2 7 9 11 12 22 36 63 2772
2 7 9 11 12 22 36 77 2772
2 7 9 11 12 22 36 84 2772
2 7 9 11 12 22 36 126 2772
2 7 9 11 12 22 44 63 2772
2 7 9 11 12 22 44 126 2772
2 7 9 11 12 22 56 72 5544
2 7 9 11 12 22 63 84 2772
2 7 9 11 12 28 33 36 2772
2 7 9 11 12 28 33 63 2772
2 7 9 11 12 28 33 99 2772
2 7 9 11 12 28 33 126 2772
2 7 9 11 12 28 36 44 2772
2 7 9 11 12 28 36 66 2772
2 7 9 11 12 28 36 77 2772
2 7 9 11 12 28 36 99 2772
2 7 9 11 12 28 44 63 2772
2 7 9 11 12 28 45 55 13860
2 7 9 11 12 33 36 42 2772
2 7 9 11 12 33 36 63 2772
2 7 9 11 12 35 36 55 13860
2 7 9 11 12 35 44 45 13860
2 7 9 11 12 36 42 44 2772
2 7 9 11 13 14 22 117 18018
2 7 9 11 13 14 26 99 18018
2 7 9 11 13 14 33 117 18018
2 7 9 11 13 14 39 99 18018
2 7 9 11 13 14 66 117 18018
2 7 9 11 13 14 77 117 18018
2 7 9 11 13 14 78 99 18018
2 7 9 11 13 14 91 99 18018
2 7 9 11 13 14 99 117 18018
2 7 9 11 13 18 22 91 18018
2 7 9 11 13 18 26 77 18018
2 7 9 11 13 18 33 91 18018
2 7 9 11 13 18 39 77 18018
2 7 9 11 13 18 66 91 18018
2 7 9 11 13 18 77 78 18018
2 7 9 11 13 18 77 91 18018
2 7 9 11 13 21 22 117 18018
2 7 9 11 13 21 26 99 18018
2 7 9 11 13 22 26 63 18018
2 7 9 11 13 22 26 126 18018
2 7 9 11 13 22 39 63 18018
2 7 9 11 13 22 39 126 18018
2 7 9 11 13 26 33 63 18018
2 7 9 11 14 15 18 55 6930
2 7 9 11 14 15 18 110 6930
2 7 9 11 14 15 22 45 6930
2 7 9 11 14 15 22 90 6930
2 7 9 11 14 15 30 99 6930
2 7 9 11 14 15 33 45 6930
2 7 9 11 14 15 33 90 6930
2 7 9 11 14 15 35 99 6930
2 7 9 11 14 15 45 55 6930
2 7 9 11 14 15 45 66 6930
2 7 9 11 14 15 45 77 6930
2 7 9 11 14 15 45 99 6930
2 7 9 11 14 15 45 110 6930
2 7 9 11 14 15 55 63 6930
2 7 9 11 14 15 55 90 6930
2 7 9 11 14 15 55 99 6930
2 7 9 11 14 15 55 126 6930
2 7 9 11 14 15 63 110 6930
2 7 9 11 14 15 66 90 6930
2 7 9 11 14 15 70 99 6930
2 7 9 11 14 15 77 90 6930
2 7 9 11 14 15 90 99 6930
2 7 9 11 14 15 90 110 6930
2 7 9 11 14 15 99 105 6930
2 7 9 11 14 15 99 110 6930
2 7 9 11 14 16 48 99 11088
2 7 9 11 14 17 34 99 23562
2 7 9 11 14 17 51 99 23562
2 7 9 11 14 18 21 22 1386
2 7 9 11 14 18 21 33 1386
2 7 9 11 14 18 21 66 1386
2 7 9 11 14 18 21 77 1386
2 7 9 11 14 18 21 99 1386
2 7 9 11 14 18 22 33 1386
2 7 9 11 14 18 22 42 1386
2 7 9 11 14 18 22 63 1386
2 7 9 11 14 18 22 66 1386
2 7 9 11 14 18 22 77 1386
2 7 9 11 14 18 22 99 1386
2 7 9 11 14 18 22 126 1386
2 7 9 11 14 18 24 88 5544
2 7 9 11 14 18 28 44 2772
2 7 9 11 14 18 30 55 6930
2 7 9 11 14 18 30 110 6930
2 7 9 11 14 18 33 42 1386
2 7 9 11 14 18 33 63 1386
2 7 9 11 14 18 33 66 1386
2 7 9 11 14 18 33 77 1386
2 7 9 11 14 18 33 99 1386
2 7 9 11 14 18 33 126 1386
2 7 9 11 14 18 35 55 6930
2 7 9 11 14 18 35 110 6930
2 7 9 11 14 18 36 44 2772
2 7 9 11 14 18 42 66 1386
2 7 9 11 14 18 42 77 1386
2 7 9 11 14 18 42 99 1386
2 7 9 11 14 18 44 84 2772
2 7 9 11 14 18 45 55 6930
2 7 9 11 14 18 45 110 6930
2 7 9 11 14 18 55 70 6930
2 7 9 11 14 18 55 90 6930
2 7 9 11 14 18 56 88 5544
2 7 9 11 14 18 63 66 1386
2 7 9 11 14 18 63 77 1386
2 7 9 11 14 19 38 99 26334
2 7 9 11 14 20 36 55 13860
2 7 9 11 14 20 36 110 13860
2 7 9 11 14 20 44 45 13860
2 7 9 11 14 20 44 90 13860
2 7 9 11 14 21 22 63 1386
2 7 9 11 14 21 22 99 1386
2 7 9 11 14 21 22 126 1386
2 7 9 11 14 21 33 63 1386
2 7 9 11 14 21 33 99 1386
2 7 9 11 14 21 33 126 1386
2 7 9 11 14 21 36 44 2772
2 7 9 11 14 21 45 55 6930
2 7 9 11 14 22 24 72 5544
2 7 9 11 14 22 26 117 18018
2 7 9 11 14 22 27 54 4158
2 7 9 11 14 22 28 36 2772
2 7 9 11 14 22 30 45 6930
2 7 9 11 14 22 30 90 6930
2 7 9 11 14 22 33 63 1386
2 7 9 11 14 22 33 99 1386
2 7 9 11 14 22 35 45 6930
2 7 9 11 14 22 35 90 6930
2 7 9 11 14 22 36 44 2772
2 7 9 11 14 22 36 84 2772
2 7 9 11 14 22 42 63 1386
2 7 9 11 14 22 45 55 6930
2 7 9 11 14 24 33 72 5544
2 7 9 11 14 27 33 54 4158
2 7 9 11 14 28 33 36 2772
2 7 9 11 14 28 36 44 2772
2 7 9 11 14 30 33 45 6930
2 7 9 11 15 18 21 55 6930
2 7 9 11 15 18 21 110 6930
2 7 9 11 15 18 22 35 6930
2 7 9 11 15 18 22 70 6930
2 7 9 11 15 18 22 105 6930
2 7 9 11 15 18 30 77 6930
2 7 9 11 15 18 33 35 6930
2 7 9 11 15 18 33 70 6930
2 7 9 11 15 18 33 105 6930
2 7 9 11 15 18 35 55 6930
2 7 9 11 15 18 35 66 6930
2 7 9 11 15 18 35 77 6930
2 7 9 11 15 18 35 99 6930
2 7 9 11 15 18 35 110 6930
2 7 9 11 15 18 42 55 6930
2 7 9 11 15 18 45 77 6930
2 7 9 11 15 18 55 63 6930
2 7 9 11 15 20 28 99 13860
2 7 9 11 15 20 36 77 13860
2 7 9 11 15 20 44 63 13860
2 7 9 11 15 21 22 45 6930
2 7 9 11 15 21 22 90 6930
2 7 9 11 15 21 30 99 6930
2 7 9 11 15 21 33 90 6930
2 7 9 11 15 22 30 63 6930
2 7 9 11 15 22 35 45 6930
2 7 9 11 15 22 35 63 6930
2 7 9 11 15 22 42 45 6930
2 7 9 11 16 18 22 112 11088
2 7 9 11 16 18 33 112 11088
2 7 9 11 17 18 22 119 23562
2 7 9 11 17 18 34 77 23562
2 7 9 11 18 20 28 55 13860
2 7 9 11 18 20 35 44 13860
2 7 9 11 18 21 22 33 1386
2 7 9 11 18 21 22 42 1386
2 7 9 11 18 21 22 63 1386
2 7 9 11 18 21 22 66 1386
2 7 9 11 18 21 22 77 1386
2 7 9 11 18 21 22 99 1386
2 7 9 11 18 21 22 126 1386
2 7 9 11 18 21 24 88 5544
2 7 9 11 18 21 28 44 2772
2 7 9 11 18 21 33 42 1386
2 7 9 11 18 22 24 56 5544
2 7 9 11 18 22 28 36 2772
2 7 9 11 18 22 28 44 2772
2 7 9 11 18 22 30 35 6930
2 7 9 11 21 22 28 36 2772
2 7 9 12 13 14 18 52 3276
2 7 9 12 13 14 26 36 3276
2 7 9 12 13 14 28 117 3276
2 7 9 12 13 14 36 39 3276
2 7 9 12 13 14 36 52 3276
2 7 9 12 13 14 36 78 3276
2 7 9 12 13 14 36 91 3276
2 7 9 12 13 14 36 117 3276
2 7 9 12 13 14 52 63 3276
2 7 9 12 13 14 52 117 3276
2 7 9 12 13 14 52 126 3276
2 7 9 12 13 14 72 104 6552
2 7 9 12 13 14 84 117 3276
2 7 9 12 13 18 21 52 3276
2 7 9 12 13 18 26 28 3276
2 7 9 12 13 18 26 84 3276
2 7 9 12 13 18 28 39 3276
2 7 9 12 13 18 28 52 3276
2 7 9 12 13 18 28 78 3276
2 7 9 12 13 18 28 91 3276
2 7 9 12 13 18 28 117 3276
2 7 9 12 13 18 36 91 3276
2 7 9 12 13 18 39 84 3276
2 7 9 12 13 18 42 52 3276
2 7 9 12 13 18 52 63 3276
2 7 9 12 13 18 52 84 3276
2 7 9 12 13 20 35 117 16380
2 7 9 12 13 21 26 36 3276
2 7 9 12 13 21 28 117 3276
2 7 9 12 13 21 36 39 3276
2 7 9 12 13 21 36 52 3276
2 7 9 12 13 21 36 78 3276
2 7 9 12 13 21 36 91 3276
2 7 9 12 13 26 28 36 3276
2 7 9 12 13 26 28 63 3276
2 7 9 12 13 26 36 42 3276
2 7 9 12 13 28 36 39 3276
2 7 9 12 14 15 18 20 1260
2 7 9 12 14 15 18 60 1260
2 7 9 12 14 15 20 36 1260
2 7 9 12 14 15 20 45 1260
2 7 9 12 14 15 20 63 1260
2 7 9 12 14 15 20 90 1260
2 7 9 12 14 15 20 126 1260
2 7 9 12 14 15 28 45 1260
2 7 9 12 14 15 28 90 1260
2 7 9 12 14 15 30 36 1260
2 7 9 12 14 15 35 36 1260
2 7 9 12 14 15 36 45 1260
2 7 9 12 14 15 36 60 1260
2 7 9 12 14 15 36 70 1260
2 7 9 12 14 15 36 90 1260
2 7 9 12 14 15 36 105 1260
2 7 9 12 14 15 40 72 2520
2 7 9 12 14 15 45 60 1260
2 7 9 12 14 15 45 84 1260
2 7 9 12 14 15 60 63 1260
2 7 9 12 14 15 60 90 1260
2 7 9 12 14 16 18 48 1008
2 7 9 12 14 16 18 112 1008
2 7 9 12 14 16 36 48 1008
2 7 9 12 14 16 36 112 1008
2 7 9 12 14 16 45 80 5040
2 7 9 12 14 16 48 63 1008
2 7 9 12 14 16 48 72 1008
2 7 9 12 14 17 18 68 4284
2 7 9 12 14 17 34 36 4284
2 7 9 12 14 17 36 51 4284
2 7 9 12 14 17 36 68 4284
2 7 9 12 14 17 36 102 4284
2 7 9 12 14 17 36 119 4284
2 7 9 12 14 18 19 76 4788
2 7 9 12 14 18 20 30 1260
2 7 9 12 14 18 20 35 1260
2 7 9 12 14 18 20 45 1260
2 7 9 12 14 18 20 60 1260
2 7 9 12 14 18 20 70 1260
2 7 9 12 14 18 20 90 1260
2 7 9 12 14 18 20 105 1260
2 7 9 12 14 18 21 28 252
2 7 9 12 14 18 21 36 252
2 7 9 12 14 18 21 84 252
2 7 9 12 14 18 22 44 2772
2 7 9 12 14 18 23 92 5796
2 7 9 12 14 18 24 56 504
2 7 9 12 14 18 24 72 504
2 7 9 12 14 18 25 100 6300
2 7 9 12 14 18 26 52 3276
2 7 9 12 14 18 27 108 756
2 7 9 12 14 18 28 36 252
2 7 9 12 14 18 28 42 252
2 7 9 12 14 18 28 63 252
2 7 9 12 14 18 28 84 252
2 7 9 12 14 18 28 126 252
2 7 9 12 14 18 29 116 7308
2 7 9 12 14 18 30 60 1260
2 7 9 12 14 18 31 124 7812
2 7 9 12 14 18 32 96 2016
2 7 9 12 14 18 33 44 2772
2 7 9 12 14 18 34 68 4284
2 7 9 12 14 18 35 60 1260
2 7 9 12 14 18 36 42 252
2 7 9 12 14 18 36 63 252
2 7 9 12 14 18 36 84 252
2 7 9 12 14 18 38 76 4788
2 7 9 12 14 18 39 52 3276
2 7 9 12 14 18 44 66 2772
2 7 9 12 14 18 45 60 1260
2 7 9 12 14 19 36 38 4788
2 7 9 12 14 19 36 57 4788
2 7 9 12 14 19 36 76 4788
2 7 9 12 14 20 21 45 1260
2 7 9 12 14 20 21 90 1260
2 7 9 12 14 20 28 45 1260
2 7 9 12 14 20 28 90 1260
2 7 9 12 14 20 30 36 1260
2 7 9 12 14 20 30 45 1260
2 7 9 12 14 20 30 63 1260
2 7 9 12 14 20 30 90 1260
2 7 9 12 14 20 35 36 1260
2 7 9 12 14 20 35 45 1260
2 7 9 12 14 20 35 63 1260
2 7 9 12 14 20 36 45 1260
2 7 9 12 14 20 36 60 1260
2 7 9 12 14 20 36 70 1260
2 7 9 12 14 20 42 45 1260
2 7 9 12 14 21 24 72 504
2 7 9 12 14 21 27 108 756
2 7 9 12 14 21 28 36 252
2 7 9 12 14 21 28 63 252
2 7 9 12 14 21 36 42 252
2 7 9 12 14 22 33 36 2772
2 7 9 12 14 22 36 44 2772
2 7 9 12 14 23 36 46 5796
2 7 9 12 14 26 36 39 3276
2 7 9 12 15 18 20 21 1260
2 7 9 12 15 18 20 28 1260
2 7 9 12 15 18 20 35 1260
2 7 9 12 15 18 20 42 1260
2 7 9 12 15 18 20 63 1260
2 7 9 12 15 18 20 70 1260
2 7 9 12 15 18 20 84 1260
2 7 9 12 15 18 20 105 1260
2 7 9 12 15 18 20 126 1260
2 7 9 12 15 18 21 60 1260
2 7 9 12 15 18 28 30 1260
2 7 9 12 15 18 28 35 1260
2 7 9 12 15 18 28 45 1260
2 7 9 12 15 18 28 60 1260
2 7 9 12 15 18 28 70 1260
2 7 9 12 15 18 28 90 1260
2 7 9 12 15 18 28 105 1260
2 7 9 12 15 18 30 84 1260
2 7 9 12 15 18 35 36 1260
2 7 9 12 15 18 35 60 1260
2 7 9 12 15 18 36 70 1260
2 7 9 12 15 18 40 56 2520
2 7 9 12 15 20 21 36 1260
2 7 9 12 15 20 21 45 1260
2 7 9 12 15 20 21 63 1260
2 7 9 12 15 20 21 90 1260
2 7 9 12 15 20 21 126 1260
2 7 9 12 15 20 28 36 1260
2 7 9 12 15 20 28 45 1260
2 7 9 12 15 20 28 63 1260
2 7 9 12 15 20 28 90 1260
2 7 9 12 15 20 30 63 1260
2 7 9 12 15 20 35 36 1260
2 7 9 12 15 20 35 45 1260
2 7 9 12 15 20 36 42 1260
2 7 9 12 15 21 28 45 1260
2 7 9 12 15 21 30 36 1260
2 7 9 12 15 21 35 36 1260
2 7 9 12 15 21 36 45 1260
2 7 9 12 15 28 30 36 1260
2 7 9 12 16 18 21 48 1008
2 7 9 12 16 18 21 112 1008
2 7 9 12 16 18 24 112 1008
2 7 9 12 16 18 28 48 1008
2 7 9 12 17 18 21 68 4284
2 7 9 12 17 18 28 34 4284
2 7 9 12 17 18 28 51 4284
2 7 9 12 17 18 28 68 4284
2 7 9 12 17 21 34 36 4284
2 7 9 12 18 19 21 76 4788
2 7 9 12 18 19 28 38 4788
2 7 9 12 18 20 21 30 1260
2 7 9 12 18 20 21 35 1260
2 7 9 12 18 20 21 45 1260
2 7 9 12 18 20 21 60 1260
2 7 9 12 18 20 21 70 1260
2 7 9 12 18 20 21 90 1260
2 7 9 12 18 20 28 30 1260
2 7 9 12 18 20 28 35 1260
2 7 9 12 18 20 28 45 1260
2 7 9 12 18 20 30 35 1260
2 7 9 12 18 21 22 44 2772
2 7 9 12 18 21 28 36 252
2 7 9 12 18 22 28 33 2772
2 7 9 13 14 15 18 65 8190
2 7 9 13 14 15 26 45 8190
2 7 9 13 14 15 26 90 8190
2 7 9 13 14 15 30 117 8190
2 7 9 13 14 15 35 117 8190
2 7 9 13 14 15 39 45 8190
2 7 9 13 14 15 39 90 8190
2 7 9 13 14 15 45 65 8190
2 7 9 13 14 15 45 78 8190
2 7 9 13 14 15 45 91 8190
2 7 9 13 14 15 63 65 8190
2 7 9 13 14 18 21 26 1638
2 7 9 13 14 18 21 39 1638
2 7 9 13 14 18 21 78 1638
2 7 9 13 14 18 21 91 1638
2 7 9 13 14 18 21 117 1638
2 7 9 13 14 18 24 104 6552
2 7 9 13 14 18 26 39 1638
2 7 9 13 14 18 26 42 1638
2 7 9 13 14 18 26 63 1638
2 7 9 13 14 18 26 78 1638
2 7 9 13 14 18 26 91 1638
2 7 9 13 14 18 26 117 1638
2 7 9 13 14 18 26 126 1638
2 7 9 13 14 18 28 52 3276
2 7 9 13 14 18 30 65 8190
2 7 9 13 14 18 35 65 8190
2 7 9 13 14 18 36 52 3276
2 7 9 13 14 18 39 42 1638
2 7 9 13 14 21 26 63 1638
2 7 9 13 14 26 28 36 3276
2 7 9 13 15 18 21 65 8190
2 7 9 13 15 18 26 35 8190
2 7 9 13 15 18 26 70 8190
2 7 9 13 15 18 26 105 8190
2 7 9 13 15 18 35 39 8190
2 7 9 13 15 21 26 45 8190
2 7 9 14 15 16 18 80 5040
2 7 9 14 15 17 18 85 10710
2 7 9 14 15 17 34 45 10710
2 7 9 14 15 18 19 95 11970
2 7 9 14 15 18 20 28 1260
2 7 9 14 15 18 20 36 1260
2 7 9 14 15 18 20 60 1260
2 7 9 14 15 18 20 84 1260
2 7 9 14 15 18 21 30 630
2 7 9 14 15 18 21 35 630
2 7 9 14 15 18 21 45 630
2 7 9 14 15 18 21 70 630
2 7 9 14 15 18 21 90 630
2 7 9 14 15 18 21 105 630
2 7 9 14 15 18 22 55 6930
2 7 9 14 15 18 22 110 6930
2 7 9 14 15 18 24 40 2520
2 7 9 14 15 18 25 50 3150
2 7 9 14 15 18 25 75 3150
2 7 9 14 15 18 26 65 8190
2 7 9 14 15 18 30 35 630
2 7 9 14 15 18 30 42 630
2 7 9 14 15 18 30 45 630
2 7 9 14 15 20 21 36 1260
2 7 9 14 15 20 28 36 1260
2 7 9 14 15 20 30 36 1260
2 7 9 14 16 18 20 80 5040
2 7 9 14 16 18 21 48 1008
2 7 9 14 16 18 24 48 1008
2 7 9 14 17 18 21 34 2142
2 7 9 14 17 18 21 51 2142
2 7 9 14 18 19 21 38 2394
2 7 9 14 18 21 22 33 1386
2 7 9 15 18 20 21 28 1260
2 7 9 15 18 20 21 36 1260
2 7 10 11 12 14 15 44 4620
2 7 10 11 12 14 20 33 4620
2 7 10 11 12 14 20 66 4620
2 7 10 11 12 14 22 60 4620
2 7 10 11 12 14 30 44 4620
2 7 10 11 12 14 33 60 4620
2 7 10 11 12 14 44 60 4620
2 7 10 11 12 14 44 105 4620
2 7 10 11 12 14 55 60 4620
2 7 10 11 12 14 55 84 4620
2 7 10 11 12 14 60 66 4620
2 7 10 11 12 14 60 77 4620
2 7 10 11 12 14 60 110 4620
2 7 10 11 12 14 84 110 4620
2 7 10 11 12 14 88 120 9240
2 7 10 11 12 15 20 77 4620
2 7 10 11 12 15 21 44 4620
2 7 10 11 12 15 22 28 4620
2 7 10 11 12 15 22 84 4620
2 7 10 11 12 15 28 33 4620
2 7 10 11 12 15 28 44 4620
2 7 10 11 12 15 28 55 4620
2 7 10 11 12 15 28 66 4620
2 7 10 11 12 15 28 77 4620
2 7 10 11 12 15 28 110 4620
2 7 10 11 12 15 33 84 4620
2 7 10 11 12 15 35 44 4620
2 7 10 11 12 15 42 44 4620
2 7 10 11 12 15 44 70 4620
2 7 10 11 12 15 44 77 4620
2 7 10 11 12 15 44 84 4620
2 7 10 11 12 15 44 105 4620
2 7 10 11 12 15 55 84 4620
2 7 10 11 12 15 56 88 9240
2 7 10 11 12 15 60 77 4620
2 7 10 11 12 15 66 84 4620
2 7 10 11 12 15 77 84 4620
2 7 10 11 12 15 84 110 4620
2 7 10 11 12 20 21 22 4620
2 7 10 11 12 20 21 33 4620
2 7 10 11 12 20 21 44 4620
2 7 10 11 12 20 21 55 4620
2 7 10 11 12 20 21 66 4620
2 7 10 11 12 20 21 77 4620
2 7 10 11 12 20 21 110 4620
2 7 10 11 12 20 22 42 4620
2 7 10 11 12 20 22 84 4620
2 7 10 11 12 20 22 105 4620
2 7 10 11 12 20 28 33 4620
2 7 10 11 12 20 28 66 4620
2 7 10 11 12 20 30 77 4620
2 7 10 11 12 20 33 35 4620
2 7 10 11 12 20 33 42 4620
2 7 10 11 12 20 33 70 4620
2 7 10 11 12 20 33 77 4620
2 7 10 11 12 20 33 84 4620
2 7 10 11 12 20 33 105 4620
2 7 10 11 12 20 35 66 4620
2 7 10 11 12 20 42 44 4620
2 7 10 11 12 20 42 55 4620
2 7 10 11 12 20 42 66 4620
2 7 10 11 12 20 42 77 4620
2 7 10 11 12 20 44 84 4620
2 7 10 11 12 21 22 60 4620
2 7 10 11 12 21 28 55 4620
2 7 10 11 12 21 28 110 4620
2 7 10 11 12 21 30 44 4620
2 7 10 11 12 21 33 60 4620
2 7 10 11 12 21 35 44 4620
2 7 10 11 12 21 40 88 9240
2 7 10 11 12 21 44 55 4620
2 7 10 11 12 21 44 60 4620
2 7 10 11 12 21 44 70 4620
2 7 10 11 12 22 28 30 4620
2 7 10 11 12 22 28 60 4620
2 7 10 11 12 22 28 105 4620
2 7 10 11 12 22 30 84 4620
2 7 10 11 12 22 35 60 4620
2 7 10 11 12 22 35 84 4620
2 7 10 11 12 22 42 60 4620
2 7 10 11 12 28 30 33 4620
2 7 10 11 12 28 30 44 4620
2 7 10 11 12 28 30 55 4620
2 7 10 11 12 28 30 66 4620
2 7 10 11 12 28 33 35 4620
2 7 10 11 12 28 33 55 4620
2 7 10 11 12 30 35 44 4620
2 7 10 11 13 14 22 65 10010
2 7 10 11 13 14 26 55 10010
2 7 10 11 13 14 26 110 10010
2 7 10 11 13 14 55 65 10010
2 7 10 11 13 14 55 91 10010
2 7 10 11 13 14 65 77 10010
2 7 10 11 13 14 65 110 10010
2 7 10 11 13 14 91 110 10010
2 7 10 11 13 15 33 91 30030
2 7 10 11 13 15 39 77 30030
2 7 10 11 13 15 66 91 30030
2 7 10 11 13 15 77 78 30030
2 7 10 11 13 21 33 65 30030
2 7 10 11 13 21 39 55 30030
2 7 10 11 13 22 26 35 10010
2 7 10 11 13 22 26 70 10010
2 7 10 11 13 22 35 65 10010
2 7 10 11 14 15 18 99 6930
2 7 10 11 14 15 21 22 2310
2 7 10 11 14 15 21 33 2310
2 7 10 11 14 15 21 55 2310
2 7 10 11 14 15 21 66 2310
2 7 10 11 14 15 21 77 2310
2 7 10 11 14 15 21 110 2310
2 7 10 11 14 15 22 30 2310
2 7 10 11 14 15 22 33 2310
2 7 10 11 14 15 22 42 2310
2 7 10 11 14 15 22 66 2310
2 7 10 11 14 15 22 105 2310
2 7 10 11 14 15 24 88 9240
2 7 10 11 14 15 30 33 2310
2 7 10 11 14 15 30 55 2310
2 7 10 11 14 15 30 66 2310
2 7 10 11 14 15 30 77 2310
2 7 10 11 14 15 30 110 2310
2 7 10 11 14 15 33 35 2310
2 7 10 11 14 15 33 42 2310
2 7 10 11 14 15 33 55 2310
2 7 10 11 14 15 33 66 2310
2 7 10 11 14 15 33 70 2310
2 7 10 11 14 15 33 77 2310
2 7 10 11 14 15 33 105 2310
2 7 10 11 14 15 33 110 2310
2 7 10 11 14 15 35 66 2310
2 7 10 11 14 15 42 55 2310
2 7 10 11 14 15 42 66 2310
2 7 10 11 14 15 42 77 2310
2 7 10 11 14 15 42 110 2310
2 7 10 11 14 15 44 60 4620
2 7 10 11 14 15 44 84 4620
2 7 10 11 14 15 45 99 6930
2 7 10 11 14 15 55 66 2310
2 7 10 11 14 15 66 70 2310
2 7 10 11 14 16 22 80 6160
2 7 10 11 14 16 44 80 6160
2 7 10 11 14 17 22 85 13090
2 7 10 11 14 17 34 55 13090
2 7 10 11 14 17 34 110 13090
2 7 10 11 14 18 22 45 6930
2 7 10 11 14 18 22 90 6930
2 7 10 11 14 18 30 99 6930
2 7 10 11 14 18 33 45 6930
2 7 10 11 14 18 33 90 6930
2 7 10 11 14 18 45 55 6930
2 7 10 11 14 19 22 95 14630
2 7 10 11 14 19 38 55 14630
2 7 10 11 14 20 22 28 1540
2 7 10 11 14 20 22 44 1540
2 7 10 11 14 20 28 44 1540
2 7 10 11 14 20 28 55 1540
2 7 10 11 14 20 28 77 1540
2 7 10 11 14 20 33 60 4620
2 7 10 11 14 20 35 44 1540
2 7 10 11 14 21 22 30 2310
2 7 10 11 14 21 22 105 2310
2 7 10 11 14 21 30 33 2310
2 7 10 11 14 21 30 55 2310
2 7 10 11 14 21 30 66 2310
2 7 10 11 14 21 33 35 2310
2 7 10 11 14 21 33 55 2310
2 7 10 11 14 22 23 115 17710
2 7 10 11 14 22 24 120 9240
2 7 10 11 14 22 25 50 3850
2 7 10 11 14 22 26 65 10010
2 7 10 11 14 22 30 33 2310
2 7 10 11 14 22 30 42 2310
2 7 10 11 14 24 33 40 9240
2 7 10 11 15 16 33 112 18480
2 7 10 11 15 18 21 99 6930
2 7 10 11 15 18 22 63 6930
2 7 10 11 15 18 22 126 6930
2 7 10 11 15 18 33 63 6930
2 7 10 11 15 20 21 44 4620
2 7 10 11 15 20 22 84 4620
2 7 10 11 15 20 28 33 4620
2 7 10 11 15 20 28 66 4620
2 7 10 11 15 21 22 30 2310
2 7 10 11 15 21 22 33 2310
2 7 10 11 15 21 22 35 2310
2 7 10 11 15 21 22 42 2310
2 7 10 11 15 21 22 55 2310
2 7 10 11 15 21 22 66 2310
2 7 10 11 15 21 22 70 2310
2 7 10 11 15 21 22 77 2310
2 7 10 11 15 21 22 105 2310
2 7 10 11 15 21 22 110 2310
2 7 10 11 15 21 24 88 9240
2 7 10 11 15 21 28 44 4620
2 7 10 11 15 21 30 33 2310
2 7 10 11 15 21 33 35 2310
2 7 10 11 15 21 33 42 2310
2 7 10 11 15 22 24 56 9240
2 7 10 11 15 22 30 35 2310
2 7 10 11 15 22 30 42 2310
2 7 10 11 15 22 33 35 2310
2 7 10 11 16 20 22 112 6160
2 7 10 11 18 21 22 45 6930
2 7 10 12 13 14 15 52 5460
2 7 10 12 13 14 20 39 5460
2 7 10 12 13 14 20 78 5460
2 7 10 12 13 14 26 60 5460
2 7 10 12 13 14 30 52 5460
2 7 10 12 13 14 39 60 5460
2 7 10 12 13 14 52 60 5460
2 7 10 12 13 14 52 105 5460
2 7 10 12 13 14 60 65 5460
2 7 10 12 13 14 60 78 5460
2 7 10 12 13 14 60 91 5460
2 7 10 12 13 14 65 84 5460
2 7 10 12 13 15 20 91 5460
2 7 10 12 13 15 21 52 5460
2 7 10 12 13 15 26 28 5460
2 7 10 12 13 15 26 84 5460
2 7 10 12 13 15 28 39 5460
2 7 10 12 13 15 28 52 5460
2 7 10 12 13 15 28 65 5460
2 7 10 12 13 15 28 78 5460
2 7 10 12 13 15 28 91 5460
2 7 10 12 13 15 35 52 5460
2 7 10 12 13 15 39 84 5460
2 7 10 12 13 15 42 52 5460
2 7 10 12 13 15 52 70 5460
2 7 10 12 13 15 52 84 5460
2 7 10 12 13 20 21 26 5460
2 7 10 12 13 20 21 39 5460
2 7 10 12 13 20 21 52 5460
2 7 10 12 13 20 21 65 5460
2 7 10 12 13 20 21 78 5460
2 7 10 12 13 20 21 91 5460
2 7 10 12 13 20 26 42 5460
2 7 10 12 13 20 26 84 5460
2 7 10 12 13 20 26 105 5460
2 7 10 12 13 20 28 39 5460
2 7 10 12 13 20 28 78 5460
2 7 10 12 13 20 35 39 5460
2 7 10 12 13 20 39 42 5460
2 7 10 12 13 21 26 60 5460
2 7 10 12 13 21 28 65 5460
2 7 10 12 13 21 30 52 5460
2 7 10 12 13 26 28 30 5460
2 7 10 12 14 15 16 48 1680
2 7 10 12 14 15 16 80 1680
2 7 10 12 14 15 16 112 1680
2 7 10 12 14 15 17 68 7140
2 7 10 12 14 15 18 36 1260
2 7 10 12 14 15 19 76 7980
2 7 10 12 14 15 20 21 420
2 7 10 12 14 15 20 28 420
2 7 10 12 14 15 20 30 420
2 7 10 12 14 15 20 35 420
2 7 10 12 14 15 20 42 420
2 7 10 12 14 15 20 60 420
2 7 10 12 14 15 20 70 420
2 7 10 12 14 15 20 84 420
2 7 10 12 14 15 20 105 420
2 7 10 12 14 15 21 28 420
2 7 10 12 14 15 21 60 420
2 7 10 12 14 15 21 84 420
2 7 10 12 14 15 22 44 4620
2 7 10 12 14 15 23 92 9660
2 7 10 12 14 15 24 40 840
2 7 10 12 14 15 24 56 840
2 7 10 12 14 15 24 120 840
2 7 10 12 14 15 25 100 2100
2 7 10 12 14 15 26 52 5460
2 7 10 12 14 15 27 108 3780
2 7 10 12 14 15 28 30 420
2 7 10 12 14 15 28 35 420
2 7 10 12 14 15 28 42 420
2 7 10 12 14 15 28 60 420
2 7 10 12 14 15 28 70 420
2 7 10 12 14 15 28 84 420
2 7 10 12 14 15 28 105 420
2 7 10 12 14 15 29 116 12180
2 7 10 12 14 15 30 60 420
2 7 10 12 14 15 30 84 420
2 7 10 12 14 15 31 124 13020
2 7 10 12 14 15 32 96 3360
2 7 10 12 14 15 33 44 4620
2 7 10 12 14 15 34 68 7140
2 7 10 12 14 15 35 60 420
2 7 10 12 14 15 35 84 420
2 7 10 12 14 15 36 45 1260
2 7 10 12 14 15 36 63 1260
2 7 10 12 14 15 36 90 1260
2 7 10 12 14 15 38 76 7980
2 7 10 12 14 15 39 52 5460
2 7 10 12 14 15 40 56 840
2 7 10 12 14 15 42 60 420
2 7 10 12 14 15 44 55 4620
2 7 10 12 14 15 44 66 4620
2 7 10 12 14 16 20 48 1680
2 7 10 12 14 16 21 80 1680
2 7 10 12 14 16 24 80 1680
2 7 10 12 14 16 30 48 1680
2 7 10 12 14 16 30 80 1680
2 7 10 12 14 16 30 112 1680
2 7 10 12 14 16 35 48 1680
2 7 10 12 14 16 40 48 1680
2 7 10 12 14 17 20 51 7140
2 7 10 12 14 17 20 102 7140
2 7 10 12 14 17 30 68 7140
2 7 10 12 14 17 34 60 7140
2 7 10 12 14 18 20 36 1260
2 7 10 12 14 18 20 45 1260
2 7 10 12 14 18 20 63 1260
2 7 10 12 14 18 20 90 1260
2 7 10 12 14 18 20 126 1260
2 7 10 12 14 18 28 45 1260
2 7 10 12 14 18 30 36 1260
2 7 10 12 14 18 35 36 1260
2 7 10 12 14 18 36 45 1260
2 7 10 12 14 19 20 57 7980
2 7 10 12 14 19 20 114 7980
2 7 10 12 14 20 21 28 420
2 7 10 12 14 20 21 30 420
2 7 10 12 14 20 21 35 420
2 7 10 12 14 20 21 42 420
2 7 10 12 14 20 21 60 420
2 7 10 12 14 20 21 70 420
2 7 10 12 14 20 21 84 420
2 7 10 12 14 20 21 105 420
2 7 10 12 14 20 22 33 4620
2 7 10 12 14 20 22 66 4620
2 7 10 12 14 20 23 69 9660
2 7 10 12 14 20 24 40 840
2 7 10 12 14 20 24 56 840
2 7 10 12 14 20 25 75 2100
2 7 10 12 14 20 26 39 5460
2 7 10 12 14 20 27 54 3780
2 7 10 12 14 20 28 30 420
2 7 10 12 14 20 28 42 420
2 7 10 12 14 20 30 35 420
2 7 10 12 14 20 30 42 420
2 7 10 12 14 20 33 44 4620
2 7 10 12 14 21 24 40 840
2 7 10 12 14 21 28 30 420
2 7 10 12 14 21 28 35 420
2 7 10 12 15 16 20 112 1680
2 7 10 12 15 16 21 48 1680
2 7 10 12 15 16 21 80 1680
2 7 10 12 15 16 21 112 1680
2 7 10 12 15 16 24 112 1680
2 7 10 12 15 16 28 48 1680
2 7 10 12 15 16 28 80 1680
2 7 10 12 15 16 35 48 1680
2 7 10 12 15 17 20 119 7140
2 7 10 12 15 17 21 68 7140
2 7 10 12 15 17 28 34 7140
2 7 10 12 15 17 28 51 7140
2 7 10 12 15 17 28 68 7140
2 7 10 12 15 18 20 63 1260
2 7 10 12 15 18 20 126 1260
2 7 10 12 15 18 21 36 1260
2 7 10 12 15 18 28 36 1260
2 7 10 12 15 18 28 45 1260
2 7 10 12 15 18 35 36 1260
2 7 10 12 15 19 21 76 7980
2 7 10 12 15 19 28 38 7980
2 7 10 12 15 20 21 28 420
2 7 10 12 15 20 21 30 420
2 7 10 12 15 20 21 35 420
2 7 10 12 15 20 21 42 420
2 7 10 12 15 20 21 60 420
2 7 10 12 15 20 21 70 420
2 7 10 12 15 20 21 84 420
2 7 10 12 15 20 22 77 4620
2 7 10 12 15 20 24 56 840
2 7 10 12 15 20 28 30 420
2 7 10 12 15 20 28 35 420
2 7 10 12 15 20 28 42 420
2 7 10 12 15 20 30 35 420
2 7 10 12 15 21 22 44 4620
2 7 10 12 15 21 24 40 840
2 7 10 12 15 21 28 30 420
2 7 10 12 15 21 28 35 420
2 7 10 12 15 22 28 33 4620
2 7 10 12 16 20 21 48 1680
2 7 10 12 17 20 21 34 7140
2 7 10 12 17 20 21 51 7140
2 7 10 12 18 20 21 36 1260
2 7 10 12 18 20 21 45 1260
2 7 10 12 19 20 21 38 7980
2 7 10 13 14 15 18 117 8190
2 7 10 13 14 15 21 26 2730
2 7 10 13 14 15 21 39 2730
2 7 10 13 14 15 21 65 2730
2 7 10 13 14 15 21 78 2730
2 7 10 13 14 15 21 91 2730
2 7 10 13 14 15 24 104 10920
2 7 10 13 14 15 26 30 2730
2 7 10 13 14 15 26 39 2730
2 7 10 13 14 15 26 42 2730
2 7 10 13 14 15 26 78 2730
2 7 10 13 14 15 26 105 2730
2 7 10 13 14 15 30 39 2730
2 7 10 13 14 15 30 65 2730
2 7 10 13 14 15 30 78 2730
2 7 10 13 14 15 30 91 2730
2 7 10 13 14 15 35 39 2730
2 7 10 13 14 15 39 42 2730
2 7 10 13 14 16 26 80 7280
2 7 10 13 14 17 26 85 15470
2 7 10 13 14 18 26 45 8190
2 7 10 13 14 20 26 28 1820
2 7 10 13 14 21 26 30 2730
2 7 10 13 15 20 21 52 5460
2 7 10 13 15 21 26 30 2730
2 7 10 13 15 21 26 35 2730
2 7 10 14 15 16 20 48 1680
2 7 10 14 15 16 21 48 1680
2 7 10 14 15 16 21 80 1680
2 7 10 14 15 16 24 48 1680
2 7 10 14 15 17 21 34 3570
2 7 10 14 15 17 21 51 3570
2 7 10 14 15 17 30 34 3570
2 7 10 14 15 18 20 36 1260
2 7 10 14 15 18 21 45 630
2 7 10 14 15 19 21 38 3990
2 7 10 14 15 20 21 28 420
2 7 10 14 15 21 22 33 2310
2 7 11 12 13 14 33 52 12012
2 7 11 12 13 14 39 44 12012
2 7 11 12 13 14 44 78 12012
2 7 11 12 13 21 22 52 12012
2 7 11 12 13 21 26 44 12012
2 7 11 12 13 22 28 39 12012
2 7 11 12 14 15 20 22 4620
2 7 11 12 14 15 20 33 4620
2 7 11 12 14 15 20 44 4620
2 7 11 12 14 15 20 55 4620
2 7 11 12 14 15 20 66 4620
2 7 11 12 14 15 20 77 4620
2 7 11 12 14 15 20 110 4620
2 7 11 12 14 15 22 60 4620
2 7 11 12 14 15 28 55 4620
2 7 11 12 14 15 30 44 4620
2 7 11 12 14 15 33 60 4620
2 7 11 12 14 15 35 44 4620
2 7 11 12 14 16 22 48 3696
2 7 11 12 14 16 33 48 3696
2 7 11 12 14 18 22 36 2772
2 7 11 12 14 18 33 36 2772
2 7 11 12 14 20 21 55 4620
2 7 11 12 14 20 22 30 4620
2 7 11 12 14 20 22 60 4620
2 7 11 12 14 20 30 33 4620
2 7 11 12 14 21 22 28 924
2 7 11 12 14 21 22 44 924
2 7 11 12 14 21 28 33 924
2 7 11 12 15 20 21 22 4620
2 7 11 12 15 20 21 33 4620
2 7 11 12 15 20 21 44 4620
2 7 11 12 15 20 22 28 4620
2 7 11 12 15 20 22 35 4620
2 7 11 12 15 20 22 42 4620
2 7 11 13 14 21 22 39 6006
2 7 12 13 14 15 20 26 5460
2 7 12 13 14 15 20 39 5460
2 7 12 13 14 15 20 52 5460
2 7 12 13 14 15 20 65 5460
2 7 12 13 14 15 20 78 5460
2 7 12 13 14 15 20 91 5460
2 7 12 13 15 20 21 26 5460
2 7 12 14 15 17 20 34 7140
