2 3 17 18 19 34 36 76 11628
2 3 17 18 19 34 45 95 29070
2 3 17 18 19 34 90 95 29070
2 3 17 18 19 36 38 68 11628
2 3 17 18 19 36 51 76 11628
2 3 17 18 19 36 57 68 11628
2 3 17 18 19 36 68 76 11628
2 3 17 18 19 36 68 114 11628
2 3 17 18 19 36 76 102 11628
2 3 17 18 19 38 45 85 29070
2 3 17 18 19 38 63 119 40698
2 3 17 18 19 38 85 90 29070
2 3 17 18 19 38 119 126 40698
2 3 17 18 19 45 51 95 29070
2 3 17 18 19 45 57 85 29070
2 3 17 18 19 45 85 95 29070
2 3 17 18 19 45 85 114 29070
2 3 17 18 19 45 95 102 29070
2 3 17 18 19 51 90 95 29070
2 3 17 18 19 57 63 119 40698
2 3 17 18 19 57 85 90 29070
2 3 17 18 19 57 119 126 40698
2 3 17 18 19 63 114 119 40698
2 3 17 18 19 85 90 95 29070
2 3 17 18 19 85 90 114 29070
2 3 17 18 19 90 95 102 29070
2 3 17 18 19 114 119 126 40698
2 3 17 18 20 24 72 85 6120
2 3 17 18 20 27 85 108 9180
2 3 17 18 20 28 45 119 21420
2 3 17 18 20 28 63 85 21420
2 3 17 18 20 28 85 126 21420
2 3 17 18 20 28 90 119 21420
2 3 17 18 20 30 34 36 3060
2 3 17 18 20 30 36 51 3060
2 3 17 18 20 30 36 68 3060
2 3 17 18 20 30 36 85 3060
2 3 17 18 20 30 36 102 3060
2 3 17 18 20 30 45 68 3060
2 3 17 18 20 30 68 90 3060
2 3 17 18 20 34 36 45 3060
2 3 17 18 20 34 36 60 3060
2 3 17 18 20 34 36 85 3060
2 3 17 18 20 34 36 90 3060
2 3 17 18 20 34 40 72 6120
2 3 17 18 20 34 45 60 3060
2 3 17 18 20 34 45 68 3060
2 3 17 18 20 34 60 90 3060
2 3 17 18 20 34 68 90 3060
2 3 17 18 20 34 72 120 6120
2 3 17 18 20 35 36 119 21420
2 3 17 18 20 35 63 68 21420
2 3 17 18 20 35 68 126 21420
2 3 17 18 20 36 45 51 3060
2 3 17 18 20 36 45 68 3060
2 3 17 18 20 36 45 85 3060
2 3 17 18 20 36 45 102 3060
2 3 17 18 20 36 51 60 3060
2 3 17 18 20 36 51 85 3060
2 3 17 18 20 36 51 90 3060
2 3 17 18 20 36 60 68 3060
2 3 17 18 20 36 60 85 3060
2 3 17 18 20 36 60 102 3060
2 3 17 18 20 36 68 85 3060
2 3 17 18 20 36 68 90 3060
2 3 17 18 20 36 70 119 21420
2 3 17 18 20 36 85 90 3060
2 3 17 18 20 36 85 102 3060
2 3 17 18 20 36 90 102 3060
2 3 17 18 20 36 105 119 21420
2 3 17 18 20 40 51 72 6120
2 3 17 18 20 40 68 72 6120
2 3 17 18 20 40 72 85 6120
2 3 17 18 20 40 72 102 6120
2 3 17 18 20 44 85 99 33660
2 3 17 18 20 45 51 60 3060
2 3 17 18 20 45 51 68 3060
2 3 17 18 20 45 60 68 3060
2 3 17 18 20 45 60 85 3060
2 3 17 18 20 45 60 102 3060
2 3 17 18 20 45 68 85 3060
2 3 17 18 20 45 68 90 3060
2 3 17 18 20 45 68 102 3060
2 3 17 18 20 45 84 119 21420
2 3 17 18 20 51 60 90 3060
2 3 17 18 20 51 68 90 3060
2 3 17 18 20 51 72 120 6120
2 3 17 18 20 52 85 117 39780
2 3 17 18 20 54 85 108 9180
2 3 17 18 20 55 68 99 33660
2 3 17 18 20 60 63 119 21420
2 3 17 18 20 60 68 90 3060
2 3 17 18 20 60 85 90 3060
2 3 17 18 20 60 90 102 3060
2 3 17 18 20 60 119 126 21420
2 3 17 18 20 63 68 70 21420
2 3 17 18 20 63 68 105 21420
2 3 17 18 20 63 84 85 21420
2 3 17 18 20 65 68 117 39780
2 3 17 18 20 68 70 126 21420
2 3 17 18 20 68 72 120 6120
2 3 17 18 20 68 85 90 3060
2 3 17 18 20 68 90 102 3060
2 3 17 18 20 68 99 110 33660
2 3 17 18 20 68 105 126 21420
2 3 17 18 20 72 85 120 6120
2 3 17 18 20 72 102 120 6120
2 3 17 18 20 84 85 126 21420
2 3 17 18 20 84 90 119 21420
2 3 17 18 21 22 99 119 23562
2 3 17 18 21 24 72 119 8568
2 3 17 18 21 26 117 119 27846
2 3 17 18 21 27 54 119 6426
2 3 17 18 21 28 34 36 4284
2 3 17 18 21 28 36 51 4284
2 3 17 18 21 28 36 68 4284
2 3 17 18 21 28 36 102 4284
2 3 17 18 21 28 36 119 4284
2 3 17 18 21 28 63 68 4284
2 3 17 18 21 28 68 126 4284
2 3 17 18 21 30 45 119 10710
2 3 17 18 21 30 63 85 10710
2 3 17 18 21 30 85 126 10710
2 3 17 18 21 30 90 119 10710
2 3 17 18 21 33 99 119 23562
2 3 17 18 21 34 35 45 10710
2 3 17 18 21 34 35 90 10710
2 3 17 18 21 34 36 84 4284
2 3 17 18 21 34 42 63 2142
2 3 17 18 21 34 42 126 2142
2 3 17 18 21 34 45 70 10710
2 3 17 18 21 34 45 105 10710
2 3 17 18 21 34 51 63 2142
2 3 17 18 21 34 51 126 2142
2 3 17 18 21 34 56 72 8568
2 3 17 18 21 34 63 102 2142
2 3 17 18 21 34 63 119 2142
2 3 17 18 21 34 63 126 2142
2 3 17 18 21 34 70 90 10710
2 3 17 18 21 34 77 99 23562
2 3 17 18 21 34 90 105 10710
2 3 17 18 21 34 91 117 27846
2 3 17 18 21 34 102 126 2142
2 3 17 18 21 34 119 126 2142
2 3 17 18 21 35 45 51 10710
2 3 17 18 21 35 45 85 10710
2 3 17 18 21 35 45 102 10710
2 3 17 18 21 35 45 119 10710
2 3 17 18 21 35 51 90 10710
2 3 17 18 21 35 63 85 10710
2 3 17 18 21 35 85 90 10710
2 3 17 18 21 35 85 126 10710
2 3 17 18 21 35 90 102 10710
2 3 17 18 21 35 90 119 10710
2 3 17 18 21 36 42 68 4284
2 3 17 18 21 36 51 84 4284
2 3 17 18 21 36 63 68 4284
2 3 17 18 21 36 68 84 4284
2 3 17 18 21 36 68 119 4284
2 3 17 18 21 36 68 126 4284
2 3 17 18 21 36 84 102 4284
2 3 17 18 21 36 84 119 4284
2 3 17 18 21 39 117 119 27846
2 3 17 18 21 42 45 85 10710
2 3 17 18 21 42 51 63 2142
2 3 17 18 21 42 51 126 2142
2 3 17 18 21 42 63 102 2142
2 3 17 18 21 42 63 119 2142
2 3 17 18 21 42 85 90 10710
2 3 17 18 21 42 102 126 2142
2 3 17 18 21 42 119 126 2142
2 3 17 18 21 45 51 70 10710
2 3 17 18 21 45 51 105 10710
2 3 17 18 21 45 63 85 10710
2 3 17 18 21 45 70 85 10710
2 3 17 18 21 45 70 102 10710
2 3 17 18 21 45 70 119 10710
2 3 17 18 21 45 85 105 10710
2 3 17 18 21 45 85 119 10710
2 3 17 18 21 45 85 126 10710
2 3 17 18 21 45 90 119 10710
2 3 17 18 21 45 102 105 10710
2 3 17 18 21 45 105 119 10710
2 3 17 18 21 51 56 72 8568
2 3 17 18 21 51 63 102 2142
2 3 17 18 21 51 63 119 2142
2 3 17 18 21 51 63 126 2142
2 3 17 18 21 51 70 90 10710
2 3 17 18 21 51 77 99 23562
2 3 17 18 21 51 90 105 10710
2 3 17 18 21 51 91 117 27846
2 3 17 18 21 51 102 126 2142
2 3 17 18 21 51 119 126 2142
2 3 17 18 21 56 68 72 8568
2 3 17 18 21 56 72 102 8568
2 3 17 18 21 56 72 119 8568
2 3 17 18 21 63 68 84 4284
2 3 17 18 21 63 70 85 10710
2 3 17 18 21 63 85 90 10710
2 3 17 18 21 63 85 105 10710
2 3 17 18 21 63 102 119 2142
2 3 17 18 21 63 102 126 2142
2 3 17 18 21 63 119 126 2142
2 3 17 18 21 66 99 119 23562
2 3 17 18 21 68 84 126 4284
2 3 17 18 21 70 85 90 10710
2 3 17 18 21 70 85 126 10710
2 3 17 18 21 70 90 102 10710
2 3 17 18 21 70 90 119 10710
2 3 17 18 21 77 99 102 23562
2 3 17 18 21 77 99 119 23562
2 3 17 18 21 78 117 119 27846
2 3 17 18 21 85 90 105 10710
2 3 17 18 21 85 90 119 10710
2 3 17 18 21 85 90 126 10710
2 3 17 18 21 85 105 126 10710
2 3 17 18 21 90 102 105 10710
2 3 17 18 21 90 105 119 10710
2 3 17 18 21 91 102 117 27846
2 3 17 18 21 91 117 119 27846
2 3 17 18 21 102 119 126 2142
2 3 17 18 22 30 85 99 16830
2 3 17 18 22 33 34 99 3366
2 3 17 18 22 33 36 68 6732
2 3 17 18 22 33 45 85 16830
2 3 17 18 22 33 51 99 3366
2 3 17 18 22 33 63 119 23562
2 3 17 18 22 33 85 90 16830
2 3 17 18 22 33 99 102 3366
2 3 17 18 22 33 119 126 23562
2 3 17 18 22 34 36 44 6732
2 3 17 18 22 34 45 55 16830
2 3 17 18 22 34 45 110 16830
2 3 17 18 22 34 51 99 3366
2 3 17 18 22 34 55 90 16830
2 3 17 18 22 34 63 77 23562
2 3 17 18 22 34 66 99 3366
2 3 17 18 22 34 72 88 13464
2 3 17 18 22 34 77 126 23562
2 3 17 18 22 34 90 110 16830
2 3 17 18 22 34 99 102 3366
2 3 17 18 22 36 44 51 6732
2 3 17 18 22 36 44 68 6732
2 3 17 18 22 36 44 102 6732
2 3 17 18 22 36 66 68 6732
2 3 17 18 22 36 68 99 6732
2 3 17 18 22 42 99 119 23562
2 3 17 18 22 44 68 99 6732
2 3 17 18 22 45 51 55 16830
2 3 17 18 22 45 51 110 16830
2 3 17 18 22 45 55 85 16830
2 3 17 18 22 45 55 102 16830
2 3 17 18 22 45 66 85 16830
2 3 17 18 22 45 85 99 16830
2 3 17 18 22 45 85 110 16830
2 3 17 18 22 45 102 110 16830
2 3 17 18 22 51 55 90 16830
2 3 17 18 22 51 63 77 23562
2 3 17 18 22 51 66 99 3366
2 3 17 18 22 51 72 88 13464
2 3 17 18 22 51 77 126 23562
2 3 17 18 22 51 90 110 16830
2 3 17 18 22 51 99 102 3366
2 3 17 18 22 55 85 90 16830
2 3 17 18 22 55 85 99 16830
2 3 17 18 22 55 90 102 16830
2 3 17 18 22 63 66 119 23562
2 3 17 18 22 63 77 102 23562
2 3 17 18 22 63 77 119 23562
2 3 17 18 22 63 99 119 23562
2 3 17 18 22 66 85 90 16830
2 3 17 18 22 66 99 102 3366
2 3 17 18 22 66 119 126 23562
2 3 17 18 22 68 72 88 13464
2 3 17 18 22 72 88 102 13464
2 3 17 18 22 77 99 119 23562
2 3 17 18 22 77 102 126 23562
2 3 17 18 22 77 119 126 23562
2 3 17 18 22 85 90 99 16830
2 3 17 18 22 85 90 110 16830
2 3 17 18 22 85 99 110 16830
2 3 17 18 22 90 102 110 16830
2 3 17 18 22 99 119 126 23562
2 3 17 18 23 34 36 92 14076
2 3 17 18 23 34 45 115 35190
2 3 17 18 23 34 90 115 35190
2 3 17 18 23 36 46 68 14076
2 3 17 18 23 36 51 92 14076
2 3 17 18 23 36 68 69 14076
2 3 17 18 23 36 68 92 14076
2 3 17 18 23 36 92 102 14076
2 3 17 18 23 45 46 85 35190
2 3 17 18 23 45 51 115 35190
2 3 17 18 23 45 69 85 35190
2 3 17 18 23 45 85 115 35190
2 3 17 18 23 45 102 115 35190
2 3 17 18 23 46 63 119 49266
2 3 17 18 23 46 85 90 35190
2 3 17 18 23 46 119 126 49266
2 3 17 18 23 51 90 115 35190
2 3 17 18 23 63 69 119 49266
2 3 17 18 23 69 85 90 35190
2 3 17 18 23 69 119 126 49266
2 3 17 18 23 85 90 115 35190
2 3 17 18 23 90 102 115 35190
2 3 17 18 24 28 72 119 8568
2 3 17 18 24 30 72 85 6120
2 3 17 18 24 34 36 72 1224
2 3 17 18 24 34 40 45 6120
2 3 17 18 24 34 40 90 6120
2 3 17 18 24 34 45 120 6120
2 3 17 18 24 34 51 72 1224
2 3 17 18 24 34 56 63 8568
2 3 17 18 24 34 56 126 8568
2 3 17 18 24 34 68 72 1224
2 3 17 18 24 34 72 102 1224
2 3 17 18 24 34 88 99 13464
2 3 17 18 24 34 90 120 6120
2 3 17 18 24 34 104 117 15912
2 3 17 18 24 36 40 85 6120
2 3 17 18 24 36 51 72 1224
2 3 17 18 24 36 56 119 8568
2 3 17 18 24 36 68 72 1224
2 3 17 18 24 36 72 102 1224
2 3 17 18 24 36 85 120 6120
2 3 17 18 24 40 45 51 6120
2 3 17 18 24 40 45 68 6120
2 3 17 18 24 40 45 85 6120
2 3 17 18 24 40 45 102 6120
2 3 17 18 24 40 51 90 6120
2 3 17 18 24 40 68 90 6120
2 3 17 18 24 40 72 85 6120
2 3 17 18 24 40 85 90 6120
2 3 17 18 24 40 90 102 6120
2 3 17 18 24 42 72 119 8568
2 3 17 18 24 45 51 120 6120
2 3 17 18 24 45 68 120 6120
2 3 17 18 24 45 72 85 6120
2 3 17 18 24 45 85 120 6120
2 3 17 18 24 45 102 120 6120
2 3 17 18 24 51 56 63 8568
2 3 17 18 24 51 56 126 8568
2 3 17 18 24 51 68 72 1224
2 3 17 18 24 51 72 102 1224
2 3 17 18 24 51 88 99 13464
2 3 17 18 24 51 90 120 6120
2 3 17 18 24 51 104 117 15912
2 3 17 18 24 56 63 68 8568
2 3 17 18 24 56 63 102 8568
2 3 17 18 24 56 63 119 8568
2 3 17 18 24 56 68 126 8568
2 3 17 18 24 56 72 119 8568
2 3 17 18 24 56 102 126 8568
2 3 17 18 24 56 119 126 8568
2 3 17 18 24 60 72 85 6120
2 3 17 18 24 63 72 119 8568
2 3 17 18 24 68 72 102 1224
2 3 17 18 24 68 88 99 13464
2 3 17 18 24 68 90 120 6120
2 3 17 18 24 68 104 117 15912
2 3 17 18 24 72 84 119 8568
2 3 17 18 24 72 85 90 6120
2 3 17 18 24 72 85 120 6120
2 3 17 18 24 72 119 126 8568
2 3 17 18 24 85 90 120 6120
2 3 17 18 24 88 99 102 13464
2 3 17 18 24 90 102 120 6120
2 3 17 18 24 102 104 117 15912
2 3 17 18 25 34 36 100 15300
2 3 17 18 25 34 45 50 7650
2 3 17 18 25 34 45 75 7650
2 3 17 18 25 34 50 90 7650
2 3 17 18 25 34 75 90 7650
2 3 17 18 25 36 50 68 15300
2 3 17 18 25 36 51 100 15300
2 3 17 18 25 36 68 75 15300
2 3 17 18 25 36 68 100 15300
2 3 17 18 25 36 85 100 15300
2 3 17 18 25 36 100 102 15300
2 3 17 18 25 45 50 51 7650
2 3 17 18 25 45 50 85 7650
2 3 17 18 25 45 50 102 7650
2 3 17 18 25 45 51 75 7650
2 3 17 18 25 45 68 100 15300
2 3 17 18 25 45 75 85 7650
2 3 17 18 25 45 75 102 7650
2 3 17 18 25 50 51 90 7650
2 3 17 18 25 50 63 119 53550
2 3 17 18 25 50 85 90 7650
2 3 17 18 25 50 90 102 7650
2 3 17 18 25 50 119 126 53550
2 3 17 18 25 51 75 90 7650
2 3 17 18 25 63 75 119 53550
2 3 17 18 25 68 90 100 15300
2 3 17 18 25 75 85 90 7650
2 3 17 18 25 75 90 102 7650
2 3 17 18 25 75 119 126 53550
2 3 17 18 26 30 85 117 19890
2 3 17 18 26 34 36 52 7956
2 3 17 18 26 34 39 117 3978
2 3 17 18 26 34 45 65 19890
2 3 17 18 26 34 51 117 3978
2 3 17 18 26 34 63 91 27846
2 3 17 18 26 34 65 90 19890
2 3 17 18 26 34 72 104 15912
2 3 17 18 26 34 78 117 3978
2 3 17 18 26 34 91 126 27846
2 3 17 18 26 34 102 117 3978
2 3 17 18 26 36 39 68 7956
2 3 17 18 26 36 51 52 7956
2 3 17 18 26 36 52 68 7956
2 3 17 18 26 36 52 102 7956
2 3 17 18 26 36 68 78 7956
2 3 17 18 26 36 68 117 7956
2 3 17 18 26 39 45 85 19890
2 3 17 18 26 39 51 117 3978
2 3 17 18 26 39 63 119 27846
2 3 17 18 26 39 85 90 19890
2 3 17 18 26 39 102 117 3978
2 3 17 18 26 39 119 126 27846
2 3 17 18 26 42 117 119 27846
2 3 17 18 26 45 51 65 19890
2 3 17 18 26 45 65 85 19890
2 3 17 18 26 45 65 102 19890
2 3 17 18 26 45 78 85 19890
2 3 17 18 26 45 85 117 19890
2 3 17 18 26 51 63 91 27846
2 3 17 18 26 51 65 90 19890
2 3 17 18 26 51 72 104 15912
2 3 17 18 26 51 78 117 3978
2 3 17 18 26 51 91 126 27846
2 3 17 18 26 51 102 117 3978
2 3 17 18 26 52 68 117 7956
2 3 17 18 26 63 78 119 27846
2 3 17 18 26 63 91 102 27846
2 3 17 18 26 63 91 119 27846
2 3 17 18 26 63 117 119 27846
2 3 17 18 26 65 85 90 19890
2 3 17 18 26 65 85 117 19890
2 3 17 18 26 65 90 102 19890
2 3 17 18 26 68 72 104 15912
2 3 17 18 26 72 102 104 15912
2 3 17 18 26 78 85 90 19890
2 3 17 18 26 78 102 117 3978
2 3 17 18 26 78 119 126 27846
2 3 17 18 26 85 90 117 19890
2 3 17 18 26 91 102 126 27846
2 3 17 18 26 91 117 119 27846
2 3 17 18 26 91 119 126 27846
2 3 17 18 26 117 119 126 27846
2 3 17 18 27 28 108 119 12852
2 3 17 18 27 30 54 85 4590
2 3 17 18 27 34 36 108 1836
2 3 17 18 27 34 51 54 918
2 3 17 18 27 34 54 102 918
2 3 17 18 27 34 68 108 1836
2 3 17 18 27 36 51 108 1836
2 3 17 18 27 36 54 68 1836
2 3 17 18 27 36 68 108 1836
2 3 17 18 27 36 102 108 1836
2 3 17 18 27 42 54 119 6426
2 3 17 18 27 45 54 85 4590
2 3 17 18 27 51 54 102 918
2 3 17 18 27 51 68 108 1836
2 3 17 18 27 54 63 119 6426
2 3 17 18 27 54 68 108 1836
2 3 17 18 27 54 85 90 4590
2 3 17 18 27 54 119 126 6426
2 3 17 18 27 60 85 108 9180
2 3 17 18 27 68 102 108 1836
2 3 17 18 27 84 108 119 12852
2 3 17 18 28 34 36 42 4284
2 3 17 18 28 34 36 63 4284
2 3 17 18 28 34 36 84 4284
2 3 17 18 28 34 36 119 4284
2 3 17 18 28 34 36 126 4284
2 3 17 18 28 34 56 72 8568
2 3 17 18 28 34 63 68 4284
2 3 17 18 28 34 63 84 4284
2 3 17 18 28 34 68 126 4284
2 3 17 18 28 34 84 126 4284
2 3 17 18 28 35 36 85 21420
2 3 17 18 28 35 45 68 21420
2 3 17 18 28 35 68 90 21420
2 3 17 18 28 36 42 51 4284
2 3 17 18 28 36 42 68 4284
2 3 17 18 28 36 42 102 4284
2 3 17 18 28 36 42 119 4284
2 3 17 18 28 36 51 63 4284
2 3 17 18 28 36 51 84 4284
2 3 17 18 28 36 51 119 4284
2 3 17 18 28 36 51 126 4284
2 3 17 18 28 36 63 68 4284
2 3 17 18 28 36 63 102 4284
2 3 17 18 28 36 63 119 4284
2 3 17 18 28 36 68 84 4284
2 3 17 18 28 36 68 119 4284
2 3 17 18 28 36 68 126 4284
2 3 17 18 28 36 70 85 21420
2 3 17 18 28 36 84 102 4284
2 3 17 18 28 36 84 119 4284
2 3 17 18 28 36 85 105 21420
2 3 17 18 28 36 102 119 4284
2 3 17 18 28 36 102 126 4284
2 3 17 18 28 36 119 126 4284
2 3 17 18 28 42 63 68 4284
2 3 17 18 28 42 68 126 4284
2 3 17 18 28 44 99 119 47124
2 3 17 18 28 45 60 119 21420
2 3 17 18 28 45 68 70 21420
2 3 17 18 28 45 68 105 21420
2 3 17 18 28 45 84 85 21420
2 3 17 18 28 51 56 72 8568
2 3 17 18 28 51 63 68 4284
2 3 17 18 28 51 63 84 4284
2 3 17 18 28 51 68 126 4284
2 3 17 18 28 51 84 126 4284
2 3 17 18 28 52 117 119 55692
2 3 17 18 28 54 108 119 12852
2 3 17 18 28 56 68 72 8568
2 3 17 18 28 56 72 102 8568
2 3 17 18 28 56 72 119 8568
2 3 17 18 28 60 63 85 21420
2 3 17 18 28 60 85 126 21420
2 3 17 18 28 60 90 119 21420
2 3 17 18 28 63 68 84 4284
2 3 17 18 28 63 68 102 4284
2 3 17 18 28 63 68 119 4284
2 3 17 18 28 63 68 126 4284
2 3 17 18 28 63 84 102 4284
2 3 17 18 28 63 84 119 4284
2 3 17 18 28 68 70 90 21420
2 3 17 18 28 68 77 99 47124
2 3 17 18 28 68 84 126 4284
2 3 17 18 28 68 90 105 21420
2 3 17 18 28 68 91 117 55692
2 3 17 18 28 68 102 126 4284
2 3 17 18 28 68 119 126 4284
2 3 17 18 28 84 85 90 21420
2 3 17 18 28 84 102 126 4284
2 3 17 18 28 84 119 126 4284
2 3 17 18 29 34 36 116 17748
2 3 17 18 29 36 51 116 17748
2 3 17 18 29 36 58 68 17748
2 3 17 18 29 36 68 87 17748
2 3 17 18 29 36 68 116 17748
2 3 17 18 29 36 102 116 17748
2 3 17 18 29 45 58 85 44370
2 3 17 18 29 45 85 87 44370
2 3 17 18 29 58 63 119 62118
2 3 17 18 29 58 85 90 44370
2 3 17 18 29 58 119 126 62118
2 3 17 18 29 63 87 119 62118
2 3 17 18 29 85 87 90 44370
2 3 17 18 29 87 119 126 62118
2 3 17 18 30 33 85 99 16830
2 3 17 18 30 34 35 63 10710
2 3 17 18 30 34 35 126 10710
2 3 17 18 30 34 36 60 3060
2 3 17 18 30 34 40 72 6120
2 3 17 18 30 34 45 51 1530
2 3 17 18 30 34 45 85 1530
2 3 17 18 30 34 45 90 1530
2 3 17 18 30 34 45 102 1530
2 3 17 18 30 34 51 90 1530
2 3 17 18 30 34 55 99 16830
2 3 17 18 30 34 63 70 10710
2 3 17 18 30 34 63 105 10710
2 3 17 18 30 34 65 117 19890
2 3 17 18 30 34 70 126 10710
2 3 17 18 30 34 72 120 6120
2 3 17 18 30 34 85 90 1530
2 3 17 18 30 34 90 102 1530
2 3 17 18 30 34 99 110 16830
2 3 17 18 30 34 105 126 10710
2 3 17 18 30 35 45 119 10710
2 3 17 18 30 35 51 63 10710
2 3 17 18 30 35 51 126 10710
2 3 17 18 30 35 63 85 10710
2 3 17 18 30 35 63 102 10710
2 3 17 18 30 35 63 119 10710
2 3 17 18 30 35 85 126 10710
2 3 17 18 30 35 90 119 10710
2 3 17 18 30 35 102 126 10710
2 3 17 18 30 35 119 126 10710
2 3 17 18 30 36 45 68 3060
2 3 17 18 30 36 51 60 3060
2 3 17 18 30 36 60 68 3060
2 3 17 18 30 36 60 85 3060
2 3 17 18 30 36 60 102 3060
2 3 17 18 30 36 68 85 3060
2 3 17 18 30 36 68 90 3060
2 3 17 18 30 39 85 117 19890
2 3 17 18 30 40 51 72 6120
2 3 17 18 30 40 68 72 6120
2 3 17 18 30 40 72 85 6120
2 3 17 18 30 40 72 102 6120
2 3 17 18 30 42 45 119 10710
2 3 17 18 30 42 63 85 10710
2 3 17 18 30 42 85 126 10710
2 3 17 18 30 42 90 119 10710
2 3 17 18 30 45 51 85 1530
2 3 17 18 30 45 51 90 1530
2 3 17 18 30 45 51 102 1530
2 3 17 18 30 45 60 68 3060
2 3 17 18 30 45 63 119 10710
2 3 17 18 30 45 70 119 10710
2 3 17 18 30 45 85 90 1530
2 3 17 18 30 45 85 102 1530
2 3 17 18 30 45 90 102 1530
2 3 17 18 30 45 105 119 10710
2 3 17 18 30 45 119 126 10710
2 3 17 18 30 51 55 99 16830
2 3 17 18 30 51 63 70 10710
2 3 17 18 30 51 63 105 10710
2 3 17 18 30 51 65 117 19890
2 3 17 18 30 51 70 126 10710
2 3 17 18 30 51 72 120 6120
2 3 17 18 30 51 85 90 1530
2 3 17 18 30 51 90 102 1530
2 3 17 18 30 51 99 110 16830
2 3 17 18 30 51 105 126 10710
2 3 17 18 30 55 85 99 16830
2 3 17 18 30 55 99 102 16830
2 3 17 18 30 60 68 90 3060
2 3 17 18 30 63 70 85 10710
2 3 17 18 30 63 70 102 10710
2 3 17 18 30 63 70 119 10710
2 3 17 18 30 63 85 105 10710
2 3 17 18 30 63 85 119 10710
2 3 17 18 30 63 85 126 10710
2 3 17 18 30 63 90 119 10710
2 3 17 18 30 63 102 105 10710
2 3 17 18 30 63 105 119 10710
2 3 17 18 30 65 85 117 19890
2 3 17 18 30 65 102 117 19890
2 3 17 18 30 66 85 99 16830
2 3 17 18 30 68 72 120 6120
2 3 17 18 30 70 85 126 10710
2 3 17 18 30 70 90 119 10710
2 3 17 18 30 70 102 126 10710
2 3 17 18 30 70 119 126 10710
2 3 17 18 30 72 85 120 6120
2 3 17 18 30 72 102 120 6120
2 3 17 18 30 78 85 117 19890
2 3 17 18 30 85 90 102 1530
2 3 17 18 30 85 99 110 16830
2 3 17 18 30 85 105 126 10710
2 3 17 18 30 85 119 126 10710
2 3 17 18 30 90 105 119 10710
2 3 17 18 30 90 119 126 10710
2 3 17 18 30 99 102 110 16830
2 3 17 18 30 102 105 126 10710
2 3 17 18 30 105 119 126 10710
2 3 17 18 31 34 36 124 18972
2 3 17 18 31 36 51 124 18972
2 3 17 18 31 36 62 68 18972
2 3 17 18 31 36 68 93 18972
2 3 17 18 31 36 68 124 18972
2 3 17 18 31 36 102 124 18972
2 3 17 18 31 45 62 85 47430
2 3 17 18 31 45 85 93 47430
2 3 17 18 31 62 63 119 66402
2 3 17 18 31 62 85 90 47430
2 3 17 18 31 62 119 126 66402
2 3 17 18 31 63 93 119 66402
2 3 17 18 31 85 90 93 47430
2 3 17 18 31 93 119 126 66402
2 3 17 18 32 34 36 96 4896
2 3 17 18 32 34 72 96 4896
2 3 17 18 32 36 51 96 4896
2 3 17 18 32 36 68 96 4896
2 3 17 18 32 36 96 102 4896
2 3 17 18 32 45 85 96 24480
2 3 17 18 32 51 72 96 4896
2 3 17 18 32 63 96 119 34272
2 3 17 18 32 68 72 96 4896
2 3 17 18 32 72 96 102 4896
2 3 17 18 32 85 90 96 24480
2 3 17 18 32 96 119 126 34272
2 3 17 18 33 34 36 44 6732
2 3 17 18 33 34 45 55 16830
2 3 17 18 33 34 45 110 16830
2 3 17 18 33 34 51 99 3366
2 3 17 18 33 34 55 90 16830
2 3 17 18 33 34 63 77 23562
2 3 17 18 33 34 66 99 3366
2 3 17 18 33 34 72 88 13464
2 3 17 18 33 34 77 126 23562
2 3 17 18 33 34 90 110 16830
2 3 17 18 33 34 99 102 3366
2 3 17 18 33 36 44 51 6732
2 3 17 18 33 36 44 68 6732
2 3 17 18 33 36 44 102 6732
2 3 17 18 33 36 66 68 6732
2 3 17 18 33 36 68 99 6732
2 3 17 18 33 42 99 119 23562
2 3 17 18 33 44 68 99 6732
2 3 17 18 33 45 51 55 16830
2 3 17 18 33 45 51 110 16830
2 3 17 18 33 45 55 85 16830
2 3 17 18 33 45 55 102 16830
2 3 17 18 33 45 66 85 16830
2 3 17 18 33 45 85 99 16830
2 3 17 18 33 45 85 110 16830
2 3 17 18 33 45 102 110 16830
2 3 17 18 33 51 55 90 16830
2 3 17 18 33 51 63 77 23562
2 3 17 18 33 51 66 99 3366
2 3 17 18 33 51 72 88 13464
2 3 17 18 33 51 77 126 23562
2 3 17 18 33 51 90 110 16830
2 3 17 18 33 51 99 102 3366
2 3 17 18 33 55 85 90 16830
2 3 17 18 33 55 85 99 16830
2 3 17 18 33 55 90 102 16830
2 3 17 18 33 63 66 119 23562
2 3 17 18 33 63 77 102 23562
2 3 17 18 33 63 77 119 23562
2 3 17 18 33 63 99 119 23562
2 3 17 18 33 66 85 90 16830
2 3 17 18 33 66 99 102 3366
2 3 17 18 33 66 119 126 23562
2 3 17 18 33 68 72 88 13464
2 3 17 18 33 72 88 102 13464
2 3 17 18 33 77 99 119 23562
2 3 17 18 33 77 102 126 23562
2 3 17 18 33 77 119 126 23562
2 3 17 18 33 85 90 99 16830
2 3 17 18 33 85 90 110 16830
2 3 17 18 33 85 99 110 16830
2 3 17 18 33 90 102 110 16830
2 3 17 18 33 99 119 126 23562
2 3 17 18 34 35 42 45 10710
2 3 17 18 34 35 42 90 10710
2 3 17 18 34 35 45 63 10710
2 3 17 18 34 35 45 70 10710
2 3 17 18 34 35 45 105 10710
2 3 17 18 34 35 45 119 10710
2 3 17 18 34 35 45 126 10710
2 3 17 18 34 35 63 70 10710
2 3 17 18 34 35 63 85 10710
2 3 17 18 34 35 63 90 10710
2 3 17 18 34 35 63 105 10710
2 3 17 18 34 35 70 90 10710
2 3 17 18 34 35 70 126 10710
2 3 17 18 34 35 85 126 10710
2 3 17 18 34 35 90 105 10710
2 3 17 18 34 35 90 119 10710
2 3 17 18 34 35 90 126 10710
2 3 17 18 34 35 105 126 10710
2 3 17 18 34 36 38 76 11628
2 3 17 18 34 36 39 52 7956
2 3 17 18 34 36 40 120 6120
2 3 17 18 34 36 42 84 4284
2 3 17 18 34 36 44 66 6732
2 3 17 18 34 36 44 99 6732
2 3 17 18 34 36 45 60 3060
2 3 17 18 34 36 46 92 14076
2 3 17 18 34 36 50 100 15300
2 3 17 18 34 36 51 68 612
2 3 17 18 34 36 52 78 7956
2 3 17 18 34 36 52 117 7956
2 3 17 18 34 36 54 108 1836
2 3 17 18 34 36 57 76 11628
2 3 17 18 34 36 58 116 17748
2 3 17 18 34 36 60 85 3060
2 3 17 18 34 36 60 90 3060
2 3 17 18 34 36 62 124 18972
2 3 17 18 34 36 63 84 4284
2 3 17 18 34 36 68 102 612
2 3 17 18 34 36 69 92 14076
2 3 17 18 34 36 75 100 15300
2 3 17 18 34 36 76 114 11628
2 3 17 18 34 36 84 119 4284
2 3 17 18 34 36 84 126 4284
2 3 17 18 34 36 87 116 17748
2 3 17 18 34 36 93 124 18972
2 3 17 18 34 38 45 95 29070
2 3 17 18 34 38 90 95 29070
2 3 17 18 34 39 45 65 19890
2 3 17 18 34 39 51 117 3978
2 3 17 18 34 39 63 91 27846
2 3 17 18 34 39 65 90 19890
2 3 17 18 34 39 72 104 15912
2 3 17 18 34 39 78 117 3978
2 3 17 18 34 39 91 126 27846
2 3 17 18 34 39 102 117 3978
2 3 17 18 34 40 45 72 6120
2 3 17 18 34 40 45 120 6120
2 3 17 18 34 40 60 72 6120
2 3 17 18 34 40 72 85 6120
2 3 17 18 34 40 72 90 6120
2 3 17 18 34 40 72 120 6120
2 3 17 18 34 40 90 120 6120
2 3 17 18 34 42 45 70 10710
2 3 17 18 34 42 45 105 10710
2 3 17 18 34 42 51 63 2142
2 3 17 18 34 42 51 126 2142
2 3 17 18 34 42 56 72 8568
2 3 17 18 34 42 63 102 2142
2 3 17 18 34 42 63 119 2142
2 3 17 18 34 42 63 126 2142
2 3 17 18 34 42 70 90 10710
2 3 17 18 34 42 77 99 23562
2 3 17 18 34 42 90 105 10710
2 3 17 18 34 42 91 117 27846
2 3 17 18 34 42 102 126 2142
2 3 17 18 34 42 119 126 2142
2 3 17 18 34 44 68 99 6732
2 3 17 18 34 44 72 88 13464
2 3 17 18 34 45 46 115 35190
2 3 17 18 34 45 48 80 12240
2 3 17 18 34 45 50 75 7650
2 3 17 18 34 45 51 85 1530
2 3 17 18 34 45 51 90 1530
2 3 17 18 34 45 55 66 16830
2 3 17 18 34 45 55 99 16830
2 3 17 18 34 45 55 110 16830
2 3 17 18 34 45 57 95 29070
2 3 17 18 34 45 60 68 3060
2 3 17 18 34 45 63 70 10710
2 3 17 18 34 45 63 105 10710
2 3 17 18 34 45 65 78 19890
2 3 17 18 34 45 65 117 19890
2 3 17 18 34 45 66 110 16830
2 3 17 18 34 45 69 115 35190
2 3 17 18 34 45 70 105 10710
2 3 17 18 34 45 70 119 10710
2 3 17 18 34 45 70 126 10710
2 3 17 18 34 45 72 120 6120
2 3 17 18 34 45 85 90 1530
2 3 17 18 34 45 85 102 1530
2 3 17 18 34 45 90 102 1530
2 3 17 18 34 45 95 114 29070
2 3 17 18 34 45 99 110 16830
2 3 17 18 34 45 105 119 10710
2 3 17 18 34 45 105 126 10710
2 3 17 18 34 46 90 115 35190
2 3 17 18 34 48 63 112 17136
2 3 17 18 34 48 80 90 12240
2 3 17 18 34 48 112 126 17136
2 3 17 18 34 49 63 98 14994
2 3 17 18 34 49 98 126 14994
2 3 17 18 34 50 75 90 7650
2 3 17 18 34 51 63 119 2142
2 3 17 18 34 51 63 126 2142
2 3 17 18 34 51 66 99 3366
2 3 17 18 34 51 78 117 3978
2 3 17 18 34 51 85 90 1530
2 3 17 18 34 51 119 126 2142
2 3 17 18 34 52 68 117 7956
2 3 17 18 34 52 72 104 15912
2 3 17 18 34 54 68 108 1836
2 3 17 18 34 55 66 90 16830
2 3 17 18 34 55 85 99 16830
2 3 17 18 34 55 90 99 16830
2 3 17 18 34 55 90 110 16830
2 3 17 18 34 55 99 110 16830
2 3 17 18 34 56 63 72 8568
2 3 17 18 34 56 72 84 8568
2 3 17 18 34 56 72 119 8568
2 3 17 18 34 56 72 126 8568
2 3 17 18 34 57 90 95 29070
2 3 17 18 34 60 68 90 3060
2 3 17 18 34 60 72 120 6120
2 3 17 18 34 63 66 77 23562
2 3 17 18 34 63 68 84 4284
2 3 17 18 34 63 70 85 10710
2 3 17 18 34 63 70 90 10710
2 3 17 18 34 63 70 105 10710
2 3 17 18 34 63 77 99 23562
2 3 17 18 34 63 78 91 27846
2 3 17 18 34 63 85 105 10710
2 3 17 18 34 63 90 105 10710
2 3 17 18 34 63 91 117 27846
2 3 17 18 34 63 102 119 2142
2 3 17 18 34 63 102 126 2142
2 3 17 18 34 63 119 126 2142
2 3 17 18 34 65 78 90 19890
2 3 17 18 34 65 85 117 19890
2 3 17 18 34 65 90 117 19890
2 3 17 18 34 66 72 88 13464
2 3 17 18 34 66 77 126 23562
2 3 17 18 34 66 90 110 16830
2 3 17 18 34 66 99 102 3366
2 3 17 18 34 68 84 126 4284
2 3 17 18 34 69 90 115 35190
2 3 17 18 34 70 85 126 10710
2 3 17 18 34 70 90 105 10710
2 3 17 18 34 70 90 119 10710
2 3 17 18 34 70 90 126 10710
2 3 17 18 34 70 105 126 10710
2 3 17 18 34 72 78 104 15912
2 3 17 18 34 72 85 120 6120
2 3 17 18 34 72 88 99 13464
2 3 17 18 34 72 90 120 6120
2 3 17 18 34 72 104 117 15912
2 3 17 18 34 77 99 119 23562
2 3 17 18 34 77 99 126 23562
2 3 17 18 34 78 91 126 27846
2 3 17 18 34 78 102 117 3978
2 3 17 18 34 85 90 102 1530
2 3 17 18 34 85 99 110 16830
2 3 17 18 34 85 105 126 10710
2 3 17 18 34 90 95 114 29070
2 3 17 18 34 90 99 110 16830
2 3 17 18 34 90 105 119 10710
2 3 17 18 34 90 105 126 10710
2 3 17 18 34 91 117 119 27846
2 3 17 18 34 91 117 126 27846
2 3 17 18 34 102 119 126 2142
2 3 17 18 35 36 60 119 21420
2 3 17 18 35 36 68 70 21420
2 3 17 18 35 36 68 105 21420
2 3 17 18 35 36 84 85 21420
2 3 17 18 35 40 72 119 42840
2 3 17 18 35 42 45 51 10710
2 3 17 18 35 42 45 85 10710
2 3 17 18 35 42 45 102 10710
2 3 17 18 35 42 45 119 10710
2 3 17 18 35 42 51 90 10710
2 3 17 18 35 42 63 85 10710
2 3 17 18 35 42 85 90 10710
2 3 17 18 35 42 85 126 10710
2 3 17 18 35 42 90 102 10710
2 3 17 18 35 42 90 119 10710
2 3 17 18 35 45 51 63 10710
2 3 17 18 35 45 51 70 10710
2 3 17 18 35 45 51 105 10710
2 3 17 18 35 45 51 119 10710
2 3 17 18 35 45 51 126 10710
2 3 17 18 35 45 63 85 10710
2 3 17 18 35 45 63 102 10710
2 3 17 18 35 45 63 119 10710
2 3 17 18 35 45 68 84 21420
2 3 17 18 35 45 70 85 10710
2 3 17 18 35 45 70 102 10710
2 3 17 18 35 45 70 119 10710
2 3 17 18 35 45 85 105 10710
2 3 17 18 35 45 85 119 10710
2 3 17 18 35 45 85 126 10710
2 3 17 18 35 45 90 119 10710
2 3 17 18 35 45 102 105 10710
2 3 17 18 35 45 102 119 10710
2 3 17 18 35 45 102 126 10710
2 3 17 18 35 45 105 119 10710
2 3 17 18 35 45 119 126 10710
2 3 17 18 35 51 63 70 10710
2 3 17 18 35 51 63 85 10710
2 3 17 18 35 51 63 90 10710
2 3 17 18 35 51 63 105 10710
2 3 17 18 35 51 70 90 10710
2 3 17 18 35 51 70 126 10710
2 3 17 18 35 51 85 126 10710
2 3 17 18 35 51 90 105 10710
2 3 17 18 35 51 90 119 10710
2 3 17 18 35 51 90 126 10710
2 3 17 18 35 51 105 126 10710
2 3 17 18 35 55 99 119 117810
2 3 17 18 35 56 72 85 42840
2 3 17 18 35 60 63 68 21420
2 3 17 18 35 60 68 126 21420
2 3 17 18 35 63 70 85 10710
2 3 17 18 35 63 70 102 10710
2 3 17 18 35 63 70 119 10710
2 3 17 18 35 63 85 90 10710
2 3 17 18 35 63 85 102 10710
2 3 17 18 35 63 85 105 10710
2 3 17 18 35 63 85 119 10710
2 3 17 18 35 63 85 126 10710
2 3 17 18 35 63 90 102 10710
2 3 17 18 35 63 90 119 10710
2 3 17 18 35 63 102 105 10710
2 3 17 18 35 63 105 119 10710
2 3 17 18 35 65 117 119 139230
2 3 17 18 35 68 84 90 21420
2 3 17 18 35 70 85 90 10710
2 3 17 18 35 70 85 126 10710
2 3 17 18 35 70 90 102 10710
2 3 17 18 35 70 90 119 10710
2 3 17 18 35 70 102 126 10710
2 3 17 18 35 70 119 126 10710
2 3 17 18 35 72 119 120 42840
2 3 17 18 35 77 85 99 117810
2 3 17 18 35 85 90 105 10710
2 3 17 18 35 85 90 119 10710
2 3 17 18 35 85 90 126 10710
2 3 17 18 35 85 91 117 139230
2 3 17 18 35 85 102 126 10710
2 3 17 18 35 85 105 126 10710
2 3 17 18 35 85 119 126 10710
2 3 17 18 35 90 102 105 10710
2 3 17 18 35 90 102 119 10710
2 3 17 18 35 90 102 126 10710
2 3 17 18 35 90 105 119 10710
2 3 17 18 35 90 119 126 10710
2 3 17 18 35 99 110 119 117810
2 3 17 18 35 102 105 126 10710
2 3 17 18 35 105 119 126 10710
2 3 17 18 36 37 68 74 22644
2 3 17 18 36 37 68 111 22644
2 3 17 18 36 38 51 76 11628
2 3 17 18 36 38 57 68 11628
2 3 17 18 36 38 68 76 11628
2 3 17 18 36 38 68 114 11628
2 3 17 18 36 38 76 102 11628
2 3 17 18 36 39 51 52 7956
2 3 17 18 36 39 52 68 7956
2 3 17 18 36 39 52 102 7956
2 3 17 18 36 39 68 78 7956
2 3 17 18 36 39 68 117 7956
2 3 17 18 36 40 51 120 6120
2 3 17 18 36 40 68 120 6120
2 3 17 18 36 40 72 85 6120
2 3 17 18 36 40 85 120 6120
2 3 17 18 36 40 102 120 6120
2 3 17 18 36 41 68 82 25092
2 3 17 18 36 41 68 123 25092
2 3 17 18 36 42 51 84 4284
2 3 17 18 36 42 63 68 4284
2 3 17 18 36 42 68 84 4284
2 3 17 18 36 42 68 119 4284
2 3 17 18 36 42 68 126 4284
2 3 17 18 36 42 84 102 4284
2 3 17 18 36 42 84 119 4284
2 3 17 18 36 43 68 86 26316
2 3 17 18 36 44 51 66 6732
2 3 17 18 36 44 51 99 6732
2 3 17 18 36 44 55 85 33660
2 3 17 18 36 44 66 68 6732
2 3 17 18 36 44 66 102 6732
2 3 17 18 36 44 68 99 6732
2 3 17 18 36 44 77 119 47124
2 3 17 18 36 44 85 110 33660
2 3 17 18 36 44 99 102 6732
2 3 17 18 36 45 51 60 3060
2 3 17 18 36 45 60 68 3060
2 3 17 18 36 45 60 85 3060
2 3 17 18 36 45 60 102 3060
2 3 17 18 36 45 68 85 3060
2 3 17 18 36 45 68 90 3060
2 3 17 18 36 46 51 92 14076
2 3 17 18 36 46 68 69 14076
2 3 17 18 36 46 68 92 14076
2 3 17 18 36 46 92 102 14076
2 3 17 18 36 47 68 94 28764
2 3 17 18 36 48 80 85 12240
2 3 17 18 36 48 112 119 17136
2 3 17 18 36 49 68 98 29988
2 3 17 18 36 50 51 100 15300
2 3 17 18 36 50 68 75 15300
2 3 17 18 36 50 68 100 15300
2 3 17 18 36 50 85 100 15300
2 3 17 18 36 50 100 102 15300
2 3 17 18 36 51 52 78 7956
2 3 17 18 36 51 52 117 7956
2 3 17 18 36 51 54 108 1836
2 3 17 18 36 51 57 76 11628
2 3 17 18 36 51 58 116 17748
2 3 17 18 36 51 60 85 3060
2 3 17 18 36 51 60 90 3060
2 3 17 18 36 51 62 124 18972
2 3 17 18 36 51 63 84 4284
2 3 17 18 36 51 68 102 612
2 3 17 18 36 51 69 92 14076
2 3 17 18 36 51 75 100 15300
2 3 17 18 36 51 76 114 11628
2 3 17 18 36 51 84 119 4284
2 3 17 18 36 51 84 126 4284
2 3 17 18 36 51 87 116 17748
2 3 17 18 36 51 93 124 18972
2 3 17 18 36 52 65 85 39780
2 3 17 18 36 52 68 78 7956
2 3 17 18 36 52 68 117 7956
2 3 17 18 36 52 78 102 7956
2 3 17 18 36 52 91 119 55692
2 3 17 18 36 52 102 117 7956
2 3 17 18 36 53 68 106 32436
2 3 17 18 36 54 68 108 1836
2 3 17 18 36 54 102 108 1836
2 3 17 18 36 55 68 110 33660
2 3 17 18 36 56 72 119 8568
2 3 17 18 36 57 68 76 11628
2 3 17 18 36 57 68 114 11628
2 3 17 18 36 57 76 102 11628
2 3 17 18 36 58 68 87 17748
2 3 17 18 36 58 68 116 17748
2 3 17 18 36 58 102 116 17748
2 3 17 18 36 59 68 118 36108
2 3 17 18 36 60 68 85 3060
2 3 17 18 36 60 68 90 3060
2 3 17 18 36 60 70 119 21420
2 3 17 18 36 60 85 90 3060
2 3 17 18 36 60 85 102 3060
2 3 17 18 36 60 90 102 3060
2 3 17 18 36 60 105 119 21420
2 3 17 18 36 61 68 122 37332
2 3 17 18 36 62 68 93 18972
2 3 17 18 36 62 68 124 18972
2 3 17 18 36 62 102 124 18972
2 3 17 18 36 63 68 84 4284
2 3 17 18 36 63 68 119 4284
2 3 17 18 36 63 68 126 4284
2 3 17 18 36 63 84 102 4284
2 3 17 18 36 63 84 119 4284
2 3 17 18 36 66 68 99 6732
2 3 17 18 36 68 69 92 14076
2 3 17 18 36 68 70 105 21420
2 3 17 18 36 68 74 111 22644
2 3 17 18 36 68 75 100 15300
2 3 17 18 36 68 76 114 11628
2 3 17 18 36 68 78 117 7956
2 3 17 18 36 68 82 123 25092
2 3 17 18 36 68 84 119 4284
2 3 17 18 36 68 84 126 4284
2 3 17 18 36 68 85 90 3060
2 3 17 18 36 68 87 116 17748
2 3 17 18 36 68 93 124 18972
2 3 17 18 36 68 119 126 4284
2 3 17 18 36 69 92 102 14076
2 3 17 18 36 70 84 85 21420
2 3 17 18 36 72 85 120 6120
2 3 17 18 36 75 85 100 15300
2 3 17 18 36 75 100 102 15300
2 3 17 18 36 76 85 95 58140
2 3 17 18 36 76 102 114 11628
2 3 17 18 36 84 85 105 21420
2 3 17 18 36 84 102 119 4284
2 3 17 18 36 84 102 126 4284
2 3 17 18 36 84 119 126 4284
2 3 17 18 36 85 92 115 70380
2 3 17 18 36 87 102 116 17748
2 3 17 18 36 93 102 124 18972
2 3 17 18 37 45 74 85 56610
2 3 17 18 37 45 85 111 56610
2 3 17 18 37 63 74 119 79254
2 3 17 18 37 63 111 119 79254
2 3 17 18 37 74 85 90 56610
2 3 17 18 37 74 119 126 79254
2 3 17 18 37 85 90 111 56610
2 3 17 18 37 111 119 126 79254
2 3 17 18 38 45 51 95 29070
2 3 17 18 38 45 57 85 29070
2 3 17 18 38 45 85 95 29070
2 3 17 18 38 45 85 114 29070
2 3 17 18 38 45 95 102 29070
2 3 17 18 38 51 90 95 29070
2 3 17 18 38 57 63 119 40698
2 3 17 18 38 57 85 90 29070
2 3 17 18 38 57 119 126 40698
2 3 17 18 38 63 114 119 40698
2 3 17 18 38 85 90 95 29070
2 3 17 18 38 85 90 114 29070
2 3 17 18 38 90 95 102 29070
2 3 17 18 39 42 117 119 27846
2 3 17 18 39 45 51 65 19890
2 3 17 18 39 45 65 85 19890
2 3 17 18 39 45 65 102 19890
2 3 17 18 39 45 78 85 19890
2 3 17 18 39 45 85 117 19890
2 3 17 18 39 51 63 91 27846
2 3 17 18 39 51 65 90 19890
2 3 17 18 39 51 72 104 15912
2 3 17 18 39 51 78 117 3978
2 3 17 18 39 51 91 126 27846
2 3 17 18 39 51 102 117 3978
2 3 17 18 39 52 68 117 7956
2 3 17 18 39 63 78 119 27846
2 3 17 18 39 63 91 102 27846
2 3 17 18 39 63 91 119 27846
2 3 17 18 39 63 117 119 27846
2 3 17 18 39 65 85 90 19890
2 3 17 18 39 65 85 117 19890
2 3 17 18 39 65 90 102 19890
2 3 17 18 39 68 72 104 15912
2 3 17 18 39 72 102 104 15912
2 3 17 18 39 78 85 90 19890
2 3 17 18 39 78 102 117 3978
2 3 17 18 39 78 119 126 27846
2 3 17 18 39 85 90 117 19890
2 3 17 18 39 91 102 126 27846
2 3 17 18 39 91 117 119 27846
2 3 17 18 39 91 119 126 27846
2 3 17 18 40 45 51 72 6120
2 3 17 18 40 45 51 120 6120
2 3 17 18 40 45 56 119 42840
2 3 17 18 40 45 68 72 6120
2 3 17 18 40 45 68 120 6120
2 3 17 18 40 45 72 85 6120
2 3 17 18 40 45 72 102 6120
2 3 17 18 40 45 85 120 6120
2 3 17 18 40 45 102 120 6120
2 3 17 18 40 51 60 72 6120
2 3 17 18 40 51 72 85 6120
2 3 17 18 40 51 72 90 6120
2 3 17 18 40 51 72 120 6120
2 3 17 18 40 51 90 120 6120
2 3 17 18 40 56 63 85 42840
2 3 17 18 40 56 85 126 42840
2 3 17 18 40 56 90 119 42840
2 3 17 18 40 60 68 72 6120
2 3 17 18 40 60 72 85 6120
2 3 17 18 40 60 72 102 6120
2 3 17 18 40 63 119 120 42840
2 3 17 18 40 68 72 85 6120
2 3 17 18 40 68 72 90 6120
2 3 17 18 40 68 72 120 6120
2 3 17 18 40 68 90 120 6120
2 3 17 18 40 70 72 119 42840
2 3 17 18 40 72 85 90 6120
2 3 17 18 40 72 85 102 6120
2 3 17 18 40 72 85 120 6120
2 3 17 18 40 72 90 102 6120
2 3 17 18 40 72 102 120 6120
2 3 17 18 40 72 105 119 42840
2 3 17 18 40 85 88 99 67320
2 3 17 18 40 85 90 120 6120
2 3 17 18 40 85 104 117 79560
2 3 17 18 40 90 102 120 6120
2 3 17 18 41 45 82 85 62730
2 3 17 18 41 45 85 123 62730
2 3 17 18 41 63 82 119 87822
2 3 17 18 41 63 119 123 87822
2 3 17 18 41 82 85 90 62730
2 3 17 18 41 82 119 126 87822
2 3 17 18 41 85 90 123 62730
2 3 17 18 42 45 51 70 10710
2 3 17 18 42 45 51 105 10710
2 3 17 18 42 45 63 85 10710
2 3 17 18 42 45 70 85 10710
2 3 17 18 42 45 70 102 10710
2 3 17 18 42 45 70 119 10710
2 3 17 18 42 45 85 105 10710
2 3 17 18 42 45 85 119 10710
2 3 17 18 42 45 85 126 10710
2 3 17 18 42 45 90 119 10710
2 3 17 18 42 45 102 105 10710
2 3 17 18 42 45 105 119 10710
2 3 17 18 42 51 56 72 8568
2 3 17 18 42 51 63 102 2142
2 3 17 18 42 51 63 119 2142
2 3 17 18 42 51 63 126 2142
2 3 17 18 42 51 70 90 10710
2 3 17 18 42 51 77 99 23562
2 3 17 18 42 51 90 105 10710
2 3 17 18 42 51 91 117 27846
2 3 17 18 42 51 102 126 2142
2 3 17 18 42 51 119 126 2142
2 3 17 18 42 56 68 72 8568
2 3 17 18 42 56 72 102 8568
2 3 17 18 42 56 72 119 8568
2 3 17 18 42 63 68 84 4284
2 3 17 18 42 63 70 85 10710
2 3 17 18 42 63 85 90 10710
2 3 17 18 42 63 85 105 10710
2 3 17 18 42 63 102 119 2142
2 3 17 18 42 63 102 126 2142
2 3 17 18 42 63 119 126 2142
2 3 17 18 42 66 99 119 23562
2 3 17 18 42 68 84 126 4284
2 3 17 18 42 70 85 90 10710
2 3 17 18 42 70 85 126 10710
2 3 17 18 42 70 90 102 10710
2 3 17 18 42 70 90 119 10710
2 3 17 18 42 77 99 102 23562
2 3 17 18 42 77 99 119 23562
2 3 17 18 42 78 117 119 27846
2 3 17 18 42 85 90 105 10710
2 3 17 18 42 85 90 119 10710
2 3 17 18 42 85 90 126 10710
2 3 17 18 42 85 105 126 10710
2 3 17 18 42 90 102 105 10710
2 3 17 18 42 90 105 119 10710
2 3 17 18 42 91 102 117 27846
2 3 17 18 43 45 85 86 65790
2 3 17 18 43 63 86 119 92106
2 3 17 18 43 85 86 90 65790
2 3 17 18 44 45 55 68 33660
2 3 17 18 44 45 68 110 33660
2 3 17 18 44 51 68 99 6732
2 3 17 18 44 51 72 88 13464
2 3 17 18 44 55 68 90 33660
2 3 17 18 44 60 85 99 33660
2 3 17 18 44 63 68 77 47124
2 3 17 18 44 66 68 99 6732
2 3 17 18 44 68 72 88 13464
2 3 17 18 44 68 77 126 47124
2 3 17 18 44 68 90 110 33660
2 3 17 18 44 68 99 102 6732
2 3 17 18 44 72 88 102 13464
2 3 17 18 44 84 99 119 47124
2 3 17 18 45 46 51 115 35190
2 3 17 18 45 46 69 85 35190
2 3 17 18 45 46 85 115 35190
2 3 17 18 45 46 102 115 35190
2 3 17 18 45 47 85 94 71910
2 3 17 18 45 48 51 80 12240
2 3 17 18 45 48 68 80 12240
2 3 17 18 45 48 80 85 12240
2 3 17 18 45 48 80 102 12240
2 3 17 18 45 49 85 98 74970
2 3 17 18 45 50 51 75 7650
2 3 17 18 45 50 68 100 15300
2 3 17 18 45 50 75 85 7650
2 3 17 18 45 50 75 102 7650
2 3 17 18 45 51 55 66 16830
2 3 17 18 45 51 55 99 16830
2 3 17 18 45 51 55 110 16830
2 3 17 18 45 51 57 95 29070
2 3 17 18 45 51 60 68 3060
2 3 17 18 45 51 63 70 10710
2 3 17 18 45 51 63 105 10710
2 3 17 18 45 51 65 78 19890
2 3 17 18 45 51 65 117 19890
2 3 17 18 45 51 66 110 16830
2 3 17 18 45 51 69 115 35190
2 3 17 18 45 51 70 105 10710
2 3 17 18 45 51 70 119 10710
2 3 17 18 45 51 70 126 10710
2 3 17 18 45 51 72 120 6120
2 3 17 18 45 51 85 90 1530
2 3 17 18 45 51 85 102 1530
2 3 17 18 45 51 90 102 1530
2 3 17 18 45 51 95 114 29070
2 3 17 18 45 51 99 110 16830
2 3 17 18 45 51 105 119 10710
2 3 17 18 45 51 105 126 10710
2 3 17 18 45 52 65 68 39780
2 3 17 18 45 53 85 106 81090
2 3 17 18 45 55 66 85 16830
2 3 17 18 45 55 66 102 16830
2 3 17 18 45 55 77 119 117810
2 3 17 18 45 55 85 99 16830
2 3 17 18 45 55 85 110 16830
2 3 17 18 45 55 99 102 16830
2 3 17 18 45 55 102 110 16830
2 3 17 18 45 56 119 120 42840
2 3 17 18 45 57 85 95 29070
2 3 17 18 45 57 85 114 29070
2 3 17 18 45 57 95 102 29070
2 3 17 18 45 58 85 87 44370
2 3 17 18 45 59 85 118 90270
2 3 17 18 45 60 68 85 3060
2 3 17 18 45 60 68 90 3060
2 3 17 18 45 60 68 102 3060
2 3 17 18 45 60 84 119 21420
2 3 17 18 45 61 85 122 93330
2 3 17 18 45 62 85 93 47430
2 3 17 18 45 63 70 85 10710
2 3 17 18 45 63 70 102 10710
2 3 17 18 45 63 70 119 10710
2 3 17 18 45 63 85 105 10710
2 3 17 18 45 63 85 119 10710
2 3 17 18 45 63 85 126 10710
2 3 17 18 45 63 90 119 10710
2 3 17 18 45 63 102 105 10710
2 3 17 18 45 63 105 119 10710
2 3 17 18 45 65 78 85 19890
2 3 17 18 45 65 78 102 19890
2 3 17 18 45 65 85 117 19890
2 3 17 18 45 65 91 119 139230
2 3 17 18 45 65 102 117 19890
2 3 17 18 45 66 85 99 16830
2 3 17 18 45 66 85 110 16830
2 3 17 18 45 66 102 110 16830
2 3 17 18 45 68 70 84 21420
2 3 17 18 45 68 72 120 6120
2 3 17 18 45 68 75 100 15300
2 3 17 18 45 68 76 95 58140
2 3 17 18 45 68 84 105 21420
2 3 17 18 45 68 92 115 70380
2 3 17 18 45 69 85 115 35190
2 3 17 18 45 69 102 115 35190
2 3 17 18 45 70 85 105 10710
2 3 17 18 45 70 85 119 10710
2 3 17 18 45 70 85 126 10710
2 3 17 18 45 70 90 119 10710
2 3 17 18 45 70 102 105 10710
2 3 17 18 45 70 102 119 10710
2 3 17 18 45 70 102 126 10710
2 3 17 18 45 70 105 119 10710
2 3 17 18 45 70 119 126 10710
2 3 17 18 45 72 85 120 6120
2 3 17 18 45 72 102 120 6120
2 3 17 18 45 74 85 111 56610
2 3 17 18 45 77 110 119 117810
2 3 17 18 45 78 85 117 19890
2 3 17 18 45 82 85 123 62730
2 3 17 18 45 85 90 102 1530
2 3 17 18 45 85 95 114 29070
2 3 17 18 45 85 99 110 16830
2 3 17 18 46 51 90 115 35190
2 3 17 18 46 63 69 119 49266
2 3 17 18 46 69 85 90 35190
2 3 17 18 46 69 119 126 49266
2 3 17 18 46 85 90 115 35190
2 3 17 18 47 63 94 119 100674
2 3 17 18 47 85 90 94 71910
2 3 17 18 48 51 63 112 17136
2 3 17 18 48 51 80 90 12240
2 3 17 18 48 51 112 126 17136
2 3 17 18 48 63 68 112 17136
2 3 17 18 48 63 102 112 17136
2 3 17 18 48 63 112 119 17136
2 3 17 18 48 68 80 90 12240
2 3 17 18 48 68 112 126 17136
2 3 17 18 48 72 80 85 12240
2 3 17 18 48 80 85 90 12240
2 3 17 18 48 80 90 102 12240
2 3 17 18 49 51 63 98 14994
2 3 17 18 49 51 98 126 14994
2 3 17 18 49 63 98 102 14994
2 3 17 18 49 63 98 119 14994
2 3 17 18 49 85 90 98 74970
2 3 17 18 50 51 75 90 7650
2 3 17 18 50 63 75 119 53550
2 3 17 18 50 68 90 100 15300
2 3 17 18 50 75 85 90 7650
2 3 17 18 50 75 90 102 7650
2 3 17 18 51 52 68 117 7956
2 3 17 18 51 52 72 104 15912
2 3 17 18 51 54 68 108 1836
2 3 17 18 51 55 66 90 16830
2 3 17 18 51 55 85 99 16830
2 3 17 18 51 55 90 99 16830
2 3 17 18 51 55 90 110 16830
2 3 17 18 51 55 99 110 16830
2 3 17 18 51 56 63 72 8568
2 3 17 18 51 56 72 84 8568
2 3 17 18 51 56 72 119 8568
2 3 17 18 51 56 72 126 8568
2 3 17 18 51 57 90 95 29070
2 3 17 18 51 60 68 90 3060
2 3 17 18 51 60 72 120 6120
2 3 17 18 51 63 66 77 23562
2 3 17 18 51 63 68 84 4284
2 3 17 18 51 63 70 85 10710
2 3 17 18 51 63 70 90 10710
2 3 17 18 51 63 70 105 10710
2 3 17 18 51 63 77 99 23562
2 3 17 18 51 63 78 91 27846
2 3 17 18 51 63 85 105 10710
2 3 17 18 51 63 90 105 10710
2 3 17 18 51 63 91 117 27846
2 3 17 18 51 63 102 119 2142
2 3 17 18 51 63 102 126 2142
2 3 17 18 51 65 78 90 19890
2 3 17 18 51 65 85 117 19890
2 3 17 18 51 65 90 117 19890
2 3 17 18 51 66 72 88 13464
2 3 17 18 51 66 77 126 23562
2 3 17 18 51 66 90 110 16830
2 3 17 18 51 66 99 102 3366
2 3 17 18 51 68 84 126 4284
2 3 17 18 51 69 90 115 35190
2 3 17 18 51 70 85 126 10710
2 3 17 18 51 70 90 105 10710
2 3 17 18 51 70 90 119 10710
2 3 17 18 51 70 90 126 10710
2 3 17 18 51 72 78 104 15912
2 3 17 18 51 72 85 120 6120
2 3 17 18 51 72 88 99 13464
2 3 17 18 51 72 90 120 6120
2 3 17 18 52 60 85 117 39780
2 3 17 18 52 63 68 91 55692
2 3 17 18 52 65 68 90 39780
2 3 17 18 52 68 72 104 15912
2 3 17 18 52 68 78 117 7956
2 3 17 18 52 68 91 126 55692
2 3 17 18 52 72 102 104 15912
2 3 17 18 53 63 106 119 113526
2 3 17 18 54 60 85 108 9180
2 3 17 18 55 60 68 99 33660
2 3 17 18 55 63 77 85 117810
2 3 17 18 55 66 85 90 16830
2 3 17 18 55 66 85 99 16830
2 3 17 18 55 66 90 102 16830
2 3 17 18 55 72 85 88 67320
2 3 17 18 56 63 68 72 8568
2 3 17 18 56 63 72 102 8568
2 3 17 18 56 63 72 119 8568
2 3 17 18 56 63 85 120 42840
2 3 17 18 56 68 72 84 8568
2 3 17 18 56 68 72 119 8568
2 3 17 18 56 68 72 126 8568
2 3 17 18 56 70 72 85 42840
2 3 17 18 56 72 84 102 8568
2 3 17 18 56 72 85 105 42840
2 3 17 18 58 63 87 119 62118
2 3 17 18 60 63 68 70 21420
2 3 17 18 60 63 68 105 21420
2 3 17 18 60 63 84 85 21420
2 3 17 18 60 65 68 117 39780
2 3 17 18 60 68 70 126 21420
2 3 17 18 60 68 72 120 6120
2 3 17 18 60 68 85 90 3060
2 3 17 18 63 65 85 91 139230
2 3 17 18 63 66 77 102 23562
2 3 17 18 63 66 77 119 23562
2 3 17 18 63 70 85 90 10710
2 3 17 18 66 68 72 88 13464
2 3 17 19 20 30 34 76 19380
2 3 17 19 20 30 38 68 19380
2 3 17 19 20 30 51 76 19380
2 3 17 19 20 30 57 68 19380
2 3 17 19 20 30 68 76 19380
2 3 17 19 20 30 68 95 19380
2 3 17 19 20 30 68 114 19380
2 3 17 19 20 30 76 85 19380
2 3 17 19 20 30 76 102 19380
2 3 17 19 20 34 38 60 19380
2 3 17 19 20 34 57 60 19380
2 3 17 19 20 34 60 76 19380
2 3 17 19 20 34 60 95 19380
2 3 17 19 20 34 60 114 19380
2 3 17 19 20 38 51 60 19380
2 3 17 19 20 38 60 68 19380
2 3 17 19 20 38 60 85 19380
2 3 17 19 20 38 60 102 19380
2 3 17 19 20 51 57 60 19380
2 3 17 19 20 51 60 76 19380
2 3 17 19 20 51 60 95 19380
2 3 17 19 20 51 60 114 19380
2 3 17 19 20 51 68 95 19380
2 3 17 19 20 51 76 85 19380
2 3 17 19 20 51 76 95 19380
2 3 17 19 20 57 60 68 19380
2 3 17 19 20 57 60 85 19380
2 3 17 19 20 57 60 102 19380
2 3 17 19 20 57 68 85 19380
2 3 17 19 20 57 68 95 19380
2 3 17 19 20 57 76 85 19380
2 3 17 19 20 60 68 76 19380
2 3 17 19 20 60 68 95 19380
2 3 17 19 20 60 68 114 19380
2 3 17 19 20 60 76 85 19380
2 3 17 19 20 60 76 102 19380
2 3 17 19 20 60 85 95 19380
2 3 17 19 20 60 85 114 19380
2 3 17 19 20 60 95 102 19380
2 3 17 19 20 60 102 114 19380
2 3 17 19 20 68 85 114 19380
2 3 17 19 20 68 95 102 19380
2 3 17 19 20 68 95 114 19380
2 3 17 19 20 76 85 102 19380
2 3 17 19 20 76 85 114 19380
2 3 17 19 20 76 95 102 19380
2 3 17 19 20 76 105 119 135660
2 3 17 19 20 84 95 119 135660
2 3 17 19 21 28 34 76 27132
2 3 17 19 21 28 38 68 27132
2 3 17 19 21 28 51 76 27132
2 3 17 19 21 28 57 68 27132
2 3 17 19 21 28 68 76 27132
2 3 17 19 21 28 68 114 27132
2 3 17 19 21 28 76 102 27132
2 3 17 19 21 28 76 119 27132
2 3 17 19 21 30 95 119 67830
2 3 17 19 21 34 35 95 67830
2 3 17 19 21 34 38 42 13566
2 3 17 19 21 34 38 119 13566
2 3 17 19 21 34 42 57 13566
2 3 17 19 21 34 42 114 13566
2 3 17 19 21 34 57 119 13566
2 3 17 19 21 34 70 95 67830
2 3 17 19 21 34 76 84 27132
2 3 17 19 21 34 95 105 67830
2 3 17 19 21 34 114 119 13566
2 3 17 19 21 35 38 85 67830
2 3 17 19 21 35 85 114 67830
2 3 17 19 21 35 95 102 67830
2 3 17 19 21 38 42 51 13566
2 3 17 19 21 38 42 102 13566
2 3 17 19 21 38 42 119 13566
2 3 17 19 21 38 51 119 13566
2 3 17 19 21 38 57 119 13566
2 3 17 19 21 38 68 84 27132
2 3 17 19 21 38 70 85 67830
2 3 17 19 21 38 85 105 67830
2 3 17 19 21 38 102 119 13566
2 3 17 19 21 38 114 119 13566
2 3 17 19 21 42 51 57 13566
2 3 17 19 21 42 51 114 13566
2 3 17 19 21 42 57 102 13566
2 3 17 19 21 42 57 119 13566
2 3 17 19 21 42 68 76 27132
2 3 17 19 21 42 85 95 67830
2 3 17 19 21 42 102 114 13566
2 3 17 19 21 42 114 119 13566
2 3 17 19 21 51 70 95 67830
2 3 17 19 21 51 76 84 27132
2 3 17 19 21 51 114 119 13566
2 3 17 19 21 57 68 84 27132
2 3 17 19 21 57 70 85 67830
2 3 17 19 21 57 102 119 13566
2 3 17 19 21 57 114 119 13566
2 3 17 19 21 68 76 84 27132
2 3 17 19 21 68 76 119 27132
2 3 17 19 21 68 84 114 27132
2 3 17 19 21 70 85 95 67830
2 3 17 19 21 70 85 114 67830
2 3 17 19 21 70 95 102 67830
2 3 17 19 21 70 95 119 67830
2 3 17 19 21 76 84 102 27132
2 3 17 19 21 76 84 119 27132
2 3 17 19 21 85 105 114 67830
2 3 17 19 21 95 102 105 67830
2 3 17 19 21 102 114 119 13566
2 3 17 19 22 33 34 38 21318
2 3 17 19 22 33 34 57 21318
2 3 17 19 22 33 34 114 21318
2 3 17 19 22 33 38 51 21318
2 3 17 19 22 33 38 102 21318
2 3 17 19 22 33 51 57 21318
2 3 17 19 22 33 51 114 21318
2 3 17 19 22 33 57 102 21318
2 3 17 19 22 33 68 76 42636
2 3 17 19 22 33 85 95 106590
2 3 17 19 22 33 102 114 21318
2 3 17 19 22 34 38 66 21318
2 3 17 19 22 34 57 66 21318
2 3 17 19 22 34 66 114 21318
2 3 17 19 22 38 51 66 21318
2 3 17 19 22 38 66 102 21318
2 3 17 19 22 44 51 76 42636
2 3 17 19 22 44 57 68 42636
2 3 17 19 22 44 68 114 42636
2 3 17 19 22 44 76 102 42636
2 3 17 19 22 51 55 95 106590
2 3 17 19 22 51 57 66 21318
2 3 17 19 22 51 66 114 21318
2 3 17 19 22 51 95 110 106590
2 3 17 19 22 55 57 85 106590
2 3 17 19 22 55 85 114 106590
2 3 17 19 22 55 95 102 106590
2 3 17 19 22 57 66 102 21318
2 3 17 19 22 57 77 119 149226
2 3 17 19 22 57 85 110 106590
2 3 17 19 22 66 68 76 42636
2 3 17 19 22 66 85 95 106590
2 3 17 19 22 66 102 114 21318
2 3 17 19 22 77 114 119 149226
2 3 17 19 22 85 110 114 106590
2 3 17 19 22 95 102 110 106590
2 3 17 19 23 34 38 69 44574
2 3 17 19 23 34 46 57 44574
2 3 17 19 23 34 46 114 44574
2 3 17 19 23 34 57 69 44574
2 3 17 19 23 34 69 114 44574
2 3 17 19 23 38 46 51 44574
2 3 17 19 23 38 46 102 44574
2 3 17 19 23 38 51 69 44574
2 3 17 19 23 38 69 102 44574
2 3 17 19 23 46 51 57 44574
2 3 17 19 23 46 51 114 44574
2 3 17 19 23 46 57 102 44574
2 3 17 19 23 46 102 114 44574
2 3 17 19 23 51 69 114 44574
2 3 17 19 23 51 76 92 89148
2 3 17 19 23 57 68 92 89148
2 3 17 19 23 57 69 102 44574
2 3 17 19 23 68 69 76 89148
2 3 17 19 23 68 92 114 89148
2 3 17 19 23 69 102 114 44574
2 3 17 19 23 76 92 102 89148
2 3 17 19 23 85 114 115 222870
2 3 17 19 23 95 102 115 222870
2 3 17 19 24 34 40 95 38760
2 3 17 19 24 34 95 120 38760
2 3 17 19 24 38 40 85 38760
2 3 17 19 24 38 56 119 54264
2 3 17 19 24 38 85 120 38760
2 3 17 19 24 40 51 95 38760
2 3 17 19 24 40 57 85 38760
2 3 17 19 24 40 68 95 38760
2 3 17 19 24 40 76 85 38760
2 3 17 19 24 40 85 95 38760
2 3 17 19 24 40 85 114 38760
2 3 17 19 24 40 95 102 38760
2 3 17 19 24 51 95 120 38760
2 3 17 19 24 56 57 119 54264
2 3 17 19 24 56 76 119 54264
2 3 17 19 24 56 114 119 54264
2 3 17 19 24 57 85 120 38760
2 3 17 19 24 68 95 120 38760
2 3 17 19 24 76 85 120 38760
2 3 17 19 24 85 95 120 38760
2 3 17 19 24 85 114 120 38760
2 3 17 19 24 95 102 120 38760
2 3 17 19 25 34 38 75 48450
2 3 17 19 25 34 50 57 48450
2 3 17 19 25 34 50 114 48450
2 3 17 19 25 34 57 75 48450
2 3 17 19 25 34 75 95 48450
2 3 17 19 25 34 75 114 48450
2 3 17 19 25 38 50 51 48450
2 3 17 19 25 38 50 102 48450
2 3 17 19 25 38 51 75 48450
2 3 17 19 25 38 75 85 48450
2 3 17 19 25 38 75 102 48450
2 3 17 19 25 50 51 57 48450
2 3 17 19 25 50 51 95 48450
2 3 17 19 25 50 51 114 48450
2 3 17 19 25 50 57 85 48450
2 3 17 19 25 50 57 102 48450
2 3 17 19 25 50 85 114 48450
2 3 17 19 25 50 95 102 48450
2 3 17 19 25 50 102 114 48450
2 3 17 19 25 51 75 114 48450
2 3 17 19 25 51 76 100 96900
2 3 17 19 25 57 68 100 96900
2 3 17 19 25 57 75 102 48450
2 3 17 19 25 68 75 76 96900
2 3 17 19 25 68 100 114 96900
2 3 17 19 25 75 85 114 48450
2 3 17 19 25 75 95 102 48450
2 3 17 19 25 75 102 114 48450
2 3 17 19 25 76 100 102 96900
2 3 17 19 26 34 38 39 25194
2 3 17 19 26 34 38 78 25194
2 3 17 19 26 34 39 57 25194
2 3 17 19 26 34 39 114 25194
2 3 17 19 26 34 57 78 25194
2 3 17 19 26 34 78 114 25194
2 3 17 19 26 38 39 51 25194
2 3 17 19 26 38 39 102 25194
2 3 17 19 26 38 51 78 25194
2 3 17 19 26 38 78 102 25194
2 3 17 19 26 39 51 57 25194
2 3 17 19 26 39 51 114 25194
2 3 17 19 26 39 57 102 25194
2 3 17 19 26 39 68 76 50388
2 3 17 19 26 39 85 95 125970
2 3 17 19 26 39 102 114 25194
2 3 17 19 26 51 52 76 50388
2 3 17 19 26 51 57 78 25194
2 3 17 19 26 51 65 95 125970
2 3 17 19 26 51 78 114 25194
2 3 17 19 26 52 57 68 50388
2 3 17 19 26 52 68 114 50388
2 3 17 19 26 52 76 102 50388
2 3 17 19 26 57 65 85 125970
2 3 17 19 26 57 78 102 25194
2 3 17 19 26 57 91 119 176358
2 3 17 19 26 65 85 114 125970
2 3 17 19 26 65 95 102 125970
2 3 17 19 26 68 76 78 50388
2 3 17 19 26 78 85 95 125970
2 3 17 19 26 78 102 114 25194
2 3 17 19 26 91 114 119 176358
2 3 17 19 27 34 38 54 17442
2 3 17 19 27 34 54 57 17442
2 3 17 19 27 34 54 114 17442
2 3 17 19 27 34 76 108 34884
2 3 17 19 27 38 51 54 17442
2 3 17 19 27 38 54 102 17442
2 3 17 19 27 38 68 108 34884
2 3 17 19 27 51 54 57 17442
2 3 17 19 27 51 54 114 17442
2 3 17 19 27 51 76 108 34884
2 3 17 19 27 54 57 102 17442
2 3 17 19 27 54 68 76 34884
2 3 17 19 27 54 85 95 87210
2 3 17 19 27 54 102 114 17442
2 3 17 19 27 57 68 108 34884
2 3 17 19 27 68 76 108 34884
2 3 17 19 27 68 108 114 34884
2 3 17 19 27 76 102 108 34884
2 3 17 19 28 34 38 84 27132
2 3 17 19 28 34 42 76 27132
2 3 17 19 28 34 57 84 27132
2 3 17 19 28 34 76 84 27132
2 3 17 19 28 34 84 114 27132
2 3 17 19 28 38 42 68 27132
2 3 17 19 28 38 51 84 27132
2 3 17 19 28 38 68 84 27132
2 3 17 19 28 38 84 102 27132
2 3 17 19 28 38 84 119 27132
2 3 17 19 28 42 51 76 27132
2 3 17 19 28 42 57 68 27132
2 3 17 19 28 42 68 76 27132
2 3 17 19 28 42 68 114 27132
2 3 17 19 28 42 76 102 27132
2 3 17 19 28 42 76 119 27132
2 3 17 19 28 51 57 84 27132
2 3 17 19 28 51 76 84 27132
2 3 17 19 28 51 76 119 27132
2 3 17 19 28 51 84 114 27132
2 3 17 19 28 57 68 84 27132
2 3 17 19 28 57 68 119 27132
2 3 17 19 28 57 76 119 27132
2 3 17 19 28 57 84 102 27132
2 3 17 19 28 57 84 119 27132
2 3 17 19 28 60 95 119 135660
2 3 17 19 28 68 76 84 27132
2 3 17 19 28 68 84 114 27132
2 3 17 19 28 68 95 105 135660
2 3 17 19 28 68 114 119 27132
2 3 17 19 28 76 84 102 27132
2 3 17 19 28 76 84 119 27132
2 3 17 19 28 76 85 105 135660
2 3 17 19 28 76 102 119 27132
2 3 17 19 28 76 114 119 27132
2 3 17 19 28 84 85 95 135660
2 3 17 19 28 84 102 114 27132
2 3 17 19 28 84 114 119 27132
2 3 17 19 29 34 38 87 56202
2 3 17 19 29 34 57 58 56202
2 3 17 19 29 34 57 87 56202
2 3 17 19 29 34 58 114 56202
2 3 17 19 29 34 87 114 56202
2 3 17 19 29 38 51 58 56202
2 3 17 19 29 38 51 87 56202
2 3 17 19 29 38 58 102 56202
2 3 17 19 29 38 87 102 56202
2 3 17 19 29 51 57 58 56202
2 3 17 19 29 51 58 114 56202
2 3 17 19 29 51 76 116 112404
2 3 17 19 29 51 87 114 56202
2 3 17 19 29 57 58 102 56202
2 3 17 19 29 57 68 116 112404
2 3 17 19 29 57 87 102 56202
2 3 17 19 29 58 102 114 56202
2 3 17 19 29 68 76 87 112404
2 3 17 19 29 68 114 116 112404
2 3 17 19 29 76 102 116 112404
2 3 17 19 29 87 102 114 56202
2 3 17 19 30 34 38 85 9690
2 3 17 19 30 34 38 95 9690
2 3 17 19 30 34 51 95 9690
2 3 17 19 30 34 57 85 9690
2 3 17 19 30 34 57 95 9690
2 3 17 19 30 34 60 76 19380
2 3 17 19 30 34 85 95 9690
2 3 17 19 30 34 85 114 9690
2 3 17 19 30 34 95 102 9690
2 3 17 19 30 34 95 114 9690
2 3 17 19 30 35 38 119 67830
2 3 17 19 30 35 57 119 67830
2 3 17 19 30 35 95 119 67830
2 3 17 19 30 35 114 119 67830
2 3 17 19 30 38 51 85 9690
2 3 17 19 30 38 51 95 9690
2 3 17 19 30 38 57 85 9690
2 3 17 19 30 38 60 68 19380
2 3 17 19 30 38 70 119 67830
2 3 17 19 30 38 85 95 9690
2 3 17 19 30 38 85 102 9690
2 3 17 19 30 38 85 114 9690
2 3 17 19 30 38 95 102 9690
2 3 17 19 30 38 105 119 67830
2 3 17 19 30 42 95 119 67830
2 3 17 19 30 51 57 85 9690
2 3 17 19 30 51 57 95 9690
2 3 17 19 30 51 60 76 19380
2 3 17 19 30 51 85 95 9690
2 3 17 19 30 51 85 114 9690
2 3 17 19 30 51 95 102 9690
2 3 17 19 30 51 95 114 9690
2 3 17 19 30 57 60 68 19380
2 3 17 19 30 57 70 119 67830
2 3 17 19 30 57 85 95 9690
2 3 17 19 30 57 85 102 9690
2 3 17 19 30 57 85 114 9690
2 3 17 19 30 57 95 102 9690
2 3 17 19 30 57 105 119 67830
2 3 17 19 30 60 68 76 19380
2 3 17 19 30 60 68 95 19380
2 3 17 19 30 60 68 114 19380
2 3 17 19 30 60 76 85 19380
2 3 17 19 30 60 76 102 19380
2 3 17 19 30 68 76 85 19380
2 3 17 19 30 68 76 95 19380
2 3 17 19 30 70 95 119 67830
2 3 17 19 30 70 114 119 67830
2 3 17 19 30 85 95 102 9690
2 3 17 19 30 85 95 114 9690
2 3 17 19 30 85 102 114 9690
2 3 17 19 30 95 102 114 9690
2 3 17 19 30 95 105 119 67830
2 3 17 19 30 105 114 119 67830
2 3 17 19 31 34 38 93 60078
2 3 17 19 31 34 57 62 60078
2 3 17 19 31 34 57 93 60078
2 3 17 19 31 34 62 114 60078
2 3 17 19 31 34 93 114 60078
2 3 17 19 31 38 51 62 60078
2 3 17 19 31 38 51 93 60078
2 3 17 19 31 38 62 102 60078
2 3 17 19 31 38 93 102 60078
2 3 17 19 31 51 57 62 60078
2 3 17 19 31 51 62 114 60078
2 3 17 19 31 51 76 124 120156
2 3 17 19 31 51 93 114 60078
2 3 17 19 31 57 62 102 60078
2 3 17 19 31 57 68 124 120156
2 3 17 19 31 57 93 102 60078
2 3 17 19 31 62 102 114 60078
2 3 17 19 31 68 76 93 120156
2 3 17 19 31 68 114 124 120156
2 3 17 19 31 76 102 124 120156
2 3 17 19 31 93 102 114 60078
2 3 17 19 32 34 38 96 31008
2 3 17 19 32 34 57 96 31008
2 3 17 19 32 34 76 96 31008
2 3 17 19 32 34 96 114 31008
2 3 17 19 32 38 51 96 31008
2 3 17 19 32 38 68 96 31008
2 3 17 19 32 38 96 102 31008
2 3 17 19 32 51 57 96 31008
2 3 17 19 32 51 76 96 31008
2 3 17 19 32 51 96 114 31008
2 3 17 19 32 57 68 96 31008
2 3 17 19 32 57 96 102 31008
2 3 17 19 32 68 76 96 31008
2 3 17 19 32 68 96 114 31008
2 3 17 19 32 76 96 102 31008
2 3 17 19 32 85 95 96 155040
2 3 17 19 32 96 102 114 31008
2 3 17 19 33 34 38 66 21318
2 3 17 19 33 34 44 76 42636
2 3 17 19 33 34 55 95 106590
2 3 17 19 33 34 57 66 21318
2 3 17 19 33 34 66 114 21318
2 3 17 19 33 34 95 110 106590
2 3 17 19 33 38 44 68 42636
2 3 17 19 33 38 51 66 21318
2 3 17 19 33 38 55 85 106590
2 3 17 19 33 38 66 102 21318
2 3 17 19 33 38 77 119 149226
2 3 17 19 33 38 85 110 106590
2 3 17 19 33 44 51 76 42636
2 3 17 19 33 44 57 68 42636
2 3 17 19 33 44 68 76 42636
2 3 17 19 33 44 68 114 42636
2 3 17 19 33 44 76 102 42636
2 3 17 19 33 51 57 66 21318
2 3 17 19 33 51 66 114 21318
2 3 17 19 33 51 95 110 106590
2 3 17 19 33 55 85 114 106590
2 3 17 19 33 55 95 102 106590
2 3 17 19 33 57 66 102 21318
2 3 17 19 33 57 85 110 106590
2 3 17 19 33 66 68 76 42636
2 3 17 19 33 66 85 95 106590
2 3 17 19 33 66 102 114 21318
2 3 17 19 33 77 114 119 149226
2 3 17 19 33 85 95 110 106590
2 3 17 19 33 85 110 114 106590
2 3 17 19 33 95 102 110 106590
2 3 17 19 34 35 38 105 67830
2 3 17 19 34 35 42 95 67830
2 3 17 19 34 35 57 70 67830
2 3 17 19 34 35 57 105 67830
2 3 17 19 34 35 70 114 67830
2 3 17 19 34 35 95 105 67830
2 3 17 19 34 35 105 114 67830
2 3 17 19 34 37 38 111 71706
2 3 17 19 34 37 57 74 71706
2 3 17 19 34 37 57 111 71706
2 3 17 19 34 37 74 114 71706
2 3 17 19 34 37 111 114 71706
2 3 17 19 34 38 39 78 25194
2 3 17 19 34 38 40 120 38760
2 3 17 19 34 38 41 123 79458
2 3 17 19 34 38 42 119 13566
2 3 17 19 34 38 45 90 29070
2 3 17 19 34 38 46 69 44574
2 3 17 19 34 38 50 75 48450
2 3 17 19 34 38 51 57 1938
2 3 17 19 34 38 51 102 1938
2 3 17 19 34 38 51 114 1938
2 3 17 19 34 38 57 102 1938
2 3 17 19 34 38 57 114 1938
2 3 17 19 34 38 58 87 56202
2 3 17 19 34 38 62 93 60078
2 3 17 19 34 38 63 126 40698
2 3 17 19 34 38 70 105 67830
2 3 17 19 34 38 74 111 71706
2 3 17 19 34 38 82 123 79458
2 3 17 19 34 38 102 114 1938
2 3 17 19 34 39 52 76 50388
2 3 17 19 34 39 57 78 25194
2 3 17 19 34 39 65 95 125970
2 3 17 19 34 39 78 114 25194
2 3 17 19 34 40 57 120 38760
2 3 17 19 34 40 76 120 38760
2 3 17 19 34 40 95 120 38760
2 3 17 19 34 40 114 120 38760
2 3 17 19 34 41 57 82 79458
2 3 17 19 34 41 57 123 79458
2 3 17 19 34 41 82 114 79458
2 3 17 19 34 41 114 123 79458
2 3 17 19 34 42 57 119 13566
2 3 17 19 34 42 70 95 67830
2 3 17 19 34 42 76 84 27132
2 3 17 19 34 42 95 105 67830
2 3 17 19 34 42 114 119 13566
2 3 17 19 34 43 57 86 83334
2 3 17 19 34 43 86 114 83334
2 3 17 19 34 44 66 76 42636
2 3 17 19 34 45 57 90 29070
2 3 17 19 34 45 90 95 29070
2 3 17 19 34 45 90 114 29070
2 3 17 19 34 46 57 69 44574
2 3 17 19 34 46 69 114 44574
2 3 17 19 34 47 57 94 91086
2 3 17 19 34 47 94 114 91086
2 3 17 19 34 48 80 95 77520
2 3 17 19 34 49 57 98 94962
2 3 17 19 34 49 98 114 94962
2 3 17 19 34 50 57 75 48450
2 3 17 19 34 50 75 95 48450
2 3 17 19 34 50 75 114 48450
2 3 17 19 34 51 57 102 1938
2 3 17 19 34 51 57 114 1938
2 3 17 19 34 51 68 76 3876
2 3 17 19 34 51 85 95 9690
2 3 17 19 34 51 102 114 1938
2 3 17 19 34 52 76 78 50388
2 3 17 19 34 53 57 106 102714
2 3 17 19 34 53 106 114 102714
2 3 17 19 34 54 76 108 34884
2 3 17 19 34 55 57 110 106590
2 3 17 19 34 55 66 95 106590
2 3 17 19 34 55 110 114 106590
2 3 17 19 34 57 58 87 56202
2 3 17 19 34 57 59 118 114342
2 3 17 19 34 57 61 122 118218
2 3 17 19 34 57 62 93 60078
2 3 17 19 34 57 63 126 40698
2 3 17 19 34 57 68 76 3876
2 3 17 19 34 57 70 105 67830
2 3 17 19 34 57 74 111 71706
2 3 17 19 34 57 82 123 79458
2 3 17 19 34 57 85 95 9690
2 3 17 19 34 57 102 114 1938
2 3 17 19 34 58 87 114 56202
2 3 17 19 34 59 114 118 114342
2 3 17 19 34 60 68 95 19380
2 3 17 19 34 60 76 85 19380
2 3 17 19 34 60 76 95 19380
2 3 17 19 34 61 114 122 118218
2 3 17 19 34 62 93 114 60078
2 3 17 19 34 63 114 126 40698
2 3 17 19 34 65 78 95 125970
2 3 17 19 34 66 95 110 106590
2 3 17 19 34 68 76 102 3876
2 3 17 19 34 68 76 114 3876
2 3 17 19 34 69 76 92 89148
2 3 17 19 34 69 95 115 222870
2 3 17 19 34 70 95 105 67830
2 3 17 19 34 70 105 114 67830
2 3 17 19 34 74 111 114 71706
2 3 17 19 34 75 76 100 96900
2 3 17 19 34 76 84 119 27132
2 3 17 19 34 76 87 116 112404
2 3 17 19 34 76 93 124 120156
2 3 17 19 34 82 114 123 79458
2 3 17 19 34 85 95 102 9690
2 3 17 19 34 85 95 114 9690
2 3 17 19 34 95 105 119 67830
2 3 17 19 35 38 42 85 67830
2 3 17 19 35 38 51 70 67830
2 3 17 19 35 38 51 105 67830
2 3 17 19 35 38 70 102 67830
2 3 17 19 35 38 85 105 67830
2 3 17 19 35 38 102 105 67830
2 3 17 19 35 38 105 119 67830
2 3 17 19 35 42 51 95 67830
2 3 17 19 35 42 57 85 67830
2 3 17 19 35 42 85 95 67830
2 3 17 19 35 42 85 114 67830
2 3 17 19 35 42 95 102 67830
2 3 17 19 35 42 95 119 67830
2 3 17 19 35 51 57 70 67830
2 3 17 19 35 51 70 95 67830
2 3 17 19 35 51 70 114 67830
2 3 17 19 35 51 105 114 67830
2 3 17 19 35 57 70 85 67830
2 3 17 19 35 57 70 102 67830
2 3 17 19 35 57 70 119 67830
2 3 17 19 35 57 102 105 67830
2 3 17 19 35 60 76 119 135660
2 3 17 19 35 68 76 105 135660
2 3 17 19 35 68 84 95 135660
2 3 17 19 35 70 85 114 67830
2 3 17 19 35 70 95 102 67830
2 3 17 19 35 70 102 114 67830
2 3 17 19 35 70 114 119 67830
2 3 17 19 35 76 84 85 135660
2 3 17 19 35 85 105 114 67830
2 3 17 19 35 85 114 119 67830
2 3 17 19 35 95 102 105 67830
2 3 17 19 35 95 102 119 67830
2 3 17 19 35 95 114 119 67830
2 3 17 19 35 102 105 114 67830
2 3 17 19 35 105 114 119 67830
2 3 17 19 36 45 68 95 58140
2 3 17 19 36 45 76 85 58140
2 3 17 19 36 63 76 119 81396
2 3 17 19 36 68 90 95 58140
2 3 17 19 36 76 85 90 58140
2 3 17 19 36 76 119 126 81396
2 3 17 19 37 38 51 74 71706
2 3 17 19 37 38 51 111 71706
2 3 17 19 37 38 74 102 71706
2 3 17 19 37 38 102 111 71706
2 3 17 19 37 51 57 74 71706
2 3 17 19 37 51 74 114 71706
2 3 17 19 37 51 111 114 71706
2 3 17 19 37 57 74 102 71706
2 3 17 19 37 57 102 111 71706
2 3 17 19 37 68 76 111 143412
2 3 17 19 37 74 102 114 71706
2 3 17 19 38 39 51 78 25194
2 3 17 19 38 39 52 68 50388
2 3 17 19 38 39 65 85 125970
2 3 17 19 38 39 78 102 25194
2 3 17 19 38 39 91 119 176358
2 3 17 19 38 40 51 120 38760
2 3 17 19 38 40 68 120 38760
2 3 17 19 38 40 85 120 38760
2 3 17 19 38 40 102 120 38760
2 3 17 19 38 41 51 82 79458
2 3 17 19 38 41 51 123 79458
2 3 17 19 38 41 82 102 79458
2 3 17 19 38 41 102 123 79458
2 3 17 19 38 42 51 119 13566
2 3 17 19 38 42 57 119 13566
2 3 17 19 38 42 68 84 27132
2 3 17 19 38 42 70 85 67830
2 3 17 19 38 42 85 105 67830
2 3 17 19 38 42 102 119 13566
2 3 17 19 38 42 114 119 13566
2 3 17 19 38 43 51 86 83334
2 3 17 19 38 43 86 102 83334
2 3 17 19 38 44 66 68 42636
2 3 17 19 38 45 51 90 29070
2 3 17 19 38 45 85 90 29070
2 3 17 19 38 45 90 102 29070
2 3 17 19 38 46 51 69 44574
2 3 17 19 38 46 69 102 44574
2 3 17 19 38 47 51 94 91086
2 3 17 19 38 47 94 102 91086
2 3 17 19 38 48 80 85 77520
2 3 17 19 38 48 112 119 108528
2 3 17 19 38 49 51 98 94962
2 3 17 19 38 49 98 102 94962
2 3 17 19 38 50 51 75 48450
2 3 17 19 38 50 75 85 48450
2 3 17 19 38 50 75 102 48450
2 3 17 19 38 51 53 106 102714
2 3 17 19 38 51 55 110 106590
2 3 17 19 38 51 57 102 1938
2 3 17 19 38 51 57 114 1938
2 3 17 19 38 51 58 87 56202
2 3 17 19 38 51 59 118 114342
2 3 17 19 38 51 61 122 118218
2 3 17 19 38 51 62 93 60078
2 3 17 19 38 51 63 126 40698
2 3 17 19 38 51 68 76 3876
2 3 17 19 38 51 70 105 67830
2 3 17 19 38 51 74 111 71706
2 3 17 19 38 51 82 123 79458
2 3 17 19 38 51 85 95 9690
2 3 17 19 38 51 102 114 1938
2 3 17 19 38 52 68 78 50388
2 3 17 19 38 53 102 106 102714
2 3 17 19 38 54 68 108 34884
2 3 17 19 38 55 66 85 106590
2 3 17 19 38 55 102 110 106590
2 3 17 19 38 57 68 76 3876
2 3 17 19 38 57 85 95 9690
2 3 17 19 38 57 102 114 1938
2 3 17 19 38 58 87 102 56202
2 3 17 19 38 59 102 118 114342
2 3 17 19 38 60 68 85 19380
2 3 17 19 38 60 68 95 19380
2 3 17 19 38 60 76 85 19380
2 3 17 19 38 61 102 122 118218
2 3 17 19 38 62 93 102 60078
2 3 17 19 38 63 102 126 40698
2 3 17 19 38 63 119 126 40698
2 3 17 19 38 65 78 85 125970
2 3 17 19 38 66 77 119 149226
2 3 17 19 38 66 85 110 106590
2 3 17 19 38 68 69 92 89148
2 3 17 19 38 68 75 100 96900
2 3 17 19 38 68 76 102 3876
2 3 17 19 38 68 76 114 3876
2 3 17 19 38 68 84 119 27132
2 3 17 19 38 68 87 116 112404
2 3 17 19 38 68 93 124 120156
2 3 17 19 38 69 85 115 222870
2 3 17 19 38 70 85 105 67830
2 3 17 19 38 70 102 105 67830
2 3 17 19 38 70 105 119 67830
2 3 17 19 38 74 102 111 71706
2 3 17 19 38 76 84 119 27132
2 3 17 19 38 78 91 119 176358
2 3 17 19 38 82 102 123 79458
2 3 17 19 38 85 95 102 9690
2 3 17 19 38 85 95 114 9690
2 3 17 19 38 85 105 119 67830
2 3 17 19 39 51 52 76 50388
2 3 17 19 39 51 57 78 25194
2 3 17 19 39 51 78 114 25194
2 3 17 19 39 52 57 68 50388
2 3 17 19 39 52 68 76 50388
2 3 17 19 39 52 68 114 50388
2 3 17 19 39 52 76 102 50388
2 3 17 19 39 57 78 102 25194
2 3 17 19 39 65 85 114 125970
2 3 17 19 39 65 95 102 125970
2 3 17 19 39 68 76 78 50388
2 3 17 19 39 78 85 95 125970
2 3 17 19 39 78 102 114 25194
2 3 17 19 40 51 57 120 38760
2 3 17 19 40 51 76 120 38760
2 3 17 19 40 51 95 120 38760
2 3 17 19 40 51 114 120 38760
2 3 17 19 40 57 68 120 38760
2 3 17 19 40 57 85 120 38760
2 3 17 19 40 57 102 120 38760
2 3 17 19 40 68 76 120 38760
2 3 17 19 40 68 95 120 38760
2 3 17 19 40 68 114 120 38760
2 3 17 19 40 76 85 120 38760
2 3 17 19 40 76 102 120 38760
2 3 17 19 40 85 95 120 38760
2 3 17 19 41 51 57 82 79458
2 3 17 19 41 51 82 114 79458
2 3 17 19 41 51 114 123 79458
2 3 17 19 41 57 82 102 79458
2 3 17 19 41 57 102 123 79458
2 3 17 19 41 68 76 123 158916
2 3 17 19 42 51 57 119 13566
2 3 17 19 42 51 70 95 67830
2 3 17 19 42 51 76 84 27132
2 3 17 19 42 51 95 105 67830
2 3 17 19 42 51 114 119 13566
2 3 17 19 42 57 68 84 27132
2 3 17 19 42 57 70 85 67830
2 3 17 19 42 57 85 105 67830
2 3 17 19 42 57 102 119 13566
2 3 17 19 42 57 114 119 13566
2 3 17 19 42 68 76 84 27132
2 3 17 19 42 68 76 119 27132
2 3 17 19 42 68 84 114 27132
2 3 17 19 42 70 85 95 67830
2 3 17 19 42 70 85 114 67830
2 3 17 19 42 70 95 102 67830
2 3 17 19 42 70 95 119 67830
2 3 17 19 42 76 84 102 27132
2 3 17 19 42 76 84 119 27132
2 3 17 19 42 85 95 105 67830
2 3 17 19 43 51 57 86 83334
2 3 17 19 43 51 86 114 83334
2 3 17 19 43 57 86 102 83334
2 3 17 19 44 51 66 76 42636
2 3 17 19 44 57 66 68 42636
2 3 17 19 44 66 68 76 42636
2 3 17 19 44 66 68 114 42636
2 3 17 19 44 66 76 102 42636
2 3 17 19 45 51 57 90 29070
2 3 17 19 45 51 90 95 29070
2 3 17 19 45 51 90 114 29070
2 3 17 19 45 57 85 90 29070
2 3 17 19 45 57 90 102 29070
2 3 17 19 45 68 76 90 58140
2 3 17 19 45 85 90 95 29070
2 3 17 19 46 51 57 69 44574
2 3 17 19 46 51 69 114 44574
2 3 17 19 46 51 76 92 89148
2 3 17 19 46 51 95 115 222870
2 3 17 19 46 57 68 92 89148
2 3 17 19 46 57 69 102 44574
2 3 17 19 46 57 85 115 222870
2 3 17 19 46 68 69 76 89148
2 3 17 19 46 68 92 114 89148
2 3 17 19 46 69 85 95 222870
2 3 17 19 46 76 92 102 89148
2 3 17 19 47 51 57 94 91086
2 3 17 19 47 51 94 114 91086
2 3 17 19 47 57 94 102 91086
2 3 17 19 48 51 80 95 77520
2 3 17 19 48 57 80 85 77520
2 3 17 19 48 57 112 119 108528
2 3 17 19 48 68 80 95 77520
2 3 17 19 48 76 80 85 77520
2 3 17 19 48 80 85 95 77520
2 3 17 19 49 51 57 98 94962
2 3 17 19 49 51 98 114 94962
2 3 17 19 49 57 98 102 94962
2 3 17 19 49 57 98 119 94962
2 3 17 19 50 51 57 75 48450
2 3 17 19 50 51 75 95 48450
2 3 17 19 50 51 75 114 48450
2 3 17 19 50 51 76 100 96900
2 3 17 19 50 57 68 100 96900
2 3 17 19 50 57 75 85 48450
2 3 17 19 50 57 75 102 48450
2 3 17 19 50 68 75 76 96900
2 3 17 19 50 75 85 95 48450
2 3 17 19 51 52 76 78 50388
2 3 17 19 51 53 57 106 102714
2 3 17 19 51 53 106 114 102714
2 3 17 19 51 54 76 108 34884
2 3 17 19 51 55 57 110 106590
2 3 17 19 51 55 66 95 106590
2 3 17 19 51 55 95 110 106590
2 3 17 19 51 55 110 114 106590
2 3 17 19 51 57 58 87 56202
2 3 17 19 51 57 59 118 114342
2 3 17 19 51 57 61 122 118218
2 3 17 19 51 57 62 93 60078
2 3 17 19 51 57 63 126 40698
2 3 17 19 51 57 68 76 3876
2 3 17 19 51 57 70 105 67830
2 3 17 19 51 57 74 111 71706
2 3 17 19 51 57 82 123 79458
2 3 17 19 51 57 102 114 1938
2 3 17 19 51 58 76 116 112404
2 3 17 19 51 58 87 114 56202
2 3 17 19 51 60 68 95 19380
2 3 17 19 51 60 76 85 19380
2 3 17 19 51 60 76 95 19380
2 3 17 19 51 62 76 124 120156
2 3 17 19 51 62 93 114 60078
2 3 17 19 51 65 78 95 125970
2 3 17 19 51 68 76 102 3876
2 3 17 19 51 68 76 114 3876
2 3 17 19 51 69 76 92 89148
2 3 17 19 51 75 76 100 96900
2 3 17 19 52 57 68 78 50388
2 3 17 19 52 68 76 78 50388
2 3 17 19 52 68 78 114 50388
2 3 17 19 53 57 102 106 102714
2 3 17 19 54 57 68 108 34884
2 3 17 19 54 68 76 108 34884
2 3 17 19 55 57 66 85 106590
2 3 17 19 55 57 85 110 106590
2 3 17 19 55 66 85 95 106590
2 3 17 19 57 58 68 116 112404
2 3 17 19 57 58 87 102 56202
2 3 17 19 57 60 68 85 19380
2 3 17 19 57 60 68 95 19380
2 3 17 19 57 60 76 85 19380
2 3 17 19 57 62 68 124 120156
2 3 17 19 57 65 78 85 125970
2 3 17 19 57 68 69 92 89148
2 3 17 19 57 68 75 100 96900
2 3 17 19 58 68 76 87 112404
2 3 17 19 60 68 76 85 19380
2 3 17 20 21 24 40 119 14280
2 3 17 20 21 24 56 85 14280
2 3 17 20 21 24 119 120 14280
2 3 17 20 21 25 100 119 35700
2 3 17 20 21 28 30 34 7140
2 3 17 20 21 28 30 51 7140
2 3 17 20 21 28 30 68 7140
2 3 17 20 21 28 30 85 7140
2 3 17 20 21 28 30 102 7140
2 3 17 20 21 28 30 119 7140
2 3 17 20 21 28 34 35 7140
2 3 17 20 21 28 34 60 7140
2 3 17 20 21 28 34 70 7140
2 3 17 20 21 28 34 85 7140
2 3 17 20 21 28 34 105 7140
2 3 17 20 21 28 35 51 7140
2 3 17 20 21 28 35 68 7140
2 3 17 20 21 28 35 85 7140
2 3 17 20 21 28 35 102 7140
2 3 17 20 21 28 35 119 7140
2 3 17 20 21 28 42 85 7140
2 3 17 20 21 28 51 60 7140
2 3 17 20 21 28 51 70 7140
2 3 17 20 21 28 51 85 7140
2 3 17 20 21 28 51 105 7140
2 3 17 20 21 28 60 68 7140
2 3 17 20 21 28 60 85 7140
2 3 17 20 21 28 60 102 7140
2 3 17 20 21 28 60 119 7140
2 3 17 20 21 28 68 70 7140
2 3 17 20 21 28 68 85 7140
2 3 17 20 21 28 68 105 7140
2 3 17 20 21 28 70 85 7140
2 3 17 20 21 28 70 102 7140
2 3 17 20 21 28 70 119 7140
2 3 17 20 21 28 84 85 7140
2 3 17 20 21 28 85 102 7140
2 3 17 20 21 28 85 105 7140
2 3 17 20 21 28 85 119 7140
2 3 17 20 21 28 102 105 7140
2 3 17 20 21 28 105 119 7140
2 3 17 20 21 30 34 84 7140
2 3 17 20 21 30 35 68 7140
2 3 17 20 21 30 42 68 7140
2 3 17 20 21 30 51 84 7140
2 3 17 20 21 30 60 119 7140
2 3 17 20 21 30 68 70 7140
2 3 17 20 21 30 68 84 7140
2 3 17 20 21 30 68 105 7140
2 3 17 20 21 30 68 119 7140
2 3 17 20 21 30 84 85 7140
2 3 17 20 21 30 84 102 7140
2 3 17 20 21 30 84 119 7140
2 3 17 20 21 34 35 60 7140
2 3 17 20 21 34 35 68 7140
2 3 17 20 21 34 35 84 7140
2 3 17 20 21 34 40 56 14280
2 3 17 20 21 34 42 60 7140
2 3 17 20 21 34 56 120 14280
2 3 17 20 21 34 60 70 7140
2 3 17 20 21 34 60 84 7140
2 3 17 20 21 34 60 105 7140
2 3 17 20 21 34 60 119 7140
2 3 17 20 21 34 68 70 7140
2 3 17 20 21 34 68 105 7140
2 3 17 20 21 34 70 84 7140
2 3 17 20 21 34 80 112 28560
2 3 17 20 21 34 84 85 7140
2 3 17 20 21 34 84 105 7140
2 3 17 20 21 35 42 68 7140
2 3 17 20 21 35 51 60 7140
2 3 17 20 21 35 51 68 7140
2 3 17 20 21 35 51 84 7140
2 3 17 20 21 35 60 68 7140
2 3 17 20 21 35 60 85 7140
2 3 17 20 21 35 60 102 7140
2 3 17 20 21 35 60 119 7140
2 3 17 20 21 35 68 70 7140
2 3 17 20 21 35 68 84 7140
2 3 17 20 21 35 68 85 7140
2 3 17 20 21 35 68 102 7140
2 3 17 20 21 35 68 105 7140
2 3 17 20 21 35 68 119 7140
2 3 17 20 21 35 84 85 7140
2 3 17 20 21 35 84 102 7140
2 3 17 20 21 35 84 119 7140
2 3 17 20 21 36 45 119 21420
2 3 17 20 21 36 63 85 21420
2 3 17 20 21 36 85 126 21420
2 3 17 20 21 36 90 119 21420
2 3 17 20 21 40 51 56 14280
2 3 17 20 21 40 56 68 14280
2 3 17 20 21 40 56 85 14280
2 3 17 20 21 40 56 102 14280
2 3 17 20 21 40 56 119 14280
2 3 17 20 21 40 119 120 14280
2 3 17 20 21 42 51 60 7140
2 3 17 20 21 42 60 68 7140
2 3 17 20 21 42 60 85 7140
2 3 17 20 21 42 60 102 7140
2 3 17 20 21 42 60 119 7140
2 3 17 20 21 42 68 70 7140
2 3 17 20 21 42 68 85 7140
2 3 17 20 21 42 68 105 7140
2 3 17 20 21 42 84 85 7140
2 3 17 20 21 44 55 119 78540
2 3 17 20 21 44 77 85 78540
2 3 17 20 21 44 110 119 78540
2 3 17 20 21 45 63 68 21420
2 3 17 20 21 45 68 126 21420
2 3 17 20 21 48 80 119 28560
2 3 17 20 21 48 85 112 28560
2 3 17 20 21 50 100 119 35700
2 3 17 20 21 51 56 120 14280
2 3 17 20 21 51 60 70 7140
2 3 17 20 21 51 60 84 7140
2 3 17 20 21 51 60 105 7140
2 3 17 20 21 51 60 119 7140
2 3 17 20 21 51 68 70 7140
2 3 17 20 21 51 68 105 7140
2 3 17 20 21 51 70 84 7140
2 3 17 20 21 51 80 112 28560
2 3 17 20 21 51 84 85 7140
2 3 17 20 21 51 84 105 7140
2 3 17 20 21 52 65 119 92820
2 3 17 20 21 52 85 91 92820
2 3 17 20 21 55 68 77 78540
2 3 17 20 21 56 68 120 14280
2 3 17 20 21 56 85 120 14280
2 3 17 20 21 56 102 120 14280
2 3 17 20 21 56 119 120 14280
2 3 17 20 21 60 68 70 7140
2 3 17 20 21 60 68 84 7140
2 3 17 20 21 60 68 105 7140
2 3 17 20 21 60 68 119 7140
2 3 17 20 21 60 70 85 7140
2 3 17 20 21 60 70 102 7140
2 3 17 20 21 60 70 119 7140
2 3 17 20 21 60 84 85 7140
2 3 17 20 21 60 84 102 7140
2 3 17 20 21 60 84 119 7140
2 3 17 20 21 60 85 105 7140
2 3 17 20 21 60 85 119 7140
2 3 17 20 21 60 102 105 7140
2 3 17 20 21 60 102 119 7140
2 3 17 20 21 60 105 119 7140
2 3 17 20 21 63 68 90 21420
2 3 17 20 21 65 68 91 92820
2 3 17 20 21 68 70 84 7140
2 3 17 20 21 68 70 85 7140
2 3 17 20 21 68 70 102 7140
2 3 17 20 21 68 70 105 7140
2 3 17 20 21 68 70 119 7140
2 3 17 20 21 68 77 110 78540
2 3 17 20 21 68 80 112 28560
2 3 17 20 21 68 84 85 7140
2 3 17 20 21 68 84 105 7140
2 3 17 20 21 68 85 105 7140
2 3 17 20 21 68 85 119 7140
2 3 17 20 21 68 90 126 21420
2 3 17 20 21 68 102 105 7140
2 3 17 20 21 68 105 119 7140
2 3 17 20 21 70 84 85 7140
2 3 17 20 21 70 84 102 7140
2 3 17 20 21 70 84 119 7140
2 3 17 20 21 75 100 119 35700
2 3 17 20 21 76 95 119 135660
2 3 17 20 21 80 85 112 28560
2 3 17 20 21 80 102 112 28560
2 3 17 20 21 80 112 119 28560
2 3 17 20 21 84 85 102 7140
2 3 17 20 21 84 85 105 7140
2 3 17 20 21 84 85 119 7140
2 3 17 20 21 84 102 105 7140
2 3 17 20 21 84 105 119 7140
2 3 17 20 21 92 115 119 164220
2 3 17 20 22 24 85 88 22440
2 3 17 20 22 30 33 68 11220
2 3 17 20 22 30 34 44 11220
2 3 17 20 22 30 44 51 11220
2 3 17 20 22 30 44 68 11220
2 3 17 20 22 30 44 85 11220
2 3 17 20 22 30 44 102 11220
2 3 17 20 22 30 55 68 11220
2 3 17 20 22 30 66 68 11220
2 3 17 20 22 30 68 110 11220
2 3 17 20 22 33 34 60 11220
2 3 17 20 22 33 44 85 11220
2 3 17 20 22 33 51 60 11220
2 3 17 20 22 33 55 68 11220
2 3 17 20 22 33 60 68 11220
2 3 17 20 22 33 60 85 11220
2 3 17 20 22 33 60 102 11220
2 3 17 20 22 33 68 85 11220
2 3 17 20 22 33 68 110 11220
2 3 17 20 22 34 44 60 11220
2 3 17 20 22 34 55 60 11220
2 3 17 20 22 34 60 66 11220
2 3 17 20 22 34 60 110 11220
2 3 17 20 22 34 88 120 22440
2 3 17 20 22 36 85 99 33660
2 3 17 20 22 40 51 88 22440
2 3 17 20 22 40 88 102 22440
2 3 17 20 22 44 51 55 11220
2 3 17 20 22 44 51 60 11220
2 3 17 20 22 44 51 85 11220
2 3 17 20 22 44 51 110 11220
2 3 17 20 22 44 55 102 11220
2 3 17 20 22 44 60 68 11220
2 3 17 20 22 44 60 85 11220
2 3 17 20 22 44 60 102 11220
2 3 17 20 22 44 66 85 11220
2 3 17 20 22 44 85 102 11220
2 3 17 20 22 44 102 110 11220
2 3 17 20 22 44 105 119 78540
2 3 17 20 22 45 68 99 33660
2 3 17 20 22 51 55 60 11220
2 3 17 20 22 51 55 68 11220
2 3 17 20 22 51 60 66 11220
2 3 17 20 22 51 60 110 11220
2 3 17 20 22 51 68 110 11220
2 3 17 20 22 51 88 120 22440
2 3 17 20 22 55 60 68 11220
2 3 17 20 22 55 60 85 11220
2 3 17 20 22 55 60 102 11220
2 3 17 20 22 55 66 68 11220
2 3 17 20 22 55 68 102 11220
2 3 17 20 22 55 84 119 78540
2 3 17 20 22 60 66 68 11220
2 3 17 20 22 60 66 85 11220
2 3 17 20 22 60 66 102 11220
2 3 17 20 22 60 68 110 11220
2 3 17 20 22 60 77 119 78540
2 3 17 20 22 60 85 110 11220
2 3 17 20 22 60 102 110 11220
2 3 17 20 22 66 68 85 11220
2 3 17 20 22 66 68 110 11220
2 3 17 20 22 68 77 105 78540
2 3 17 20 22 68 88 120 22440
2 3 17 20 22 68 90 99 33660
2 3 17 20 22 68 102 110 11220
2 3 17 20 22 77 84 85 78540
2 3 17 20 22 84 110 119 78540
2 3 17 20 22 85 88 120 22440
2 3 17 20 22 88 102 120 22440
2 3 17 20 23 30 34 92 23460
2 3 17 20 23 30 46 68 23460
2 3 17 20 23 30 51 92 23460
2 3 17 20 23 30 68 69 23460
2 3 17 20 23 30 68 92 23460
2 3 17 20 23 30 68 115 23460
2 3 17 20 23 30 85 92 23460
2 3 17 20 23 30 92 102 23460
2 3 17 20 23 34 46 60 23460
2 3 17 20 23 34 60 69 23460
2 3 17 20 23 34 60 92 23460
2 3 17 20 23 34 60 115 23460
2 3 17 20 23 46 51 60 23460
2 3 17 20 23 46 60 68 23460
2 3 17 20 23 46 60 85 23460
2 3 17 20 23 46 60 102 23460
2 3 17 20 23 51 60 69 23460
2 3 17 20 23 51 60 92 23460
2 3 17 20 23 51 60 115 23460
2 3 17 20 23 51 68 115 23460
2 3 17 20 23 51 85 92 23460
2 3 17 20 23 51 92 115 23460
2 3 17 20 23 60 68 69 23460
2 3 17 20 23 60 68 92 23460
2 3 17 20 23 60 68 115 23460
2 3 17 20 23 60 69 85 23460
2 3 17 20 23 60 69 102 23460
2 3 17 20 23 60 85 92 23460
2 3 17 20 23 60 85 115 23460
2 3 17 20 23 60 92 102 23460
2 3 17 20 23 60 102 115 23460
2 3 17 20 23 68 69 85 23460
2 3 17 20 23 68 69 115 23460
2 3 17 20 23 68 102 115 23460
2 3 17 20 23 69 85 92 23460
2 3 17 20 23 84 115 119 164220
2 3 17 20 23 85 92 102 23460
2 3 17 20 23 92 102 115 23460
2 3 17 20 23 92 105 119 164220
2 3 17 20 24 26 85 104 26520
2 3 17 20 24 28 40 119 14280
2 3 17 20 24 28 56 85 14280
2 3 17 20 24 28 119 120 14280
2 3 17 20 24 30 34 40 2040
2 3 17 20 24 30 34 120 2040
2 3 17 20 24 30 40 51 2040
2 3 17 20 24 30 40 68 2040
2 3 17 20 24 30 40 85 2040
2 3 17 20 24 30 40 102 2040
2 3 17 20 24 30 51 120 2040
2 3 17 20 24 30 56 119 14280
2 3 17 20 24 30 68 120 2040
2 3 17 20 24 30 85 120 2040
2 3 17 20 24 30 102 120 2040
2 3 17 20 24 32 85 96 8160
2 3 17 20 24 33 85 88 22440
2 3 17 20 24 34 35 56 14280
2 3 17 20 24 34 40 51 2040
2 3 17 20 24 34 40 60 2040
2 3 17 20 24 34 40 68 2040
2 3 17 20 24 34 40 85 2040
2 3 17 20 24 34 40 102 2040
2 3 17 20 24 34 40 120 2040
2 3 17 20 24 34 45 72 6120
2 3 17 20 24 34 48 80 4080
2 3 17 20 24 34 51 120 2040
2 3 17 20 24 34 55 88 22440
2 3 17 20 24 34 56 70 14280
2 3 17 20 24 34 56 105 14280
2 3 17 20 24 34 60 120 2040
2 3 17 20 24 34 65 104 26520
2 3 17 20 24 34 68 120 2040
2 3 17 20 24 34 72 90 6120
2 3 17 20 24 34 85 120 2040
2 3 17 20 24 34 88 110 22440
2 3 17 20 24 34 102 120 2040
2 3 17 20 24 35 40 119 14280
2 3 17 20 24 35 51 56 14280
2 3 17 20 24 35 56 68 14280
2 3 17 20 24 35 56 85 14280
2 3 17 20 24 35 56 102 14280
2 3 17 20 24 35 56 119 14280
2 3 17 20 24 35 119 120 14280
2 3 17 20 24 36 72 85 6120
2 3 17 20 24 39 85 104 26520
2 3 17 20 24 40 42 119 14280
2 3 17 20 24 40 51 60 2040
2 3 17 20 24 40 51 68 2040
2 3 17 20 24 40 51 85 2040
2 3 17 20 24 40 51 102 2040
2 3 17 20 24 40 51 120 2040
2 3 17 20 24 40 56 119 14280
2 3 17 20 24 40 60 68 2040
2 3 17 20 24 40 60 85 2040
2 3 17 20 24 40 60 102 2040
2 3 17 20 24 40 68 85 2040
2 3 17 20 24 40 68 102 2040
2 3 17 20 24 40 68 120 2040
2 3 17 20 24 40 70 119 14280
2 3 17 20 24 40 84 119 14280
2 3 17 20 24 40 85 102 2040
2 3 17 20 24 40 85 120 2040
2 3 17 20 24 40 102 120 2040
2 3 17 20 24 40 105 119 14280
2 3 17 20 24 42 56 85 14280
2 3 17 20 24 42 119 120 14280
2 3 17 20 24 44 85 88 22440
2 3 17 20 24 45 51 72 6120
2 3 17 20 24 45 68 72 6120
2 3 17 20 24 45 72 85 6120
2 3 17 20 24 45 72 102 6120
2 3 17 20 24 48 51 80 4080
2 3 17 20 24 48 68 80 4080
2 3 17 20 24 48 80 85 4080
2 3 17 20 24 48 80 102 4080
2 3 17 20 24 51 55 88 22440
2 3 17 20 24 51 56 70 14280
2 3 17 20 24 51 56 105 14280
2 3 17 20 24 51 60 120 2040
2 3 17 20 24 51 65 104 26520
2 3 17 20 24 51 68 120 2040
2 3 17 20 24 51 72 90 6120
2 3 17 20 24 51 85 120 2040
2 3 17 20 24 51 88 110 22440
2 3 17 20 24 51 102 120 2040
2 3 17 20 24 52 85 104 26520
2 3 17 20 24 55 68 88 22440
2 3 17 20 24 55 85 88 22440
2 3 17 20 24 55 88 102 22440
2 3 17 20 24 56 60 119 14280
2 3 17 20 24 56 68 70 14280
2 3 17 20 24 56 68 105 14280
2 3 17 20 24 56 70 85 14280
2 3 17 20 24 56 70 102 14280
2 3 17 20 24 56 70 119 14280
2 3 17 20 24 56 84 85 14280
2 3 17 20 24 56 85 105 14280
2 3 17 20 24 56 85 119 14280
2 3 17 20 24 56 102 105 14280
2 3 17 20 24 56 105 119 14280
2 3 17 20 24 56 119 120 14280
2 3 17 20 24 60 68 120 2040
2 3 17 20 24 60 85 120 2040
2 3 17 20 24 60 102 120 2040
2 3 17 20 24 65 68 104 26520
2 3 17 20 24 65 85 104 26520
2 3 17 20 24 65 102 104 26520
2 3 17 20 24 66 85 88 22440
2 3 17 20 24 68 72 90 6120
2 3 17 20 24 68 85 120 2040
2 3 17 20 24 68 88 110 22440
2 3 17 20 24 68 102 120 2040
2 3 17 20 24 70 119 120 14280
2 3 17 20 24 72 85 90 6120
2 3 17 20 24 72 90 102 6120
2 3 17 20 24 78 85 104 26520
2 3 17 20 24 80 112 119 28560
2 3 17 20 24 84 119 120 14280
2 3 17 20 24 85 88 110 22440
2 3 17 20 24 85 102 120 2040
2 3 17 20 24 88 102 110 22440
2 3 17 20 24 105 119 120 14280
2 3 17 20 25 28 75 119 35700
2 3 17 20 25 30 34 100 5100
2 3 17 20 25 30 50 68 5100
2 3 17 20 25 30 51 100 5100
2 3 17 20 25 30 68 75 5100
2 3 17 20 25 30 68 100 5100
2 3 17 20 25 30 85 100 5100
2 3 17 20 25 30 100 102 5100
2 3 17 20 25 34 50 60 5100
2 3 17 20 25 34 51 100 5100
2 3 17 20 25 34 60 75 5100
2 3 17 20 25 34 60 100 5100
2 3 17 20 25 34 68 75 5100
2 3 17 20 25 34 75 100 5100
2 3 17 20 25 34 100 102 5100
2 3 17 20 25 42 100 119 35700
2 3 17 20 25 50 51 60 5100
2 3 17 20 25 50 51 68 5100
2 3 17 20 25 50 51 100 5100
2 3 17 20 25 50 60 68 5100
2 3 17 20 25 50 60 85 5100
2 3 17 20 25 50 60 102 5100
2 3 17 20 25 50 68 75 5100
2 3 17 20 25 50 68 102 5100
2 3 17 20 25 50 84 119 35700
2 3 17 20 25 50 100 102 5100
2 3 17 20 25 51 60 75 5100
2 3 17 20 25 51 60 100 5100
2 3 17 20 25 51 68 75 5100
2 3 17 20 25 51 68 100 5100
2 3 17 20 25 51 75 100 5100
2 3 17 20 25 51 85 100 5100
2 3 17 20 25 51 100 102 5100
2 3 17 20 25 60 68 75 5100
2 3 17 20 25 60 68 100 5100
2 3 17 20 25 60 75 85 5100
2 3 17 20 25 60 75 102 5100
2 3 17 20 25 60 85 100 5100
2 3 17 20 25 60 100 102 5100
2 3 17 20 25 68 75 85 5100
2 3 17 20 25 68 75 100 5100
2 3 17 20 25 68 75 102 5100
2 3 17 20 25 68 100 102 5100
2 3 17 20 25 75 84 119 35700
2 3 17 20 25 75 85 100 5100
2 3 17 20 25 75 100 102 5100
2 3 17 20 25 84 100 119 35700
2 3 17 20 25 85 100 102 5100
2 3 17 20 25 100 105 119 35700
2 3 17 20 26 30 34 52 13260
2 3 17 20 26 30 39 68 13260
2 3 17 20 26 30 51 52 13260
2 3 17 20 26 30 52 68 13260
2 3 17 20 26 30 52 85 13260
2 3 17 20 26 30 52 102 13260
2 3 17 20 26 30 65 68 13260
2 3 17 20 26 30 68 78 13260
2 3 17 20 26 34 39 60 13260
2 3 17 20 26 34 52 60 13260
2 3 17 20 26 34 60 65 13260
2 3 17 20 26 34 60 78 13260
2 3 17 20 26 34 104 120 26520
2 3 17 20 26 36 85 117 39780
2 3 17 20 26 39 51 60 13260
2 3 17 20 26 39 52 85 13260
2 3 17 20 26 39 60 68 13260
2 3 17 20 26 39 60 85 13260
2 3 17 20 26 39 60 102 13260
2 3 17 20 26 39 65 68 13260
2 3 17 20 26 39 68 85 13260
2 3 17 20 26 40 51 104 26520
2 3 17 20 26 40 102 104 26520
2 3 17 20 26 45 68 117 39780
2 3 17 20 26 51 52 60 13260
2 3 17 20 26 51 52 65 13260
2 3 17 20 26 51 52 85 13260
2 3 17 20 26 51 60 65 13260
2 3 17 20 26 51 60 78 13260
2 3 17 20 26 51 65 68 13260
2 3 17 20 26 51 104 120 26520
2 3 17 20 26 52 60 68 13260
2 3 17 20 26 52 60 85 13260
2 3 17 20 26 52 60 102 13260
2 3 17 20 26 52 65 102 13260
2 3 17 20 26 52 78 85 13260
2 3 17 20 26 52 85 102 13260
2 3 17 20 26 52 105 119 92820
2 3 17 20 26 60 65 68 13260
2 3 17 20 26 60 65 85 13260
2 3 17 20 26 60 65 102 13260
2 3 17 20 26 60 68 78 13260
2 3 17 20 26 60 78 85 13260
2 3 17 20 26 60 78 102 13260
2 3 17 20 26 60 91 119 92820
2 3 17 20 26 65 68 78 13260
2 3 17 20 26 65 68 102 13260
2 3 17 20 26 65 84 119 92820
2 3 17 20 26 68 78 85 13260
2 3 17 20 26 68 90 117 39780
2 3 17 20 26 68 91 105 92820
2 3 17 20 26 68 104 120 26520
2 3 17 20 26 84 85 91 92820
2 3 17 20 26 85 104 120 26520
2 3 17 20 26 102 104 120 26520
2 3 17 20 27 30 34 108 9180
2 3 17 20 27 30 51 108 9180
2 3 17 20 27 30 54 68 9180
2 3 17 20 27 30 68 108 9180
2 3 17 20 27 30 85 108 9180
2 3 17 20 27 30 102 108 9180
2 3 17 20 27 34 45 108 9180
2 3 17 20 27 34 54 60 9180
2 3 17 20 27 34 60 108 9180
2 3 17 20 27 34 85 108 9180
2 3 17 20 27 34 90 108 9180
2 3 17 20 27 35 108 119 64260
2 3 17 20 27 36 54 85 9180
2 3 17 20 27 36 85 108 9180
2 3 17 20 27 45 51 108 9180
2 3 17 20 27 45 54 68 9180
2 3 17 20 27 45 68 108 9180
2 3 17 20 27 45 85 108 9180
2 3 17 20 27 45 102 108 9180
2 3 17 20 27 51 54 60 9180
2 3 17 20 27 51 60 108 9180
2 3 17 20 27 51 85 108 9180
2 3 17 20 27 51 90 108 9180
2 3 17 20 27 54 60 68 9180
2 3 17 20 27 54 60 85 9180
2 3 17 20 27 54 60 102 9180
2 3 17 20 27 54 68 85 9180
2 3 17 20 27 54 68 90 9180
2 3 17 20 27 54 85 108 9180
2 3 17 20 27 60 68 108 9180
2 3 17 20 27 60 85 108 9180
2 3 17 20 27 60 102 108 9180
2 3 17 20 27 68 85 108 9180
2 3 17 20 27 68 90 108 9180
2 3 17 20 27 70 108 119 64260
2 3 17 20 27 85 90 108 9180
2 3 17 20 27 85 102 108 9180
2 3 17 20 27 90 102 108 9180
2 3 17 20 27 105 108 119 64260
2 3 17 20 28 30 34 35 7140
2 3 17 20 28 30 34 42 7140
2 3 17 20 28 30 34 70 7140
2 3 17 20 28 30 34 84 7140
2 3 17 20 28 30 34 105 7140
2 3 17 20 28 30 34 119 7140
2 3 17 20 28 30 35 51 7140
2 3 17 20 28 30 35 68 7140
2 3 17 20 28 30 35 85 7140
2 3 17 20 28 30 35 102 7140
2 3 17 20 28 30 35 119 7140
2 3 17 20 28 30 42 51 7140
2 3 17 20 28 30 42 68 7140
2 3 17 20 28 30 42 85 7140
2 3 17 20 28 30 42 102 7140
2 3 17 20 28 30 42 119 7140
2 3 17 20 28 30 51 70 7140
2 3 17 20 28 30 51 84 7140
2 3 17 20 28 30 51 105 7140
2 3 17 20 28 30 51 119 7140
2 3 17 20 28 30 60 119 7140
2 3 17 20 28 30 68 70 7140
2 3 17 20 28 30 68 84 7140
2 3 17 20 28 30 68 105 7140
2 3 17 20 28 30 68 119 7140
2 3 17 20 28 30 70 85 7140
2 3 17 20 28 30 70 102 7140
2 3 17 20 28 30 70 119 7140
2 3 17 20 28 30 84 85 7140
2 3 17 20 28 30 84 102 7140
2 3 17 20 28 30 84 119 7140
2 3 17 20 28 30 85 105 7140
2 3 17 20 28 30 85 119 7140
2 3 17 20 28 30 102 105 7140
2 3 17 20 28 30 102 119 7140
2 3 17 20 28 30 105 119 7140
2 3 17 20 28 33 55 119 78540
2 3 17 20 28 33 77 85 78540
2 3 17 20 28 33 110 119 78540
2 3 17 20 28 34 35 42 7140
2 3 17 20 28 34 35 51 7140
2 3 17 20 28 34 35 60 7140
2 3 17 20 28 34 35 84 7140
2 3 17 20 28 34 35 102 7140
2 3 17 20 28 34 35 105 7140
2 3 17 20 28 34 42 60 7140
2 3 17 20 28 34 42 70 7140
2 3 17 20 28 34 42 85 7140
2 3 17 20 28 34 42 105 7140
2 3 17 20 28 34 45 63 21420
2 3 17 20 28 34 45 126 21420
2 3 17 20 28 34 51 70 7140
2 3 17 20 28 34 51 105 7140
2 3 17 20 28 34 56 120 14280
2 3 17 20 28 34 60 70 7140
2 3 17 20 28 34 60 84 7140
2 3 17 20 28 34 60 105 7140
2 3 17 20 28 34 60 119 7140
2 3 17 20 28 34 63 90 21420
2 3 17 20 28 34 68 105 7140
2 3 17 20 28 34 70 84 7140
2 3 17 20 28 34 70 102 7140
2 3 17 20 28 34 70 105 7140
2 3 17 20 28 34 84 85 7140
2 3 17 20 28 34 84 105 7140
2 3 17 20 28 34 85 105 7140
2 3 17 20 28 34 90 126 21420
2 3 17 20 28 34 102 105 7140
2 3 17 20 28 34 105 119 7140
2 3 17 20 28 35 42 51 7140
2 3 17 20 28 35 42 68 7140
2 3 17 20 28 35 42 85 7140
2 3 17 20 28 35 42 102 7140
2 3 17 20 28 35 42 119 7140
2 3 17 20 28 35 51 60 7140
2 3 17 20 28 35 51 68 7140
2 3 17 20 28 35 51 70 7140
2 3 17 20 28 35 51 84 7140
2 3 17 20 28 35 51 85 7140
2 3 17 20 28 35 51 102 7140
2 3 17 20 28 35 51 105 7140
2 3 17 20 28 35 51 119 7140
2 3 17 20 28 35 60 68 7140
2 3 17 20 28 35 60 85 7140
2 3 17 20 28 35 60 102 7140
2 3 17 20 28 35 60 119 7140
2 3 17 20 28 35 68 84 7140
2 3 17 20 28 35 68 102 7140
2 3 17 20 28 35 68 105 7140
2 3 17 20 28 35 70 102 7140
2 3 17 20 28 35 84 85 7140
2 3 17 20 28 35 84 102 7140
2 3 17 20 28 35 84 119 7140
2 3 17 20 28 35 85 102 7140
2 3 17 20 28 35 85 105 7140
2 3 17 20 28 35 102 105 7140
2 3 17 20 28 35 102 119 7140
2 3 17 20 28 35 105 119 7140
2 3 17 20 28 36 45 119 21420
2 3 17 20 28 36 63 85 21420
2 3 17 20 28 36 85 126 21420
2 3 17 20 28 36 90 119 21420
2 3 17 20 28 39 65 119 92820
2 3 17 20 28 39 85 91 92820
2 3 17 20 28 40 51 56 14280
2 3 17 20 28 40 56 102 14280
2 3 17 20 28 40 119 120 14280
2 3 17 20 28 42 51 60 7140
2 3 17 20 28 42 51 70 7140
2 3 17 20 28 42 51 85 7140
2 3 17 20 28 42 51 105 7140
2 3 17 20 28 42 60 68 7140
2 3 17 20 28 42 60 85 7140
2 3 17 20 28 42 60 102 7140
2 3 17 20 28 42 60 119 7140
2 3 17 20 28 42 68 70 7140
2 3 17 20 28 42 68 85 7140
2 3 17 20 28 42 68 105 7140
2 3 17 20 28 42 70 85 7140
2 3 17 20 28 42 70 102 7140
2 3 17 20 28 42 70 119 7140
2 3 17 20 28 42 84 85 7140
2 3 17 20 28 42 85 102 7140
2 3 17 20 28 42 85 105 7140
2 3 17 20 28 42 85 119 7140
2 3 17 20 28 42 102 105 7140
2 3 17 20 28 42 105 119 7140
2 3 17 20 28 45 51 63 21420
2 3 17 20 28 45 51 126 21420
2 3 17 20 28 45 63 68 21420
2 3 17 20 28 45 63 85 21420
2 3 17 20 28 45 63 102 21420
2 3 17 20 28 45 63 119 21420
2 3 17 20 28 45 68 126 21420
2 3 17 20 28 45 85 126 21420
2 3 17 20 28 45 90 119 21420
2 3 17 20 28 45 102 126 21420
2 3 17 20 28 45 119 126 21420
2 3 17 20 28 48 80 119 28560
2 3 17 20 28 48 85 112 28560
2 3 17 20 28 50 75 119 35700
2 3 17 20 28 51 55 77 78540
2 3 17 20 28 51 56 120 14280
2 3 17 20 28 51 60 70 7140
2 3 17 20 28 51 60 84 7140
2 3 17 20 28 51 60 105 7140
2 3 17 20 28 51 60 119 7140
2 3 17 20 28 51 63 90 21420
2 3 17 20 28 51 65 91 92820
2 3 17 20 28 51 68 70 7140
2 3 17 20 28 51 68 105 7140
2 3 17 20 28 51 70 84 7140
2 3 17 20 28 51 70 85 7140
2 3 17 20 28 51 70 102 7140
2 3 17 20 28 51 70 105 7140
2 3 17 20 28 51 70 119 7140
2 3 17 20 28 51 77 110 78540
2 3 17 20 28 51 80 112 28560
2 3 17 20 28 51 84 85 7140
2 3 17 20 28 51 84 105 7140
2 3 17 20 28 51 85 105 7140
2 3 17 20 28 51 85 119 7140
2 3 17 20 28 51 90 126 21420
2 3 17 20 28 51 102 105 7140
2 3 17 20 28 51 105 119 7140
2 3 17 20 28 55 66 119 78540
2 3 17 20 28 55 77 102 78540
2 3 17 20 28 56 68 120 14280
2 3 17 20 28 56 85 120 14280
2 3 17 20 28 56 102 120 14280
2 3 17 20 28 56 119 120 14280
2 3 17 20 28 57 95 119 135660
2 3 17 20 28 60 68 70 7140
2 3 17 20 28 60 68 84 7140
2 3 17 20 28 60 68 105 7140
2 3 17 20 28 60 68 119 7140
2 3 17 20 28 60 70 85 7140
2 3 17 20 28 60 70 102 7140
2 3 17 20 28 60 70 119 7140
2 3 17 20 28 60 84 85 7140
2 3 17 20 28 60 84 102 7140
2 3 17 20 28 60 84 119 7140
2 3 17 20 28 60 85 105 7140
2 3 17 20 28 60 85 119 7140
2 3 17 20 28 60 102 105 7140
2 3 17 20 28 60 102 119 7140
2 3 17 20 28 60 105 119 7140
2 3 17 20 28 63 68 90 21420
2 3 17 20 28 63 85 90 21420
2 3 17 20 28 63 85 126 21420
2 3 17 20 28 63 90 102 21420
2 3 17 20 28 63 90 119 21420
2 3 17 20 28 65 78 119 92820
2 3 17 20 28 65 91 102 92820
2 3 17 20 28 66 77 85 78540
2 3 17 20 28 66 110 119 78540
2 3 17 20 28 68 70 84 7140
2 3 17 20 28 68 70 102 7140
2 3 17 20 28 68 70 105 7140
2 3 17 20 28 68 84 85 7140
2 3 17 20 28 68 84 105 7140
2 3 17 20 28 68 85 105 7140
2 3 17 20 28 68 90 126 21420
2 3 17 20 28 68 102 105 7140
2 3 17 20 28 68 105 119 7140
2 3 17 20 28 69 115 119 164220
2 3 17 20 28 70 84 85 7140
2 3 17 20 28 70 84 102 7140
2 3 17 20 28 70 84 119 7140
2 3 17 20 28 70 85 102 7140
2 3 17 20 28 70 85 105 7140
2 3 17 20 28 70 102 105 7140
2 3 17 20 28 70 102 119 7140
2 3 17 20 28 70 105 119 7140
2 3 17 20 28 75 100 119 35700
2 3 17 20 28 77 102 110 78540
2 3 17 20 28 78 85 91 92820
2 3 17 20 28 80 102 112 28560
2 3 17 20 28 84 85 102 7140
2 3 17 20 28 84 85 105 7140
2 3 17 20 28 84 85 119 7140
2 3 17 20 28 84 102 105 7140
2 3 17 20 28 84 105 119 7140
2 3 17 20 28 85 90 126 21420
2 3 17 20 28 85 102 105 7140
2 3 17 20 28 85 102 119 7140
2 3 17 20 28 85 105 119 7140
2 3 17 20 28 90 102 126 21420
2 3 17 20 28 90 119 126 21420
2 3 17 20 28 95 114 119 135660
2 3 17 20 28 102 105 119 7140
2 3 17 20 29 30 34 116 29580
2 3 17 20 29 30 51 116 29580
2 3 17 20 29 30 58 68 29580
2 3 17 20 29 30 68 87 29580
2 3 17 20 29 30 68 116 29580
2 3 17 20 29 30 85 116 29580
2 3 17 20 29 30 102 116 29580
2 3 17 20 29 34 58 60 29580
2 3 17 20 29 34 60 87 29580
2 3 17 20 29 34 60 116 29580
2 3 17 20 29 51 58 60 29580
2 3 17 20 29 51 60 87 29580
2 3 17 20 29 51 60 116 29580
2 3 17 20 29 51 85 116 29580
2 3 17 20 29 58 60 68 29580
2 3 17 20 29 58 60 85 29580
2 3 17 20 29 58 60 102 29580
2 3 17 20 29 60 68 87 29580
2 3 17 20 29 60 68 116 29580
2 3 17 20 29 60 85 87 29580
2 3 17 20 29 60 85 116 29580
2 3 17 20 29 60 87 102 29580
2 3 17 20 29 60 102 116 29580
2 3 17 20 29 68 85 87 29580
2 3 17 20 29 85 87 116 29580
2 3 17 20 29 85 102 116 29580
2 3 17 20 29 105 116 119 207060
2 3 17 20 30 31 34 124 31620
2 3 17 20 30 31 51 124 31620
2 3 17 20 30 31 62 68 31620
2 3 17 20 30 31 68 93 31620
2 3 17 20 30 31 68 124 31620
2 3 17 20 30 31 85 124 31620
2 3 17 20 30 31 102 124 31620
2 3 17 20 30 32 34 96 8160
2 3 17 20 30 32 51 96 8160
2 3 17 20 30 32 68 96 8160
2 3 17 20 30 32 85 96 8160
2 3 17 20 30 32 96 102 8160
2 3 17 20 30 33 34 44 11220
2 3 17 20 30 33 44 51 11220
2 3 17 20 30 33 44 68 11220
2 3 17 20 30 33 44 85 11220
2 3 17 20 30 33 44 102 11220
2 3 17 20 30 33 55 68 11220
2 3 17 20 30 33 66 68 11220
2 3 17 20 30 33 68 110 11220
2 3 17 20 30 34 35 84 7140
2 3 17 20 30 34 36 45 3060
2 3 17 20 30 34 36 90 3060
2 3 17 20 30 34 38 76 19380
2 3 17 20 30 34 39 52 13260
2 3 17 20 30 34 40 120 2040
2 3 17 20 30 34 42 84 7140
2 3 17 20 30 34 44 55 11220
2 3 17 20 30 34 44 66 11220
2 3 17 20 30 34 44 110 11220
2 3 17 20 30 34 46 92 23460
2 3 17 20 30 34 48 80 4080
2 3 17 20 30 34 50 100 5100
2 3 17 20 30 34 51 60 1020
2 3 17 20 30 34 51 68 1020
2 3 17 20 30 34 52 65 13260
2 3 17 20 30 34 52 78 13260
2 3 17 20 30 34 54 108 9180
2 3 17 20 30 34 57 76 19380
2 3 17 20 30 34 58 116 29580
2 3 17 20 30 34 60 68 1020
2 3 17 20 30 34 60 85 1020
2 3 17 20 30 34 60 102 1020
2 3 17 20 30 34 62 124 31620
2 3 17 20 30 34 68 85 1020
2 3 17 20 30 34 68 102 1020
2 3 17 20 30 34 69 92 23460
2 3 17 20 30 34 70 84 7140
2 3 17 20 30 34 75 100 5100
2 3 17 20 30 34 76 95 19380
2 3 17 20 30 34 76 114 19380
2 3 17 20 30 34 84 105 7140
2 3 17 20 30 34 84 119 7140
2 3 17 20 30 34 87 116 29580
2 3 17 20 30 34 92 115 23460
2 3 17 20 30 34 93 124 31620
2 3 17 20 30 35 42 68 7140
2 3 17 20 30 35 51 84 7140
2 3 17 20 30 35 60 119 7140
2 3 17 20 30 35 68 70 7140
2 3 17 20 30 35 68 84 7140
2 3 17 20 30 35 68 105 7140
2 3 17 20 30 35 68 119 7140
2 3 17 20 30 35 84 85 7140
2 3 17 20 30 35 84 102 7140
2 3 17 20 30 35 84 119 7140
2 3 17 20 30 36 45 51 3060
2 3 17 20 30 36 45 68 3060
2 3 17 20 30 36 45 85 3060
2 3 17 20 30 36 45 102 3060
2 3 17 20 30 36 51 90 3060
2 3 17 20 30 36 63 119 21420
2 3 17 20 30 36 68 90 3060
2 3 17 20 30 36 85 90 3060
2 3 17 20 30 36 90 102 3060
2 3 17 20 30 36 119 126 21420
2 3 17 20 30 37 68 74 37740
2 3 17 20 30 37 68 111 37740
2 3 17 20 30 38 51 76 19380
2 3 17 20 30 38 57 68 19380
2 3 17 20 30 38 68 76 19380
2 3 17 20 30 38 68 95 19380
2 3 17 20 30 38 68 114 19380
2 3 17 20 30 38 76 85 19380
2 3 17 20 30 38 76 102 19380
2 3 17 20 30 39 51 52 13260
2 3 17 20 30 39 52 68 13260
2 3 17 20 30 39 52 85 13260
2 3 17 20 30 39 52 102 13260
2 3 17 20 30 39 65 68 13260
2 3 17 20 30 39 68 78 13260
2 3 17 20 30 40 51 120 2040
2 3 17 20 30 40 56 119 14280
2 3 17 20 30 40 68 120 2040
2 3 17 20 30 40 85 120 2040
2 3 17 20 30 40 102 120 2040
2 3 17 20 30 41 68 82 41820
2 3 17 20 30 41 68 123 41820
2 3 17 20 30 42 51 84 7140
2 3 17 20 30 42 60 119 7140
2 3 17 20 30 42 68 70 7140
2 3 17 20 30 42 68 84 7140
2 3 17 20 30 42 68 105 7140
2 3 17 20 30 42 68 119 7140
2 3 17 20 30 42 84 85 7140
2 3 17 20 30 42 84 102 7140
2 3 17 20 30 42 84 119 7140
2 3 17 20 30 43 68 86 43860
2 3 17 20 30 44 51 55 11220
2 3 17 20 30 44 51 66 11220
2 3 17 20 30 44 51 110 11220
2 3 17 20 30 44 55 68 11220
2 3 17 20 30 44 55 85 11220
2 3 17 20 30 44 55 102 11220
2 3 17 20 30 44 66 68 11220
2 3 17 20 30 44 66 85 11220
2 3 17 20 30 44 66 102 11220
2 3 17 20 30 44 68 110 11220
2 3 17 20 30 44 77 119 78540
2 3 17 20 30 44 85 110 11220
2 3 17 20 30 44 102 110 11220
2 3 17 20 30 45 68 90 3060
2 3 17 20 30 46 51 92 23460
2 3 17 20 30 46 68 69 23460
2 3 17 20 30 46 68 92 23460
2 3 17 20 30 46 68 115 23460
2 3 17 20 30 46 85 92 23460
2 3 17 20 30 46 92 102 23460
2 3 17 20 30 47 68 94 47940
2 3 17 20 30 48 51 80 4080
2 3 17 20 30 48 68 80 4080
2 3 17 20 30 48 80 85 4080
2 3 17 20 30 48 80 102 4080
2 3 17 20 30 48 112 119 28560
2 3 17 20 30 49 68 98 49980
2 3 17 20 30 50 51 100 5100
2 3 17 20 30 50 68 75 5100
2 3 17 20 30 50 68 100 5100
2 3 17 20 30 50 85 100 5100
2 3 17 20 30 50 100 102 5100
2 3 17 20 30 51 52 65 13260
2 3 17 20 30 51 52 78 13260
2 3 17 20 30 51 54 108 9180
2 3 17 20 30 51 57 76 19380
2 3 17 20 30 51 58 116 29580
2 3 17 20 30 51 60 68 1020
2 3 17 20 30 51 60 85 1020
2 3 17 20 30 51 60 102 1020
2 3 17 20 30 51 62 124 31620
2 3 17 20 30 51 68 85 1020
2 3 17 20 30 51 68 102 1020
2 3 17 20 30 51 69 92 23460
2 3 17 20 30 51 70 84 7140
2 3 17 20 30 51 75 100 5100
2 3 17 20 30 51 76 95 19380
2 3 17 20 30 51 76 114 19380
2 3 17 20 30 51 84 105 7140
2 3 17 20 30 51 84 119 7140
2 3 17 20 30 51 87 116 29580
2 3 17 20 30 51 92 115 23460
2 3 17 20 30 51 93 124 31620
2 3 17 20 30 52 65 68 13260
2 3 17 20 30 52 65 85 13260
2 3 17 20 30 52 65 102 13260
2 3 17 20 30 52 68 78 13260
2 3 17 20 30 52 78 85 13260
2 3 17 20 30 52 78 102 13260
2 3 17 20 30 52 91 119 92820
2 3 17 20 30 53 68 106 54060
2 3 17 20 30 54 68 108 9180
2 3 17 20 30 54 85 108 9180
2 3 17 20 30 54 102 108 9180
2 3 17 20 30 55 66 68 11220
2 3 17 20 30 55 68 110 11220
2 3 17 20 30 56 119 120 14280
2 3 17 20 30 57 68 76 19380
2 3 17 20 30 57 68 95 19380
2 3 17 20 30 57 68 114 19380
2 3 17 20 30 57 76 85 19380
2 3 17 20 30 57 76 102 19380
2 3 17 20 30 58 68 87 29580
2 3 17 20 30 58 68 116 29580
2 3 17 20 30 58 85 116 29580
2 3 17 20 30 58 102 116 29580
2 3 17 20 30 59 68 118 60180
2 3 17 20 30 60 68 85 1020
2 3 17 20 30 60 68 102 1020
2 3 17 20 30 60 70 119 7140
2 3 17 20 30 60 84 119 7140
2 3 17 20 30 60 85 102 1020
2 3 17 20 30 60 105 119 7140
2 3 17 20 30 61 68 122 62220
2 3 17 20 30 62 68 93 31620
2 3 17 20 30 62 68 124 31620
2 3 17 20 30 62 85 124 31620
2 3 17 20 30 62 102 124 31620
2 3 17 20 30 63 68 126 21420
2 3 17 20 30 65 68 78 13260
2 3 17 20 30 66 68 110 11220
2 3 17 20 30 68 69 92 23460
2 3 17 20 30 68 69 115 23460
2 3 17 20 30 68 70 84 7140
2 3 17 20 30 68 70 105 7140
2 3 17 20 30 68 70 119 7140
2 3 17 20 30 68 74 111 37740
2 3 17 20 30 68 75 100 5100
2 3 17 20 30 68 76 95 19380
2 3 17 20 30 68 76 114 19380
2 3 17 20 30 68 82 123 41820
2 3 17 20 30 68 84 105 7140
2 3 17 20 30 68 84 119 7140
2 3 17 20 30 68 85 102 1020
2 3 17 20 30 68 87 116 29580
2 3 17 20 30 68 92 115 23460
2 3 17 20 30 68 93 124 31620
2 3 17 20 30 68 95 114 19380
2 3 17 20 30 68 105 119 7140
2 3 17 20 30 69 85 92 23460
2 3 17 20 30 69 92 102 23460
2 3 17 20 30 70 84 85 7140
2 3 17 20 30 70 84 102 7140
2 3 17 20 30 70 84 119 7140
2 3 17 20 30 75 85 100 5100
2 3 17 20 30 75 100 102 5100
2 3 17 20 30 76 85 95 19380
2 3 17 20 30 76 85 114 19380
2 3 17 20 30 76 95 102 19380
2 3 17 20 30 76 102 114 19380
2 3 17 20 30 80 112 119 28560
2 3 17 20 30 84 85 105 7140
2 3 17 20 30 84 85 119 7140
2 3 17 20 30 84 102 105 7140
2 3 17 20 30 84 102 119 7140
2 3 17 20 30 84 105 119 7140
2 3 17 20 30 85 87 116 29580
2 3 17 20 30 85 92 115 23460
2 3 17 20 30 85 93 124 31620
2 3 17 20 30 87 102 116 29580
2 3 17 20 30 92 102 115 23460
2 3 17 20 30 93 102 124 31620
2 3 17 20 31 34 60 62 31620
2 3 17 20 31 34 60 93 31620
2 3 17 20 31 34 60 124 31620
2 3 17 20 31 51 60 62 31620
2 3 17 20 31 51 60 93 31620
2 3 17 20 31 51 60 124 31620
2 3 17 20 31 51 85 124 31620
2 3 17 20 31 60 62 68 31620
2 3 17 20 31 60 62 85 31620
2 3 17 20 31 60 62 102 31620
2 3 17 20 31 60 68 93 31620
2 3 17 20 31 60 68 124 31620
2 3 17 20 31 60 85 93 31620
2 3 17 20 31 60 85 124 31620
2 3 17 20 31 60 93 102 31620
2 3 17 20 31 60 102 124 31620
2 3 17 20 31 68 85 93 31620
2 3 17 20 31 85 93 124 31620
2 3 17 20 31 85 102 124 31620
2 3 17 20 31 105 119 124 221340
2 3 17 20 32 34 40 96 8160
2 3 17 20 32 34 60 96 8160
2 3 17 20 32 34 80 96 8160
2 3 17 20 32 34 85 96 8160
2 3 17 20 32 34 96 120 8160
2 3 17 20 32 35 96 119 57120
2 3 17 20 32 40 51 96 8160
2 3 17 20 32 40 68 96 8160
2 3 17 20 32 40 85 96 8160
2 3 17 20 32 40 96 102 8160
2 3 17 20 32 48 85 96 8160
2 3 17 20 32 51 60 96 8160
2 3 17 20 32 51 80 96 8160
2 3 17 20 32 51 85 96 8160
2 3 17 20 32 51 96 120 8160
2 3 17 20 32 60 68 96 8160
2 3 17 20 32 60 85 96 8160
2 3 17 20 32 60 96 102 8160
2 3 17 20 32 68 80 96 8160
2 3 17 20 32 68 85 96 8160
2 3 17 20 32 68 96 120 8160
2 3 17 20 32 70 96 119 57120
2 3 17 20 32 80 85 96 8160
2 3 17 20 32 80 96 102 8160
2 3 17 20 32 85 96 102 8160
2 3 17 20 32 85 96 120 8160
2 3 17 20 32 96 102 120 8160
2 3 17 20 32 96 105 119 57120
2 3 17 20 33 34 40 88 22440
2 3 17 20 33 34 44 55 11220
2 3 17 20 33 34 44 60 11220
2 3 17 20 33 34 44 85 11220
2 3 17 20 33 34 44 110 11220
2 3 17 20 33 34 55 60 11220
2 3 17 20 33 34 55 68 11220
2 3 17 20 33 34 60 66 11220
2 3 17 20 33 34 60 110 11220
2 3 17 20 33 34 68 110 11220
2 3 17 20 33 34 88 120 22440
2 3 17 20 33 35 44 119 78540
2 3 17 20 33 35 68 77 78540
2 3 17 20 33 36 85 99 33660
2 3 17 20 33 40 51 88 22440
2 3 17 20 33 40 68 88 22440
2 3 17 20 33 40 85 88 22440
2 3 17 20 33 40 88 102 22440
2 3 17 20 33 44 51 55 11220
2 3 17 20 33 44 51 60 11220
2 3 17 20 33 44 51 85 11220
2 3 17 20 33 44 51 110 11220
2 3 17 20 33 44 55 68 11220
2 3 17 20 33 44 55 85 11220
2 3 17 20 33 44 55 102 11220
2 3 17 20 33 44 60 68 11220
2 3 17 20 33 44 60 85 11220
2 3 17 20 33 44 60 102 11220
2 3 17 20 33 44 66 85 11220
2 3 17 20 33 44 68 85 11220
2 3 17 20 33 44 68 110 11220
2 3 17 20 33 44 70 119 78540
2 3 17 20 33 44 85 102 11220
2 3 17 20 33 44 85 110 11220
2 3 17 20 33 44 102 110 11220
2 3 17 20 33 44 105 119 78540
2 3 17 20 33 45 68 99 33660
2 3 17 20 33 51 55 60 11220
2 3 17 20 33 51 55 68 11220
2 3 17 20 33 51 60 66 11220
2 3 17 20 33 51 60 110 11220
2 3 17 20 33 51 68 110 11220
2 3 17 20 33 51 88 120 22440
2 3 17 20 33 55 60 68 11220
2 3 17 20 33 55 60 85 11220
2 3 17 20 33 55 60 102 11220
2 3 17 20 33 55 66 68 11220
2 3 17 20 33 55 68 85 11220
2 3 17 20 33 55 68 102 11220
2 3 17 20 33 55 68 110 11220
2 3 17 20 33 55 84 119 78540
2 3 17 20 33 60 66 68 11220
2 3 17 20 33 60 66 85 11220
2 3 17 20 33 60 66 102 11220
2 3 17 20 33 60 68 110 11220
2 3 17 20 33 60 77 119 78540
2 3 17 20 33 60 85 110 11220
2 3 17 20 33 60 102 110 11220
2 3 17 20 33 66 68 85 11220
2 3 17 20 33 66 68 110 11220
2 3 17 20 33 68 70 77 78540
2 3 17 20 33 68 77 105 78540
2 3 17 20 33 68 85 110 11220
2 3 17 20 33 68 88 120 22440
2 3 17 20 33 68 90 99 33660
2 3 17 20 33 68 102 110 11220
2 3 17 20 33 77 84 85 78540
2 3 17 20 33 84 110 119 78540
2 3 17 20 33 85 88 120 22440
2 3 17 20 33 88 102 120 22440
2 3 17 20 34 35 36 63 21420
2 3 17 20 34 35 36 126 21420
2 3 17 20 34 35 42 60 7140
2 3 17 20 34 35 42 68 7140
2 3 17 20 34 35 42 84 7140
2 3 17 20 34 35 48 112 28560
2 3 17 20 34 35 51 84 7140
2 3 17 20 34 35 56 120 14280
2 3 17 20 34 35 60 70 7140
2 3 17 20 34 35 60 84 7140
2 3 17 20 34 35 60 105 7140
2 3 17 20 34 35 60 119 7140
2 3 17 20 34 35 68 84 7140
2 3 17 20 34 35 68 105 7140
2 3 17 20 34 35 70 84 7140
2 3 17 20 34 35 84 85 7140
2 3 17 20 34 35 84 102 7140
2 3 17 20 34 35 84 105 7140
2 3 17 20 34 35 84 119 7140
2 3 17 20 34 36 40 72 6120
2 3 17 20 34 36 45 51 3060
2 3 17 20 34 36 45 60 3060
2 3 17 20 34 36 45 68 3060
2 3 17 20 34 36 45 85 3060
2 3 17 20 34 36 45 90 3060
2 3 17 20 34 36 45 102 3060
2 3 17 20 34 36 51 90 3060
2 3 17 20 34 36 55 99 33660
2 3 17 20 34 36 60 90 3060
2 3 17 20 34 36 63 70 21420
2 3 17 20 34 36 63 105 21420
2 3 17 20 34 36 65 117 39780
2 3 17 20 34 36 68 90 3060
2 3 17 20 34 36 70 126 21420
2 3 17 20 34 36 72 120 6120
2 3 17 20 34 36 85 90 3060
2 3 17 20 34 36 90 102 3060
2 3 17 20 34 36 99 110 33660
2 3 17 20 34 36 105 126 21420
2 3 17 20 34 37 60 74 37740
2 3 17 20 34 37 60 111 37740
2 3 17 20 34 38 57 60 19380
2 3 17 20 34 38 60 76 19380
2 3 17 20 34 38 60 95 19380
2 3 17 20 34 38 60 114 19380
2 3 17 20 34 39 40 104 26520
2 3 17 20 34 39 52 60 13260
2 3 17 20 34 39 52 65 13260
2 3 17 20 34 39 52 85 13260
2 3 17 20 34 39 60 65 13260
2 3 17 20 34 39 60 78 13260
2 3 17 20 34 39 65 68 13260
2 3 17 20 34 39 104 120 26520
2 3 17 20 34 40 42 56 14280
2 3 17 20 34 40 45 72 6120
2 3 17 20 34 40 48 80 4080
2 3 17 20 34 40 51 120 2040
2 3 17 20 34 40 56 84 14280
2 3 17 20 34 40 56 105 14280
2 3 17 20 34 40 60 120 2040
2 3 17 20 34 40 66 88 22440
2 3 17 20 34 40 68 120 2040
2 3 17 20 34 40 72 90 6120
2 3 17 20 34 40 78 104 26520
2 3 17 20 34 40 85 120 2040
2 3 17 20 34 40 102 120 2040
2 3 17 20 34 41 60 82 41820
2 3 17 20 34 41 60 123 41820
2 3 17 20 34 42 56 120 14280
2 3 17 20 34 42 60 70 7140
2 3 17 20 34 42 60 84 7140
2 3 17 20 34 42 60 105 7140
2 3 17 20 34 42 60 119 7140
2 3 17 20 34 42 68 70 7140
2 3 17 20 34 42 68 105 7140
2 3 17 20 34 42 70 84 7140
2 3 17 20 34 42 80 112 28560
2 3 17 20 34 42 84 85 7140
2 3 17 20 34 42 84 105 7140
2 3 17 20 34 43 60 86 43860
2 3 17 20 34 44 45 99 33660
2 3 17 20 34 44 51 55 11220
2 3 17 20 34 44 51 110 11220
2 3 17 20 34 44 55 60 11220
2 3 17 20 34 44 55 66 11220
2 3 17 20 34 44 55 102 11220
2 3 17 20 34 44 60 66 11220
2 3 17 20 34 44 60 110 11220
2 3 17 20 34 44 66 85 11220
2 3 17 20 34 44 66 110 11220
2 3 17 20 34 44 77 105 78540
2 3 17 20 34 44 88 120 22440
2 3 17 20 34 44 90 99 33660
2 3 17 20 34 44 102 110 11220
2 3 17 20 34 45 52 117 39780
2 3 17 20 34 45 54 108 9180
2 3 17 20 34 45 60 90 3060
2 3 17 20 34 45 63 84 21420
2 3 17 20 34 45 68 90 3060
2 3 17 20 34 45 72 120 6120
2 3 17 20 34 45 84 126 21420
2 3 17 20 34 46 60 69 23460
2 3 17 20 34 46 60 92 23460
2 3 17 20 34 46 60 115 23460
2 3 17 20 34 47 60 94 47940
2 3 17 20 34 48 51 80 4080
2 3 17 20 34 48 60 80 4080
2 3 17 20 34 48 68 80 4080
2 3 17 20 34 48 70 112 28560
2 3 17 20 34 48 80 85 4080
2 3 17 20 34 48 80 102 4080
2 3 17 20 34 48 80 120 4080
2 3 17 20 34 48 105 112 28560
2 3 17 20 34 49 60 98 49980
2 3 17 20 34 50 51 100 5100
2 3 17 20 34 50 60 75 5100
2 3 17 20 34 50 60 100 5100
2 3 17 20 34 50 68 75 5100
2 3 17 20 34 50 75 100 5100
2 3 17 20 34 50 100 102 5100
2 3 17 20 34 51 52 65 13260
2 3 17 20 34 51 60 68 1020
2 3 17 20 34 51 60 85 1020
2 3 17 20 34 51 60 102 1020
2 3 17 20 34 51 68 85 1020
2 3 17 20 34 51 70 84 7140
2 3 17 20 34 51 75 100 5100
2 3 17 20 34 51 76 95 19380
2 3 17 20 34 51 84 105 7140
2 3 17 20 34 51 92 115 23460
2 3 17 20 34 52 60 65 13260
2 3 17 20 34 52 60 78 13260
2 3 17 20 34 52 65 78 13260
2 3 17 20 34 52 65 102 13260
2 3 17 20 34 52 78 85 13260
2 3 17 20 34 52 90 117 39780
2 3 17 20 34 52 91 105 92820
2 3 17 20 34 52 104 120 26520
2 3 17 20 34 53 60 106 54060
2 3 17 20 34 54 60 108 9180
2 3 17 20 34 54 85 108 9180
2 3 17 20 34 54 90 108 9180
2 3 17 20 34 55 60 66 11220
2 3 17 20 34 55 60 110 11220
2 3 17 20 34 55 66 68 11220
2 3 17 20 34 55 77 84 78540
2 3 17 20 34 55 88 120 22440
2 3 17 20 34 56 70 120 14280
2 3 17 20 34 56 84 120 14280
2 3 17 20 34 56 105 120 14280
2 3 17 20 34 56 119 120 14280
2 3 17 20 34 57 60 76 19380
2 3 17 20 34 57 60 95 19380
2 3 17 20 34 57 60 114 19380
2 3 17 20 34 57 68 95 19380
2 3 17 20 34 57 76 85 19380
2 3 17 20 34 57 76 95 19380
2 3 17 20 34 58 60 87 29580
2 3 17 20 34 58 60 116 29580
2 3 17 20 34 59 60 118 60180
2 3 17 20 34 60 61 122 62220
2 3 17 20 34 60 62 93 31620
2 3 17 20 34 60 62 124 31620
2 3 17 20 34 60 63 126 21420
2 3 17 20 34 60 65 78 13260
2 3 17 20 34 60 66 110 11220
2 3 17 20 34 60 68 85 1020
2 3 17 20 34 60 68 102 1020
2 3 17 20 34 60 69 92 23460
2 3 17 20 34 60 69 115 23460
2 3 17 20 34 60 70 84 7140
2 3 17 20 34 60 70 105 7140
2 3 17 20 34 60 70 119 7140
2 3 17 20 34 60 74 111 37740
2 3 17 20 34 60 75 100 5100
2 3 17 20 34 60 76 95 19380
2 3 17 20 34 60 76 114 19380
2 3 17 20 34 60 82 123 41820
2 3 17 20 34 60 84 105 7140
2 3 17 20 34 60 84 119 7140
2 3 17 20 34 60 85 102 1020
2 3 17 20 34 60 87 116 29580
2 3 17 20 34 60 92 115 23460
2 3 17 20 34 60 93 124 31620
2 3 17 20 34 60 95 114 19380
2 3 17 20 34 60 105 119 7140
2 3 17 20 34 63 84 90 21420
2 3 17 20 34 65 68 78 13260
2 3 17 20 34 65 84 91 92820
2 3 17 20 34 65 104 120 26520
2 3 17 20 34 66 68 110 11220
2 3 17 20 34 66 88 120 22440
2 3 17 20 34 68 69 115 23460
2 3 17 20 34 68 70 84 7140
2 3 17 20 34 68 70 105 7140
2 3 17 20 34 68 75 100 5100
2 3 17 20 34 68 84 105 7140
2 3 17 20 34 68 85 102 1020
2 3 17 20 34 68 95 114 19380
2 3 17 20 34 68 105 119 7140
2 3 17 20 34 69 85 92 23460
2 3 17 20 34 69 92 115 23460
2 3 17 20 34 70 84 85 7140
2 3 17 20 34 70 84 102 7140
2 3 17 20 34 70 84 105 7140
2 3 17 20 34 70 84 119 7140
2 3 17 20 34 72 90 120 6120
2 3 17 20 34 75 85 100 5100
2 3 17 20 34 75 100 102 5100
2 3 17 20 34 76 85 114 19380
2 3 17 20 34 76 95 102 19380
2 3 17 20 34 76 95 114 19380
2 3 17 20 34 77 84 110 78540
2 3 17 20 34 78 104 120 26520
2 3 17 20 34 80 84 112 28560
2 3 17 20 34 80 105 112 28560
2 3 17 20 34 84 85 105 7140
2 3 17 20 34 84 85 119 7140
2 3 17 20 34 84 90 126 21420
2 3 17 20 34 84 102 105 7140
2 3 17 20 34 84 105 119 7140
2 3 17 20 34 85 87 116 29580
2 3 17 20 34 85 93 124 31620
2 3 17 20 34 88 110 120 22440
2 3 17 20 34 92 102 115 23460
2 3 17 20 35 36 45 119 21420
2 3 17 20 35 36 51 63 21420
2 3 17 20 35 36 51 126 21420
2 3 17 20 35 36 63 68 21420
2 3 17 20 35 36 63 85 21420
2 3 17 20 35 36 63 102 21420
2 3 17 20 35 36 63 119 21420
2 3 17 20 35 36 68 126 21420
2 3 17 20 35 36 85 126 21420
2 3 17 20 35 36 90 119 21420
2 3 17 20 35 36 102 126 21420
2 3 17 20 35 36 119 126 21420
2 3 17 20 35 39 52 119 92820
2 3 17 20 35 39 68 91 92820
2 3 17 20 35 40 51 56 14280
2 3 17 20 35 40 56 102 14280
2 3 17 20 35 40 119 120 14280
2 3 17 20 35 42 51 60 7140
2 3 17 20 35 42 51 68 7140
2 3 17 20 35 42 51 84 7140
2 3 17 20 35 42 60 68 7140
2 3 17 20 35 42 60 85 7140
2 3 17 20 35 42 60 102 7140
2 3 17 20 35 42 60 119 7140
2 3 17 20 35 42 68 70 7140
2 3 17 20 35 42 68 84 7140
2 3 17 20 35 42 68 85 7140
2 3 17 20 35 42 68 102 7140
2 3 17 20 35 42 68 105 7140
2 3 17 20 35 42 68 119 7140
2 3 17 20 35 42 84 85 7140
2 3 17 20 35 42 84 102 7140
2 3 17 20 35 42 84 119 7140
2 3 17 20 35 44 51 77 78540
2 3 17 20 35 44 66 119 78540
2 3 17 20 35 44 77 102 78540
2 3 17 20 35 45 63 68 21420
2 3 17 20 35 45 68 126 21420
2 3 17 20 35 48 51 112 28560
2 3 17 20 35 48 68 112 28560
2 3 17 20 35 48 80 119 28560
2 3 17 20 35 48 85 112 28560
2 3 17 20 35 48 102 112 28560
2 3 17 20 35 48 112 119 28560
2 3 17 20 35 51 52 91 92820
2 3 17 20 35 51 56 120 14280
2 3 17 20 35 51 60 70 7140
2 3 17 20 35 51 60 84 7140
2 3 17 20 35 51 60 105 7140
2 3 17 20 35 51 60 119 7140
2 3 17 20 35 51 68 70 7140
2 3 17 20 35 51 68 84 7140
2 3 17 20 35 51 68 105 7140
2 3 17 20 35 51 68 119 7140
2 3 17 20 35 51 70 84 7140
2 3 17 20 35 51 80 112 28560
2 3 17 20 35 51 84 85 7140
2 3 17 20 35 51 84 102 7140
2 3 17 20 35 51 84 105 7140
2 3 17 20 35 51 84 119 7140
2 3 17 20 35 52 78 119 92820
2 3 17 20 35 52 91 102 92820
2 3 17 20 35 54 108 119 64260
2 3 17 20 35 56 68 120 14280
2 3 17 20 35 56 85 120 14280
2 3 17 20 35 56 102 120 14280
2 3 17 20 35 56 119 120 14280
2 3 17 20 35 57 76 119 135660
2 3 17 20 35 60 68 70 7140
2 3 17 20 35 60 68 84 7140
2 3 17 20 35 60 68 105 7140
2 3 17 20 35 60 68 119 7140
2 3 17 20 35 60 70 85 7140
2 3 17 20 35 60 70 102 7140
2 3 17 20 35 60 70 119 7140
2 3 17 20 35 60 84 85 7140
2 3 17 20 35 60 84 102 7140
2 3 17 20 35 60 84 119 7140
2 3 17 20 35 60 85 105 7140
2 3 17 20 35 60 85 119 7140
2 3 17 20 35 60 102 105 7140
2 3 17 20 35 60 102 119 7140
2 3 17 20 35 60 105 119 7140
2 3 17 20 35 63 68 90 21420
2 3 17 20 35 63 68 126 21420
2 3 17 20 35 66 68 77 78540
2 3 17 20 35 68 70 84 7140
2 3 17 20 35 68 70 102 7140
2 3 17 20 35 68 70 105 7140
2 3 17 20 35 68 78 91 92820
2 3 17 20 35 68 84 85 7140
2 3 17 20 35 68 84 102 7140
2 3 17 20 35 68 84 105 7140
2 3 17 20 35 68 84 119 7140
2 3 17 20 35 68 85 105 7140
2 3 17 20 35 68 90 126 21420
2 3 17 20 35 68 102 105 7140
2 3 17 20 35 68 102 119 7140
2 3 17 20 35 68 105 119 7140
2 3 17 20 35 69 92 119 164220
2 3 17 20 35 70 84 85 7140
2 3 17 20 35 70 84 102 7140
2 3 17 20 35 70 84 119 7140
2 3 17 20 35 75 100 119 35700
2 3 17 20 35 76 114 119 135660
2 3 17 20 35 80 102 112 28560
2 3 17 20 35 84 85 102 7140
2 3 17 20 35 84 85 105 7140
2 3 17 20 35 84 85 119 7140
2 3 17 20 35 84 102 105 7140
2 3 17 20 35 84 102 119 7140
2 3 17 20 35 84 105 119 7140
2 3 17 20 36 39 85 117 39780
2 3 17 20 36 40 51 72 6120
2 3 17 20 36 40 68 72 6120
2 3 17 20 36 40 72 85 6120
2 3 17 20 36 40 72 102 6120
2 3 17 20 36 42 45 119 21420
2 3 17 20 36 42 63 85 21420
2 3 17 20 36 42 85 126 21420
2 3 17 20 36 42 90 119 21420
2 3 17 20 36 44 85 99 33660
2 3 17 20 36 45 51 60 3060
2 3 17 20 36 45 51 68 3060
2 3 17 20 36 45 51 85 3060
2 3 17 20 36 45 51 90 3060
2 3 17 20 36 45 51 102 3060
2 3 17 20 36 45 60 68 3060
2 3 17 20 36 45 60 85 3060
2 3 17 20 36 45 60 102 3060
2 3 17 20 36 45 63 119 21420
2 3 17 20 36 45 68 85 3060
2 3 17 20 36 45 68 90 3060
2 3 17 20 36 45 68 102 3060
2 3 17 20 36 45 70 119 21420
2 3 17 20 36 45 84 119 21420
2 3 17 20 36 45 85 90 3060
2 3 17 20 36 45 85 102 3060
2 3 17 20 36 45 90 102 3060
2 3 17 20 36 45 105 119 21420
2 3 17 20 36 45 119 126 21420
2 3 17 20 36 51 55 99 33660
2 3 17 20 36 51 60 90 3060
2 3 17 20 36 51 63 70 21420
2 3 17 20 36 51 63 105 21420
2 3 17 20 36 51 65 117 39780
2 3 17 20 36 51 68 90 3060
2 3 17 20 36 51 70 126 21420
2 3 17 20 36 51 72 120 6120
2 3 17 20 36 51 85 90 3060
2 3 17 20 36 51 90 102 3060
2 3 17 20 36 51 99 110 33660
2 3 17 20 36 51 105 126 21420
2 3 17 20 36 52 85 117 39780
2 3 17 20 36 54 85 108 9180
2 3 17 20 36 55 68 99 33660
2 3 17 20 36 55 85 99 33660
2 3 17 20 36 55 99 102 33660
2 3 17 20 36 60 63 119 21420
2 3 17 20 36 60 68 90 3060
2 3 17 20 36 60 85 90 3060
2 3 17 20 36 60 90 102 3060
2 3 17 20 36 60 119 126 21420
2 3 17 20 36 63 68 70 21420
2 3 17 20 36 63 68 105 21420
2 3 17 20 36 63 70 85 21420
2 3 17 20 36 63 70 102 21420
2 3 17 20 36 63 70 119 21420
2 3 17 20 36 63 84 85 21420
2 3 17 20 36 63 85 105 21420
2 3 17 20 36 63 85 119 21420
2 3 17 20 36 63 85 126 21420
2 3 17 20 36 63 90 119 21420
2 3 17 20 36 63 102 105 21420
2 3 17 20 36 63 105 119 21420
2 3 17 20 36 65 68 117 39780
2 3 17 20 36 65 85 117 39780
2 3 17 20 36 65 102 117 39780
2 3 17 20 36 66 85 99 33660
2 3 17 20 36 68 70 126 21420
2 3 17 20 36 68 72 120 6120
2 3 17 20 36 68 85 90 3060
2 3 17 20 36 68 90 102 3060
2 3 17 20 36 68 99 110 33660
2 3 17 20 36 68 105 126 21420
2 3 17 20 36 70 85 126 21420
2 3 17 20 36 70 90 119 21420
2 3 17 20 36 70 102 126 21420
2 3 17 20 36 70 119 126 21420
2 3 17 20 36 72 85 120 6120
2 3 17 20 36 72 102 120 6120
2 3 17 20 36 78 85 117 39780
2 3 17 20 36 84 85 126 21420
2 3 17 20 36 84 90 119 21420
2 3 17 20 36 85 90 102 3060
2 3 17 20 36 85 99 110 33660
2 3 17 20 37 51 60 74 37740
2 3 17 20 37 51 60 111 37740
2 3 17 20 37 60 68 74 37740
2 3 17 20 37 60 68 111 37740
2 3 17 20 37 60 74 85 37740
2 3 17 20 37 60 74 102 37740
2 3 17 20 37 60 85 111 37740
2 3 17 20 37 60 102 111 37740
2 3 17 20 37 68 85 111 37740
2 3 17 20 38 51 57 60 19380
2 3 17 20 38 51 60 76 19380
2 3 17 20 38 51 60 95 19380
2 3 17 20 38 51 60 114 19380
2 3 17 20 38 51 68 95 19380
2 3 17 20 38 51 76 85 19380
2 3 17 20 38 51 76 95 19380
2 3 17 20 38 57 60 68 19380
2 3 17 20 38 57 60 85 19380
2 3 17 20 38 57 60 102 19380
2 3 17 20 38 57 68 85 19380
2 3 17 20 38 57 68 95 19380
2 3 17 20 38 57 76 85 19380
2 3 17 20 38 60 68 76 19380
2 3 17 20 38 60 68 95 19380
2 3 17 20 38 60 68 114 19380
2 3 17 20 38 60 76 85 19380
2 3 17 20 38 60 76 102 19380
2 3 17 20 38 60 85 95 19380
2 3 17 20 38 60 85 114 19380
2 3 17 20 38 60 95 102 19380
2 3 17 20 38 60 102 114 19380
2 3 17 20 38 68 85 114 19380
2 3 17 20 38 68 95 102 19380
2 3 17 20 38 68 95 114 19380
2 3 17 20 38 76 85 102 19380
2 3 17 20 38 76 85 114 19380
2 3 17 20 38 76 95 102 19380
2 3 17 20 39 40 51 104 26520
2 3 17 20 39 40 68 104 26520
2 3 17 20 39 40 85 104 26520
2 3 17 20 39 40 102 104 26520
2 3 17 20 39 45 68 117 39780
2 3 17 20 39 51 52 60 13260
2 3 17 20 39 51 52 65 13260
2 3 17 20 39 51 52 85 13260
2 3 17 20 39 51 60 65 13260
2 3 17 20 39 51 60 78 13260
2 3 17 20 39 51 65 68 13260
2 3 17 20 39 51 104 120 26520
2 3 17 20 39 52 60 68 13260
2 3 17 20 39 52 60 85 13260
2 3 17 20 39 52 60 102 13260
2 3 17 20 39 52 65 68 13260
2 3 17 20 39 52 65 85 13260
2 3 17 20 39 52 65 102 13260
2 3 17 20 39 52 68 85 13260
2 3 17 20 39 52 70 119 92820
2 3 17 20 39 52 78 85 13260
2 3 17 20 39 52 85 102 13260
2 3 17 20 39 52 105 119 92820
2 3 17 20 39 60 65 68 13260
2 3 17 20 39 60 65 85 13260
2 3 17 20 39 60 65 102 13260
2 3 17 20 39 60 68 78 13260
2 3 17 20 39 60 78 85 13260
2 3 17 20 39 60 78 102 13260
2 3 17 20 39 60 91 119 92820
2 3 17 20 39 65 68 78 13260
2 3 17 20 39 65 68 85 13260
2 3 17 20 39 65 68 102 13260
2 3 17 20 39 65 84 119 92820
2 3 17 20 39 68 70 91 92820
2 3 17 20 39 68 78 85 13260
2 3 17 20 39 68 90 117 39780
2 3 17 20 39 68 91 105 92820
2 3 17 20 39 68 104 120 26520
2 3 17 20 39 84 85 91 92820
2 3 17 20 40 42 51 56 14280
2 3 17 20 40 42 56 68 14280
2 3 17 20 40 42 56 85 14280
2 3 17 20 40 42 56 102 14280
2 3 17 20 40 42 56 119 14280
2 3 17 20 40 42 119 120 14280
2 3 17 20 40 44 51 88 22440
2 3 17 20 40 44 88 102 22440
2 3 17 20 40 45 51 72 6120
2 3 17 20 40 45 68 72 6120
2 3 17 20 40 45 72 85 6120
2 3 17 20 40 45 72 102 6120
2 3 17 20 40 48 51 80 4080
2 3 17 20 40 48 68 80 4080
2 3 17 20 40 48 80 85 4080
2 3 17 20 40 48 80 102 4080
2 3 17 20 40 48 112 119 28560
2 3 17 20 40 51 52 104 26520
2 3 17 20 40 51 55 88 22440
2 3 17 20 40 51 56 70 14280
2 3 17 20 40 51 56 84 14280
2 3 17 20 40 51 56 105 14280
2 3 17 20 40 51 56 119 14280
2 3 17 20 40 51 60 120 2040
2 3 17 20 40 51 65 104 26520
2 3 17 20 40 51 66 88 22440
2 3 17 20 40 51 68 120 2040
2 3 17 20 40 51 72 90 6120
2 3 17 20 40 51 78 104 26520
2 3 17 20 40 51 85 120 2040
2 3 17 20 40 51 88 110 22440
2 3 17 20 40 51 102 120 2040
2 3 17 20 40 52 102 104 26520
2 3 17 20 40 55 88 102 22440
2 3 17 20 40 56 60 119 14280
2 3 17 20 40 56 68 84 14280
2 3 17 20 40 56 68 105 14280
2 3 17 20 40 56 70 102 14280
2 3 17 20 40 56 84 85 14280
2 3 17 20 40 56 84 102 14280
2 3 17 20 40 56 84 119 14280
2 3 17 20 40 56 85 105 14280
2 3 17 20 40 56 102 105 14280
2 3 17 20 40 56 102 119 14280
2 3 17 20 40 56 105 119 14280
2 3 17 20 40 56 119 120 14280
2 3 17 20 40 60 68 120 2040
2 3 17 20 40 60 85 120 2040
2 3 17 20 40 60 102 120 2040
2 3 17 20 40 63 72 119 42840
2 3 17 20 40 65 102 104 26520
2 3 17 20 40 66 68 88 22440
2 3 17 20 40 66 85 88 22440
2 3 17 20 40 66 88 102 22440
2 3 17 20 40 68 72 90 6120
2 3 17 20 40 68 78 104 26520
2 3 17 20 40 68 85 120 2040
2 3 17 20 40 72 85 90 6120
2 3 17 20 40 72 90 102 6120
2 3 17 20 40 78 85 104 26520
2 3 17 20 41 51 60 82 41820
2 3 17 20 41 51 60 123 41820
2 3 17 20 41 60 68 82 41820
2 3 17 20 41 60 68 123 41820
2 3 17 20 41 60 82 85 41820
2 3 17 20 41 60 82 102 41820
2 3 17 20 41 60 85 123 41820
2 3 17 20 41 60 102 123 41820
2 3 17 20 41 68 85 123 41820
2 3 17 20 42 44 55 119 78540
2 3 17 20 42 44 77 85 78540
2 3 17 20 42 44 110 119 78540
2 3 17 20 42 45 63 68 21420
2 3 17 20 42 45 68 126 21420
2 3 17 20 42 48 80 119 28560
2 3 17 20 42 48 85 112 28560
2 3 17 20 42 50 100 119 35700
2 3 17 20 42 51 56 120 14280
2 3 17 20 42 51 60 70 7140
2 3 17 20 42 51 60 84 7140
2 3 17 20 42 51 60 105 7140
2 3 17 20 42 51 60 119 7140
2 3 17 20 42 51 68 70 7140
2 3 17 20 42 51 68 105 7140
2 3 17 20 42 51 70 84 7140
2 3 17 20 42 51 80 112 28560
2 3 17 20 42 51 84 85 7140
2 3 17 20 42 51 84 105 7140
2 3 17 20 42 52 65 119 92820
2 3 17 20 42 52 85 91 92820
2 3 17 20 42 55 68 77 78540
2 3 17 20 42 56 68 120 14280
2 3 17 20 42 56 85 120 14280
2 3 17 20 42 56 102 120 14280
2 3 17 20 42 56 119 120 14280
2 3 17 20 42 60 68 70 7140
2 3 17 20 42 60 68 84 7140
2 3 17 20 42 60 68 105 7140
2 3 17 20 42 60 68 119 7140
2 3 17 20 42 60 70 85 7140
2 3 17 20 42 60 70 102 7140
2 3 17 20 42 60 70 119 7140
2 3 17 20 42 60 84 85 7140
2 3 17 20 42 60 84 102 7140
2 3 17 20 42 60 84 119 7140
2 3 17 20 42 60 85 105 7140
2 3 17 20 42 60 85 119 7140
2 3 17 20 42 60 102 105 7140
2 3 17 20 42 60 102 119 7140
2 3 17 20 42 60 105 119 7140
2 3 17 20 42 63 68 90 21420
2 3 17 20 42 65 68 91 92820
2 3 17 20 42 68 70 84 7140
2 3 17 20 42 68 70 85 7140
2 3 17 20 42 68 70 102 7140
2 3 17 20 42 68 70 105 7140
2 3 17 20 42 68 70 119 7140
2 3 17 20 42 68 77 110 78540
2 3 17 20 42 68 80 112 28560
2 3 17 20 42 68 84 85 7140
2 3 17 20 42 68 84 105 7140
2 3 17 20 42 68 85 105 7140
2 3 17 20 42 68 85 119 7140
2 3 17 20 42 70 84 85 7140
2 3 17 20 42 70 84 102 7140
2 3 17 20 42 70 84 119 7140
2 3 17 20 43 51 60 86 43860
2 3 17 20 43 60 68 86 43860
2 3 17 20 43 60 85 86 43860
2 3 17 20 43 60 86 102 43860
2 3 17 20 44 45 51 99 33660
2 3 17 20 44 45 68 99 33660
2 3 17 20 44 45 85 99 33660
2 3 17 20 44 45 99 102 33660
2 3 17 20 44 51 55 60 11220
2 3 17 20 44 51 55 66 11220
2 3 17 20 44 51 55 68 11220
2 3 17 20 44 51 55 85 11220
2 3 17 20 44 51 55 102 11220
2 3 17 20 44 51 55 110 11220
2 3 17 20 44 51 60 66 11220
2 3 17 20 44 51 60 110 11220
2 3 17 20 44 51 66 85 11220
2 3 17 20 44 51 66 110 11220
2 3 17 20 44 51 68 110 11220
2 3 17 20 44 51 70 77 78540
2 3 17 20 44 51 77 105 78540
2 3 17 20 44 51 85 110 11220
2 3 17 20 44 51 88 120 22440
2 3 17 20 44 51 90 99 33660
2 3 17 20 44 51 102 110 11220
2 3 17 20 44 55 60 68 11220
2 3 17 20 44 55 60 85 11220
2 3 17 20 44 55 60 102 11220
2 3 17 20 44 55 66 68 11220
2 3 17 20 44 55 66 85 11220
2 3 17 20 44 55 66 102 11220
2 3 17 20 44 55 68 102 11220
2 3 17 20 44 55 84 119 78540
2 3 17 20 44 55 85 102 11220
2 3 17 20 44 55 102 110 11220
2 3 17 20 44 55 105 119 78540
2 3 17 20 44 60 66 68 11220
2 3 17 20 44 60 66 85 11220
2 3 17 20 44 60 66 102 11220
2 3 17 20 44 60 68 110 11220
2 3 17 20 44 60 77 119 78540
2 3 17 20 44 60 85 110 11220
2 3 17 20 44 60 102 110 11220
2 3 17 20 44 66 68 85 11220
2 3 17 20 44 66 68 110 11220
2 3 17 20 44 66 70 119 78540
2 3 17 20 44 66 85 102 11220
2 3 17 20 44 66 85 110 11220
2 3 17 20 44 68 77 105 78540
2 3 17 20 44 68 90 99 33660
2 3 17 20 44 70 77 102 78540
2 3 17 20 44 77 84 85 78540
2 3 17 20 45 51 52 117 39780
2 3 17 20 45 51 54 108 9180
2 3 17 20 45 51 60 90 3060
2 3 17 20 45 51 63 84 21420
2 3 17 20 45 51 68 90 3060
2 3 17 20 45 51 72 120 6120
2 3 17 20 45 51 84 126 21420
2 3 17 20 45 52 68 117 39780
2 3 17 20 45 52 85 117 39780
2 3 17 20 45 52 102 117 39780
2 3 17 20 45 54 68 108 9180
2 3 17 20 45 54 85 108 9180
2 3 17 20 45 54 102 108 9180
2 3 17 20 45 55 68 99 33660
2 3 17 20 45 56 72 119 42840
2 3 17 20 45 60 63 119 21420
2 3 17 20 45 60 68 90 3060
2 3 17 20 45 60 85 90 3060
2 3 17 20 45 60 90 102 3060
2 3 17 20 45 63 68 70 21420
2 3 17 20 45 63 68 84 21420
2 3 17 20 45 63 68 105 21420
2 3 17 20 45 63 68 119 21420
2 3 17 20 45 63 68 126 21420
2 3 17 20 45 63 84 85 21420
2 3 17 20 45 63 84 102 21420
2 3 17 20 45 63 84 119 21420
2 3 17 20 45 65 68 117 39780
2 3 17 20 45 66 68 99 33660
2 3 17 20 45 68 70 126 21420
2 3 17 20 45 68 72 120 6120
2 3 17 20 45 68 78 117 39780
2 3 17 20 45 68 85 90 3060
2 3 17 20 46 51 60 69 23460
2 3 17 20 46 51 60 92 23460
2 3 17 20 46 51 60 115 23460
2 3 17 20 46 51 68 115 23460
2 3 17 20 46 51 85 92 23460
2 3 17 20 46 51 92 115 23460
2 3 17 20 46 60 68 69 23460
2 3 17 20 46 60 68 92 23460
2 3 17 20 46 60 68 115 23460
2 3 17 20 46 60 69 85 23460
2 3 17 20 46 60 69 102 23460
2 3 17 20 46 60 85 92 23460
2 3 17 20 46 60 85 115 23460
2 3 17 20 46 60 92 102 23460
2 3 17 20 46 68 69 85 23460
2 3 17 20 46 68 69 115 23460
2 3 17 20 46 69 85 92 23460
2 3 17 20 47 51 60 94 47940
2 3 17 20 47 60 68 94 47940
2 3 17 20 47 60 85 94 47940
2 3 17 20 47 60 94 102 47940
2 3 17 20 48 51 60 80 4080
2 3 17 20 48 51 68 80 4080
2 3 17 20 48 51 70 112 28560
2 3 17 20 48 51 80 85 4080
2 3 17 20 48 51 80 102 4080
2 3 17 20 48 51 80 120 4080
2 3 17 20 48 51 105 112 28560
2 3 17 20 48 56 80 119 28560
2 3 17 20 48 56 85 112 28560
2 3 17 20 48 60 68 80 4080
2 3 17 20 48 60 80 85 4080
2 3 17 20 48 60 80 102 4080
2 3 17 20 48 68 70 112 28560
2 3 17 20 48 68 80 85 4080
2 3 17 20 49 51 60 98 49980
2 3 17 20 49 60 68 98 49980
2 3 17 20 49 60 85 98 49980
2 3 17 20 50 51 60 75 5100
2 3 17 20 50 51 60 100 5100
2 3 17 20 50 51 68 75 5100
2 3 17 20 50 51 68 100 5100
2 3 17 20 50 51 75 100 5100
2 3 17 20 50 51 85 100 5100
2 3 17 20 50 51 100 102 5100
2 3 17 20 50 60 68 75 5100
2 3 17 20 50 60 68 100 5100
2 3 17 20 50 60 75 85 5100
2 3 17 20 50 60 75 102 5100
2 3 17 20 50 60 85 100 5100
2 3 17 20 50 68 75 85 5100
2 3 17 20 50 68 75 100 5100
2 3 17 20 51 52 60 65 13260
2 3 17 20 51 52 60 78 13260
2 3 17 20 51 52 65 68 13260
2 3 17 20 51 52 65 78 13260
2 3 17 20 51 52 65 85 13260
2 3 17 20 51 52 65 102 13260
2 3 17 20 51 52 70 91 92820
2 3 17 20 51 52 78 85 13260
2 3 17 20 51 52 90 117 39780
2 3 17 20 51 52 91 105 92820
2 3 17 20 51 53 60 106 54060
2 3 17 20 51 54 60 108 9180
2 3 17 20 51 54 85 108 9180
2 3 17 20 51 54 90 108 9180
2 3 17 20 51 55 60 66 11220
2 3 17 20 51 55 60 110 11220
2 3 17 20 51 55 66 68 11220
2 3 17 20 51 55 68 110 11220
2 3 17 20 51 55 77 84 78540
2 3 17 20 51 56 70 120 14280
2 3 17 20 51 56 80 112 28560
2 3 17 20 51 57 60 76 19380
2 3 17 20 51 57 60 95 19380
2 3 17 20 51 57 60 114 19380
2 3 17 20 51 57 68 95 19380
2 3 17 20 51 57 76 85 19380
2 3 17 20 51 57 76 95 19380
2 3 17 20 51 58 60 87 29580
2 3 17 20 51 58 60 116 29580
2 3 17 20 51 59 60 118 60180
2 3 17 20 51 60 61 122 62220
2 3 17 20 51 60 62 93 31620
2 3 17 20 51 60 62 124 31620
2 3 17 20 51 60 63 126 21420
2 3 17 20 51 60 65 78 13260
2 3 17 20 51 60 66 110 11220
2 3 17 20 51 60 68 85 1020
2 3 17 20 51 60 68 102 1020
2 3 17 20 51 60 69 92 23460
2 3 17 20 51 60 69 115 23460
2 3 17 20 51 60 70 84 7140
2 3 17 20 51 60 70 105 7140
2 3 17 20 51 60 70 119 7140
2 3 17 20 51 60 74 111 37740
2 3 17 20 51 60 75 100 5100
2 3 17 20 51 60 76 95 19380
2 3 17 20 51 60 76 114 19380
2 3 17 20 51 63 84 90 21420
2 3 17 20 51 65 68 78 13260
2 3 17 20 51 65 84 91 92820
2 3 17 20 51 66 68 110 11220
2 3 17 20 51 68 70 84 7140
2 3 17 20 51 68 70 105 7140
2 3 17 20 51 68 76 95 19380
2 3 17 20 52 60 65 68 13260
2 3 17 20 52 60 65 85 13260
2 3 17 20 52 60 65 102 13260
2 3 17 20 52 60 68 78 13260
2 3 17 20 52 60 78 85 13260
2 3 17 20 52 60 78 102 13260
2 3 17 20 52 65 68 78 13260
2 3 17 20 52 65 68 102 13260
2 3 17 20 52 65 78 85 13260
2 3 17 20 52 68 78 85 13260
2 3 17 20 53 60 68 106 54060
2 3 17 20 54 60 68 108 9180
2 3 17 20 55 60 66 68 11220
2 3 17 20 55 60 66 85 11220
2 3 17 20 55 60 66 102 11220
2 3 17 20 55 60 68 110 11220
2 3 17 20 55 66 68 85 11220
2 3 17 20 56 63 72 85 42840
2 3 17 20 57 60 68 76 19380
2 3 17 20 57 60 68 95 19380
2 3 17 20 57 60 76 85 19380
2 3 17 20 58 60 68 87 29580
2 3 17 20 60 62 68 93 31620
2 3 17 20 60 65 68 78 13260
2 3 17 21 22 24 88 119 31416
2 3 17 21 22 28 33 68 15708
2 3 17 21 22 28 34 44 15708
2 3 17 21 22 28 44 51 15708
2 3 17 21 22 28 44 68 15708
2 3 17 21 22 28 44 102 15708
2 3 17 21 22 28 44 119 15708
2 3 17 21 22 28 66 68 15708
2 3 17 21 22 28 68 77 15708
2 3 17 21 22 30 55 119 39270
2 3 17 21 22 30 77 85 39270
2 3 17 21 22 30 110 119 39270
2 3 17 21 22 33 34 42 7854
2 3 17 21 22 33 34 77 7854
2 3 17 21 22 33 34 119 7854
2 3 17 21 22 33 35 85 39270
2 3 17 21 22 33 42 51 7854
2 3 17 21 22 33 42 102 7854
2 3 17 21 22 33 42 119 7854
2 3 17 21 22 33 51 77 7854
2 3 17 21 22 33 51 119 7854
2 3 17 21 22 33 66 119 7854
2 3 17 21 22 33 68 84 15708
2 3 17 21 22 33 70 85 39270
2 3 17 21 22 33 77 102 7854
2 3 17 21 22 33 77 119 7854
2 3 17 21 22 33 85 105 39270
2 3 17 21 22 33 102 119 7854
2 3 17 21 22 34 35 55 39270
2 3 17 21 22 34 35 110 39270
2 3 17 21 22 34 42 66 7854
2 3 17 21 22 34 42 77 7854
2 3 17 21 22 34 44 84 15708
2 3 17 21 22 34 51 77 7854
2 3 17 21 22 34 55 70 39270
2 3 17 21 22 34 55 105 39270
2 3 17 21 22 34 56 88 31416
2 3 17 21 22 34 63 99 23562
2 3 17 21 22 34 66 77 7854
2 3 17 21 22 34 66 119 7854
2 3 17 21 22 34 70 110 39270
2 3 17 21 22 34 77 102 7854
2 3 17 21 22 34 77 119 7854
2 3 17 21 22 34 99 126 23562
2 3 17 21 22 34 105 110 39270
2 3 17 21 22 35 51 55 39270
2 3 17 21 22 35 51 110 39270
2 3 17 21 22 35 55 85 39270
2 3 17 21 22 35 55 102 39270
2 3 17 21 22 35 55 119 39270
2 3 17 21 22 35 66 85 39270
2 3 17 21 22 35 77 85 39270
2 3 17 21 22 35 85 110 39270
2 3 17 21 22 35 102 110 39270
2 3 17 21 22 35 110 119 39270
2 3 17 21 22 42 44 68 15708
2 3 17 21 22 42 51 66 7854
2 3 17 21 22 42 51 77 7854
2 3 17 21 22 42 55 85 39270
2 3 17 21 22 42 66 102 7854
2 3 17 21 22 42 66 119 7854
2 3 17 21 22 42 77 102 7854
2 3 17 21 22 42 77 119 7854
2 3 17 21 22 42 85 110 39270
2 3 17 21 22 44 51 84 15708
2 3 17 21 22 44 68 77 15708
2 3 17 21 22 44 68 84 15708
2 3 17 21 22 44 68 119 15708
2 3 17 21 22 44 84 102 15708
2 3 17 21 22 44 84 119 15708
2 3 17 21 22 51 55 70 39270
2 3 17 21 22 51 55 105 39270
2 3 17 21 22 51 56 88 31416
2 3 17 21 22 51 63 99 23562
2 3 17 21 22 51 66 77 7854
2 3 17 21 22 51 66 119 7854
2 3 17 21 22 51 70 110 39270
2 3 17 21 22 51 77 102 7854
2 3 17 21 22 51 77 119 7854
2 3 17 21 22 51 99 126 23562
2 3 17 21 22 51 105 110 39270
2 3 17 21 22 55 70 85 39270
2 3 17 21 22 55 70 102 39270
2 3 17 21 22 55 70 119 39270
2 3 17 21 22 55 77 85 39270
2 3 17 21 22 55 85 105 39270
2 3 17 21 22 55 85 119 39270
2 3 17 21 22 55 102 105 39270
2 3 17 21 22 55 105 119 39270
2 3 17 21 22 55 110 119 39270
2 3 17 21 22 56 68 88 31416
2 3 17 21 22 56 88 102 31416
2 3 17 21 22 56 88 119 31416
2 3 17 21 22 63 99 102 23562
2 3 17 21 22 63 99 119 23562
2 3 17 21 22 66 68 84 15708
2 3 17 21 22 66 70 85 39270
2 3 17 21 22 66 77 102 7854
2 3 17 21 22 66 77 119 7854
2 3 17 21 22 66 85 105 39270
2 3 17 21 22 66 102 119 7854
2 3 17 21 22 68 77 84 15708
2 3 17 21 22 70 77 85 39270
2 3 17 21 22 70 85 110 39270
2 3 17 21 22 70 102 110 39270
2 3 17 21 22 70 110 119 39270
2 3 17 21 22 77 85 105 39270
2 3 17 21 22 77 85 110 39270
2 3 17 21 22 77 102 119 7854
2 3 17 21 22 85 105 110 39270
2 3 17 21 22 85 110 119 39270
2 3 17 21 22 99 102 126 23562
2 3 17 21 22 99 119 126 23562
2 3 17 21 22 102 105 110 39270
2 3 17 21 22 105 110 119 39270
2 3 17 21 23 28 34 92 32844
2 3 17 21 23 28 46 68 32844
2 3 17 21 23 28 51 92 32844
2 3 17 21 23 28 68 69 32844
2 3 17 21 23 28 68 92 32844
2 3 17 21 23 28 92 102 32844
2 3 17 21 23 28 92 119 32844
2 3 17 21 23 30 115 119 82110
2 3 17 21 23 34 35 115 82110
2 3 17 21 23 34 42 46 16422
2 3 17 21 23 34 42 69 16422
2 3 17 21 23 34 46 119 16422
2 3 17 21 23 34 69 119 16422
2 3 17 21 23 34 70 115 82110
2 3 17 21 23 34 84 92 32844
2 3 17 21 23 34 105 115 82110
2 3 17 21 23 35 46 85 82110
2 3 17 21 23 35 102 115 82110
2 3 17 21 23 42 46 51 16422
2 3 17 21 23 42 46 102 16422
2 3 17 21 23 42 46 119 16422
2 3 17 21 23 42 51 69 16422
2 3 17 21 23 42 68 92 32844
2 3 17 21 23 42 69 102 16422
2 3 17 21 23 42 69 119 16422
2 3 17 21 23 42 85 115 82110
2 3 17 21 23 46 51 119 16422
2 3 17 21 23 46 68 84 32844
2 3 17 21 23 46 69 119 16422
2 3 17 21 23 46 70 85 82110
2 3 17 21 23 46 85 105 82110
2 3 17 21 23 46 102 119 16422
2 3 17 21 23 51 70 115 82110
2 3 17 21 23 51 84 92 32844
2 3 17 21 23 68 69 84 32844
2 3 17 21 23 68 84 92 32844
2 3 17 21 23 68 92 119 32844
2 3 17 21 23 69 70 85 82110
2 3 17 21 23 69 102 119 16422
2 3 17 21 23 70 85 115 82110
2 3 17 21 23 70 102 115 82110
2 3 17 21 23 70 115 119 82110
2 3 17 21 23 84 92 102 32844
2 3 17 21 23 84 92 119 32844
2 3 17 21 23 102 105 115 82110
2 3 17 21 24 26 104 119 37128
2 3 17 21 24 28 34 56 2856
2 3 17 21 24 28 40 85 14280
2 3 17 21 24 28 51 56 2856
2 3 17 21 24 28 56 68 2856
2 3 17 21 24 28 56 102 2856
2 3 17 21 24 28 56 119 2856
2 3 17 21 24 28 85 120 14280
2 3 17 21 24 30 40 119 14280
2 3 17 21 24 30 56 85 14280
2 3 17 21 24 30 119 120 14280
2 3 17 21 24 32 96 119 11424
2 3 17 21 24 33 88 119 31416
2 3 17 21 24 34 35 40 14280
2 3 17 21 24 34 35 120 14280
2 3 17 21 24 34 40 70 14280
2 3 17 21 24 34 40 105 14280
2 3 17 21 24 34 42 56 2856
2 3 17 21 24 34 48 112 5712
2 3 17 21 24 34 51 56 2856
2 3 17 21 24 34 56 68 2856
2 3 17 21 24 34 56 84 2856
2 3 17 21 24 34 56 102 2856
2 3 17 21 24 34 56 119 2856
2 3 17 21 24 34 63 72 8568
2 3 17 21 24 34 70 120 14280
2 3 17 21 24 34 72 126 8568
2 3 17 21 24 34 77 88 31416
2 3 17 21 24 34 91 104 37128
2 3 17 21 24 34 105 120 14280
2 3 17 21 24 35 40 51 14280
2 3 17 21 24 35 40 68 14280
2 3 17 21 24 35 40 85 14280
2 3 17 21 24 35 40 102 14280
2 3 17 21 24 35 40 119 14280
2 3 17 21 24 35 51 120 14280
2 3 17 21 24 35 56 85 14280
2 3 17 21 24 35 68 120 14280
2 3 17 21 24 35 85 120 14280
2 3 17 21 24 35 102 120 14280
2 3 17 21 24 35 119 120 14280
2 3 17 21 24 36 72 119 8568
2 3 17 21 24 39 104 119 37128
2 3 17 21 24 40 42 85 14280
2 3 17 21 24 40 51 70 14280
2 3 17 21 24 40 51 105 14280
2 3 17 21 24 40 56 85 14280
2 3 17 21 24 40 60 119 14280
2 3 17 21 24 40 68 70 14280
2 3 17 21 24 40 68 105 14280
2 3 17 21 24 40 70 85 14280
2 3 17 21 24 40 70 102 14280
2 3 17 21 24 40 70 119 14280
2 3 17 21 24 40 84 85 14280
2 3 17 21 24 40 85 105 14280
2 3 17 21 24 40 85 119 14280
2 3 17 21 24 40 102 105 14280
2 3 17 21 24 40 105 119 14280
2 3 17 21 24 40 119 120 14280
2 3 17 21 24 42 51 56 2856
2 3 17 21 24 42 56 68 2856
2 3 17 21 24 42 56 102 2856
2 3 17 21 24 42 56 119 2856
2 3 17 21 24 42 85 120 14280
2 3 17 21 24 44 88 119 31416
2 3 17 21 24 48 51 112 5712
2 3 17 21 24 48 68 112 5712
2 3 17 21 24 48 102 112 5712
2 3 17 21 24 48 112 119 5712
2 3 17 21 24 51 56 68 2856
2 3 17 21 24 51 56 84 2856
2 3 17 21 24 51 56 102 2856
2 3 17 21 24 51 56 119 2856
2 3 17 21 24 51 63 72 8568
2 3 17 21 24 51 70 120 14280
2 3 17 21 24 51 72 126 8568
2 3 17 21 24 51 77 88 31416
2 3 17 21 24 51 91 104 37128
2 3 17 21 24 51 105 120 14280
2 3 17 21 24 52 104 119 37128
2 3 17 21 24 56 60 85 14280
2 3 17 21 24 56 68 84 2856
2 3 17 21 24 56 68 102 2856
2 3 17 21 24 56 68 119 2856
2 3 17 21 24 56 70 85 14280
2 3 17 21 24 56 84 102 2856
2 3 17 21 24 56 84 119 2856
2 3 17 21 24 56 85 105 14280
2 3 17 21 24 56 85 120 14280
2 3 17 21 24 56 102 119 2856
2 3 17 21 24 60 119 120 14280
2 3 17 21 24 63 68 72 8568
2 3 17 21 24 63 72 102 8568
2 3 17 21 24 63 72 119 8568
2 3 17 21 24 66 88 119 31416
2 3 17 21 24 68 70 120 14280
2 3 17 21 24 68 72 126 8568
2 3 17 21 24 68 77 88 31416
2 3 17 21 24 68 91 104 37128
2 3 17 21 24 68 105 120 14280
2 3 17 21 24 70 85 120 14280
2 3 17 21 24 70 102 120 14280
2 3 17 21 24 70 119 120 14280
2 3 17 21 24 72 102 126 8568
2 3 17 21 24 72 119 126 8568
2 3 17 21 24 77 88 102 31416
2 3 17 21 24 77 88 119 31416
2 3 17 21 24 78 104 119 37128
2 3 17 21 24 80 85 112 28560
2 3 17 21 24 84 85 120 14280
2 3 17 21 24 85 105 120 14280
2 3 17 21 24 85 119 120 14280
2 3 17 21 24 91 102 104 37128
2 3 17 21 24 91 104 119 37128
2 3 17 21 24 102 105 120 14280
2 3 17 21 24 105 119 120 14280
2 3 17 21 25 28 34 100 35700
2 3 17 21 25 28 50 68 35700
2 3 17 21 25 28 51 100 35700
2 3 17 21 25 28 68 75 35700
2 3 17 21 25 28 68 100 35700
2 3 17 21 25 28 85 100 35700
2 3 17 21 25 28 100 102 35700
2 3 17 21 25 28 100 119 35700
2 3 17 21 25 30 50 119 17850
2 3 17 21 25 30 75 119 17850
2 3 17 21 25 34 35 50 17850
2 3 17 21 25 34 35 75 17850
2 3 17 21 25 34 42 50 17850
2 3 17 21 25 34 42 75 17850
2 3 17 21 25 34 50 70 17850
2 3 17 21 25 34 50 105 17850
2 3 17 21 25 34 50 119 17850
2 3 17 21 25 34 70 75 17850
2 3 17 21 25 34 75 105 17850
2 3 17 21 25 34 75 119 17850
2 3 17 21 25 34 84 100 35700
2 3 17 21 25 35 50 51 17850
2 3 17 21 25 35 50 85 17850
2 3 17 21 25 35 50 102 17850
2 3 17 21 25 35 50 119 17850
2 3 17 21 25 35 68 100 35700
2 3 17 21 25 35 75 102 17850
2 3 17 21 25 42 50 51 17850
2 3 17 21 25 42 50 85 17850
2 3 17 21 25 42 50 102 17850
2 3 17 21 25 42 50 119 17850
2 3 17 21 25 42 51 75 17850
2 3 17 21 25 42 68 100 35700
2 3 17 21 25 42 75 85 17850
2 3 17 21 25 42 75 102 17850
2 3 17 21 25 42 75 119 17850
2 3 17 21 25 50 51 70 17850
2 3 17 21 25 50 51 105 17850
2 3 17 21 25 50 51 119 17850
2 3 17 21 25 50 68 84 35700
2 3 17 21 25 50 70 85 17850
2 3 17 21 25 50 70 102 17850
2 3 17 21 25 50 70 119 17850
2 3 17 21 25 50 75 119 17850
2 3 17 21 25 50 85 105 17850
2 3 17 21 25 50 85 119 17850
2 3 17 21 25 50 102 105 17850
2 3 17 21 25 50 102 119 17850
2 3 17 21 25 50 105 119 17850
2 3 17 21 25 51 70 75 17850
2 3 17 21 25 51 84 100 35700
2 3 17 21 25 60 100 119 35700
2 3 17 21 25 68 70 100 35700
2 3 17 21 25 68 75 84 35700
2 3 17 21 25 68 84 100 35700
2 3 17 21 25 68 100 105 35700
2 3 17 21 25 68 100 119 35700
2 3 17 21 25 70 75 85 17850
2 3 17 21 25 70 75 102 17850
2 3 17 21 25 70 75 119 17850
2 3 17 21 25 75 102 105 17850
2 3 17 21 25 75 102 119 17850
2 3 17 21 25 84 85 100 35700
2 3 17 21 25 84 100 102 35700
2 3 17 21 25 84 100 119 35700
2 3 17 21 26 28 34 52 18564
2 3 17 21 26 28 39 68 18564
2 3 17 21 26 28 51 52 18564
2 3 17 21 26 28 52 68 18564
2 3 17 21 26 28 52 102 18564
2 3 17 21 26 28 52 119 18564
2 3 17 21 26 28 68 78 18564
2 3 17 21 26 28 68 91 18564
2 3 17 21 26 30 65 119 46410
2 3 17 21 26 30 85 91 46410
2 3 17 21 26 34 35 65 46410
2 3 17 21 26 34 39 42 9282
2 3 17 21 26 34 39 91 9282
2 3 17 21 26 34 39 119 9282
2 3 17 21 26 34 42 78 9282
2 3 17 21 26 34 42 91 9282
2 3 17 21 26 34 51 91 9282
2 3 17 21 26 34 52 84 18564
2 3 17 21 26 34 56 104 37128
2 3 17 21 26 34 63 117 27846
2 3 17 21 26 34 65 70 46410
2 3 17 21 26 34 65 105 46410
2 3 17 21 26 34 78 91 9282
2 3 17 21 26 34 78 119 9282
2 3 17 21 26 34 91 102 9282
2 3 17 21 26 34 91 119 9282
2 3 17 21 26 34 117 126 27846
2 3 17 21 26 35 39 85 46410
2 3 17 21 26 35 51 65 46410
2 3 17 21 26 35 65 85 46410
2 3 17 21 26 35 65 102 46410
2 3 17 21 26 35 65 119 46410
2 3 17 21 26 35 78 85 46410
2 3 17 21 26 35 85 91 46410
2 3 17 21 26 39 42 51 9282
2 3 17 21 26 39 42 102 9282
2 3 17 21 26 39 42 119 9282
2 3 17 21 26 39 51 91 9282
2 3 17 21 26 39 51 119 9282
2 3 17 21 26 39 68 84 18564
2 3 17 21 26 39 70 85 46410
2 3 17 21 26 39 78 119 9282
2 3 17 21 26 39 85 105 46410
2 3 17 21 26 39 91 102 9282
2 3 17 21 26 39 91 119 9282
2 3 17 21 26 39 102 119 9282
2 3 17 21 26 42 51 78 9282
2 3 17 21 26 42 51 91 9282
2 3 17 21 26 42 52 68 18564
2 3 17 21 26 42 65 85 46410
2 3 17 21 26 42 78 102 9282
2 3 17 21 26 42 78 119 9282
2 3 17 21 26 42 91 102 9282
2 3 17 21 26 42 91 119 9282
2 3 17 21 26 51 52 84 18564
2 3 17 21 26 51 56 104 37128
2 3 17 21 26 51 63 117 27846
2 3 17 21 26 51 65 70 46410
2 3 17 21 26 51 65 105 46410
2 3 17 21 26 51 78 91 9282
2 3 17 21 26 51 78 119 9282
2 3 17 21 26 51 91 102 9282
2 3 17 21 26 51 91 119 9282
2 3 17 21 26 51 117 126 27846
2 3 17 21 26 52 68 84 18564
2 3 17 21 26 52 68 91 18564
2 3 17 21 26 52 68 119 18564
2 3 17 21 26 52 84 102 18564
2 3 17 21 26 52 84 119 18564
2 3 17 21 26 56 68 104 37128
2 3 17 21 26 56 102 104 37128
2 3 17 21 26 56 104 119 37128
2 3 17 21 26 63 102 117 27846
2 3 17 21 26 63 117 119 27846
2 3 17 21 26 65 70 85 46410
2 3 17 21 26 65 70 102 46410
2 3 17 21 26 65 70 119 46410
2 3 17 21 26 65 85 91 46410
2 3 17 21 26 65 85 105 46410
2 3 17 21 26 65 85 119 46410
2 3 17 21 26 65 102 105 46410
2 3 17 21 26 65 105 119 46410
2 3 17 21 26 68 78 84 18564
2 3 17 21 26 68 84 91 18564
2 3 17 21 26 70 78 85 46410
2 3 17 21 26 70 85 91 46410
2 3 17 21 26 78 85 105 46410
2 3 17 21 26 78 91 102 9282
2 3 17 21 26 78 91 119 9282
2 3 17 21 26 78 102 119 9282
2 3 17 21 26 85 91 105 46410
2 3 17 21 26 91 102 119 9282
2 3 17 21 26 102 117 126 27846
2 3 17 21 26 117 119 126 27846
2 3 17 21 27 28 34 108 12852
2 3 17 21 27 28 51 108 12852
2 3 17 21 27 28 54 68 12852
2 3 17 21 27 28 68 108 12852
2 3 17 21 27 28 102 108 12852
2 3 17 21 27 28 108 119 12852
2 3 17 21 27 34 42 54 6426
2 3 17 21 27 34 54 63 6426
2 3 17 21 27 34 54 119 6426
2 3 17 21 27 34 54 126 6426
2 3 17 21 27 34 84 108 12852
2 3 17 21 27 35 54 85 32130
2 3 17 21 27 36 108 119 12852
2 3 17 21 27 42 51 54 6426
2 3 17 21 27 42 54 102 6426
2 3 17 21 27 42 54 119 6426
2 3 17 21 27 42 68 108 12852
2 3 17 21 27 51 54 63 6426
2 3 17 21 27 51 54 119 6426
2 3 17 21 27 51 54 126 6426
2 3 17 21 27 51 84 108 12852
2 3 17 21 27 54 63 102 6426
2 3 17 21 27 54 63 119 6426
2 3 17 21 27 54 68 84 12852
2 3 17 21 27 54 70 85 32130
2 3 17 21 27 54 85 105 32130
2 3 17 21 27 54 102 119 6426
2 3 17 21 27 54 102 126 6426
2 3 17 21 27 54 119 126 6426
2 3 17 21 27 63 68 108 12852
2 3 17 21 27 68 84 108 12852
2 3 17 21 27 68 108 119 12852
2 3 17 21 27 68 108 126 12852
2 3 17 21 27 84 102 108 12852
2 3 17 21 27 84 108 119 12852
2 3 17 21 28 29 34 116 41412
2 3 17 21 28 29 51 116 41412
2 3 17 21 28 29 58 68 41412
2 3 17 21 28 29 68 87 41412
2 3 17 21 28 29 68 116 41412
2 3 17 21 28 29 102 116 41412
2 3 17 21 28 29 116 119 41412
2 3 17 21 28 30 34 60 7140
2 3 17 21 28 30 35 68 7140
2 3 17 21 28 30 51 60 7140
2 3 17 21 28 30 60 68 7140
2 3 17 21 28 30 60 85 7140
2 3 17 21 28 30 60 102 7140
2 3 17 21 28 30 60 119 7140
2 3 17 21 28 30 68 70 7140
2 3 17 21 28 30 68 85 7140
2 3 17 21 28 30 68 105 7140
2 3 17 21 28 30 84 85 7140
2 3 17 21 28 31 34 124 44268
2 3 17 21 28 31 51 124 44268
2 3 17 21 28 31 62 68 44268
2 3 17 21 28 31 68 93 44268
2 3 17 21 28 31 68 124 44268
2 3 17 21 28 31 102 124 44268
2 3 17 21 28 31 119 124 44268
2 3 17 21 28 32 34 96 11424
2 3 17 21 28 32 51 96 11424
2 3 17 21 28 32 68 96 11424
2 3 17 21 28 32 96 102 11424
2 3 17 21 28 32 96 119 11424
2 3 17 21 28 33 34 44 15708
2 3 17 21 28 33 44 51 15708
2 3 17 21 28 33 44 68 15708
2 3 17 21 28 33 44 102 15708
2 3 17 21 28 33 44 119 15708
2 3 17 21 28 33 66 68 15708
2 3 17 21 28 33 68 77 15708
2 3 17 21 28 34 35 60 7140
2 3 17 21 28 34 36 63 4284
2 3 17 21 28 34 36 126 4284
2 3 17 21 28 34 38 76 27132
2 3 17 21 28 34 39 52 18564
2 3 17 21 28 34 40 120 14280
2 3 17 21 28 34 42 68 1428
2 3 17 21 28 34 42 84 1428
2 3 17 21 28 34 44 66 15708
2 3 17 21 28 34 44 77 15708
2 3 17 21 28 34 46 92 32844
2 3 17 21 28 34 48 112 5712
2 3 17 21 28 34 50 100 35700
2 3 17 21 28 34 51 68 1428
2 3 17 21 28 34 51 84 1428
2 3 17 21 28 34 52 78 18564
2 3 17 21 28 34 52 91 18564
2 3 17 21 28 34 54 108 12852
2 3 17 21 28 34 57 76 27132
2 3 17 21 28 34 58 116 41412
2 3 17 21 28 34 60 70 7140
2 3 17 21 28 34 60 85 7140
2 3 17 21 28 34 60 105 7140
2 3 17 21 28 34 62 124 44268
2 3 17 21 28 34 68 84 1428
2 3 17 21 28 34 68 102 1428
2 3 17 21 28 34 68 119 1428
2 3 17 21 28 34 69 92 32844
2 3 17 21 28 34 75 100 35700
2 3 17 21 28 34 76 114 27132
2 3 17 21 28 34 84 102 1428
2 3 17 21 28 34 84 119 1428
2 3 17 21 28 34 87 116 41412
2 3 17 21 28 34 93 124 44268
2 3 17 21 28 35 51 60 7140
2 3 17 21 28 35 60 68 7140
2 3 17 21 28 35 60 85 7140
2 3 17 21 28 35 60 102 7140
2 3 17 21 28 35 60 119 7140
2 3 17 21 28 35 68 70 7140
2 3 17 21 28 35 68 85 7140
2 3 17 21 28 35 68 105 7140
2 3 17 21 28 35 84 85 7140
2 3 17 21 28 36 45 85 21420
2 3 17 21 28 36 51 63 4284
2 3 17 21 28 36 51 126 4284
2 3 17 21 28 36 63 68 4284
2 3 17 21 28 36 63 102 4284
2 3 17 21 28 36 63 119 4284
2 3 17 21 28 36 68 126 4284
2 3 17 21 28 36 85 90 21420
2 3 17 21 28 36 102 126 4284
2 3 17 21 28 36 119 126 4284
2 3 17 21 28 37 68 74 52836
2 3 17 21 28 37 68 111 52836
2 3 17 21 28 38 51 76 27132
2 3 17 21 28 38 57 68 27132
2 3 17 21 28 38 68 76 27132
2 3 17 21 28 38 68 114 27132
2 3 17 21 28 38 76 102 27132
2 3 17 21 28 38 76 119 27132
2 3 17 21 28 39 51 52 18564
2 3 17 21 28 39 52 68 18564
2 3 17 21 28 39 52 102 18564
2 3 17 21 28 39 52 119 18564
2 3 17 21 28 39 68 78 18564
2 3 17 21 28 39 68 91 18564
2 3 17 21 28 40 51 120 14280
2 3 17 21 28 40 56 85 14280
2 3 17 21 28 40 68 120 14280
2 3 17 21 28 40 85 120 14280
2 3 17 21 28 40 102 120 14280
2 3 17 21 28 40 119 120 14280
2 3 17 21 28 41 68 82 58548
2 3 17 21 28 41 68 123 58548
2 3 17 21 28 42 51 68 1428
2 3 17 21 28 42 51 84 1428
2 3 17 21 28 42 60 85 7140
2 3 17 21 28 42 68 84 1428
2 3 17 21 28 42 68 102 1428
2 3 17 21 28 42 68 119 1428
2 3 17 21 28 42 84 102 1428
2 3 17 21 28 42 84 119 1428
2 3 17 21 28 43 68 86 61404
2 3 17 21 28 44 51 66 15708
2 3 17 21 28 44 51 77 15708
2 3 17 21 28 44 55 85 78540
2 3 17 21 28 44 66 68 15708
2 3 17 21 28 44 66 102 15708
2 3 17 21 28 44 66 119 15708
2 3 17 21 28 44 68 77 15708
2 3 17 21 28 44 77 102 15708
2 3 17 21 28 44 77 119 15708
2 3 17 21 28 44 85 110 78540
2 3 17 21 28 45 68 90 21420
2 3 17 21 28 46 51 92 32844
2 3 17 21 28 46 68 69 32844
2 3 17 21 28 46 68 92 32844
2 3 17 21 28 46 92 102 32844
2 3 17 21 28 46 92 119 32844
2 3 17 21 28 47 68 94 67116
2 3 17 21 28 48 51 112 5712
2 3 17 21 28 48 68 112 5712
2 3 17 21 28 48 80 85 28560
2 3 17 21 28 48 102 112 5712
2 3 17 21 28 48 112 119 5712
2 3 17 21 28 49 68 98 9996
2 3 17 21 28 50 51 100 35700
2 3 17 21 28 50 68 75 35700
2 3 17 21 28 50 68 100 35700
2 3 17 21 28 50 85 100 35700
2 3 17 21 28 50 100 102 35700
2 3 17 21 28 50 100 119 35700
2 3 17 21 28 51 52 78 18564
2 3 17 21 28 51 52 91 18564
2 3 17 21 28 51 54 108 12852
2 3 17 21 28 51 57 76 27132
2 3 17 21 28 51 58 116 41412
2 3 17 21 28 51 60 70 7140
2 3 17 21 28 51 60 85 7140
2 3 17 21 28 51 60 105 7140
2 3 17 21 28 51 62 124 44268
2 3 17 21 28 51 68 84 1428
2 3 17 21 28 51 68 102 1428
2 3 17 21 28 51 68 119 1428
2 3 17 21 28 51 69 92 32844
2 3 17 21 28 51 75 100 35700
2 3 17 21 28 51 76 114 27132
2 3 17 21 28 51 84 102 1428
2 3 17 21 28 51 84 119 1428
2 3 17 21 28 51 87 116 41412
2 3 17 21 28 51 93 124 44268
2 3 17 21 28 52 65 85 92820
2 3 17 21 28 52 68 78 18564
2 3 17 21 28 52 68 91 18564
2 3 17 21 28 52 78 102 18564
2 3 17 21 28 52 78 119 18564
2 3 17 21 28 52 91 102 18564
2 3 17 21 28 52 91 119 18564
2 3 17 21 28 53 68 106 75684
2 3 17 21 28 54 68 108 12852
2 3 17 21 28 54 102 108 12852
2 3 17 21 28 54 108 119 12852
2 3 17 21 28 55 68 110 78540
2 3 17 21 28 56 85 120 14280
2 3 17 21 28 57 68 76 27132
2 3 17 21 28 57 68 114 27132
2 3 17 21 28 57 76 102 27132
2 3 17 21 28 57 76 119 27132
2 3 17 21 28 58 68 87 41412
2 3 17 21 28 58 68 116 41412
2 3 17 21 28 58 102 116 41412
2 3 17 21 28 58 116 119 41412
2 3 17 21 28 59 68 118 84252
2 3 17 21 28 60 68 70 7140
2 3 17 21 28 60 68 85 7140
2 3 17 21 28 60 68 105 7140
2 3 17 21 28 60 70 85 7140
2 3 17 21 28 60 70 102 7140
2 3 17 21 28 60 70 119 7140
2 3 17 21 28 60 84 85 7140
2 3 17 21 28 60 85 102 7140
2 3 17 21 28 60 85 105 7140
2 3 17 21 28 60 85 119 7140
2 3 17 21 28 60 102 105 7140
2 3 17 21 28 60 105 119 7140
2 3 17 21 28 61 68 122 87108
2 3 17 21 28 62 68 93 44268
2 3 17 21 28 62 68 124 44268
2 3 17 21 28 62 102 124 44268
2 3 17 21 28 62 119 124 44268
2 3 17 21 28 63 68 126 4284
2 3 17 21 28 66 68 77 15708
2 3 17 21 28 68 69 92 32844
2 3 17 21 28 68 70 85 7140
2 3 17 21 28 68 70 105 7140
2 3 17 21 28 68 74 111 52836
2 3 17 21 28 68 75 100 35700
2 3 17 21 28 68 76 114 27132
2 3 17 21 28 68 78 91 18564
2 3 17 21 28 68 82 123 58548
2 3 17 21 28 68 84 102 1428
2 3 17 21 28 68 84 119 1428
2 3 17 21 28 68 85 105 7140
2 3 17 21 28 68 87 116 41412
2 3 17 21 28 68 93 124 44268
2 3 17 21 28 68 102 119 1428
2 3 17 21 28 69 92 102 32844
2 3 17 21 28 69 92 119 32844
2 3 17 21 28 70 84 85 7140
2 3 17 21 28 75 85 100 35700
2 3 17 21 28 75 100 102 35700
2 3 17 21 28 75 100 119 35700
2 3 17 21 28 76 85 95 135660
2 3 17 21 28 76 102 114 27132
2 3 17 21 28 76 114 119 27132
2 3 17 21 28 80 85 112 28560
2 3 17 21 28 84 85 105 7140
2 3 17 21 28 84 102 119 1428
2 3 17 21 28 85 92 115 164220
2 3 17 21 28 87 102 116 41412
2 3 17 21 28 87 116 119 41412
2 3 17 21 28 93 102 124 44268
2 3 17 21 28 93 119 124 44268
2 3 17 21 29 34 42 58 20706
2 3 17 21 29 34 42 87 20706
2 3 17 21 29 34 58 119 20706
2 3 17 21 29 34 84 116 41412
2 3 17 21 29 34 87 119 20706
2 3 17 21 29 35 58 85 103530
2 3 17 21 29 42 51 58 20706
2 3 17 21 29 42 51 87 20706
2 3 17 21 29 42 58 102 20706
2 3 17 21 29 42 58 119 20706
2 3 17 21 29 42 68 116 41412
2 3 17 21 29 42 87 102 20706
2 3 17 21 29 42 87 119 20706
2 3 17 21 29 51 58 119 20706
2 3 17 21 29 51 84 116 41412
2 3 17 21 29 58 68 84 41412
2 3 17 21 29 58 70 85 103530
2 3 17 21 29 58 85 105 103530
2 3 17 21 29 58 87 119 20706
2 3 17 21 29 58 102 119 20706
2 3 17 21 29 68 84 87 41412
2 3 17 21 29 68 84 116 41412
2 3 17 21 29 68 116 119 41412
2 3 17 21 29 70 85 87 103530
2 3 17 21 29 84 102 116 41412
2 3 17 21 29 84 116 119 41412
2 3 17 21 29 87 102 119 20706
2 3 17 21 30 33 55 119 39270
2 3 17 21 30 33 77 85 39270
2 3 17 21 30 33 110 119 39270
2 3 17 21 30 34 35 42 3570
2 3 17 21 30 34 35 51 3570
2 3 17 21 30 34 35 70 3570
2 3 17 21 30 34 35 85 3570
2 3 17 21 30 34 35 102 3570
2 3 17 21 30 34 35 105 3570
2 3 17 21 30 34 35 119 3570
2 3 17 21 30 34 40 56 14280
2 3 17 21 30 34 42 70 3570
2 3 17 21 30 34 42 85 3570
2 3 17 21 30 34 42 105 3570
2 3 17 21 30 34 45 63 10710
2 3 17 21 30 34 45 126 10710
2 3 17 21 30 34 51 70 3570
2 3 17 21 30 34 51 105 3570
2 3 17 21 30 34 55 77 39270
2 3 17 21 30 34 56 120 14280
2 3 17 21 30 34 60 84 7140
2 3 17 21 30 34 63 90 10710
2 3 17 21 30 34 65 91 46410
2 3 17 21 30 34 70 85 3570
2 3 17 21 30 34 70 102 3570
2 3 17 21 30 34 70 105 3570
2 3 17 21 30 34 70 119 3570
2 3 17 21 30 34 77 110 39270
2 3 17 21 30 34 80 112 28560
2 3 17 21 30 34 85 105 3570
2 3 17 21 30 34 85 119 3570
2 3 17 21 30 34 90 126 10710
2 3 17 21 30 34 102 105 3570
2 3 17 21 30 34 105 119 3570
2 3 17 21 30 35 42 51 3570
2 3 17 21 30 35 42 85 3570
2 3 17 21 30 35 42 102 3570
2 3 17 21 30 35 42 119 3570
2 3 17 21 30 35 51 70 3570
2 3 17 21 30 35 51 85 3570
2 3 17 21 30 35 51 102 3570
2 3 17 21 30 35 51 105 3570
2 3 17 21 30 35 51 119 3570
2 3 17 21 30 35 60 68 7140
2 3 17 21 30 35 68 84 7140
2 3 17 21 30 35 70 85 3570
2 3 17 21 30 35 70 102 3570
2 3 17 21 30 35 70 119 3570
2 3 17 21 30 35 85 102 3570
2 3 17 21 30 35 85 105 3570
2 3 17 21 30 35 85 119 3570
2 3 17 21 30 35 102 105 3570
2 3 17 21 30 35 102 119 3570
2 3 17 21 30 35 105 119 3570
2 3 17 21 30 38 95 119 67830
2 3 17 21 30 39 65 119 46410
2 3 17 21 30 39 85 91 46410
2 3 17 21 30 40 51 56 14280
2 3 17 21 30 40 56 68 14280
2 3 17 21 30 40 56 85 14280
2 3 17 21 30 40 56 102 14280
2 3 17 21 30 40 56 119 14280
2 3 17 21 30 40 119 120 14280
2 3 17 21 30 42 51 70 3570
2 3 17 21 30 42 51 85 3570
2 3 17 21 30 42 51 105 3570
2 3 17 21 30 42 60 68 7140
2 3 17 21 30 42 70 85 3570
2 3 17 21 30 42 70 102 3570
2 3 17 21 30 42 70 119 3570
2 3 17 21 30 42 85 102 3570
2 3 17 21 30 42 85 105 3570
2 3 17 21 30 42 85 119 3570
2 3 17 21 30 42 102 105 3570
2 3 17 21 30 42 105 119 3570
2 3 17 21 30 45 51 63 10710
2 3 17 21 30 45 51 126 10710
2 3 17 21 30 45 63 85 10710
2 3 17 21 30 45 63 102 10710
2 3 17 21 30 45 63 119 10710
2 3 17 21 30 45 85 126 10710
2 3 17 21 30 45 90 119 10710
2 3 17 21 30 45 102 126 10710
2 3 17 21 30 45 119 126 10710
2 3 17 21 30 46 115 119 82110
2 3 17 21 30 48 80 119 28560
2 3 17 21 30 48 85 112 28560
2 3 17 21 30 49 85 98 24990
2 3 17 21 30 50 75 119 17850
2 3 17 21 30 51 55 77 39270
2 3 17 21 30 51 56 120 14280
2 3 17 21 30 51 60 84 7140
2 3 17 21 30 51 63 90 10710
2 3 17 21 30 51 65 91 46410
2 3 17 21 30 51 70 85 3570
2 3 17 21 30 51 70 102 3570
2 3 17 21 30 51 70 105 3570
2 3 17 21 30 51 70 119 3570
2 3 17 21 30 51 77 110 39270
2 3 17 21 30 51 80 112 28560
2 3 17 21 30 51 85 105 3570
2 3 17 21 30 51 85 119 3570
2 3 17 21 30 51 90 126 10710
2 3 17 21 30 51 102 105 3570
2 3 17 21 30 51 105 119 3570
2 3 17 21 30 55 66 119 39270
2 3 17 21 30 55 77 85 39270
2 3 17 21 30 55 77 102 39270
2 3 17 21 30 55 77 119 39270
2 3 17 21 30 55 110 119 39270
2 3 17 21 30 56 68 120 14280
2 3 17 21 30 56 85 120 14280
2 3 17 21 30 56 102 120 14280
2 3 17 21 30 56 119 120 14280
2 3 17 21 30 57 95 119 67830
2 3 17 21 30 60 68 70 7140
2 3 17 21 30 60 68 84 7140
2 3 17 21 30 60 68 105 7140
2 3 17 21 30 60 68 119 7140
2 3 17 21 30 60 84 85 7140
2 3 17 21 30 60 84 102 7140
2 3 17 21 30 60 84 119 7140
2 3 17 21 30 63 85 90 10710
2 3 17 21 30 63 85 126 10710
2 3 17 21 30 63 90 102 10710
2 3 17 21 30 63 90 119 10710
2 3 17 21 30 65 78 119 46410
2 3 17 21 30 65 85 91 46410
2 3 17 21 30 65 91 102 46410
2 3 17 21 30 65 91 119 46410
2 3 17 21 30 66 77 85 39270
2 3 17 21 30 66 110 119 39270
2 3 17 21 30 68 70 84 7140
2 3 17 21 30 68 80 112 28560
2 3 17 21 30 68 84 85 7140
2 3 17 21 30 68 84 105 7140
2 3 17 21 30 69 115 119 82110
2 3 17 21 30 70 85 102 3570
2 3 17 21 30 70 85 105 3570
2 3 17 21 30 70 85 119 3570
2 3 17 21 30 70 102 105 3570
2 3 17 21 30 70 102 119 3570
2 3 17 21 30 70 105 119 3570
2 3 17 21 30 77 85 110 39270
2 3 17 21 30 77 102 110 39270
2 3 17 21 30 77 110 119 39270
2 3 17 21 30 78 85 91 46410
2 3 17 21 30 80 85 112 28560
2 3 17 21 30 80 102 112 28560
2 3 17 21 30 80 112 119 28560
2 3 17 21 30 85 90 126 10710
2 3 17 21 30 85 102 105 3570
2 3 17 21 30 85 102 119 3570
2 3 17 21 30 85 105 119 3570
2 3 17 21 30 90 102 126 10710
2 3 17 21 30 90 119 126 10710
2 3 17 21 30 95 114 119 67830
2 3 17 21 30 102 105 119 3570
2 3 17 21 31 34 42 62 22134
2 3 17 21 31 34 42 93 22134
2 3 17 21 31 34 62 119 22134
2 3 17 21 31 34 84 124 44268
2 3 17 21 31 34 93 119 22134
2 3 17 21 31 35 62 85 110670
2 3 17 21 31 42 51 62 22134
2 3 17 21 31 42 51 93 22134
2 3 17 21 31 42 62 102 22134
2 3 17 21 31 42 62 119 22134
2 3 17 21 31 42 68 124 44268
2 3 17 21 31 42 93 102 22134
2 3 17 21 31 42 93 119 22134
2 3 17 21 31 51 62 119 22134
2 3 17 21 31 51 84 124 44268
2 3 17 21 31 62 68 84 44268
2 3 17 21 31 62 70 85 110670
2 3 17 21 31 62 85 105 110670
2 3 17 21 31 62 93 119 22134
2 3 17 21 31 62 102 119 22134
2 3 17 21 31 68 84 93 44268
2 3 17 21 31 68 84 124 44268
2 3 17 21 31 68 119 124 44268
2 3 17 21 31 70 85 93 110670
2 3 17 21 31 84 102 124 44268
2 3 17 21 31 84 119 124 44268
2 3 17 21 31 93 102 119 22134
2 3 17 21 32 34 42 96 11424
2 3 17 21 32 34 56 96 11424
2 3 17 21 32 34 84 96 11424
2 3 17 21 32 34 96 112 11424
2 3 17 21 32 34 96 119 11424
2 3 17 21 32 35 85 96 57120
2 3 17 21 32 42 51 96 11424
2 3 17 21 32 42 68 96 11424
2 3 17 21 32 42 96 102 11424
2 3 17 21 32 42 96 119 11424
2 3 17 21 32 48 96 119 11424
2 3 17 21 32 51 56 96 11424
2 3 17 21 32 51 84 96 11424
2 3 17 21 32 51 96 112 11424
2 3 17 21 32 51 96 119 11424
2 3 17 21 32 56 68 96 11424
2 3 17 21 32 56 96 102 11424
2 3 17 21 32 56 96 119 11424
2 3 17 21 32 68 84 96 11424
2 3 17 21 32 68 96 112 11424
2 3 17 21 32 68 96 119 11424
2 3 17 21 32 70 85 96 57120
2 3 17 21 32 84 96 102 11424
2 3 17 21 32 84 96 119 11424
2 3 17 21 32 85 96 105 57120
2 3 17 21 32 96 102 112 11424
2 3 17 21 33 34 35 55 39270
2 3 17 21 33 34 35 110 39270
2 3 17 21 33 34 42 66 7854
2 3 17 21 33 34 42 77 7854
2 3 17 21 33 34 44 84 15708
2 3 17 21 33 34 51 77 7854
2 3 17 21 33 34 55 70 39270
2 3 17 21 33 34 55 105 39270
2 3 17 21 33 34 56 88 31416
2 3 17 21 33 34 63 99 23562
2 3 17 21 33 34 66 77 7854
2 3 17 21 33 34 66 119 7854
2 3 17 21 33 34 70 110 39270
2 3 17 21 33 34 77 102 7854
2 3 17 21 33 34 77 119 7854
2 3 17 21 33 34 99 126 23562
2 3 17 21 33 34 105 110 39270
2 3 17 21 33 35 51 110 39270
2 3 17 21 33 35 55 102 39270
2 3 17 21 33 35 66 85 39270
2 3 17 21 33 35 85 110 39270
2 3 17 21 33 35 102 110 39270
2 3 17 21 33 35 110 119 39270
2 3 17 21 33 42 44 68 15708
2 3 17 21 33 42 51 66 7854
2 3 17 21 33 42 51 77 7854
2 3 17 21 33 42 55 85 39270
2 3 17 21 33 42 66 102 7854
2 3 17 21 33 42 66 119 7854
2 3 17 21 33 42 77 102 7854
2 3 17 21 33 42 77 119 7854
2 3 17 21 33 42 85 110 39270
2 3 17 21 33 44 51 84 15708
2 3 17 21 33 44 68 77 15708
2 3 17 21 33 44 68 84 15708
2 3 17 21 33 44 68 119 15708
2 3 17 21 33 44 84 102 15708
2 3 17 21 33 44 84 119 15708
2 3 17 21 33 51 55 70 39270
2 3 17 21 33 51 56 88 31416
2 3 17 21 33 51 66 77 7854
2 3 17 21 33 51 66 119 7854
2 3 17 21 33 51 70 110 39270
2 3 17 21 33 51 77 102 7854
2 3 17 21 33 51 99 126 23562
2 3 17 21 33 51 105 110 39270
2 3 17 21 33 55 70 85 39270
2 3 17 21 33 55 70 102 39270
2 3 17 21 33 55 70 119 39270
2 3 17 21 33 55 102 105 39270
2 3 17 21 33 55 110 119 39270
2 3 17 21 33 56 68 88 31416
2 3 17 21 33 56 88 102 31416
2 3 17 21 33 56 88 119 31416
2 3 17 21 33 63 99 102 23562
2 3 17 21 33 66 68 84 15708
2 3 17 21 33 66 70 85 39270
2 3 17 21 33 66 77 102 7854
2 3 17 21 33 66 77 119 7854
2 3 17 21 33 66 85 105 39270
2 3 17 21 33 66 102 119 7854
2 3 17 21 33 68 77 84 15708
2 3 17 21 33 70 77 85 39270
2 3 17 21 33 70 85 110 39270
2 3 17 21 33 70 102 110 39270
2 3 17 21 33 70 110 119 39270
2 3 17 21 33 77 85 110 39270
2 3 17 21 33 77 102 119 7854
2 3 17 21 33 85 105 110 39270
2 3 17 21 34 35 38 95 67830
2 3 17 21 34 35 39 65 46410
2 3 17 21 34 35 40 56 14280
2 3 17 21 34 35 40 120 14280
2 3 17 21 34 35 42 70 3570
2 3 17 21 34 35 42 85 3570
2 3 17 21 34 35 42 105 3570
2 3 17 21 34 35 45 63 10710
2 3 17 21 34 35 45 90 10710
2 3 17 21 34 35 45 126 10710
2 3 17 21 34 35 46 115 82110
2 3 17 21 34 35 48 80 28560
2 3 17 21 34 35 50 75 17850
2 3 17 21 34 35 51 70 3570
2 3 17 21 34 35 51 85 3570
2 3 17 21 34 35 51 105 3570
2 3 17 21 34 35 55 66 39270
2 3 17 21 34 35 55 77 39270
2 3 17 21 34 35 55 110 39270
2 3 17 21 34 35 56 120 14280
2 3 17 21 34 35 57 95 67830
2 3 17 21 34 35 60 68 7140
2 3 17 21 34 35 60 84 7140
2 3 17 21 34 35 63 90 10710
2 3 17 21 34 35 65 78 46410
2 3 17 21 34 35 65 91 46410
2 3 17 21 34 35 66 110 39270
2 3 17 21 34 35 69 115 82110
2 3 17 21 34 35 70 85 3570
2 3 17 21 34 35 70 102 3570
2 3 17 21 34 35 70 105 3570
2 3 17 21 34 35 70 119 3570
2 3 17 21 34 35 77 110 39270
2 3 17 21 34 35 80 112 28560
2 3 17 21 34 35 85 102 3570
2 3 17 21 34 35 85 105 3570
2 3 17 21 34 35 85 119 3570
2 3 17 21 34 35 90 126 10710
2 3 17 21 34 35 95 114 67830
2 3 17 21 34 35 102 105 3570
2 3 17 21 34 35 105 119 3570
2 3 17 21 34 36 56 72 8568
2 3 17 21 34 36 63 68 4284
2 3 17 21 34 36 63 84 4284
2 3 17 21 34 36 68 126 4284
2 3 17 21 34 36 84 126 4284
2 3 17 21 34 37 42 74 26418
2 3 17 21 34 37 42 111 26418
2 3 17 21 34 37 74 119 26418
2 3 17 21 34 37 111 119 26418
2 3 17 21 34 38 42 57 13566
2 3 17 21 34 38 42 114 13566
2 3 17 21 34 38 57 119 13566
2 3 17 21 34 38 70 95 67830
2 3 17 21 34 38 76 84 27132
2 3 17 21 34 38 95 105 67830
2 3 17 21 34 38 114 119 13566
2 3 17 21 34 39 42 78 9282
2 3 17 21 34 39 42 91 9282
2 3 17 21 34 39 51 91 9282
2 3 17 21 34 39 52 84 18564
2 3 17 21 34 39 56 104 37128
2 3 17 21 34 39 63 117 27846
2 3 17 21 34 39 65 70 46410
2 3 17 21 34 39 65 105 46410
2 3 17 21 34 39 78 91 9282
2 3 17 21 34 39 78 119 9282
2 3 17 21 34 39 91 102 9282
2 3 17 21 34 39 91 119 9282
2 3 17 21 34 39 117 126 27846
2 3 17 21 34 40 42 120 14280
2 3 17 21 34 40 56 60 14280
2 3 17 21 34 40 56 70 14280
2 3 17 21 34 40 56 85 14280
2 3 17 21 34 40 56 105 14280
2 3 17 21 34 40 56 120 14280
2 3 17 21 34 40 70 120 14280
2 3 17 21 34 40 80 112 28560
2 3 17 21 34 40 84 120 14280
2 3 17 21 34 40 105 120 14280
2 3 17 21 34 40 119 120 14280
2 3 17 21 34 41 42 82 29274
2 3 17 21 34 41 42 123 29274
2 3 17 21 34 41 82 119 29274
2 3 17 21 34 41 119 123 29274
2 3 17 21 34 42 43 86 30702
2 3 17 21 34 42 45 90 10710
2 3 17 21 34 42 46 69 16422
2 3 17 21 34 42 47 94 33558
2 3 17 21 34 42 48 112 5712
2 3 17 21 34 42 49 98 4998
2 3 17 21 34 42 50 75 17850
2 3 17 21 34 42 51 102 714
2 3 17 21 34 42 51 119 714
2 3 17 21 34 42 53 106 37842
2 3 17 21 34 42 55 110 39270
2 3 17 21 34 42 57 114 13566
2 3 17 21 34 42 58 87 20706
2 3 17 21 34 42 59 118 42126
2 3 17 21 34 42 61 122 43554
2 3 17 21 34 42 62 93 22134
2 3 17 21 34 42 63 126 2142
2 3 17 21 34 42 66 77 7854
2 3 17 21 34 42 68 84 1428
2 3 17 21 34 42 70 85 3570
2 3 17 21 34 42 70 105 3570
2 3 17 21 34 42 74 111 26418
2 3 17 21 34 42 78 91 9282
2 3 17 21 34 42 82 123 29274
2 3 17 21 34 42 85 105 3570
2 3 17 21 34 42 102 119 714
2 3 17 21 34 43 86 119 30702
2 3 17 21 34 44 56 88 31416
2 3 17 21 34 44 66 84 15708
2 3 17 21 34 44 68 77 15708
2 3 17 21 34 44 77 84 15708
2 3 17 21 34 45 63 70 10710
2 3 17 21 34 45 63 85 10710
2 3 17 21 34 45 63 90 10710
2 3 17 21 34 45 63 105 10710
2 3 17 21 34 45 70 90 10710
2 3 17 21 34 45 70 126 10710
2 3 17 21 34 45 85 126 10710
2 3 17 21 34 45 90 105 10710
2 3 17 21 34 45 90 119 10710
2 3 17 21 34 45 90 126 10710
2 3 17 21 34 45 105 126 10710
2 3 17 21 34 46 69 119 16422
2 3 17 21 34 46 70 115 82110
2 3 17 21 34 46 84 92 32844
2 3 17 21 34 46 105 115 82110
2 3 17 21 34 47 94 119 33558
2 3 17 21 34 48 51 112 5712
2 3 17 21 34 48 56 112 5712
2 3 17 21 34 48 68 112 5712
2 3 17 21 34 48 70 80 28560
2 3 17 21 34 48 80 105 28560
2 3 17 21 34 48 84 112 5712
2 3 17 21 34 48 102 112 5712
2 3 17 21 34 48 112 119 5712
2 3 17 21 34 49 51 98 4998
2 3 17 21 34 49 98 102 4998
2 3 17 21 34 49 98 119 4998
2 3 17 21 34 50 70 75 17850
2 3 17 21 34 50 75 105 17850
2 3 17 21 34 50 75 119 17850
2 3 17 21 34 50 84 100 35700
2 3 17 21 34 51 63 126 2142
2 3 17 21 34 51 66 77 7854
2 3 17 21 34 51 68 84 1428
2 3 17 21 34 51 70 85 3570
2 3 17 21 34 51 70 105 3570
2 3 17 21 34 51 78 91 9282
2 3 17 21 34 51 85 105 3570
2 3 17 21 34 51 102 119 714
2 3 17 21 34 52 56 104 37128
2 3 17 21 34 52 68 91 18564
2 3 17 21 34 52 78 84 18564
2 3 17 21 34 52 84 91 18564
2 3 17 21 34 53 106 119 37842
2 3 17 21 34 54 84 108 12852
2 3 17 21 34 55 66 70 39270
2 3 17 21 34 55 66 105 39270
2 3 17 21 34 55 70 77 39270
2 3 17 21 34 55 70 110 39270
2 3 17 21 34 55 77 85 39270
2 3 17 21 34 55 77 105 39270
2 3 17 21 34 55 77 110 39270
2 3 17 21 34 55 105 110 39270
2 3 17 21 34 55 110 119 39270
2 3 17 21 34 56 60 120 14280
2 3 17 21 34 56 63 72 8568
2 3 17 21 34 56 66 88 31416
2 3 17 21 34 56 70 120 14280
2 3 17 21 34 56 72 126 8568
2 3 17 21 34 56 77 88 31416
2 3 17 21 34 56 78 104 37128
2 3 17 21 34 56 85 120 14280
2 3 17 21 34 56 91 104 37128
2 3 17 21 34 56 105 120 14280
2 3 17 21 34 57 70 95 67830
2 3 17 21 34 57 76 84 27132
2 3 17 21 34 57 95 105 67830
2 3 17 21 34 57 114 119 13566
2 3 17 21 34 58 84 116 41412
2 3 17 21 34 58 87 119 20706
2 3 17 21 34 59 118 119 42126
2 3 17 21 34 60 68 70 7140
2 3 17 21 34 60 68 105 7140
2 3 17 21 34 60 70 84 7140
2 3 17 21 34 60 80 112 28560
2 3 17 21 34 60 84 85 7140
2 3 17 21 34 60 84 105 7140
2 3 17 21 34 61 119 122 43554
2 3 17 21 34 62 84 124 44268
2 3 17 21 34 62 93 119 22134
2 3 17 21 34 63 66 99 23562
2 3 17 21 34 63 70 90 10710
2 3 17 21 34 63 77 99 23562
2 3 17 21 34 63 78 117 27846
2 3 17 21 34 63 85 90 10710
2 3 17 21 34 63 90 105 10710
2 3 17 21 34 63 91 117 27846
2 3 17 21 34 63 102 126 2142
2 3 17 21 34 63 119 126 2142
2 3 17 21 34 65 70 78 46410
2 3 17 21 34 65 70 91 46410
2 3 17 21 34 65 78 105 46410
2 3 17 21 34 65 85 91 46410
2 3 17 21 34 65 91 105 46410
2 3 17 21 34 66 70 110 39270
2 3 17 21 34 66 77 102 7854
2 3 17 21 34 66 77 119 7854
2 3 17 21 34 66 99 126 23562
2 3 17 21 34 66 105 110 39270
2 3 17 21 34 68 84 102 1428
2 3 17 21 34 68 84 119 1428
2 3 17 21 34 69 70 115 82110
2 3 17 21 34 69 84 92 32844
2 3 17 21 34 69 105 115 82110
2 3 17 21 34 70 77 110 39270
2 3 17 21 34 70 80 112 28560
2 3 17 21 34 70 85 102 3570
2 3 17 21 34 70 85 105 3570
2 3 17 21 34 70 85 119 3570
2 3 17 21 34 70 90 126 10710
2 3 17 21 34 70 95 114 67830
2 3 17 21 34 70 102 105 3570
2 3 17 21 34 70 105 119 3570
2 3 17 21 34 74 111 119 26418
2 3 17 21 34 75 84 100 35700
2 3 17 21 34 76 84 114 27132
2 3 17 21 34 77 85 110 39270
2 3 17 21 34 77 99 126 23562
2 3 17 21 34 77 105 110 39270
2 3 17 21 34 78 91 102 9282
2 3 17 21 34 78 91 119 9282
2 3 17 21 34 80 85 112 28560
2 3 17 21 34 80 105 112 28560
2 3 17 21 34 84 87 116 41412
2 3 17 21 34 85 102 105 3570
2 3 17 21 35 36 45 68 21420
2 3 17 21 35 36 68 90 21420
2 3 17 21 35 37 74 85 132090
2 3 17 21 35 38 51 95 67830
2 3 17 21 35 38 57 85 67830
2 3 17 21 35 38 85 95 67830
2 3 17 21 35 38 85 114 67830
2 3 17 21 35 38 95 102 67830
2 3 17 21 35 38 95 119 67830
2 3 17 21 35 39 65 102 46410
2 3 17 21 35 39 78 85 46410
2 3 17 21 35 40 51 56 14280
2 3 17 21 35 40 51 120 14280
2 3 17 21 35 40 56 68 14280
2 3 17 21 35 40 56 85 14280
2 3 17 21 35 40 56 102 14280
2 3 17 21 35 40 56 119 14280
2 3 17 21 35 40 68 120 14280
2 3 17 21 35 40 85 120 14280
2 3 17 21 35 40 102 120 14280
2 3 17 21 35 40 119 120 14280
2 3 17 21 35 41 82 85 146370
2 3 17 21 35 42 51 70 3570
2 3 17 21 35 42 51 85 3570
2 3 17 21 35 42 51 105 3570
2 3 17 21 35 42 60 68 7140
2 3 17 21 35 42 70 85 3570
2 3 17 21 35 42 70 102 3570
2 3 17 21 35 42 70 119 3570
2 3 17 21 35 42 85 102 3570
2 3 17 21 35 42 85 105 3570
2 3 17 21 35 42 85 119 3570
2 3 17 21 35 42 102 105 3570
2 3 17 21 35 42 105 119 3570
2 3 17 21 35 43 85 86 153510
2 3 17 21 35 44 55 68 78540
2 3 17 21 35 44 68 110 78540
2 3 17 21 35 45 51 90 10710
2 3 17 21 35 45 51 126 10710
2 3 17 21 35 45 63 102 10710
2 3 17 21 35 45 85 90 10710
2 3 17 21 35 45 85 126 10710
2 3 17 21 35 45 90 102 10710
2 3 17 21 35 45 90 119 10710
2 3 17 21 35 45 102 126 10710
2 3 17 21 35 45 119 126 10710
2 3 17 21 35 46 51 115 82110
2 3 17 21 35 46 69 85 82110
2 3 17 21 35 46 85 115 82110
2 3 17 21 35 46 102 115 82110
2 3 17 21 35 46 115 119 82110
2 3 17 21 35 47 85 94 167790
2 3 17 21 35 48 51 80 28560
2 3 17 21 35 48 68 80 28560
2 3 17 21 35 48 80 85 28560
2 3 17 21 35 48 80 102 28560
2 3 17 21 35 48 80 119 28560
2 3 17 21 35 48 85 112 28560
2 3 17 21 35 49 85 98 24990
2 3 17 21 35 50 51 75 17850
2 3 17 21 35 50 68 100 35700
2 3 17 21 35 50 75 85 17850
2 3 17 21 35 50 75 102 17850
2 3 17 21 35 50 75 119 17850
2 3 17 21 35 51 55 66 39270
2 3 17 21 35 51 55 110 39270
2 3 17 21 35 51 56 120 14280
2 3 17 21 35 51 60 68 7140
2 3 17 21 35 51 60 84 7140
2 3 17 21 35 51 63 90 10710
2 3 17 21 35 51 65 78 46410
2 3 17 21 35 51 66 110 39270
2 3 17 21 35 51 70 85 3570
2 3 17 21 35 51 70 102 3570
2 3 17 21 35 51 70 105 3570
2 3 17 21 35 51 70 119 3570
2 3 17 21 35 51 77 110 39270
2 3 17 21 35 51 80 112 28560
2 3 17 21 35 51 85 102 3570
2 3 17 21 35 51 90 126 10710
2 3 17 21 35 51 95 114 67830
2 3 17 21 35 51 102 105 3570
2 3 17 21 35 52 65 68 92820
2 3 17 21 35 53 85 106 189210
2 3 17 21 35 55 66 85 39270
2 3 17 21 35 55 66 102 39270
2 3 17 21 35 55 66 119 39270
2 3 17 21 35 55 77 102 39270
2 3 17 21 35 55 85 110 39270
2 3 17 21 35 55 102 110 39270
2 3 17 21 35 55 110 119 39270
2 3 17 21 35 56 68 120 14280
2 3 17 21 35 56 85 120 14280
2 3 17 21 35 56 102 120 14280
2 3 17 21 35 56 119 120 14280
2 3 17 21 35 57 85 114 67830
2 3 17 21 35 57 95 102 67830
2 3 17 21 35 58 85 87 103530
2 3 17 21 35 59 85 118 210630
2 3 17 21 35 60 68 70 7140
2 3 17 21 35 60 68 84 7140
2 3 17 21 35 60 68 85 7140
2 3 17 21 35 60 68 102 7140
2 3 17 21 35 60 68 105 7140
2 3 17 21 35 60 68 119 7140
2 3 17 21 35 60 84 85 7140
2 3 17 21 35 60 84 102 7140
2 3 17 21 35 60 84 119 7140
2 3 17 21 35 61 85 122 217770
2 3 17 21 35 62 85 93 110670
2 3 17 21 35 63 85 90 10710
2 3 17 21 35 63 85 126 10710
2 3 17 21 35 63 90 102 10710
2 3 17 21 35 63 90 119 10710
2 3 17 21 35 65 78 85 46410
2 3 17 21 35 65 78 102 46410
2 3 17 21 35 65 78 119 46410
2 3 17 21 35 65 91 102 46410
2 3 17 21 35 66 77 85 39270
2 3 17 21 35 66 85 110 39270
2 3 17 21 35 66 102 110 39270
2 3 17 21 35 66 110 119 39270
2 3 17 21 35 68 70 84 7140
2 3 17 21 35 68 75 100 35700
2 3 17 21 35 68 76 95 135660
2 3 17 21 35 68 80 112 28560
2 3 17 21 35 68 84 85 7140
2 3 17 21 35 68 84 105 7140
2 3 17 21 35 68 92 115 164220
2 3 17 21 35 69 102 115 82110
2 3 17 21 35 70 85 102 3570
2 3 17 21 35 70 85 105 3570
2 3 17 21 35 70 85 119 3570
2 3 17 21 35 70 102 105 3570
2 3 17 21 35 70 102 119 3570
2 3 17 21 35 70 105 119 3570
2 3 17 21 35 74 85 111 132090
2 3 17 21 35 77 85 110 39270
2 3 17 21 35 77 102 110 39270
2 3 17 21 35 78 85 91 46410
2 3 17 21 35 80 85 112 28560
2 3 17 21 35 82 85 123 146370
2 3 17 21 36 42 63 68 4284
2 3 17 21 36 42 68 126 4284
2 3 17 21 36 44 99 119 47124
2 3 17 21 36 45 60 119 21420
2 3 17 21 36 45 68 70 21420
2 3 17 21 36 45 68 105 21420
2 3 17 21 36 45 84 85 21420
2 3 17 21 36 51 56 72 8568
2 3 17 21 36 51 63 68 4284
2 3 17 21 36 51 63 84 4284
2 3 17 21 36 51 68 126 4284
2 3 17 21 36 51 84 126 4284
2 3 17 21 36 52 117 119 55692
2 3 17 21 36 54 108 119 12852
2 3 17 21 36 56 68 72 8568
2 3 17 21 36 56 72 102 8568
2 3 17 21 36 56 72 119 8568
2 3 17 21 36 60 63 85 21420
2 3 17 21 36 60 85 126 21420
2 3 17 21 36 60 90 119 21420
2 3 17 21 36 63 68 84 4284
2 3 17 21 36 63 68 102 4284
2 3 17 21 36 63 68 119 4284
2 3 17 21 36 63 68 126 4284
2 3 17 21 36 63 84 102 4284
2 3 17 21 36 63 84 119 4284
2 3 17 21 36 68 70 90 21420
2 3 17 21 36 68 77 99 47124
2 3 17 21 36 68 84 126 4284
2 3 17 21 36 68 90 105 21420
2 3 17 21 36 68 91 117 55692
2 3 17 21 36 84 85 90 21420
2 3 17 21 37 42 51 74 26418
2 3 17 21 37 42 51 111 26418
2 3 17 21 37 42 74 102 26418
2 3 17 21 37 42 74 119 26418
2 3 17 21 37 42 102 111 26418
2 3 17 21 37 42 111 119 26418
2 3 17 21 37 51 74 119 26418
2 3 17 21 37 68 74 84 52836
2 3 17 21 37 68 84 111 52836
2 3 17 21 37 70 74 85 132090
2 3 17 21 37 70 85 111 132090
2 3 17 21 37 74 85 105 132090
2 3 17 21 38 42 51 57 13566
2 3 17 21 38 42 51 114 13566
2 3 17 21 38 42 57 102 13566
2 3 17 21 38 42 57 119 13566
2 3 17 21 38 42 68 76 27132
2 3 17 21 38 42 85 95 67830
2 3 17 21 38 42 102 114 13566
2 3 17 21 38 42 114 119 13566
2 3 17 21 38 51 57 119 13566
2 3 17 21 38 51 70 95 67830
2 3 17 21 38 51 76 84 27132
2 3 17 21 38 51 95 105 67830
2 3 17 21 38 51 114 119 13566
2 3 17 21 38 57 68 84 27132
2 3 17 21 38 57 70 85 67830
2 3 17 21 38 57 85 105 67830
2 3 17 21 38 57 102 119 13566
2 3 17 21 38 57 114 119 13566
2 3 17 21 38 68 76 84 27132
2 3 17 21 38 68 76 119 27132
2 3 17 21 38 68 84 114 27132
2 3 17 21 38 70 85 95 67830
2 3 17 21 38 70 85 114 67830
2 3 17 21 38 70 95 102 67830
2 3 17 21 38 76 84 102 27132
2 3 17 21 39 42 51 78 9282
2 3 17 21 39 42 51 91 9282
2 3 17 21 39 42 52 68 18564
2 3 17 21 39 42 65 85 46410
2 3 17 21 39 42 78 102 9282
2 3 17 21 39 42 78 119 9282
2 3 17 21 39 42 91 102 9282
2 3 17 21 39 42 91 119 9282
2 3 17 21 39 51 52 84 18564
2 3 17 21 39 51 56 104 37128
2 3 17 21 39 51 65 70 46410
2 3 17 21 39 51 78 91 9282
2 3 17 21 39 51 78 119 9282
2 3 17 21 39 51 91 102 9282
2 3 17 21 39 51 117 126 27846
2 3 17 21 39 52 68 84 18564
2 3 17 21 39 52 68 91 18564
2 3 17 21 39 52 68 119 18564
2 3 17 21 39 52 84 102 18564
2 3 17 21 39 52 84 119 18564
2 3 17 21 39 56 68 104 37128
2 3 17 21 39 56 102 104 37128
2 3 17 21 39 56 104 119 37128
2 3 17 21 39 65 70 85 46410
2 3 17 21 39 65 70 102 46410
2 3 17 21 39 65 70 119 46410
2 3 17 21 39 65 102 105 46410
2 3 17 21 39 68 78 84 18564
2 3 17 21 39 68 84 91 18564
2 3 17 21 39 70 78 85 46410
2 3 17 21 39 70 85 91 46410
2 3 17 21 40 42 51 120 14280
2 3 17 21 40 42 56 85 14280
2 3 17 21 40 42 68 120 14280
2 3 17 21 40 42 85 120 14280
2 3 17 21 40 42 102 120 14280
2 3 17 21 40 42 119 120 14280
2 3 17 21 40 45 72 119 42840
2 3 17 21 40 48 80 119 28560
2 3 17 21 40 48 85 112 28560
2 3 17 21 40 51 56 60 14280
2 3 17 21 40 51 56 70 14280
2 3 17 21 40 51 56 85 14280
2 3 17 21 40 51 56 105 14280
2 3 17 21 40 51 56 120 14280
2 3 17 21 40 51 70 120 14280
2 3 17 21 40 51 80 112 28560
2 3 17 21 40 51 84 120 14280
2 3 17 21 40 51 105 120 14280
2 3 17 21 40 51 119 120 14280
2 3 17 21 40 55 88 119 157080
2 3 17 21 40 56 60 68 14280
2 3 17 21 40 56 60 85 14280
2 3 17 21 40 56 60 102 14280
2 3 17 21 40 56 60 119 14280
2 3 17 21 40 56 68 70 14280
2 3 17 21 40 56 68 85 14280
2 3 17 21 40 56 68 105 14280
2 3 17 21 40 56 68 120 14280
2 3 17 21 40 56 70 85 14280
2 3 17 21 40 56 70 102 14280
2 3 17 21 40 56 70 119 14280
2 3 17 21 40 56 84 85 14280
2 3 17 21 40 56 85 102 14280
2 3 17 21 40 56 85 105 14280
2 3 17 21 40 56 85 119 14280
2 3 17 21 40 56 85 120 14280
2 3 17 21 40 56 102 105 14280
2 3 17 21 40 56 102 120 14280
2 3 17 21 40 56 105 119 14280
2 3 17 21 40 63 72 85 42840
2 3 17 21 40 68 70 120 14280
2 3 17 21 40 68 80 112 28560
2 3 17 21 40 77 85 88 157080
2 3 17 21 41 42 51 82 29274
2 3 17 21 41 42 51 123 29274
2 3 17 21 41 42 82 102 29274
2 3 17 21 41 42 82 119 29274
2 3 17 21 41 42 102 123 29274
2 3 17 21 41 42 119 123 29274
2 3 17 21 41 51 82 119 29274
2 3 17 21 41 68 82 84 58548
2 3 17 21 41 70 82 85 146370
2 3 17 21 42 43 51 86 30702
2 3 17 21 42 43 86 102 30702
2 3 17 21 42 43 86 119 30702
2 3 17 21 42 44 66 68 15708
2 3 17 21 42 44 68 77 15708
2 3 17 21 42 45 51 90 10710
2 3 17 21 42 45 63 85 10710
2 3 17 21 42 45 85 90 10710
2 3 17 21 42 45 85 126 10710
2 3 17 21 42 45 90 102 10710
2 3 17 21 42 45 90 119 10710
2 3 17 21 42 46 51 69 16422
2 3 17 21 42 46 68 92 32844
2 3 17 21 42 46 69 102 16422
2 3 17 21 42 46 69 119 16422
2 3 17 21 42 46 85 115 82110
2 3 17 21 42 47 51 94 33558
2 3 17 21 42 47 94 102 33558
2 3 17 21 42 47 94 119 33558
2 3 17 21 42 48 51 112 5712
2 3 17 21 42 48 68 112 5712
2 3 17 21 42 48 80 85 28560
2 3 17 21 42 48 102 112 5712
2 3 17 21 42 48 112 119 5712
2 3 17 21 42 49 51 98 4998
2 3 17 21 42 49 98 102 4998
2 3 17 21 42 49 98 119 4998
2 3 17 21 42 50 51 75 17850
2 3 17 21 42 50 68 100 35700
2 3 17 21 42 50 75 85 17850
2 3 17 21 42 50 75 102 17850
2 3 17 21 42 50 75 119 17850
2 3 17 21 42 51 53 106 37842
2 3 17 21 42 51 55 110 39270
2 3 17 21 42 51 57 114 13566
2 3 17 21 42 51 58 87 20706
2 3 17 21 42 51 59 118 42126
2 3 17 21 42 51 61 122 43554
2 3 17 21 42 51 62 93 22134
2 3 17 21 42 51 63 126 2142
2 3 17 21 42 51 66 77 7854
2 3 17 21 42 51 68 84 1428
2 3 17 21 42 51 70 85 3570
2 3 17 21 42 51 70 105 3570
2 3 17 21 42 51 74 111 26418
2 3 17 21 42 51 78 91 9282
2 3 17 21 42 51 82 123 29274
2 3 17 21 42 51 85 105 3570
2 3 17 21 42 51 102 119 714
2 3 17 21 42 52 68 78 18564
2 3 17 21 42 52 68 91 18564
2 3 17 21 42 53 102 106 37842
2 3 17 21 42 53 106 119 37842
2 3 17 21 42 54 68 108 12852
2 3 17 21 42 55 66 85 39270
2 3 17 21 42 55 77 85 39270
2 3 17 21 42 55 85 110 39270
2 3 17 21 42 55 102 110 39270
2 3 17 21 42 56 85 120 14280
2 3 17 21 42 57 68 76 27132
2 3 17 21 42 57 85 95 67830
2 3 17 21 42 58 68 116 41412
2 3 17 21 42 58 87 102 20706
2 3 17 21 42 58 87 119 20706
2 3 17 21 42 60 68 70 7140
2 3 17 21 42 60 68 85 7140
2 3 17 21 42 60 68 105 7140
2 3 17 21 42 60 84 85 7140
2 3 17 21 42 62 68 124 44268
2 3 17 21 42 62 93 102 22134
2 3 17 21 42 63 85 90 10710
2 3 17 21 42 65 78 85 46410
2 3 17 21 42 65 85 91 46410
2 3 17 21 42 66 77 102 7854
2 3 17 21 42 66 77 119 7854
2 3 17 21 42 68 69 92 32844
2 3 17 21 42 68 75 100 35700
2 3 17 21 42 68 76 114 27132
2 3 17 21 43 51 86 119 30702
2 3 17 21 43 68 84 86 61404
2 3 17 21 43 70 85 86 153510
2 3 17 21 44 51 56 88 31416
2 3 17 21 44 51 66 84 15708
2 3 17 21 44 51 68 77 15708
2 3 17 21 44 51 77 84 15708
2 3 17 21 44 55 60 119 78540
2 3 17 21 44 55 68 70 78540
2 3 17 21 44 55 68 105 78540
2 3 17 21 44 55 84 85 78540
2 3 17 21 44 56 68 88 31416
2 3 17 21 44 56 88 102 31416
2 3 17 21 44 56 88 119 31416
2 3 17 21 44 60 77 85 78540
2 3 17 21 44 63 68 99 47124
2 3 17 21 44 66 68 77 15708
2 3 17 21 44 66 68 84 15708
2 3 17 21 44 66 68 119 15708
2 3 17 21 44 68 70 110 78540
2 3 17 21 44 68 77 84 15708
2 3 17 21 45 51 63 70 10710
2 3 17 21 45 51 63 90 10710
2 3 17 21 45 51 70 90 10710
2 3 17 21 45 51 70 126 10710
2 3 17 21 45 51 85 126 10710
2 3 17 21 45 51 90 105 10710
2 3 17 21 45 51 90 119 10710
2 3 17 21 45 51 90 126 10710
2 3 17 21 45 56 72 85 42840
2 3 17 21 45 60 63 68 21420
2 3 17 21 45 60 68 126 21420
2 3 17 21 45 63 70 85 10710
2 3 17 21 45 63 70 102 10710
2 3 17 21 45 63 70 119 10710
2 3 17 21 45 63 85 90 10710
2 3 17 21 46 51 69 119 16422
2 3 17 21 46 51 70 115 82110
2 3 17 21 46 51 84 92 32844
2 3 17 21 46 68 69 84 32844
2 3 17 21 46 69 70 85 82110
2 3 17 21 48 51 56 112 5712
2 3 17 21 48 51 68 112 5712
2 3 17 21 48 51 70 80 28560
2 3 17 21 48 51 80 105 28560
2 3 17 21 48 51 84 112 5712
2 3 17 21 48 56 68 112 5712
2 3 17 21 48 56 80 85 28560
2 3 17 21 48 68 70 80 28560
2 3 17 21 50 51 70 75 17850
2 3 17 21 50 51 75 105 17850
2 3 17 21 50 51 75 119 17850
2 3 17 21 50 51 84 100 35700
2 3 17 21 51 52 56 104 37128
2 3 17 21 51 52 68 91 18564
2 3 17 21 51 52 78 84 18564
2 3 17 21 51 52 84 91 18564
2 3 17 21 51 55 66 70 39270
2 3 17 21 51 55 66 105 39270
2 3 17 21 51 55 70 77 39270
2 3 17 21 51 55 70 110 39270
2 3 17 21 51 56 60 120 14280
2 3 17 21 51 56 63 72 8568
2 3 17 21 51 56 66 88 31416
2 3 17 21 51 56 77 88 31416
2 3 17 21 51 57 70 95 67830
2 3 17 21 51 57 76 84 27132
2 3 17 21 51 60 68 70 7140
2 3 17 21 51 60 68 105 7140
2 3 17 21 51 60 70 84 7140
2 3 17 21 51 63 66 99 23562
2 3 17 21 51 63 70 90 10710
2 3 17 21 51 65 70 78 46410
2 3 17 21 51 65 70 91 46410
2 3 17 21 52 56 68 104 37128
2 3 17 21 52 65 68 70 92820
2 3 17 21 55 60 68 77 78540
2 3 17 21 56 63 68 72 8568
2 3 17 22 23 33 34 46 25806
2 3 17 22 23 33 34 69 25806
2 3 17 22 23 33 46 51 25806
2 3 17 22 23 33 46 102 25806
2 3 17 22 23 33 51 69 25806
2 3 17 22 23 33 68 92 51612
2 3 17 22 23 33 69 102 25806
2 3 17 22 23 33 85 115 129030
2 3 17 22 23 34 46 66 25806
2 3 17 22 23 34 66 69 25806
2 3 17 22 23 44 51 92 51612
2 3 17 22 23 44 68 69 51612
2 3 17 22 23 44 92 102 51612
2 3 17 22 23 46 51 66 25806
2 3 17 22 23 46 66 102 25806
2 3 17 22 23 51 55 115 129030
2 3 17 22 23 51 66 69 25806
2 3 17 22 23 51 110 115 129030
2 3 17 22 23 55 69 85 129030
2 3 17 22 23 55 102 115 129030
2 3 17 22 23 66 68 92 51612
2 3 17 22 23 66 69 102 25806
2 3 17 22 23 66 85 115 129030
2 3 17 22 23 69 77 119 180642
2 3 17 22 23 69 85 110 129030
2 3 17 22 23 102 110 115 129030
2 3 17 22 24 28 88 119 31416
2 3 17 22 24 30 85 88 22440
2 3 17 22 24 33 34 88 4488
2 3 17 22 24 33 40 85 22440
2 3 17 22 24 33 51 88 4488
2 3 17 22 24 33 56 119 31416
2 3 17 22 24 33 68 88 4488
2 3 17 22 24 33 85 120 22440
2 3 17 22 24 33 88 102 4488
2 3 17 22 24 34 40 55 22440
2 3 17 22 24 34 40 110 22440
2 3 17 22 24 34 44 88 4488
2 3 17 22 24 34 51 88 4488
2 3 17 22 24 34 55 120 22440
2 3 17 22 24 34 56 77 31416
2 3 17 22 24 34 66 88 4488
2 3 17 22 24 34 68 88 4488
2 3 17 22 24 34 72 99 13464
2 3 17 22 24 34 88 102 4488
2 3 17 22 24 34 110 120 22440
2 3 17 22 24 40 44 85 22440
2 3 17 22 24 40 51 55 22440
2 3 17 22 24 40 51 110 22440
2 3 17 22 24 40 55 68 22440
2 3 17 22 24 40 55 85 22440
2 3 17 22 24 40 55 102 22440
2 3 17 22 24 40 66 85 22440
2 3 17 22 24 40 68 110 22440
2 3 17 22 24 40 85 88 22440
2 3 17 22 24 40 85 110 22440
2 3 17 22 24 40 102 110 22440
2 3 17 22 24 42 88 119 31416
2 3 17 22 24 44 51 88 4488
2 3 17 22 24 44 56 119 31416
2 3 17 22 24 44 68 88 4488
2 3 17 22 24 44 85 120 22440
2 3 17 22 24 44 88 102 4488
2 3 17 22 24 51 55 120 22440
2 3 17 22 24 51 56 77 31416
2 3 17 22 24 51 66 88 4488
2 3 17 22 24 51 68 88 4488
2 3 17 22 24 51 72 99 13464
2 3 17 22 24 51 88 102 4488
2 3 17 22 24 51 110 120 22440
2 3 17 22 24 55 68 120 22440
2 3 17 22 24 55 85 88 22440
2 3 17 22 24 55 85 120 22440
2 3 17 22 24 55 102 120 22440
2 3 17 22 24 56 66 119 31416
2 3 17 22 24 56 68 77 31416
2 3 17 22 24 56 77 102 31416
2 3 17 22 24 56 77 119 31416
2 3 17 22 24 56 88 119 31416
2 3 17 22 24 60 85 88 22440
2 3 17 22 24 66 68 88 4488
2 3 17 22 24 66 85 120 22440
2 3 17 22 24 66 88 102 4488
2 3 17 22 24 68 72 99 13464
2 3 17 22 24 68 88 102 4488
2 3 17 22 24 68 110 120 22440
2 3 17 22 24 72 99 102 13464
2 3 17 22 24 77 88 119 31416
2 3 17 22 24 84 88 119 31416
2 3 17 22 24 85 88 110 22440
2 3 17 22 24 85 88 120 22440
2 3 17 22 24 85 110 120 22440
2 3 17 22 24 102 110 120 22440
2 3 17 22 25 33 34 50 28050
2 3 17 22 25 33 34 75 28050
2 3 17 22 25 33 50 51 28050
2 3 17 22 25 33 50 85 28050
2 3 17 22 25 33 50 102 28050
2 3 17 22 25 33 51 75 28050
2 3 17 22 25 33 68 100 56100
2 3 17 22 25 33 75 85 28050
2 3 17 22 25 33 75 102 28050
2 3 17 22 25 34 50 66 28050
2 3 17 22 25 34 55 75 28050
2 3 17 22 25 34 66 75 28050
2 3 17 22 25 34 75 110 28050
2 3 17 22 25 44 51 100 56100
2 3 17 22 25 44 68 75 56100
2 3 17 22 25 44 100 102 56100
2 3 17 22 25 50 51 55 28050
2 3 17 22 25 50 51 66 28050
2 3 17 22 25 50 51 110 28050
2 3 17 22 25 50 55 102 28050
2 3 17 22 25 50 66 85 28050
2 3 17 22 25 50 66 102 28050
2 3 17 22 25 50 102 110 28050
2 3 17 22 25 51 55 75 28050
2 3 17 22 25 51 66 75 28050
2 3 17 22 25 51 75 110 28050
2 3 17 22 25 55 75 85 28050
2 3 17 22 25 55 75 102 28050
2 3 17 22 25 66 68 100 56100
2 3 17 22 25 66 75 85 28050
2 3 17 22 25 66 75 102 28050
2 3 17 22 25 75 77 119 196350
2 3 17 22 25 75 85 110 28050
2 3 17 22 25 75 102 110 28050
2 3 17 22 26 33 34 39 14586
2 3 17 22 26 33 34 78 14586
2 3 17 22 26 33 39 51 14586
2 3 17 22 26 33 39 102 14586
2 3 17 22 26 33 51 78 14586
2 3 17 22 26 33 52 68 29172
2 3 17 22 26 33 65 85 72930
2 3 17 22 26 33 78 102 14586
2 3 17 22 26 33 91 119 102102
2 3 17 22 26 34 39 66 14586
2 3 17 22 26 34 66 78 14586
2 3 17 22 26 34 99 117 43758
2 3 17 22 26 39 44 68 29172
2 3 17 22 26 39 51 66 14586
2 3 17 22 26 39 55 85 72930
2 3 17 22 26 39 66 102 14586
2 3 17 22 26 39 77 119 102102
2 3 17 22 26 39 85 110 72930
2 3 17 22 26 44 51 52 29172
2 3 17 22 26 44 52 102 29172
2 3 17 22 26 44 68 78 29172
2 3 17 22 26 51 55 65 72930
2 3 17 22 26 51 65 110 72930
2 3 17 22 26 51 66 78 14586
2 3 17 22 26 51 77 91 102102
2 3 17 22 26 51 88 104 58344
2 3 17 22 26 51 99 117 43758
2 3 17 22 26 52 66 68 29172
2 3 17 22 26 55 65 102 72930
2 3 17 22 26 55 78 85 72930
2 3 17 22 26 65 66 85 72930
2 3 17 22 26 65 102 110 72930
2 3 17 22 26 66 78 102 14586
2 3 17 22 26 66 91 119 102102
2 3 17 22 26 77 78 119 102102
2 3 17 22 26 77 91 102 102102
2 3 17 22 26 78 85 110 72930
2 3 17 22 26 88 102 104 58344
2 3 17 22 26 99 102 117 43758
2 3 17 22 27 33 34 54 10098
2 3 17 22 27 33 51 54 10098
2 3 17 22 27 33 54 102 10098
2 3 17 22 27 33 68 108 20196
2 3 17 22 27 34 44 108 20196
2 3 17 22 27 34 54 66 10098
2 3 17 22 27 34 54 99 10098
2 3 17 22 27 44 51 108 20196
2 3 17 22 27 44 54 68 20196
2 3 17 22 27 44 68 108 20196
2 3 17 22 27 44 102 108 20196
2 3 17 22 27 51 54 66 10098
2 3 17 22 27 51 54 99 10098
2 3 17 22 27 54 55 85 50490
2 3 17 22 27 54 66 102 10098
2 3 17 22 27 54 77 119 70686
2 3 17 22 27 54 85 110 50490
2 3 17 22 27 54 99 102 10098
2 3 17 22 27 66 68 108 20196
2 3 17 22 27 68 99 108 20196
2 3 17 22 28 33 34 84 15708
2 3 17 22 28 33 42 68 15708
2 3 17 22 28 33 44 119 15708
2 3 17 22 28 33 51 84 15708
2 3 17 22 28 33 68 77 15708
2 3 17 22 28 33 68 84 15708
2 3 17 22 28 33 68 119 15708
2 3 17 22 28 33 84 102 15708
2 3 17 22 28 33 84 119 15708
2 3 17 22 28 34 42 44 15708
2 3 17 22 28 34 44 84 15708
2 3 17 22 28 34 66 84 15708
2 3 17 22 28 34 77 84 15708
2 3 17 22 28 36 99 119 47124
2 3 17 22 28 42 44 51 15708
2 3 17 22 28 42 44 68 15708
2 3 17 22 28 42 44 102 15708
2 3 17 22 28 42 44 119 15708
2 3 17 22 28 42 66 68 15708
2 3 17 22 28 42 68 77 15708
2 3 17 22 28 44 51 77 15708
2 3 17 22 28 44 51 84 15708
2 3 17 22 28 44 51 119 15708
2 3 17 22 28 44 66 119 15708
2 3 17 22 28 44 68 84 15708
2 3 17 22 28 44 77 102 15708
2 3 17 22 28 44 84 102 15708
2 3 17 22 28 44 84 119 15708
2 3 17 22 28 44 85 105 78540
2 3 17 22 28 44 102 119 15708
2 3 17 22 28 51 56 88 31416
2 3 17 22 28 51 66 84 15708
2 3 17 22 28 51 68 77 15708
2 3 17 22 28 51 77 84 15708
2 3 17 22 28 55 60 119 78540
2 3 17 22 28 55 68 105 78540
2 3 17 22 28 55 84 85 78540
2 3 17 22 28 56 88 102 31416
2 3 17 22 28 60 77 85 78540
2 3 17 22 28 60 110 119 78540
2 3 17 22 28 63 68 99 47124
2 3 17 22 28 66 68 77 15708
2 3 17 22 28 66 68 84 15708
2 3 17 22 28 66 68 119 15708
2 3 17 22 28 66 84 102 15708
2 3 17 22 28 66 84 119 15708
2 3 17 22 28 68 77 84 15708
2 3 17 22 28 68 77 102 15708
2 3 17 22 28 68 99 126 47124
2 3 17 22 28 68 105 110 78540
2 3 17 22 28 77 84 102 15708
2 3 17 22 28 77 84 119 15708
2 3 17 22 28 84 85 110 78540
2 3 17 22 29 33 34 58 32538
2 3 17 22 29 33 34 87 32538
2 3 17 22 29 33 51 58 32538
2 3 17 22 29 33 51 87 32538
2 3 17 22 29 33 58 102 32538
2 3 17 22 29 33 68 116 65076
2 3 17 22 29 33 87 102 32538
2 3 17 22 29 34 58 66 32538
2 3 17 22 29 34 66 87 32538
2 3 17 22 29 44 51 116 65076
2 3 17 22 29 44 68 87 65076
2 3 17 22 29 44 102 116 65076
2 3 17 22 29 51 58 66 32538
2 3 17 22 29 51 66 87 32538
2 3 17 22 29 55 85 87 162690
2 3 17 22 29 58 66 102 32538
2 3 17 22 29 66 68 116 65076
2 3 17 22 29 66 87 102 32538
2 3 17 22 29 77 87 119 227766
2 3 17 22 29 85 87 110 162690
2 3 17 22 30 33 34 55 5610
2 3 17 22 30 33 34 85 5610
2 3 17 22 30 33 34 110 5610
2 3 17 22 30 33 35 119 39270
2 3 17 22 30 33 51 55 5610
2 3 17 22 30 33 51 85 5610
2 3 17 22 30 33 51 110 5610
2 3 17 22 30 33 55 85 5610
2 3 17 22 30 33 55 102 5610
2 3 17 22 30 33 60 68 11220
2 3 17 22 30 33 66 85 5610
2 3 17 22 30 33 70 119 39270
2 3 17 22 30 33 85 102 5610
2 3 17 22 30 33 85 110 5610
2 3 17 22 30 33 102 110 5610
2 3 17 22 30 33 105 119 39270
2 3 17 22 30 34 35 77 39270
2 3 17 22 30 34 40 88 22440
2 3 17 22 30 34 44 60 11220
2 3 17 22 30 34 45 99 16830
2 3 17 22 30 34 51 55 5610
2 3 17 22 30 34 51 110 5610
2 3 17 22 30 34 55 66 5610
2 3 17 22 30 34 55 85 5610
2 3 17 22 30 34 55 102 5610
2 3 17 22 30 34 55 110 5610
2 3 17 22 30 34 66 85 5610
2 3 17 22 30 34 66 110 5610
2 3 17 22 30 34 70 77 39270
2 3 17 22 30 34 77 105 39270
2 3 17 22 30 34 85 110 5610
2 3 17 22 30 34 88 120 22440
2 3 17 22 30 34 90 99 16830
2 3 17 22 30 34 102 110 5610
2 3 17 22 30 35 51 77 39270
2 3 17 22 30 35 55 119 39270
2 3 17 22 30 35 66 119 39270
2 3 17 22 30 35 77 85 39270
2 3 17 22 30 35 77 102 39270
2 3 17 22 30 35 77 119 39270
2 3 17 22 30 35 110 119 39270
2 3 17 22 30 40 51 88 22440
2 3 17 22 30 40 68 88 22440
2 3 17 22 30 40 85 88 22440
2 3 17 22 30 40 88 102 22440
2 3 17 22 30 42 55 119 39270
2 3 17 22 30 42 77 85 39270
2 3 17 22 30 42 110 119 39270
2 3 17 22 30 44 51 60 11220
2 3 17 22 30 44 55 68 11220
2 3 17 22 30 44 60 68 11220
2 3 17 22 30 44 60 85 11220
2 3 17 22 30 44 60 102 11220
2 3 17 22 30 44 68 85 11220
2 3 17 22 30 44 68 110 11220
2 3 17 22 30 45 51 99 16830
2 3 17 22 30 45 85 99 16830
2 3 17 22 30 45 99 102 16830
2 3 17 22 30 51 55 66 5610
2 3 17 22 30 51 55 85 5610
2 3 17 22 30 51 55 102 5610
2 3 17 22 30 51 55 110 5610
2 3 17 22 30 51 66 85 5610
2 3 17 22 30 51 66 110 5610
2 3 17 22 30 51 70 77 39270
2 3 17 22 30 51 77 105 39270
2 3 17 22 30 51 85 110 5610
2 3 17 22 30 51 88 120 22440
2 3 17 22 30 51 90 99 16830
2 3 17 22 30 51 102 110 5610
2 3 17 22 30 55 60 68 11220
2 3 17 22 30 55 66 85 5610
2 3 17 22 30 55 66 102 5610
2 3 17 22 30 55 70 119 39270
2 3 17 22 30 55 77 119 39270
2 3 17 22 30 55 85 102 5610
2 3 17 22 30 55 85 110 5610
2 3 17 22 30 55 102 110 5610
2 3 17 22 30 55 105 119 39270
2 3 17 22 30 60 66 68 11220
2 3 17 22 30 60 68 110 11220
2 3 17 22 30 66 70 119 39270
2 3 17 22 30 66 85 102 5610
2 3 17 22 30 66 85 110 5610
2 3 17 22 30 66 102 110 5610
2 3 17 22 30 66 105 119 39270
2 3 17 22 30 68 88 120 22440
2 3 17 22 30 70 77 85 39270
2 3 17 22 30 70 77 102 39270
2 3 17 22 30 70 77 119 39270
2 3 17 22 30 70 110 119 39270
2 3 17 22 30 77 85 105 39270
2 3 17 22 30 77 85 119 39270
2 3 17 22 30 77 102 105 39270
2 3 17 22 30 77 105 119 39270
2 3 17 22 30 77 110 119 39270
2 3 17 22 30 85 88 120 22440
2 3 17 22 30 85 90 99 16830
2 3 17 22 30 85 102 110 5610
2 3 17 22 30 88 102 120 22440
2 3 17 22 30 90 99 102 16830
2 3 17 22 31 33 34 62 34782
2 3 17 22 31 33 34 93 34782
2 3 17 22 31 33 51 62 34782
2 3 17 22 31 33 51 93 34782
2 3 17 22 31 33 62 102 34782
2 3 17 22 31 33 68 124 69564
2 3 17 22 31 33 93 102 34782
2 3 17 22 31 34 62 66 34782
2 3 17 22 31 34 66 93 34782
2 3 17 22 31 44 51 124 69564
2 3 17 22 31 44 68 93 69564
2 3 17 22 31 44 102 124 69564
2 3 17 22 31 51 62 66 34782
2 3 17 22 31 51 66 93 34782
2 3 17 22 31 55 85 93 173910
2 3 17 22 31 62 66 102 34782
2 3 17 22 31 66 68 124 69564
2 3 17 22 31 66 93 102 34782
2 3 17 22 31 77 93 119 243474
2 3 17 22 31 85 93 110 173910
2 3 17 22 32 33 34 96 17952
2 3 17 22 32 33 51 96 17952
2 3 17 22 32 33 68 96 17952
2 3 17 22 32 33 96 102 17952
2 3 17 22 32 34 44 96 17952
2 3 17 22 32 34 66 96 17952
2 3 17 22 32 34 88 96 17952
2 3 17 22 32 44 51 96 17952
2 3 17 22 32 44 68 96 17952
2 3 17 22 32 44 96 102 17952
2 3 17 22 32 51 66 96 17952
2 3 17 22 32 51 88 96 17952
2 3 17 22 32 55 85 96 89760
2 3 17 22 32 66 68 96 17952
2 3 17 22 32 66 96 102 17952
2 3 17 22 32 68 88 96 17952
2 3 17 22 32 77 96 119 125664
2 3 17 22 32 85 96 110 89760
2 3 17 22 32 88 96 102 17952
2 3 17 22 33 34 35 70 39270
2 3 17 22 33 34 35 105 39270
2 3 17 22 33 34 37 74 41514
2 3 17 22 33 34 37 111 41514
2 3 17 22 33 34 38 57 21318
2 3 17 22 33 34 38 114 21318
2 3 17 22 33 34 39 78 14586
2 3 17 22 33 34 40 120 22440
2 3 17 22 33 34 41 82 46002
2 3 17 22 33 34 41 123 46002
2 3 17 22 33 34 42 77 7854
2 3 17 22 33 34 42 119 7854
2 3 17 22 33 34 43 86 48246
2 3 17 22 33 34 44 68 2244
2 3 17 22 33 34 45 90 16830
2 3 17 22 33 34 46 69 25806
2 3 17 22 33 34 47 94 52734
2 3 17 22 33 34 49 98 54978
2 3 17 22 33 34 50 75 28050
2 3 17 22 33 34 51 66 1122
2 3 17 22 33 34 51 102 1122
2 3 17 22 33 34 53 106 59466
2 3 17 22 33 34 55 85 5610
2 3 17 22 33 34 55 110 5610
2 3 17 22 33 34 57 114 21318
2 3 17 22 33 34 58 87 32538
2 3 17 22 33 34 59 118 66198
2 3 17 22 33 34 61 122 68442
2 3 17 22 33 34 62 93 34782
2 3 17 22 33 34 63 126 23562
2 3 17 22 33 34 66 102 1122
2 3 17 22 33 34 70 105 39270
2 3 17 22 33 34 74 111 41514
2 3 17 22 33 34 77 119 7854
2 3 17 22 33 34 82 123 46002
2 3 17 22 33 34 85 110 5610
2 3 17 22 33 35 42 85 39270
2 3 17 22 33 35 51 70 39270
2 3 17 22 33 35 51 105 39270
2 3 17 22 33 35 55 119 39270
2 3 17 22 33 35 70 85 39270
2 3 17 22 33 35 70 102 39270
2 3 17 22 33 35 70 119 39270
2 3 17 22 33 35 77 85 39270
2 3 17 22 33 35 85 105 39270
2 3 17 22 33 35 85 119 39270
2 3 17 22 33 35 102 105 39270
2 3 17 22 33 35 105 119 39270
2 3 17 22 33 35 110 119 39270
2 3 17 22 33 36 68 99 6732
2 3 17 22 33 37 51 74 41514
2 3 17 22 33 37 51 111 41514
2 3 17 22 33 37 74 102 41514
2 3 17 22 33 37 102 111 41514
2 3 17 22 33 38 51 57 21318
2 3 17 22 33 38 51 114 21318
2 3 17 22 33 38 57 102 21318
2 3 17 22 33 38 68 76 42636
2 3 17 22 33 38 85 95 106590
2 3 17 22 33 38 102 114 21318
2 3 17 22 33 39 51 78 14586
2 3 17 22 33 39 52 68 29172
2 3 17 22 33 39 65 85 72930
2 3 17 22 33 39 78 102 14586
2 3 17 22 33 39 91 119 102102
2 3 17 22 33 40 51 120 22440
2 3 17 22 33 40 68 120 22440
2 3 17 22 33 40 85 88 22440
2 3 17 22 33 40 85 120 22440
2 3 17 22 33 40 102 120 22440
2 3 17 22 33 41 51 82 46002
2 3 17 22 33 41 51 123 46002
2 3 17 22 33 41 82 102 46002
2 3 17 22 33 41 102 123 46002
2 3 17 22 33 42 51 77 7854
2 3 17 22 33 42 51 119 7854
2 3 17 22 33 42 66 119 7854
2 3 17 22 33 42 68 84 15708
2 3 17 22 33 42 70 85 39270
2 3 17 22 33 42 77 102 7854
2 3 17 22 33 42 77 119 7854
2 3 17 22 33 42 85 105 39270
2 3 17 22 33 42 102 119 7854
2 3 17 22 33 43 51 86 48246
2 3 17 22 33 43 86 102 48246
2 3 17 22 33 44 51 68 2244
2 3 17 22 33 44 60 85 11220
2 3 17 22 33 44 66 68 2244
2 3 17 22 33 44 68 102 2244
2 3 17 22 33 44 84 119 15708
2 3 17 22 33 45 51 90 16830
2 3 17 22 33 45 85 90 16830
2 3 17 22 33 45 85 99 16830
2 3 17 22 33 45 90 102 16830
2 3 17 22 33 46 51 69 25806
2 3 17 22 33 46 68 92 51612
2 3 17 22 33 46 69 102 25806
2 3 17 22 33 46 85 115 129030
2 3 17 22 33 47 51 94 52734
2 3 17 22 33 47 94 102 52734
2 3 17 22 33 48 80 85 44880
2 3 17 22 33 48 112 119 62832
2 3 17 22 33 49 51 98 54978
2 3 17 22 33 49 98 102 54978
2 3 17 22 33 49 98 119 54978
2 3 17 22 33 50 51 75 28050
2 3 17 22 33 50 68 100 56100
2 3 17 22 33 50 75 85 28050
2 3 17 22 33 50 75 102 28050
2 3 17 22 33 51 53 106 59466
2 3 17 22 33 51 55 85 5610
2 3 17 22 33 51 55 110 5610
2 3 17 22 33 51 57 114 21318
2 3 17 22 33 51 58 87 32538
2 3 17 22 33 51 59 118 66198
2 3 17 22 33 51 61 122 68442
2 3 17 22 33 51 62 93 34782
2 3 17 22 33 51 63 126 23562
2 3 17 22 33 51 66 102 1122
2 3 17 22 33 51 70 105 39270
2 3 17 22 33 51 74 111 41514
2 3 17 22 33 51 77 119 7854
2 3 17 22 33 51 82 123 46002
2 3 17 22 33 51 85 110 5610
2 3 17 22 33 52 68 78 29172
2 3 17 22 33 53 102 106 59466
2 3 17 22 33 54 68 108 20196
2 3 17 22 33 55 60 68 11220
2 3 17 22 33 55 66 85 5610
2 3 17 22 33 55 70 119 39270
2 3 17 22 33 55 85 102 5610
2 3 17 22 33 55 85 110 5610
2 3 17 22 33 55 102 110 5610
2 3 17 22 33 55 105 119 39270
2 3 17 22 33 56 88 119 31416
2 3 17 22 33 57 68 76 42636
2 3 17 22 33 57 85 95 106590
2 3 17 22 33 57 102 114 21318
2 3 17 22 33 58 68 116 65076
2 3 17 22 33 58 87 102 32538
2 3 17 22 33 59 102 118 66198
2 3 17 22 33 60 68 85 11220
2 3 17 22 33 60 68 110 11220
2 3 17 22 33 61 102 122 68442
2 3 17 22 33 62 68 124 69564
2 3 17 22 33 62 93 102 34782
2 3 17 22 33 63 99 119 23562
2 3 17 22 33 63 102 126 23562
2 3 17 22 33 63 119 126 23562
2 3 17 22 33 65 78 85 72930
2 3 17 22 33 66 77 119 7854
2 3 17 22 33 66 85 110 5610
2 3 17 22 33 68 69 92 51612
2 3 17 22 33 68 75 100 56100
2 3 17 22 33 68 76 114 42636
2 3 17 22 33 68 77 84 15708
2 3 17 22 33 68 84 119 15708
2 3 17 22 33 68 87 116 65076
2 3 17 22 33 68 93 124 69564
2 3 17 22 33 69 85 115 129030
2 3 17 22 33 70 77 85 39270
2 3 17 22 33 70 85 105 39270
2 3 17 22 33 70 85 119 39270
2 3 17 22 33 70 102 105 39270
2 3 17 22 33 70 105 119 39270
2 3 17 22 33 74 102 111 41514
2 3 17 22 33 77 85 105 39270
2 3 17 22 33 78 91 119 102102
2 3 17 22 33 85 90 99 16830
2 3 17 22 34 35 42 55 39270
2 3 17 22 34 35 42 110 39270
2 3 17 22 34 35 55 105 39270
2 3 17 22 34 35 66 70 39270
2 3 17 22 34 35 66 105 39270
2 3 17 22 34 35 77 105 39270
2 3 17 22 34 35 105 110 39270
2 3 17 22 34 36 44 99 6732
2 3 17 22 34 36 68 99 6732
2 3 17 22 34 36 72 88 13464
2 3 17 22 34 37 66 74 41514
2 3 17 22 34 37 66 111 41514
2 3 17 22 34 38 57 66 21318
2 3 17 22 34 38 66 114 21318
2 3 17 22 34 39 44 52 29172
2 3 17 22 34 39 55 65 72930
2 3 17 22 34 39 65 110 72930
2 3 17 22 34 39 66 78 14586
2 3 17 22 34 39 77 91 102102
2 3 17 22 34 39 88 104 58344
2 3 17 22 34 39 99 117 43758
2 3 17 22 34 40 44 120 22440
2 3 17 22 34 40 55 120 22440
2 3 17 22 34 40 60 88 22440
2 3 17 22 34 40 66 120 22440
2 3 17 22 34 40 88 120 22440
2 3 17 22 34 40 110 120 22440
2 3 17 22 34 41 66 82 46002
2 3 17 22 34 41 66 123 46002
2 3 17 22 34 42 44 84 15708
2 3 17 22 34 42 51 77 7854
2 3 17 22 34 42 55 70 39270
2 3 17 22 34 42 55 105 39270
2 3 17 22 34 42 56 88 31416
2 3 17 22 34 42 63 99 23562
2 3 17 22 34 42 66 77 7854
2 3 17 22 34 42 66 119 7854
2 3 17 22 34 42 70 110 39270
2 3 17 22 34 42 77 102 7854
2 3 17 22 34 42 77 119 7854
2 3 17 22 34 42 99 126 23562
2 3 17 22 34 42 105 110 39270
2 3 17 22 34 43 66 86 48246
2 3 17 22 34 44 51 68 2244
2 3 17 22 34 44 52 78 29172
2 3 17 22 34 44 54 108 20196
2 3 17 22 34 44 55 60 11220
2 3 17 22 34 44 57 76 42636
2 3 17 22 34 44 60 85 11220
2 3 17 22 34 44 60 110 11220
2 3 17 22 34 44 66 68 2244
2 3 17 22 34 44 68 102 2244
2 3 17 22 34 44 69 92 51612
2 3 17 22 34 44 75 100 56100
2 3 17 22 34 44 76 114 42636
2 3 17 22 34 44 77 84 15708
2 3 17 22 34 44 84 119 15708
2 3 17 22 34 44 87 116 65076
2 3 17 22 34 44 93 124 69564
2 3 17 22 34 45 55 90 16830
2 3 17 22 34 45 55 99 16830
2 3 17 22 34 45 66 90 16830
2 3 17 22 34 45 85 99 16830
2 3 17 22 34 45 90 99 16830
2 3 17 22 34 45 90 110 16830
2 3 17 22 34 45 99 110 16830
2 3 17 22 34 46 66 69 25806
2 3 17 22 34 47 66 94 52734
2 3 17 22 34 48 55 80 44880
2 3 17 22 34 48 77 112 62832
2 3 17 22 34 48 80 110 44880
2 3 17 22 34 49 66 98 54978
2 3 17 22 34 50 55 75 28050
2 3 17 22 34 50 66 75 28050
2 3 17 22 34 50 75 110 28050
2 3 17 22 34 51 55 85 5610
2 3 17 22 34 51 55 110 5610
2 3 17 22 34 51 66 102 1122
2 3 17 22 34 51 77 119 7854
2 3 17 22 34 51 85 110 5610
2 3 17 22 34 53 66 106 59466
2 3 17 22 34 55 57 95 106590
2 3 17 22 34 55 60 68 11220
2 3 17 22 34 55 65 78 72930
2 3 17 22 34 55 66 85 5610
2 3 17 22 34 55 66 110 5610
2 3 17 22 34 55 69 115 129030
2 3 17 22 34 55 70 105 39270
2 3 17 22 34 55 77 105 39270
2 3 17 22 34 55 85 102 5610
2 3 17 22 34 55 88 120 22440
2 3 17 22 34 55 90 99 16830
2 3 17 22 34 55 95 114 106590
2 3 17 22 34 55 102 110 5610
2 3 17 22 34 55 105 119 39270
2 3 17 22 34 56 84 88 31416
2 3 17 22 34 57 66 114 21318
2 3 17 22 34 57 95 110 106590
2 3 17 22 34 58 66 87 32538
2 3 17 22 34 59 66 118 66198
2 3 17 22 34 60 68 110 11220
2 3 17 22 34 60 88 120 22440
2 3 17 22 34 61 66 122 68442
2 3 17 22 34 62 66 93 34782
2 3 17 22 34 63 66 126 23562
2 3 17 22 34 63 77 99 23562
2 3 17 22 34 63 77 126 23562
2 3 17 22 34 63 99 119 23562
2 3 17 22 34 63 99 126 23562
2 3 17 22 34 65 78 110 72930
2 3 17 22 34 66 70 105 39270
2 3 17 22 34 66 74 111 41514
2 3 17 22 34 66 77 119 7854
2 3 17 22 34 66 82 123 46002
2 3 17 22 34 66 85 110 5610
2 3 17 22 34 68 77 84 15708
2 3 17 22 34 70 77 105 39270
2 3 17 22 34 72 88 99 13464
2 3 17 22 34 77 78 91 102102
2 3 17 22 34 77 85 105 39270
2 3 17 22 34 78 88 104 58344
2 3 17 22 35 42 51 55 39270
2 3 17 22 35 42 51 110 39270
2 3 17 22 35 42 55 85 39270
2 3 17 22 35 42 55 102 39270
2 3 17 22 35 42 55 119 39270
2 3 17 22 35 42 66 85 39270
2 3 17 22 35 42 77 85 39270
2 3 17 22 35 42 85 110 39270
2 3 17 22 35 42 102 110 39270
2 3 17 22 35 42 110 119 39270
2 3 17 22 35 44 60 119 78540
2 3 17 22 35 44 68 105 78540
2 3 17 22 35 44 84 85 78540
2 3 17 22 35 45 99 119 117810
2 3 17 22 35 51 55 70 39270
2 3 17 22 35 51 55 77 39270
2 3 17 22 35 51 55 105 39270
2 3 17 22 35 51 55 119 39270
2 3 17 22 35 51 66 70 39270
2 3 17 22 35 51 66 105 39270
2 3 17 22 35 51 70 77 39270
2 3 17 22 35 51 70 110 39270
2 3 17 22 35 51 77 85 39270
2 3 17 22 35 51 77 105 39270
2 3 17 22 35 51 77 110 39270
2 3 17 22 35 51 105 110 39270
2 3 17 22 35 51 110 119 39270
2 3 17 22 35 55 66 119 39270
2 3 17 22 35 55 68 84 78540
2 3 17 22 35 55 70 102 39270
2 3 17 22 35 55 77 102 39270
2 3 17 22 35 55 85 105 39270
2 3 17 22 35 55 102 105 39270
2 3 17 22 35 55 102 119 39270
2 3 17 22 35 55 105 119 39270
2 3 17 22 35 60 68 77 78540
2 3 17 22 35 63 85 99 117810
2 3 17 22 35 66 70 85 39270
2 3 17 22 35 66 70 102 39270
2 3 17 22 35 66 70 119 39270
2 3 17 22 35 66 77 85 39270
2 3 17 22 35 66 85 105 39270
2 3 17 22 35 66 85 119 39270
2 3 17 22 35 66 102 105 39270
2 3 17 22 35 68 84 110 78540
2 3 17 22 35 70 77 102 39270
2 3 17 22 35 77 85 102 39270
2 3 17 22 35 77 85 105 39270
2 3 17 22 36 44 45 85 33660
2 3 17 22 36 44 51 99 6732
2 3 17 22 36 44 63 119 47124
2 3 17 22 36 44 68 99 6732
2 3 17 22 36 44 85 90 33660
2 3 17 22 36 44 99 102 6732
2 3 17 22 36 44 119 126 47124
2 3 17 22 36 45 55 68 33660
2 3 17 22 36 45 68 110 33660
2 3 17 22 36 51 68 99 6732
2 3 17 22 36 51 72 88 13464
2 3 17 22 36 55 68 90 33660
2 3 17 22 36 60 85 99 33660
2 3 17 22 36 63 68 77 47124
2 3 17 22 36 66 68 99 6732
2 3 17 22 36 68 72 88 13464
2 3 17 22 36 68 77 126 47124
2 3 17 22 36 68 90 110 33660
2 3 17 22 36 72 88 102 13464
2 3 17 22 37 44 68 111 83028
2 3 17 22 37 51 66 74 41514
2 3 17 22 37 51 66 111 41514
2 3 17 22 37 55 85 111 207570
2 3 17 22 37 66 74 102 41514
2 3 17 22 38 44 51 76 42636
2 3 17 22 38 44 57 68 42636
2 3 17 22 38 44 68 114 42636
2 3 17 22 38 44 76 102 42636
2 3 17 22 38 51 55 95 106590
2 3 17 22 38 51 57 66 21318
2 3 17 22 38 51 66 114 21318
2 3 17 22 38 51 95 110 106590
2 3 17 22 38 55 57 85 106590
2 3 17 22 38 55 85 114 106590
2 3 17 22 38 55 95 102 106590
2 3 17 22 38 57 66 102 21318
2 3 17 22 38 57 77 119 149226
2 3 17 22 38 57 85 110 106590
2 3 17 22 38 66 68 76 42636
2 3 17 22 38 66 85 95 106590
2 3 17 22 39 44 51 52 29172
2 3 17 22 39 44 52 68 29172
2 3 17 22 39 44 52 102 29172
2 3 17 22 39 44 68 78 29172
2 3 17 22 39 51 55 65 72930
2 3 17 22 39 51 65 110 72930
2 3 17 22 39 51 66 78 14586
2 3 17 22 39 51 77 91 102102
2 3 17 22 39 51 88 104 58344
2 3 17 22 39 51 99 117 43758
2 3 17 22 39 52 66 68 29172
2 3 17 22 39 55 65 85 72930
2 3 17 22 39 55 65 102 72930
2 3 17 22 39 55 78 85 72930
2 3 17 22 39 65 66 85 72930
2 3 17 22 39 66 78 102 14586
2 3 17 22 40 44 51 120 22440
2 3 17 22 40 44 68 120 22440
2 3 17 22 40 44 85 120 22440
2 3 17 22 40 44 102 120 22440
2 3 17 22 40 51 55 88 22440
2 3 17 22 40 51 55 120 22440
2 3 17 22 40 51 60 88 22440
2 3 17 22 40 51 66 120 22440
2 3 17 22 40 51 85 88 22440
2 3 17 22 40 51 88 110 22440
2 3 17 22 40 51 88 120 22440
2 3 17 22 40 55 68 120 22440
2 3 17 22 40 55 85 120 22440
2 3 17 22 40 55 88 102 22440
2 3 17 22 40 60 68 88 22440
2 3 17 22 40 60 85 88 22440
2 3 17 22 40 60 88 102 22440
2 3 17 22 40 66 68 120 22440
2 3 17 22 40 66 85 88 22440
2 3 17 22 41 44 68 123 92004
2 3 17 22 41 51 66 82 46002
2 3 17 22 41 51 66 123 46002
2 3 17 22 41 55 85 123 230010
2 3 17 22 42 44 51 84 15708
2 3 17 22 42 44 68 77 15708
2 3 17 22 42 44 68 84 15708
2 3 17 22 42 44 68 119 15708
2 3 17 22 42 44 84 102 15708
2 3 17 22 42 44 84 119 15708
2 3 17 22 42 51 55 70 39270
2 3 17 22 42 51 55 105 39270
2 3 17 22 42 51 56 88 31416
2 3 17 22 42 51 63 99 23562
2 3 17 22 42 51 66 77 7854
2 3 17 22 42 51 66 119 7854
2 3 17 22 42 51 70 110 39270
2 3 17 22 42 51 77 102 7854
2 3 17 22 42 51 77 119 7854
2 3 17 22 42 55 70 85 39270
2 3 17 22 42 55 70 102 39270
2 3 17 22 42 55 70 119 39270
2 3 17 22 42 55 77 85 39270
2 3 17 22 42 55 85 105 39270
2 3 17 22 42 56 68 88 31416
2 3 17 22 42 56 88 102 31416
2 3 17 22 42 66 68 84 15708
2 3 17 22 42 66 70 85 39270
2 3 17 22 42 68 77 84 15708
2 3 17 22 42 70 77 85 39270
2 3 17 22 43 51 66 86 48246
2 3 17 22 44 45 68 90 33660
2 3 17 22 44 46 51 92 51612
2 3 17 22 44 46 68 69 51612
2 3 17 22 44 46 92 102 51612
2 3 17 22 44 48 80 85 44880
2 3 17 22 44 50 51 100 56100
2 3 17 22 44 50 68 75 56100
2 3 17 22 44 50 100 102 56100
2 3 17 22 44 51 52 78 29172
2 3 17 22 44 51 54 108 20196
2 3 17 22 44 51 55 60 11220
2 3 17 22 44 51 57 76 42636
2 3 17 22 44 51 58 116 65076
2 3 17 22 44 51 60 85 11220
2 3 17 22 44 51 60 110 11220
2 3 17 22 44 51 62 124 69564
2 3 17 22 44 51 66 68 2244
2 3 17 22 44 51 68 102 2244
2 3 17 22 44 51 69 92 51612
2 3 17 22 44 51 75 100 56100
2 3 17 22 44 51 76 114 42636
2 3 17 22 44 51 77 84 15708
2 3 17 22 44 51 84 119 15708
2 3 17 22 44 51 87 116 65076
2 3 17 22 44 52 68 78 29172
2 3 17 22 44 52 78 102 29172
2 3 17 22 44 54 68 108 20196
2 3 17 22 44 55 60 68 11220
2 3 17 22 44 55 60 85 11220
2 3 17 22 44 55 60 102 11220
2 3 17 22 44 57 68 76 42636
2 3 17 22 44 57 68 114 42636
2 3 17 22 44 57 76 102 42636
2 3 17 22 44 58 68 87 65076
2 3 17 22 44 60 66 85 11220
2 3 17 22 44 60 68 85 11220
2 3 17 22 44 60 68 110 11220
2 3 17 22 44 62 68 93 69564
2 3 17 22 44 68 69 92 51612
2 3 17 22 45 51 55 90 16830
2 3 17 22 45 51 55 99 16830
2 3 17 22 45 51 66 90 16830
2 3 17 22 45 51 85 99 16830
2 3 17 22 45 51 90 99 16830
2 3 17 22 45 55 63 119 117810
2 3 17 22 45 55 85 90 16830
2 3 17 22 45 60 68 99 33660
2 3 17 22 45 63 77 85 117810
2 3 17 22 46 51 55 115 129030
2 3 17 22 46 51 66 69 25806
2 3 17 22 46 55 69 85 129030
2 3 17 22 46 66 68 92 51612
2 3 17 22 47 51 66 94 52734
2 3 17 22 48 51 55 80 44880
2 3 17 22 48 55 68 80 44880
2 3 17 22 48 55 80 85 44880
2 3 17 22 49 51 66 98 54978
2 3 17 22 49 51 77 98 54978
2 3 17 22 50 51 55 75 28050
2 3 17 22 50 51 66 75 28050
2 3 17 22 50 55 75 85 28050
2 3 17 22 51 53 66 106 59466
2 3 17 22 51 55 57 95 106590
2 3 17 22 51 55 60 68 11220
2 3 17 22 51 55 65 78 72930
2 3 17 22 51 55 66 85 5610
2 3 17 22 51 55 70 77 39270
2 3 17 22 51 58 66 87 32538
2 3 17 22 55 60 66 68 11220
2 3 17 23 24 34 40 115 46920
2 3 17 23 24 34 115 120 46920
2 3 17 23 24 40 46 85 46920
2 3 17 23 24 40 51 115 46920
2 3 17 23 24 40 68 115 46920
2 3 17 23 24 40 69 85 46920
2 3 17 23 24 40 85 92 46920
2 3 17 23 24 40 85 115 46920
2 3 17 23 24 40 102 115 46920
2 3 17 23 24 46 56 119 65688
2 3 17 23 24 46 85 120 46920
2 3 17 23 24 51 115 120 46920
2 3 17 23 24 56 69 119 65688
2 3 17 23 24 56 92 119 65688
2 3 17 23 24 68 115 120 46920
2 3 17 23 24 69 85 120 46920
2 3 17 23 24 85 92 120 46920
2 3 17 23 24 85 115 120 46920
2 3 17 23 24 102 115 120 46920
2 3 17 23 25 34 46 75 58650
2 3 17 23 25 34 50 69 58650
2 3 17 23 25 34 69 75 58650
2 3 17 23 25 34 75 115 58650
2 3 17 23 25 46 50 51 58650
2 3 17 23 25 46 50 102 58650
2 3 17 23 25 46 51 75 58650
2 3 17 23 25 46 75 85 58650
2 3 17 23 25 46 75 102 58650
2 3 17 23 25 50 51 69 58650
2 3 17 23 25 50 51 115 58650
2 3 17 23 25 50 69 85 58650
2 3 17 23 25 50 69 102 58650
2 3 17 23 25 50 102 115 58650
2 3 17 23 25 51 92 100 117300
2 3 17 23 25 68 69 100 117300
2 3 17 23 25 68 75 92 117300
2 3 17 23 25 69 75 102 58650
2 3 17 23 25 75 102 115 58650
2 3 17 23 25 92 100 102 117300
2 3 17 23 26 34 39 46 30498
2 3 17 23 26 34 39 69 30498
2 3 17 23 26 34 46 78 30498
2 3 17 23 26 34 69 78 30498
2 3 17 23 26 39 46 51 30498
2 3 17 23 26 39 46 102 30498
2 3 17 23 26 39 51 69 30498
2 3 17 23 26 39 68 92 60996
2 3 17 23 26 39 69 102 30498
2 3 17 23 26 39 85 115 152490
2 3 17 23 26 46 51 78 30498
2 3 17 23 26 46 78 102 30498
2 3 17 23 26 51 52 92 60996
2 3 17 23 26 51 65 115 152490
2 3 17 23 26 51 69 78 30498
2 3 17 23 26 52 68 69 60996
2 3 17 23 26 52 92 102 60996
2 3 17 23 26 65 69 85 152490
2 3 17 23 26 65 102 115 152490
2 3 17 23 26 68 78 92 60996
2 3 17 23 26 69 78 102 30498
2 3 17 23 26 69 91 119 213486
2 3 17 23 26 78 85 115 152490
2 3 17 23 27 34 46 54 21114
2 3 17 23 27 34 54 69 21114
2 3 17 23 27 34 92 108 42228
2 3 17 23 27 46 51 54 21114
2 3 17 23 27 46 54 102 21114
2 3 17 23 27 46 68 108 42228
2 3 17 23 27 51 54 69 21114
2 3 17 23 27 51 92 108 42228
2 3 17 23 27 54 68 92 42228
2 3 17 23 27 54 69 102 21114
2 3 17 23 27 54 85 115 105570
2 3 17 23 27 68 69 108 42228
2 3 17 23 27 68 92 108 42228
2 3 17 23 27 92 102 108 42228
2 3 17 23 28 34 42 92 32844
2 3 17 23 28 34 46 84 32844
2 3 17 23 28 34 69 84 32844
2 3 17 23 28 34 84 92 32844
2 3 17 23 28 42 46 68 32844
2 3 17 23 28 42 51 92 32844
2 3 17 23 28 42 68 69 32844
2 3 17 23 28 42 68 92 32844
2 3 17 23 28 42 92 102 32844
2 3 17 23 28 42 92 119 32844
2 3 17 23 28 46 51 84 32844
2 3 17 23 28 46 68 84 32844
2 3 17 23 28 46 84 102 32844
2 3 17 23 28 46 84 119 32844
2 3 17 23 28 51 69 84 32844
2 3 17 23 28 51 84 92 32844
2 3 17 23 28 51 92 119 32844
2 3 17 23 28 60 115 119 164220
2 3 17 23 28 68 69 84 32844
2 3 17 23 28 68 69 119 32844
2 3 17 23 28 68 84 92 32844
2 3 17 23 28 68 105 115 164220
2 3 17 23 28 69 84 102 32844
2 3 17 23 28 69 84 119 32844
2 3 17 23 28 69 92 119 32844
2 3 17 23 28 84 85 115 164220
2 3 17 23 28 84 92 102 32844
2 3 17 23 28 84 92 119 32844
2 3 17 23 28 85 92 105 164220
2 3 17 23 28 92 102 119 32844
2 3 17 23 29 34 46 87 68034
2 3 17 23 29 34 58 69 68034
2 3 17 23 29 34 69 87 68034
2 3 17 23 29 46 51 58 68034
2 3 17 23 29 46 51 87 68034
2 3 17 23 29 46 58 102 68034
2 3 17 23 29 46 87 102 68034
2 3 17 23 29 51 58 69 68034
2 3 17 23 29 51 92 116 136068
2 3 17 23 29 58 69 102 68034
2 3 17 23 29 68 69 116 136068
2 3 17 23 29 68 87 92 136068
2 3 17 23 29 69 87 102 68034
2 3 17 23 30 34 46 85 11730
2 3 17 23 30 34 46 115 11730
2 3 17 23 30 34 51 115 11730
2 3 17 23 30 34 60 92 23460
2 3 17 23 30 34 69 85 11730
2 3 17 23 30 34 69 115 11730
2 3 17 23 30 34 85 115 11730
2 3 17 23 30 34 102 115 11730
2 3 17 23 30 35 46 119 82110
2 3 17 23 30 35 69 119 82110
2 3 17 23 30 35 115 119 82110
2 3 17 23 30 42 115 119 82110
2 3 17 23 30 46 51 85 11730
2 3 17 23 30 46 51 115 11730
2 3 17 23 30 46 60 68 23460
2 3 17 23 30 46 69 85 11730
2 3 17 23 30 46 70 119 82110
2 3 17 23 30 46 85 102 11730
2 3 17 23 30 46 85 115 11730
2 3 17 23 30 46 102 115 11730
2 3 17 23 30 46 105 119 82110
2 3 17 23 30 51 60 92 23460
2 3 17 23 30 51 69 85 11730
2 3 17 23 30 51 69 115 11730
2 3 17 23 30 51 85 115 11730
2 3 17 23 30 51 102 115 11730
2 3 17 23 30 60 68 69 23460
2 3 17 23 30 60 68 92 23460
2 3 17 23 30 60 68 115 23460
2 3 17 23 30 60 85 92 23460
2 3 17 23 30 60 92 102 23460
2 3 17 23 30 68 85 92 23460
2 3 17 23 30 68 92 115 23460
2 3 17 23 30 69 70 119 82110
2 3 17 23 30 69 85 102 11730
2 3 17 23 30 69 85 115 11730
2 3 17 23 30 69 102 115 11730
2 3 17 23 30 69 105 119 82110
2 3 17 23 30 70 115 119 82110
2 3 17 23 31 34 46 93 72726
2 3 17 23 31 34 62 69 72726
2 3 17 23 31 34 69 93 72726
2 3 17 23 31 46 51 62 72726
2 3 17 23 31 46 51 93 72726
2 3 17 23 31 46 62 102 72726
2 3 17 23 31 46 93 102 72726
2 3 17 23 31 51 62 69 72726
2 3 17 23 31 51 92 124 145452
2 3 17 23 31 62 69 102 72726
2 3 17 23 31 68 69 124 145452
2 3 17 23 31 68 92 93 145452
2 3 17 23 31 69 93 102 72726
2 3 17 23 32 34 46 96 37536
2 3 17 23 32 34 69 96 37536
2 3 17 23 32 34 92 96 37536
2 3 17 23 32 46 51 96 37536
2 3 17 23 32 46 68 96 37536
2 3 17 23 32 46 96 102 37536
2 3 17 23 32 51 69 96 37536
2 3 17 23 32 51 92 96 37536
2 3 17 23 32 68 69 96 37536
2 3 17 23 32 68 92 96 37536
2 3 17 23 32 69 96 102 37536
2 3 17 23 33 34 44 92 51612
2 3 17 23 33 34 46 66 25806
2 3 17 23 33 34 55 115 129030
2 3 17 23 33 34 66 69 25806
2 3 17 23 33 34 110 115 129030
2 3 17 23 33 44 46 68 51612
2 3 17 23 33 44 51 92 51612
2 3 17 23 33 44 68 69 51612
2 3 17 23 33 44 68 92 51612
2 3 17 23 33 44 92 102 51612
2 3 17 23 33 46 51 66 25806
2 3 17 23 33 46 55 85 129030
2 3 17 23 33 46 66 102 25806
2 3 17 23 33 46 77 119 180642
2 3 17 23 33 46 85 110 129030
2 3 17 23 33 51 66 69 25806
2 3 17 23 33 51 110 115 129030
2 3 17 23 33 55 102 115 129030
2 3 17 23 33 66 68 92 51612
2 3 17 23 33 66 69 102 25806
2 3 17 23 33 66 85 115 129030
2 3 17 23 33 69 85 110 129030
2 3 17 23 34 35 42 115 82110
2 3 17 23 34 35 46 105 82110
2 3 17 23 34 35 69 70 82110
2 3 17 23 34 35 69 105 82110
2 3 17 23 34 35 105 115 82110
2 3 17 23 34 37 46 111 86802
2 3 17 23 34 37 69 74 86802
2 3 17 23 34 37 69 111 86802
2 3 17 23 34 38 46 57 44574
2 3 17 23 34 38 46 114 44574
2 3 17 23 34 38 57 69 44574
2 3 17 23 34 38 69 114 44574
2 3 17 23 34 39 46 78 30498
2 3 17 23 34 39 52 92 60996
2 3 17 23 34 39 65 115 152490
2 3 17 23 34 39 69 78 30498
2 3 17 23 34 40 46 120 46920
2 3 17 23 34 40 69 120 46920
2 3 17 23 34 40 92 120 46920
2 3 17 23 34 40 115 120 46920
2 3 17 23 34 41 46 123 96186
2 3 17 23 34 41 69 82 96186
2 3 17 23 34 41 69 123 96186
2 3 17 23 34 42 46 119 16422
2 3 17 23 34 42 69 119 16422
2 3 17 23 34 42 70 115 82110
2 3 17 23 34 42 84 92 32844
2 3 17 23 34 42 105 115 82110
2 3 17 23 34 43 69 86 100878
2 3 17 23 34 44 66 92 51612
2 3 17 23 34 45 46 90 35190
2 3 17 23 34 45 69 90 35190
2 3 17 23 34 45 90 115 35190
2 3 17 23 34 46 50 75 58650
2 3 17 23 34 46 51 69 2346
2 3 17 23 34 46 51 102 2346
2 3 17 23 34 46 57 114 44574
2 3 17 23 34 46 58 87 68034
2 3 17 23 34 46 62 93 72726
2 3 17 23 34 46 63 126 49266
2 3 17 23 34 46 69 102 2346
2 3 17 23 34 46 70 105 82110
2 3 17 23 34 46 74 111 86802
2 3 17 23 34 46 82 123 96186
2 3 17 23 34 47 69 94 110262
2 3 17 23 34 48 80 115 93840
2 3 17 23 34 49 69 98 114954
2 3 17 23 34 50 69 75 58650
2 3 17 23 34 50 75 115 58650
2 3 17 23 34 51 68 92 4692
2 3 17 23 34 51 69 102 2346
2 3 17 23 34 51 85 115 11730
2 3 17 23 34 52 78 92 60996
2 3 17 23 34 53 69 106 124338
2 3 17 23 34 54 92 108 42228
2 3 17 23 34 55 66 115 129030
2 3 17 23 34 55 69 110 129030
2 3 17 23 34 57 69 114 44574
2 3 17 23 34 57 76 92 89148
2 3 17 23 34 57 95 115 222870
2 3 17 23 34 58 69 87 68034
2 3 17 23 34 59 69 118 138414
2 3 17 23 34 60 68 115 23460
2 3 17 23 34 60 85 92 23460
2 3 17 23 34 60 92 115 23460
2 3 17 23 34 61 69 122 143106
2 3 17 23 34 62 69 93 72726
2 3 17 23 34 63 69 126 49266
2 3 17 23 34 65 78 115 152490
2 3 17 23 34 68 69 92 4692
2 3 17 23 34 68 92 102 4692
2 3 17 23 34 69 70 105 82110
2 3 17 23 34 69 74 111 86802
2 3 17 23 35 42 46 85 82110
2 3 17 23 35 42 51 115 82110
2 3 17 23 35 42 69 85 82110
2 3 17 23 35 42 85 115 82110
2 3 17 23 35 42 102 115 82110
2 3 17 23 35 42 115 119 82110
2 3 17 23 35 46 51 70 82110
2 3 17 23 35 46 51 105 82110
2 3 17 23 35 46 70 102 82110
2 3 17 23 35 46 85 105 82110
2 3 17 23 35 46 102 105 82110
2 3 17 23 35 46 105 119 82110
2 3 17 23 35 51 69 70 82110
2 3 17 23 35 51 70 115 82110
2 3 17 23 35 60 92 119 164220
2 3 17 23 35 69 70 85 82110
2 3 17 23 35 69 70 102 82110
2 3 17 23 35 69 70 119 82110
2 3 17 23 36 45 68 115 70380
2 3 17 23 36 45 85 92 70380
2 3 17 23 37 46 51 74 86802
2 3 17 23 37 46 51 111 86802
2 3 17 23 37 46 74 102 86802
2 3 17 23 37 46 102 111 86802
2 3 17 23 37 51 69 74 86802
2 3 17 23 37 69 74 102 86802
2 3 17 23 38 46 51 57 44574
2 3 17 23 38 46 51 114 44574
2 3 17 23 38 46 57 102 44574
2 3 17 23 38 46 102 114 44574
2 3 17 23 38 51 57 69 44574
2 3 17 23 38 51 69 114 44574
2 3 17 23 38 51 76 92 89148
2 3 17 23 38 51 95 115 222870
2 3 17 23 38 57 68 92 89148
2 3 17 23 38 57 69 102 44574
2 3 17 23 38 68 69 76 89148
2 3 17 23 39 46 51 78 30498
2 3 17 23 39 46 52 68 60996
2 3 17 23 39 46 65 85 152490
2 3 17 23 39 46 78 102 30498
2 3 17 23 39 46 91 119 213486
2 3 17 23 39 51 52 92 60996
2 3 17 23 39 51 69 78 30498
2 3 17 23 39 52 68 69 60996
2 3 17 23 39 52 68 92 60996
2 3 17 23 39 52 92 102 60996
2 3 17 23 40 46 51 120 46920
2 3 17 23 40 46 68 120 46920
2 3 17 23 40 46 85 120 46920
2 3 17 23 40 46 102 120 46920
2 3 17 23 40 51 69 120 46920
2 3 17 23 41 46 51 82 96186
2 3 17 23 41 46 51 123 96186
2 3 17 23 41 46 82 102 96186
2 3 17 23 41 51 69 82 96186
2 3 17 23 42 46 51 119 16422
2 3 17 23 42 46 68 84 32844
2 3 17 23 42 46 69 119 16422
2 3 17 23 42 46 70 85 82110
2 3 17 23 42 46 85 105 82110
2 3 17 23 42 51 69 119 16422
2 3 17 23 42 51 70 115 82110
2 3 17 23 42 51 84 92 32844
2 3 17 23 42 68 69 84 32844
2 3 17 23 43 46 51 86 100878
2 3 17 23 43 46 86 102 100878
2 3 17 23 43 51 69 86 100878
2 3 17 23 44 46 66 68 51612
2 3 17 23 44 51 66 92 51612
2 3 17 23 44 66 68 69 51612
2 3 17 23 45 46 51 90 35190
2 3 17 23 45 46 85 90 35190
2 3 17 23 45 46 90 102 35190
2 3 17 23 45 51 69 90 35190
2 3 17 23 46 47 51 94 110262
2 3 17 23 46 48 80 85 93840
2 3 17 23 46 49 51 98 114954
2 3 17 23 46 50 51 75 58650
2 3 17 23 46 50 75 85 58650
2 3 17 23 46 50 75 102 58650
2 3 17 23 46 51 53 106 124338
2 3 17 23 46 51 55 110 129030
2 3 17 23 46 51 57 114 44574
2 3 17 23 46 51 58 87 68034
2 3 17 23 46 51 59 118 138414
2 3 17 23 46 51 61 122 143106
2 3 17 23 46 51 62 93 72726
2 3 17 23 46 51 63 126 49266
2 3 17 23 46 51 68 92 4692
2 3 17 23 46 51 69 102 2346
2 3 17 23 46 51 70 105 82110
2 3 17 23 46 52 68 78 60996
2 3 17 23 46 55 66 85 129030
2 3 17 23 46 57 68 76 89148
2 3 17 23 46 60 68 85 23460
2 3 17 23 47 51 69 94 110262
2 3 17 23 49 51 69 98 114954
2 3 17 23 50 51 69 75 58650
2 3 17 24 25 34 40 50 10200
2 3 17 24 25 34 40 75 10200
2 3 17 24 25 34 40 100 10200
2 3 17 24 25 34 50 120 10200
2 3 17 24 25 34 75 120 10200
2 3 17 24 25 34 100 120 10200
2 3 17 24 25 40 50 51 10200
2 3 17 24 25 40 50 68 10200
2 3 17 24 25 40 50 85 10200
2 3 17 24 25 40 50 102 10200
2 3 17 24 25 40 51 75 10200
2 3 17 24 25 40 51 100 10200
2 3 17 24 25 40 68 75 10200
2 3 17 24 25 40 68 100 10200
2 3 17 24 25 40 75 85 10200
2 3 17 24 25 40 75 102 10200
2 3 17 24 25 40 85 100 10200
2 3 17 24 25 40 100 102 10200
2 3 17 24 25 50 51 120 10200
2 3 17 24 25 50 56 119 71400
2 3 17 24 25 50 68 120 10200
2 3 17 24 25 50 85 120 10200
2 3 17 24 25 50 102 120 10200
2 3 17 24 25 51 75 120 10200
2 3 17 24 25 51 100 120 10200
2 3 17 24 25 56 75 119 71400
2 3 17 24 25 56 100 119 71400
2 3 17 24 25 68 75 120 10200
2 3 17 24 25 68 100 120 10200
2 3 17 24 25 75 85 120 10200
2 3 17 24 25 75 102 120 10200
2 3 17 24 25 85 100 120 10200
2 3 17 24 25 100 102 120 10200
2 3 17 24 26 28 104 119 37128
2 3 17 24 26 30 85 104 26520
2 3 17 24 26 34 39 104 5304
2 3 17 24 26 34 40 65 26520
2 3 17 24 26 34 51 104 5304
2 3 17 24 26 34 52 104 5304
2 3 17 24 26 34 56 91 37128
2 3 17 24 26 34 65 120 26520
2 3 17 24 26 34 68 104 5304
2 3 17 24 26 34 72 117 15912
2 3 17 24 26 34 78 104 5304
2 3 17 24 26 34 102 104 5304
2 3 17 24 26 39 40 85 26520
2 3 17 24 26 39 51 104 5304
2 3 17 24 26 39 56 119 37128
2 3 17 24 26 39 68 104 5304
2 3 17 24 26 39 85 120 26520
2 3 17 24 26 39 102 104 5304
2 3 17 24 26 40 51 65 26520
2 3 17 24 26 40 52 85 26520
2 3 17 24 26 40 65 68 26520
2 3 17 24 26 40 65 85 26520
2 3 17 24 26 40 65 102 26520
2 3 17 24 26 40 78 85 26520
2 3 17 24 26 40 85 104 26520
2 3 17 24 26 42 104 119 37128
2 3 17 24 26 51 52 104 5304
2 3 17 24 26 51 56 91 37128
2 3 17 24 26 51 65 120 26520
2 3 17 24 26 51 68 104 5304
2 3 17 24 26 51 72 117 15912
2 3 17 24 26 51 78 104 5304
2 3 17 24 26 51 102 104 5304
2 3 17 24 26 52 56 119 37128
2 3 17 24 26 52 68 104 5304
2 3 17 24 26 52 85 120 26520
2 3 17 24 26 52 102 104 5304
2 3 17 24 26 56 68 91 37128
2 3 17 24 26 56 78 119 37128
2 3 17 24 26 56 91 102 37128
2 3 17 24 26 56 91 119 37128
2 3 17 24 26 56 104 119 37128
2 3 17 24 26 60 85 104 26520
2 3 17 24 26 65 68 120 26520
2 3 17 24 26 65 85 104 26520
2 3 17 24 26 65 85 120 26520
2 3 17 24 26 65 102 120 26520
2 3 17 24 26 68 72 117 15912
2 3 17 24 26 68 78 104 5304
2 3 17 24 26 68 102 104 5304
2 3 17 24 26 72 102 117 15912
2 3 17 24 26 78 85 120 26520
2 3 17 24 26 78 102 104 5304
2 3 17 24 26 84 104 119 37128
2 3 17 24 26 85 104 120 26520
2 3 17 24 26 91 104 119 37128
2 3 17 24 27 34 54 72 3672
2 3 17 24 27 34 72 108 3672
2 3 17 24 27 40 54 85 18360
2 3 17 24 27 40 85 108 18360
2 3 17 24 27 51 54 72 3672
2 3 17 24 27 51 72 108 3672
2 3 17 24 27 54 56 119 25704
2 3 17 24 27 54 68 72 3672
2 3 17 24 27 54 72 102 3672
2 3 17 24 27 54 85 120 18360
2 3 17 24 27 56 108 119 25704
2 3 17 24 27 68 72 108 3672
2 3 17 24 27 72 102 108 3672
2 3 17 24 27 85 108 120 18360
2 3 17 24 28 30 40 119 14280
2 3 17 24 28 30 56 85 14280
2 3 17 24 28 30 119 120 14280
2 3 17 24 28 32 96 119 11424
2 3 17 24 28 33 88 119 31416
2 3 17 24 28 34 35 40 14280
2 3 17 24 28 34 35 120 14280
2 3 17 24 28 34 40 70 14280
2 3 17 24 28 34 40 105 14280
2 3 17 24 28 34 42 56 2856
2 3 17 24 28 34 48 112 5712
2 3 17 24 28 34 51 56 2856
2 3 17 24 28 34 56 68 2856
2 3 17 24 28 34 56 84 2856
2 3 17 24 28 34 56 102 2856
2 3 17 24 28 34 56 119 2856
2 3 17 24 28 34 63 72 8568
2 3 17 24 28 34 70 120 14280
2 3 17 24 28 34 72 126 8568
2 3 17 24 28 34 77 88 31416
2 3 17 24 28 34 91 104 37128
2 3 17 24 28 34 105 120 14280
2 3 17 24 28 35 40 51 14280
2 3 17 24 28 35 40 68 14280
2 3 17 24 28 35 40 85 14280
2 3 17 24 28 35 40 102 14280
2 3 17 24 28 35 40 119 14280
2 3 17 24 28 35 51 120 14280
2 3 17 24 28 35 56 85 14280
2 3 17 24 28 35 68 120 14280
2 3 17 24 28 35 85 120 14280
2 3 17 24 28 35 102 120 14280
2 3 17 24 28 35 119 120 14280
2 3 17 24 28 36 72 119 8568
2 3 17 24 28 39 104 119 37128
2 3 17 24 28 40 42 85 14280
2 3 17 24 28 40 51 70 14280
2 3 17 24 28 40 51 105 14280
2 3 17 24 28 40 56 85 14280
2 3 17 24 28 40 60 119 14280
2 3 17 24 28 40 68 70 14280
2 3 17 24 28 40 68 105 14280
2 3 17 24 28 40 70 85 14280
2 3 17 24 28 40 70 102 14280
2 3 17 24 28 40 70 119 14280
2 3 17 24 28 40 84 85 14280
2 3 17 24 28 40 85 105 14280
2 3 17 24 28 40 85 119 14280
2 3 17 24 28 40 102 105 14280
2 3 17 24 28 40 105 119 14280
2 3 17 24 28 40 119 120 14280
2 3 17 24 28 42 51 56 2856
2 3 17 24 28 42 56 68 2856
2 3 17 24 28 42 56 102 2856
2 3 17 24 28 42 56 119 2856
2 3 17 24 28 42 85 120 14280
2 3 17 24 28 44 88 119 31416
2 3 17 24 28 48 51 112 5712
2 3 17 24 28 48 68 112 5712
2 3 17 24 28 48 102 112 5712
2 3 17 24 28 48 112 119 5712
2 3 17 24 28 51 56 68 2856
2 3 17 24 28 51 56 84 2856
2 3 17 24 28 51 56 102 2856
2 3 17 24 28 51 56 119 2856
2 3 17 24 28 51 63 72 8568
2 3 17 24 28 51 70 120 14280
2 3 17 24 28 51 72 126 8568
2 3 17 24 28 51 77 88 31416
2 3 17 24 28 51 91 104 37128
2 3 17 24 28 51 105 120 14280
2 3 17 24 28 52 104 119 37128
2 3 17 24 28 56 60 85 14280
2 3 17 24 28 56 68 84 2856
2 3 17 24 28 56 68 102 2856
2 3 17 24 28 56 68 119 2856
2 3 17 24 28 56 70 85 14280
2 3 17 24 28 56 84 102 2856
2 3 17 24 28 56 84 119 2856
2 3 17 24 28 56 85 105 14280
2 3 17 24 28 56 85 120 14280
2 3 17 24 28 56 102 119 2856
2 3 17 24 28 60 119 120 14280
2 3 17 24 28 63 68 72 8568
2 3 17 24 28 63 72 102 8568
2 3 17 24 28 63 72 119 8568
2 3 17 24 28 66 88 119 31416
2 3 17 24 28 68 70 120 14280
2 3 17 24 28 68 72 126 8568
2 3 17 24 28 68 77 88 31416
2 3 17 24 28 68 91 104 37128
2 3 17 24 28 68 105 120 14280
2 3 17 24 28 70 85 120 14280
2 3 17 24 28 70 102 120 14280
2 3 17 24 28 70 119 120 14280
2 3 17 24 28 72 102 126 8568
2 3 17 24 28 77 88 102 31416
2 3 17 24 28 77 88 119 31416
2 3 17 24 28 78 104 119 37128
2 3 17 24 28 80 85 112 28560
2 3 17 24 28 84 85 120 14280
2 3 17 24 29 40 58 85 59160
2 3 17 24 29 40 85 87 59160
2 3 17 24 29 40 85 116 59160
2 3 17 24 29 56 58 119 82824
2 3 17 24 29 56 87 119 82824
2 3 17 24 29 56 116 119 82824
2 3 17 24 29 58 85 120 59160
2 3 17 24 30 32 85 96 8160
2 3 17 24 30 33 85 88 22440
2 3 17 24 30 34 35 56 14280
2 3 17 24 30 34 40 51 2040
2 3 17 24 30 34 40 60 2040
2 3 17 24 30 34 40 68 2040
2 3 17 24 30 34 40 85 2040
2 3 17 24 30 34 40 102 2040
2 3 17 24 30 34 40 120 2040
2 3 17 24 30 34 45 72 6120
2 3 17 24 30 34 48 80 4080
2 3 17 24 30 34 51 120 2040
2 3 17 24 30 34 55 88 22440
2 3 17 24 30 34 56 70 14280
2 3 17 24 30 34 56 105 14280
2 3 17 24 30 34 60 120 2040
2 3 17 24 30 34 65 104 26520
2 3 17 24 30 34 68 120 2040
2 3 17 24 30 34 72 90 6120
2 3 17 24 30 34 85 120 2040
2 3 17 24 30 34 88 110 22440
2 3 17 24 30 34 102 120 2040
2 3 17 24 30 35 40 119 14280
2 3 17 24 30 35 51 56 14280
2 3 17 24 30 35 56 68 14280
2 3 17 24 30 35 56 85 14280
2 3 17 24 30 35 56 102 14280
2 3 17 24 30 35 56 119 14280
2 3 17 24 30 35 119 120 14280
2 3 17 24 30 36 72 85 6120
2 3 17 24 30 39 85 104 26520
2 3 17 24 30 40 42 119 14280
2 3 17 24 30 40 51 60 2040
2 3 17 24 30 40 51 68 2040
2 3 17 24 30 40 51 85 2040
2 3 17 24 30 40 51 102 2040
2 3 17 24 30 40 51 120 2040
2 3 17 24 30 40 56 119 14280
2 3 17 24 30 40 60 68 2040
2 3 17 24 30 40 60 85 2040
2 3 17 24 30 40 60 102 2040
2 3 17 24 30 40 68 85 2040
2 3 17 24 30 40 68 102 2040
2 3 17 24 30 40 68 120 2040
2 3 17 24 30 40 70 119 14280
2 3 17 24 30 40 84 119 14280
2 3 17 24 30 40 85 102 2040
2 3 17 24 30 40 85 120 2040
2 3 17 24 30 40 102 120 2040
2 3 17 24 30 40 105 119 14280
2 3 17 24 30 42 56 85 14280
2 3 17 24 30 42 119 120 14280
2 3 17 24 30 44 85 88 22440
2 3 17 24 30 45 51 72 6120
2 3 17 24 30 45 68 72 6120
2 3 17 24 30 45 72 85 6120
2 3 17 24 30 45 72 102 6120
2 3 17 24 30 48 51 80 4080
2 3 17 24 30 48 68 80 4080
2 3 17 24 30 48 80 85 4080
2 3 17 24 30 48 80 102 4080
2 3 17 24 30 51 55 88 22440
2 3 17 24 30 51 56 70 14280
2 3 17 24 30 51 56 105 14280
2 3 17 24 30 51 60 120 2040
2 3 17 24 30 51 65 104 26520
2 3 17 24 30 51 68 120 2040
2 3 17 24 30 51 72 90 6120
2 3 17 24 30 51 85 120 2040
2 3 17 24 30 51 88 110 22440
2 3 17 24 30 51 102 120 2040
2 3 17 24 30 52 85 104 26520
2 3 17 24 30 55 68 88 22440
2 3 17 24 30 55 85 88 22440
2 3 17 24 30 55 88 102 22440
2 3 17 24 30 56 60 119 14280
2 3 17 24 30 56 68 70 14280
2 3 17 24 30 56 68 105 14280
2 3 17 24 30 56 70 85 14280
2 3 17 24 30 56 70 102 14280
2 3 17 24 30 56 70 119 14280
2 3 17 24 30 56 84 85 14280
2 3 17 24 30 56 85 105 14280
2 3 17 24 30 56 85 119 14280
2 3 17 24 30 56 102 105 14280
2 3 17 24 30 56 105 119 14280
2 3 17 24 30 56 119 120 14280
2 3 17 24 30 60 68 120 2040
2 3 17 24 30 60 85 120 2040
2 3 17 24 30 60 102 120 2040
2 3 17 24 30 65 68 104 26520
2 3 17 24 30 65 85 104 26520
2 3 17 24 30 65 102 104 26520
2 3 17 24 30 66 85 88 22440
2 3 17 24 30 68 72 90 6120
2 3 17 24 30 68 85 120 2040
2 3 17 24 30 68 88 110 22440
2 3 17 24 30 72 85 90 6120
2 3 17 24 30 72 90 102 6120
2 3 17 24 30 78 85 104 26520
2 3 17 24 31 40 62 85 63240
2 3 17 24 31 40 85 93 63240
2 3 17 24 31 40 85 124 63240
2 3 17 24 31 56 62 119 88536
2 3 17 24 31 56 93 119 88536
2 3 17 24 31 56 119 124 88536
2 3 17 24 31 62 85 120 63240
2 3 17 24 32 34 48 96 1632
2 3 17 24 32 34 51 96 1632
2 3 17 24 32 34 68 96 1632
2 3 17 24 32 34 96 102 1632
2 3 17 24 32 40 85 96 8160
2 3 17 24 32 42 96 119 11424
2 3 17 24 32 48 51 96 1632
2 3 17 24 32 48 68 96 1632
2 3 17 24 32 48 96 102 1632
2 3 17 24 32 51 68 96 1632
2 3 17 24 32 51 96 102 1632
2 3 17 24 32 56 96 119 11424
2 3 17 24 32 60 85 96 8160
2 3 17 24 33 34 40 55 22440
2 3 17 24 33 34 40 110 22440
2 3 17 24 33 34 44 88 4488
2 3 17 24 33 34 51 88 4488
2 3 17 24 33 34 55 120 22440
2 3 17 24 33 34 56 77 31416
2 3 17 24 33 34 66 88 4488
2 3 17 24 33 34 68 88 4488
2 3 17 24 33 34 72 99 13464
2 3 17 24 33 34 88 102 4488
2 3 17 24 33 34 110 120 22440
2 3 17 24 33 40 44 85 22440
2 3 17 24 33 40 51 55 22440
2 3 17 24 33 40 51 110 22440
2 3 17 24 33 40 55 68 22440
2 3 17 24 33 40 55 85 22440
2 3 17 24 33 40 55 102 22440
2 3 17 24 33 40 66 85 22440
2 3 17 24 33 40 68 110 22440
2 3 17 24 33 40 85 88 22440
2 3 17 24 33 40 85 110 22440
2 3 17 24 33 40 102 110 22440
2 3 17 24 33 42 88 119 31416
2 3 17 24 33 44 51 88 4488
2 3 17 24 33 44 56 119 31416
2 3 17 24 33 44 68 88 4488
2 3 17 24 33 44 85 120 22440
2 3 17 24 33 44 88 102 4488
2 3 17 24 33 51 55 120 22440
2 3 17 24 33 51 56 77 31416
2 3 17 24 33 51 66 88 4488
2 3 17 24 33 51 68 88 4488
2 3 17 24 33 51 72 99 13464
2 3 17 24 33 51 88 102 4488
2 3 17 24 33 51 110 120 22440
2 3 17 24 33 55 68 120 22440
2 3 17 24 33 55 85 88 22440
2 3 17 24 33 55 85 120 22440
2 3 17 24 33 55 102 120 22440
2 3 17 24 33 56 66 119 31416
2 3 17 24 33 56 68 77 31416
2 3 17 24 33 56 77 102 31416
2 3 17 24 33 56 77 119 31416
2 3 17 24 33 56 88 119 31416
2 3 17 24 33 60 85 88 22440
2 3 17 24 33 66 68 88 4488
2 3 17 24 33 66 88 102 4488
2 3 17 24 33 68 72 99 13464
2 3 17 24 34 35 40 42 14280
2 3 17 24 34 35 40 56 14280
2 3 17 24 34 35 40 70 14280
2 3 17 24 34 35 40 84 14280
2 3 17 24 34 35 40 105 14280
2 3 17 24 34 35 40 119 14280
2 3 17 24 34 35 42 120 14280
2 3 17 24 34 35 56 60 14280
2 3 17 24 34 35 56 70 14280
2 3 17 24 34 35 56 85 14280
2 3 17 24 34 35 56 105 14280
2 3 17 24 34 35 56 120 14280
2 3 17 24 34 35 70 120 14280
2 3 17 24 34 35 80 112 28560
2 3 17 24 34 35 84 120 14280
2 3 17 24 34 35 105 120 14280
2 3 17 24 34 35 119 120 14280
2 3 17 24 34 36 40 45 6120
2 3 17 24 34 36 40 90 6120
2 3 17 24 34 36 45 120 6120
2 3 17 24 34 36 51 72 1224
2 3 17 24 34 36 56 63 8568
2 3 17 24 34 36 56 126 8568
2 3 17 24 34 36 68 72 1224
2 3 17 24 34 36 72 102 1224
2 3 17 24 34 36 88 99 13464
2 3 17 24 34 36 90 120 6120
2 3 17 24 34 36 104 117 15912
2 3 17 24 34 38 40 95 38760
2 3 17 24 34 38 95 120 38760
2 3 17 24 34 39 40 65 26520
2 3 17 24 34 39 51 104 5304
2 3 17 24 34 39 52 104 5304
2 3 17 24 34 39 56 91 37128
2 3 17 24 34 39 65 120 26520
2 3 17 24 34 39 68 104 5304
2 3 17 24 34 39 72 117 15912
2 3 17 24 34 39 78 104 5304
2 3 17 24 34 39 102 104 5304
2 3 17 24 34 40 42 70 14280
2 3 17 24 34 40 42 105 14280
2 3 17 24 34 40 44 55 22440
2 3 17 24 34 40 44 110 22440
2 3 17 24 34 40 45 72 6120
2 3 17 24 34 40 45 90 6120
2 3 17 24 34 40 46 115 46920
2 3 17 24 34 40 48 80 4080
2 3 17 24 34 40 50 75 10200
2 3 17 24 34 40 50 100 10200
2 3 17 24 34 40 51 60 2040
2 3 17 24 34 40 51 85 2040
2 3 17 24 34 40 51 120 2040
2 3 17 24 34 40 52 65 26520
2 3 17 24 34 40 55 66 22440
2 3 17 24 34 40 55 88 22440
2 3 17 24 34 40 55 110 22440
2 3 17 24 34 40 56 70 14280
2 3 17 24 34 40 56 105 14280
2 3 17 24 34 40 57 95 38760
2 3 17 24 34 40 60 68 2040
2 3 17 24 34 40 60 85 2040
2 3 17 24 34 40 60 102 2040
2 3 17 24 34 40 60 120 2040
2 3 17 24 34 40 65 78 26520
2 3 17 24 34 40 65 104 26520
2 3 17 24 34 40 66 110 22440
2 3 17 24 34 40 68 85 2040
2 3 17 24 34 40 68 120 2040
2 3 17 24 34 40 69 115 46920
2 3 17 24 34 40 70 84 14280
2 3 17 24 34 40 70 105 14280
2 3 17 24 34 40 70 119 14280
2 3 17 24 34 40 72 90 6120
2 3 17 24 34 40 75 100 10200
2 3 17 24 34 40 76 95 38760
2 3 17 24 34 40 84 105 14280
2 3 17 24 34 40 85 102 2040
2 3 17 24 34 40 85 120 2040
2 3 17 24 34 40 88 110 22440
2 3 17 24 34 40 92 115 46920
2 3 17 24 34 40 95 114 38760
2 3 17 24 34 40 102 120 2040
2 3 17 24 34 40 105 119 14280
2 3 17 24 34 42 48 112 5712
2 3 17 24 34 42 51 56 2856
2 3 17 24 34 42 56 68 2856
2 3 17 24 34 42 56 84 2856
2 3 17 24 34 42 56 102 2856
2 3 17 24 34 42 56 119 2856
2 3 17 24 34 42 63 72 8568
2 3 17 24 34 42 70 120 14280
2 3 17 24 34 42 72 126 8568
2 3 17 24 34 42 77 88 31416
2 3 17 24 34 42 91 104 37128
2 3 17 24 34 42 105 120 14280
2 3 17 24 34 44 51 88 4488
2 3 17 24 34 44 55 120 22440
2 3 17 24 34 44 56 77 31416
2 3 17 24 34 44 66 88 4488
2 3 17 24 34 44 68 88 4488
2 3 17 24 34 44 72 99 13464
2 3 17 24 34 44 88 102 4488
2 3 17 24 34 44 110 120 22440
2 3 17 24 34 45 60 72 6120
2 3 17 24 34 45 72 85 6120
2 3 17 24 34 45 72 90 6120
2 3 17 24 34 45 72 120 6120
2 3 17 24 34 45 90 120 6120
2 3 17 24 34 46 115 120 46920
2 3 17 24 34 48 56 112 5712
2 3 17 24 34 48 60 80 4080
2 3 17 24 34 48 80 85 4080
2 3 17 24 34 48 80 120 4080
2 3 17 24 34 48 84 112 5712
2 3 17 24 34 48 112 119 5712
2 3 17 24 34 49 56 98 19992
2 3 17 24 34 50 75 120 10200
2 3 17 24 34 50 100 120 10200
2 3 17 24 34 51 52 104 5304
2 3 17 24 34 51 56 84 2856
2 3 17 24 34 51 56 119 2856
2 3 17 24 34 51 60 120 2040
2 3 17 24 34 51 66 88 4488
2 3 17 24 34 51 78 104 5304
2 3 17 24 34 51 85 120 2040
2 3 17 24 34 52 56 91 37128
2 3 17 24 34 52 65 120 26520
2 3 17 24 34 52 68 104 5304
2 3 17 24 34 52 72 117 15912
2 3 17 24 34 52 78 104 5304
2 3 17 24 34 52 102 104 5304
2 3 17 24 34 54 72 108 3672
2 3 17 24 34 55 60 88 22440
2 3 17 24 34 55 66 120 22440
2 3 17 24 34 55 85 88 22440
2 3 17 24 34 55 88 110 22440
2 3 17 24 34 55 88 120 22440
2 3 17 24 34 56 60 70 14280
2 3 17 24 34 56 60 105 14280
2 3 17 24 34 56 63 72 8568
2 3 17 24 34 56 63 126 8568
2 3 17 24 34 56 66 77 31416
2 3 17 24 34 56 68 84 2856
2 3 17 24 34 56 68 119 2856
2 3 17 24 34 56 70 85 14280
2 3 17 24 34 56 70 105 14280
2 3 17 24 34 56 70 120 14280
2 3 17 24 34 56 72 126 8568
2 3 17 24 34 56 77 88 31416
2 3 17 24 34 56 78 91 37128
2 3 17 24 34 56 84 102 2856
2 3 17 24 34 56 84 119 2856
2 3 17 24 34 56 85 105 14280
2 3 17 24 34 56 91 104 37128
2 3 17 24 34 60 65 104 26520
2 3 17 24 34 60 68 120 2040
2 3 17 24 34 60 72 90 6120
2 3 17 24 34 60 88 110 22440
2 3 17 24 34 63 72 84 8568
2 3 17 24 34 63 72 119 8568
2 3 17 24 34 63 72 126 8568
2 3 17 24 34 66 68 88 4488
2 3 17 24 34 66 72 99 13464
2 3 17 24 34 68 78 104 5304
2 3 17 24 35 40 42 51 14280
2 3 17 24 35 40 42 68 14280
2 3 17 24 35 40 42 85 14280
2 3 17 24 35 40 42 102 14280
2 3 17 24 35 40 42 119 14280
2 3 17 24 35 40 51 56 14280
2 3 17 24 35 40 51 70 14280
2 3 17 24 35 40 51 84 14280
2 3 17 24 35 40 51 105 14280
2 3 17 24 35 40 51 119 14280
2 3 17 24 35 40 56 68 14280
2 3 17 24 35 40 56 85 14280
2 3 17 24 35 40 56 102 14280
2 3 17 24 35 40 56 119 14280
2 3 17 24 35 40 60 119 14280
2 3 17 24 35 40 68 70 14280
2 3 17 24 35 40 68 84 14280
2 3 17 24 35 40 68 105 14280
2 3 17 24 35 40 68 119 14280
2 3 17 24 35 40 70 85 14280
2 3 17 24 35 40 70 102 14280
2 3 17 24 35 40 70 119 14280
2 3 17 24 35 40 84 85 14280
2 3 17 24 35 40 84 102 14280
2 3 17 24 35 40 84 119 14280
2 3 17 24 35 40 85 105 14280
2 3 17 24 35 40 85 119 14280
2 3 17 24 35 40 102 105 14280
2 3 17 24 35 40 102 119 14280
2 3 17 24 35 40 105 119 14280
2 3 17 24 35 40 119 120 14280
2 3 17 24 35 42 51 120 14280
2 3 17 24 35 42 56 85 14280
2 3 17 24 35 42 68 120 14280
2 3 17 24 35 42 85 120 14280
2 3 17 24 35 42 102 120 14280
2 3 17 24 35 42 119 120 14280
2 3 17 24 35 45 72 119 42840
2 3 17 24 35 48 80 119 28560
2 3 17 24 35 48 85 112 28560
2 3 17 24 35 51 56 60 14280
2 3 17 24 35 51 56 70 14280
2 3 17 24 35 51 56 85 14280
2 3 17 24 35 51 56 105 14280
2 3 17 24 35 51 56 120 14280
2 3 17 24 35 51 70 120 14280
2 3 17 24 35 51 80 112 28560
2 3 17 24 35 51 84 120 14280
2 3 17 24 35 55 88 119 157080
2 3 17 24 35 56 60 68 14280
2 3 17 24 35 56 60 85 14280
2 3 17 24 35 56 60 102 14280
2 3 17 24 35 56 60 119 14280
2 3 17 24 35 56 68 70 14280
2 3 17 24 35 56 68 85 14280
2 3 17 24 35 56 68 105 14280
2 3 17 24 35 56 68 120 14280
2 3 17 24 35 56 70 85 14280
2 3 17 24 35 56 70 102 14280
2 3 17 24 35 56 70 119 14280
2 3 17 24 35 56 84 85 14280
2 3 17 24 35 56 85 102 14280
2 3 17 24 35 56 85 105 14280
2 3 17 24 35 56 85 119 14280
2 3 17 24 35 56 85 120 14280
2 3 17 24 35 63 72 85 42840
2 3 17 24 36 40 45 51 6120
2 3 17 24 36 40 45 68 6120
2 3 17 24 36 40 45 85 6120
2 3 17 24 36 40 45 102 6120
2 3 17 24 36 40 51 90 6120
2 3 17 24 36 40 68 90 6120
2 3 17 24 36 40 72 85 6120
2 3 17 24 36 40 85 90 6120
2 3 17 24 36 40 90 102 6120
2 3 17 24 36 42 72 119 8568
2 3 17 24 36 45 51 120 6120
2 3 17 24 36 45 68 120 6120
2 3 17 24 36 45 72 85 6120
2 3 17 24 36 45 85 120 6120
2 3 17 24 36 45 102 120 6120
2 3 17 24 36 51 56 63 8568
2 3 17 24 36 51 56 126 8568
2 3 17 24 36 51 68 72 1224
2 3 17 24 36 51 72 102 1224
2 3 17 24 36 51 88 99 13464
2 3 17 24 36 51 90 120 6120
2 3 17 24 36 56 63 68 8568
2 3 17 24 36 56 63 102 8568
2 3 17 24 36 56 63 119 8568
2 3 17 24 36 56 68 126 8568
2 3 17 24 36 56 72 119 8568
2 3 17 24 36 60 72 85 6120
2 3 17 24 37 40 74 85 75480
2 3 17 24 37 40 85 111 75480
2 3 17 24 37 56 74 119 105672
2 3 17 24 38 40 51 95 38760
2 3 17 24 38 40 57 85 38760
2 3 17 24 38 40 68 95 38760
2 3 17 24 38 40 76 85 38760
2 3 17 24 38 40 85 95 38760
2 3 17 24 38 40 85 114 38760
2 3 17 24 38 40 95 102 38760
2 3 17 24 38 56 57 119 54264
2 3 17 24 39 40 51 65 26520
2 3 17 24 39 40 52 85 26520
2 3 17 24 39 40 65 68 26520
2 3 17 24 39 40 65 85 26520
2 3 17 24 39 40 65 102 26520
2 3 17 24 39 40 78 85 26520
2 3 17 24 39 40 85 104 26520
2 3 17 24 39 42 104 119 37128
2 3 17 24 39 51 52 104 5304
2 3 17 24 39 51 56 91 37128
2 3 17 24 39 51 65 120 26520
2 3 17 24 39 51 68 104 5304
2 3 17 24 39 51 72 117 15912
2 3 17 24 39 51 78 104 5304
2 3 17 24 39 52 56 119 37128
2 3 17 24 39 52 68 104 5304
2 3 17 24 39 56 68 91 37128
2 3 17 24 40 41 82 85 83640
2 3 17 24 40 41 85 123 83640
2 3 17 24 40 42 51 70 14280
2 3 17 24 40 42 51 105 14280
2 3 17 24 40 42 56 85 14280
2 3 17 24 40 42 60 119 14280
2 3 17 24 40 42 68 70 14280
2 3 17 24 40 42 68 105 14280
2 3 17 24 40 42 70 85 14280
2 3 17 24 40 42 70 102 14280
2 3 17 24 40 42 70 119 14280
2 3 17 24 40 42 84 85 14280
2 3 17 24 40 42 85 105 14280
2 3 17 24 40 42 85 119 14280
2 3 17 24 40 42 102 105 14280
2 3 17 24 40 42 105 119 14280
2 3 17 24 40 43 85 86 87720
2 3 17 24 40 44 51 55 22440
2 3 17 24 40 44 51 110 22440
2 3 17 24 40 44 55 68 22440
2 3 17 24 40 44 55 85 22440
2 3 17 24 40 44 55 102 22440
2 3 17 24 40 44 66 85 22440
2 3 17 24 40 44 68 110 22440
2 3 17 24 40 44 85 88 22440
2 3 17 24 40 44 85 110 22440
2 3 17 24 40 44 102 110 22440
2 3 17 24 40 45 51 72 6120
2 3 17 24 40 45 51 90 6120
2 3 17 24 40 45 63 119 42840
2 3 17 24 40 45 68 72 6120
2 3 17 24 40 45 68 90 6120
2 3 17 24 40 45 72 85 6120
2 3 17 24 40 45 72 102 6120
2 3 17 24 40 45 85 90 6120
2 3 17 24 40 45 90 102 6120
2 3 17 24 40 46 51 115 46920
2 3 17 24 40 46 68 115 46920
2 3 17 24 40 46 69 85 46920
2 3 17 24 40 46 85 92 46920
2 3 17 24 40 46 85 115 46920
2 3 17 24 40 47 85 94 95880
2 3 17 24 40 48 51 80 4080
2 3 17 24 40 48 68 80 4080
2 3 17 24 40 48 80 85 4080
2 3 17 24 40 48 80 102 4080
2 3 17 24 40 49 85 98 99960
2 3 17 24 40 50 51 75 10200
2 3 17 24 40 50 51 100 10200
2 3 17 24 40 50 68 75 10200
2 3 17 24 40 50 68 100 10200
2 3 17 24 40 50 75 85 10200
2 3 17 24 40 50 75 102 10200
2 3 17 24 40 50 85 100 10200
2 3 17 24 40 51 52 65 26520
2 3 17 24 40 51 55 66 22440
2 3 17 24 40 51 55 88 22440
2 3 17 24 40 51 55 110 22440
2 3 17 24 40 51 56 70 14280
2 3 17 24 40 51 56 105 14280
2 3 17 24 40 51 57 95 38760
2 3 17 24 40 51 60 68 2040
2 3 17 24 40 51 60 85 2040
2 3 17 24 40 51 60 102 2040
2 3 17 24 40 51 60 120 2040
2 3 17 24 40 51 65 78 26520
2 3 17 24 40 51 65 104 26520
2 3 17 24 40 51 66 110 22440
2 3 17 24 40 51 68 85 2040
2 3 17 24 40 51 68 120 2040
2 3 17 24 40 51 69 115 46920
2 3 17 24 40 51 70 84 14280
2 3 17 24 40 51 70 105 14280
2 3 17 24 40 51 70 119 14280
2 3 17 24 40 51 72 90 6120
2 3 17 24 40 51 75 100 10200
2 3 17 24 40 51 76 95 38760
2 3 17 24 40 52 65 68 26520
2 3 17 24 40 52 65 85 26520
2 3 17 24 40 52 65 102 26520
2 3 17 24 40 52 78 85 26520
2 3 17 24 40 55 66 68 22440
2 3 17 24 40 55 66 85 22440
2 3 17 24 40 55 66 102 22440
2 3 17 24 40 55 68 88 22440
2 3 17 24 40 55 68 110 22440
2 3 17 24 40 55 85 88 22440
2 3 17 24 40 56 60 119 14280
2 3 17 24 40 56 68 70 14280
2 3 17 24 40 56 68 105 14280
2 3 17 24 40 56 70 85 14280
2 3 17 24 40 56 70 102 14280
2 3 17 24 40 56 84 85 14280
2 3 17 24 40 57 68 95 38760
2 3 17 24 40 57 76 85 38760
2 3 17 24 40 60 68 85 2040
2 3 17 24 40 65 68 78 26520
2 3 17 24 42 44 88 119 31416
2 3 17 24 42 48 51 112 5712
2 3 17 24 42 48 68 112 5712
2 3 17 24 42 51 56 68 2856
2 3 17 24 42 51 56 84 2856
2 3 17 24 42 51 56 102 2856
2 3 17 24 42 51 56 119 2856
2 3 17 24 42 51 63 72 8568
2 3 17 24 42 51 77 88 31416
2 3 17 24 42 56 60 85 14280
2 3 17 24 42 56 68 84 2856
2 3 17 24 42 56 70 85 14280
2 3 17 24 42 63 68 72 8568
2 3 17 24 44 51 55 120 22440
2 3 17 24 44 51 56 77 31416
2 3 17 24 44 51 66 88 4488
2 3 17 24 44 51 68 88 4488
2 3 17 24 44 51 72 99 13464
2 3 17 24 44 56 68 77 31416
2 3 17 24 45 51 60 72 6120
2 3 17 24 45 51 72 85 6120
2 3 17 24 45 51 72 90 6120
2 3 17 24 45 56 63 85 42840
2 3 17 24 45 60 68 72 6120
2 3 17 24 48 51 56 112 5712
2 3 17 24 48 51 60 80 4080
2 3 17 24 49 51 56 98 19992
2 3 17 24 51 52 56 91 37128
2 3 17 24 51 56 60 70 14280
2 3 17 24 51 56 63 72 8568
2 3 17 25 26 34 39 50 33150
2 3 17 25 26 34 39 75 33150
2 3 17 25 26 34 50 78 33150
2 3 17 25 26 34 65 75 33150
2 3 17 25 26 34 75 78 33150
2 3 17 25 26 39 50 51 33150
2 3 17 25 26 39 50 85 33150
2 3 17 25 26 39 50 102 33150
2 3 17 25 26 39 51 75 33150
2 3 17 25 26 39 68 100 66300
2 3 17 25 26 39 75 85 33150
2 3 17 25 26 39 75 102 33150
2 3 17 25 26 50 51 65 33150
2 3 17 25 26 50 51 78 33150
2 3 17 25 26 50 65 102 33150
2 3 17 25 26 50 78 85 33150
2 3 17 25 26 50 78 102 33150
2 3 17 25 26 51 52 100 66300
2 3 17 25 26 51 65 75 33150
2 3 17 25 26 51 75 78 33150
2 3 17 25 26 52 68 75 66300
2 3 17 25 26 52 100 102 66300
2 3 17 25 26 65 75 85 33150
2 3 17 25 26 65 75 102 33150
2 3 17 25 26 68 78 100 66300
2 3 17 25 26 75 78 85 33150
2 3 17 25 26 75 78 102 33150
2 3 17 25 26 75 91 119 232050
2 3 17 25 27 34 50 54 22950
2 3 17 25 27 34 54 75 22950
2 3 17 25 27 34 100 108 45900
2 3 17 25 27 50 51 54 22950
2 3 17 25 27 50 54 85 22950
2 3 17 25 27 50 54 102 22950
2 3 17 25 27 50 68 108 45900
2 3 17 25 27 51 54 75 22950
2 3 17 25 27 51 100 108 45900
2 3 17 25 27 54 68 100 45900
2 3 17 25 27 54 75 85 22950
2 3 17 25 27 54 75 102 22950
2 3 17 25 27 68 75 108 45900
2 3 17 25 27 68 100 108 45900
2 3 17 25 27 85 100 108 45900
2 3 17 25 28 30 100 119 35700
2 3 17 25 28 34 42 100 35700
2 3 17 25 28 34 50 84 35700
2 3 17 25 28 34 75 84 35700
2 3 17 25 28 34 84 100 35700
2 3 17 25 28 34 100 105 35700
2 3 17 25 28 35 51 100 35700
2 3 17 25 28 35 68 75 35700
2 3 17 25 28 35 100 102 35700
2 3 17 25 28 42 50 68 35700
2 3 17 25 28 42 51 100 35700
2 3 17 25 28 42 68 75 35700
2 3 17 25 28 42 68 100 35700
2 3 17 25 28 42 85 100 35700
2 3 17 25 28 42 100 102 35700
2 3 17 25 28 42 100 119 35700
2 3 17 25 28 50 51 84 35700
2 3 17 25 28 50 60 119 35700
2 3 17 25 28 50 68 84 35700
2 3 17 25 28 50 68 105 35700
2 3 17 25 28 50 84 85 35700
2 3 17 25 28 50 84 102 35700
2 3 17 25 28 50 84 119 35700
2 3 17 25 28 51 70 100 35700
2 3 17 25 28 51 75 84 35700
2 3 17 25 28 51 84 100 35700
2 3 17 25 28 51 100 105 35700
2 3 17 25 28 51 100 119 35700
2 3 17 25 28 60 75 119 35700
2 3 17 25 28 60 100 119 35700
2 3 17 25 28 68 70 75 35700
2 3 17 25 28 68 75 84 35700
2 3 17 25 28 68 75 105 35700
2 3 17 25 28 68 75 119 35700
2 3 17 25 28 68 84 100 35700
2 3 17 25 28 68 100 105 35700
2 3 17 25 28 70 100 102 35700
2 3 17 25 28 75 84 85 35700
2 3 17 25 28 75 84 102 35700
2 3 17 25 28 75 84 119 35700
2 3 17 25 28 84 85 100 35700
2 3 17 25 29 34 50 87 73950
2 3 17 25 29 34 58 75 73950
2 3 17 25 29 34 75 87 73950
2 3 17 25 29 50 51 58 73950
2 3 17 25 29 50 51 87 73950
2 3 17 25 29 50 58 102 73950
2 3 17 25 29 50 85 87 73950
2 3 17 25 29 50 87 102 73950
2 3 17 25 29 51 58 75 73950
2 3 17 25 29 51 100 116 147900
2 3 17 25 29 58 75 85 73950
2 3 17 25 29 58 75 102 73950
2 3 17 25 29 68 75 116 147900
2 3 17 25 29 68 87 100 147900
2 3 17 25 29 75 87 102 73950
2 3 17 25 30 34 50 51 2550
2 3 17 25 30 34 50 75 2550
2 3 17 25 30 34 50 85 2550
2 3 17 25 30 34 50 102 2550
2 3 17 25 30 34 51 75 2550
2 3 17 25 30 34 60 100 5100
2 3 17 25 30 34 68 100 5100
2 3 17 25 30 34 75 85 2550
2 3 17 25 30 34 75 102 2550
2 3 17 25 30 35 50 119 17850
2 3 17 25 30 35 75 119 17850
2 3 17 25 30 42 50 119 17850
2 3 17 25 30 42 75 119 17850
2 3 17 25 30 50 51 75 2550
2 3 17 25 30 50 51 85 2550
2 3 17 25 30 50 51 102 2550
2 3 17 25 30 50 60 68 5100
2 3 17 25 30 50 68 100 5100
2 3 17 25 30 50 70 119 17850
2 3 17 25 30 50 75 85 2550
2 3 17 25 30 50 75 102 2550
2 3 17 25 30 50 85 102 2550
2 3 17 25 30 50 105 119 17850
2 3 17 25 30 51 60 100 5100
2 3 17 25 30 51 68 100 5100
2 3 17 25 30 51 75 85 2550
2 3 17 25 30 51 75 102 2550
2 3 17 25 30 60 68 75 5100
2 3 17 25 30 60 68 100 5100
2 3 17 25 30 60 85 100 5100
2 3 17 25 30 60 100 102 5100
2 3 17 25 30 68 75 100 5100
2 3 17 25 30 68 85 100 5100
2 3 17 25 30 70 75 119 17850
2 3 17 25 30 75 85 102 2550
2 3 17 25 31 34 50 93 79050
2 3 17 25 31 34 62 75 79050
2 3 17 25 31 34 75 93 79050
2 3 17 25 31 50 51 62 79050
2 3 17 25 31 50 51 93 79050
2 3 17 25 31 50 62 102 79050
2 3 17 25 31 50 85 93 79050
2 3 17 25 31 50 93 102 79050
2 3 17 25 31 51 62 75 79050
2 3 17 25 31 51 100 124 158100
2 3 17 25 31 62 75 85 79050
2 3 17 25 31 62 75 102 79050
2 3 17 25 31 68 75 124 158100
2 3 17 25 32 34 50 96 40800
2 3 17 25 32 34 75 96 40800
2 3 17 25 32 34 96 100 40800
2 3 17 25 32 50 51 96 40800
2 3 17 25 32 50 68 96 40800
2 3 17 25 32 50 85 96 40800
2 3 17 25 32 50 96 102 40800
2 3 17 25 32 51 75 96 40800
2 3 17 25 32 51 96 100 40800
2 3 17 25 32 68 75 96 40800
2 3 17 25 33 34 44 100 56100
2 3 17 25 33 34 50 55 28050
2 3 17 25 33 34 50 66 28050
2 3 17 25 33 34 50 110 28050
2 3 17 25 33 34 55 75 28050
2 3 17 25 33 34 66 75 28050
2 3 17 25 33 34 75 110 28050
2 3 17 25 33 44 50 68 56100
2 3 17 25 33 44 51 100 56100
2 3 17 25 33 44 68 75 56100
2 3 17 25 33 44 68 100 56100
2 3 17 25 33 44 85 100 56100
2 3 17 25 33 44 100 102 56100
2 3 17 25 33 50 51 55 28050
2 3 17 25 33 50 51 66 28050
2 3 17 25 33 50 51 110 28050
2 3 17 25 33 50 55 85 28050
2 3 17 25 33 50 55 102 28050
2 3 17 25 33 50 66 85 28050
2 3 17 25 33 50 66 102 28050
2 3 17 25 33 50 77 119 196350
2 3 17 25 33 50 85 110 28050
2 3 17 25 33 50 102 110 28050
2 3 17 25 33 51 66 75 28050
2 3 17 25 33 51 75 110 28050
2 3 17 25 33 55 68 100 56100
2 3 17 25 33 55 75 102 28050
2 3 17 25 33 66 68 100 56100
2 3 17 25 33 66 75 85 28050
2 3 17 25 33 66 75 102 28050
2 3 17 25 34 35 42 50 17850
2 3 17 25 34 35 42 75 17850
2 3 17 25 34 35 50 105 17850
2 3 17 25 34 35 70 75 17850
2 3 17 25 34 35 75 105 17850
2 3 17 25 34 35 75 119 17850
2 3 17 25 34 35 84 100 35700
2 3 17 25 34 36 45 100 15300
2 3 17 25 34 36 90 100 15300
2 3 17 25 34 37 50 111 94350
2 3 17 25 34 37 74 75 94350
2 3 17 25 34 37 75 111 94350
2 3 17 25 34 38 50 57 48450
2 3 17 25 34 38 50 114 48450
2 3 17 25 34 38 57 75 48450
2 3 17 25 34 38 75 95 48450
2 3 17 25 34 38 75 114 48450
2 3 17 25 34 39 50 65 33150
2 3 17 25 34 39 50 78 33150
2 3 17 25 34 39 52 100 66300
2 3 17 25 34 39 65 75 33150
2 3 17 25 34 39 75 78 33150
2 3 17 25 34 40 50 120 10200
2 3 17 25 34 40 75 120 10200
2 3 17 25 34 40 100 120 10200
2 3 17 25 34 41 50 123 104550
2 3 17 25 34 41 75 82 104550
2 3 17 25 34 41 75 123 104550
2 3 17 25 34 42 50 70 17850
2 3 17 25 34 42 50 105 17850
2 3 17 25 34 42 50 119 17850
2 3 17 25 34 42 70 75 17850
2 3 17 25 34 42 75 105 17850
2 3 17 25 34 42 75 119 17850
2 3 17 25 34 42 84 100 35700
2 3 17 25 34 43 75 86 109650
2 3 17 25 34 44 66 100 56100
2 3 17 25 34 45 50 90 7650
2 3 17 25 34 45 75 90 7650
2 3 17 25 34 46 50 69 58650
2 3 17 25 34 46 69 75 58650
2 3 17 25 34 46 75 115 58650
2 3 17 25 34 47 75 94 119850
2 3 17 25 34 48 50 80 20400
2 3 17 25 34 48 75 80 20400
2 3 17 25 34 48 80 100 20400
2 3 17 25 34 49 75 98 124950
2 3 17 25 34 50 51 75 2550
2 3 17 25 34 50 51 85 2550
2 3 17 25 34 50 51 102 2550
2 3 17 25 34 50 55 66 28050
2 3 17 25 34 50 57 95 48450
2 3 17 25 34 50 57 114 48450
2 3 17 25 34 50 58 87 73950
2 3 17 25 34 50 60 68 5100
2 3 17 25 34 50 60 100 5100
2 3 17 25 34 50 62 93 79050
2 3 17 25 34 50 63 126 53550
2 3 17 25 34 50 65 78 33150
2 3 17 25 34 50 66 110 28050
2 3 17 25 34 50 69 115 58650
2 3 17 25 34 50 70 105 17850
2 3 17 25 34 50 74 111 94350
2 3 17 25 34 50 75 85 2550
2 3 17 25 34 50 75 102 2550
2 3 17 25 34 50 82 123 104550
2 3 17 25 34 50 85 102 2550
2 3 17 25 34 50 95 114 48450
2 3 17 25 34 51 60 100 5100
2 3 17 25 34 51 68 100 5100
2 3 17 25 34 51 75 85 2550
2 3 17 25 34 51 75 102 2550
2 3 17 25 34 52 78 100 66300
2 3 17 25 34 53 75 106 135150
2 3 17 25 34 55 66 75 28050
2 3 17 25 34 55 75 110 28050
2 3 17 25 34 57 75 95 48450
2 3 17 25 34 57 75 114 48450
2 3 17 25 34 57 76 100 96900
2 3 17 25 34 58 75 87 73950
2 3 17 25 34 59 75 118 150450
2 3 17 25 34 60 68 75 5100
2 3 17 25 34 60 68 100 5100
2 3 17 25 34 60 75 100 5100
2 3 17 25 34 62 75 93 79050
2 3 17 25 34 65 75 78 33150
2 3 17 25 35 42 50 51 17850
2 3 17 25 35 42 50 85 17850
2 3 17 25 35 42 50 102 17850
2 3 17 25 35 42 50 119 17850
2 3 17 25 35 42 51 75 17850
2 3 17 25 35 42 68 100 35700
2 3 17 25 35 42 75 85 17850
2 3 17 25 35 42 75 102 17850
2 3 17 25 35 42 75 119 17850
2 3 17 25 35 50 51 70 17850
2 3 17 25 35 50 51 105 17850
2 3 17 25 35 50 51 119 17850
2 3 17 25 35 50 68 84 35700
2 3 17 25 35 50 70 102 17850
2 3 17 25 35 50 75 119 17850
2 3 17 25 35 50 85 105 17850
2 3 17 25 35 50 102 105 17850
2 3 17 25 35 51 70 75 17850
2 3 17 25 35 51 84 100 35700
2 3 17 25 35 68 75 84 35700
2 3 17 25 35 70 75 85 17850
2 3 17 25 36 45 50 68 15300
2 3 17 25 36 45 51 100 15300
2 3 17 25 36 45 68 75 15300
2 3 17 25 36 45 68 100 15300
2 3 17 25 36 45 85 100 15300
2 3 17 25 36 45 100 102 15300
2 3 17 25 36 50 68 90 15300
2 3 17 25 36 51 90 100 15300
2 3 17 25 37 50 51 74 94350
2 3 17 25 37 50 51 111 94350
2 3 17 25 37 50 74 102 94350
2 3 17 25 37 51 74 75 94350
2 3 17 25 38 50 51 57 48450
2 3 17 25 38 50 51 95 48450
2 3 17 25 38 50 51 114 48450
2 3 17 25 38 50 57 85 48450
2 3 17 25 38 50 57 102 48450
2 3 17 25 38 51 57 75 48450
2 3 17 25 38 51 75 95 48450
2 3 17 25 38 51 75 114 48450
2 3 17 25 38 51 76 100 96900
2 3 17 25 38 57 68 100 96900
2 3 17 25 38 57 75 85 48450
2 3 17 25 39 50 51 65 33150
2 3 17 25 39 50 51 78 33150
2 3 17 25 39 50 52 68 66300
2 3 17 25 39 50 65 85 33150
2 3 17 25 39 50 65 102 33150
2 3 17 25 39 50 78 85 33150
2 3 17 25 39 50 78 102 33150
2 3 17 25 39 51 52 100 66300
2 3 17 25 39 51 75 78 33150
2 3 17 25 39 52 68 75 66300
2 3 17 25 39 52 68 100 66300
2 3 17 25 40 50 51 120 10200
2 3 17 25 40 50 68 120 10200
2 3 17 25 41 50 51 82 104550
2 3 17 25 41 50 51 123 104550
2 3 17 25 41 51 75 82 104550
2 3 17 25 42 50 51 70 17850
2 3 17 25 42 50 51 105 17850
2 3 17 25 42 50 51 119 17850
2 3 17 25 42 50 68 84 35700
2 3 17 25 42 50 70 85 17850
2 3 17 25 42 50 70 102 17850
2 3 17 25 42 51 70 75 17850
2 3 17 25 43 50 51 86 109650
2 3 17 25 44 50 66 68 56100
2 3 17 25 44 51 55 100 56100
2 3 17 25 44 55 68 75 56100
2 3 17 25 45 50 51 90 7650
2 3 17 25 46 50 51 69 58650
2 3 17 25 46 50 51 115 58650
2 3 17 25 46 50 69 85 58650
2 3 17 25 46 51 69 75 58650
2 3 17 25 47 50 51 94 119850
2 3 17 25 48 50 51 80 20400
2 3 17 25 48 50 68 80 20400
2 3 17 25 49 50 51 98 124950
2 3 17 25 50 51 53 106 135150
2 3 17 25 50 51 55 66 28050
2 3 17 25 50 51 58 87 73950
2 3 17 25 50 51 60 68 5100
2 3 17 26 27 34 39 54 11934
2 3 17 26 27 34 52 108 23868
2 3 17 26 27 34 54 78 11934
2 3 17 26 27 34 54 117 11934
2 3 17 26 27 39 51 54 11934
2 3 17 26 27 39 54 102 11934
2 3 17 26 27 39 68 108 23868
2 3 17 26 27 51 52 108 23868
2 3 17 26 27 51 54 78 11934
2 3 17 26 27 51 54 117 11934
2 3 17 26 27 52 54 68 23868
2 3 17 26 27 52 68 108 23868
2 3 17 26 27 52 102 108 23868
2 3 17 26 27 54 65 85 59670
2 3 17 26 27 54 78 102 11934
2 3 17 26 27 54 91 119 83538
2 3 17 26 27 54 102 117 11934
2 3 17 26 27 68 78 108 23868
2 3 17 26 27 68 108 117 23868
2 3 17 26 28 34 39 84 18564
2 3 17 26 28 34 42 52 18564
2 3 17 26 28 34 52 84 18564
2 3 17 26 28 34 78 84 18564
2 3 17 26 28 34 84 91 18564
2 3 17 26 28 36 117 119 55692
2 3 17 26 28 39 42 68 18564
2 3 17 26 28 39 51 84 18564
2 3 17 26 28 39 52 119 18564
2 3 17 26 28 39 68 84 18564
2 3 17 26 28 39 68 91 18564
2 3 17 26 28 39 68 119 18564
2 3 17 26 28 39 84 102 18564
2 3 17 26 28 39 84 119 18564
2 3 17 26 28 42 51 52 18564
2 3 17 26 28 42 52 68 18564
2 3 17 26 28 42 52 102 18564
2 3 17 26 28 42 52 119 18564
2 3 17 26 28 42 68 78 18564
2 3 17 26 28 42 68 91 18564
2 3 17 26 28 51 52 84 18564
2 3 17 26 28 51 52 91 18564
2 3 17 26 28 51 52 119 18564
2 3 17 26 28 51 56 104 37128
2 3 17 26 28 51 68 91 18564
2 3 17 26 28 51 78 84 18564
2 3 17 26 28 51 84 91 18564
2 3 17 26 28 52 68 84 18564
2 3 17 26 28 52 78 119 18564
2 3 17 26 28 52 84 102 18564
2 3 17 26 28 52 84 119 18564
2 3 17 26 28 52 85 105 92820
2 3 17 26 28 52 91 102 18564
2 3 17 26 28 52 102 119 18564
2 3 17 26 28 56 102 104 37128
2 3 17 26 28 60 65 119 92820
2 3 17 26 28 60 85 91 92820
2 3 17 26 28 63 68 117 55692
2 3 17 26 28 65 68 105 92820
2 3 17 26 28 65 84 85 92820
2 3 17 26 28 68 78 84 18564
2 3 17 26 28 68 78 91 18564
2 3 17 26 28 68 78 119 18564
2 3 17 26 28 68 84 91 18564
2 3 17 26 28 68 91 102 18564
2 3 17 26 28 78 84 102 18564
2 3 17 26 29 34 39 58 38454
2 3 17 26 29 34 39 87 38454
2 3 17 26 29 34 58 78 38454
2 3 17 26 29 34 78 87 38454
2 3 17 26 29 39 51 58 38454
2 3 17 26 29 39 51 87 38454
2 3 17 26 29 39 58 102 38454
2 3 17 26 29 39 68 116 76908
2 3 17 26 29 39 87 102 38454
2 3 17 26 29 51 52 116 76908
2 3 17 26 29 51 58 78 38454
2 3 17 26 29 51 78 87 38454
2 3 17 26 29 52 68 87 76908
2 3 17 26 29 52 102 116 76908
2 3 17 26 29 58 78 102 38454
2 3 17 26 29 65 85 87 192270
2 3 17 26 29 68 78 116 76908
2 3 17 26 30 34 35 91 46410
2 3 17 26 30 34 39 65 6630
2 3 17 26 30 34 39 85 6630
2 3 17 26 30 34 40 104 26520
2 3 17 26 30 34 45 117 19890
2 3 17 26 30 34 51 65 6630
2 3 17 26 30 34 52 60 13260
2 3 17 26 30 34 65 78 6630
2 3 17 26 30 34 65 85 6630
2 3 17 26 30 34 65 102 6630
2 3 17 26 30 34 70 91 46410
2 3 17 26 30 34 78 85 6630
2 3 17 26 30 34 90 117 19890
2 3 17 26 30 34 91 105 46410
2 3 17 26 30 34 104 120 26520
2 3 17 26 30 35 39 119 46410
2 3 17 26 30 35 51 91 46410
2 3 17 26 30 35 65 119 46410
2 3 17 26 30 35 78 119 46410
2 3 17 26 30 35 85 91 46410
2 3 17 26 30 35 91 102 46410
2 3 17 26 30 35 91 119 46410
2 3 17 26 30 39 51 65 6630
2 3 17 26 30 39 51 85 6630
2 3 17 26 30 39 60 68 13260
2 3 17 26 30 39 65 85 6630
2 3 17 26 30 39 65 102 6630
2 3 17 26 30 39 70 119 46410
2 3 17 26 30 39 78 85 6630
2 3 17 26 30 39 85 102 6630
2 3 17 26 30 39 105 119 46410
2 3 17 26 30 40 51 104 26520
2 3 17 26 30 40 68 104 26520
2 3 17 26 30 40 85 104 26520
2 3 17 26 30 40 102 104 26520
2 3 17 26 30 42 65 119 46410
2 3 17 26 30 42 85 91 46410
2 3 17 26 30 45 51 117 19890
2 3 17 26 30 45 85 117 19890
2 3 17 26 30 45 102 117 19890
2 3 17 26 30 51 52 60 13260
2 3 17 26 30 51 65 78 6630
2 3 17 26 30 51 65 85 6630
2 3 17 26 30 51 65 102 6630
2 3 17 26 30 51 70 91 46410
2 3 17 26 30 51 78 85 6630
2 3 17 26 30 51 90 117 19890
2 3 17 26 30 51 91 105 46410
2 3 17 26 30 51 104 120 26520
2 3 17 26 30 52 60 68 13260
2 3 17 26 30 52 60 85 13260
2 3 17 26 30 52 60 102 13260
2 3 17 26 30 52 65 68 13260
2 3 17 26 30 52 68 85 13260
2 3 17 26 30 60 65 68 13260
2 3 17 26 30 60 68 78 13260
2 3 17 26 30 65 70 119 46410
2 3 17 26 30 65 78 85 6630
2 3 17 26 30 65 78 102 6630
2 3 17 26 30 65 85 102 6630
2 3 17 26 30 70 85 91 46410
2 3 17 26 31 34 39 62 41106
2 3 17 26 31 34 39 93 41106
2 3 17 26 31 34 62 78 41106
2 3 17 26 31 34 78 93 41106
2 3 17 26 31 39 51 62 41106
2 3 17 26 31 39 51 93 41106
2 3 17 26 31 39 62 102 41106
2 3 17 26 31 39 68 124 82212
2 3 17 26 31 39 93 102 41106
2 3 17 26 31 51 52 124 82212
2 3 17 26 31 51 62 78 41106
2 3 17 26 31 51 78 93 41106
2 3 17 26 31 52 68 93 82212
2 3 17 26 31 62 78 102 41106
2 3 17 26 31 65 85 93 205530
2 3 17 26 32 34 39 96 21216
2 3 17 26 32 34 52 96 21216
2 3 17 26 32 34 78 96 21216
2 3 17 26 32 34 96 104 21216
2 3 17 26 32 39 51 96 21216
2 3 17 26 32 39 68 96 21216
2 3 17 26 32 39 96 102 21216
2 3 17 26 32 51 52 96 21216
2 3 17 26 32 51 78 96 21216
2 3 17 26 32 51 96 104 21216
2 3 17 26 32 52 68 96 21216
2 3 17 26 32 52 96 102 21216
2 3 17 26 33 34 39 66 14586
2 3 17 26 33 34 44 52 29172
2 3 17 26 33 34 55 65 72930
2 3 17 26 33 34 65 110 72930
2 3 17 26 33 34 66 78 14586
2 3 17 26 33 34 77 91 102102
2 3 17 26 33 34 88 104 58344
2 3 17 26 33 34 99 117 43758
2 3 17 26 33 39 44 68 29172
2 3 17 26 33 39 51 66 14586
2 3 17 26 33 39 55 85 72930
2 3 17 26 33 39 66 102 14586
2 3 17 26 33 39 77 119 102102
2 3 17 26 33 39 85 110 72930
2 3 17 26 33 44 51 52 29172
2 3 17 26 33 44 52 68 29172
2 3 17 26 33 44 52 102 29172
2 3 17 26 33 44 68 78 29172
2 3 17 26 33 51 55 65 72930
2 3 17 26 33 51 65 110 72930
2 3 17 26 33 51 66 78 14586
2 3 17 26 33 51 77 91 102102
2 3 17 26 33 51 88 104 58344
2 3 17 26 33 52 66 68 29172
2 3 17 26 33 55 65 85 72930
2 3 17 26 33 55 65 102 72930
2 3 17 26 33 55 78 85 72930
2 3 17 26 33 65 66 85 72930
2 3 17 26 34 35 39 70 46410
2 3 17 26 34 35 39 105 46410
2 3 17 26 34 35 42 65 46410
2 3 17 26 34 35 65 105 46410
2 3 17 26 34 35 70 78 46410
2 3 17 26 34 35 78 105 46410
2 3 17 26 34 35 91 105 46410
2 3 17 26 34 36 52 117 7956
2 3 17 26 34 36 68 117 7956
2 3 17 26 34 36 72 104 15912
2 3 17 26 34 37 39 74 49062
2 3 17 26 34 37 39 111 49062
2 3 17 26 34 37 74 78 49062
2 3 17 26 34 37 78 111 49062
2 3 17 26 34 38 39 57 25194
2 3 17 26 34 38 39 114 25194
2 3 17 26 34 38 57 78 25194
2 3 17 26 34 38 78 114 25194
2 3 17 26 34 39 40 120 26520
2 3 17 26 34 39 41 82 54366
2 3 17 26 34 39 41 123 54366
2 3 17 26 34 39 42 91 9282
2 3 17 26 34 39 42 119 9282
2 3 17 26 34 39 43 86 57018
2 3 17 26 34 39 45 90 19890
2 3 17 26 34 39 46 69 30498
2 3 17 26 34 39 47 94 62322
2 3 17 26 34 39 49 98 64974
2 3 17 26 34 39 50 75 33150
2 3 17 26 34 39 51 78 1326
2 3 17 26 34 39 51 102 1326
2 3 17 26 34 39 52 68 2652
2 3 17 26 34 39 53 106 70278
2 3 17 26 34 39 55 110 72930
2 3 17 26 34 39 57 114 25194
2 3 17 26 34 39 58 87 38454
2 3 17 26 34 39 59 118 78234
2 3 17 26 34 39 61 122 80886
2 3 17 26 34 39 62 93 41106
2 3 17 26 34 39 63 126 27846
2 3 17 26 34 39 65 85 6630
2 3 17 26 34 39 70 105 46410
2 3 17 26 34 39 74 111 49062
2 3 17 26 34 39 78 102 1326
2 3 17 26 34 39 82 123 54366
2 3 17 26 34 39 91 119 9282
2 3 17 26 34 40 52 120 26520
2 3 17 26 34 40 60 104 26520
2 3 17 26 34 40 65 120 26520
2 3 17 26 34 40 78 120 26520
2 3 17 26 34 40 104 120 26520
2 3 17 26 34 41 78 82 54366
2 3 17 26 34 41 78 123 54366
2 3 17 26 34 42 51 91 9282
2 3 17 26 34 42 52 84 18564
2 3 17 26 34 42 56 104 37128
2 3 17 26 34 42 63 117 27846
2 3 17 26 34 42 65 70 46410
2 3 17 26 34 42 65 105 46410
2 3 17 26 34 42 78 91 9282
2 3 17 26 34 42 78 119 9282
2 3 17 26 34 42 91 102 9282
2 3 17 26 34 42 91 119 9282
2 3 17 26 34 42 117 126 27846
2 3 17 26 34 43 78 86 57018
2 3 17 26 34 44 52 66 29172
2 3 17 26 34 45 65 90 19890
2 3 17 26 34 45 65 117 19890
2 3 17 26 34 45 78 90 19890
2 3 17 26 34 45 85 117 19890
2 3 17 26 34 45 90 117 19890
2 3 17 26 34 46 69 78 30498
2 3 17 26 34 47 78 94 62322
2 3 17 26 34 48 65 80 53040
2 3 17 26 34 48 91 112 74256
2 3 17 26 34 49 78 98 64974
2 3 17 26 34 50 65 75 33150
2 3 17 26 34 50 75 78 33150
2 3 17 26 34 51 52 68 2652
2 3 17 26 34 51 65 85 6630
2 3 17 26 34 51 78 102 1326
2 3 17 26 34 52 54 108 23868
2 3 17 26 34 52 57 76 50388
2 3 17 26 34 52 60 65 13260
2 3 17 26 34 52 60 85 13260
2 3 17 26 34 52 68 78 2652
2 3 17 26 34 52 68 102 2652
2 3 17 26 34 52 69 92 60996
2 3 17 26 34 52 75 100 66300
2 3 17 26 34 52 76 114 50388
2 3 17 26 34 52 84 91 18564
2 3 17 26 34 53 78 106 70278
2 3 17 26 34 55 65 66 72930
2 3 17 26 34 55 78 110 72930
2 3 17 26 34 57 65 95 125970
2 3 17 26 34 58 78 87 38454
2 3 17 26 34 60 65 68 13260
2 3 17 26 35 39 42 85 46410
2 3 17 26 35 39 51 70 46410
2 3 17 26 35 39 51 105 46410
2 3 17 26 35 39 65 119 46410
2 3 17 26 35 39 70 85 46410
2 3 17 26 35 39 70 102 46410
2 3 17 26 35 39 70 119 46410
2 3 17 26 35 39 85 91 46410
2 3 17 26 35 39 85 105 46410
2 3 17 26 35 39 85 119 46410
2 3 17 26 35 39 102 105 46410
2 3 17 26 35 39 105 119 46410
2 3 17 26 35 42 51 65 46410
2 3 17 26 35 42 65 85 46410
2 3 17 26 35 42 65 102 46410
2 3 17 26 35 42 65 119 46410
2 3 17 26 35 42 78 85 46410
2 3 17 26 35 42 85 91 46410
2 3 17 26 35 51 65 70 46410
2 3 17 26 35 51 65 91 46410
2 3 17 26 35 51 65 105 46410
2 3 17 26 35 51 65 119 46410
2 3 17 26 35 51 70 78 46410
2 3 17 26 35 51 70 91 46410
2 3 17 26 35 51 78 105 46410
2 3 17 26 35 51 85 91 46410
2 3 17 26 35 52 60 119 92820
2 3 17 26 35 52 68 105 92820
2 3 17 26 35 52 84 85 92820
2 3 17 26 35 60 68 91 92820
2 3 17 26 35 65 68 84 92820
2 3 17 26 36 39 68 117 7956
2 3 17 26 36 45 52 85 39780
2 3 17 26 36 45 65 68 39780
2 3 17 26 36 51 52 117 7956
2 3 17 26 36 51 68 117 7956
2 3 17 26 36 51 72 104 15912
2 3 17 26 36 52 63 119 55692
2 3 17 26 36 52 68 117 7956
2 3 17 26 36 52 85 90 39780
2 3 17 26 37 39 51 74 49062
2 3 17 26 37 39 51 111 49062
2 3 17 26 37 39 74 102 49062
2 3 17 26 37 39 102 111 49062
2 3 17 26 37 51 74 78 49062
2 3 17 26 37 52 68 111 98124
2 3 17 26 38 39 51 57 25194
2 3 17 26 38 39 51 114 25194
2 3 17 26 38 39 57 102 25194
2 3 17 26 38 39 68 76 50388
2 3 17 26 38 39 85 95 125970
2 3 17 26 38 39 102 114 25194
2 3 17 26 38 51 52 76 50388
2 3 17 26 38 51 57 78 25194
2 3 17 26 38 51 65 95 125970
2 3 17 26 38 52 57 68 50388
2 3 17 26 38 57 65 85 125970
2 3 17 26 39 40 51 120 26520
2 3 17 26 39 40 68 120 26520
2 3 17 26 39 40 85 104 26520
2 3 17 26 39 40 85 120 26520
2 3 17 26 39 41 51 82 54366
2 3 17 26 39 41 51 123 54366
2 3 17 26 39 41 82 102 54366
2 3 17 26 39 42 51 91 9282
2 3 17 26 39 42 51 119 9282
2 3 17 26 39 42 68 84 18564
2 3 17 26 39 42 70 85 46410
2 3 17 26 39 42 78 119 9282
2 3 17 26 39 42 85 105 46410
2 3 17 26 39 42 91 102 9282
2 3 17 26 39 43 51 86 57018
2 3 17 26 39 43 86 102 57018
2 3 17 26 39 44 66 68 29172
2 3 17 26 39 45 51 90 19890
2 3 17 26 39 45 85 90 19890
2 3 17 26 39 46 51 69 30498
2 3 17 26 39 46 68 92 60996
2 3 17 26 39 46 69 102 30498
2 3 17 26 39 47 51 94 62322
2 3 17 26 39 48 80 85 53040
2 3 17 26 39 49 51 98 64974
2 3 17 26 39 50 51 75 33150
2 3 17 26 39 50 68 100 66300
2 3 17 26 39 50 75 85 33150
2 3 17 26 39 51 52 68 2652
2 3 17 26 39 51 53 106 70278
2 3 17 26 39 51 55 110 72930
2 3 17 26 39 51 57 114 25194
2 3 17 26 39 51 58 87 38454
2 3 17 26 39 51 59 118 78234
2 3 17 26 39 51 61 122 80886
2 3 17 26 39 51 62 93 41106
2 3 17 26 39 51 65 85 6630
2 3 17 26 39 52 60 85 13260
2 3 17 26 39 52 68 78 2652
2 3 17 26 39 55 66 85 72930
2 3 17 26 39 57 68 76 50388
2 3 17 26 39 60 65 68 13260
2 3 17 26 40 51 52 120 26520
2 3 17 26 40 51 60 104 26520
2 3 17 26 40 51 65 104 26520
2 3 17 26 42 51 52 84 18564
2 3 17 26 42 51 56 104 37128
2 3 17 26 42 51 65 70 46410
2 3 17 26 42 52 68 84 18564
2 3 17 26 44 51 52 66 29172
2 3 17 26 44 52 66 68 29172
2 3 17 26 46 51 52 92 60996
2 3 17 26 46 52 68 69 60996
2 3 17 26 51 52 57 76 50388
2 3 17 26 51 52 60 65 13260
2 3 17 27 28 34 42 108 12852
2 3 17 27 28 34 54 84 12852
2 3 17 27 28 34 63 108 12852
2 3 17 27 28 34 84 108 12852
2 3 17 27 28 34 108 119 12852
2 3 17 27 28 34 108 126 12852
2 3 17 27 28 35 85 108 64260
2 3 17 27 28 36 54 119 12852
2 3 17 27 28 36 108 119 12852
2 3 17 27 28 42 51 108 12852
2 3 17 27 28 42 54 68 12852
2 3 17 27 28 42 68 108 12852
2 3 17 27 28 42 102 108 12852
2 3 17 27 28 42 108 119 12852
2 3 17 27 28 51 54 84 12852
2 3 17 27 28 51 63 108 12852
2 3 17 27 28 51 84 108 12852
2 3 17 27 28 51 108 119 12852
2 3 17 27 28 51 108 126 12852
2 3 17 27 28 54 63 68 12852
2 3 17 27 28 54 68 84 12852
2 3 17 27 28 54 68 119 12852
2 3 17 27 28 54 68 126 12852
2 3 17 27 28 54 84 102 12852
2 3 17 27 28 54 84 119 12852
2 3 17 27 28 54 108 119 12852
2 3 17 27 28 63 68 108 12852
2 3 17 27 28 68 84 108 12852
2 3 17 27 28 70 85 108 64260
2 3 17 27 29 34 54 58 26622
2 3 17 27 29 34 54 87 26622
2 3 17 27 29 34 108 116 53244
2 3 17 27 29 51 54 58 26622
2 3 17 27 29 51 54 87 26622
2 3 17 27 29 51 108 116 53244
2 3 17 27 29 54 58 102 26622
2 3 17 27 29 54 68 116 53244
2 3 17 27 29 54 87 102 26622
2 3 17 27 29 58 68 108 53244
2 3 17 27 30 34 45 54 4590
2 3 17 27 30 34 54 85 4590
2 3 17 27 30 34 54 90 4590
2 3 17 27 30 34 60 108 9180
2 3 17 27 30 35 54 119 32130
2 3 17 27 30 36 85 108 9180
2 3 17 27 30 45 51 54 4590
2 3 17 27 30 45 54 85 4590
2 3 17 27 30 45 54 102 4590
2 3 17 27 30 45 68 108 9180
2 3 17 27 30 51 54 85 4590
2 3 17 27 30 51 54 90 4590
2 3 17 27 30 51 60 108 9180
2 3 17 27 30 54 60 68 9180
2 3 17 27 30 54 70 119 32130
2 3 17 27 30 54 85 90 4590
2 3 17 27 30 54 85 102 4590
2 3 17 27 30 54 90 102 4590
2 3 17 27 30 60 68 108 9180
2 3 17 27 30 60 85 108 9180
2 3 17 27 31 34 54 62 28458
2 3 17 27 31 34 54 93 28458
2 3 17 27 31 34 108 124 56916
2 3 17 27 31 51 54 62 28458
2 3 17 27 31 51 54 93 28458
2 3 17 27 31 54 62 102 28458
2 3 17 27 31 54 68 124 56916
2 3 17 27 31 54 93 102 28458
2 3 17 27 31 62 68 108 56916
2 3 17 27 32 34 54 96 14688
2 3 17 27 32 34 96 108 14688
2 3 17 27 32 51 54 96 14688
2 3 17 27 32 54 68 96 14688
2 3 17 27 33 34 44 108 20196
2 3 17 27 33 34 54 66 10098
2 3 17 27 33 34 54 99 10098
2 3 17 27 33 44 51 108 20196
2 3 17 27 33 44 54 68 20196
2 3 17 27 33 44 68 108 20196
2 3 17 27 33 44 102 108 20196
2 3 17 27 33 51 54 66 10098
2 3 17 27 33 51 54 99 10098
2 3 17 27 33 54 55 85 50490
2 3 17 27 33 54 66 102 10098
2 3 17 27 34 35 54 70 32130
2 3 17 27 34 35 54 105 32130
2 3 17 27 34 36 51 108 1836
2 3 17 27 34 36 54 68 1836
2 3 17 27 34 36 54 108 1836
2 3 17 27 34 36 68 108 1836
2 3 17 27 34 36 102 108 1836
2 3 17 27 34 37 54 74 33966
2 3 17 27 34 37 54 111 33966
2 3 17 27 34 38 54 57 17442
2 3 17 27 34 38 54 114 17442
2 3 17 27 34 38 76 108 34884
2 3 17 27 34 39 52 108 23868
2 3 17 27 34 39 54 78 11934
2 3 17 27 34 39 54 117 11934
2 3 17 27 34 40 54 120 18360
2 3 17 27 34 40 108 120 18360
2 3 17 27 34 41 54 82 37638
2 3 17 27 34 41 54 123 37638
2 3 17 27 34 42 54 63 6426
2 3 17 27 34 42 54 119 6426
2 3 17 27 34 42 54 126 6426
2 3 17 27 34 42 84 108 12852
2 3 17 27 34 43 54 86 39474
2 3 17 27 34 44 66 108 20196
2 3 17 27 34 44 99 108 20196
2 3 17 27 34 45 54 85 4590
2 3 17 27 34 45 54 90 4590
2 3 17 27 34 45 60 108 9180
2 3 17 27 34 46 54 69 21114
2 3 17 27 34 46 92 108 42228
2 3 17 27 34 47 54 94 43146
2 3 17 27 34 49 54 98 44982
2 3 17 27 34 50 54 75 22950
2 3 17 27 34 51 54 102 918
2 3 17 27 34 51 68 108 1836
2 3 17 27 34 53 54 106 48654
2 3 17 27 34 54 55 110 50490
2 3 17 27 34 54 57 114 17442
2 3 17 27 34 54 58 87 26622
2 3 17 27 34 54 59 118 54162
2 3 17 27 34 54 61 122 55998
2 3 17 27 34 54 62 93 28458
2 3 17 27 34 54 63 119 6426
2 3 17 27 34 54 63 126 6426
2 3 17 27 34 54 66 99 10098
2 3 17 27 34 54 68 108 1836
2 3 17 27 34 54 70 105 32130
2 3 17 27 35 42 54 85 32130
2 3 17 27 35 45 54 119 32130
2 3 17 27 35 51 54 70 32130
2 3 17 27 35 51 54 105 32130
2 3 17 27 35 54 63 85 32130
2 3 17 27 35 54 70 85 32130
2 3 17 27 35 54 70 102 32130
2 3 17 27 36 45 85 108 9180
2 3 17 27 36 51 54 68 1836
2 3 17 27 36 51 54 108 1836
2 3 17 27 36 51 68 108 1836
2 3 17 27 36 54 60 85 9180
2 3 17 27 37 51 54 74 33966
2 3 17 27 37 51 54 111 33966
2 3 17 27 38 51 54 57 17442
2 3 17 27 38 51 54 114 17442
2 3 17 27 38 54 57 102 17442
2 3 17 27 38 54 68 76 34884
2 3 17 27 39 51 52 108 23868
2 3 17 27 39 51 54 78 11934
2 3 17 27 39 51 54 117 11934
2 3 17 27 39 52 54 68 23868
2 3 17 27 39 54 65 85 59670
2 3 17 27 40 51 54 120 18360
2 3 17 27 41 51 54 82 37638
2 3 17 27 42 51 54 63 6426
2 3 17 27 43 51 54 86 39474
2 3 17 27 44 54 66 68 20196
2 3 17 27 45 51 54 85 4590
2 3 17 27 45 51 54 90 4590
2 3 17 27 45 54 60 68 9180
2 3 17 27 46 51 54 69 21114
2 3 17 27 50 51 54 75 22950
2 3 17 28 29 34 42 116 41412
2 3 17 28 29 34 58 84 41412
2 3 17 28 29 34 84 87 41412
2 3 17 28 29 34 84 116 41412
2 3 17 28 29 42 51 116 41412
2 3 17 28 29 42 58 68 41412
2 3 17 28 29 42 68 87 41412
2 3 17 28 29 42 68 116 41412
2 3 17 28 29 42 102 116 41412
2 3 17 28 29 42 116 119 41412
2 3 17 28 29 51 58 84 41412
2 3 17 28 29 51 84 87 41412
2 3 17 28 29 51 84 116 41412
2 3 17 28 29 58 68 84 41412
2 3 17 28 29 58 84 102 41412
2 3 17 28 29 68 84 87 41412
2 3 17 28 30 34 35 60 7140
2 3 17 28 30 34 35 68 7140
2 3 17 28 30 34 35 84 7140
2 3 17 28 30 34 40 56 14280
2 3 17 28 30 34 42 60 7140
2 3 17 28 30 34 56 120 14280
2 3 17 28 30 34 60 70 7140
2 3 17 28 30 34 60 84 7140
2 3 17 28 30 34 60 105 7140
2 3 17 28 30 34 60 119 7140
2 3 17 28 30 34 68 70 7140
2 3 17 28 30 34 68 105 7140
2 3 17 28 30 34 70 84 7140
2 3 17 28 30 34 80 112 28560
2 3 17 28 30 34 84 85 7140
2 3 17 28 30 34 84 105 7140
2 3 17 28 30 35 42 68 7140
2 3 17 28 30 35 51 60 7140
2 3 17 28 30 35 51 68 7140
2 3 17 28 30 35 51 84 7140
2 3 17 28 30 35 60 68 7140
2 3 17 28 30 35 60 85 7140
2 3 17 28 30 35 60 102 7140
2 3 17 28 30 35 60 119 7140
2 3 17 28 30 35 68 70 7140
2 3 17 28 30 35 68 84 7140
2 3 17 28 30 35 68 85 7140
2 3 17 28 30 35 68 102 7140
2 3 17 28 30 35 68 105 7140
2 3 17 28 30 35 68 119 7140
2 3 17 28 30 35 84 85 7140
2 3 17 28 30 35 84 102 7140
2 3 17 28 30 35 84 119 7140
2 3 17 28 30 36 45 119 21420
2 3 17 28 30 36 63 85 21420
2 3 17 28 30 36 85 126 21420
2 3 17 28 30 36 90 119 21420
2 3 17 28 30 40 51 56 14280
2 3 17 28 30 40 56 68 14280
2 3 17 28 30 40 56 85 14280
2 3 17 28 30 40 56 102 14280
2 3 17 28 30 40 56 119 14280
2 3 17 28 30 40 119 120 14280
2 3 17 28 30 42 51 60 7140
2 3 17 28 30 42 60 68 7140
2 3 17 28 30 42 60 85 7140
2 3 17 28 30 42 60 102 7140
2 3 17 28 30 42 60 119 7140
2 3 17 28 30 42 68 70 7140
2 3 17 28 30 42 68 85 7140
2 3 17 28 30 42 68 105 7140
2 3 17 28 30 42 84 85 7140
2 3 17 28 30 44 55 119 78540
2 3 17 28 30 44 77 85 78540
2 3 17 28 30 44 110 119 78540
2 3 17 28 30 45 63 68 21420
2 3 17 28 30 45 68 126 21420
2 3 17 28 30 48 80 119 28560
2 3 17 28 30 48 85 112 28560
2 3 17 28 30 51 56 120 14280
2 3 17 28 30 51 60 70 7140
2 3 17 28 30 51 60 84 7140
2 3 17 28 30 51 60 105 7140
2 3 17 28 30 51 60 119 7140
2 3 17 28 30 51 68 70 7140
2 3 17 28 30 51 68 105 7140
2 3 17 28 30 51 70 84 7140
2 3 17 28 30 51 80 112 28560
2 3 17 28 30 51 84 85 7140
2 3 17 28 30 51 84 105 7140
2 3 17 28 30 52 65 119 92820
2 3 17 28 30 52 85 91 92820
2 3 17 28 30 55 68 77 78540
2 3 17 28 30 56 68 120 14280
2 3 17 28 30 60 68 70 7140
2 3 17 28 30 60 68 84 7140
2 3 17 28 30 60 68 105 7140
2 3 17 28 30 60 68 119 7140
2 3 17 28 30 60 70 85 7140
2 3 17 28 30 60 70 102 7140
2 3 17 28 30 60 70 119 7140
2 3 17 28 30 60 84 85 7140
2 3 17 28 30 63 68 90 21420
2 3 17 28 30 65 68 91 92820
2 3 17 28 30 68 70 84 7140
2 3 17 28 30 68 70 85 7140
2 3 17 28 31 34 42 124 44268
2 3 17 28 31 34 62 84 44268
2 3 17 28 31 34 84 93 44268
2 3 17 28 31 34 84 124 44268
2 3 17 28 31 42 51 124 44268
2 3 17 28 31 42 62 68 44268
2 3 17 28 31 42 68 93 44268
2 3 17 28 31 42 68 124 44268
2 3 17 28 31 42 102 124 44268
2 3 17 28 31 42 119 124 44268
2 3 17 28 31 51 62 84 44268
2 3 17 28 31 51 84 93 44268
2 3 17 28 31 62 68 84 44268
2 3 17 28 32 34 42 96 11424
2 3 17 28 32 34 56 96 11424
2 3 17 28 32 34 84 96 11424
2 3 17 28 32 34 96 112 11424
2 3 17 28 32 34 96 119 11424
2 3 17 28 32 35 85 96 57120
2 3 17 28 32 42 51 96 11424
2 3 17 28 32 42 68 96 11424
2 3 17 28 32 42 96 102 11424
2 3 17 28 32 42 96 119 11424
2 3 17 28 32 51 56 96 11424
2 3 17 28 32 51 84 96 11424
2 3 17 28 32 56 68 96 11424
2 3 17 28 33 34 42 44 15708
2 3 17 28 33 34 44 77 15708
2 3 17 28 33 34 44 84 15708
2 3 17 28 33 34 44 119 15708
2 3 17 28 33 34 56 88 31416
2 3 17 28 33 34 66 84 15708
2 3 17 28 33 34 68 77 15708
2 3 17 28 33 34 77 84 15708
2 3 17 28 33 35 44 85 78540
2 3 17 28 33 35 55 68 78540
2 3 17 28 33 35 68 110 78540
2 3 17 28 33 36 99 119 47124
2 3 17 28 33 42 44 51 15708
2 3 17 28 33 42 44 68 15708
2 3 17 28 33 42 44 102 15708
2 3 17 28 33 42 44 119 15708
2 3 17 28 33 42 66 68 15708
2 3 17 28 33 42 68 77 15708
2 3 17 28 33 44 51 77 15708
2 3 17 28 33 44 51 84 15708
2 3 17 28 33 44 51 119 15708
2 3 17 28 33 44 66 119 15708
2 3 17 28 33 44 68 77 15708
2 3 17 28 33 44 68 84 15708
2 3 17 28 33 44 68 119 15708
2 3 17 28 33 44 70 85 78540
2 3 17 28 33 44 77 102 15708
2 3 17 28 33 44 77 119 15708
2 3 17 28 33 44 84 102 15708
2 3 17 28 33 44 84 119 15708
2 3 17 28 33 44 85 105 78540
2 3 17 28 33 51 56 88 31416
2 3 17 28 33 51 66 84 15708
2 3 17 28 33 51 68 77 15708
2 3 17 28 33 51 77 84 15708
2 3 17 28 33 55 60 119 78540
2 3 17 28 33 55 68 70 78540
2 3 17 28 33 55 68 105 78540
2 3 17 28 33 55 84 85 78540
2 3 17 28 33 56 68 88 31416
2 3 17 28 33 66 68 77 15708
2 3 17 28 34 35 36 45 21420
2 3 17 28 34 35 36 90 21420
2 3 17 28 34 35 40 120 14280
2 3 17 28 34 35 42 60 7140
2 3 17 28 34 35 48 80 28560
2 3 17 28 34 35 51 60 7140
2 3 17 28 34 35 56 120 14280
2 3 17 28 34 35 60 68 7140
2 3 17 28 34 35 60 70 7140
2 3 17 28 34 35 60 84 7140
2 3 17 28 34 35 60 85 7140
2 3 17 28 34 35 60 102 7140
2 3 17 28 34 35 60 105 7140
2 3 17 28 34 35 60 119 7140
2 3 17 28 34 35 68 105 7140
2 3 17 28 34 35 70 84 7140
2 3 17 28 34 35 75 100 35700
2 3 17 28 34 35 84 85 7140
2 3 17 28 34 35 84 105 7140
2 3 17 28 34 36 42 63 4284
2 3 17 28 34 36 42 126 4284
2 3 17 28 34 36 45 70 21420
2 3 17 28 34 36 45 105 21420
2 3 17 28 34 36 51 63 4284
2 3 17 28 34 36 51 126 4284
2 3 17 28 34 36 56 72 8568
2 3 17 28 34 36 63 68 4284
2 3 17 28 34 36 63 84 4284
2 3 17 28 34 36 63 102 4284
2 3 17 28 34 36 63 119 4284
2 3 17 28 34 36 63 126 4284
2 3 17 28 34 36 68 126 4284
2 3 17 28 34 36 70 90 21420
2 3 17 28 34 36 77 99 47124
2 3 17 28 34 36 84 126 4284
2 3 17 28 34 36 90 105 21420
2 3 17 28 34 36 91 117 55692
2 3 17 28 34 36 102 126 4284
2 3 17 28 34 36 119 126 4284
2 3 17 28 34 37 74 84 52836
2 3 17 28 34 37 84 111 52836
2 3 17 28 34 38 42 76 27132
2 3 17 28 34 38 57 84 27132
2 3 17 28 34 38 76 84 27132
2 3 17 28 34 38 84 114 27132
2 3 17 28 34 39 42 52 18564
2 3 17 28 34 39 52 84 18564
2 3 17 28 34 39 52 91 18564
2 3 17 28 34 39 52 119 18564
2 3 17 28 34 39 56 104 37128
2 3 17 28 34 39 68 91 18564
2 3 17 28 34 39 78 84 18564
2 3 17 28 34 39 84 91 18564
2 3 17 28 34 40 42 120 14280
2 3 17 28 34 40 56 60 14280
2 3 17 28 34 40 56 105 14280
2 3 17 28 34 40 56 120 14280
2 3 17 28 34 40 70 120 14280
2 3 17 28 34 40 84 120 14280
2 3 17 28 34 40 105 120 14280
2 3 17 28 34 41 82 84 58548
2 3 17 28 34 41 84 123 58548
2 3 17 28 34 42 44 66 15708
2 3 17 28 34 42 44 77 15708
2 3 17 28 34 42 46 92 32844
2 3 17 28 34 42 48 112 5712
2 3 17 28 34 42 50 100 35700
2 3 17 28 34 42 51 68 1428
2 3 17 28 34 42 51 84 1428
2 3 17 28 34 42 52 78 18564
2 3 17 28 34 42 52 91 18564
2 3 17 28 34 42 54 108 12852
2 3 17 28 34 42 57 76 27132
2 3 17 28 34 42 58 116 41412
2 3 17 28 34 42 60 70 7140
2 3 17 28 34 42 60 85 7140
2 3 17 28 34 42 60 105 7140
2 3 17 28 34 42 62 124 44268
2 3 17 28 34 42 68 84 1428
2 3 17 28 34 42 68 102 1428
2 3 17 28 34 42 68 119 1428
2 3 17 28 34 42 69 92 32844
2 3 17 28 34 42 75 100 35700
2 3 17 28 34 42 76 114 27132
2 3 17 28 34 42 84 102 1428
2 3 17 28 34 42 84 119 1428
2 3 17 28 34 42 87 116 41412
2 3 17 28 34 43 84 86 61404
2 3 17 28 34 44 51 77 15708
2 3 17 28 34 44 55 105 78540
2 3 17 28 34 44 63 99 47124
2 3 17 28 34 44 66 77 15708
2 3 17 28 34 44 66 84 15708
2 3 17 28 34 44 66 119 15708
2 3 17 28 34 44 77 84 15708
2 3 17 28 34 44 77 102 15708
2 3 17 28 34 45 60 63 21420
2 3 17 28 34 45 60 126 21420
2 3 17 28 34 45 84 90 21420
2 3 17 28 34 46 69 84 32844
2 3 17 28 34 46 84 92 32844
2 3 17 28 34 47 84 94 67116
2 3 17 28 34 48 51 112 5712
2 3 17 28 34 48 56 112 5712
2 3 17 28 34 48 68 112 5712
2 3 17 28 34 48 70 80 28560
2 3 17 28 34 48 80 105 28560
2 3 17 28 34 50 75 84 35700
2 3 17 28 34 51 52 91 18564
2 3 17 28 34 51 60 70 7140
2 3 17 28 34 51 60 105 7140
2 3 17 28 34 51 68 84 1428
2 3 17 28 34 52 63 117 55692
2 3 17 28 34 52 65 105 92820
2 3 17 28 34 52 78 84 18564
2 3 17 28 34 52 78 91 18564
2 3 17 28 34 54 63 108 12852
2 3 17 28 34 55 60 77 78540
2 3 17 28 34 56 60 120 14280
2 3 17 28 34 56 63 72 8568
2 3 17 28 34 56 66 88 31416
2 3 17 28 34 60 63 90 21420
2 3 17 28 34 60 65 91 92820
2 3 17 28 34 60 68 70 7140
2 3 17 28 34 60 70 84 7140
2 3 17 28 34 66 68 77 15708
2 3 17 28 35 36 45 51 21420
2 3 17 28 35 36 45 68 21420
2 3 17 28 35 36 45 85 21420
2 3 17 28 35 36 45 102 21420
2 3 17 28 35 36 45 119 21420
2 3 17 28 35 36 51 90 21420
2 3 17 28 35 36 63 85 21420
2 3 17 28 35 36 68 90 21420
2 3 17 28 35 36 85 90 21420
2 3 17 28 35 36 85 126 21420
2 3 17 28 35 36 90 102 21420
2 3 17 28 35 36 90 119 21420
2 3 17 28 35 39 52 85 92820
2 3 17 28 35 39 65 68 92820
2 3 17 28 35 40 51 56 14280
2 3 17 28 35 40 51 120 14280
2 3 17 28 35 40 56 102 14280
2 3 17 28 35 40 68 120 14280
2 3 17 28 35 40 85 120 14280
2 3 17 28 35 42 51 60 7140
2 3 17 28 35 42 60 68 7140
2 3 17 28 35 42 60 85 7140
2 3 17 28 35 42 60 102 7140
2 3 17 28 35 42 60 119 7140
2 3 17 28 35 42 68 70 7140
2 3 17 28 35 42 68 85 7140
2 3 17 28 35 42 68 105 7140
2 3 17 28 35 42 84 85 7140
2 3 17 28 35 44 51 55 78540
2 3 17 28 35 44 51 110 78540
2 3 17 28 35 44 55 102 78540
2 3 17 28 35 44 66 85 78540
2 3 17 28 35 45 63 68 21420
2 3 17 28 35 45 68 90 21420
2 3 17 28 35 45 68 126 21420
2 3 17 28 35 48 51 80 28560
2 3 17 28 35 48 68 80 28560
2 3 17 28 35 48 80 85 28560
2 3 17 28 35 50 51 100 35700
2 3 17 28 35 50 68 75 35700
2 3 17 28 35 51 52 65 92820
2 3 17 28 35 51 56 120 14280
2 3 17 28 35 51 60 68 7140
2 3 17 28 35 51 60 70 7140
2 3 17 28 35 51 60 84 7140
2 3 17 28 35 51 60 85 7140
2 3 17 28 35 51 60 102 7140
2 3 17 28 35 51 60 105 7140
2 3 17 28 35 51 60 119 7140
2 3 17 28 35 51 68 70 7140
2 3 17 28 35 51 68 85 7140
2 3 17 28 35 51 68 105 7140
2 3 17 28 35 51 70 84 7140
2 3 17 28 35 52 65 102 92820
2 3 17 28 35 52 78 85 92820
2 3 17 28 35 55 66 68 78540
2 3 17 28 35 60 68 70 7140
2 3 17 28 36 42 45 85 21420
2 3 17 28 36 42 51 63 4284
2 3 17 28 36 42 51 126 4284
2 3 17 28 36 42 63 68 4284
2 3 17 28 36 42 63 102 4284
2 3 17 28 36 42 63 119 4284
2 3 17 28 36 42 68 126 4284
2 3 17 28 36 42 85 90 21420
2 3 17 28 36 45 51 70 21420
2 3 17 28 36 45 51 105 21420
2 3 17 28 36 45 60 119 21420
2 3 17 28 36 45 63 85 21420
2 3 17 28 36 45 68 70 21420
2 3 17 28 36 45 68 105 21420
2 3 17 28 36 45 70 85 21420
2 3 17 28 36 45 70 102 21420
2 3 17 28 36 45 70 119 21420
2 3 17 28 36 45 84 85 21420
2 3 17 28 36 51 56 72 8568
2 3 17 28 36 51 63 68 4284
2 3 17 28 36 51 63 84 4284
2 3 17 28 36 51 63 102 4284
2 3 17 28 36 51 70 90 21420
2 3 17 28 36 56 68 72 8568
2 3 17 28 37 42 68 74 52836
2 3 17 28 37 42 68 111 52836
2 3 17 28 38 42 51 76 27132
2 3 17 28 38 42 57 68 27132
2 3 17 28 38 42 68 76 27132
2 3 17 28 38 42 68 114 27132
2 3 17 28 38 42 76 102 27132
2 3 17 28 38 51 57 84 27132
2 3 17 28 39 42 51 52 18564
2 3 17 28 39 42 52 68 18564
2 3 17 28 39 42 52 102 18564
2 3 17 28 39 42 52 119 18564
2 3 17 28 39 42 68 78 18564
2 3 17 28 39 42 68 91 18564
2 3 17 28 39 51 52 84 18564
2 3 17 28 39 51 52 91 18564
2 3 17 28 39 51 52 119 18564
2 3 17 28 39 51 56 104 37128
2 3 17 28 40 42 51 120 14280
2 3 17 28 40 42 56 85 14280
2 3 17 28 40 51 56 60 14280
2 3 17 28 40 51 56 70 14280
2 3 17 28 40 51 56 85 14280
2 3 17 28 40 56 60 68 14280
2 3 17 28 41 42 68 82 58548
2 3 17 28 42 43 68 86 61404
2 3 17 28 42 44 51 66 15708
2 3 17 28 42 44 51 77 15708
2 3 17 28 42 44 55 85 78540
2 3 17 28 42 44 66 68 15708
2 3 17 28 42 44 68 77 15708
2 3 17 28 42 46 51 92 32844
2 3 17 28 42 46 68 69 32844
2 3 17 28 42 48 51 112 5712
2 3 17 28 42 50 51 100 35700
2 3 17 28 42 51 52 78 18564
2 3 17 28 42 51 52 91 18564
2 3 17 28 42 51 57 76 27132
2 3 17 28 42 51 60 70 7140
2 3 17 28 44 51 55 70 78540
2 3 17 28 45 51 60 63 21420
2 3 17 29 30 34 58 85 14790
2 3 17 29 30 34 60 116 29580
2 3 17 29 30 34 85 87 14790
2 3 17 29 30 35 58 119 103530
2 3 17 29 30 35 87 119 103530
2 3 17 29 30 51 58 85 14790
2 3 17 29 30 51 60 116 29580
2 3 17 29 30 51 85 87 14790
2 3 17 29 30 58 60 68 29580
2 3 17 29 30 58 85 87 14790
2 3 17 29 30 60 68 87 29580
2 3 17 29 31 34 58 93 91698
2 3 17 29 31 34 62 87 91698
2 3 17 29 31 34 87 93 91698
2 3 17 29 31 51 58 62 91698
2 3 17 29 31 51 58 93 91698
2 3 17 29 31 51 62 87 91698
2 3 17 29 31 58 62 102 91698
2 3 17 29 32 34 58 96 47328
2 3 17 29 32 34 87 96 47328
2 3 17 29 32 34 96 116 47328
2 3 17 29 32 51 58 96 47328
2 3 17 29 32 58 68 96 47328
2 3 17 29 33 34 44 116 65076
2 3 17 29 33 34 58 66 32538
2 3 17 29 33 34 66 87 32538
2 3 17 29 33 44 51 116 65076
2 3 17 29 33 44 58 68 65076
2 3 17 29 33 44 68 87 65076
2 3 17 29 33 44 68 116 65076
2 3 17 29 33 51 58 66 32538
2 3 17 29 33 51 66 87 32538
2 3 17 29 33 55 58 85 162690
2 3 17 29 34 35 58 105 103530
2 3 17 29 34 35 70 87 103530
2 3 17 29 34 35 87 105 103530
2 3 17 29 34 37 58 111 109446
2 3 17 29 34 37 74 87 109446
2 3 17 29 34 37 87 111 109446
2 3 17 29 34 38 57 58 56202
2 3 17 29 34 38 57 87 56202
2 3 17 29 34 38 58 114 56202
2 3 17 29 34 38 87 114 56202
2 3 17 29 34 39 52 116 76908
2 3 17 29 34 39 58 78 38454
2 3 17 29 34 39 78 87 38454
2 3 17 29 34 40 58 120 59160
2 3 17 29 34 40 87 120 59160
2 3 17 29 34 41 58 123 121278
2 3 17 29 34 41 82 87 121278
2 3 17 29 34 41 87 123 121278
2 3 17 29 34 42 58 119 20706
2 3 17 29 34 42 84 116 41412
2 3 17 29 34 43 86 87 127194
2 3 17 29 34 44 66 116 65076
2 3 17 29 34 45 58 90 44370
2 3 17 29 34 45 87 90 44370
2 3 17 29 34 46 58 69 68034
2 3 17 29 34 46 69 87 68034
2 3 17 29 34 50 58 75 73950
2 3 17 29 34 50 75 87 73950
2 3 17 29 34 51 58 87 2958
2 3 17 29 34 51 58 102 2958
2 3 17 29 34 58 62 93 91698
2 3 17 29 35 42 58 85 103530
2 3 17 29 35 42 85 87 103530
2 3 17 29 35 51 58 70 103530
2 3 17 29 35 51 58 105 103530
2 3 17 29 35 51 70 87 103530
2 3 17 29 37 51 58 74 109446
2 3 17 29 38 51 57 58 56202
2 3 17 29 38 51 57 87 56202
2 3 17 29 39 51 58 78 38454
2 3 17 29 39 52 58 68 76908
2 3 17 29 41 51 58 82 121278
2 3 17 30 31 34 60 124 31620
2 3 17 30 31 34 62 85 15810
2 3 17 30 31 34 85 93 15810
2 3 17 30 31 35 62 119 110670
2 3 17 30 31 35 93 119 110670
2 3 17 30 31 51 60 124 31620
2 3 17 30 31 51 62 85 15810
2 3 17 30 31 60 62 68 31620
2 3 17 30 32 34 40 96 8160
2 3 17 30 32 34 60 96 8160
2 3 17 30 32 34 80 96 8160
2 3 17 30 32 34 85 96 8160
2 3 17 30 32 34 96 120 8160
2 3 17 30 32 35 96 119 57120
2 3 17 30 32 40 51 96 8160
2 3 17 30 32 40 68 96 8160
2 3 17 30 32 40 85 96 8160
2 3 17 30 32 40 96 102 8160
2 3 17 30 32 51 60 96 8160
2 3 17 30 33 34 35 77 39270
2 3 17 30 33 34 40 88 22440
2 3 17 30 33 34 44 60 11220
2 3 17 30 33 34 45 99 16830
2 3 17 30 33 34 51 55 5610
2 3 17 30 33 34 51 110 5610
2 3 17 30 33 34 55 66 5610
2 3 17 30 33 34 55 85 5610
2 3 17 30 33 34 55 102 5610
2 3 17 30 33 34 55 110 5610
2 3 17 30 33 34 66 85 5610
2 3 17 30 33 34 66 110 5610
2 3 17 30 33 34 70 77 39270
2 3 17 30 33 34 77 105 39270
2 3 17 30 33 34 85 110 5610
2 3 17 30 33 34 88 120 22440
2 3 17 30 33 34 90 99 16830
2 3 17 30 33 34 102 110 5610
2 3 17 30 33 35 51 77 39270
2 3 17 30 33 35 55 119 39270
2 3 17 30 33 35 66 119 39270
2 3 17 30 33 35 77 85 39270
2 3 17 30 33 35 77 102 39270
2 3 17 30 33 35 77 119 39270
2 3 17 30 33 35 110 119 39270
2 3 17 30 33 40 51 88 22440
2 3 17 30 33 40 68 88 22440
2 3 17 30 33 40 85 88 22440
2 3 17 30 33 40 88 102 22440
2 3 17 30 33 42 55 119 39270
2 3 17 30 33 42 77 85 39270
2 3 17 30 33 44 51 60 11220
2 3 17 30 33 44 55 68 11220
2 3 17 30 33 44 60 68 11220
2 3 17 30 33 44 60 85 11220
2 3 17 30 33 44 60 102 11220
2 3 17 30 33 44 68 85 11220
2 3 17 30 33 44 68 110 11220
2 3 17 30 33 45 51 99 16830
2 3 17 30 33 51 55 66 5610
2 3 17 30 33 51 55 85 5610
2 3 17 30 33 51 55 102 5610
2 3 17 30 33 51 55 110 5610
2 3 17 30 33 51 66 85 5610
2 3 17 30 33 51 70 77 39270
2 3 17 30 33 55 60 68 11220
2 3 17 30 33 55 66 85 5610
2 3 17 30 33 60 66 68 11220
2 3 17 30 34 35 39 91 46410
2 3 17 30 34 35 40 56 14280
2 3 17 30 34 35 42 51 3570
2 3 17 30 34 35 42 70 3570
2 3 17 30 34 35 42 85 3570
2 3 17 30 34 35 42 102 3570
2 3 17 30 34 35 42 105 3570
2 3 17 30 34 35 42 119 3570
2 3 17 30 34 35 45 63 10710
2 3 17 30 34 35 45 126 10710
2 3 17 30 34 35 48 112 28560
2 3 17 30 34 35 49 98 24990
2 3 17 30 34 35 51 70 3570
2 3 17 30 34 35 51 105 3570
2 3 17 30 34 35 51 119 3570
2 3 17 30 34 35 55 77 39270
2 3 17 30 34 35 56 120 14280
2 3 17 30 34 35 60 84 7140
2 3 17 30 34 35 63 90 10710
2 3 17 30 34 35 63 126 10710
2 3 17 30 34 35 65 91 46410
2 3 17 30 34 35 66 77 39270
2 3 17 30 34 35 68 84 7140
2 3 17 30 34 35 70 85 3570
2 3 17 30 34 35 70 102 3570
2 3 17 30 34 35 70 105 3570
2 3 17 30 34 35 70 119 3570
2 3 17 30 34 35 77 110 39270
2 3 17 30 34 35 78 91 46410
2 3 17 30 34 35 80 112 28560
2 3 17 30 34 35 85 105 3570
2 3 17 30 34 35 85 119 3570
2 3 17 30 34 35 90 126 10710
2 3 17 30 34 35 102 105 3570
2 3 17 30 34 35 102 119 3570
2 3 17 30 34 35 105 119 3570
2 3 17 30 34 36 40 72 6120
2 3 17 30 34 36 45 60 3060
2 3 17 30 34 36 45 68 3060
2 3 17 30 34 36 60 90 3060
2 3 17 30 34 36 68 90 3060
2 3 17 30 34 36 72 120 6120
2 3 17 30 34 37 74 85 18870
2 3 17 30 34 37 85 111 18870
2 3 17 30 34 38 51 95 9690
2 3 17 30 34 38 57 85 9690
2 3 17 30 34 38 57 95 9690
2 3 17 30 34 38 60 76 19380
2 3 17 30 34 38 85 95 9690
2 3 17 30 34 38 85 114 9690
2 3 17 30 34 38 95 102 9690
2 3 17 30 34 38 95 114 9690
2 3 17 30 34 39 40 104 26520
2 3 17 30 34 39 45 117 19890
2 3 17 30 34 39 51 65 6630
2 3 17 30 34 39 52 60 13260
2 3 17 30 34 39 65 78 6630
2 3 17 30 34 39 65 85 6630
2 3 17 30 34 39 65 102 6630
2 3 17 30 34 39 70 91 46410
2 3 17 30 34 39 78 85 6630
2 3 17 30 34 39 90 117 19890
2 3 17 30 34 39 91 105 46410
2 3 17 30 34 40 42 56 14280
2 3 17 30 34 40 44 88 22440
2 3 17 30 34 40 45 72 6120
2 3 17 30 34 40 48 80 4080
2 3 17 30 34 40 51 120 2040
2 3 17 30 34 40 52 104 26520
2 3 17 30 34 40 55 88 22440
2 3 17 30 34 40 56 70 14280
2 3 17 30 34 40 56 84 14280
2 3 17 30 34 40 56 105 14280
2 3 17 30 34 40 56 119 14280
2 3 17 30 34 40 60 120 2040
2 3 17 30 34 40 65 104 26520
2 3 17 30 34 40 66 88 22440
2 3 17 30 34 40 68 120 2040
2 3 17 30 34 40 72 90 6120
2 3 17 30 34 40 78 104 26520
2 3 17 30 34 40 88 110 22440
2 3 17 30 34 41 82 85 20910
2 3 17 30 34 42 45 63 10710
2 3 17 30 34 42 45 126 10710
2 3 17 30 34 42 51 70 3570
2 3 17 30 34 42 51 105 3570
2 3 17 30 34 42 55 77 39270
2 3 17 30 34 42 56 120 14280
2 3 17 30 34 42 60 84 7140
2 3 17 30 34 42 63 90 10710
2 3 17 30 34 42 65 91 46410
2 3 17 30 34 42 70 85 3570
2 3 17 30 34 42 70 102 3570
2 3 17 30 34 42 70 105 3570
2 3 17 30 34 42 70 119 3570
2 3 17 30 34 42 77 110 39270
2 3 17 30 34 42 80 112 28560
2 3 17 30 34 43 85 86 21930
2 3 17 30 34 44 55 60 11220
2 3 17 30 34 44 55 68 11220
2 3 17 30 34 44 60 66 11220
2 3 17 30 34 44 60 110 11220
2 3 17 30 34 44 68 110 11220
2 3 17 30 34 45 51 90 1530
2 3 17 30 34 45 55 99 16830
2 3 17 30 34 45 63 70 10710
2 3 17 30 34 45 63 105 10710
2 3 17 30 34 45 63 119 10710
2 3 17 30 34 45 63 126 10710
2 3 17 30 34 45 65 117 19890
2 3 17 30 34 45 66 99 16830
2 3 17 30 34 46 51 115 11730
2 3 17 30 34 46 60 92 23460
2 3 17 30 34 46 69 85 11730
2 3 17 30 34 48 51 80 4080
2 3 17 30 34 48 60 80 4080
2 3 17 30 34 48 68 80 4080
2 3 17 30 34 50 51 75 2550
2 3 17 30 34 50 60 100 5100
2 3 17 30 34 51 55 66 5610
2 3 17 30 34 51 55 110 5610
2 3 17 30 34 51 57 95 9690
2 3 17 30 34 51 60 68 1020
2 3 17 30 34 51 65 78 6630
2 3 17 30 34 52 60 65 13260
2 3 17 30 34 52 60 78 13260
2 3 17 30 34 52 65 68 13260
2 3 17 30 34 55 70 77 39270
2 3 17 30 34 57 60 76 19380
2 3 17 30 35 36 63 68 21420
2 3 17 30 35 36 68 126 21420
2 3 17 30 35 37 74 119 132090
2 3 17 30 35 38 57 119 67830
2 3 17 30 35 39 51 91 46410
2 3 17 30 35 39 65 119 46410
2 3 17 30 35 39 78 119 46410
2 3 17 30 35 39 85 91 46410
2 3 17 30 35 39 91 102 46410
2 3 17 30 35 40 51 56 14280
2 3 17 30 35 40 56 68 14280
2 3 17 30 35 40 56 85 14280
2 3 17 30 35 40 56 102 14280
2 3 17 30 35 40 56 119 14280
2 3 17 30 35 42 51 70 3570
2 3 17 30 35 42 51 85 3570
2 3 17 30 35 42 51 102 3570
2 3 17 30 35 42 51 105 3570
2 3 17 30 35 42 51 119 3570
2 3 17 30 35 42 60 68 7140
2 3 17 30 35 42 68 84 7140
2 3 17 30 35 42 70 85 3570
2 3 17 30 35 42 70 102 3570
2 3 17 30 35 42 70 119 3570
2 3 17 30 35 44 68 77 78540
2 3 17 30 35 45 51 63 10710
2 3 17 30 35 45 51 126 10710
2 3 17 30 35 45 63 85 10710
2 3 17 30 35 45 63 102 10710
2 3 17 30 35 45 63 119 10710
2 3 17 30 35 48 51 112 28560
2 3 17 30 35 49 51 98 24990
2 3 17 30 35 51 55 77 39270
2 3 17 30 35 51 60 84 7140
2 3 17 30 35 51 63 90 10710
2 3 17 30 35 51 65 91 46410
2 3 17 30 35 51 66 77 39270
2 3 17 30 35 51 68 84 7140
2 3 17 30 36 40 51 72 6120
2 3 17 30 36 40 68 72 6120
2 3 17 30 36 40 72 85 6120
2 3 17 30 36 40 72 102 6120
2 3 17 30 36 45 51 60 3060
2 3 17 30 36 45 51 68 3060
2 3 17 30 36 45 60 68 3060
2 3 17 30 36 45 60 85 3060
2 3 17 30 36 45 60 102 3060
2 3 17 30 36 45 68 85 3060
2 3 17 30 36 45 68 90 3060
2 3 17 30 36 51 60 90 3060
2 3 17 30 38 51 57 85 9690
2 3 17 30 38 51 60 76 19380
2 3 17 30 38 57 60 68 19380
2 3 17 30 39 40 51 104 26520
2 3 17 30 39 40 68 104 26520
2 3 17 30 39 45 51 117 19890
2 3 17 30 39 51 52 60 13260
2 3 17 30 39 52 60 68 13260
2 3 17 30 39 52 65 68 13260
2 3 17 30 40 42 51 56 14280
2 3 17 30 40 42 56 68 14280
2 3 17 30 40 42 56 85 14280
2 3 17 30 40 42 56 102 14280
2 3 17 30 40 42 56 119 14280
2 3 17 30 40 44 51 88 22440
2 3 17 30 40 45 51 72 6120
2 3 17 30 40 45 68 72 6120
2 3 17 30 40 48 51 80 4080
2 3 17 30 40 51 56 70 14280
2 3 17 30 42 45 51 63 10710
2 3 17 30 42 51 55 77 39270
2 3 17 30 44 51 55 60 11220
2 3 17 30 44 51 55 68 11220
2 3 17 31 32 34 62 96 50592
2 3 17 31 32 34 93 96 50592
2 3 17 31 32 34 96 124 50592
2 3 17 31 32 51 62 96 50592
2 3 17 31 33 34 44 124 69564
2 3 17 31 33 34 62 66 34782
2 3 17 31 33 34 66 93 34782
2 3 17 31 33 44 51 124 69564
2 3 17 31 33 44 62 68 69564
2 3 17 31 33 44 68 93 69564
2 3 17 31 33 44 68 124 69564
2 3 17 31 33 51 62 66 34782
2 3 17 31 33 51 66 93 34782
2 3 17 31 33 55 62 85 173910
2 3 17 31 34 35 62 105 110670
2 3 17 31 34 35 70 93 110670
2 3 17 31 34 35 93 105 110670
2 3 17 31 34 37 62 111 116994
2 3 17 31 34 37 74 93 116994
2 3 17 31 34 37 93 111 116994
2 3 17 31 34 38 57 62 60078
2 3 17 31 34 38 57 93 60078
2 3 17 31 34 38 62 114 60078
2 3 17 31 34 39 52 124 82212
2 3 17 31 34 39 62 78 41106
2 3 17 31 34 39 78 93 41106
2 3 17 31 34 40 62 120 63240
2 3 17 31 34 41 62 123 129642
2 3 17 31 34 41 82 93 129642
2 3 17 31 34 42 62 119 22134
2 3 17 31 34 45 62 90 47430
2 3 17 31 34 46 62 69 72726
2 3 17 31 34 46 69 93 72726
2 3 17 31 34 50 62 75 79050
2 3 17 31 34 51 62 93 3162
2 3 17 31 35 42 62 85 110670
2 3 17 31 35 51 62 70 110670
2 3 17 31 37 51 62 74 116994
2 3 17 31 38 51 57 62 60078
2 3 17 31 39 52 62 68 82212
2 3 17 32 33 34 44 96 17952
2 3 17 32 33 34 66 96 17952
2 3 17 32 33 34 88 96 17952
2 3 17 32 33 44 51 96 17952
2 3 17 32 33 44 68 96 17952
2 3 17 32 34 35 70 96 57120
2 3 17 32 34 35 96 105 57120
2 3 17 32 34 36 72 96 4896
2 3 17 32 34 37 74 96 60384
2 3 17 32 34 38 57 96 31008
2 3 17 32 34 38 76 96 31008
2 3 17 32 34 39 52 96 21216
2 3 17 32 34 39 78 96 21216
2 3 17 32 34 40 60 96 8160
2 3 17 32 34 40 80 96 8160
2 3 17 32 34 42 56 96 11424
2 3 17 32 34 44 66 96 17952
2 3 17 32 34 48 51 96 1632
2 3 17 33 34 35 42 55 39270
2 3 17 33 34 35 42 110 39270
2 3 17 33 34 35 55 70 39270
2 3 17 33 34 35 55 77 39270
2 3 17 33 34 35 55 105 39270
2 3 17 33 34 35 55 119 39270
2 3 17 33 34 35 66 70 39270
2 3 17 33 34 35 66 105 39270
2 3 17 33 34 35 70 77 39270
2 3 17 33 34 35 70 110 39270
2 3 17 33 34 35 77 85 39270
2 3 17 33 34 35 77 105 39270
2 3 17 33 34 35 77 110 39270
2 3 17 33 34 36 44 99 6732
2 3 17 33 34 36 68 99 6732
2 3 17 33 34 36 72 88 13464
2 3 17 33 34 37 66 74 41514
2 3 17 33 34 37 66 111 41514
2 3 17 33 34 38 44 76 42636
2 3 17 33 34 38 55 95 106590
2 3 17 33 34 38 57 66 21318
2 3 17 33 34 38 66 114 21318
2 3 17 33 34 39 44 52 29172
2 3 17 33 34 39 55 65 72930
2 3 17 33 34 39 65 110 72930
2 3 17 33 34 39 66 78 14586
2 3 17 33 34 39 77 91 102102
2 3 17 33 34 40 44 120 22440
2 3 17 33 34 40 55 88 22440
2 3 17 33 34 40 55 120 22440
2 3 17 33 34 40 60 88 22440
2 3 17 33 34 40 66 120 22440
2 3 17 33 34 41 66 82 46002
2 3 17 33 34 42 44 84 15708
2 3 17 33 34 42 51 77 7854
2 3 17 33 34 42 55 70 39270
2 3 17 33 34 42 55 105 39270
2 3 17 33 34 42 56 88 31416
2 3 17 33 34 42 63 99 23562
2 3 17 33 34 42 66 77 7854
2 3 17 33 34 43 66 86 48246
2 3 17 33 34 44 46 92 51612
2 3 17 33 34 44 50 100 56100
2 3 17 33 34 44 51 68 2244
2 3 17 33 34 44 52 78 29172
2 3 17 33 34 44 54 108 20196
2 3 17 33 34 44 55 60 11220
2 3 17 33 34 44 57 76 42636
2 3 17 33 34 44 58 116 65076
2 3 17 33 34 44 60 85 11220
2 3 17 33 34 44 60 110 11220
2 3 17 33 34 44 66 68 2244
2 3 17 33 34 45 55 90 16830
2 3 17 33 34 45 55 99 16830
2 3 17 33 34 45 66 90 16830
2 3 17 33 34 46 55 115 129030
2 3 17 33 34 46 66 69 25806
2 3 17 33 34 48 55 80 44880
2 3 17 33 34 50 55 75 28050
2 3 17 33 34 50 66 75 28050
2 3 17 33 34 51 55 85 5610
2 3 17 33 34 55 60 68 11220
2 3 17 33 35 42 51 55 39270
2 3 17 33 35 42 51 110 39270
2 3 17 33 35 42 55 85 39270
2 3 17 33 35 42 55 102 39270
2 3 17 33 35 42 55 119 39270
2 3 17 33 35 42 66 85 39270
2 3 17 33 35 44 68 70 78540
2 3 17 33 35 51 55 70 39270
2 3 17 33 35 51 66 70 39270
2 3 17 33 36 44 45 85 33660
2 3 17 33 36 44 51 99 6732
2 3 17 33 36 45 55 68 33660
2 3 17 33 37 44 68 74 83028
2 3 17 33 38 44 51 76 42636
2 3 17 33 38 44 57 68 42636
2 3 17 33 38 51 57 66 21318
2 3 17 33 39 44 51 52 29172
2 3 17 33 39 44 52 68 29172
2 3 17 33 42 44 51 84 15708
2 3 17 34 35 36 45 84 21420
2 3 17 34 35 36 60 63 21420
2 3 17 34 35 36 60 126 21420
2 3 17 34 35 36 84 90 21420
2 3 17 34 35 37 70 111 132090
2 3 17 34 35 37 74 105 132090
2 3 17 34 35 38 42 95 67830
2 3 17 34 35 38 57 70 67830
2 3 17 34 35 38 57 105 67830
2 3 17 34 35 39 42 65 46410
2 3 17 34 35 39 65 70 46410
2 3 17 34 35 39 65 91 46410
2 3 17 34 35 39 65 105 46410
2 3 17 34 35 39 70 78 46410
2 3 17 34 35 39 70 91 46410
2 3 17 34 35 40 42 56 14280
2 3 17 34 35 40 42 120 14280
2 3 17 34 35 40 48 112 28560
2 3 17 34 35 40 51 56 14280
2 3 17 34 35 40 56 60 14280
2 3 17 34 35 40 56 84 14280
2 3 17 34 35 40 56 102 14280
2 3 17 34 35 40 56 105 14280
2 3 17 34 35 40 56 120 14280
2 3 17 34 35 40 63 72 42840
2 3 17 34 35 42 45 63 10710
2 3 17 34 35 42 45 90 10710
2 3 17 34 35 42 45 126 10710
2 3 17 34 35 42 46 115 82110
2 3 17 34 35 42 48 80 28560
2 3 17 34 35 42 50 75 17850
2 3 17 34 35 42 51 70 3570
2 3 17 34 35 42 51 85 3570
2 3 17 34 35 42 51 105 3570
2 3 17 34 35 42 55 66 39270
2 3 17 34 35 42 55 77 39270
2 3 17 34 35 42 55 110 39270
2 3 17 34 35 42 56 120 14280
2 3 17 34 35 42 57 95 67830
2 3 17 34 35 42 60 68 7140
2 3 17 34 35 42 60 84 7140
2 3 17 34 35 42 63 90 10710
2 3 17 34 35 42 65 78 46410
2 3 17 34 35 42 65 91 46410
2 3 17 34 35 44 55 84 78540
2 3 17 34 35 44 60 77 78540
2 3 17 34 35 45 51 63 10710
2 3 17 34 35 45 56 72 42840
2 3 17 34 35 45 63 70 10710
2 3 17 34 35 46 69 70 82110
2 3 17 34 35 48 56 80 28560
2 3 17 34 35 51 55 77 39270
2 3 17 34 36 39 52 117 7956
2 3 17 34 36 40 45 72 6120
2 3 17 34 36 40 45 120 6120
2 3 17 34 36 40 60 72 6120
2 3 17 34 36 42 56 72 8568
2 3 17 34 36 42 63 68 4284
2 3 17 34 36 42 63 84 4284
2 3 17 34 36 44 45 55 33660
2 3 17 34 36 44 45 110 33660
2 3 17 34 36 44 51 99 6732
2 3 17 34 36 44 55 90 33660
2 3 17 34 36 44 63 77 47124
2 3 17 34 36 45 48 80 12240
2 3 17 34 36 45 50 100 15300
2 3 17 34 36 45 51 60 3060
2 3 17 34 36 45 52 65 39780
2 3 17 34 36 45 60 68 3060
2 3 17 34 37 38 57 74 71706
2 3 17 34 37 38 57 111 71706
2 3 17 34 37 39 74 78 49062
2 3 17 34 38 39 52 76 50388
2 3 17 34 38 39 57 78 25194
2 3 17 34 38 41 57 82 79458
2 3 17 34 38 43 57 86 83334
2 3 17 34 38 46 57 69 44574
2 3 17 34 39 42 51 91 9282
2 3 17 34 39 42 52 84 18564
2 3 17 34 39 42 65 70 46410
2 3 17 34 39 44 52 66 29172
2 3 17 34 39 51 52 68 2652
2 3 17 34 40 42 56 60 14280
2 3 17 34 40 42 56 70 14280
2 3 17 34 40 45 51 72 6120
2 3 17 34 40 45 56 63 42840
2 3 17 35 36 42 45 68 21420
2 3 17 35 36 45 51 84 21420
2 3 17 35 36 45 63 68 21420
2 3 17 35 36 51 60 63 21420
2 3 17 35 38 42 51 95 67830
2 3 17 35 38 42 57 85 67830
2 3 17 35 39 42 51 65 46410
2 3 17 35 40 42 51 56 14280
2 3 17 35 40 42 56 68 14280
2 3 17 35 42 44 55 68 78540
2 3 17 35 42 45 51 63 10710
2 3 17 36 40 45 51 72 6120
2 3 17 36 44 45 51 55 33660
