2 3 20 21 22 24 35 88 9240
2 3 20 21 22 24 40 77 9240
2 3 20 21 22 24 55 56 9240
2 3 20 21 22 24 56 110 9240
2 3 20 21 22 24 70 88 9240
2 3 20 21 22 24 77 120 9240
2 3 20 21 22 24 88 105 9240
2 3 20 21 22 25 77 100 23100
2 3 20 21 22 28 30 33 4620
2 3 20 21 22 28 30 44 4620
2 3 20 21 22 28 30 55 4620
2 3 20 21 22 28 30 66 4620
2 3 20 21 22 28 30 77 4620
2 3 20 21 22 28 30 110 4620
2 3 20 21 22 28 33 35 4620
2 3 20 21 22 28 33 55 4620
2 3 20 21 22 28 33 60 4620
2 3 20 21 22 28 33 70 4620
2 3 20 21 22 28 33 105 4620
2 3 20 21 22 28 33 110 4620
2 3 20 21 22 28 35 44 4620
2 3 20 21 22 28 35 55 4620
2 3 20 21 22 28 35 66 4620
2 3 20 21 22 28 35 77 4620
2 3 20 21 22 28 35 110 4620
2 3 20 21 22 28 40 88 9240
2 3 20 21 22 28 42 55 4620
2 3 20 21 22 28 42 110 4620
2 3 20 21 22 28 44 55 4620
2 3 20 21 22 28 44 60 4620
2 3 20 21 22 28 44 70 4620
2 3 20 21 22 28 44 105 4620
2 3 20 21 22 28 44 110 4620
2 3 20 21 22 28 45 99 13860
2 3 20 21 22 28 55 60 4620
2 3 20 21 22 28 55 66 4620
2 3 20 21 22 28 55 70 4620
2 3 20 21 22 28 55 77 4620
2 3 20 21 22 28 55 84 4620
2 3 20 21 22 28 55 105 4620
2 3 20 21 22 28 55 110 4620
2 3 20 21 22 28 60 66 4620
2 3 20 21 22 28 60 77 4620
2 3 20 21 22 28 60 110 4620
2 3 20 21 22 28 66 70 4620
2 3 20 21 22 28 66 105 4620
2 3 20 21 22 28 66 110 4620
2 3 20 21 22 28 70 77 4620
2 3 20 21 22 28 70 110 4620
2 3 20 21 22 28 77 105 4620
2 3 20 21 22 28 77 110 4620
2 3 20 21 22 28 84 110 4620
2 3 20 21 22 28 88 120 9240
2 3 20 21 22 28 90 99 13860
2 3 20 21 22 28 105 110 4620
2 3 20 21 22 30 33 84 4620
2 3 20 21 22 30 35 44 4620
2 3 20 21 22 30 42 44 4620
2 3 20 21 22 30 44 70 4620
2 3 20 21 22 30 44 77 4620
2 3 20 21 22 30 44 84 4620
2 3 20 21 22 30 44 105 4620
2 3 20 21 22 30 55 84 4620
2 3 20 21 22 30 56 88 9240
2 3 20 21 22 30 60 77 4620
2 3 20 21 22 30 66 84 4620
2 3 20 21 22 30 77 84 4620
2 3 20 21 22 30 84 110 4620
2 3 20 21 22 33 35 44 4620
2 3 20 21 22 33 35 60 4620
2 3 20 21 22 33 35 84 4620
2 3 20 21 22 33 40 56 9240
2 3 20 21 22 33 42 60 4620
2 3 20 21 22 33 44 70 4620
2 3 20 21 22 33 44 105 4620
2 3 20 21 22 33 55 84 4620
2 3 20 21 22 33 56 120 9240
2 3 20 21 22 33 60 70 4620
2 3 20 21 22 33 60 77 4620
2 3 20 21 22 33 60 84 4620
2 3 20 21 22 33 60 105 4620
2 3 20 21 22 33 70 84 4620
2 3 20 21 22 33 80 112 18480
2 3 20 21 22 33 84 105 4620
2 3 20 21 22 33 84 110 4620
2 3 20 21 22 35 36 99 13860
2 3 20 21 22 35 40 88 9240
2 3 20 21 22 35 42 44 4620
2 3 20 21 22 35 44 55 4620
2 3 20 21 22 35 44 60 4620
2 3 20 21 22 35 44 66 4620
2 3 20 21 22 35 44 70 4620
2 3 20 21 22 35 44 77 4620
2 3 20 21 22 35 44 84 4620
2 3 20 21 22 35 44 105 4620
2 3 20 21 22 35 44 110 4620
2 3 20 21 22 35 55 60 4620
2 3 20 21 22 35 55 84 4620
2 3 20 21 22 35 56 88 9240
2 3 20 21 22 35 60 66 4620
2 3 20 21 22 35 60 77 4620
2 3 20 21 22 35 60 110 4620
2 3 20 21 22 35 66 84 4620
2 3 20 21 22 35 77 84 4620
2 3 20 21 22 35 84 110 4620
2 3 20 21 22 35 88 120 9240
2 3 20 21 22 36 45 77 13860
2 3 20 21 22 36 55 63 13860
2 3 20 21 22 36 55 126 13860
2 3 20 21 22 36 63 110 13860
2 3 20 21 22 36 70 99 13860
2 3 20 21 22 36 77 90 13860
2 3 20 21 22 36 99 105 13860
2 3 20 21 22 36 110 126 13860
2 3 20 21 22 40 42 88 9240
2 3 20 21 22 40 44 56 9240
2 3 20 21 22 40 55 56 9240
2 3 20 21 22 40 56 66 9240
2 3 20 21 22 40 56 77 9240
2 3 20 21 22 40 56 88 9240
2 3 20 21 22 40 56 110 9240
2 3 20 21 22 40 70 88 9240
2 3 20 21 22 40 77 88 9240
2 3 20 21 22 40 77 120 9240
2 3 20 21 22 40 84 88 9240
2 3 20 21 22 40 88 105 9240
2 3 20 21 22 42 44 55 4620
2 3 20 21 22 42 44 60 4620
2 3 20 21 22 42 44 70 4620
2 3 20 21 22 42 44 105 4620
2 3 20 21 22 42 44 110 4620
2 3 20 21 22 42 55 60 4620
2 3 20 21 22 42 55 84 4620
2 3 20 21 22 42 60 66 4620
2 3 20 21 22 42 60 77 4620
2 3 20 21 22 42 60 110 4620
2 3 20 21 22 42 84 110 4620
2 3 20 21 22 42 88 120 9240
2 3 20 21 22 44 45 63 13860
2 3 20 21 22 44 45 126 13860
2 3 20 21 22 44 55 70 4620
2 3 20 21 22 44 55 77 4620
2 3 20 21 22 44 55 84 4620
2 3 20 21 22 44 55 105 4620
2 3 20 21 22 44 56 120 9240
2 3 20 21 22 44 60 70 4620
2 3 20 21 22 44 60 77 4620
2 3 20 21 22 44 60 84 4620
2 3 20 21 22 44 60 105 4620
2 3 20 21 22 44 63 90 13860
2 3 20 21 22 44 65 91 60060
2 3 20 21 22 44 66 70 4620
2 3 20 21 22 44 66 105 4620
2 3 20 21 22 44 70 77 4620
2 3 20 21 22 44 70 84 4620
2 3 20 21 22 44 70 105 4620
2 3 20 21 22 44 70 110 4620
2 3 20 21 22 44 77 105 4620
2 3 20 21 22 44 77 110 4620
2 3 20 21 22 44 80 112 18480
2 3 20 21 22 44 84 105 4620
2 3 20 21 22 44 84 110 4620
2 3 20 21 22 44 85 119 78540
2 3 20 21 22 44 90 126 13860
2 3 20 21 22 44 105 110 4620
2 3 20 21 22 45 84 99 13860
2 3 20 21 22 48 55 112 18480
2 3 20 21 22 48 77 80 18480
2 3 20 21 22 48 110 112 18480
2 3 20 21 22 50 77 100 23100
2 3 20 21 22 52 55 91 60060
2 3 20 21 22 52 65 77 60060
2 3 20 21 22 52 91 110 60060
2 3 20 21 22 55 56 88 9240
2 3 20 21 22 55 56 120 9240
2 3 20 21 22 55 60 70 4620
2 3 20 21 22 55 60 77 4620
2 3 20 21 22 55 60 84 4620
2 3 20 21 22 55 60 105 4620
2 3 20 21 22 55 66 84 4620
2 3 20 21 22 55 68 119 78540
2 3 20 21 22 55 70 84 4620
2 3 20 21 22 55 77 84 4620
2 3 20 21 22 55 80 112 18480
2 3 20 21 22 55 84 105 4620
2 3 20 21 22 55 84 110 4620
2 3 20 21 22 56 60 88 9240
2 3 20 21 22 56 66 120 9240
2 3 20 21 22 56 70 88 9240
2 3 20 21 22 56 77 120 9240
2 3 20 21 22 56 88 105 9240
2 3 20 21 22 56 88 110 9240
2 3 20 21 22 56 88 120 9240
2 3 20 21 22 56 110 120 9240
2 3 20 21 22 60 63 99 13860
2 3 20 21 22 60 66 70 4620
2 3 20 21 22 60 66 77 4620
2 3 20 21 22 60 66 84 4620
2 3 20 21 22 60 66 105 4620
2 3 20 21 22 60 70 77 4620
2 3 20 21 22 60 70 110 4620
2 3 20 21 22 60 77 84 4620
2 3 20 21 22 60 77 105 4620
2 3 20 21 22 60 77 110 4620
2 3 20 21 22 60 84 110 4620
2 3 20 21 22 60 99 126 13860
2 3 20 21 22 60 105 110 4620
2 3 20 21 22 66 70 84 4620
2 3 20 21 22 66 80 112 18480
2 3 20 21 22 66 84 105 4620
2 3 20 21 22 66 84 110 4620
2 3 20 21 22 68 77 85 78540
2 3 20 21 22 68 110 119 78540
2 3 20 21 22 70 77 84 4620
2 3 20 21 22 70 84 110 4620
2 3 20 21 22 70 88 120 9240
2 3 20 21 22 75 77 100 23100
2 3 20 21 22 76 77 95 87780
2 3 20 21 22 77 80 112 18480
2 3 20 21 22 77 84 105 4620
2 3 20 21 22 77 84 110 4620
2 3 20 21 22 77 88 120 9240
2 3 20 21 22 77 92 115 106260
2 3 20 21 22 80 88 112 18480
2 3 20 21 22 80 110 112 18480
2 3 20 21 22 84 88 120 9240
2 3 20 21 22 84 90 99 13860
2 3 20 21 22 84 105 110 4620
2 3 20 21 22 88 105 120 9240
2 3 20 21 23 24 56 115 19320
2 3 20 21 23 28 30 46 9660
2 3 20 21 23 28 30 69 9660
2 3 20 21 23 28 30 92 9660
2 3 20 21 23 28 30 115 9660
2 3 20 21 23 28 35 46 9660
2 3 20 21 23 28 35 69 9660
2 3 20 21 23 28 35 92 9660
2 3 20 21 23 28 35 115 9660
2 3 20 21 23 28 42 115 9660
2 3 20 21 23 28 46 60 9660
2 3 20 21 23 28 46 70 9660
2 3 20 21 23 28 46 105 9660
2 3 20 21 23 28 46 115 9660
2 3 20 21 23 28 60 69 9660
2 3 20 21 23 28 60 92 9660
2 3 20 21 23 28 60 115 9660
2 3 20 21 23 28 69 70 9660
2 3 20 21 23 28 69 105 9660
2 3 20 21 23 28 69 115 9660
2 3 20 21 23 28 70 92 9660
2 3 20 21 23 28 70 115 9660
2 3 20 21 23 28 84 115 9660
2 3 20 21 23 28 92 105 9660
2 3 20 21 23 28 92 115 9660
2 3 20 21 23 28 105 115 9660
2 3 20 21 23 30 35 92 9660
2 3 20 21 23 30 42 92 9660
2 3 20 21 23 30 46 84 9660
2 3 20 21 23 30 69 84 9660
2 3 20 21 23 30 70 92 9660
2 3 20 21 23 30 84 92 9660
2 3 20 21 23 30 84 115 9660
2 3 20 21 23 30 92 105 9660
2 3 20 21 23 35 42 92 9660
2 3 20 21 23 35 46 60 9660
2 3 20 21 23 35 46 84 9660
2 3 20 21 23 35 46 92 9660
2 3 20 21 23 35 60 69 9660
2 3 20 21 23 35 60 92 9660
2 3 20 21 23 35 60 115 9660
2 3 20 21 23 35 69 84 9660
2 3 20 21 23 35 69 92 9660
2 3 20 21 23 35 70 92 9660
2 3 20 21 23 35 84 92 9660
2 3 20 21 23 35 84 115 9660
2 3 20 21 23 35 92 105 9660
2 3 20 21 23 35 92 115 9660
2 3 20 21 23 36 63 115 28980
2 3 20 21 23 36 115 126 28980
2 3 20 21 23 40 46 56 19320
2 3 20 21 23 40 56 69 19320
2 3 20 21 23 40 56 92 19320
2 3 20 21 23 40 56 115 19320
2 3 20 21 23 42 46 60 9660
2 3 20 21 23 42 60 69 9660
2 3 20 21 23 42 60 92 9660
2 3 20 21 23 42 60 115 9660
2 3 20 21 23 42 70 92 9660
2 3 20 21 23 42 84 115 9660
2 3 20 21 23 42 92 105 9660
2 3 20 21 23 42 92 115 9660
2 3 20 21 23 44 77 115 106260
2 3 20 21 23 45 63 92 28980
2 3 20 21 23 45 92 126 28980
2 3 20 21 23 46 56 120 19320
2 3 20 21 23 46 60 70 9660
2 3 20 21 23 46 60 84 9660
2 3 20 21 23 46 60 105 9660
2 3 20 21 23 46 70 84 9660
2 3 20 21 23 46 70 92 9660
2 3 20 21 23 46 80 112 38640
2 3 20 21 23 46 84 105 9660
2 3 20 21 23 46 84 115 9660
2 3 20 21 23 46 92 105 9660
2 3 20 21 23 48 112 115 38640
2 3 20 21 23 52 91 115 125580
2 3 20 21 23 55 77 92 106260
2 3 20 21 23 56 69 120 19320
2 3 20 21 23 56 92 120 19320
2 3 20 21 23 56 115 120 19320
2 3 20 21 23 60 69 70 9660
2 3 20 21 23 60 69 84 9660
2 3 20 21 23 60 69 105 9660
2 3 20 21 23 60 70 92 9660
2 3 20 21 23 60 70 115 9660
2 3 20 21 23 60 84 92 9660
2 3 20 21 23 60 84 115 9660
2 3 20 21 23 60 92 105 9660
2 3 20 21 23 60 105 115 9660
2 3 20 21 23 63 90 92 28980
2 3 20 21 23 65 91 92 125580
2 3 20 21 23 68 115 119 164220
2 3 20 21 23 69 70 84 9660
2 3 20 21 23 69 70 92 9660
2 3 20 21 23 69 80 112 38640
2 3 20 21 23 69 84 105 9660
2 3 20 21 23 69 84 115 9660
2 3 20 21 23 69 92 105 9660
2 3 20 21 23 70 84 92 9660
2 3 20 21 23 70 84 115 9660
2 3 20 21 23 70 92 105 9660
2 3 20 21 23 70 92 115 9660
2 3 20 21 23 77 92 110 106260
2 3 20 21 23 80 92 112 38640
2 3 20 21 23 80 112 115 38640
2 3 20 21 23 84 92 105 9660
2 3 20 21 23 84 92 115 9660
2 3 20 21 23 84 105 115 9660
2 3 20 21 23 85 92 119 164220
2 3 20 21 23 90 92 126 28980
2 3 20 21 23 92 105 115 9660
2 3 20 21 24 25 50 56 4200
2 3 20 21 24 25 56 75 4200
2 3 20 21 24 25 56 100 4200
2 3 20 21 24 26 35 104 10920
2 3 20 21 24 26 40 91 10920
2 3 20 21 24 26 56 65 10920
2 3 20 21 24 26 70 104 10920
2 3 20 21 24 26 91 120 10920
2 3 20 21 24 26 104 105 10920
2 3 20 21 24 28 30 40 840
2 3 20 21 24 28 30 56 840
2 3 20 21 24 28 30 120 840
2 3 20 21 24 28 35 40 840
2 3 20 21 24 28 35 56 840
2 3 20 21 24 28 35 120 840
2 3 20 21 24 28 40 42 840
2 3 20 21 24 28 40 56 840
2 3 20 21 24 28 40 60 840
2 3 20 21 24 28 40 70 840
2 3 20 21 24 28 40 84 840
2 3 20 21 24 28 40 105 840
2 3 20 21 24 28 40 120 840
2 3 20 21 24 28 42 120 840
2 3 20 21 24 28 45 72 2520
2 3 20 21 24 28 48 80 1680
2 3 20 21 24 28 55 88 9240
2 3 20 21 24 28 56 60 840
2 3 20 21 24 28 56 70 840
2 3 20 21 24 28 56 105 840
2 3 20 21 24 28 56 120 840
2 3 20 21 24 28 60 120 840
2 3 20 21 24 28 65 104 10920
2 3 20 21 24 28 70 120 840
2 3 20 21 24 28 72 90 2520
2 3 20 21 24 28 80 112 1680
2 3 20 21 24 28 84 120 840
2 3 20 21 24 28 88 110 9240
2 3 20 21 24 28 105 120 840
2 3 20 21 24 30 35 40 840
2 3 20 21 24 30 35 56 840
2 3 20 21 24 30 35 120 840
2 3 20 21 24 30 40 42 840
2 3 20 21 24 30 40 56 840
2 3 20 21 24 30 40 70 840
2 3 20 21 24 30 40 84 840
2 3 20 21 24 30 40 105 840
2 3 20 21 24 30 42 56 840
2 3 20 21 24 30 42 120 840
2 3 20 21 24 30 48 112 1680
2 3 20 21 24 30 56 60 840
2 3 20 21 24 30 56 70 840
2 3 20 21 24 30 56 84 840
2 3 20 21 24 30 56 105 840
2 3 20 21 24 30 56 120 840
2 3 20 21 24 30 63 72 2520
2 3 20 21 24 30 70 120 840
2 3 20 21 24 30 72 126 2520
2 3 20 21 24 30 77 88 9240
2 3 20 21 24 30 80 112 1680
2 3 20 21 24 30 84 120 840
2 3 20 21 24 30 91 104 10920
2 3 20 21 24 30 105 120 840
2 3 20 21 24 32 35 96 3360
2 3 20 21 24 32 70 96 3360
2 3 20 21 24 32 96 105 3360
2 3 20 21 24 33 35 88 9240
2 3 20 21 24 33 40 77 9240
2 3 20 21 24 33 55 56 9240
2 3 20 21 24 33 56 110 9240
2 3 20 21 24 33 70 88 9240
2 3 20 21 24 33 77 120 9240
2 3 20 21 24 33 88 105 9240
2 3 20 21 24 34 40 119 14280
2 3 20 21 24 34 56 85 14280
2 3 20 21 24 34 119 120 14280
2 3 20 21 24 35 36 72 2520
2 3 20 21 24 35 39 104 10920
2 3 20 21 24 35 40 42 840
2 3 20 21 24 35 40 56 840
2 3 20 21 24 35 40 60 840
2 3 20 21 24 35 40 70 840
2 3 20 21 24 35 40 84 840
2 3 20 21 24 35 40 105 840
2 3 20 21 24 35 40 120 840
2 3 20 21 24 35 42 56 840
2 3 20 21 24 35 42 120 840
2 3 20 21 24 35 44 88 9240
2 3 20 21 24 35 45 72 2520
2 3 20 21 24 35 48 80 1680
2 3 20 21 24 35 48 112 1680
2 3 20 21 24 35 52 104 10920
2 3 20 21 24 35 55 88 9240
2 3 20 21 24 35 56 60 840
2 3 20 21 24 35 56 70 840
2 3 20 21 24 35 56 84 840
2 3 20 21 24 35 56 105 840
2 3 20 21 24 35 56 120 840
2 3 20 21 24 35 60 120 840
2 3 20 21 24 35 63 72 2520
2 3 20 21 24 35 65 104 10920
2 3 20 21 24 35 66 88 9240
2 3 20 21 24 35 70 120 840
2 3 20 21 24 35 72 90 2520
2 3 20 21 24 35 72 126 2520
2 3 20 21 24 35 77 88 9240
2 3 20 21 24 35 78 104 10920
2 3 20 21 24 35 80 112 1680
2 3 20 21 24 35 84 120 840
2 3 20 21 24 35 88 110 9240
2 3 20 21 24 35 91 104 10920
2 3 20 21 24 35 105 120 840
2 3 20 21 24 36 40 63 2520
2 3 20 21 24 36 40 126 2520
2 3 20 21 24 36 45 56 2520
2 3 20 21 24 36 56 90 2520
2 3 20 21 24 36 63 120 2520
2 3 20 21 24 36 70 72 2520
2 3 20 21 24 36 72 105 2520
2 3 20 21 24 36 120 126 2520
2 3 20 21 24 38 56 95 15960
2 3 20 21 24 39 40 91 10920
2 3 20 21 24 39 56 65 10920
2 3 20 21 24 39 70 104 10920
2 3 20 21 24 39 91 120 10920
2 3 20 21 24 39 104 105 10920
2 3 20 21 24 40 42 56 840
2 3 20 21 24 40 42 60 840
2 3 20 21 24 40 42 70 840
2 3 20 21 24 40 42 84 840
2 3 20 21 24 40 42 105 840
2 3 20 21 24 40 42 120 840
2 3 20 21 24 40 44 77 9240
2 3 20 21 24 40 45 63 2520
2 3 20 21 24 40 45 126 2520
2 3 20 21 24 40 48 112 1680
2 3 20 21 24 40 49 98 5880
2 3 20 21 24 40 51 119 14280
2 3 20 21 24 40 52 91 10920
2 3 20 21 24 40 55 77 9240
2 3 20 21 24 40 56 60 840
2 3 20 21 24 40 56 70 840
2 3 20 21 24 40 56 84 840
2 3 20 21 24 40 56 105 840
2 3 20 21 24 40 56 120 840
2 3 20 21 24 40 60 70 840
2 3 20 21 24 40 60 84 840
2 3 20 21 24 40 60 105 840
2 3 20 21 24 40 63 72 2520
2 3 20 21 24 40 63 90 2520
2 3 20 21 24 40 63 126 2520
2 3 20 21 24 40 65 91 10920
2 3 20 21 24 40 66 77 9240
2 3 20 21 24 40 68 119 14280
2 3 20 21 24 40 70 84 840
2 3 20 21 24 40 70 105 840
2 3 20 21 24 40 70 120 840
2 3 20 21 24 40 72 126 2520
2 3 20 21 24 40 77 88 9240
2 3 20 21 24 40 77 110 9240
2 3 20 21 24 40 78 91 10920
2 3 20 21 24 40 80 112 1680
2 3 20 21 24 40 84 105 840
2 3 20 21 24 40 84 120 840
2 3 20 21 24 40 85 119 14280
2 3 20 21 24 40 90 126 2520
2 3 20 21 24 40 91 104 10920
2 3 20 21 24 40 102 119 14280
2 3 20 21 24 40 105 120 840
2 3 20 21 24 42 45 72 2520
2 3 20 21 24 42 48 80 1680
2 3 20 21 24 42 55 88 9240
2 3 20 21 24 42 56 60 840
2 3 20 21 24 42 56 70 840
2 3 20 21 24 42 56 105 840
2 3 20 21 24 42 56 120 840
2 3 20 21 24 42 60 120 840
2 3 20 21 24 42 65 104 10920
2 3 20 21 24 42 70 120 840
2 3 20 21 24 42 72 90 2520
2 3 20 21 24 42 80 112 1680
2 3 20 21 24 42 84 120 840
2 3 20 21 24 42 88 110 9240
2 3 20 21 24 42 105 120 840
2 3 20 21 24 44 55 56 9240
2 3 20 21 24 44 56 110 9240
2 3 20 21 24 44 70 88 9240
2 3 20 21 24 44 77 120 9240
2 3 20 21 24 44 88 105 9240
2 3 20 21 24 45 56 63 2520
2 3 20 21 24 45 56 72 2520
2 3 20 21 24 45 56 90 2520
2 3 20 21 24 45 56 126 2520
2 3 20 21 24 45 63 72 2520
2 3 20 21 24 45 63 120 2520
2 3 20 21 24 45 70 72 2520
2 3 20 21 24 45 72 84 2520
2 3 20 21 24 45 72 105 2520
2 3 20 21 24 45 72 126 2520
2 3 20 21 24 45 120 126 2520
2 3 20 21 24 46 56 115 19320
2 3 20 21 24 48 56 80 1680
2 3 20 21 24 48 60 112 1680
2 3 20 21 24 48 70 80 1680
2 3 20 21 24 48 70 112 1680
2 3 20 21 24 48 80 84 1680
2 3 20 21 24 48 80 105 1680
2 3 20 21 24 48 80 112 1680
2 3 20 21 24 48 105 112 1680
2 3 20 21 24 48 112 120 1680
2 3 20 21 24 49 98 120 5880
2 3 20 21 24 50 56 75 4200
2 3 20 21 24 50 56 100 4200
2 3 20 21 24 51 56 85 14280
2 3 20 21 24 51 119 120 14280
2 3 20 21 24 52 56 65 10920
2 3 20 21 24 52 70 104 10920
2 3 20 21 24 52 91 120 10920
2 3 20 21 24 52 104 105 10920
2 3 20 21 24 55 56 66 9240
2 3 20 21 24 55 56 77 9240
2 3 20 21 24 55 56 88 9240
2 3 20 21 24 55 56 110 9240
2 3 20 21 24 55 70 88 9240
2 3 20 21 24 55 77 88 9240
2 3 20 21 24 55 77 120 9240
2 3 20 21 24 55 84 88 9240
2 3 20 21 24 55 88 105 9240
2 3 20 21 24 56 57 95 15960
2 3 20 21 24 56 60 70 840
2 3 20 21 24 56 60 84 840
2 3 20 21 24 56 60 105 840
2 3 20 21 24 56 60 120 840
2 3 20 21 24 56 63 90 2520
2 3 20 21 24 56 65 78 10920
2 3 20 21 24 56 65 91 10920
2 3 20 21 24 56 65 104 10920
2 3 20 21 24 56 66 110 9240
2 3 20 21 24 56 68 85 14280
2 3 20 21 24 56 69 115 19320
2 3 20 21 24 56 70 84 840
2 3 20 21 24 56 70 105 840
2 3 20 21 24 56 70 120 840
2 3 20 21 24 56 72 90 2520
2 3 20 21 24 56 75 100 4200
2 3 20 21 24 56 76 95 15960
2 3 20 21 24 56 77 110 9240
2 3 20 21 24 56 80 112 1680
2 3 20 21 24 56 84 105 840
2 3 20 21 24 56 84 120 840
2 3 20 21 24 56 85 102 14280
2 3 20 21 24 56 85 119 14280
2 3 20 21 24 56 88 110 9240
2 3 20 21 24 56 90 126 2520
2 3 20 21 24 56 92 115 19320
2 3 20 21 24 56 95 114 15960
2 3 20 21 24 56 105 120 840
2 3 20 21 24 60 63 72 2520
2 3 20 21 24 60 70 120 840
2 3 20 21 24 60 72 126 2520
2 3 20 21 24 60 77 88 9240
2 3 20 21 24 60 80 112 1680
2 3 20 21 24 60 84 120 840
2 3 20 21 24 60 91 104 10920
2 3 20 21 24 60 105 120 840
2 3 20 21 24 63 70 72 2520
2 3 20 21 24 63 72 90 2520
2 3 20 21 24 63 72 105 2520
2 3 20 21 24 63 72 120 2520
2 3 20 21 24 63 90 120 2520
2 3 20 21 24 63 120 126 2520
2 3 20 21 24 65 70 104 10920
2 3 20 21 24 65 84 104 10920
2 3 20 21 24 65 91 104 10920
2 3 20 21 24 65 91 120 10920
2 3 20 21 24 65 104 105 10920
2 3 20 21 24 66 70 88 9240
2 3 20 21 24 66 77 120 9240
2 3 20 21 24 66 88 105 9240
2 3 20 21 24 68 119 120 14280
2 3 20 21 24 70 72 90 2520
2 3 20 21 24 70 72 126 2520
2 3 20 21 24 70 77 88 9240
2 3 20 21 24 70 78 104 10920
2 3 20 21 24 70 80 112 1680
2 3 20 21 24 70 84 120 840
2 3 20 21 24 70 88 110 9240
2 3 20 21 24 70 91 104 10920
2 3 20 21 24 70 105 120 840
2 3 20 21 24 72 84 90 2520
2 3 20 21 24 72 90 105 2520
2 3 20 21 24 72 90 126 2520
2 3 20 21 24 72 105 126 2520
2 3 20 21 24 72 120 126 2520
2 3 20 21 24 77 88 105 9240
2 3 20 21 24 77 88 110 9240
2 3 20 21 24 77 88 120 9240
2 3 20 21 24 77 110 120 9240
2 3 20 21 24 78 91 120 10920
2 3 20 21 24 78 104 105 10920
2 3 20 21 24 80 84 112 1680
2 3 20 21 24 80 105 112 1680
2 3 20 21 24 80 112 120 1680
2 3 20 21 24 84 88 110 9240
2 3 20 21 24 84 105 120 840
2 3 20 21 24 85 119 120 14280
2 3 20 21 24 88 105 110 9240
2 3 20 21 24 91 104 105 10920
2 3 20 21 24 91 104 120 10920
2 3 20 21 25 26 91 100 27300
2 3 20 21 25 28 30 50 2100
2 3 20 21 25 28 30 75 2100
2 3 20 21 25 28 30 100 2100
2 3 20 21 25 28 35 50 2100
2 3 20 21 25 28 35 75 2100
2 3 20 21 25 28 35 100 2100
2 3 20 21 25 28 42 50 2100
2 3 20 21 25 28 42 75 2100
2 3 20 21 25 28 42 100 2100
2 3 20 21 25 28 50 60 2100
2 3 20 21 25 28 50 70 2100
2 3 20 21 25 28 50 75 2100
2 3 20 21 25 28 50 84 2100
2 3 20 21 25 28 50 100 2100
2 3 20 21 25 28 50 105 2100
2 3 20 21 25 28 60 75 2100
2 3 20 21 25 28 60 100 2100
2 3 20 21 25 28 70 75 2100
2 3 20 21 25 28 70 100 2100
2 3 20 21 25 28 75 84 2100
2 3 20 21 25 28 75 100 2100
2 3 20 21 25 28 75 105 2100
2 3 20 21 25 28 84 100 2100
2 3 20 21 25 28 100 105 2100
2 3 20 21 25 30 35 100 2100
2 3 20 21 25 30 42 100 2100
2 3 20 21 25 30 50 84 2100
2 3 20 21 25 30 70 100 2100
2 3 20 21 25 30 75 84 2100
2 3 20 21 25 30 84 100 2100
2 3 20 21 25 30 100 105 2100
2 3 20 21 25 33 77 100 23100
2 3 20 21 25 34 100 119 35700
2 3 20 21 25 35 42 100 2100
2 3 20 21 25 35 50 60 2100
2 3 20 21 25 35 50 84 2100
2 3 20 21 25 35 50 100 2100
2 3 20 21 25 35 60 75 2100
2 3 20 21 25 35 60 100 2100
2 3 20 21 25 35 70 100 2100
2 3 20 21 25 35 75 84 2100
2 3 20 21 25 35 75 100 2100
2 3 20 21 25 35 84 100 2100
2 3 20 21 25 35 100 105 2100
2 3 20 21 25 36 50 63 6300
2 3 20 21 25 36 50 126 6300
2 3 20 21 25 36 63 75 6300
2 3 20 21 25 36 63 100 6300
2 3 20 21 25 36 75 126 6300
2 3 20 21 25 36 100 126 6300
2 3 20 21 25 39 91 100 27300
2 3 20 21 25 40 50 56 4200
2 3 20 21 25 40 56 75 4200
2 3 20 21 25 40 56 100 4200
2 3 20 21 25 42 50 60 2100
2 3 20 21 25 42 50 84 2100
2 3 20 21 25 42 50 100 2100
2 3 20 21 25 42 60 75 2100
2 3 20 21 25 42 60 100 2100
2 3 20 21 25 42 70 100 2100
2 3 20 21 25 42 75 84 2100
2 3 20 21 25 42 75 100 2100
2 3 20 21 25 42 84 100 2100
2 3 20 21 25 42 100 105 2100
2 3 20 21 25 44 50 77 23100
2 3 20 21 25 44 75 77 23100
2 3 20 21 25 44 77 100 23100
2 3 20 21 25 45 63 100 6300
2 3 20 21 25 45 100 126 6300
2 3 20 21 25 48 50 112 8400
2 3 20 21 25 48 75 112 8400
2 3 20 21 25 48 100 112 8400
2 3 20 21 25 49 98 100 14700
2 3 20 21 25 50 52 91 27300
2 3 20 21 25 50 56 120 4200
2 3 20 21 25 50 60 70 2100
2 3 20 21 25 50 60 84 2100
2 3 20 21 25 50 60 105 2100
2 3 20 21 25 50 68 119 35700
2 3 20 21 25 50 70 84 2100
2 3 20 21 25 50 70 100 2100
2 3 20 21 25 50 75 84 2100
2 3 20 21 25 50 80 112 8400
2 3 20 21 25 50 84 100 2100
2 3 20 21 25 50 84 105 2100
2 3 20 21 25 50 100 105 2100
2 3 20 21 25 51 100 119 35700
2 3 20 21 25 52 75 91 27300
2 3 20 21 25 52 91 100 27300
2 3 20 21 25 55 77 100 23100
2 3 20 21 25 56 75 120 4200
2 3 20 21 25 56 100 120 4200
2 3 20 21 25 60 70 75 2100
2 3 20 21 25 60 70 100 2100
2 3 20 21 25 60 75 84 2100
2 3 20 21 25 60 75 105 2100
2 3 20 21 25 60 84 100 2100
2 3 20 21 25 60 100 105 2100
2 3 20 21 25 63 90 100 6300
2 3 20 21 25 63 100 126 6300
2 3 20 21 25 65 91 100 27300
2 3 20 21 25 66 77 100 23100
2 3 20 21 25 68 75 119 35700
2 3 20 21 25 68 100 119 35700
2 3 20 21 25 70 75 84 2100
2 3 20 21 25 70 75 100 2100
2 3 20 21 25 70 84 100 2100
2 3 20 21 25 70 100 105 2100
2 3 20 21 25 75 80 112 8400
2 3 20 21 25 75 84 100 2100
2 3 20 21 25 75 84 105 2100
2 3 20 21 25 75 100 105 2100
2 3 20 21 25 77 100 110 23100
2 3 20 21 25 78 91 100 27300
2 3 20 21 25 80 100 112 8400
2 3 20 21 25 84 100 105 2100
2 3 20 21 25 85 100 119 35700
2 3 20 21 26 28 30 39 5460
2 3 20 21 26 28 30 52 5460
2 3 20 21 26 28 30 65 5460
2 3 20 21 26 28 30 78 5460
2 3 20 21 26 28 30 91 5460
2 3 20 21 26 28 35 39 5460
2 3 20 21 26 28 35 52 5460
2 3 20 21 26 28 35 65 5460
2 3 20 21 26 28 35 78 5460
2 3 20 21 26 28 35 91 5460
2 3 20 21 26 28 39 60 5460
2 3 20 21 26 28 39 65 5460
2 3 20 21 26 28 39 70 5460
2 3 20 21 26 28 39 105 5460
2 3 20 21 26 28 40 104 10920
2 3 20 21 26 28 42 65 5460
2 3 20 21 26 28 45 117 16380
2 3 20 21 26 28 52 60 5460
2 3 20 21 26 28 52 65 5460
2 3 20 21 26 28 52 70 5460
2 3 20 21 26 28 52 105 5460
2 3 20 21 26 28 60 65 5460
2 3 20 21 26 28 60 78 5460
2 3 20 21 26 28 60 91 5460
2 3 20 21 26 28 65 70 5460
2 3 20 21 26 28 65 78 5460
2 3 20 21 26 28 65 84 5460
2 3 20 21 26 28 65 91 5460
2 3 20 21 26 28 65 105 5460
2 3 20 21 26 28 70 78 5460
2 3 20 21 26 28 70 91 5460
2 3 20 21 26 28 78 105 5460
2 3 20 21 26 28 90 117 16380
2 3 20 21 26 28 91 105 5460
2 3 20 21 26 28 104 120 10920
2 3 20 21 26 30 35 52 5460
2 3 20 21 26 30 39 84 5460
2 3 20 21 26 30 42 52 5460
2 3 20 21 26 30 52 70 5460
2 3 20 21 26 30 52 84 5460
2 3 20 21 26 30 52 91 5460
2 3 20 21 26 30 52 105 5460
2 3 20 21 26 30 56 104 10920
2 3 20 21 26 30 60 91 5460
2 3 20 21 26 30 65 84 5460
2 3 20 21 26 30 78 84 5460
2 3 20 21 26 30 84 91 5460
2 3 20 21 26 35 36 117 16380
2 3 20 21 26 35 39 52 5460
2 3 20 21 26 35 39 60 5460
2 3 20 21 26 35 39 84 5460
2 3 20 21 26 35 40 104 10920
2 3 20 21 26 35 42 52 5460
2 3 20 21 26 35 52 60 5460
2 3 20 21 26 35 52 65 5460
2 3 20 21 26 35 52 70 5460
2 3 20 21 26 35 52 78 5460
2 3 20 21 26 35 52 84 5460
2 3 20 21 26 35 52 91 5460
2 3 20 21 26 35 52 105 5460
2 3 20 21 26 35 56 104 10920
2 3 20 21 26 35 60 65 5460
2 3 20 21 26 35 60 78 5460
2 3 20 21 26 35 60 91 5460
2 3 20 21 26 35 65 84 5460
2 3 20 21 26 35 78 84 5460
2 3 20 21 26 35 84 91 5460
2 3 20 21 26 35 104 120 10920
2 3 20 21 26 36 45 91 16380
2 3 20 21 26 36 63 65 16380
2 3 20 21 26 36 65 126 16380
2 3 20 21 26 36 70 117 16380
2 3 20 21 26 36 90 91 16380
2 3 20 21 26 36 105 117 16380
2 3 20 21 26 39 40 56 10920
2 3 20 21 26 39 42 60 5460
2 3 20 21 26 39 52 70 5460
2 3 20 21 26 39 52 105 5460
2 3 20 21 26 39 56 120 10920
2 3 20 21 26 39 60 70 5460
2 3 20 21 26 39 60 84 5460
2 3 20 21 26 39 60 91 5460
2 3 20 21 26 39 60 105 5460
2 3 20 21 26 39 65 84 5460
2 3 20 21 26 39 70 84 5460
2 3 20 21 26 39 80 112 21840
2 3 20 21 26 39 84 105 5460
2 3 20 21 26 40 42 104 10920
2 3 20 21 26 40 52 56 10920
2 3 20 21 26 40 56 65 10920
2 3 20 21 26 40 56 78 10920
2 3 20 21 26 40 56 91 10920
2 3 20 21 26 40 56 104 10920
2 3 20 21 26 40 70 104 10920
2 3 20 21 26 40 84 104 10920
2 3 20 21 26 40 91 104 10920
2 3 20 21 26 40 91 120 10920
2 3 20 21 26 40 104 105 10920
2 3 20 21 26 42 52 60 5460
2 3 20 21 26 42 52 65 5460
2 3 20 21 26 42 52 70 5460
2 3 20 21 26 42 52 105 5460
2 3 20 21 26 42 60 65 5460
2 3 20 21 26 42 60 78 5460
2 3 20 21 26 42 60 91 5460
2 3 20 21 26 42 65 84 5460
2 3 20 21 26 42 104 120 10920
2 3 20 21 26 44 55 91 60060
2 3 20 21 26 44 65 77 60060
2 3 20 21 26 44 91 110 60060
2 3 20 21 26 45 52 63 16380
2 3 20 21 26 45 52 126 16380
2 3 20 21 26 45 84 117 16380
2 3 20 21 26 48 65 112 21840
2 3 20 21 26 48 80 91 21840
2 3 20 21 26 50 91 100 27300
2 3 20 21 26 52 55 77 60060
2 3 20 21 26 52 56 120 10920
2 3 20 21 26 52 60 70 5460
2 3 20 21 26 52 60 84 5460
2 3 20 21 26 52 60 91 5460
2 3 20 21 26 52 60 105 5460
2 3 20 21 26 52 63 90 16380
2 3 20 21 26 52 65 70 5460
2 3 20 21 26 52 65 84 5460
2 3 20 21 26 52 65 91 5460
2 3 20 21 26 52 65 105 5460
2 3 20 21 26 52 70 78 5460
2 3 20 21 26 52 70 84 5460
2 3 20 21 26 52 70 91 5460
2 3 20 21 26 52 70 105 5460
2 3 20 21 26 52 77 110 60060
2 3 20 21 26 52 78 105 5460
2 3 20 21 26 52 80 112 21840
2 3 20 21 26 52 84 105 5460
2 3 20 21 26 52 85 119 92820
2 3 20 21 26 52 90 126 16380
2 3 20 21 26 52 91 105 5460
2 3 20 21 26 56 60 104 10920
2 3 20 21 26 56 65 104 10920
2 3 20 21 26 56 65 120 10920
2 3 20 21 26 56 70 104 10920
2 3 20 21 26 56 78 120 10920
2 3 20 21 26 56 91 120 10920
2 3 20 21 26 56 104 105 10920
2 3 20 21 26 56 104 120 10920
2 3 20 21 26 60 63 117 16380
2 3 20 21 26 60 65 70 5460
2 3 20 21 26 60 65 84 5460
2 3 20 21 26 60 65 91 5460
2 3 20 21 26 60 65 105 5460
2 3 20 21 26 60 70 78 5460
2 3 20 21 26 60 70 91 5460
2 3 20 21 26 60 78 84 5460
2 3 20 21 26 60 78 91 5460
2 3 20 21 26 60 78 105 5460
2 3 20 21 26 60 84 91 5460
2 3 20 21 26 60 91 105 5460
2 3 20 21 26 60 117 126 16380
2 3 20 21 26 65 68 119 92820
2 3 20 21 26 65 70 84 5460
2 3 20 21 26 65 78 84 5460
2 3 20 21 26 65 80 112 21840
2 3 20 21 26 65 84 91 5460
2 3 20 21 26 65 84 105 5460
2 3 20 21 26 68 85 91 92820
2 3 20 21 26 70 78 84 5460
2 3 20 21 26 70 84 91 5460
2 3 20 21 26 70 104 120 10920
2 3 20 21 26 75 91 100 27300
2 3 20 21 26 76 91 95 103740
2 3 20 21 26 78 80 112 21840
2 3 20 21 26 78 84 105 5460
2 3 20 21 26 80 91 112 21840
2 3 20 21 26 80 104 112 21840
2 3 20 21 26 84 90 117 16380
2 3 20 21 26 84 91 105 5460
2 3 20 21 27 28 30 54 3780
2 3 20 21 27 28 30 108 3780
2 3 20 21 27 28 35 54 3780
2 3 20 21 27 28 35 108 3780
2 3 20 21 27 28 45 54 3780
2 3 20 21 27 28 45 108 3780
2 3 20 21 27 28 54 60 3780
2 3 20 21 27 28 54 70 3780
2 3 20 21 27 28 54 90 3780
2 3 20 21 27 28 54 105 3780
2 3 20 21 27 28 60 108 3780
2 3 20 21 27 28 70 108 3780
2 3 20 21 27 28 90 108 3780
2 3 20 21 27 28 105 108 3780
2 3 20 21 27 30 35 108 3780
2 3 20 21 27 30 42 108 3780
2 3 20 21 27 30 54 84 3780
2 3 20 21 27 30 63 108 3780
2 3 20 21 27 30 70 108 3780
2 3 20 21 27 30 84 108 3780
2 3 20 21 27 30 105 108 3780
2 3 20 21 27 30 108 126 3780
2 3 20 21 27 35 36 54 3780
2 3 20 21 27 35 36 108 3780
2 3 20 21 27 35 42 108 3780
2 3 20 21 27 35 45 108 3780
2 3 20 21 27 35 54 60 3780
2 3 20 21 27 35 54 84 3780
2 3 20 21 27 35 54 108 3780
2 3 20 21 27 35 60 108 3780
2 3 20 21 27 35 63 108 3780
2 3 20 21 27 35 70 108 3780
2 3 20 21 27 35 84 108 3780
2 3 20 21 27 35 90 108 3780
2 3 20 21 27 35 105 108 3780
2 3 20 21 27 35 108 126 3780
2 3 20 21 27 36 54 70 3780
2 3 20 21 27 36 54 105 3780
2 3 20 21 27 36 70 108 3780
2 3 20 21 27 36 105 108 3780
2 3 20 21 27 40 54 56 7560
2 3 20 21 27 40 56 108 7560
2 3 20 21 27 42 45 108 3780
2 3 20 21 27 42 54 60 3780
2 3 20 21 27 42 60 108 3780
2 3 20 21 27 42 70 108 3780
2 3 20 21 27 42 90 108 3780
2 3 20 21 27 42 105 108 3780
2 3 20 21 27 45 54 84 3780
2 3 20 21 27 45 63 108 3780
2 3 20 21 27 45 70 108 3780
2 3 20 21 27 45 84 108 3780
2 3 20 21 27 45 105 108 3780
2 3 20 21 27 45 108 126 3780
2 3 20 21 27 54 56 120 7560
2 3 20 21 27 54 60 63 3780
2 3 20 21 27 54 60 70 3780
2 3 20 21 27 54 60 84 3780
2 3 20 21 27 54 60 105 3780
2 3 20 21 27 54 60 126 3780
2 3 20 21 27 54 70 84 3780
2 3 20 21 27 54 70 108 3780
2 3 20 21 27 54 80 112 15120
2 3 20 21 27 54 84 90 3780
2 3 20 21 27 54 84 105 3780
2 3 20 21 27 54 105 108 3780
2 3 20 21 27 55 77 108 41580
2 3 20 21 27 56 108 120 7560
2 3 20 21 27 60 63 108 3780
2 3 20 21 27 60 70 108 3780
2 3 20 21 27 60 84 108 3780
2 3 20 21 27 60 105 108 3780
2 3 20 21 27 60 108 126 3780
2 3 20 21 27 63 70 108 3780
2 3 20 21 27 63 90 108 3780
2 3 20 21 27 63 105 108 3780
2 3 20 21 27 65 91 108 49140
2 3 20 21 27 70 84 108 3780
2 3 20 21 27 70 90 108 3780
2 3 20 21 27 70 105 108 3780
2 3 20 21 27 84 90 108 3780
2 3 20 21 28 29 30 58 12180
2 3 20 21 28 29 30 87 12180
2 3 20 21 28 29 30 116 12180
2 3 20 21 28 29 35 58 12180
2 3 20 21 28 29 35 87 12180
2 3 20 21 28 29 35 116 12180
2 3 20 21 28 29 58 60 12180
2 3 20 21 28 29 58 70 12180
2 3 20 21 28 29 58 105 12180
2 3 20 21 28 29 60 87 12180
2 3 20 21 28 29 60 116 12180
2 3 20 21 28 29 70 87 12180
2 3 20 21 28 29 70 116 12180
2 3 20 21 28 29 87 105 12180
2 3 20 21 28 29 105 116 12180
2 3 20 21 28 30 31 62 13020
2 3 20 21 28 30 31 93 13020
2 3 20 21 28 30 31 124 13020
2 3 20 21 28 30 32 96 3360
2 3 20 21 28 30 33 44 4620
2 3 20 21 28 30 33 55 4620
2 3 20 21 28 30 33 66 4620
2 3 20 21 28 30 33 77 4620
2 3 20 21 28 30 33 110 4620
2 3 20 21 28 30 34 51 7140
2 3 20 21 28 30 34 68 7140
2 3 20 21 28 30 34 85 7140
2 3 20 21 28 30 34 102 7140
2 3 20 21 28 30 34 119 7140
2 3 20 21 28 30 35 42 420
2 3 20 21 28 30 35 60 420
2 3 20 21 28 30 35 70 420
2 3 20 21 28 30 35 84 420
2 3 20 21 28 30 35 105 420
2 3 20 21 28 30 36 45 1260
2 3 20 21 28 30 36 63 1260
2 3 20 21 28 30 36 90 1260
2 3 20 21 28 30 36 126 1260
2 3 20 21 28 30 37 74 15540
2 3 20 21 28 30 37 111 15540
2 3 20 21 28 30 38 57 7980
2 3 20 21 28 30 38 76 7980
2 3 20 21 28 30 38 95 7980
2 3 20 21 28 30 38 114 7980
2 3 20 21 28 30 39 52 5460
2 3 20 21 28 30 39 65 5460
2 3 20 21 28 30 39 78 5460
2 3 20 21 28 30 39 91 5460
2 3 20 21 28 30 40 56 840
2 3 20 21 28 30 40 120 840
2 3 20 21 28 30 41 82 17220
2 3 20 21 28 30 41 123 17220
2 3 20 21 28 30 42 60 420
2 3 20 21 28 30 42 70 420
2 3 20 21 28 30 42 84 420
2 3 20 21 28 30 42 105 420
2 3 20 21 28 30 43 86 18060
2 3 20 21 28 30 44 55 4620
2 3 20 21 28 30 44 66 4620
2 3 20 21 28 30 44 77 4620
2 3 20 21 28 30 44 110 4620
2 3 20 21 28 30 45 63 1260
2 3 20 21 28 30 45 90 1260
2 3 20 21 28 30 45 126 1260
2 3 20 21 28 30 46 69 9660
2 3 20 21 28 30 46 92 9660
2 3 20 21 28 30 46 115 9660
2 3 20 21 28 30 47 94 19740
2 3 20 21 28 30 48 80 1680
2 3 20 21 28 30 48 112 1680
2 3 20 21 28 30 49 98 2940
2 3 20 21 28 30 50 75 2100
2 3 20 21 28 30 50 100 2100
2 3 20 21 28 30 51 68 7140
2 3 20 21 28 30 51 85 7140
2 3 20 21 28 30 51 102 7140
2 3 20 21 28 30 51 119 7140
2 3 20 21 28 30 52 65 5460
2 3 20 21 28 30 52 78 5460
2 3 20 21 28 30 52 91 5460
2 3 20 21 28 30 53 106 22260
2 3 20 21 28 30 54 108 3780
2 3 20 21 28 30 55 66 4620
2 3 20 21 28 30 55 77 4620
2 3 20 21 28 30 55 110 4620
2 3 20 21 28 30 56 120 840
2 3 20 21 28 30 57 76 7980
2 3 20 21 28 30 57 95 7980
2 3 20 21 28 30 57 114 7980
2 3 20 21 28 30 58 87 12180
2 3 20 21 28 30 58 116 12180
2 3 20 21 28 30 59 118 24780
2 3 20 21 28 30 60 70 420
2 3 20 21 28 30 60 84 420
2 3 20 21 28 30 60 105 420
2 3 20 21 28 30 61 122 25620
2 3 20 21 28 30 62 93 13020
2 3 20 21 28 30 62 124 13020
2 3 20 21 28 30 63 90 1260
2 3 20 21 28 30 63 126 1260
2 3 20 21 28 30 65 78 5460
2 3 20 21 28 30 65 91 5460
2 3 20 21 28 30 66 77 4620
2 3 20 21 28 30 66 110 4620
2 3 20 21 28 30 68 85 7140
2 3 20 21 28 30 68 102 7140
2 3 20 21 28 30 68 119 7140
2 3 20 21 28 30 69 92 9660
2 3 20 21 28 30 69 115 9660
2 3 20 21 28 30 70 84 420
2 3 20 21 28 30 70 105 420
2 3 20 21 28 30 74 111 15540
2 3 20 21 28 30 75 100 2100
2 3 20 21 28 30 76 95 7980
2 3 20 21 28 30 76 114 7980
2 3 20 21 28 30 77 110 4620
2 3 20 21 28 30 78 91 5460
2 3 20 21 28 30 80 112 1680
2 3 20 21 28 30 82 123 17220
2 3 20 21 28 30 84 105 420
2 3 20 21 28 30 85 102 7140
2 3 20 21 28 30 85 119 7140
2 3 20 21 28 30 87 116 12180
2 3 20 21 28 30 90 126 1260
2 3 20 21 28 30 92 115 9660
2 3 20 21 28 30 93 124 13020
2 3 20 21 28 30 95 114 7980
2 3 20 21 28 30 102 119 7140
2 3 20 21 28 31 35 62 13020
2 3 20 21 28 31 35 93 13020
2 3 20 21 28 31 35 124 13020
2 3 20 21 28 31 60 62 13020
2 3 20 21 28 31 60 93 13020
2 3 20 21 28 31 60 124 13020
2 3 20 21 28 31 62 70 13020
2 3 20 21 28 31 62 105 13020
2 3 20 21 28 31 70 93 13020
2 3 20 21 28 31 70 124 13020
2 3 20 21 28 31 93 105 13020
2 3 20 21 28 31 105 124 13020
2 3 20 21 28 32 35 96 3360
2 3 20 21 28 32 40 96 3360
2 3 20 21 28 32 60 96 3360
2 3 20 21 28 32 70 96 3360
2 3 20 21 28 32 80 96 3360
2 3 20 21 28 32 96 105 3360
2 3 20 21 28 32 96 120 3360
2 3 20 21 28 33 35 44 4620
2 3 20 21 28 33 35 55 4620
2 3 20 21 28 33 35 66 4620
2 3 20 21 28 33 35 77 4620
2 3 20 21 28 33 35 110 4620
2 3 20 21 28 33 40 88 9240
2 3 20 21 28 33 42 55 4620
2 3 20 21 28 33 42 110 4620
2 3 20 21 28 33 44 55 4620
2 3 20 21 28 33 44 60 4620
2 3 20 21 28 33 44 70 4620
2 3 20 21 28 33 44 105 4620
2 3 20 21 28 33 44 110 4620
2 3 20 21 28 33 45 99 13860
2 3 20 21 28 33 55 60 4620
2 3 20 21 28 33 55 66 4620
2 3 20 21 28 33 55 70 4620
2 3 20 21 28 33 55 77 4620
2 3 20 21 28 33 55 84 4620
2 3 20 21 28 33 55 105 4620
2 3 20 21 28 33 55 110 4620
2 3 20 21 28 33 60 66 4620
2 3 20 21 28 33 60 77 4620
2 3 20 21 28 33 60 110 4620
2 3 20 21 28 33 66 70 4620
2 3 20 21 28 33 66 105 4620
2 3 20 21 28 33 66 110 4620
2 3 20 21 28 33 70 77 4620
2 3 20 21 28 33 70 110 4620
2 3 20 21 28 33 77 105 4620
2 3 20 21 28 33 77 110 4620
2 3 20 21 28 33 84 110 4620
2 3 20 21 28 33 88 120 9240
2 3 20 21 28 33 90 99 13860
2 3 20 21 28 33 105 110 4620
2 3 20 21 28 34 35 51 7140
2 3 20 21 28 34 35 68 7140
2 3 20 21 28 34 35 85 7140
2 3 20 21 28 34 35 102 7140
2 3 20 21 28 34 35 119 7140
2 3 20 21 28 34 42 85 7140
2 3 20 21 28 34 51 60 7140
2 3 20 21 28 34 51 70 7140
2 3 20 21 28 34 51 85 7140
2 3 20 21 28 34 51 105 7140
2 3 20 21 28 34 60 68 7140
2 3 20 21 28 34 60 85 7140
2 3 20 21 28 34 60 102 7140
2 3 20 21 28 34 60 119 7140
2 3 20 21 28 34 68 70 7140
2 3 20 21 28 34 68 85 7140
2 3 20 21 28 34 68 105 7140
2 3 20 21 28 34 70 85 7140
2 3 20 21 28 34 70 102 7140
2 3 20 21 28 34 70 119 7140
2 3 20 21 28 34 84 85 7140
2 3 20 21 28 34 85 102 7140
2 3 20 21 28 34 85 105 7140
2 3 20 21 28 34 85 119 7140
2 3 20 21 28 34 102 105 7140
2 3 20 21 28 34 105 119 7140
2 3 20 21 28 35 36 45 1260
2 3 20 21 28 35 36 63 1260
2 3 20 21 28 35 36 90 1260
2 3 20 21 28 35 36 126 1260
2 3 20 21 28 35 37 74 15540
2 3 20 21 28 35 37 111 15540
2 3 20 21 28 35 38 57 7980
2 3 20 21 28 35 38 76 7980
2 3 20 21 28 35 38 95 7980
2 3 20 21 28 35 38 114 7980
2 3 20 21 28 35 39 52 5460
2 3 20 21 28 35 39 65 5460
2 3 20 21 28 35 39 78 5460
2 3 20 21 28 35 39 91 5460
2 3 20 21 28 35 40 56 840
2 3 20 21 28 35 40 120 840
2 3 20 21 28 35 41 82 17220
2 3 20 21 28 35 41 123 17220
2 3 20 21 28 35 42 60 420
2 3 20 21 28 35 42 70 420
2 3 20 21 28 35 42 84 420
2 3 20 21 28 35 42 105 420
2 3 20 21 28 35 43 86 18060
2 3 20 21 28 35 44 55 4620
2 3 20 21 28 35 44 66 4620
2 3 20 21 28 35 44 77 4620
2 3 20 21 28 35 44 110 4620
2 3 20 21 28 35 45 63 1260
2 3 20 21 28 35 45 90 1260
2 3 20 21 28 35 45 126 1260
2 3 20 21 28 35 46 69 9660
2 3 20 21 28 35 46 92 9660
2 3 20 21 28 35 46 115 9660
2 3 20 21 28 35 47 94 19740
2 3 20 21 28 35 48 80 1680
2 3 20 21 28 35 48 112 1680
2 3 20 21 28 35 49 98 2940
2 3 20 21 28 35 50 75 2100
2 3 20 21 28 35 50 100 2100
2 3 20 21 28 35 51 68 7140
2 3 20 21 28 35 51 85 7140
2 3 20 21 28 35 51 102 7140
2 3 20 21 28 35 51 119 7140
2 3 20 21 28 35 52 65 5460
2 3 20 21 28 35 52 78 5460
2 3 20 21 28 35 52 91 5460
2 3 20 21 28 35 53 106 22260
2 3 20 21 28 35 54 108 3780
2 3 20 21 28 35 55 66 4620
2 3 20 21 28 35 55 77 4620
2 3 20 21 28 35 55 110 4620
2 3 20 21 28 35 56 120 840
2 3 20 21 28 35 57 76 7980
2 3 20 21 28 35 57 95 7980
2 3 20 21 28 35 57 114 7980
2 3 20 21 28 35 58 87 12180
2 3 20 21 28 35 58 116 12180
2 3 20 21 28 35 59 118 24780
2 3 20 21 28 35 60 70 420
2 3 20 21 28 35 60 84 420
2 3 20 21 28 35 60 105 420
2 3 20 21 28 35 61 122 25620
2 3 20 21 28 35 62 93 13020
2 3 20 21 28 35 62 124 13020
2 3 20 21 28 35 63 90 1260
2 3 20 21 28 35 63 126 1260
2 3 20 21 28 35 65 78 5460
2 3 20 21 28 35 65 91 5460
2 3 20 21 28 35 66 77 4620
2 3 20 21 28 35 66 110 4620
2 3 20 21 28 35 68 85 7140
2 3 20 21 28 35 68 102 7140
2 3 20 21 28 35 68 119 7140
2 3 20 21 28 35 69 92 9660
2 3 20 21 28 35 69 115 9660
2 3 20 21 28 35 70 84 420
2 3 20 21 28 35 70 105 420
2 3 20 21 28 35 74 111 15540
2 3 20 21 28 35 75 100 2100
2 3 20 21 28 35 76 95 7980
2 3 20 21 28 35 76 114 7980
2 3 20 21 28 35 77 110 4620
2 3 20 21 28 35 78 91 5460
2 3 20 21 28 35 80 112 1680
2 3 20 21 28 35 82 123 17220
2 3 20 21 28 35 84 105 420
2 3 20 21 28 35 85 102 7140
2 3 20 21 28 35 85 119 7140
2 3 20 21 28 35 87 116 12180
2 3 20 21 28 35 90 126 1260
2 3 20 21 28 35 92 115 9660
2 3 20 21 28 35 93 124 13020
2 3 20 21 28 35 95 114 7980
2 3 20 21 28 35 102 119 7140
2 3 20 21 28 36 40 72 2520
2 3 20 21 28 36 42 45 1260
2 3 20 21 28 36 42 90 1260
2 3 20 21 28 36 45 60 1260
2 3 20 21 28 36 45 63 1260
2 3 20 21 28 36 45 70 1260
2 3 20 21 28 36 45 84 1260
2 3 20 21 28 36 45 90 1260
2 3 20 21 28 36 45 105 1260
2 3 20 21 28 36 45 126 1260
2 3 20 21 28 36 55 99 13860
2 3 20 21 28 36 60 63 1260
2 3 20 21 28 36 60 90 1260
2 3 20 21 28 36 60 126 1260
2 3 20 21 28 36 63 70 1260
2 3 20 21 28 36 63 90 1260
2 3 20 21 28 36 63 105 1260
2 3 20 21 28 36 65 117 16380
2 3 20 21 28 36 70 90 1260
2 3 20 21 28 36 70 126 1260
2 3 20 21 28 36 72 120 2520
2 3 20 21 28 36 84 90 1260
2 3 20 21 28 36 90 105 1260
2 3 20 21 28 36 90 126 1260
2 3 20 21 28 36 99 110 13860
2 3 20 21 28 36 105 126 1260
2 3 20 21 28 37 60 74 15540
2 3 20 21 28 37 60 111 15540
2 3 20 21 28 37 70 74 15540
2 3 20 21 28 37 70 111 15540
2 3 20 21 28 37 74 105 15540
2 3 20 21 28 37 105 111 15540
2 3 20 21 28 38 42 95 7980
2 3 20 21 28 38 57 60 7980
2 3 20 21 28 38 57 70 7980
2 3 20 21 28 38 57 95 7980
2 3 20 21 28 38 57 105 7980
2 3 20 21 28 38 60 76 7980
2 3 20 21 28 38 60 95 7980
2 3 20 21 28 38 60 114 7980
2 3 20 21 28 38 70 76 7980
2 3 20 21 28 38 70 95 7980
2 3 20 21 28 38 70 114 7980
2 3 20 21 28 38 76 95 7980
2 3 20 21 28 38 76 105 7980
2 3 20 21 28 38 84 95 7980
2 3 20 21 28 38 95 105 7980
2 3 20 21 28 38 95 114 7980
2 3 20 21 28 38 105 114 7980
2 3 20 21 28 39 40 104 10920
2 3 20 21 28 39 42 65 5460
2 3 20 21 28 39 45 117 16380
2 3 20 21 28 39 52 60 5460
2 3 20 21 28 39 52 65 5460
2 3 20 21 28 39 52 70 5460
2 3 20 21 28 39 52 105 5460
2 3 20 21 28 39 60 65 5460
2 3 20 21 28 39 60 78 5460
2 3 20 21 28 39 60 91 5460
2 3 20 21 28 39 65 70 5460
2 3 20 21 28 39 65 78 5460
2 3 20 21 28 39 65 84 5460
2 3 20 21 28 39 65 91 5460
2 3 20 21 28 39 65 105 5460
2 3 20 21 28 39 70 78 5460
2 3 20 21 28 39 70 91 5460
2 3 20 21 28 39 78 105 5460
2 3 20 21 28 39 90 117 16380
2 3 20 21 28 39 91 105 5460
2 3 20 21 28 39 104 120 10920
2 3 20 21 28 40 42 56 840
2 3 20 21 28 40 42 120 840
2 3 20 21 28 40 44 88 9240
2 3 20 21 28 40 45 72 2520
2 3 20 21 28 40 48 80 1680
2 3 20 21 28 40 48 112 1680
2 3 20 21 28 40 52 104 10920
2 3 20 21 28 40 55 88 9240
2 3 20 21 28 40 56 60 840
2 3 20 21 28 40 56 70 840
2 3 20 21 28 40 56 84 840
2 3 20 21 28 40 56 105 840
2 3 20 21 28 40 56 120 840
2 3 20 21 28 40 60 120 840
2 3 20 21 28 40 63 72 2520
2 3 20 21 28 40 65 104 10920
2 3 20 21 28 40 66 88 9240
2 3 20 21 28 40 70 120 840
2 3 20 21 28 40 72 90 2520
2 3 20 21 28 40 72 126 2520
2 3 20 21 28 40 77 88 9240
2 3 20 21 28 40 78 104 10920
2 3 20 21 28 40 80 112 1680
2 3 20 21 28 40 84 120 840
2 3 20 21 28 40 88 110 9240
2 3 20 21 28 40 91 104 10920
2 3 20 21 28 40 105 120 840
2 3 20 21 28 41 60 82 17220
2 3 20 21 28 41 60 123 17220
2 3 20 21 28 41 70 82 17220
2 3 20 21 28 41 70 123 17220
2 3 20 21 28 41 82 105 17220
2 3 20 21 28 41 105 123 17220
2 3 20 21 28 42 44 55 4620
2 3 20 21 28 42 44 110 4620
2 3 20 21 28 42 45 63 1260
2 3 20 21 28 42 45 90 1260
2 3 20 21 28 42 45 126 1260
2 3 20 21 28 42 46 115 9660
2 3 20 21 28 42 48 80 1680
2 3 20 21 28 42 50 75 2100
2 3 20 21 28 42 50 100 2100
2 3 20 21 28 42 51 85 7140
2 3 20 21 28 42 52 65 5460
2 3 20 21 28 42 55 66 4620
2 3 20 21 28 42 55 77 4620
2 3 20 21 28 42 55 110 4620
2 3 20 21 28 42 56 120 840
2 3 20 21 28 42 57 95 7980
2 3 20 21 28 42 60 70 420
2 3 20 21 28 42 60 84 420
2 3 20 21 28 42 60 105 420
2 3 20 21 28 42 63 90 1260
2 3 20 21 28 42 65 78 5460
2 3 20 21 28 42 65 91 5460
2 3 20 21 28 42 66 110 4620
2 3 20 21 28 42 68 85 7140
2 3 20 21 28 42 69 115 9660
2 3 20 21 28 42 70 84 420
2 3 20 21 28 42 70 105 420
2 3 20 21 28 42 75 100 2100
2 3 20 21 28 42 76 95 7980
2 3 20 21 28 42 77 110 4620
2 3 20 21 28 42 80 112 1680
2 3 20 21 28 42 84 105 420
2 3 20 21 28 42 85 102 7140
2 3 20 21 28 42 85 119 7140
2 3 20 21 28 42 90 126 1260
2 3 20 21 28 42 92 115 9660
2 3 20 21 28 42 95 114 7980
2 3 20 21 28 43 60 86 18060
2 3 20 21 28 43 70 86 18060
2 3 20 21 28 43 86 105 18060
2 3 20 21 28 44 45 99 13860
2 3 20 21 28 44 55 60 4620
2 3 20 21 28 44 55 66 4620
2 3 20 21 28 44 55 70 4620
2 3 20 21 28 44 55 77 4620
2 3 20 21 28 44 55 84 4620
2 3 20 21 28 44 55 105 4620
2 3 20 21 28 44 55 110 4620
2 3 20 21 28 44 60 66 4620
2 3 20 21 28 44 60 77 4620
2 3 20 21 28 44 60 110 4620
2 3 20 21 28 44 66 70 4620
2 3 20 21 28 44 66 105 4620
2 3 20 21 28 44 66 110 4620
2 3 20 21 28 44 70 77 4620
2 3 20 21 28 44 70 110 4620
2 3 20 21 28 44 77 105 4620
2 3 20 21 28 44 77 110 4620
2 3 20 21 28 44 84 110 4620
2 3 20 21 28 44 88 120 9240
2 3 20 21 28 44 90 99 13860
2 3 20 21 28 44 105 110 4620
2 3 20 21 28 45 52 117 16380
2 3 20 21 28 45 54 108 3780
2 3 20 21 28 45 55 99 13860
2 3 20 21 28 45 56 72 2520
2 3 20 21 28 45 60 63 1260
2 3 20 21 28 45 60 90 1260
2 3 20 21 28 45 60 126 1260
2 3 20 21 28 45 63 70 1260
2 3 20 21 28 45 63 84 1260
2 3 20 21 28 45 63 90 1260
2 3 20 21 28 45 63 105 1260
2 3 20 21 28 45 63 126 1260
2 3 20 21 28 45 65 117 16380
2 3 20 21 28 45 66 99 13860
2 3 20 21 28 45 70 90 1260
2 3 20 21 28 45 70 126 1260
2 3 20 21 28 45 72 120 2520
2 3 20 21 28 45 77 99 13860
2 3 20 21 28 45 78 117 16380
2 3 20 21 28 45 84 90 1260
2 3 20 21 28 45 84 126 1260
2 3 20 21 28 45 90 105 1260
2 3 20 21 28 45 90 126 1260
2 3 20 21 28 45 91 117 16380
2 3 20 21 28 45 99 110 13860
2 3 20 21 28 45 105 126 1260
2 3 20 21 28 46 60 69 9660
2 3 20 21 28 46 60 92 9660
2 3 20 21 28 46 60 115 9660
2 3 20 21 28 46 69 70 9660
2 3 20 21 28 46 69 105 9660
2 3 20 21 28 46 69 115 9660
2 3 20 21 28 46 70 92 9660
2 3 20 21 28 46 70 115 9660
2 3 20 21 28 46 84 115 9660
2 3 20 21 28 46 92 105 9660
2 3 20 21 28 46 92 115 9660
2 3 20 21 28 46 105 115 9660
2 3 20 21 28 47 60 94 19740
2 3 20 21 28 47 70 94 19740
2 3 20 21 28 47 94 105 19740
2 3 20 21 28 48 56 80 1680
2 3 20 21 28 48 60 80 1680
2 3 20 21 28 48 60 112 1680
2 3 20 21 28 48 70 80 1680
2 3 20 21 28 48 70 112 1680
2 3 20 21 28 48 80 84 1680
2 3 20 21 28 48 80 105 1680
2 3 20 21 28 48 80 112 1680
2 3 20 21 28 48 80 120 1680
2 3 20 21 28 48 105 112 1680
2 3 20 21 28 48 112 120 1680
2 3 20 21 28 49 60 98 2940
2 3 20 21 28 49 70 98 2940
2 3 20 21 28 49 98 105 2940
2 3 20 21 28 50 60 75 2100
2 3 20 21 28 50 60 100 2100
2 3 20 21 28 50 70 75 2100
2 3 20 21 28 50 70 100 2100
2 3 20 21 28 50 75 84 2100
2 3 20 21 28 50 75 100 2100
2 3 20 21 28 50 75 105 2100
2 3 20 21 28 50 84 100 2100
2 3 20 21 28 50 100 105 2100
2 3 20 21 28 51 60 68 7140
2 3 20 21 28 51 60 85 7140
2 3 20 21 28 51 60 102 7140
2 3 20 21 28 51 60 119 7140
2 3 20 21 28 51 68 70 7140
2 3 20 21 28 51 68 85 7140
2 3 20 21 28 51 68 105 7140
2 3 20 21 28 51 70 85 7140
2 3 20 21 28 51 70 102 7140
2 3 20 21 28 51 70 119 7140
2 3 20 21 28 51 84 85 7140
2 3 20 21 28 51 85 102 7140
2 3 20 21 28 51 85 105 7140
2 3 20 21 28 51 85 119 7140
2 3 20 21 28 51 102 105 7140
2 3 20 21 28 51 105 119 7140
2 3 20 21 28 52 60 65 5460
2 3 20 21 28 52 60 78 5460
2 3 20 21 28 52 60 91 5460
2 3 20 21 28 52 65 70 5460
2 3 20 21 28 52 65 78 5460
2 3 20 21 28 52 65 84 5460
2 3 20 21 28 52 65 91 5460
2 3 20 21 28 52 65 105 5460
2 3 20 21 28 52 70 78 5460
2 3 20 21 28 52 70 91 5460
2 3 20 21 28 52 78 105 5460
2 3 20 21 28 52 90 117 16380
2 3 20 21 28 52 91 105 5460
2 3 20 21 28 52 104 120 10920
2 3 20 21 28 53 60 106 22260
2 3 20 21 28 53 70 106 22260
2 3 20 21 28 53 105 106 22260
2 3 20 21 28 54 60 108 3780
2 3 20 21 28 54 70 108 3780
2 3 20 21 28 54 90 108 3780
2 3 20 21 28 54 105 108 3780
2 3 20 21 28 55 56 88 9240
2 3 20 21 28 55 60 66 4620
2 3 20 21 28 55 60 77 4620
2 3 20 21 28 55 60 110 4620
2 3 20 21 28 55 63 99 13860
2 3 20 21 28 55 66 70 4620
2 3 20 21 28 55 66 77 4620
2 3 20 21 28 55 66 84 4620
2 3 20 21 28 55 66 105 4620
2 3 20 21 28 55 66 110 4620
2 3 20 21 28 55 70 77 4620
2 3 20 21 28 55 70 110 4620
2 3 20 21 28 55 77 84 4620
2 3 20 21 28 55 77 105 4620
2 3 20 21 28 55 77 110 4620
2 3 20 21 28 55 84 110 4620
2 3 20 21 28 55 88 120 9240
2 3 20 21 28 55 90 99 13860
2 3 20 21 28 55 99 126 13860
2 3 20 21 28 55 105 110 4620
2 3 20 21 28 56 60 120 840
2 3 20 21 28 56 65 104 10920
2 3 20 21 28 56 70 120 840
2 3 20 21 28 56 72 90 2520
2 3 20 21 28 56 80 112 1680
2 3 20 21 28 56 84 120 840
2 3 20 21 28 56 88 110 9240
2 3 20 21 28 56 105 120 840
2 3 20 21 28 57 60 76 7980
2 3 20 21 28 57 60 95 7980
2 3 20 21 28 57 60 114 7980
2 3 20 21 28 57 70 76 7980
2 3 20 21 28 57 70 95 7980
2 3 20 21 28 57 70 114 7980
2 3 20 21 28 57 76 95 7980
2 3 20 21 28 57 76 105 7980
2 3 20 21 28 57 84 95 7980
2 3 20 21 28 57 95 105 7980
2 3 20 21 28 57 95 114 7980
2 3 20 21 28 57 105 114 7980
2 3 20 21 28 58 60 87 12180
2 3 20 21 28 58 60 116 12180
2 3 20 21 28 58 70 87 12180
2 3 20 21 28 58 70 116 12180
2 3 20 21 28 58 87 105 12180
2 3 20 21 28 58 105 116 12180
2 3 20 21 28 59 60 118 24780
2 3 20 21 28 59 70 118 24780
2 3 20 21 28 59 105 118 24780
2 3 20 21 28 60 61 122 25620
2 3 20 21 28 60 62 93 13020
2 3 20 21 28 60 62 124 13020
2 3 20 21 28 60 63 90 1260
2 3 20 21 28 60 63 126 1260
2 3 20 21 28 60 65 78 5460
2 3 20 21 28 60 65 91 5460
2 3 20 21 28 60 66 77 4620
2 3 20 21 28 60 66 110 4620
2 3 20 21 28 60 68 85 7140
2 3 20 21 28 60 68 102 7140
2 3 20 21 28 60 68 119 7140
2 3 20 21 28 60 69 92 9660
2 3 20 21 28 60 69 115 9660
2 3 20 21 28 60 70 84 420
2 3 20 21 28 60 70 105 420
2 3 20 21 28 60 74 111 15540
2 3 20 21 28 60 75 100 2100
2 3 20 21 28 60 76 95 7980
2 3 20 21 28 60 76 114 7980
2 3 20 21 28 60 77 110 4620
2 3 20 21 28 60 78 91 5460
2 3 20 21 28 60 80 112 1680
2 3 20 21 28 60 82 123 17220
2 3 20 21 28 60 84 105 420
2 3 20 21 28 60 85 102 7140
2 3 20 21 28 60 85 119 7140
2 3 20 21 28 60 87 116 12180
2 3 20 21 28 60 90 126 1260
2 3 20 21 28 60 92 115 9660
2 3 20 21 28 60 93 124 13020
2 3 20 21 28 60 95 114 7980
2 3 20 21 28 60 102 119 7140
2 3 20 21 28 61 70 122 25620
2 3 20 21 28 61 105 122 25620
2 3 20 21 28 62 70 93 13020
2 3 20 21 28 62 70 124 13020
2 3 20 21 28 62 93 105 13020
2 3 20 21 28 62 105 124 13020
2 3 20 21 28 63 65 117 16380
2 3 20 21 28 63 70 90 1260
2 3 20 21 28 63 70 126 1260
2 3 20 21 28 63 72 120 2520
2 3 20 21 28 63 84 90 1260
2 3 20 21 28 63 90 105 1260
2 3 20 21 28 63 90 126 1260
2 3 20 21 28 63 99 110 13860
2 3 20 21 28 65 70 78 5460
2 3 20 21 28 65 70 91 5460
2 3 20 21 28 65 78 84 5460
2 3 20 21 28 65 78 91 5460
2 3 20 21 28 65 78 105 5460
2 3 20 21 28 65 84 91 5460
2 3 20 21 28 65 90 117 16380
2 3 20 21 28 65 91 105 5460
2 3 20 21 28 66 70 77 4620
2 3 20 21 28 66 70 110 4620
2 3 20 21 28 66 77 105 4620
2 3 20 21 28 66 77 110 4620
2 3 20 21 28 66 84 110 4620
2 3 20 21 28 66 88 120 9240
2 3 20 21 28 66 90 99 13860
2 3 20 21 28 66 105 110 4620
2 3 20 21 28 68 70 85 7140
2 3 20 21 28 68 70 102 7140
2 3 20 21 28 68 70 119 7140
2 3 20 21 28 68 84 85 7140
2 3 20 21 28 68 85 102 7140
2 3 20 21 28 68 85 105 7140
2 3 20 21 28 68 85 119 7140
2 3 20 21 28 68 102 105 7140
2 3 20 21 28 69 70 92 9660
2 3 20 21 28 69 70 115 9660
2 3 20 21 28 69 84 115 9660
2 3 20 21 28 69 92 105 9660
2 3 20 21 28 69 92 115 9660
2 3 20 21 28 70 74 111 15540
2 3 20 21 28 70 75 100 2100
2 3 20 21 28 70 76 95 7980
2 3 20 21 28 70 76 114 7980
2 3 20 21 28 70 77 110 4620
2 3 20 21 28 70 78 91 5460
2 3 20 21 28 70 80 112 1680
2 3 20 21 28 70 82 123 17220
2 3 20 21 28 70 84 105 420
2 3 20 21 28 70 85 102 7140
2 3 20 21 28 70 85 119 7140
2 3 20 21 28 70 87 116 12180
2 3 20 21 28 70 92 115 9660
2 3 20 21 28 70 95 114 7980
2 3 20 21 28 75 84 100 2100
2 3 20 21 28 76 84 95 7980
2 3 20 21 28 77 84 110 4620
2 3 20 21 28 77 90 99 13860
2 3 20 21 28 84 85 102 7140
2 3 20 21 29 30 35 116 12180
2 3 20 21 29 30 42 116 12180
2 3 20 21 29 30 58 84 12180
2 3 20 21 29 30 70 116 12180
2 3 20 21 29 30 84 87 12180
2 3 20 21 29 30 84 116 12180
2 3 20 21 29 30 105 116 12180
2 3 20 21 29 35 42 116 12180
2 3 20 21 29 35 58 60 12180
2 3 20 21 29 35 58 84 12180
2 3 20 21 29 35 58 116 12180
2 3 20 21 29 35 60 87 12180
2 3 20 21 29 35 60 116 12180
2 3 20 21 29 35 70 116 12180
2 3 20 21 29 35 84 87 12180
2 3 20 21 29 35 84 116 12180
2 3 20 21 29 35 87 116 12180
2 3 20 21 29 35 105 116 12180
2 3 20 21 29 40 56 58 24360
2 3 20 21 29 40 56 87 24360
2 3 20 21 29 40 56 116 24360
2 3 20 21 29 42 58 60 12180
2 3 20 21 29 42 60 87 12180
2 3 20 21 29 42 60 116 12180
2 3 20 21 29 42 70 116 12180
2 3 20 21 29 42 105 116 12180
2 3 20 21 29 45 63 116 36540
2 3 20 21 29 45 116 126 36540
2 3 20 21 29 55 77 116 133980
2 3 20 21 29 56 58 120 24360
2 3 20 21 29 56 87 120 24360
2 3 20 21 29 56 116 120 24360
2 3 20 21 29 58 60 70 12180
2 3 20 21 29 58 60 84 12180
2 3 20 21 29 58 60 105 12180
2 3 20 21 29 58 70 84 12180
2 3 20 21 29 58 70 116 12180
2 3 20 21 29 58 80 112 48720
2 3 20 21 29 58 84 105 12180
2 3 20 21 29 58 105 116 12180
2 3 20 21 29 60 70 87 12180
2 3 20 21 29 60 70 116 12180
2 3 20 21 29 60 84 87 12180
2 3 20 21 29 60 84 116 12180
2 3 20 21 29 60 87 105 12180
2 3 20 21 29 60 105 116 12180
2 3 20 21 29 63 90 116 36540
2 3 20 21 29 65 91 116 158340
2 3 20 21 29 70 84 87 12180
2 3 20 21 29 70 84 116 12180
2 3 20 21 30 31 35 124 13020
2 3 20 21 30 31 42 124 13020
2 3 20 21 30 31 62 84 13020
2 3 20 21 30 31 70 124 13020
2 3 20 21 30 31 84 93 13020
2 3 20 21 30 31 84 124 13020
2 3 20 21 30 31 105 124 13020
2 3 20 21 30 32 35 96 3360
2 3 20 21 30 32 42 96 3360
2 3 20 21 30 32 56 96 3360
2 3 20 21 30 32 70 96 3360
2 3 20 21 30 32 84 96 3360
2 3 20 21 30 32 96 105 3360
2 3 20 21 30 32 96 112 3360
2 3 20 21 30 33 35 44 4620
2 3 20 21 30 33 42 44 4620
2 3 20 21 30 33 44 70 4620
2 3 20 21 30 33 44 77 4620
2 3 20 21 30 33 44 84 4620
2 3 20 21 30 33 44 105 4620
2 3 20 21 30 33 55 84 4620
2 3 20 21 30 33 56 88 9240
2 3 20 21 30 33 60 77 4620
2 3 20 21 30 33 66 84 4620
2 3 20 21 30 33 77 84 4620
2 3 20 21 30 33 84 110 4620
2 3 20 21 30 34 35 68 7140
2 3 20 21 30 34 42 68 7140
2 3 20 21 30 34 51 84 7140
2 3 20 21 30 34 60 119 7140
2 3 20 21 30 34 68 70 7140
2 3 20 21 30 34 68 84 7140
2 3 20 21 30 34 68 105 7140
2 3 20 21 30 34 68 119 7140
2 3 20 21 30 34 84 85 7140
2 3 20 21 30 34 84 102 7140
2 3 20 21 30 34 84 119 7140
2 3 20 21 30 35 36 45 1260
2 3 20 21 30 35 36 63 1260
2 3 20 21 30 35 36 90 1260
2 3 20 21 30 35 36 126 1260
2 3 20 21 30 35 38 76 7980
2 3 20 21 30 35 39 52 5460
2 3 20 21 30 35 40 56 840
2 3 20 21 30 35 40 120 840
2 3 20 21 30 35 42 60 420
2 3 20 21 30 35 42 84 420
2 3 20 21 30 35 44 55 4620
2 3 20 21 30 35 44 66 4620
2 3 20 21 30 35 44 77 4620
2 3 20 21 30 35 44 110 4620
2 3 20 21 30 35 46 92 9660
2 3 20 21 30 35 48 80 1680
2 3 20 21 30 35 48 112 1680
2 3 20 21 30 35 50 100 2100
2 3 20 21 30 35 51 68 7140
2 3 20 21 30 35 52 65 5460
2 3 20 21 30 35 52 78 5460
2 3 20 21 30 35 52 91 5460
2 3 20 21 30 35 54 108 3780
2 3 20 21 30 35 56 120 840
2 3 20 21 30 35 57 76 7980
2 3 20 21 30 35 58 116 12180
2 3 20 21 30 35 60 70 420
2 3 20 21 30 35 60 84 420
2 3 20 21 30 35 60 105 420
2 3 20 21 30 35 62 124 13020
2 3 20 21 30 35 68 85 7140
2 3 20 21 30 35 68 102 7140
2 3 20 21 30 35 68 119 7140
2 3 20 21 30 35 69 92 9660
2 3 20 21 30 35 70 84 420
2 3 20 21 30 35 75 100 2100
2 3 20 21 30 35 76 95 7980
2 3 20 21 30 35 76 114 7980
2 3 20 21 30 35 80 112 1680
2 3 20 21 30 35 84 105 420
2 3 20 21 30 35 87 116 12180
2 3 20 21 30 35 92 115 9660
2 3 20 21 30 35 93 124 13020
2 3 20 21 30 36 42 45 1260
2 3 20 21 30 36 42 63 1260
2 3 20 21 30 36 42 90 1260
2 3 20 21 30 36 42 126 1260
2 3 20 21 30 36 45 63 1260
2 3 20 21 30 36 45 70 1260
2 3 20 21 30 36 45 84 1260
2 3 20 21 30 36 45 105 1260
2 3 20 21 30 36 45 126 1260
2 3 20 21 30 36 56 72 2520
2 3 20 21 30 36 60 63 1260
2 3 20 21 30 36 60 126 1260
2 3 20 21 30 36 63 70 1260
2 3 20 21 30 36 63 84 1260
2 3 20 21 30 36 63 90 1260
2 3 20 21 30 36 63 105 1260
2 3 20 21 30 36 63 126 1260
2 3 20 21 30 36 70 90 1260
2 3 20 21 30 36 70 126 1260
2 3 20 21 30 36 77 99 13860
2 3 20 21 30 36 84 90 1260
2 3 20 21 30 36 84 126 1260
2 3 20 21 30 36 90 105 1260
2 3 20 21 30 36 90 126 1260
2 3 20 21 30 36 91 117 16380
2 3 20 21 30 36 105 126 1260
2 3 20 21 30 37 74 84 15540
2 3 20 21 30 37 84 111 15540
2 3 20 21 30 38 42 76 7980
2 3 20 21 30 38 57 84 7980
2 3 20 21 30 38 70 76 7980
2 3 20 21 30 38 76 84 7980
2 3 20 21 30 38 76 105 7980
2 3 20 21 30 38 84 95 7980
2 3 20 21 30 38 84 114 7980
2 3 20 21 30 39 42 52 5460
2 3 20 21 30 39 52 70 5460
2 3 20 21 30 39 52 84 5460
2 3 20 21 30 39 52 91 5460
2 3 20 21 30 39 52 105 5460
2 3 20 21 30 39 56 104 10920
2 3 20 21 30 39 60 91 5460
2 3 20 21 30 39 65 84 5460
2 3 20 21 30 39 78 84 5460
2 3 20 21 30 39 84 91 5460
2 3 20 21 30 40 42 56 840
2 3 20 21 30 40 42 120 840
2 3 20 21 30 40 48 112 1680
2 3 20 21 30 40 56 60 840
2 3 20 21 30 40 56 70 840
2 3 20 21 30 40 56 84 840
2 3 20 21 30 40 56 105 840
2 3 20 21 30 40 56 120 840
2 3 20 21 30 40 63 72 2520
2 3 20 21 30 40 70 120 840
2 3 20 21 30 40 72 126 2520
2 3 20 21 30 40 77 88 9240
2 3 20 21 30 40 80 112 1680
2 3 20 21 30 40 84 120 840
2 3 20 21 30 40 91 104 10920
2 3 20 21 30 40 105 120 840
2 3 20 21 30 41 82 84 17220
2 3 20 21 30 41 84 123 17220
2 3 20 21 30 42 44 55 4620
2 3 20 21 30 42 44 66 4620
2 3 20 21 30 42 44 77 4620
2 3 20 21 30 42 44 110 4620
2 3 20 21 30 42 46 92 9660
2 3 20 21 30 42 48 80 1680
2 3 20 21 30 42 48 112 1680
2 3 20 21 30 42 50 100 2100
2 3 20 21 30 42 51 68 7140
2 3 20 21 30 42 52 65 5460
2 3 20 21 30 42 52 78 5460
2 3 20 21 30 42 52 91 5460
2 3 20 21 30 42 54 108 3780
2 3 20 21 30 42 56 120 840
2 3 20 21 30 42 57 76 7980
2 3 20 21 30 42 58 116 12180
2 3 20 21 30 42 60 70 420
2 3 20 21 30 42 60 84 420
2 3 20 21 30 42 60 105 420
2 3 20 21 30 42 62 124 13020
2 3 20 21 30 42 68 85 7140
2 3 20 21 30 42 68 102 7140
2 3 20 21 30 42 68 119 7140
2 3 20 21 30 42 69 92 9660
2 3 20 21 30 42 70 84 420
2 3 20 21 30 42 75 100 2100
2 3 20 21 30 42 76 95 7980
2 3 20 21 30 42 76 114 7980
2 3 20 21 30 42 80 112 1680
2 3 20 21 30 42 84 105 420
2 3 20 21 30 42 87 116 12180
2 3 20 21 30 42 92 115 9660
2 3 20 21 30 42 93 124 13020
2 3 20 21 30 43 84 86 18060
2 3 20 21 30 44 55 70 4620
2 3 20 21 30 44 55 77 4620
2 3 20 21 30 44 55 84 4620
2 3 20 21 30 44 55 105 4620
2 3 20 21 30 44 56 88 9240
2 3 20 21 30 44 60 77 4620
2 3 20 21 30 44 63 99 13860
2 3 20 21 30 44 66 70 4620
2 3 20 21 30 44 66 77 4620
2 3 20 21 30 44 66 84 4620
2 3 20 21 30 44 66 105 4620
2 3 20 21 30 44 70 77 4620
2 3 20 21 30 44 70 110 4620
2 3 20 21 30 44 77 84 4620
2 3 20 21 30 44 77 105 4620
2 3 20 21 30 44 77 110 4620
2 3 20 21 30 44 84 110 4620
2 3 20 21 30 44 99 126 13860
2 3 20 21 30 44 105 110 4620
2 3 20 21 30 45 56 72 2520
2 3 20 21 30 45 60 63 1260
2 3 20 21 30 45 60 126 1260
2 3 20 21 30 45 63 84 1260
2 3 20 21 30 45 84 90 1260
2 3 20 21 30 45 84 126 1260
2 3 20 21 30 46 69 84 9660
2 3 20 21 30 46 70 92 9660
2 3 20 21 30 46 84 92 9660
2 3 20 21 30 46 84 115 9660
2 3 20 21 30 46 92 105 9660
2 3 20 21 30 47 84 94 19740
2 3 20 21 30 48 56 80 1680
2 3 20 21 30 48 56 112 1680
2 3 20 21 30 48 60 112 1680
2 3 20 21 30 48 70 80 1680
2 3 20 21 30 48 70 112 1680
2 3 20 21 30 48 80 84 1680
2 3 20 21 30 48 80 105 1680
2 3 20 21 30 48 80 112 1680
2 3 20 21 30 48 84 112 1680
2 3 20 21 30 48 105 112 1680
2 3 20 21 30 48 112 120 1680
2 3 20 21 30 49 60 98 2940
2 3 20 21 30 49 84 98 2940
2 3 20 21 30 50 70 100 2100
2 3 20 21 30 50 75 84 2100
2 3 20 21 30 50 84 100 2100
2 3 20 21 30 50 100 105 2100
2 3 20 21 30 51 60 119 7140
2 3 20 21 30 51 68 70 7140
2 3 20 21 30 51 68 84 7140
2 3 20 21 30 51 68 105 7140
2 3 20 21 30 51 68 119 7140
2 3 20 21 30 51 84 85 7140
2 3 20 21 30 51 84 102 7140
2 3 20 21 30 51 84 119 7140
2 3 20 21 30 52 56 104 10920
2 3 20 21 30 52 60 91 5460
2 3 20 21 30 52 63 117 16380
2 3 20 21 30 52 65 70 5460
2 3 20 21 30 52 65 84 5460
2 3 20 21 30 52 65 91 5460
2 3 20 21 30 52 65 105 5460
2 3 20 21 30 52 70 78 5460
2 3 20 21 30 52 70 91 5460
2 3 20 21 30 52 78 84 5460
2 3 20 21 30 52 78 91 5460
2 3 20 21 30 52 78 105 5460
2 3 20 21 30 52 84 91 5460
2 3 20 21 30 52 91 105 5460
2 3 20 21 30 53 84 106 22260
2 3 20 21 30 54 63 108 3780
2 3 20 21 30 54 70 108 3780
2 3 20 21 30 54 84 108 3780
2 3 20 21 30 54 105 108 3780
2 3 20 21 30 55 56 88 9240
2 3 20 21 30 55 60 77 4620
2 3 20 21 30 55 66 84 4620
2 3 20 21 30 55 77 84 4620
2 3 20 21 30 55 84 110 4620
2 3 20 21 30 56 60 120 840
2 3 20 21 30 56 63 72 2520
2 3 20 21 30 56 65 104 10920
2 3 20 21 30 56 66 88 9240
2 3 20 21 30 56 70 120 840
2 3 20 21 30 56 72 90 2520
2 3 20 21 30 56 72 126 2520
2 3 20 21 30 56 77 88 9240
2 3 20 21 30 56 78 104 10920
2 3 20 21 30 56 80 112 1680
2 3 20 21 30 56 84 120 840
2 3 20 21 30 56 88 110 9240
2 3 20 21 30 56 91 104 10920
2 3 20 21 30 57 70 76 7980
2 3 20 21 30 57 76 84 7980
2 3 20 21 30 57 76 105 7980
2 3 20 21 30 57 84 95 7980
2 3 20 21 30 57 84 114 7980
2 3 20 21 30 58 70 116 12180
2 3 20 21 30 58 84 87 12180
2 3 20 21 30 58 84 116 12180
2 3 20 21 30 59 84 118 24780
2 3 20 21 30 60 63 90 1260
2 3 20 21 30 60 63 126 1260
2 3 20 21 30 60 65 91 5460
2 3 20 21 30 60 66 77 4620
2 3 20 21 30 60 68 119 7140
2 3 20 21 30 60 70 84 420
2 3 20 21 30 60 70 105 420
2 3 20 21 30 60 77 110 4620
2 3 20 21 30 60 78 91 5460
2 3 20 21 30 60 80 112 1680
2 3 20 21 30 60 84 105 420
2 3 20 21 30 60 85 119 7140
2 3 20 21 30 61 84 122 25620
2 3 20 21 30 62 70 124 13020
2 3 20 21 30 62 84 93 13020
2 3 20 21 30 62 84 124 13020
2 3 20 21 30 63 72 120 2520
2 3 20 21 30 63 84 90 1260
2 3 20 21 30 65 78 84 5460
2 3 20 21 30 65 84 91 5460
2 3 20 21 30 66 77 84 4620
2 3 20 21 30 66 84 110 4620
2 3 20 21 30 68 70 85 7140
2 3 20 21 30 68 70 102 7140
2 3 20 21 30 68 70 119 7140
2 3 20 21 30 68 84 85 7140
2 3 20 21 30 68 84 102 7140
2 3 20 21 30 68 85 105 7140
2 3 20 21 30 69 70 92 9660
2 3 20 21 30 69 84 92 9660
2 3 20 21 30 70 75 100 2100
2 3 20 21 30 70 76 95 7980
2 3 20 21 30 70 76 114 7980
2 3 20 21 31 35 42 124 13020
2 3 20 21 31 35 60 62 13020
2 3 20 21 31 35 60 93 13020
2 3 20 21 31 35 60 124 13020
2 3 20 21 31 35 62 84 13020
2 3 20 21 31 35 62 124 13020
2 3 20 21 31 35 70 124 13020
2 3 20 21 31 35 84 93 13020
2 3 20 21 31 35 84 124 13020
2 3 20 21 31 35 93 124 13020
2 3 20 21 31 35 105 124 13020
2 3 20 21 31 40 56 62 26040
2 3 20 21 31 40 56 93 26040
2 3 20 21 31 40 56 124 26040
2 3 20 21 31 42 60 62 13020
2 3 20 21 31 42 60 93 13020
2 3 20 21 31 42 60 124 13020
2 3 20 21 31 42 70 124 13020
2 3 20 21 31 42 105 124 13020
2 3 20 21 31 45 63 124 39060
2 3 20 21 31 45 124 126 39060
2 3 20 21 31 55 77 124 143220
2 3 20 21 31 56 62 120 26040
2 3 20 21 31 56 93 120 26040
2 3 20 21 31 60 62 70 13020
2 3 20 21 31 60 62 84 13020
2 3 20 21 31 60 62 105 13020
2 3 20 21 31 60 70 93 13020
2 3 20 21 31 60 70 124 13020
2 3 20 21 31 60 84 93 13020
2 3 20 21 31 60 93 105 13020
2 3 20 21 31 62 70 84 13020
2 3 20 21 31 62 70 124 13020
2 3 20 21 31 62 80 112 52080
2 3 20 21 31 62 84 105 13020
2 3 20 21 31 70 84 93 13020
2 3 20 21 32 35 40 96 3360
2 3 20 21 32 35 42 96 3360
2 3 20 21 32 35 48 96 3360
2 3 20 21 32 35 56 96 3360
2 3 20 21 32 35 60 96 3360
2 3 20 21 32 35 70 96 3360
2 3 20 21 32 35 80 96 3360
2 3 20 21 32 35 84 96 3360
2 3 20 21 32 35 96 105 3360
2 3 20 21 32 35 96 112 3360
2 3 20 21 32 35 96 120 3360
2 3 20 21 32 40 42 96 3360
2 3 20 21 32 40 56 96 3360
2 3 20 21 32 40 70 96 3360
2 3 20 21 32 40 84 96 3360
2 3 20 21 32 40 96 105 3360
2 3 20 21 32 40 96 112 3360
2 3 20 21 32 42 60 96 3360
2 3 20 21 32 42 70 96 3360
2 3 20 21 32 42 80 96 3360
2 3 20 21 32 42 96 105 3360
2 3 20 21 32 42 96 120 3360
2 3 20 21 32 45 63 96 10080
2 3 20 21 32 45 96 126 10080
2 3 20 21 32 48 70 96 3360
2 3 20 21 32 48 96 105 3360
2 3 20 21 32 55 77 96 36960
2 3 20 21 32 56 60 96 3360
2 3 20 21 32 56 70 96 3360
2 3 20 21 32 56 80 96 3360
2 3 20 21 32 60 70 96 3360
2 3 20 21 32 60 84 96 3360
2 3 20 21 33 35 36 99 13860
2 3 20 21 33 35 40 88 9240
2 3 20 21 33 35 42 44 4620
2 3 20 21 33 35 44 55 4620
2 3 20 21 33 35 44 60 4620
2 3 20 21 33 35 44 66 4620
2 3 20 21 33 35 44 70 4620
2 3 20 21 33 35 44 77 4620
2 3 20 21 33 35 44 84 4620
2 3 20 21 33 35 44 105 4620
2 3 20 21 33 35 44 110 4620
2 3 20 21 33 35 55 60 4620
2 3 20 21 33 35 55 84 4620
2 3 20 21 33 35 56 88 9240
2 3 20 21 33 35 60 66 4620
2 3 20 21 33 35 60 77 4620
2 3 20 21 33 35 60 110 4620
2 3 20 21 33 35 66 84 4620
2 3 20 21 33 35 77 84 4620
2 3 20 21 33 35 84 110 4620
2 3 20 21 33 35 88 120 9240
2 3 20 21 33 36 45 77 13860
2 3 20 21 33 36 55 63 13860
2 3 20 21 33 36 55 126 13860
2 3 20 21 33 36 63 110 13860
2 3 20 21 33 36 70 99 13860
2 3 20 21 33 36 77 90 13860
2 3 20 21 33 36 99 105 13860
2 3 20 21 33 36 110 126 13860
2 3 20 21 33 40 42 88 9240
2 3 20 21 33 40 44 56 9240
2 3 20 21 33 40 55 56 9240
2 3 20 21 33 40 56 66 9240
2 3 20 21 33 40 56 77 9240
2 3 20 21 33 40 56 88 9240
2 3 20 21 33 40 56 110 9240
2 3 20 21 33 40 70 88 9240
2 3 20 21 33 40 77 88 9240
2 3 20 21 33 40 77 120 9240
2 3 20 21 33 40 84 88 9240
2 3 20 21 33 40 88 105 9240
2 3 20 21 33 42 44 55 4620
2 3 20 21 33 42 44 60 4620
2 3 20 21 33 42 44 70 4620
2 3 20 21 33 42 44 105 4620
2 3 20 21 33 42 44 110 4620
2 3 20 21 33 42 55 60 4620
2 3 20 21 33 42 55 84 4620
2 3 20 21 33 42 60 66 4620
2 3 20 21 33 42 60 77 4620
2 3 20 21 33 42 60 110 4620
2 3 20 21 33 42 84 110 4620
2 3 20 21 33 42 88 120 9240
2 3 20 21 33 44 45 63 13860
2 3 20 21 33 44 45 126 13860
2 3 20 21 33 44 55 70 4620
2 3 20 21 33 44 55 77 4620
2 3 20 21 33 44 55 84 4620
2 3 20 21 33 44 55 105 4620
2 3 20 21 33 44 56 120 9240
2 3 20 21 33 44 60 70 4620
2 3 20 21 33 44 60 77 4620
2 3 20 21 33 44 60 84 4620
2 3 20 21 33 44 60 105 4620
2 3 20 21 33 44 63 90 13860
2 3 20 21 33 44 65 91 60060
2 3 20 21 33 44 66 70 4620
2 3 20 21 33 44 66 105 4620
2 3 20 21 33 44 70 77 4620
2 3 20 21 33 44 70 84 4620
2 3 20 21 33 44 70 105 4620
2 3 20 21 33 44 70 110 4620
2 3 20 21 33 44 77 105 4620
2 3 20 21 33 44 77 110 4620
2 3 20 21 33 44 80 112 18480
2 3 20 21 33 44 84 105 4620
2 3 20 21 33 44 84 110 4620
2 3 20 21 33 44 85 119 78540
2 3 20 21 33 44 90 126 13860
2 3 20 21 33 44 105 110 4620
2 3 20 21 33 45 84 99 13860
2 3 20 21 33 48 55 112 18480
2 3 20 21 33 48 77 80 18480
2 3 20 21 33 48 110 112 18480
2 3 20 21 33 50 77 100 23100
2 3 20 21 33 52 55 91 60060
2 3 20 21 33 52 65 77 60060
2 3 20 21 33 52 91 110 60060
2 3 20 21 33 55 56 88 9240
2 3 20 21 33 55 56 120 9240
2 3 20 21 33 55 60 70 4620
2 3 20 21 33 55 60 77 4620
2 3 20 21 33 55 60 84 4620
2 3 20 21 33 55 60 105 4620
2 3 20 21 33 55 66 84 4620
2 3 20 21 33 55 68 119 78540
2 3 20 21 33 55 70 84 4620
2 3 20 21 33 55 77 84 4620
2 3 20 21 33 55 80 112 18480
2 3 20 21 33 55 84 105 4620
2 3 20 21 33 55 84 110 4620
2 3 20 21 33 56 60 88 9240
2 3 20 21 33 56 66 120 9240
2 3 20 21 33 56 70 88 9240
2 3 20 21 33 56 77 120 9240
2 3 20 21 33 60 63 99 13860
2 3 20 21 33 60 66 70 4620
2 3 20 21 33 60 66 77 4620
2 3 20 21 33 60 66 84 4620
2 3 20 21 33 60 66 105 4620
2 3 20 21 33 60 70 77 4620
2 3 20 21 33 60 70 110 4620
2 3 20 21 33 60 77 84 4620
2 3 20 21 33 60 77 105 4620
2 3 20 21 33 66 70 84 4620
2 3 20 21 33 68 77 85 78540
2 3 20 21 33 70 77 84 4620
2 3 20 21 34 35 42 68 7140
2 3 20 21 34 35 51 60 7140
2 3 20 21 34 35 51 68 7140
2 3 20 21 34 35 51 84 7140
2 3 20 21 34 35 60 68 7140
2 3 20 21 34 35 60 85 7140
2 3 20 21 34 35 60 102 7140
2 3 20 21 34 35 60 119 7140
2 3 20 21 34 35 68 70 7140
2 3 20 21 34 35 68 84 7140
2 3 20 21 34 35 68 85 7140
2 3 20 21 34 35 68 102 7140
2 3 20 21 34 35 68 105 7140
2 3 20 21 34 35 68 119 7140
2 3 20 21 34 35 84 85 7140
2 3 20 21 34 35 84 102 7140
2 3 20 21 34 35 84 119 7140
2 3 20 21 34 36 45 119 21420
2 3 20 21 34 36 63 85 21420
2 3 20 21 34 36 85 126 21420
2 3 20 21 34 36 90 119 21420
2 3 20 21 34 40 51 56 14280
2 3 20 21 34 40 56 68 14280
2 3 20 21 34 40 56 85 14280
2 3 20 21 34 40 56 102 14280
2 3 20 21 34 40 56 119 14280
2 3 20 21 34 40 119 120 14280
2 3 20 21 34 42 51 60 7140
2 3 20 21 34 42 60 68 7140
2 3 20 21 34 42 60 85 7140
2 3 20 21 34 42 60 102 7140
2 3 20 21 34 42 60 119 7140
2 3 20 21 34 42 68 70 7140
2 3 20 21 34 42 68 85 7140
2 3 20 21 34 42 68 105 7140
2 3 20 21 34 42 84 85 7140
2 3 20 21 34 44 55 119 78540
2 3 20 21 34 44 77 85 78540
2 3 20 21 34 44 110 119 78540
2 3 20 21 34 45 63 68 21420
2 3 20 21 34 45 68 126 21420
2 3 20 21 34 48 80 119 28560
2 3 20 21 34 48 85 112 28560
2 3 20 21 34 51 56 120 14280
2 3 20 21 34 51 60 70 7140
2 3 20 21 34 51 60 84 7140
2 3 20 21 34 51 60 105 7140
2 3 20 21 34 51 60 119 7140
2 3 20 21 34 51 68 70 7140
2 3 20 21 34 51 68 105 7140
2 3 20 21 34 51 70 84 7140
2 3 20 21 34 51 80 112 28560
2 3 20 21 34 51 84 85 7140
2 3 20 21 34 51 84 105 7140
2 3 20 21 34 52 65 119 92820
2 3 20 21 34 52 85 91 92820
2 3 20 21 34 55 68 77 78540
2 3 20 21 34 56 68 120 14280
2 3 20 21 34 60 68 70 7140
2 3 20 21 34 60 68 84 7140
2 3 20 21 34 60 68 105 7140
2 3 20 21 34 60 68 119 7140
2 3 20 21 34 60 70 85 7140
2 3 20 21 34 60 70 102 7140
2 3 20 21 34 60 84 85 7140
2 3 20 21 34 63 68 90 21420
2 3 20 21 34 65 68 91 92820
2 3 20 21 34 68 70 84 7140
2 3 20 21 34 68 70 85 7140
2 3 20 21 35 36 39 117 16380
2 3 20 21 35 36 40 72 2520
2 3 20 21 35 36 42 45 1260
2 3 20 21 35 36 42 63 1260
2 3 20 21 35 36 42 90 1260
2 3 20 21 35 36 42 126 1260
2 3 20 21 35 36 44 99 13860
2 3 20 21 35 36 45 60 1260
2 3 20 21 35 36 45 63 1260
2 3 20 21 35 36 45 70 1260
2 3 20 21 35 36 45 84 1260
2 3 20 21 35 36 45 90 1260
2 3 20 21 35 36 45 105 1260
2 3 20 21 35 36 45 126 1260
2 3 20 21 35 36 52 117 16380
2 3 20 21 35 36 54 108 3780
2 3 20 21 35 36 55 99 13860
2 3 20 21 35 36 56 72 2520
2 3 20 21 35 36 60 63 1260
2 3 20 21 35 36 60 90 1260
2 3 20 21 35 36 60 126 1260
2 3 20 21 35 36 63 70 1260
2 3 20 21 35 36 63 84 1260
2 3 20 21 35 36 63 90 1260
2 3 20 21 35 36 63 105 1260
2 3 20 21 35 36 63 126 1260
2 3 20 21 35 36 65 117 16380
2 3 20 21 35 36 66 99 13860
2 3 20 21 35 36 70 90 1260
2 3 20 21 35 36 70 126 1260
2 3 20 21 35 36 72 120 2520
2 3 20 21 35 36 77 99 13860
2 3 20 21 35 36 78 117 16380
2 3 20 21 35 36 84 90 1260
2 3 20 21 35 36 84 126 1260
2 3 20 21 35 36 90 105 1260
2 3 20 21 35 36 90 126 1260
2 3 20 21 35 36 91 117 16380
2 3 20 21 35 36 99 110 13860
2 3 20 21 35 36 105 126 1260
2 3 20 21 35 37 60 74 15540
2 3 20 21 35 37 60 111 15540
2 3 20 21 35 37 74 84 15540
2 3 20 21 35 37 84 111 15540
2 3 20 21 35 38 42 76 7980
2 3 20 21 35 38 57 60 7980
2 3 20 21 35 38 57 76 7980
2 3 20 21 35 38 57 84 7980
2 3 20 21 35 38 60 76 7980
2 3 20 21 35 38 60 95 7980
2 3 20 21 35 38 60 114 7980
2 3 20 21 35 38 70 76 7980
2 3 20 21 35 38 76 84 7980
2 3 20 21 35 38 76 95 7980
2 3 20 21 35 38 76 105 7980
2 3 20 21 35 38 76 114 7980
2 3 20 21 35 38 84 95 7980
2 3 20 21 35 38 84 114 7980
2 3 20 21 35 39 40 104 10920
2 3 20 21 35 39 42 52 5460
2 3 20 21 35 39 52 60 5460
2 3 20 21 35 39 52 65 5460
2 3 20 21 35 39 52 70 5460
2 3 20 21 35 39 52 78 5460
2 3 20 21 35 39 52 84 5460
2 3 20 21 35 39 52 91 5460
2 3 20 21 35 39 52 105 5460
2 3 20 21 35 39 56 104 10920
2 3 20 21 35 39 60 65 5460
2 3 20 21 35 39 60 78 5460
2 3 20 21 35 39 60 91 5460
2 3 20 21 35 39 65 84 5460
2 3 20 21 35 39 78 84 5460
2 3 20 21 35 39 84 91 5460
2 3 20 21 35 39 104 120 10920
2 3 20 21 35 40 42 56 840
2 3 20 21 35 40 42 120 840
2 3 20 21 35 40 44 88 9240
2 3 20 21 35 40 45 72 2520
2 3 20 21 35 40 48 80 1680
2 3 20 21 35 40 48 112 1680
2 3 20 21 35 40 52 104 10920
2 3 20 21 35 40 55 88 9240
2 3 20 21 35 40 56 60 840
2 3 20 21 35 40 56 70 840
2 3 20 21 35 40 56 84 840
2 3 20 21 35 40 56 105 840
2 3 20 21 35 40 56 120 840
2 3 20 21 35 40 60 120 840
2 3 20 21 35 40 63 72 2520
2 3 20 21 35 40 65 104 10920
2 3 20 21 35 40 66 88 9240
2 3 20 21 35 40 70 120 840
2 3 20 21 35 40 72 90 2520
2 3 20 21 35 40 72 126 2520
2 3 20 21 35 40 77 88 9240
2 3 20 21 35 40 78 104 10920
2 3 20 21 35 40 80 112 1680
2 3 20 21 35 40 84 120 840
2 3 20 21 35 40 88 110 9240
2 3 20 21 35 40 91 104 10920
2 3 20 21 35 40 105 120 840
2 3 20 21 35 41 60 82 17220
2 3 20 21 35 41 60 123 17220
2 3 20 21 35 41 82 84 17220
2 3 20 21 35 41 84 123 17220
2 3 20 21 35 42 44 55 4620
2 3 20 21 35 42 44 66 4620
2 3 20 21 35 42 44 77 4620
2 3 20 21 35 42 44 110 4620
2 3 20 21 35 42 46 92 9660
2 3 20 21 35 42 48 80 1680
2 3 20 21 35 42 48 112 1680
2 3 20 21 35 42 50 100 2100
2 3 20 21 35 42 51 68 7140
2 3 20 21 35 42 52 65 5460
2 3 20 21 35 42 52 78 5460
2 3 20 21 35 42 52 91 5460
2 3 20 21 35 42 54 108 3780
2 3 20 21 35 42 56 120 840
2 3 20 21 35 42 57 76 7980
2 3 20 21 35 42 58 116 12180
2 3 20 21 35 42 60 70 420
2 3 20 21 35 42 60 84 420
2 3 20 21 35 42 60 105 420
2 3 20 21 35 42 62 124 13020
2 3 20 21 35 42 68 85 7140
2 3 20 21 35 42 68 102 7140
2 3 20 21 35 42 68 119 7140
2 3 20 21 35 42 69 92 9660
2 3 20 21 35 42 70 84 420
2 3 20 21 35 42 75 100 2100
2 3 20 21 35 42 76 95 7980
2 3 20 21 35 42 76 114 7980
2 3 20 21 35 42 80 112 1680
2 3 20 21 35 42 84 105 420
2 3 20 21 35 42 87 116 12180
2 3 20 21 35 42 92 115 9660
2 3 20 21 35 42 93 124 13020
2 3 20 21 35 43 60 86 18060
2 3 20 21 35 43 84 86 18060
2 3 20 21 35 44 45 99 13860
2 3 20 21 35 44 55 60 4620
2 3 20 21 35 44 55 66 4620
2 3 20 21 35 44 55 70 4620
2 3 20 21 35 44 55 77 4620
2 3 20 21 35 44 55 84 4620
2 3 20 21 35 44 55 105 4620
2 3 20 21 35 44 55 110 4620
2 3 20 21 35 44 56 88 9240
2 3 20 21 35 44 60 66 4620
2 3 20 21 35 44 60 77 4620
2 3 20 21 35 44 60 110 4620
2 3 20 21 35 44 63 99 13860
2 3 20 21 35 44 66 70 4620
2 3 20 21 35 44 66 77 4620
2 3 20 21 35 44 66 84 4620
2 3 20 21 35 44 66 105 4620
2 3 20 21 35 44 66 110 4620
2 3 20 21 35 44 70 77 4620
2 3 20 21 35 44 70 110 4620
2 3 20 21 35 44 77 84 4620
2 3 20 21 35 44 77 105 4620
2 3 20 21 35 44 77 110 4620
2 3 20 21 35 44 84 110 4620
2 3 20 21 35 44 88 120 9240
2 3 20 21 35 44 90 99 13860
2 3 20 21 35 44 99 126 13860
2 3 20 21 35 44 105 110 4620
2 3 20 21 35 45 52 117 16380
2 3 20 21 35 45 54 108 3780
2 3 20 21 35 45 56 72 2520
2 3 20 21 35 45 60 63 1260
2 3 20 21 35 45 60 90 1260
2 3 20 21 35 45 60 126 1260
2 3 20 21 35 45 63 84 1260
2 3 20 21 35 45 72 120 2520
2 3 20 21 35 45 84 90 1260
2 3 20 21 35 45 84 126 1260
2 3 20 21 35 46 60 69 9660
2 3 20 21 35 46 60 92 9660
2 3 20 21 35 46 60 115 9660
2 3 20 21 35 46 69 84 9660
2 3 20 21 35 46 69 92 9660
2 3 20 21 35 46 70 92 9660
2 3 20 21 35 46 84 92 9660
2 3 20 21 35 46 84 115 9660
2 3 20 21 35 46 92 105 9660
2 3 20 21 35 46 92 115 9660
2 3 20 21 35 47 60 94 19740
2 3 20 21 35 47 84 94 19740
2 3 20 21 35 48 56 80 1680
2 3 20 21 35 48 56 112 1680
2 3 20 21 35 48 60 80 1680
2 3 20 21 35 48 60 112 1680
2 3 20 21 35 48 70 80 1680
2 3 20 21 35 48 70 112 1680
2 3 20 21 35 48 80 84 1680
2 3 20 21 35 48 80 105 1680
2 3 20 21 35 48 80 112 1680
2 3 20 21 35 48 80 120 1680
2 3 20 21 35 48 84 112 1680
2 3 20 21 35 49 60 98 2940
2 3 20 21 35 49 84 98 2940
2 3 20 21 35 50 60 75 2100
2 3 20 21 35 50 60 100 2100
2 3 20 21 35 50 70 100 2100
2 3 20 21 35 50 75 84 2100
2 3 20 21 35 50 75 100 2100
2 3 20 21 35 50 84 100 2100
2 3 20 21 35 51 60 68 7140
2 3 20 21 35 51 60 85 7140
2 3 20 21 35 51 60 102 7140
2 3 20 21 35 51 60 119 7140
2 3 20 21 35 51 68 70 7140
2 3 20 21 35 51 68 84 7140
2 3 20 21 35 51 68 85 7140
2 3 20 21 35 51 68 102 7140
2 3 20 21 35 51 68 105 7140
2 3 20 21 35 51 68 119 7140
2 3 20 21 35 51 84 85 7140
2 3 20 21 35 51 84 102 7140
2 3 20 21 35 52 56 104 10920
2 3 20 21 35 52 60 65 5460
2 3 20 21 35 52 60 78 5460
2 3 20 21 35 52 60 91 5460
2 3 20 21 35 52 63 117 16380
2 3 20 21 35 52 65 70 5460
2 3 20 21 35 52 65 78 5460
2 3 20 21 35 52 65 84 5460
2 3 20 21 35 52 65 91 5460
2 3 20 21 35 52 65 105 5460
2 3 20 21 35 52 70 78 5460
2 3 20 21 35 52 70 91 5460
2 3 20 21 35 52 78 84 5460
2 3 20 21 35 52 78 91 5460
2 3 20 21 35 52 78 105 5460
2 3 20 21 35 52 84 91 5460
2 3 20 21 35 53 60 106 22260
2 3 20 21 35 54 60 108 3780
2 3 20 21 35 54 63 108 3780
2 3 20 21 35 54 70 108 3780
2 3 20 21 35 55 56 88 9240
2 3 20 21 35 55 60 66 4620
2 3 20 21 35 55 60 77 4620
2 3 20 21 35 55 60 110 4620
2 3 20 21 35 55 66 84 4620
2 3 20 21 35 55 77 84 4620
2 3 20 21 35 56 60 120 840
2 3 20 21 35 56 63 72 2520
2 3 20 21 35 56 65 104 10920
2 3 20 21 35 56 66 88 9240
2 3 20 21 35 56 72 90 2520
2 3 20 21 35 56 77 88 9240
2 3 20 21 35 57 60 76 7980
2 3 20 21 35 57 60 95 7980
2 3 20 21 35 57 60 114 7980
2 3 20 21 35 57 70 76 7980
2 3 20 21 35 57 76 84 7980
2 3 20 21 35 57 76 95 7980
2 3 20 21 35 58 60 87 12180
2 3 20 21 35 58 60 116 12180
2 3 20 21 35 58 84 87 12180
2 3 20 21 35 59 60 118 24780
2 3 20 21 35 60 61 122 25620
2 3 20 21 35 60 62 93 13020
2 3 20 21 35 60 62 124 13020
2 3 20 21 35 60 63 90 1260
2 3 20 21 35 60 65 78 5460
2 3 20 21 35 60 65 91 5460
2 3 20 21 35 60 66 77 4620
2 3 20 21 35 60 66 110 4620
2 3 20 21 35 60 68 85 7140
2 3 20 21 35 60 68 102 7140
2 3 20 21 35 60 69 92 9660
2 3 20 21 35 60 70 84 420
2 3 20 21 35 68 70 85 7140
2 3 20 21 36 38 63 95 23940
2 3 20 21 36 38 95 126 23940
2 3 20 21 36 39 45 91 16380
2 3 20 21 36 39 63 65 16380
2 3 20 21 36 39 65 126 16380
2 3 20 21 36 39 70 117 16380
2 3 20 21 36 39 90 91 16380
2 3 20 21 36 39 105 117 16380
2 3 20 21 36 40 42 72 2520
2 3 20 21 36 40 45 56 2520
2 3 20 21 36 40 56 63 2520
2 3 20 21 36 40 56 72 2520
2 3 20 21 36 40 56 90 2520
2 3 20 21 36 40 56 126 2520
2 3 20 21 36 40 63 72 2520
2 3 20 21 36 40 63 120 2520
2 3 20 21 36 40 70 72 2520
2 3 20 21 36 40 72 84 2520
2 3 20 21 36 40 72 105 2520
2 3 20 21 36 40 72 126 2520
2 3 20 21 36 42 45 60 1260
2 3 20 21 36 42 45 63 1260
2 3 20 21 36 42 45 70 1260
2 3 20 21 36 42 45 84 1260
2 3 20 21 36 42 45 90 1260
2 3 20 21 36 42 45 105 1260
2 3 20 21 36 42 45 126 1260
2 3 20 21 36 42 55 99 13860
2 3 20 21 36 42 60 63 1260
2 3 20 21 36 42 60 90 1260
2 3 20 21 36 42 60 126 1260
2 3 20 21 36 42 63 70 1260
2 3 20 21 36 42 63 90 1260
2 3 20 21 36 42 63 105 1260
2 3 20 21 36 42 65 117 16380
2 3 20 21 36 42 70 90 1260
2 3 20 21 36 42 70 126 1260
2 3 20 21 36 42 72 120 2520
2 3 20 21 36 42 84 90 1260
2 3 20 21 36 42 90 105 1260
2 3 20 21 36 42 90 126 1260
2 3 20 21 36 42 99 110 13860
2 3 20 21 36 44 45 77 13860
2 3 20 21 36 44 55 63 13860
2 3 20 21 36 44 55 126 13860
2 3 20 21 36 44 63 110 13860
2 3 20 21 36 44 70 99 13860
2 3 20 21 36 44 77 90 13860
2 3 20 21 36 44 99 105 13860
2 3 20 21 36 45 48 112 5040
2 3 20 21 36 45 49 98 8820
2 3 20 21 36 45 51 119 21420
2 3 20 21 36 45 52 91 16380
2 3 20 21 36 45 55 77 13860
2 3 20 21 36 45 56 72 2520
2 3 20 21 36 45 56 120 2520
2 3 20 21 36 45 60 63 1260
2 3 20 21 36 45 60 70 1260
2 3 20 21 36 45 60 84 1260
2 3 20 21 36 45 60 105 1260
2 3 20 21 36 45 60 126 1260
2 3 20 21 36 45 63 70 1260
2 3 20 21 36 45 63 84 1260
2 3 20 21 36 45 63 90 1260
2 3 20 21 36 45 63 105 1260
2 3 20 21 36 45 63 126 1260
2 3 20 21 36 45 65 91 16380
2 3 20 21 36 45 66 77 13860
2 3 20 21 36 45 68 119 21420
2 3 20 21 36 45 70 84 1260
2 3 20 21 36 45 70 90 1260
2 3 20 21 36 45 70 105 1260
2 3 20 21 36 45 70 126 1260
2 3 20 21 36 45 77 99 13860
2 3 20 21 36 45 77 110 13860
2 3 20 21 36 45 78 91 16380
2 3 20 21 36 45 80 112 5040
2 3 20 21 36 45 84 90 1260
2 3 20 21 36 45 84 105 1260
2 3 20 21 36 45 84 126 1260
2 3 20 21 36 45 85 119 21420
2 3 20 21 36 45 90 105 1260
2 3 20 21 36 45 91 117 16380
2 3 20 21 36 46 63 115 28980
2 3 20 21 36 48 63 80 5040
2 3 20 21 36 49 90 98 8820
2 3 20 21 36 50 63 75 6300
2 3 20 21 36 50 63 100 6300
2 3 20 21 36 51 63 85 21420
2 3 20 21 36 52 63 65 16380
2 3 20 21 36 52 65 126 16380
2 3 20 21 36 52 70 117 16380
2 3 20 21 36 52 90 91 16380
2 3 20 21 36 54 70 108 3780
2 3 20 21 36 55 63 66 13860
2 3 20 21 36 55 63 77 13860
2 3 20 21 36 55 63 99 13860
2 3 20 21 36 55 63 110 13860
2 3 20 21 36 55 70 99 13860
2 3 20 21 36 55 77 90 13860
2 3 20 21 36 56 60 72 2520
2 3 20 21 36 56 63 120 2520
2 3 20 21 36 56 70 72 2520
2 3 20 21 36 56 72 90 2520
2 3 20 21 36 57 63 95 23940
2 3 20 21 36 60 63 70 1260
2 3 20 21 36 60 63 84 1260
2 3 20 21 36 60 63 90 1260
2 3 20 21 36 60 63 105 1260
2 3 20 21 36 60 70 90 1260
2 3 20 21 36 63 65 78 16380
2 3 20 21 36 63 65 91 16380
2 3 20 21 36 63 68 85 21420
2 3 20 21 36 63 70 84 1260
2 3 20 21 37 40 56 74 31080
2 3 20 21 37 40 56 111 31080
2 3 20 21 37 42 60 74 15540
2 3 20 21 37 42 60 111 15540
2 3 20 21 37 60 70 74 15540
2 3 20 21 37 60 74 84 15540
2 3 20 21 38 40 56 57 15960
2 3 20 21 38 40 56 76 15960
2 3 20 21 38 40 56 95 15960
2 3 20 21 38 40 56 114 15960
2 3 20 21 38 42 57 60 7980
2 3 20 21 38 42 60 76 7980
2 3 20 21 38 42 60 95 7980
2 3 20 21 38 42 60 114 7980
2 3 20 21 38 42 70 76 7980
2 3 20 21 38 42 76 95 7980
2 3 20 21 38 42 76 105 7980
2 3 20 21 38 42 84 95 7980
2 3 20 21 38 44 77 95 87780
2 3 20 21 38 45 63 76 23940
2 3 20 21 38 45 76 126 23940
2 3 20 21 38 55 76 77 87780
2 3 20 21 38 56 57 120 15960
2 3 20 21 38 57 60 70 7980
2 3 20 21 38 57 60 84 7980
2 3 20 21 38 57 60 105 7980
2 3 20 21 38 57 70 76 7980
2 3 20 21 38 57 70 84 7980
2 3 20 21 38 60 70 76 7980
2 3 20 21 39 40 42 104 10920
2 3 20 21 39 40 52 56 10920
2 3 20 21 39 40 56 65 10920
2 3 20 21 39 40 56 78 10920
2 3 20 21 39 40 56 91 10920
2 3 20 21 39 40 56 104 10920
2 3 20 21 39 40 70 104 10920
2 3 20 21 39 40 84 104 10920
2 3 20 21 39 40 91 104 10920
2 3 20 21 39 40 91 120 10920
2 3 20 21 39 40 104 105 10920
2 3 20 21 39 42 52 60 5460
2 3 20 21 39 42 52 65 5460
2 3 20 21 39 42 52 70 5460
2 3 20 21 39 42 52 105 5460
2 3 20 21 39 42 60 65 5460
2 3 20 21 39 42 60 78 5460
2 3 20 21 39 42 60 91 5460
2 3 20 21 39 42 65 84 5460
2 3 20 21 39 44 55 91 60060
2 3 20 21 39 44 65 77 60060
2 3 20 21 39 45 52 63 16380
2 3 20 21 39 45 52 126 16380
2 3 20 21 39 48 65 112 21840
2 3 20 21 39 48 80 91 21840
2 3 20 21 39 52 55 77 60060
2 3 20 21 39 52 56 120 10920
2 3 20 21 39 52 60 70 5460
2 3 20 21 39 52 60 84 5460
2 3 20 21 39 52 60 91 5460
2 3 20 21 39 52 60 105 5460
2 3 20 21 39 52 63 90 16380
2 3 20 21 39 52 65 70 5460
2 3 20 21 39 52 65 84 5460
2 3 20 21 39 52 65 91 5460
2 3 20 21 39 52 65 105 5460
2 3 20 21 39 52 70 78 5460
2 3 20 21 39 52 70 84 5460
2 3 20 21 39 52 70 91 5460
2 3 20 21 39 56 60 104 10920
2 3 20 21 39 60 65 70 5460
2 3 20 21 39 60 65 84 5460
2 3 20 21 39 60 70 78 5460
2 3 20 21 40 41 56 82 34440
2 3 20 21 40 41 56 123 34440
2 3 20 21 40 42 44 88 9240
2 3 20 21 40 42 45 72 2520
2 3 20 21 40 42 48 80 1680
2 3 20 21 40 42 48 112 1680
2 3 20 21 40 42 52 104 10920
2 3 20 21 40 42 55 88 9240
2 3 20 21 40 42 56 60 840
2 3 20 21 40 42 56 70 840
2 3 20 21 40 42 56 84 840
2 3 20 21 40 42 56 105 840
2 3 20 21 40 42 56 120 840
2 3 20 21 40 42 60 120 840
2 3 20 21 40 42 63 72 2520
2 3 20 21 40 42 65 104 10920
2 3 20 21 40 42 66 88 9240
2 3 20 21 40 42 70 120 840
2 3 20 21 40 42 72 90 2520
2 3 20 21 40 42 72 126 2520
2 3 20 21 40 42 77 88 9240
2 3 20 21 40 42 78 104 10920
2 3 20 21 40 42 80 112 1680
2 3 20 21 40 42 88 110 9240
2 3 20 21 40 42 91 104 10920
2 3 20 21 40 43 56 86 36120
2 3 20 21 40 44 55 56 9240
2 3 20 21 40 44 56 66 9240
2 3 20 21 40 44 56 77 9240
2 3 20 21 40 44 56 88 9240
2 3 20 21 40 44 56 110 9240
2 3 20 21 40 44 70 88 9240
2 3 20 21 40 44 77 88 9240
2 3 20 21 40 44 84 88 9240
2 3 20 21 40 45 56 63 2520
2 3 20 21 40 45 56 72 2520
2 3 20 21 40 45 56 90 2520
2 3 20 21 40 45 56 126 2520
2 3 20 21 40 45 63 72 2520
2 3 20 21 40 45 63 120 2520
2 3 20 21 40 45 70 72 2520
2 3 20 21 40 45 72 84 2520
2 3 20 21 40 45 72 105 2520
2 3 20 21 40 46 56 69 19320
2 3 20 21 40 46 56 92 19320
2 3 20 21 40 46 56 115 19320
2 3 20 21 40 47 56 94 39480
2 3 20 21 40 48 56 80 1680
2 3 20 21 40 48 56 112 1680
2 3 20 21 40 48 60 112 1680
2 3 20 21 40 48 70 80 1680
2 3 20 21 40 48 80 84 1680
2 3 20 21 40 49 56 98 5880
2 3 20 21 40 50 56 75 4200
2 3 20 21 40 50 56 100 4200
2 3 20 21 40 51 56 68 14280
2 3 20 21 40 51 56 85 14280
2 3 20 21 40 51 56 102 14280
2 3 20 21 40 51 56 119 14280
2 3 20 21 40 52 56 65 10920
2 3 20 21 40 52 56 78 10920
2 3 20 21 40 52 56 91 10920
2 3 20 21 40 52 56 104 10920
2 3 20 21 40 53 56 106 44520
2 3 20 21 40 54 56 108 7560
2 3 20 21 40 55 56 66 9240
2 3 20 21 40 55 56 77 9240
2 3 20 21 40 55 56 88 9240
2 3 20 21 40 55 56 110 9240
2 3 20 21 40 56 57 76 15960
2 3 20 21 40 56 57 95 15960
2 3 20 21 40 56 57 114 15960
2 3 20 21 40 56 58 87 24360
2 3 20 21 40 56 60 70 840
2 3 20 21 40 56 60 84 840
2 3 20 21 40 56 62 93 26040
2 3 20 21 40 56 63 72 2520
2 3 20 21 40 56 63 90 2520
2 3 20 21 40 56 65 78 10920
2 3 20 21 40 56 65 91 10920
2 3 20 21 40 56 66 77 9240
2 3 20 21 40 56 66 88 9240
2 3 20 21 40 56 68 85 14280
2 3 20 21 40 60 63 72 2520
2 3 20 21 41 42 60 82 17220
2 3 20 21 41 42 60 123 17220
2 3 20 21 42 43 60 86 18060
2 3 20 21 42 44 45 99 13860
2 3 20 21 42 44 55 60 4620
2 3 20 21 42 44 55 66 4620
2 3 20 21 42 44 55 70 4620
2 3 20 21 42 44 55 77 4620
2 3 20 21 42 44 55 84 4620
2 3 20 21 42 44 55 105 4620
2 3 20 21 42 44 55 110 4620
2 3 20 21 42 44 60 66 4620
2 3 20 21 42 44 60 77 4620
2 3 20 21 42 44 60 110 4620
2 3 20 21 42 44 66 70 4620
2 3 20 21 42 44 66 105 4620
2 3 20 21 42 44 66 110 4620
2 3 20 21 42 44 70 77 4620
2 3 20 21 42 44 70 110 4620
2 3 20 21 42 45 52 117 16380
2 3 20 21 42 45 54 108 3780
2 3 20 21 42 45 56 72 2520
2 3 20 21 42 45 60 63 1260
2 3 20 21 42 45 60 90 1260
2 3 20 21 42 45 60 126 1260
2 3 20 21 42 45 63 84 1260
2 3 20 21 42 46 60 69 9660
2 3 20 21 42 46 60 92 9660
2 3 20 21 42 46 60 115 9660
2 3 20 21 42 46 70 92 9660
2 3 20 21 42 47 60 94 19740
2 3 20 21 42 48 56 80 1680
2 3 20 21 42 48 60 80 1680
2 3 20 21 42 48 60 112 1680
2 3 20 21 42 48 70 80 1680
2 3 20 21 42 49 60 98 2940
2 3 20 21 42 50 60 75 2100
2 3 20 21 42 50 60 100 2100
2 3 20 21 42 51 60 68 7140
2 3 20 21 42 51 60 85 7140
2 3 20 21 42 51 60 102 7140
2 3 20 21 42 51 68 70 7140
2 3 20 21 42 51 68 85 7140
2 3 20 21 42 52 60 65 5460
2 3 20 21 42 52 60 78 5460
2 3 20 21 42 52 60 91 5460
2 3 20 21 42 52 65 70 5460
2 3 20 21 42 52 65 78 5460
2 3 20 21 42 52 65 84 5460
2 3 20 21 42 52 65 91 5460
2 3 20 21 42 52 70 78 5460
2 3 20 21 42 55 56 88 9240
2 3 20 21 42 55 60 66 4620
2 3 20 21 42 55 60 77 4620
2 3 20 21 42 57 60 76 7980
2 3 20 21 42 58 60 87 12180
2 3 20 21 44 45 55 63 13860
2 3 20 21 44 45 55 126 13860
2 3 20 21 44 45 63 66 13860
2 3 20 21 44 45 63 77 13860
2 3 20 21 44 45 63 99 13860
2 3 20 21 44 45 63 110 13860
2 3 20 21 44 45 70 99 13860
2 3 20 21 44 48 55 112 18480
2 3 20 21 44 49 55 98 32340
2 3 20 21 44 52 55 91 60060
2 3 20 21 44 52 65 77 60060
2 3 20 21 44 55 56 88 9240
2 3 20 21 44 55 60 70 4620
2 3 20 21 44 55 60 77 4620
2 3 20 21 44 55 60 84 4620
2 3 20 21 44 55 66 70 4620
2 3 20 21 45 46 63 92 28980
2 3 20 21 45 48 63 80 5040
2 3 20 21 45 51 63 68 21420
2 3 20 21 45 52 63 65 16380
2 3 20 21 45 52 63 78 16380
2 3 20 21 45 56 60 72 2520
2 3 20 21 45 56 63 72 2520
2 3 20 22 23 24 88 115 30360
2 3 20 22 23 30 33 92 15180
2 3 20 22 23 30 44 46 15180
2 3 20 22 23 30 44 69 15180
2 3 20 22 23 30 44 92 15180
2 3 20 22 23 30 44 115 15180
2 3 20 22 23 30 55 92 15180
2 3 20 22 23 30 66 92 15180
2 3 20 22 23 30 92 110 15180
2 3 20 22 23 33 44 115 15180
2 3 20 22 23 33 46 60 15180
2 3 20 22 23 33 55 92 15180
2 3 20 22 23 33 60 69 15180
2 3 20 22 23 33 60 92 15180
2 3 20 22 23 33 60 115 15180
2 3 20 22 23 33 92 110 15180
2 3 20 22 23 33 92 115 15180
2 3 20 22 23 36 99 115 45540
2 3 20 22 23 40 69 88 30360
2 3 20 22 23 44 46 60 15180
2 3 20 22 23 44 55 69 15180
2 3 20 22 23 44 60 69 15180
2 3 20 22 23 44 60 92 15180
2 3 20 22 23 44 60 115 15180
2 3 20 22 23 44 66 115 15180
2 3 20 22 23 44 69 110 15180
2 3 20 22 23 44 69 115 15180
2 3 20 22 23 45 92 99 45540
2 3 20 22 23 46 55 60 15180
2 3 20 22 23 46 60 66 15180
2 3 20 22 23 46 60 110 15180
2 3 20 22 23 46 88 120 30360
2 3 20 22 23 55 60 69 15180
2 3 20 22 23 55 60 92 15180
2 3 20 22 23 55 60 115 15180
2 3 20 22 23 55 66 92 15180
2 3 20 22 23 55 69 92 15180
2 3 20 22 23 60 66 69 15180
2 3 20 22 23 60 66 92 15180
2 3 20 22 23 60 66 115 15180
2 3 20 22 23 60 69 110 15180
2 3 20 22 23 60 92 110 15180
2 3 20 22 23 60 110 115 15180
2 3 20 22 23 66 92 110 15180
2 3 20 22 23 66 92 115 15180
2 3 20 22 23 69 88 120 30360
2 3 20 22 23 69 92 110 15180
2 3 20 22 23 77 84 115 106260
2 3 20 22 23 77 92 105 106260
2 3 20 22 23 88 92 120 30360
2 3 20 22 23 88 115 120 30360
2 3 20 22 23 90 92 99 45540
2 3 20 22 24 25 50 88 6600
2 3 20 22 24 25 75 88 6600
2 3 20 22 24 25 88 100 6600
2 3 20 22 24 26 55 104 17160
2 3 20 22 24 26 65 88 17160
2 3 20 22 24 26 104 110 17160
2 3 20 22 24 28 35 88 9240
2 3 20 22 24 28 40 77 9240
2 3 20 22 24 28 55 56 9240
2 3 20 22 24 28 56 110 9240
2 3 20 22 24 28 70 88 9240
2 3 20 22 24 28 77 120 9240
2 3 20 22 24 28 88 105 9240
2 3 20 22 24 30 33 40 1320
2 3 20 22 24 30 33 88 1320
2 3 20 22 24 30 33 120 1320
2 3 20 22 24 30 40 44 1320
2 3 20 22 24 30 40 55 1320
2 3 20 22 24 30 40 66 1320
2 3 20 22 24 30 40 88 1320
2 3 20 22 24 30 40 110 1320
2 3 20 22 24 30 44 88 1320
2 3 20 22 24 30 44 120 1320
2 3 20 22 24 30 55 88 1320
2 3 20 22 24 30 55 120 1320
2 3 20 22 24 30 56 77 9240
2 3 20 22 24 30 60 88 1320
2 3 20 22 24 30 66 88 1320
2 3 20 22 24 30 66 120 1320
2 3 20 22 24 30 72 99 3960
2 3 20 22 24 30 88 110 1320
2 3 20 22 24 30 88 120 1320
2 3 20 22 24 30 110 120 1320
2 3 20 22 24 32 55 96 5280
2 3 20 22 24 32 96 110 5280
2 3 20 22 24 33 35 56 9240
2 3 20 22 24 33 40 44 1320
2 3 20 22 24 33 40 55 1320
2 3 20 22 24 33 40 60 1320
2 3 20 22 24 33 40 66 1320
2 3 20 22 24 33 40 88 1320
2 3 20 22 24 33 40 110 1320
2 3 20 22 24 33 40 120 1320
2 3 20 22 24 33 44 120 1320
2 3 20 22 24 33 45 72 3960
2 3 20 22 24 33 48 80 2640
2 3 20 22 24 33 55 88 1320
2 3 20 22 24 33 55 120 1320
2 3 20 22 24 33 56 70 9240
2 3 20 22 24 33 56 105 9240
2 3 20 22 24 33 60 88 1320
2 3 20 22 24 33 60 120 1320
2 3 20 22 24 33 65 104 17160
2 3 20 22 24 33 66 120 1320
2 3 20 22 24 33 72 90 3960
2 3 20 22 24 33 88 110 1320
2 3 20 22 24 33 88 120 1320
2 3 20 22 24 33 110 120 1320
2 3 20 22 24 34 85 88 22440
2 3 20 22 24 35 40 77 9240
2 3 20 22 24 35 42 88 9240
2 3 20 22 24 35 44 56 9240
2 3 20 22 24 35 55 56 9240
2 3 20 22 24 35 56 66 9240
2 3 20 22 24 35 56 77 9240
2 3 20 22 24 35 56 88 9240
2 3 20 22 24 35 56 110 9240
2 3 20 22 24 35 70 88 9240
2 3 20 22 24 35 77 88 9240
2 3 20 22 24 35 77 120 9240
2 3 20 22 24 35 84 88 9240
2 3 20 22 24 35 88 105 9240
2 3 20 22 24 36 40 99 3960
2 3 20 22 24 36 45 88 3960
2 3 20 22 24 36 55 72 3960
2 3 20 22 24 36 72 110 3960
2 3 20 22 24 36 88 90 3960
2 3 20 22 24 36 99 120 3960
2 3 20 22 24 38 88 95 25080
2 3 20 22 24 39 55 104 17160
2 3 20 22 24 39 65 88 17160
2 3 20 22 24 39 104 110 17160
2 3 20 22 24 40 42 77 9240
2 3 20 22 24 40 44 55 1320
2 3 20 22 24 40 44 60 1320
2 3 20 22 24 40 44 66 1320
2 3 20 22 24 40 44 88 1320
2 3 20 22 24 40 44 110 1320
2 3 20 22 24 40 44 120 1320
2 3 20 22 24 40 45 99 3960
2 3 20 22 24 40 55 60 1320
2 3 20 22 24 40 55 66 1320
2 3 20 22 24 40 55 88 1320
2 3 20 22 24 40 55 110 1320
2 3 20 22 24 40 55 120 1320
2 3 20 22 24 40 56 77 9240
2 3 20 22 24 40 60 66 1320
2 3 20 22 24 40 60 88 1320
2 3 20 22 24 40 60 110 1320
2 3 20 22 24 40 66 88 1320
2 3 20 22 24 40 66 110 1320
2 3 20 22 24 40 66 120 1320
2 3 20 22 24 40 70 77 9240
2 3 20 22 24 40 72 99 3960
2 3 20 22 24 40 77 84 9240
2 3 20 22 24 40 77 105 9240
2 3 20 22 24 40 88 110 1320
2 3 20 22 24 40 88 120 1320
2 3 20 22 24 40 90 99 3960
2 3 20 22 24 40 110 120 1320
2 3 20 22 24 42 55 56 9240
2 3 20 22 24 42 56 110 9240
2 3 20 22 24 42 70 88 9240
2 3 20 22 24 42 77 120 9240
2 3 20 22 24 42 88 105 9240
2 3 20 22 24 44 45 72 3960
2 3 20 22 24 44 48 80 2640
2 3 20 22 24 44 55 88 1320
2 3 20 22 24 44 55 120 1320
2 3 20 22 24 44 56 70 9240
2 3 20 22 24 44 56 105 9240
2 3 20 22 24 44 60 88 1320
2 3 20 22 24 44 60 120 1320
2 3 20 22 24 44 65 104 17160
2 3 20 22 24 44 66 120 1320
2 3 20 22 24 44 72 90 3960
2 3 20 22 24 44 88 110 1320
2 3 20 22 24 44 88 120 1320
2 3 20 22 24 44 110 120 1320
2 3 20 22 24 45 55 72 3960
2 3 20 22 24 45 66 72 3960
2 3 20 22 24 45 72 88 3960
2 3 20 22 24 45 72 99 3960
2 3 20 22 24 45 72 110 3960
2 3 20 22 24 45 88 90 3960
2 3 20 22 24 45 88 99 3960
2 3 20 22 24 45 99 120 3960
2 3 20 22 24 46 88 115 30360
2 3 20 22 24 48 55 80 2640
2 3 20 22 24 48 66 80 2640
2 3 20 22 24 48 80 88 2640
2 3 20 22 24 48 80 110 2640
2 3 20 22 24 50 75 88 6600
2 3 20 22 24 50 88 100 6600
2 3 20 22 24 51 85 88 22440
2 3 20 22 24 52 55 104 17160
2 3 20 22 24 52 65 88 17160
2 3 20 22 24 52 104 110 17160
2 3 20 22 24 55 56 70 9240
2 3 20 22 24 55 56 77 9240
2 3 20 22 24 55 56 84 9240
2 3 20 22 24 55 56 105 9240
2 3 20 22 24 55 60 88 1320
2 3 20 22 24 55 60 120 1320
2 3 20 22 24 55 65 104 17160
2 3 20 22 24 55 66 88 1320
2 3 20 22 24 55 66 120 1320
2 3 20 22 24 55 72 90 3960
2 3 20 22 24 55 72 99 3960
2 3 20 22 24 55 78 104 17160
2 3 20 22 24 55 88 110 1320
2 3 20 22 24 55 88 120 1320
2 3 20 22 24 55 110 120 1320
2 3 20 22 24 56 60 77 9240
2 3 20 22 24 56 66 70 9240
2 3 20 22 24 56 66 105 9240
2 3 20 22 24 56 70 77 9240
2 3 20 22 24 56 70 88 9240
2 3 20 22 24 56 70 110 9240
2 3 20 22 24 56 77 105 9240
2 3 20 22 24 56 77 110 9240
2 3 20 22 24 56 77 120 9240
2 3 20 22 24 56 84 110 9240
2 3 20 22 24 56 88 105 9240
2 3 20 22 24 56 105 110 9240
2 3 20 22 24 57 88 95 25080
2 3 20 22 24 60 66 88 1320
2 3 20 22 24 60 66 120 1320
2 3 20 22 24 60 72 99 3960
2 3 20 22 24 60 88 110 1320
2 3 20 22 24 60 88 120 1320
2 3 20 22 24 60 110 120 1320
2 3 20 22 24 65 66 104 17160
2 3 20 22 24 65 78 88 17160
2 3 20 22 24 65 88 104 17160
2 3 20 22 24 65 104 110 17160
2 3 20 22 24 66 72 90 3960
2 3 20 22 24 66 88 110 1320
2 3 20 22 24 66 88 120 1320
2 3 20 22 24 66 110 120 1320
2 3 20 22 24 68 85 88 22440
2 3 20 22 24 69 88 115 30360
2 3 20 22 24 70 77 88 9240
2 3 20 22 24 70 77 120 9240
2 3 20 22 24 70 84 88 9240
2 3 20 22 24 70 88 105 9240
2 3 20 22 24 72 88 90 3960
2 3 20 22 24 72 90 99 3960
2 3 20 22 24 72 90 110 3960
2 3 20 22 24 72 99 110 3960
2 3 20 22 24 72 99 120 3960
2 3 20 22 24 75 88 100 6600
2 3 20 22 24 76 88 95 25080
2 3 20 22 24 77 80 112 18480
2 3 20 22 24 77 84 120 9240
2 3 20 22 24 77 88 105 9240
2 3 20 22 24 77 105 120 9240
2 3 20 22 24 78 104 110 17160
2 3 20 22 24 84 88 105 9240
2 3 20 22 24 85 88 102 22440
2 3 20 22 24 88 90 99 3960
2 3 20 22 24 88 92 115 30360
2 3 20 22 24 88 95 114 25080
2 3 20 22 25 28 75 77 23100
2 3 20 22 25 30 33 100 3300
2 3 20 22 25 30 44 50 3300
2 3 20 22 25 30 44 75 3300
2 3 20 22 25 30 44 100 3300
2 3 20 22 25 30 55 100 3300
2 3 20 22 25 30 66 100 3300
2 3 20 22 25 30 100 110 3300
2 3 20 22 25 33 44 50 3300
2 3 20 22 25 33 44 75 3300
2 3 20 22 25 33 44 100 3300
2 3 20 22 25 33 50 60 3300
2 3 20 22 25 33 50 100 3300
2 3 20 22 25 33 55 100 3300
2 3 20 22 25 33 60 75 3300
2 3 20 22 25 33 60 100 3300
2 3 20 22 25 33 66 100 3300
2 3 20 22 25 33 75 100 3300
2 3 20 22 25 33 100 110 3300
2 3 20 22 25 36 50 99 9900
2 3 20 22 25 36 75 99 9900
2 3 20 22 25 36 99 100 9900
2 3 20 22 25 40 75 88 6600
2 3 20 22 25 42 77 100 23100
2 3 20 22 25 44 50 60 3300
2 3 20 22 25 44 50 66 3300
2 3 20 22 25 44 50 75 3300
2 3 20 22 25 44 55 75 3300
2 3 20 22 25 44 60 75 3300
2 3 20 22 25 44 60 100 3300
2 3 20 22 25 44 66 75 3300
2 3 20 22 25 44 66 100 3300
2 3 20 22 25 44 75 100 3300
2 3 20 22 25 44 75 110 3300
2 3 20 22 25 45 99 100 9900
2 3 20 22 25 50 55 60 3300
2 3 20 22 25 50 60 66 3300
2 3 20 22 25 50 60 110 3300
2 3 20 22 25 50 66 100 3300
2 3 20 22 25 50 77 84 23100
2 3 20 22 25 50 88 120 6600
2 3 20 22 25 55 60 75 3300
2 3 20 22 25 55 60 100 3300
2 3 20 22 25 55 66 100 3300
2 3 20 22 25 55 75 100 3300
2 3 20 22 25 60 66 75 3300
2 3 20 22 25 60 66 100 3300
2 3 20 22 25 60 75 110 3300
2 3 20 22 25 60 100 110 3300
2 3 20 22 25 66 75 100 3300
2 3 20 22 25 66 100 110 3300
2 3 20 22 25 75 77 84 23100
2 3 20 22 25 75 88 120 6600
2 3 20 22 25 75 100 110 3300
2 3 20 22 25 77 84 100 23100
2 3 20 22 25 77 100 105 23100
2 3 20 22 26 30 33 52 8580
2 3 20 22 26 30 39 44 8580
2 3 20 22 26 30 44 52 8580
2 3 20 22 26 30 44 65 8580
2 3 20 22 26 30 44 78 8580
2 3 20 22 26 30 52 55 8580
2 3 20 22 26 30 52 66 8580
2 3 20 22 26 30 52 110 8580
2 3 20 22 26 30 88 104 17160
2 3 20 22 26 33 39 60 8580
2 3 20 22 26 33 40 104 17160
2 3 20 22 26 33 44 65 8580
2 3 20 22 26 33 52 55 8580
2 3 20 22 26 33 52 60 8580
2 3 20 22 26 33 52 65 8580
2 3 20 22 26 33 52 110 8580
2 3 20 22 26 33 60 65 8580
2 3 20 22 26 33 60 78 8580
2 3 20 22 26 33 104 120 17160
2 3 20 22 26 36 55 117 25740
2 3 20 22 26 36 65 99 25740
2 3 20 22 26 36 110 117 25740
2 3 20 22 26 39 40 88 17160
2 3 20 22 26 39 44 55 8580
2 3 20 22 26 39 44 60 8580
2 3 20 22 26 39 44 65 8580
2 3 20 22 26 39 44 110 8580
2 3 20 22 26 39 52 55 8580
2 3 20 22 26 39 52 110 8580
2 3 20 22 26 39 55 60 8580
2 3 20 22 26 39 60 66 8580
2 3 20 22 26 39 60 110 8580
2 3 20 22 26 39 88 120 17160
2 3 20 22 26 40 66 104 17160
2 3 20 22 26 40 78 88 17160
2 3 20 22 26 44 45 117 25740
2 3 20 22 26 44 52 60 8580
2 3 20 22 26 44 55 78 8580
2 3 20 22 26 44 60 65 8580
2 3 20 22 26 44 60 78 8580
2 3 20 22 26 44 65 66 8580
2 3 20 22 26 44 65 78 8580
2 3 20 22 26 44 78 110 8580
2 3 20 22 26 44 90 117 25740
2 3 20 22 26 44 91 105 60060
2 3 20 22 26 44 104 120 17160
2 3 20 22 26 45 52 99 25740
2 3 20 22 26 52 55 60 8580
2 3 20 22 26 52 55 66 8580
2 3 20 22 26 52 55 78 8580
2 3 20 22 26 52 60 66 8580
2 3 20 22 26 52 60 110 8580
2 3 20 22 26 52 65 66 8580
2 3 20 22 26 52 66 110 8580
2 3 20 22 26 52 77 105 60060
2 3 20 22 26 52 78 110 8580
2 3 20 22 26 52 88 120 17160
2 3 20 22 26 52 90 99 25740
2 3 20 22 26 55 60 65 8580
2 3 20 22 26 55 60 78 8580
2 3 20 22 26 55 84 91 60060
2 3 20 22 26 55 104 120 17160
2 3 20 22 26 60 65 66 8580
2 3 20 22 26 60 65 110 8580
2 3 20 22 26 60 66 78 8580
2 3 20 22 26 60 77 91 60060
2 3 20 22 26 60 78 110 8580
2 3 20 22 26 60 88 104 17160
2 3 20 22 26 60 99 117 25740
2 3 20 22 26 65 77 84 60060
2 3 20 22 26 65 88 120 17160
2 3 20 22 26 66 104 120 17160
2 3 20 22 27 30 33 108 5940
2 3 20 22 27 30 44 54 5940
2 3 20 22 27 30 44 108 5940
2 3 20 22 27 30 55 108 5940
2 3 20 22 27 30 66 108 5940
2 3 20 22 27 30 99 108 5940
2 3 20 22 27 30 108 110 5940
2 3 20 22 27 33 45 108 5940
2 3 20 22 27 33 54 60 5940
2 3 20 22 27 33 55 108 5940
2 3 20 22 27 33 60 108 5940
2 3 20 22 27 33 90 108 5940
2 3 20 22 27 33 108 110 5940
2 3 20 22 27 35 77 108 41580
2 3 20 22 27 36 54 55 5940
2 3 20 22 27 36 54 110 5940
2 3 20 22 27 36 55 108 5940
2 3 20 22 27 36 108 110 5940
2 3 20 22 27 40 54 88 11880
2 3 20 22 27 40 88 108 11880
2 3 20 22 27 44 45 54 5940
2 3 20 22 27 44 45 108 5940
2 3 20 22 27 44 54 55 5940
2 3 20 22 27 44 54 60 5940
2 3 20 22 27 44 54 90 5940
2 3 20 22 27 44 54 110 5940
2 3 20 22 27 44 55 108 5940
2 3 20 22 27 44 60 108 5940
2 3 20 22 27 44 90 108 5940
2 3 20 22 27 44 108 110 5940
2 3 20 22 27 45 55 108 5940
2 3 20 22 27 45 66 108 5940
2 3 20 22 27 45 99 108 5940
2 3 20 22 27 45 108 110 5940
2 3 20 22 27 54 55 60 5940
2 3 20 22 27 54 55 108 5940
2 3 20 22 27 54 60 66 5940
2 3 20 22 27 54 60 99 5940
2 3 20 22 27 54 60 110 5940
2 3 20 22 27 54 88 120 11880
2 3 20 22 27 54 108 110 5940
2 3 20 22 27 55 60 108 5940
2 3 20 22 27 55 66 108 5940
2 3 20 22 27 55 90 108 5940
2 3 20 22 27 55 99 108 5940
2 3 20 22 27 55 108 110 5940
2 3 20 22 27 60 66 108 5940
2 3 20 22 27 60 99 108 5940
2 3 20 22 27 60 108 110 5940
2 3 20 22 27 66 90 108 5940
2 3 20 22 27 70 77 108 41580
2 3 20 22 28 30 33 35 4620
2 3 20 22 28 30 33 42 4620
2 3 20 22 28 30 33 70 4620
2 3 20 22 28 30 33 77 4620
2 3 20 22 28 30 33 84 4620
2 3 20 22 28 30 33 105 4620
2 3 20 22 28 30 35 44 4620
2 3 20 22 28 30 35 55 4620
2 3 20 22 28 30 35 66 4620
2 3 20 22 28 30 35 77 4620
2 3 20 22 28 30 35 110 4620
2 3 20 22 28 30 42 44 4620
2 3 20 22 28 30 42 55 4620
2 3 20 22 28 30 42 66 4620
2 3 20 22 28 30 42 77 4620
2 3 20 22 28 30 42 110 4620
2 3 20 22 28 30 44 70 4620
2 3 20 22 28 30 44 77 4620
2 3 20 22 28 30 44 84 4620
2 3 20 22 28 30 44 105 4620
2 3 20 22 28 30 55 70 4620
2 3 20 22 28 30 55 77 4620
2 3 20 22 28 30 55 84 4620
2 3 20 22 28 30 55 105 4620
2 3 20 22 28 30 56 88 9240
2 3 20 22 28 30 60 77 4620
2 3 20 22 28 30 63 99 13860
2 3 20 22 28 30 66 70 4620
2 3 20 22 28 30 66 77 4620
2 3 20 22 28 30 66 84 4620
2 3 20 22 28 30 66 105 4620
2 3 20 22 28 30 70 77 4620
2 3 20 22 28 30 70 110 4620
2 3 20 22 28 30 77 84 4620
2 3 20 22 28 30 77 105 4620
2 3 20 22 28 30 77 110 4620
2 3 20 22 28 30 84 110 4620
2 3 20 22 28 30 99 126 13860
2 3 20 22 28 30 105 110 4620
2 3 20 22 28 33 35 42 4620
2 3 20 22 28 33 35 44 4620
2 3 20 22 28 33 35 55 4620
2 3 20 22 28 33 35 60 4620
2 3 20 22 28 33 35 66 4620
2 3 20 22 28 33 35 70 4620
2 3 20 22 28 33 35 77 4620
2 3 20 22 28 33 35 84 4620
2 3 20 22 28 33 35 105 4620
2 3 20 22 28 33 35 110 4620
2 3 20 22 28 33 40 56 9240
2 3 20 22 28 33 42 55 4620
2 3 20 22 28 33 42 60 4620
2 3 20 22 28 33 42 70 4620
2 3 20 22 28 33 42 105 4620
2 3 20 22 28 33 42 110 4620
2 3 20 22 28 33 44 70 4620
2 3 20 22 28 33 44 105 4620
2 3 20 22 28 33 45 63 13860
2 3 20 22 28 33 45 126 13860
2 3 20 22 28 33 55 70 4620
2 3 20 22 28 33 55 77 4620
2 3 20 22 28 33 55 84 4620
2 3 20 22 28 33 55 105 4620
2 3 20 22 28 33 56 120 9240
2 3 20 22 28 33 60 70 4620
2 3 20 22 28 33 60 77 4620
2 3 20 22 28 33 60 84 4620
2 3 20 22 28 33 60 105 4620
2 3 20 22 28 33 63 90 13860
2 3 20 22 28 33 65 91 60060
2 3 20 22 28 33 66 70 4620
2 3 20 22 28 33 66 105 4620
2 3 20 22 28 33 70 77 4620
2 3 20 22 28 33 70 84 4620
2 3 20 22 28 33 70 105 4620
2 3 20 22 28 33 70 110 4620
2 3 20 22 28 33 77 105 4620
2 3 20 22 28 33 77 110 4620
2 3 20 22 28 33 80 112 18480
2 3 20 22 28 33 84 105 4620
2 3 20 22 28 33 84 110 4620
2 3 20 22 28 33 85 119 78540
2 3 20 22 28 33 90 126 13860
2 3 20 22 28 33 105 110 4620
2 3 20 22 28 35 36 99 13860
2 3 20 22 28 35 42 44 4620
2 3 20 22 28 35 42 55 4620
2 3 20 22 28 35 42 66 4620
2 3 20 22 28 35 42 77 4620
2 3 20 22 28 35 42 110 4620
2 3 20 22 28 35 44 60 4620
2 3 20 22 28 35 44 66 4620
2 3 20 22 28 35 44 84 4620
2 3 20 22 28 35 44 105 4620
2 3 20 22 28 35 45 99 13860
2 3 20 22 28 35 55 60 4620
2 3 20 22 28 35 55 66 4620
2 3 20 22 28 35 55 84 4620
2 3 20 22 28 35 55 105 4620
2 3 20 22 28 35 60 66 4620
2 3 20 22 28 35 60 77 4620
2 3 20 22 28 35 60 110 4620
2 3 20 22 28 35 63 99 13860
2 3 20 22 28 35 66 70 4620
2 3 20 22 28 35 66 77 4620
2 3 20 22 28 35 66 84 4620
2 3 20 22 28 35 66 105 4620
2 3 20 22 28 35 66 110 4620
2 3 20 22 28 35 77 84 4620
2 3 20 22 28 35 77 105 4620
2 3 20 22 28 35 84 110 4620
2 3 20 22 28 35 88 120 9240
2 3 20 22 28 35 90 99 13860
2 3 20 22 28 35 99 126 13860
2 3 20 22 28 35 105 110 4620
2 3 20 22 28 36 45 77 13860
2 3 20 22 28 36 55 63 13860
2 3 20 22 28 36 55 126 13860
2 3 20 22 28 36 63 110 13860
2 3 20 22 28 36 70 99 13860
2 3 20 22 28 36 77 90 13860
2 3 20 22 28 36 99 105 13860
2 3 20 22 28 36 110 126 13860
2 3 20 22 28 39 55 91 60060
2 3 20 22 28 39 65 77 60060
2 3 20 22 28 39 91 110 60060
2 3 20 22 28 40 42 88 9240
2 3 20 22 28 40 56 66 9240
2 3 20 22 28 40 77 120 9240
2 3 20 22 28 40 84 88 9240
2 3 20 22 28 40 88 105 9240
2 3 20 22 28 42 44 55 4620
2 3 20 22 28 42 44 60 4620
2 3 20 22 28 42 44 70 4620
2 3 20 22 28 42 44 105 4620
2 3 20 22 28 42 44 110 4620
2 3 20 22 28 42 45 99 13860
2 3 20 22 28 42 55 60 4620
2 3 20 22 28 42 55 66 4620
2 3 20 22 28 42 55 70 4620
2 3 20 22 28 42 55 77 4620
2 3 20 22 28 42 55 84 4620
2 3 20 22 28 42 55 105 4620
2 3 20 22 28 42 55 110 4620
2 3 20 22 28 42 60 66 4620
2 3 20 22 28 42 60 77 4620
2 3 20 22 28 42 60 110 4620
2 3 20 22 28 42 66 70 4620
2 3 20 22 28 42 66 105 4620
2 3 20 22 28 42 66 110 4620
2 3 20 22 28 42 70 77 4620
2 3 20 22 28 42 70 110 4620
2 3 20 22 28 42 77 105 4620
2 3 20 22 28 42 77 110 4620
2 3 20 22 28 42 84 110 4620
2 3 20 22 28 42 88 120 9240
2 3 20 22 28 42 90 99 13860
2 3 20 22 28 42 105 110 4620
2 3 20 22 28 44 45 63 13860
2 3 20 22 28 44 45 126 13860
2 3 20 22 28 44 55 84 4620
2 3 20 22 28 44 55 105 4620
2 3 20 22 28 44 56 120 9240
2 3 20 22 28 44 60 70 4620
2 3 20 22 28 44 60 77 4620
2 3 20 22 28 44 60 84 4620
2 3 20 22 28 44 60 105 4620
2 3 20 22 28 44 63 90 13860
2 3 20 22 28 44 66 70 4620
2 3 20 22 28 44 66 105 4620
2 3 20 22 28 44 70 84 4620
2 3 20 22 28 44 70 105 4620
2 3 20 22 28 44 77 105 4620
2 3 20 22 28 44 84 105 4620
2 3 20 22 28 44 84 110 4620
2 3 20 22 28 44 90 126 13860
2 3 20 22 28 44 105 110 4620
2 3 20 22 28 45 55 63 13860
2 3 20 22 28 45 55 126 13860
2 3 20 22 28 45 63 66 13860
2 3 20 22 28 45 63 77 13860
2 3 20 22 28 45 63 99 13860
2 3 20 22 28 45 63 110 13860
2 3 20 22 28 45 66 126 13860
2 3 20 22 28 45 70 99 13860
2 3 20 22 28 45 77 90 13860
2 3 20 22 28 45 77 99 13860
2 3 20 22 28 45 77 126 13860
2 3 20 22 28 45 84 99 13860
2 3 20 22 28 45 99 105 13860
2 3 20 22 28 45 99 126 13860
2 3 20 22 28 45 110 126 13860
2 3 20 22 28 48 55 112 18480
2 3 20 22 28 48 77 80 18480
2 3 20 22 28 48 110 112 18480
2 3 20 22 28 50 75 77 23100
2 3 20 22 28 51 55 119 78540
2 3 20 22 28 51 77 85 78540
2 3 20 22 28 51 110 119 78540
2 3 20 22 28 55 56 120 9240
2 3 20 22 28 55 60 70 4620
2 3 20 22 28 55 60 77 4620
2 3 20 22 28 55 60 84 4620
2 3 20 22 28 55 60 105 4620
2 3 20 22 28 55 63 90 13860
2 3 20 22 28 55 63 99 13860
2 3 20 22 28 55 63 126 13860
2 3 20 22 28 55 66 70 4620
2 3 20 22 28 55 66 77 4620
2 3 20 22 28 55 66 84 4620
2 3 20 22 28 55 66 105 4620
2 3 20 22 28 55 70 84 4620
2 3 20 22 28 55 70 105 4620
2 3 20 22 28 55 77 84 4620
2 3 20 22 28 55 77 105 4620
2 3 20 22 28 55 78 91 60060
2 3 20 22 28 55 84 105 4620
2 3 20 22 28 55 84 110 4620
2 3 20 22 28 55 90 126 13860
2 3 20 22 28 55 99 126 13860
2 3 20 22 28 55 102 119 78540
2 3 20 22 28 55 105 110 4620
2 3 20 22 28 56 60 88 9240
2 3 20 22 28 56 66 120 9240
2 3 20 22 28 56 77 120 9240
2 3 20 22 28 56 88 105 9240
2 3 20 22 28 56 88 120 9240
2 3 20 22 28 57 77 95 87780
2 3 20 22 28 60 63 99 13860
2 3 20 22 28 60 66 70 4620
2 3 20 22 28 60 66 77 4620
2 3 20 22 28 60 66 84 4620
2 3 20 22 28 60 66 105 4620
2 3 20 22 28 60 70 77 4620
2 3 20 22 28 60 70 110 4620
2 3 20 22 28 60 77 84 4620
2 3 20 22 28 60 77 105 4620
2 3 20 22 28 60 77 110 4620
2 3 20 22 28 60 84 110 4620
2 3 20 22 28 63 66 90 13860
2 3 20 22 28 63 70 99 13860
2 3 20 22 28 63 77 90 13860
2 3 20 22 28 63 90 99 13860
2 3 20 22 28 63 90 110 13860
2 3 20 22 28 65 66 91 60060
2 3 20 22 28 65 77 78 60060
2 3 20 22 28 66 70 77 4620
2 3 20 22 28 66 70 84 4620
2 3 20 22 28 66 70 105 4620
2 3 20 22 28 66 70 110 4620
2 3 20 22 28 66 77 105 4620
2 3 20 22 28 66 77 110 4620
2 3 20 22 28 66 80 112 18480
2 3 20 22 28 66 84 105 4620
2 3 20 22 28 66 84 110 4620
2 3 20 22 28 69 77 115 106260
2 3 20 22 28 70 77 84 4620
2 3 20 22 28 70 77 105 4620
2 3 20 22 28 75 77 100 23100
2 3 20 22 29 30 33 116 19140
2 3 20 22 29 30 44 58 19140
2 3 20 22 29 30 44 87 19140
2 3 20 22 29 30 44 116 19140
2 3 20 22 29 30 55 116 19140
2 3 20 22 29 30 66 116 19140
2 3 20 22 29 30 110 116 19140
2 3 20 22 29 33 55 116 19140
2 3 20 22 29 33 58 60 19140
2 3 20 22 29 33 60 87 19140
2 3 20 22 29 33 60 116 19140
2 3 20 22 29 33 110 116 19140
2 3 20 22 29 40 87 88 38280
2 3 20 22 29 44 55 87 19140
2 3 20 22 29 44 58 60 19140
2 3 20 22 29 44 60 87 19140
2 3 20 22 29 44 60 116 19140
2 3 20 22 29 44 87 110 19140
2 3 20 22 29 45 99 116 57420
2 3 20 22 29 55 58 60 19140
2 3 20 22 29 55 60 87 19140
2 3 20 22 29 55 60 116 19140
2 3 20 22 29 55 66 116 19140
2 3 20 22 29 55 87 116 19140
2 3 20 22 29 58 60 66 19140
2 3 20 22 29 58 60 110 19140
2 3 20 22 29 58 88 120 38280
2 3 20 22 29 60 66 87 19140
2 3 20 22 29 60 66 116 19140
2 3 20 22 29 60 87 110 19140
2 3 20 22 30 31 33 124 20460
2 3 20 22 30 31 44 62 20460
2 3 20 22 30 31 44 93 20460
2 3 20 22 30 31 44 124 20460
2 3 20 22 30 31 55 124 20460
2 3 20 22 30 31 66 124 20460
2 3 20 22 30 31 110 124 20460
2 3 20 22 30 32 33 96 5280
2 3 20 22 30 32 44 96 5280
2 3 20 22 30 32 55 96 5280
2 3 20 22 30 32 66 96 5280
2 3 20 22 30 32 88 96 5280
2 3 20 22 30 32 96 110 5280
2 3 20 22 30 33 34 68 11220
2 3 20 22 30 33 35 84 4620
2 3 20 22 30 33 36 45 1980
2 3 20 22 30 33 36 90 1980
2 3 20 22 30 33 36 99 1980
2 3 20 22 30 33 38 76 12540
2 3 20 22 30 33 39 52 8580
2 3 20 22 30 33 40 88 1320
2 3 20 22 30 33 40 120 1320
2 3 20 22 30 33 42 84 4620
2 3 20 22 30 33 44 55 660
2 3 20 22 30 33 44 60 660
2 3 20 22 30 33 44 66 660
2 3 20 22 30 33 44 110 660
2 3 20 22 30 33 46 92 15180
2 3 20 22 30 33 48 80 2640
2 3 20 22 30 33 50 100 3300
2 3 20 22 30 33 51 68 11220
2 3 20 22 30 33 52 65 8580
2 3 20 22 30 33 52 78 8580
2 3 20 22 30 33 54 108 5940
2 3 20 22 30 33 55 60 660
2 3 20 22 30 33 57 76 12540
2 3 20 22 30 33 58 116 19140
2 3 20 22 30 33 60 66 660
2 3 20 22 30 33 60 110 660
2 3 20 22 30 33 62 124 20460
2 3 20 22 30 33 68 85 11220
2 3 20 22 30 33 68 102 11220
2 3 20 22 30 33 69 92 15180
2 3 20 22 30 33 70 84 4620
2 3 20 22 30 33 75 100 3300
2 3 20 22 30 33 76 95 12540
2 3 20 22 30 33 76 114 12540
2 3 20 22 30 33 77 84 4620
2 3 20 22 30 33 84 105 4620
2 3 20 22 30 33 87 116 19140
2 3 20 22 30 33 88 120 1320
2 3 20 22 30 33 92 115 15180
2 3 20 22 30 33 93 124 20460
2 3 20 22 30 34 44 51 11220
2 3 20 22 30 34 44 68 11220
2 3 20 22 30 34 44 85 11220
2 3 20 22 30 34 44 102 11220
2 3 20 22 30 34 55 68 11220
2 3 20 22 30 34 66 68 11220
2 3 20 22 30 34 68 110 11220
2 3 20 22 30 35 42 44 4620
2 3 20 22 30 35 44 70 4620
2 3 20 22 30 35 44 77 4620
2 3 20 22 30 35 44 84 4620
2 3 20 22 30 35 44 105 4620
2 3 20 22 30 35 55 84 4620
2 3 20 22 30 35 56 88 9240
2 3 20 22 30 35 60 77 4620
2 3 20 22 30 35 66 84 4620
2 3 20 22 30 35 77 84 4620
2 3 20 22 30 35 84 110 4620
2 3 20 22 30 36 44 45 1980
2 3 20 22 30 36 44 90 1980
2 3 20 22 30 36 44 99 1980
2 3 20 22 30 36 45 55 1980
2 3 20 22 30 36 45 66 1980
2 3 20 22 30 36 45 99 1980
2 3 20 22 30 36 45 110 1980
2 3 20 22 30 36 55 90 1980
2 3 20 22 30 36 55 99 1980
2 3 20 22 30 36 60 99 1980
2 3 20 22 30 36 63 77 13860
2 3 20 22 30 36 66 90 1980
2 3 20 22 30 36 66 99 1980
2 3 20 22 30 36 72 88 3960
2 3 20 22 30 36 77 126 13860
2 3 20 22 30 36 90 99 1980
2 3 20 22 30 36 90 110 1980
2 3 20 22 30 36 99 110 1980
2 3 20 22 30 37 44 74 24420
2 3 20 22 30 37 44 111 24420
2 3 20 22 30 38 44 57 12540
2 3 20 22 30 38 44 76 12540
2 3 20 22 30 38 44 95 12540
2 3 20 22 30 38 44 114 12540
2 3 20 22 30 38 55 76 12540
2 3 20 22 30 38 66 76 12540
2 3 20 22 30 38 76 110 12540
2 3 20 22 30 39 44 52 8580
2 3 20 22 30 39 44 65 8580
2 3 20 22 30 39 44 78 8580
2 3 20 22 30 39 52 55 8580
2 3 20 22 30 39 52 66 8580
2 3 20 22 30 39 52 110 8580
2 3 20 22 30 39 88 104 17160
2 3 20 22 30 40 44 88 1320
2 3 20 22 30 40 44 120 1320
2 3 20 22 30 40 55 88 1320
2 3 20 22 30 40 55 120 1320
2 3 20 22 30 40 56 77 9240
2 3 20 22 30 40 60 88 1320
2 3 20 22 30 40 66 88 1320
2 3 20 22 30 40 66 120 1320
2 3 20 22 30 40 72 99 3960
2 3 20 22 30 40 88 110 1320
2 3 20 22 30 40 88 120 1320
2 3 20 22 30 40 110 120 1320
2 3 20 22 30 41 44 82 27060
2 3 20 22 30 41 44 123 27060
2 3 20 22 30 42 44 70 4620
2 3 20 22 30 42 44 77 4620
2 3 20 22 30 42 44 84 4620
2 3 20 22 30 42 44 105 4620
2 3 20 22 30 42 55 84 4620
2 3 20 22 30 42 56 88 9240
2 3 20 22 30 42 60 77 4620
2 3 20 22 30 42 66 84 4620
2 3 20 22 30 42 77 84 4620
2 3 20 22 30 42 84 110 4620
2 3 20 22 30 43 44 86 28380
2 3 20 22 30 44 45 90 1980
2 3 20 22 30 44 45 99 1980
2 3 20 22 30 44 46 69 15180
2 3 20 22 30 44 46 92 15180
2 3 20 22 30 44 46 115 15180
2 3 20 22 30 44 47 94 31020
2 3 20 22 30 44 48 80 2640
2 3 20 22 30 44 49 98 32340
2 3 20 22 30 44 50 75 3300
2 3 20 22 30 44 50 100 3300
2 3 20 22 30 44 51 68 11220
2 3 20 22 30 44 51 85 11220
2 3 20 22 30 44 51 102 11220
2 3 20 22 30 44 52 65 8580
2 3 20 22 30 44 52 78 8580
2 3 20 22 30 44 53 106 34980
2 3 20 22 30 44 54 108 5940
2 3 20 22 30 44 55 60 660
2 3 20 22 30 44 55 66 660
2 3 20 22 30 44 55 110 660
2 3 20 22 30 44 57 76 12540
2 3 20 22 30 44 57 95 12540
2 3 20 22 30 44 57 114 12540
2 3 20 22 30 44 58 87 19140
2 3 20 22 30 44 58 116 19140
2 3 20 22 30 44 59 118 38940
2 3 20 22 30 44 60 66 660
2 3 20 22 30 44 60 110 660
2 3 20 22 30 44 61 122 40260
2 3 20 22 30 44 62 93 20460
2 3 20 22 30 44 62 124 20460
2 3 20 22 30 44 63 126 13860
2 3 20 22 30 44 65 78 8580
2 3 20 22 30 44 66 110 660
2 3 20 22 30 44 68 85 11220
2 3 20 22 30 44 68 102 11220
2 3 20 22 30 44 69 92 15180
2 3 20 22 30 44 69 115 15180
2 3 20 22 30 44 70 77 4620
2 3 20 22 30 44 70 84 4620
2 3 20 22 30 44 70 105 4620
2 3 20 22 30 44 74 111 24420
2 3 20 22 30 44 75 100 3300
2 3 20 22 30 44 76 95 12540
2 3 20 22 30 44 76 114 12540
2 3 20 22 30 44 77 84 4620
2 3 20 22 30 44 77 105 4620
2 3 20 22 30 44 82 123 27060
2 3 20 22 30 44 84 105 4620
2 3 20 22 30 44 85 102 11220
2 3 20 22 30 44 87 116 19140
2 3 20 22 30 44 88 120 1320
2 3 20 22 30 44 90 99 1980
2 3 20 22 30 44 92 115 15180
2 3 20 22 30 44 93 124 20460
2 3 20 22 30 44 95 114 12540
2 3 20 22 30 45 60 99 1980
2 3 20 22 30 45 72 88 3960
2 3 20 22 30 46 55 92 15180
2 3 20 22 30 46 66 92 15180
2 3 20 22 30 46 92 110 15180
2 3 20 22 30 48 55 80 2640
2 3 20 22 30 48 66 80 2640
2 3 20 22 30 48 77 112 18480
2 3 20 22 30 48 80 88 2640
2 3 20 22 30 48 80 110 2640
2 3 20 22 30 50 55 100 3300
2 3 20 22 30 50 66 100 3300
2 3 20 22 30 50 100 110 3300
2 3 20 22 30 51 55 68 11220
2 3 20 22 30 51 66 68 11220
2 3 20 22 30 51 68 110 11220
2 3 20 22 30 52 55 65 8580
2 3 20 22 30 52 55 78 8580
2 3 20 22 30 52 65 66 8580
2 3 20 22 30 52 65 110 8580
2 3 20 22 30 52 66 78 8580
2 3 20 22 30 52 77 91 60060
2 3 20 22 30 52 78 110 8580
2 3 20 22 30 52 88 104 17160
2 3 20 22 30 54 55 108 5940
2 3 20 22 30 54 66 108 5940
2 3 20 22 30 55 57 76 12540
2 3 20 22 30 55 58 116 19140
2 3 20 22 30 55 60 66 660
2 3 20 22 30 55 60 110 660
2 3 20 22 30 55 62 124 20460
2 3 20 22 30 55 68 85 11220
2 3 20 22 30 55 68 102 11220
2 3 20 22 30 55 69 92 15180
2 3 20 22 30 55 70 84 4620
2 3 20 22 30 55 75 100 3300
2 3 20 22 30 55 76 95 12540
2 3 20 22 30 55 76 114 12540
2 3 20 22 30 55 77 84 4620
2 3 20 22 30 55 84 105 4620
2 3 20 22 30 55 87 116 19140
2 3 20 22 30 56 70 88 9240
2 3 20 22 30 56 77 88 9240
2 3 20 22 30 56 77 120 9240
2 3 20 22 30 56 84 88 9240
2 3 20 22 30 56 88 105 9240
2 3 20 22 30 57 66 76 12540
2 3 20 22 30 57 76 110 12540
2 3 20 22 30 58 66 116 19140
2 3 20 22 30 60 66 110 660
2 3 20 22 30 60 70 77 4620
2 3 20 22 30 60 77 84 4620
2 3 20 22 30 60 77 105 4620
2 3 20 22 30 62 66 124 20460
2 3 20 22 30 66 68 85 11220
2 3 20 22 30 66 68 102 11220
2 3 20 22 30 66 69 92 15180
2 3 20 22 30 66 70 84 4620
2 3 20 22 30 66 75 100 3300
2 3 20 22 30 66 76 95 12540
2 3 20 22 30 66 77 84 4620
2 3 20 22 30 70 77 84 4620
2 3 20 22 31 33 55 124 20460
2 3 20 22 31 33 60 62 20460
2 3 20 22 31 33 60 93 20460
2 3 20 22 31 33 60 124 20460
2 3 20 22 31 33 110 124 20460
2 3 20 22 31 40 88 93 40920
2 3 20 22 31 44 55 93 20460
2 3 20 22 31 44 60 62 20460
2 3 20 22 31 44 60 93 20460
2 3 20 22 31 44 60 124 20460
2 3 20 22 31 44 93 110 20460
2 3 20 22 31 45 99 124 61380
2 3 20 22 31 55 60 62 20460
2 3 20 22 31 55 60 93 20460
2 3 20 22 31 55 60 124 20460
2 3 20 22 31 55 66 124 20460
2 3 20 22 31 60 62 66 20460
2 3 20 22 31 60 62 110 20460
2 3 20 22 31 60 66 93 20460
2 3 20 22 31 60 66 124 20460
2 3 20 22 32 33 40 96 5280
2 3 20 22 32 33 55 96 5280
2 3 20 22 32 33 60 96 5280
2 3 20 22 32 33 80 96 5280
2 3 20 22 32 33 96 110 5280
2 3 20 22 32 33 96 120 5280
2 3 20 22 32 35 77 96 36960
2 3 20 22 32 40 44 96 5280
2 3 20 22 32 40 55 96 5280
2 3 20 22 32 40 66 96 5280
2 3 20 22 32 40 88 96 5280
2 3 20 22 32 40 96 110 5280
2 3 20 22 32 44 55 96 5280
2 3 20 22 32 44 60 96 5280
2 3 20 22 32 44 80 96 5280
2 3 20 22 32 44 96 110 5280
2 3 20 22 32 44 96 120 5280
2 3 20 22 32 45 96 99 15840
2 3 20 22 32 48 55 96 5280
2 3 20 22 32 48 96 110 5280
2 3 20 22 32 55 60 96 5280
2 3 20 22 32 55 66 96 5280
2 3 20 22 32 55 80 96 5280
2 3 20 22 32 60 66 96 5280
2 3 20 22 33 34 44 85 11220
2 3 20 22 33 34 51 60 11220
2 3 20 22 33 34 55 68 11220
2 3 20 22 33 34 60 68 11220
2 3 20 22 33 34 60 85 11220
2 3 20 22 33 34 60 102 11220
2 3 20 22 33 34 68 85 11220
2 3 20 22 33 34 68 110 11220
2 3 20 22 33 35 36 63 13860
2 3 20 22 33 35 36 126 13860
2 3 20 22 33 35 40 56 9240
2 3 20 22 33 35 42 44 4620
2 3 20 22 33 35 42 60 4620
2 3 20 22 33 35 42 84 4620
2 3 20 22 33 35 44 70 4620
2 3 20 22 33 35 44 77 4620
2 3 20 22 33 35 44 84 4620
2 3 20 22 33 35 44 105 4620
2 3 20 22 33 35 48 112 18480
2 3 20 22 33 35 52 91 60060
2 3 20 22 33 35 55 84 4620
2 3 20 22 33 35 56 88 9240
2 3 20 22 33 35 56 120 9240
2 3 20 22 33 35 60 70 4620
2 3 20 22 33 35 60 77 4620
2 3 20 22 33 35 60 84 4620
2 3 20 22 33 35 60 105 4620
2 3 20 22 33 35 66 84 4620
2 3 20 22 33 35 68 119 78540
2 3 20 22 33 35 70 84 4620
2 3 20 22 33 35 77 84 4620
2 3 20 22 33 35 80 112 18480
2 3 20 22 33 35 84 105 4620
2 3 20 22 33 35 84 110 4620
2 3 20 22 33 36 40 72 3960
2 3 20 22 33 36 44 45 1980
2 3 20 22 33 36 44 90 1980
2 3 20 22 33 36 45 55 1980
2 3 20 22 33 36 45 60 1980
2 3 20 22 33 36 45 66 1980
2 3 20 22 33 36 45 90 1980
2 3 20 22 33 36 45 99 1980
2 3 20 22 33 36 45 110 1980
2 3 20 22 33 36 55 90 1980
2 3 20 22 33 36 55 99 1980
2 3 20 22 33 36 60 90 1980
2 3 20 22 33 36 60 99 1980
2 3 20 22 33 36 63 70 13860
2 3 20 22 33 36 63 105 13860
2 3 20 22 33 36 65 117 25740
2 3 20 22 33 36 66 90 1980
2 3 20 22 33 36 70 126 13860
2 3 20 22 33 36 72 120 3960
2 3 20 22 33 36 90 99 1980
2 3 20 22 33 36 90 110 1980
2 3 20 22 33 36 99 110 1980
2 3 20 22 33 36 105 126 13860
2 3 20 22 33 37 60 74 24420
2 3 20 22 33 37 60 111 24420
2 3 20 22 33 38 44 95 12540
2 3 20 22 33 38 55 76 12540
2 3 20 22 33 38 57 60 12540
2 3 20 22 33 38 60 76 12540
2 3 20 22 33 38 60 95 12540
2 3 20 22 33 38 60 114 12540
2 3 20 22 33 38 76 95 12540
2 3 20 22 33 38 76 110 12540
2 3 20 22 33 39 40 104 17160
2 3 20 22 33 39 44 65 8580
2 3 20 22 33 39 52 55 8580
2 3 20 22 33 39 52 60 8580
2 3 20 22 33 39 52 65 8580
2 3 20 22 33 39 52 110 8580
2 3 20 22 33 39 60 65 8580
2 3 20 22 33 39 60 78 8580
2 3 20 22 33 39 104 120 17160
2 3 20 22 33 40 42 56 9240
2 3 20 22 33 40 44 88 1320
2 3 20 22 33 40 44 120 1320
2 3 20 22 33 40 45 72 3960
2 3 20 22 33 40 48 80 2640
2 3 20 22 33 40 52 104 17160
2 3 20 22 33 40 55 88 1320
2 3 20 22 33 40 55 120 1320
2 3 20 22 33 40 56 70 9240
2 3 20 22 33 40 56 77 9240
2 3 20 22 33 40 56 84 9240
2 3 20 22 33 40 56 105 9240
2 3 20 22 33 40 60 88 1320
2 3 20 22 33 40 60 120 1320
2 3 20 22 33 40 65 104 17160
2 3 20 22 33 40 66 88 1320
2 3 20 22 33 40 66 120 1320
2 3 20 22 33 40 72 90 3960
2 3 20 22 33 40 72 99 3960
2 3 20 22 33 40 78 104 17160
2 3 20 22 33 40 88 110 1320
2 3 20 22 33 40 88 120 1320
2 3 20 22 33 40 110 120 1320
2 3 20 22 33 41 60 82 27060
2 3 20 22 33 41 60 123 27060
2 3 20 22 33 42 44 70 4620
2 3 20 22 33 42 44 105 4620
2 3 20 22 33 42 55 84 4620
2 3 20 22 33 42 56 120 9240
2 3 20 22 33 42 60 70 4620
2 3 20 22 33 42 60 77 4620
2 3 20 22 33 42 60 84 4620
2 3 20 22 33 42 60 105 4620
2 3 20 22 33 42 70 84 4620
2 3 20 22 33 42 80 112 18480
2 3 20 22 33 42 84 105 4620
2 3 20 22 33 42 84 110 4620
2 3 20 22 33 43 60 86 28380
2 3 20 22 33 44 45 90 1980
2 3 20 22 33 44 45 99 1980
2 3 20 22 33 44 46 115 15180
2 3 20 22 33 44 48 80 2640
2 3 20 22 33 44 50 75 3300
2 3 20 22 33 44 50 100 3300
2 3 20 22 33 44 51 85 11220
2 3 20 22 33 44 52 65 8580
2 3 20 22 33 44 55 60 660
2 3 20 22 33 44 55 66 660
2 3 20 22 33 44 55 110 660
2 3 20 22 33 44 57 95 12540
2 3 20 22 33 44 60 66 660
2 3 20 22 33 44 60 110 660
2 3 20 22 33 44 65 78 8580
2 3 20 22 33 44 66 110 660
2 3 20 22 33 44 68 85 11220
2 3 20 22 33 44 69 115 15180
2 3 20 22 33 44 70 77 4620
2 3 20 22 33 44 70 84 4620
2 3 20 22 33 44 70 105 4620
2 3 20 22 33 44 75 100 3300
2 3 20 22 33 44 76 95 12540
2 3 20 22 33 44 77 105 4620
2 3 20 22 33 44 84 105 4620
2 3 20 22 33 44 85 102 11220
2 3 20 22 33 44 88 120 1320
2 3 20 22 33 44 90 99 1980
2 3 20 22 33 44 92 115 15180
2 3 20 22 33 44 95 114 12540
2 3 20 22 33 45 52 117 25740
2 3 20 22 33 45 54 108 5940
2 3 20 22 33 45 60 90 1980
2 3 20 22 33 45 60 99 1980
2 3 20 22 33 45 63 84 13860
2 3 20 22 33 45 72 88 3960
2 3 20 22 33 45 72 120 3960
2 3 20 22 33 45 84 126 13860
2 3 20 22 33 46 55 92 15180
2 3 20 22 33 46 60 69 15180
2 3 20 22 33 46 60 92 15180
2 3 20 22 33 46 60 115 15180
2 3 20 22 33 46 92 110 15180
2 3 20 22 33 46 92 115 15180
2 3 20 22 33 47 60 94 31020
2 3 20 22 33 48 55 80 2640
2 3 20 22 33 48 60 80 2640
2 3 20 22 33 48 66 80 2640
2 3 20 22 33 48 70 112 18480
2 3 20 22 33 48 80 88 2640
2 3 20 22 33 48 80 110 2640
2 3 20 22 33 48 80 120 2640
2 3 20 22 33 49 60 98 32340
2 3 20 22 33 50 55 100 3300
2 3 20 22 33 50 60 75 3300
2 3 20 22 33 50 60 100 3300
2 3 20 22 33 50 66 100 3300
2 3 20 22 33 50 75 100 3300
2 3 20 22 33 51 55 68 11220
2 3 20 22 33 51 60 68 11220
2 3 20 22 33 51 60 85 11220
2 3 20 22 33 51 60 102 11220
2 3 20 22 33 51 68 85 11220
2 3 20 22 33 51 68 110 11220
2 3 20 22 33 52 55 65 8580
2 3 20 22 33 52 55 78 8580
2 3 20 22 33 52 60 65 8580
2 3 20 22 33 52 60 78 8580
2 3 20 22 33 52 65 66 8580
2 3 20 22 33 52 65 78 8580
2 3 20 22 33 52 65 110 8580
2 3 20 22 33 52 70 91 60060
2 3 20 22 33 52 78 110 8580
2 3 20 22 33 53 60 106 34980
2 3 20 22 33 54 55 108 5940
2 3 20 22 33 54 60 108 5940
2 3 20 22 33 55 57 76 12540
2 3 20 22 33 55 58 116 19140
2 3 20 22 33 55 60 66 660
2 3 20 22 33 55 60 110 660
2 3 20 22 33 55 62 124 20460
2 3 20 22 33 55 68 85 11220
2 3 20 22 33 55 68 102 11220
2 3 20 22 33 55 69 92 15180
2 3 20 22 33 55 70 84 4620
2 3 20 22 33 55 75 100 3300
2 3 20 22 33 55 76 95 12540
2 3 20 22 33 55 77 84 4620
2 3 20 22 33 56 70 88 9240
2 3 20 22 33 57 60 76 12540
2 3 20 22 33 57 60 95 12540
2 3 20 22 33 57 60 114 12540
2 3 20 22 33 57 76 95 12540
2 3 20 22 33 58 60 87 19140
2 3 20 22 33 58 60 116 19140
2 3 20 22 33 59 60 118 38940
2 3 20 22 33 60 61 122 40260
2 3 20 22 33 60 62 93 20460
2 3 20 22 33 60 65 78 8580
2 3 20 22 33 60 68 85 11220
2 3 20 22 33 60 68 102 11220
2 3 20 22 33 60 69 92 15180
2 3 20 22 33 60 70 77 4620
2 3 20 22 33 60 70 84 4620
2 3 20 22 33 60 77 84 4620
2 3 20 22 33 66 68 85 11220
2 3 20 22 33 66 70 84 4620
2 3 20 22 34 36 85 99 33660
2 3 20 22 34 40 51 88 22440
2 3 20 22 34 40 88 102 22440
2 3 20 22 34 44 51 55 11220
2 3 20 22 34 44 51 60 11220
2 3 20 22 34 44 51 85 11220
2 3 20 22 34 44 51 110 11220
2 3 20 22 34 44 55 102 11220
2 3 20 22 34 44 60 68 11220
2 3 20 22 34 44 60 85 11220
2 3 20 22 34 44 60 102 11220
2 3 20 22 34 44 66 85 11220
2 3 20 22 34 44 85 102 11220
2 3 20 22 34 45 68 99 33660
2 3 20 22 34 51 55 60 11220
2 3 20 22 34 51 55 68 11220
2 3 20 22 34 51 60 66 11220
2 3 20 22 34 51 60 110 11220
2 3 20 22 34 51 68 110 11220
2 3 20 22 34 55 60 68 11220
2 3 20 22 34 55 60 85 11220
2 3 20 22 34 55 60 102 11220
2 3 20 22 34 55 66 68 11220
2 3 20 22 34 55 68 102 11220
2 3 20 22 34 60 66 68 11220
2 3 20 22 34 60 66 85 11220
2 3 20 22 35 36 42 99 13860
2 3 20 22 35 36 44 63 13860
2 3 20 22 35 36 44 126 13860
2 3 20 22 35 36 45 77 13860
2 3 20 22 35 36 55 63 13860
2 3 20 22 35 36 55 126 13860
2 3 20 22 35 36 63 66 13860
2 3 20 22 35 36 63 77 13860
2 3 20 22 35 36 63 99 13860
2 3 20 22 35 36 63 110 13860
2 3 20 22 35 36 66 126 13860
2 3 20 22 35 36 70 99 13860
2 3 20 22 35 36 77 90 13860
2 3 20 22 35 36 77 99 13860
2 3 20 22 35 36 77 126 13860
2 3 20 22 35 36 84 99 13860
2 3 20 22 35 36 99 105 13860
2 3 20 22 35 36 99 126 13860
2 3 20 22 35 36 110 126 13860
2 3 20 22 35 39 44 91 60060
2 3 20 22 35 39 52 77 60060
2 3 20 22 35 40 42 88 9240
2 3 20 22 35 40 56 66 9240
2 3 20 22 35 40 77 120 9240
2 3 20 22 35 40 84 88 9240
2 3 20 22 35 40 88 105 9240
2 3 20 22 35 42 44 55 4620
2 3 20 22 35 42 44 60 4620
2 3 20 22 35 42 44 66 4620
2 3 20 22 35 42 44 70 4620
2 3 20 22 35 42 44 77 4620
2 3 20 22 35 42 44 84 4620
2 3 20 22 35 42 44 105 4620
2 3 20 22 35 42 44 110 4620
2 3 20 22 35 42 55 60 4620
2 3 20 22 35 42 55 84 4620
2 3 20 22 35 42 56 88 9240
2 3 20 22 35 42 60 66 4620
2 3 20 22 35 42 60 77 4620
2 3 20 22 35 42 60 110 4620
2 3 20 22 35 42 66 84 4620
2 3 20 22 35 42 77 84 4620
2 3 20 22 35 42 84 110 4620
2 3 20 22 35 42 88 120 9240
2 3 20 22 35 44 45 63 13860
2 3 20 22 35 44 45 126 13860
2 3 20 22 35 44 48 112 18480
2 3 20 22 35 44 51 119 78540
2 3 20 22 35 44 55 84 4620
2 3 20 22 35 44 55 105 4620
2 3 20 22 35 44 56 120 9240
2 3 20 22 35 44 60 70 4620
2 3 20 22 35 44 60 77 4620
2 3 20 22 35 44 60 84 4620
2 3 20 22 35 44 60 105 4620
2 3 20 22 35 44 63 90 13860
2 3 20 22 35 44 63 99 13860
2 3 20 22 35 44 63 126 13860
2 3 20 22 35 44 66 70 4620
2 3 20 22 35 44 66 77 4620
2 3 20 22 35 44 66 84 4620
2 3 20 22 35 44 66 105 4620
2 3 20 22 35 44 70 84 4620
2 3 20 22 35 44 70 105 4620
2 3 20 22 35 44 77 84 4620
2 3 20 22 35 44 77 105 4620
2 3 20 22 35 44 78 91 60060
2 3 20 22 35 44 84 105 4620
2 3 20 22 35 44 84 110 4620
2 3 20 22 35 45 84 99 13860
2 3 20 22 35 48 55 112 18480
2 3 20 22 35 48 66 112 18480
2 3 20 22 35 48 77 80 18480
2 3 20 22 35 48 77 112 18480
2 3 20 22 35 51 68 77 78540
2 3 20 22 35 52 66 91 60060
2 3 20 22 35 52 77 78 60060
2 3 20 22 35 55 56 120 9240
2 3 20 22 35 55 60 70 4620
2 3 20 22 35 55 60 77 4620
2 3 20 22 35 55 60 84 4620
2 3 20 22 35 55 60 105 4620
2 3 20 22 35 55 66 84 4620
2 3 20 22 35 55 70 84 4620
2 3 20 22 35 55 77 84 4620
2 3 20 22 35 56 60 88 9240
2 3 20 22 35 56 66 88 9240
2 3 20 22 35 57 76 77 87780
2 3 20 22 35 60 66 70 4620
2 3 20 22 35 60 66 77 4620
2 3 20 22 35 60 66 84 4620
2 3 20 22 35 60 70 77 4620
2 3 20 22 36 38 95 99 37620
2 3 20 22 36 39 55 117 25740
2 3 20 22 36 39 65 99 25740
2 3 20 22 36 40 44 72 3960
2 3 20 22 36 40 45 88 3960
2 3 20 22 36 40 55 72 3960
2 3 20 22 36 40 66 72 3960
2 3 20 22 36 40 72 88 3960
2 3 20 22 36 40 72 99 3960
2 3 20 22 36 40 72 110 3960
2 3 20 22 36 40 88 90 3960
2 3 20 22 36 40 88 99 3960
2 3 20 22 36 42 45 77 13860
2 3 20 22 36 42 55 63 13860
2 3 20 22 36 42 55 126 13860
2 3 20 22 36 42 63 110 13860
2 3 20 22 36 42 70 99 13860
2 3 20 22 36 42 77 90 13860
2 3 20 22 36 44 45 55 1980
2 3 20 22 36 44 45 60 1980
2 3 20 22 36 44 45 66 1980
2 3 20 22 36 44 45 90 1980
2 3 20 22 36 44 45 99 1980
2 3 20 22 36 44 45 110 1980
2 3 20 22 36 44 55 90 1980
2 3 20 22 36 44 55 99 1980
2 3 20 22 36 44 60 90 1980
2 3 20 22 36 44 60 99 1980
2 3 20 22 36 44 63 70 13860
2 3 20 22 36 44 63 105 13860
2 3 20 22 36 44 65 117 25740
2 3 20 22 36 44 66 90 1980
2 3 20 22 36 44 70 126 13860
2 3 20 22 36 44 72 120 3960
2 3 20 22 36 44 90 99 1980
2 3 20 22 36 45 55 60 1980
2 3 20 22 36 45 55 66 1980
2 3 20 22 36 45 55 90 1980
2 3 20 22 36 45 55 99 1980
2 3 20 22 36 45 55 110 1980
2 3 20 22 36 45 60 66 1980
2 3 20 22 36 45 60 99 1980
2 3 20 22 36 45 60 110 1980
2 3 20 22 36 45 63 77 13860
2 3 20 22 36 45 66 90 1980
2 3 20 22 36 45 66 99 1980
2 3 20 22 36 45 66 110 1980
2 3 20 22 36 45 70 77 13860
2 3 20 22 36 45 72 88 3960
2 3 20 22 36 45 77 84 13860
2 3 20 22 36 45 77 105 13860
2 3 20 22 36 52 55 117 25740
2 3 20 22 36 52 65 99 25740
2 3 20 22 36 54 55 108 5940
2 3 20 22 36 55 60 90 1980
2 3 20 22 36 55 60 99 1980
2 3 20 22 36 55 63 70 13860
2 3 20 22 36 55 63 77 13860
2 3 20 22 36 55 63 84 13860
2 3 20 22 36 55 63 105 13860
2 3 20 22 36 55 66 90 1980
2 3 20 22 36 60 63 77 13860
2 3 20 22 36 63 66 70 13860
2 3 20 22 37 40 88 111 48840
2 3 20 22 37 44 55 111 24420
2 3 20 22 37 44 60 74 24420
2 3 20 22 37 44 60 111 24420
2 3 20 22 37 55 60 74 24420
2 3 20 22 37 60 66 74 24420
2 3 20 22 38 40 57 88 25080
2 3 20 22 38 40 88 114 25080
2 3 20 22 38 44 55 57 12540
2 3 20 22 38 44 55 114 12540
2 3 20 22 38 44 57 60 12540
2 3 20 22 38 44 57 95 12540
2 3 20 22 38 44 57 110 12540
2 3 20 22 38 44 60 76 12540
2 3 20 22 38 44 60 95 12540
2 3 20 22 38 44 60 114 12540
2 3 20 22 38 44 66 95 12540
2 3 20 22 38 45 76 99 37620
2 3 20 22 38 55 57 60 12540
2 3 20 22 38 55 57 76 12540
2 3 20 22 38 55 60 76 12540
2 3 20 22 38 55 60 95 12540
2 3 20 22 38 55 66 76 12540
2 3 20 22 38 57 60 66 12540
2 3 20 22 38 60 66 76 12540
2 3 20 22 39 40 44 104 17160
2 3 20 22 39 40 52 88 17160
2 3 20 22 39 40 55 104 17160
2 3 20 22 39 40 65 88 17160
2 3 20 22 39 40 66 104 17160
2 3 20 22 39 40 78 88 17160
2 3 20 22 39 40 88 104 17160
2 3 20 22 39 44 45 117 25740
2 3 20 22 39 44 52 55 8580
2 3 20 22 39 44 52 60 8580
2 3 20 22 39 44 52 65 8580
2 3 20 22 39 44 52 110 8580
2 3 20 22 39 44 55 65 8580
2 3 20 22 39 44 55 78 8580
2 3 20 22 39 44 60 65 8580
2 3 20 22 39 44 60 78 8580
2 3 20 22 39 44 65 66 8580
2 3 20 22 39 44 65 78 8580
2 3 20 22 39 44 65 110 8580
2 3 20 22 39 44 70 91 60060
2 3 20 22 39 45 52 99 25740
2 3 20 22 39 52 55 60 8580
2 3 20 22 39 52 55 65 8580
2 3 20 22 39 52 55 66 8580
2 3 20 22 39 52 55 78 8580
2 3 20 22 39 52 55 110 8580
2 3 20 22 39 52 60 66 8580
2 3 20 22 39 52 65 66 8580
2 3 20 22 39 52 70 77 60060
2 3 20 22 39 55 60 65 8580
2 3 20 22 39 55 60 78 8580
2 3 20 22 39 60 65 66 8580
2 3 20 22 40 42 44 56 9240
2 3 20 22 40 42 55 56 9240
2 3 20 22 40 42 56 66 9240
2 3 20 22 40 42 56 77 9240
2 3 20 22 40 42 56 88 9240
2 3 20 22 40 42 56 110 9240
2 3 20 22 40 42 70 88 9240
2 3 20 22 40 42 77 88 9240
2 3 20 22 40 42 84 88 9240
2 3 20 22 40 44 45 72 3960
2 3 20 22 40 44 48 80 2640
2 3 20 22 40 44 55 120 1320
2 3 20 22 40 44 56 84 9240
2 3 20 22 40 44 56 105 9240
2 3 20 22 40 44 60 88 1320
2 3 20 22 40 44 60 120 1320
2 3 20 22 40 44 66 88 1320
2 3 20 22 40 44 72 90 3960
2 3 20 22 40 44 72 99 3960
2 3 20 22 40 45 55 72 3960
2 3 20 22 40 45 66 72 3960
2 3 20 22 40 45 72 88 3960
2 3 20 22 40 46 69 88 30360
2 3 20 22 40 48 55 80 2640
2 3 20 22 40 48 66 80 2640
2 3 20 22 40 55 56 84 9240
2 3 20 22 40 56 60 77 9240
2 3 20 22 40 56 66 70 9240
2 3 20 22 41 44 55 123 27060
2 3 20 22 41 44 60 82 27060
2 3 20 22 41 44 60 123 27060
2 3 20 22 41 55 60 82 27060
2 3 20 22 42 44 45 63 13860
2 3 20 22 42 44 45 126 13860
2 3 20 22 42 44 55 70 4620
2 3 20 22 42 44 55 77 4620
2 3 20 22 42 44 55 84 4620
2 3 20 22 42 44 55 105 4620
2 3 20 22 42 44 56 120 9240
2 3 20 22 42 44 60 70 4620
2 3 20 22 42 44 60 77 4620
2 3 20 22 42 44 60 84 4620
2 3 20 22 42 44 60 105 4620
2 3 20 22 42 44 63 90 13860
2 3 20 22 42 44 65 91 60060
2 3 20 22 42 44 66 70 4620
2 3 20 22 42 44 70 77 4620
2 3 20 22 42 44 70 84 4620
2 3 20 22 42 48 55 112 18480
2 3 20 22 42 52 55 91 60060
2 3 20 22 42 52 65 77 60060
2 3 20 22 42 55 60 70 4620
2 3 20 22 42 55 60 77 4620
2 3 20 22 43 44 60 86 28380
2 3 20 22 44 45 52 117 25740
2 3 20 22 44 45 54 108 5940
2 3 20 22 44 45 55 90 1980
2 3 20 22 44 45 55 99 1980
2 3 20 22 44 45 60 90 1980
2 3 20 22 44 45 60 99 1980
2 3 20 22 44 45 63 70 13860
2 3 20 22 44 45 63 77 13860
2 3 20 22 44 45 63 84 13860
2 3 20 22 44 46 55 69 15180
2 3 20 22 44 46 60 69 15180
2 3 20 22 44 46 60 92 15180
2 3 20 22 44 47 60 94 31020
2 3 20 22 44 48 55 80 2640
2 3 20 22 44 48 60 80 2640
2 3 20 22 44 50 55 75 3300
2 3 20 22 44 50 60 75 3300
2 3 20 22 44 51 55 68 11220
2 3 20 22 44 51 55 85 11220
2 3 20 22 44 51 60 68 11220
2 3 20 22 44 52 55 78 8580
2 3 20 22 44 52 60 65 8580
2 3 20 22 44 52 60 78 8580
2 3 20 22 44 52 65 66 8580
2 3 20 22 44 55 57 76 12540
2 3 20 22 44 55 60 66 660
2 3 20 23 24 26 104 115 35880
2 3 20 23 24 28 56 115 19320
2 3 20 23 24 30 40 46 2760
2 3 20 23 24 30 40 69 2760
2 3 20 23 24 30 40 92 2760
2 3 20 23 24 30 40 115 2760
2 3 20 23 24 30 46 120 2760
2 3 20 23 24 30 69 120 2760
2 3 20 23 24 30 92 120 2760
2 3 20 23 24 30 115 120 2760
2 3 20 23 24 32 96 115 11040
2 3 20 23 24 33 88 115 30360
2 3 20 23 24 35 46 56 19320
2 3 20 23 24 35 56 69 19320
2 3 20 23 24 35 56 92 19320
2 3 20 23 24 35 56 115 19320
2 3 20 23 24 36 72 115 8280
2 3 20 23 24 39 104 115 35880
2 3 20 23 24 40 46 60 2760
2 3 20 23 24 40 46 69 2760
2 3 20 23 24 40 46 92 2760
2 3 20 23 24 40 46 115 2760
2 3 20 23 24 40 46 120 2760
2 3 20 23 24 40 60 69 2760
2 3 20 23 24 40 60 92 2760
2 3 20 23 24 40 60 115 2760
2 3 20 23 24 40 69 92 2760
2 3 20 23 24 40 69 115 2760
2 3 20 23 24 40 69 120 2760
2 3 20 23 24 40 92 115 2760
2 3 20 23 24 40 92 120 2760
2 3 20 23 24 40 115 120 2760
2 3 20 23 24 42 56 115 19320
2 3 20 23 24 44 88 115 30360
2 3 20 23 24 45 46 72 8280
2 3 20 23 24 45 69 72 8280
2 3 20 23 24 45 72 92 8280
2 3 20 23 24 45 72 115 8280
2 3 20 23 24 46 48 80 5520
2 3 20 23 24 46 55 88 30360
2 3 20 23 24 46 56 70 19320
2 3 20 23 24 46 56 105 19320
2 3 20 23 24 46 60 120 2760
2 3 20 23 24 46 65 104 35880
2 3 20 23 24 46 69 120 2760
2 3 20 23 24 46 72 90 8280
2 3 20 23 24 46 88 110 30360
2 3 20 23 24 46 92 120 2760
2 3 20 23 24 46 115 120 2760
2 3 20 23 24 48 69 80 5520
2 3 20 23 24 48 80 92 5520
2 3 20 23 24 48 80 115 5520
2 3 20 23 24 52 104 115 35880
2 3 20 23 24 55 69 88 30360
2 3 20 23 24 55 88 92 30360
2 3 20 23 24 55 88 115 30360
2 3 20 23 24 56 69 70 19320
2 3 20 23 24 56 69 105 19320
2 3 20 23 24 56 70 92 19320
2 3 20 23 24 56 70 115 19320
2 3 20 23 24 56 84 115 19320
2 3 20 23 24 56 92 105 19320
2 3 20 23 24 56 105 115 19320
2 3 20 23 24 60 69 120 2760
2 3 20 23 24 60 92 120 2760
2 3 20 23 24 60 115 120 2760
2 3 20 23 24 65 69 104 35880
2 3 20 23 24 65 92 104 35880
2 3 20 23 24 65 104 115 35880
2 3 20 23 24 66 88 115 30360
2 3 20 23 24 69 72 90 8280
2 3 20 23 24 69 88 110 30360
2 3 20 23 24 69 92 120 2760
2 3 20 23 24 72 90 92 8280
2 3 20 23 24 72 90 115 8280
2 3 20 23 25 30 46 100 6900
2 3 20 23 25 30 50 92 6900
2 3 20 23 25 30 69 100 6900
2 3 20 23 25 30 75 92 6900
2 3 20 23 25 30 92 100 6900
2 3 20 23 25 30 100 115 6900
2 3 20 23 25 46 50 60 6900
2 3 20 23 25 46 60 75 6900
2 3 20 23 25 46 60 100 6900
2 3 20 23 25 46 69 100 6900
2 3 20 23 25 46 75 92 6900
2 3 20 23 25 46 75 100 6900
2 3 20 23 25 50 60 69 6900
2 3 20 23 25 50 60 92 6900
2 3 20 23 25 50 60 115 6900
2 3 20 23 25 50 69 92 6900
2 3 20 23 25 50 69 100 6900
2 3 20 23 25 50 75 92 6900
2 3 20 23 25 60 69 75 6900
2 3 20 23 25 60 69 100 6900
2 3 20 23 25 60 75 92 6900
2 3 20 23 25 60 75 115 6900
2 3 20 23 25 60 92 100 6900
2 3 20 23 25 60 100 115 6900
2 3 20 23 25 69 75 92 6900
2 3 20 23 25 69 75 100 6900
2 3 20 23 25 69 92 100 6900
2 3 20 23 25 75 92 100 6900
2 3 20 23 26 30 39 92 17940
2 3 20 23 26 30 46 52 17940
2 3 20 23 26 30 52 69 17940
2 3 20 23 26 30 52 92 17940
2 3 20 23 26 30 52 115 17940
2 3 20 23 26 30 65 92 17940
2 3 20 23 26 30 78 92 17940
2 3 20 23 26 36 115 117 53820
2 3 20 23 26 39 46 60 17940
2 3 20 23 26 39 52 115 17940
2 3 20 23 26 39 60 69 17940
2 3 20 23 26 39 60 92 17940
2 3 20 23 26 39 60 115 17940
2 3 20 23 26 39 65 92 17940
2 3 20 23 26 39 92 115 17940
2 3 20 23 26 40 69 104 35880
2 3 20 23 26 45 92 117 53820
2 3 20 23 26 46 52 60 17940
2 3 20 23 26 46 60 65 17940
2 3 20 23 26 46 60 78 17940
2 3 20 23 26 46 104 120 35880
2 3 20 23 26 52 60 69 17940
2 3 20 23 26 52 60 92 17940
2 3 20 23 26 52 60 115 17940
2 3 20 23 26 52 65 69 17940
2 3 20 23 26 52 69 115 17940
2 3 20 23 26 52 78 115 17940
2 3 20 23 26 60 65 69 17940
2 3 20 23 26 60 65 92 17940
2 3 20 23 26 60 65 115 17940
2 3 20 23 26 60 69 78 17940
2 3 20 23 26 60 78 92 17940
2 3 20 23 26 60 78 115 17940
2 3 20 23 26 65 69 92 17940
2 3 20 23 26 65 78 92 17940
2 3 20 23 27 30 46 108 12420
2 3 20 23 27 30 54 92 12420
2 3 20 23 27 30 69 108 12420
2 3 20 23 27 30 92 108 12420
2 3 20 23 27 30 108 115 12420
2 3 20 23 27 36 54 115 12420
2 3 20 23 27 36 108 115 12420
2 3 20 23 27 45 46 108 12420
2 3 20 23 27 45 54 92 12420
2 3 20 23 27 45 69 108 12420
2 3 20 23 27 45 92 108 12420
2 3 20 23 27 45 108 115 12420
2 3 20 23 27 46 54 60 12420
2 3 20 23 27 46 60 108 12420
2 3 20 23 27 46 90 108 12420
2 3 20 23 27 46 108 115 12420
2 3 20 23 27 54 60 69 12420
2 3 20 23 27 54 60 92 12420
2 3 20 23 27 54 60 115 12420
2 3 20 23 27 54 90 92 12420
2 3 20 23 27 54 92 115 12420
2 3 20 23 27 54 108 115 12420
2 3 20 23 27 60 69 108 12420
2 3 20 23 27 60 92 108 12420
2 3 20 23 28 30 35 46 9660
2 3 20 23 28 30 35 69 9660
2 3 20 23 28 30 35 92 9660
2 3 20 23 28 30 35 115 9660
2 3 20 23 28 30 42 46 9660
2 3 20 23 28 30 42 69 9660
2 3 20 23 28 30 42 92 9660
2 3 20 23 28 30 42 115 9660
2 3 20 23 28 30 46 70 9660
2 3 20 23 28 30 46 84 9660
2 3 20 23 28 30 46 105 9660
2 3 20 23 28 30 69 70 9660
2 3 20 23 28 30 69 84 9660
2 3 20 23 28 30 69 105 9660
2 3 20 23 28 30 70 92 9660
2 3 20 23 28 30 70 115 9660
2 3 20 23 28 30 84 92 9660
2 3 20 23 28 30 84 115 9660
2 3 20 23 28 30 92 105 9660
2 3 20 23 28 30 105 115 9660
2 3 20 23 28 33 77 115 106260
2 3 20 23 28 35 42 46 9660
2 3 20 23 28 35 42 69 9660
2 3 20 23 28 35 42 92 9660
2 3 20 23 28 35 42 115 9660
2 3 20 23 28 35 46 60 9660
2 3 20 23 28 35 46 69 9660
2 3 20 23 28 35 46 84 9660
2 3 20 23 28 35 46 105 9660
2 3 20 23 28 35 60 69 9660
2 3 20 23 28 35 60 92 9660
2 3 20 23 28 35 60 115 9660
2 3 20 23 28 35 69 70 9660
2 3 20 23 28 35 69 84 9660
2 3 20 23 28 35 69 92 9660
2 3 20 23 28 35 69 105 9660
2 3 20 23 28 35 69 115 9660
2 3 20 23 28 35 84 92 9660
2 3 20 23 28 35 84 115 9660
2 3 20 23 28 35 92 105 9660
2 3 20 23 28 35 105 115 9660
2 3 20 23 28 36 63 115 28980
2 3 20 23 28 36 115 126 28980
2 3 20 23 28 39 91 115 125580
2 3 20 23 28 40 56 69 19320
2 3 20 23 28 42 46 60 9660
2 3 20 23 28 42 46 70 9660
2 3 20 23 28 42 46 105 9660
2 3 20 23 28 42 46 115 9660
2 3 20 23 28 42 60 69 9660
2 3 20 23 28 42 60 92 9660
2 3 20 23 28 42 60 115 9660
2 3 20 23 28 42 69 70 9660
2 3 20 23 28 42 69 105 9660
2 3 20 23 28 42 69 115 9660
2 3 20 23 28 42 70 92 9660
2 3 20 23 28 42 70 115 9660
2 3 20 23 28 42 84 115 9660
2 3 20 23 28 42 92 105 9660
2 3 20 23 28 42 92 115 9660
2 3 20 23 28 42 105 115 9660
2 3 20 23 28 45 46 63 28980
2 3 20 23 28 45 46 126 28980
2 3 20 23 28 45 63 69 28980
2 3 20 23 28 45 63 92 28980
2 3 20 23 28 45 63 115 28980
2 3 20 23 28 45 69 126 28980
2 3 20 23 28 45 92 126 28980
2 3 20 23 28 45 115 126 28980
2 3 20 23 28 46 56 120 19320
2 3 20 23 28 46 60 70 9660
2 3 20 23 28 46 60 84 9660
2 3 20 23 28 46 60 105 9660
2 3 20 23 28 46 63 90 28980
2 3 20 23 28 46 69 70 9660
2 3 20 23 28 46 69 105 9660
2 3 20 23 28 46 70 84 9660
2 3 20 23 28 46 70 105 9660
2 3 20 23 28 46 84 105 9660
2 3 20 23 28 46 84 115 9660
2 3 20 23 28 46 90 126 28980
2 3 20 23 28 46 92 105 9660
2 3 20 23 28 46 105 115 9660
2 3 20 23 28 48 112 115 38640
2 3 20 23 28 55 69 77 106260
2 3 20 23 28 56 69 120 19320
2 3 20 23 28 60 69 70 9660
2 3 20 23 28 60 69 84 9660
2 3 20 23 28 60 69 105 9660
2 3 20 23 28 60 70 92 9660
2 3 20 23 28 60 70 115 9660
2 3 20 23 28 60 84 92 9660
2 3 20 23 28 63 69 90 28980
2 3 20 23 28 63 90 92 28980
2 3 20 23 28 65 69 91 125580
2 3 20 23 28 69 70 84 9660
2 3 20 23 28 69 70 92 9660
2 3 20 23 28 69 70 105 9660
2 3 20 23 29 30 46 116 40020
2 3 20 23 29 30 58 92 40020
2 3 20 23 29 30 69 116 40020
2 3 20 23 29 30 87 92 40020
2 3 20 23 29 30 92 116 40020
2 3 20 23 29 30 115 116 40020
2 3 20 23 29 46 58 60 40020
2 3 20 23 29 46 60 87 40020
2 3 20 23 29 46 60 116 40020
2 3 20 23 29 58 60 69 40020
2 3 20 23 29 58 60 92 40020
2 3 20 23 29 58 60 115 40020
2 3 20 23 29 60 69 87 40020
2 3 20 23 29 60 69 116 40020
2 3 20 23 29 60 87 92 40020
2 3 20 23 30 31 46 124 42780
2 3 20 23 30 31 62 92 42780
2 3 20 23 30 31 69 124 42780
2 3 20 23 30 31 92 93 42780
2 3 20 23 30 31 92 124 42780
2 3 20 23 30 31 115 124 42780
2 3 20 23 30 32 46 96 11040
2 3 20 23 30 32 69 96 11040
2 3 20 23 30 32 92 96 11040
2 3 20 23 30 32 96 115 11040
2 3 20 23 30 33 44 46 15180
2 3 20 23 30 33 44 69 15180
2 3 20 23 30 33 44 92 15180
2 3 20 23 30 33 44 115 15180
2 3 20 23 30 33 55 92 15180
2 3 20 23 30 33 66 92 15180
2 3 20 23 30 33 92 110 15180
2 3 20 23 30 34 46 68 23460
2 3 20 23 30 34 51 92 23460
2 3 20 23 30 34 68 69 23460
2 3 20 23 30 34 68 92 23460
2 3 20 23 30 34 68 115 23460
2 3 20 23 30 34 85 92 23460
2 3 20 23 30 34 92 102 23460
2 3 20 23 30 35 42 92 9660
2 3 20 23 30 35 46 84 9660
2 3 20 23 30 35 69 84 9660
2 3 20 23 30 35 70 92 9660
2 3 20 23 30 35 84 92 9660
2 3 20 23 30 35 84 115 9660
2 3 20 23 30 35 92 105 9660
2 3 20 23 30 36 45 46 4140
2 3 20 23 30 36 45 69 4140
2 3 20 23 30 36 45 92 4140
2 3 20 23 30 36 45 115 4140
2 3 20 23 30 36 46 90 4140
2 3 20 23 30 36 69 90 4140
2 3 20 23 30 36 90 92 4140
2 3 20 23 30 36 90 115 4140
2 3 20 23 30 37 74 92 51060
2 3 20 23 30 37 92 111 51060
2 3 20 23 30 38 46 76 26220
2 3 20 23 30 38 57 92 26220
2 3 20 23 30 38 69 76 26220
2 3 20 23 30 38 76 92 26220
2 3 20 23 30 38 76 115 26220
2 3 20 23 30 38 92 95 26220
2 3 20 23 30 38 92 114 26220
2 3 20 23 30 39 46 52 17940
2 3 20 23 30 39 52 69 17940
2 3 20 23 30 39 52 92 17940
2 3 20 23 30 39 52 115 17940
2 3 20 23 30 39 65 92 17940
2 3 20 23 30 39 78 92 17940
2 3 20 23 30 40 46 120 2760
2 3 20 23 30 40 69 120 2760
2 3 20 23 30 40 92 120 2760
2 3 20 23 30 40 115 120 2760
2 3 20 23 30 41 82 92 56580
2 3 20 23 30 41 92 123 56580
2 3 20 23 30 42 46 84 9660
2 3 20 23 30 42 69 84 9660
2 3 20 23 30 42 70 92 9660
2 3 20 23 30 42 84 92 9660
2 3 20 23 30 42 84 115 9660
2 3 20 23 30 42 92 105 9660
2 3 20 23 30 43 86 92 59340
2 3 20 23 30 44 46 55 15180
2 3 20 23 30 44 46 66 15180
2 3 20 23 30 44 46 110 15180
2 3 20 23 30 44 55 69 15180
2 3 20 23 30 44 55 92 15180
2 3 20 23 30 44 55 115 15180
2 3 20 23 30 44 66 69 15180
2 3 20 23 30 44 66 92 15180
2 3 20 23 30 44 66 115 15180
2 3 20 23 30 44 69 110 15180
2 3 20 23 30 44 92 110 15180
2 3 20 23 30 44 110 115 15180
2 3 20 23 30 45 90 92 4140
2 3 20 23 30 46 48 80 5520
2 3 20 23 30 46 50 100 6900
2 3 20 23 30 46 51 68 23460
2 3 20 23 30 46 52 65 17940
2 3 20 23 30 46 52 78 17940
2 3 20 23 30 46 54 108 12420
2 3 20 23 30 46 57 76 26220
2 3 20 23 30 46 58 116 40020
2 3 20 23 30 46 60 69 1380
2 3 20 23 30 46 60 92 1380
2 3 20 23 30 46 60 115 1380
2 3 20 23 30 46 62 124 42780
2 3 20 23 30 46 68 85 23460
2 3 20 23 30 46 68 102 23460
2 3 20 23 30 46 69 92 1380
2 3 20 23 30 46 70 84 9660
2 3 20 23 30 46 75 100 6900
2 3 20 23 30 46 76 95 26220
2 3 20 23 30 46 76 114 26220
2 3 20 23 30 46 84 105 9660
2 3 20 23 30 46 87 116 40020
2 3 20 23 30 46 92 115 1380
2 3 20 23 30 46 93 124 42780
2 3 20 23 30 47 92 94 64860
2 3 20 23 30 48 69 80 5520
2 3 20 23 30 48 80 92 5520
2 3 20 23 30 48 80 115 5520
2 3 20 23 30 49 92 98 67620
2 3 20 23 30 50 69 100 6900
2 3 20 23 30 50 75 92 6900
2 3 20 23 30 50 92 100 6900
2 3 20 23 30 51 68 69 23460
2 3 20 23 30 51 68 92 23460
2 3 20 23 30 51 68 115 23460
2 3 20 23 30 51 85 92 23460
2 3 20 23 30 51 92 102 23460
2 3 20 23 30 52 65 69 17940
2 3 20 23 30 52 65 92 17940
2 3 20 23 30 52 65 115 17940
2 3 20 23 30 52 69 78 17940
2 3 20 23 30 52 78 92 17940
2 3 20 23 30 52 78 115 17940
2 3 20 23 30 54 69 108 12420
2 3 20 23 30 55 66 92 15180
2 3 20 23 30 57 69 76 26220
2 3 20 23 30 57 76 92 26220
2 3 20 23 30 58 69 116 40020
2 3 20 23 30 60 69 92 1380
2 3 20 23 30 68 69 85 23460
2 3 20 23 30 69 70 84 9660
2 3 20 23 31 46 60 62 42780
2 3 20 23 31 46 60 93 42780
2 3 20 23 31 46 60 124 42780
2 3 20 23 31 60 62 69 42780
2 3 20 23 31 60 62 92 42780
2 3 20 23 31 60 62 115 42780
2 3 20 23 31 60 69 93 42780
2 3 20 23 32 40 46 96 11040
2 3 20 23 32 40 69 96 11040
2 3 20 23 32 40 92 96 11040
2 3 20 23 32 40 96 115 11040
2 3 20 23 32 46 60 96 11040
2 3 20 23 32 46 80 96 11040
2 3 20 23 33 35 77 92 106260
2 3 20 23 33 36 99 115 45540
2 3 20 23 33 40 46 88 30360
2 3 20 23 33 40 69 88 30360
2 3 20 23 33 40 88 92 30360
2 3 20 23 33 40 88 115 30360
2 3 20 23 33 44 46 55 15180
2 3 20 23 33 44 46 60 15180
2 3 20 23 33 44 46 110 15180
2 3 20 23 33 44 46 115 15180
2 3 20 23 33 44 55 69 15180
2 3 20 23 33 44 55 92 15180
2 3 20 23 33 44 55 115 15180
2 3 20 23 33 44 60 69 15180
2 3 20 23 33 44 60 92 15180
2 3 20 23 33 44 60 115 15180
2 3 20 23 33 44 66 115 15180
2 3 20 23 33 44 69 110 15180
2 3 20 23 33 44 69 115 15180
2 3 20 23 33 45 92 99 45540
2 3 20 23 33 46 55 60 15180
2 3 20 23 33 46 55 92 15180
2 3 20 23 33 46 60 66 15180
2 3 20 23 33 46 60 110 15180
2 3 20 23 33 55 60 69 15180
2 3 20 23 33 55 60 92 15180
2 3 20 23 33 55 60 115 15180
2 3 20 23 33 55 66 92 15180
2 3 20 23 33 55 69 92 15180
2 3 20 23 33 60 66 69 15180
2 3 20 23 34 46 51 60 23460
2 3 20 23 34 46 60 68 23460
2 3 20 23 34 46 60 85 23460
2 3 20 23 34 46 60 102 23460
2 3 20 23 34 51 60 69 23460
2 3 20 23 34 51 60 92 23460
2 3 20 23 34 51 60 115 23460
2 3 20 23 34 60 68 69 23460
2 3 20 23 35 36 46 63 28980
2 3 20 23 35 36 46 126 28980
2 3 20 23 35 36 63 69 28980
2 3 20 23 35 36 63 92 28980
2 3 20 23 35 36 63 115 28980
2 3 20 23 35 36 69 126 28980
2 3 20 23 35 36 92 126 28980
2 3 20 23 35 39 91 92 125580
2 3 20 23 35 40 56 69 19320
2 3 20 23 35 42 46 60 9660
2 3 20 23 35 42 46 84 9660
2 3 20 23 35 42 46 92 9660
2 3 20 23 35 42 60 69 9660
2 3 20 23 35 42 60 92 9660
2 3 20 23 35 42 60 115 9660
2 3 20 23 35 42 69 84 9660
2 3 20 23 35 42 69 92 9660
2 3 20 23 35 42 70 92 9660
2 3 20 23 35 42 84 92 9660
2 3 20 23 35 44 69 77 106260
2 3 20 23 35 45 63 92 28980
2 3 20 23 35 46 48 112 38640
2 3 20 23 35 46 56 120 19320
2 3 20 23 35 46 60 70 9660
2 3 20 23 35 46 60 84 9660
2 3 20 23 35 46 60 105 9660
2 3 20 23 35 46 69 84 9660
2 3 20 23 35 46 70 84 9660
2 3 20 23 35 52 69 91 125580
2 3 20 23 35 60 69 70 9660
2 3 20 23 36 40 46 72 8280
2 3 20 23 36 40 69 72 8280
2 3 20 23 36 40 72 92 8280
2 3 20 23 36 40 72 115 8280
2 3 20 23 36 42 63 115 28980
2 3 20 23 36 45 46 60 4140
2 3 20 23 36 45 46 69 4140
2 3 20 23 36 45 46 90 4140
2 3 20 23 36 45 46 92 4140
2 3 20 23 36 45 46 115 4140
2 3 20 23 36 45 60 69 4140
2 3 20 23 36 45 60 92 4140
2 3 20 23 36 45 60 115 4140
2 3 20 23 36 45 69 90 4140
2 3 20 23 36 45 69 92 4140
2 3 20 23 36 46 55 99 45540
2 3 20 23 36 46 60 90 4140
2 3 20 23 36 46 63 70 28980
2 3 20 23 36 46 63 105 28980
2 3 20 23 36 46 65 117 53820
2 3 20 23 36 46 69 90 4140
2 3 20 23 37 46 60 74 51060
2 3 20 23 37 46 60 111 51060
2 3 20 23 38 46 57 60 26220
2 3 20 23 38 46 60 76 26220
2 3 20 23 38 46 60 95 26220
2 3 20 23 38 46 60 114 26220
2 3 20 23 38 57 60 69 26220
2 3 20 23 39 40 46 104 35880
2 3 20 23 39 40 69 104 35880
2 3 20 23 39 46 52 60 17940
2 3 20 23 39 46 52 65 17940
2 3 20 23 39 46 52 115 17940
2 3 20 23 39 46 60 65 17940
2 3 20 23 39 46 60 78 17940
2 3 20 23 39 46 65 92 17940
2 3 20 23 39 52 60 69 17940
2 3 20 23 39 52 65 69 17940
2 3 20 23 40 42 46 56 19320
2 3 20 23 40 42 56 69 19320
2 3 20 23 40 42 56 92 19320
2 3 20 23 40 42 56 115 19320
2 3 20 23 40 44 69 88 30360
2 3 20 23 40 45 46 72 8280
2 3 20 23 40 45 69 72 8280
2 3 20 23 40 46 48 80 5520
2 3 20 23 40 46 56 84 19320
2 3 20 23 40 46 56 105 19320
2 3 20 23 40 46 66 88 30360
2 3 20 23 41 46 60 82 56580
2 3 20 23 42 46 60 70 9660
2 3 20 23 42 46 60 84 9660
2 3 20 23 43 46 60 86 59340
2 3 20 23 44 45 46 99 45540
2 3 20 23 44 46 55 60 15180
2 3 20 23 44 46 55 66 15180
2 3 20 23 44 46 55 69 15180
2 3 20 23 44 46 60 66 15180
2 3 20 24 25 26 50 104 7800
2 3 20 24 25 26 75 104 7800
2 3 20 24 25 26 100 104 7800
2 3 20 24 25 28 50 56 4200
2 3 20 24 25 28 56 75 4200
2 3 20 24 25 28 56 100 4200
2 3 20 24 25 30 40 50 600
2 3 20 24 25 30 40 75 600
2 3 20 24 25 30 40 100 600
2 3 20 24 25 30 50 120 600
2 3 20 24 25 30 75 120 600
2 3 20 24 25 30 100 120 600
2 3 20 24 25 32 50 96 2400
2 3 20 24 25 32 75 96 2400
2 3 20 24 25 32 96 100 2400
2 3 20 24 25 33 50 88 6600
2 3 20 24 25 33 75 88 6600
2 3 20 24 25 33 88 100 6600
2 3 20 24 25 35 50 56 4200
2 3 20 24 25 35 56 75 4200
2 3 20 24 25 35 56 100 4200
2 3 20 24 25 36 50 72 1800
2 3 20 24 25 36 72 75 1800
2 3 20 24 25 36 72 100 1800
2 3 20 24 25 39 50 104 7800
2 3 20 24 25 39 75 104 7800
2 3 20 24 25 39 100 104 7800
2 3 20 24 25 40 50 60 600
2 3 20 24 25 40 50 75 600
2 3 20 24 25 40 50 100 600
2 3 20 24 25 40 50 120 600
2 3 20 24 25 40 60 75 600
2 3 20 24 25 40 60 100 600
2 3 20 24 25 40 75 100 600
2 3 20 24 25 40 75 120 600
2 3 20 24 25 40 100 120 600
2 3 20 24 25 42 50 56 4200
2 3 20 24 25 42 56 75 4200
2 3 20 24 25 42 56 100 4200
2 3 20 24 25 44 50 88 6600
2 3 20 24 25 44 75 88 6600
2 3 20 24 25 44 88 100 6600
2 3 20 24 25 45 50 72 1800
2 3 20 24 25 45 72 75 1800
2 3 20 24 25 45 72 100 1800
2 3 20 24 25 48 50 80 1200
2 3 20 24 25 48 75 80 1200
2 3 20 24 25 48 80 100 1200
2 3 20 24 25 50 52 104 7800
2 3 20 24 25 50 55 88 6600
2 3 20 24 25 50 56 70 4200
2 3 20 24 25 50 56 84 4200
2 3 20 24 25 50 56 105 4200
2 3 20 24 25 50 60 120 600
2 3 20 24 25 50 65 104 7800
2 3 20 24 25 50 66 88 6600
2 3 20 24 25 50 72 90 1800
2 3 20 24 25 50 75 120 600
2 3 20 24 25 50 78 104 7800
2 3 20 24 25 50 88 110 6600
2 3 20 24 25 50 100 120 600
2 3 20 24 25 52 75 104 7800
2 3 20 24 25 52 100 104 7800
2 3 20 24 25 55 75 88 6600
2 3 20 24 25 55 88 100 6600
2 3 20 24 25 56 70 75 4200
2 3 20 24 25 56 70 100 4200
2 3 20 24 25 56 75 84 4200
2 3 20 24 25 56 75 105 4200
2 3 20 24 25 56 84 100 4200
2 3 20 24 25 56 100 105 4200
2 3 20 24 25 60 75 120 600
2 3 20 24 25 65 75 104 7800
2 3 20 24 25 66 75 88 6600
2 3 20 24 25 66 88 100 6600
2 3 20 24 25 72 75 90 1800
2 3 20 24 25 75 78 104 7800
2 3 20 24 26 28 35 104 10920
2 3 20 24 26 28 40 91 10920
2 3 20 24 26 28 56 65 10920
2 3 20 24 26 28 70 104 10920
2 3 20 24 26 28 91 120 10920
2 3 20 24 26 28 104 105 10920
2 3 20 24 26 30 39 40 1560
2 3 20 24 26 30 39 104 1560
2 3 20 24 26 30 39 120 1560
2 3 20 24 26 30 40 52 1560
2 3 20 24 26 30 40 65 1560
2 3 20 24 26 30 40 78 1560
2 3 20 24 26 30 40 104 1560
2 3 20 24 26 30 52 104 1560
2 3 20 24 26 30 52 120 1560
2 3 20 24 26 30 56 91 10920
2 3 20 24 26 30 60 104 1560
2 3 20 24 26 30 65 104 1560
2 3 20 24 26 30 65 120 1560
2 3 20 24 26 30 72 117 4680
2 3 20 24 26 30 78 104 1560
2 3 20 24 26 30 78 120 1560
2 3 20 24 26 30 104 120 1560
2 3 20 24 26 32 65 96 6240
2 3 20 24 26 33 55 104 17160
2 3 20 24 26 33 65 88 17160
2 3 20 24 26 33 104 110 17160
2 3 20 24 26 34 85 104 26520
2 3 20 24 26 35 39 56 10920
2 3 20 24 26 35 40 91 10920
2 3 20 24 26 35 42 104 10920
2 3 20 24 26 35 52 56 10920
2 3 20 24 26 35 56 65 10920
2 3 20 24 26 35 56 78 10920
2 3 20 24 26 35 56 91 10920
2 3 20 24 26 35 56 104 10920
2 3 20 24 26 35 70 104 10920
2 3 20 24 26 35 84 104 10920
2 3 20 24 26 35 91 104 10920
2 3 20 24 26 35 91 120 10920
2 3 20 24 26 35 104 105 10920
2 3 20 24 26 36 40 117 4680
2 3 20 24 26 36 45 104 4680
2 3 20 24 26 36 65 72 4680
2 3 20 24 26 36 90 104 4680
2 3 20 24 26 36 117 120 4680
2 3 20 24 26 38 95 104 29640
2 3 20 24 26 39 40 52 1560
2 3 20 24 26 39 40 60 1560
2 3 20 24 26 39 40 65 1560
2 3 20 24 26 39 40 78 1560
2 3 20 24 26 39 40 104 1560
2 3 20 24 26 39 40 120 1560
2 3 20 24 26 39 45 72 4680
2 3 20 24 26 39 48 80 3120
2 3 20 24 26 39 52 120 1560
2 3 20 24 26 39 55 88 17160
2 3 20 24 26 39 56 70 10920
2 3 20 24 26 39 56 105 10920
2 3 20 24 26 39 60 104 1560
2 3 20 24 26 39 60 120 1560
2 3 20 24 26 39 65 104 1560
2 3 20 24 26 39 65 120 1560
2 3 20 24 26 39 72 90 4680
2 3 20 24 26 39 78 120 1560
2 3 20 24 26 39 88 110 17160
2 3 20 24 26 39 104 120 1560
2 3 20 24 26 40 42 91 10920
2 3 20 24 26 40 45 117 4680
2 3 20 24 26 40 52 60 1560
2 3 20 24 26 40 52 65 1560
2 3 20 24 26 40 52 78 1560
2 3 20 24 26 40 52 104 1560
2 3 20 24 26 40 52 120 1560
2 3 20 24 26 40 56 91 10920
2 3 20 24 26 40 60 65 1560
2 3 20 24 26 40 60 78 1560
2 3 20 24 26 40 60 104 1560
2 3 20 24 26 40 65 78 1560
2 3 20 24 26 40 65 104 1560
2 3 20 24 26 40 65 120 1560
2 3 20 24 26 40 70 91 10920
2 3 20 24 26 40 72 117 4680
2 3 20 24 26 40 78 104 1560
2 3 20 24 26 40 78 120 1560
2 3 20 24 26 40 84 91 10920
2 3 20 24 26 40 90 117 4680
2 3 20 24 26 40 91 105 10920
2 3 20 24 26 40 104 120 1560
2 3 20 24 26 42 56 65 10920
2 3 20 24 26 42 70 104 10920
2 3 20 24 26 42 91 120 10920
2 3 20 24 26 42 104 105 10920
2 3 20 24 26 44 55 104 17160
2 3 20 24 26 44 65 88 17160
2 3 20 24 26 44 104 110 17160
2 3 20 24 26 45 52 72 4680
2 3 20 24 26 45 65 72 4680
2 3 20 24 26 45 72 78 4680
2 3 20 24 26 45 72 104 4680
2 3 20 24 26 45 72 117 4680
2 3 20 24 26 45 90 104 4680
2 3 20 24 26 45 104 117 4680
2 3 20 24 26 45 117 120 4680
2 3 20 24 26 46 104 115 35880
2 3 20 24 26 48 52 80 3120
2 3 20 24 26 48 65 80 3120
2 3 20 24 26 48 78 80 3120
2 3 20 24 26 48 80 104 3120
2 3 20 24 26 50 75 104 7800
2 3 20 24 26 50 100 104 7800
2 3 20 24 26 51 85 104 26520
2 3 20 24 26 52 55 88 17160
2 3 20 24 26 52 56 70 10920
2 3 20 24 26 52 56 105 10920
2 3 20 24 26 52 60 104 1560
2 3 20 24 26 52 60 120 1560
2 3 20 24 26 52 65 104 1560
2 3 20 24 26 52 65 120 1560
2 3 20 24 26 52 72 90 4680
2 3 20 24 26 52 78 120 1560
2 3 20 24 26 52 88 110 17160
2 3 20 24 26 52 104 120 1560
2 3 20 24 26 55 65 88 17160
2 3 20 24 26 55 66 104 17160
2 3 20 24 26 55 78 88 17160
2 3 20 24 26 55 88 104 17160
2 3 20 24 26 55 104 110 17160
2 3 20 24 26 56 60 91 10920
2 3 20 24 26 56 65 70 10920
2 3 20 24 26 56 65 84 10920
2 3 20 24 26 56 65 91 10920
2 3 20 24 26 56 65 105 10920
2 3 20 24 26 56 70 78 10920
2 3 20 24 26 56 70 91 10920
2 3 20 24 26 56 70 104 10920
2 3 20 24 26 56 78 105 10920
2 3 20 24 26 56 91 105 10920
2 3 20 24 26 56 91 120 10920
2 3 20 24 26 56 104 105 10920
2 3 20 24 26 57 95 104 29640
2 3 20 24 26 60 65 104 1560
2 3 20 24 26 60 65 120 1560
2 3 20 24 26 60 72 117 4680
2 3 20 24 26 60 78 104 1560
2 3 20 24 26 60 78 120 1560
2 3 20 24 26 65 66 88 17160
2 3 20 24 26 65 72 90 4680
2 3 20 24 26 65 72 117 4680
2 3 20 24 26 65 78 104 1560
2 3 20 24 26 72 78 90 4680
2 3 20 24 27 30 40 54 1080
2 3 20 24 27 30 40 108 1080
2 3 20 24 27 30 54 72 1080
2 3 20 24 27 30 54 120 1080
2 3 20 24 27 30 72 108 1080
2 3 20 24 27 30 108 120 1080
2 3 20 24 27 35 54 56 7560
2 3 20 24 27 35 56 108 7560
2 3 20 24 27 36 40 54 1080
2 3 20 24 27 36 40 108 1080
2 3 20 24 27 36 54 120 1080
2 3 20 24 27 36 108 120 1080
2 3 20 24 27 40 45 54 1080
2 3 20 24 27 40 45 108 1080
2 3 20 24 27 40 54 60 1080
2 3 20 24 27 40 54 72 1080
2 3 20 24 27 40 54 90 1080
2 3 20 24 27 40 54 108 1080
2 3 20 24 27 40 54 120 1080
2 3 20 24 27 40 60 108 1080
2 3 20 24 27 40 72 108 1080
2 3 20 24 27 40 90 108 1080
2 3 20 24 27 40 108 120 1080
2 3 20 24 27 45 54 72 1080
2 3 20 24 27 45 54 120 1080
2 3 20 24 27 45 72 108 1080
2 3 20 24 27 45 108 120 1080
2 3 20 24 27 48 54 80 2160
2 3 20 24 27 48 80 108 2160
2 3 20 24 27 54 55 88 11880
2 3 20 24 27 54 56 70 7560
2 3 20 24 27 54 56 105 7560
2 3 20 24 27 54 60 72 1080
2 3 20 24 27 54 60 120 1080
2 3 20 24 27 54 65 104 14040
2 3 20 24 27 54 72 90 1080
2 3 20 24 27 54 72 120 1080
2 3 20 24 27 54 88 110 11880
2 3 20 24 27 55 88 108 11880
2 3 20 24 27 56 70 108 7560
2 3 20 24 27 60 72 108 1080
2 3 20 24 28 30 35 40 840
2 3 20 24 28 30 35 56 840
2 3 20 24 28 30 35 120 840
2 3 20 24 28 30 40 42 840
2 3 20 24 28 30 40 56 840
2 3 20 24 28 30 40 70 840
2 3 20 24 28 30 40 84 840
2 3 20 24 28 30 40 105 840
2 3 20 24 28 30 42 56 840
2 3 20 24 28 30 42 120 840
2 3 20 24 28 30 48 112 1680
2 3 20 24 28 30 56 60 840
2 3 20 24 28 30 56 70 840
2 3 20 24 28 30 56 84 840
2 3 20 24 28 30 56 105 840
2 3 20 24 28 30 56 120 840
2 3 20 24 28 30 63 72 2520
2 3 20 24 28 30 70 120 840
2 3 20 24 28 30 72 126 2520
2 3 20 24 28 30 77 88 9240
2 3 20 24 28 30 80 112 1680
2 3 20 24 28 30 84 120 840
2 3 20 24 28 30 91 104 10920
2 3 20 24 28 30 105 120 840
2 3 20 24 28 32 35 96 3360
2 3 20 24 28 32 70 96 3360
2 3 20 24 28 32 96 105 3360
2 3 20 24 28 33 35 88 9240
2 3 20 24 28 33 40 77 9240
2 3 20 24 28 33 55 56 9240
2 3 20 24 28 33 56 110 9240
2 3 20 24 28 33 70 88 9240
2 3 20 24 28 33 77 120 9240
2 3 20 24 28 33 88 105 9240
2 3 20 24 28 34 40 119 14280
2 3 20 24 28 34 56 85 14280
2 3 20 24 28 34 119 120 14280
2 3 20 24 28 35 36 72 2520
2 3 20 24 28 35 39 104 10920
2 3 20 24 28 35 40 42 840
2 3 20 24 28 35 40 56 840
2 3 20 24 28 35 40 60 840
2 3 20 24 28 35 40 70 840
2 3 20 24 28 35 40 84 840
2 3 20 24 28 35 40 105 840
2 3 20 24 28 35 40 120 840
2 3 20 24 28 35 42 56 840
2 3 20 24 28 35 42 120 840
2 3 20 24 28 35 44 88 9240
2 3 20 24 28 35 45 72 2520
2 3 20 24 28 35 48 80 1680
2 3 20 24 28 35 48 112 1680
2 3 20 24 28 35 52 104 10920
2 3 20 24 28 35 55 88 9240
2 3 20 24 28 35 56 60 840
2 3 20 24 28 35 56 70 840
2 3 20 24 28 35 56 84 840
2 3 20 24 28 35 56 105 840
2 3 20 24 28 35 56 120 840
2 3 20 24 28 35 60 120 840
2 3 20 24 28 35 63 72 2520
2 3 20 24 28 35 65 104 10920
2 3 20 24 28 35 66 88 9240
2 3 20 24 28 35 70 120 840
2 3 20 24 28 35 72 90 2520
2 3 20 24 28 35 72 126 2520
2 3 20 24 28 35 77 88 9240
2 3 20 24 28 35 78 104 10920
2 3 20 24 28 35 80 112 1680
2 3 20 24 28 35 84 120 840
2 3 20 24 28 35 88 110 9240
2 3 20 24 28 35 91 104 10920
2 3 20 24 28 35 105 120 840
2 3 20 24 28 36 40 63 2520
2 3 20 24 28 36 40 126 2520
2 3 20 24 28 36 45 56 2520
2 3 20 24 28 36 56 90 2520
2 3 20 24 28 36 63 120 2520
2 3 20 24 28 36 70 72 2520
2 3 20 24 28 36 72 105 2520
2 3 20 24 28 36 120 126 2520
2 3 20 24 28 38 56 95 15960
2 3 20 24 28 39 40 91 10920
2 3 20 24 28 39 56 65 10920
2 3 20 24 28 39 70 104 10920
2 3 20 24 28 39 91 120 10920
2 3 20 24 28 39 104 105 10920
2 3 20 24 28 40 42 56 840
2 3 20 24 28 40 42 60 840
2 3 20 24 28 40 42 70 840
2 3 20 24 28 40 42 84 840
2 3 20 24 28 40 42 105 840
2 3 20 24 28 40 42 120 840
2 3 20 24 28 40 44 77 9240
2 3 20 24 28 40 45 63 2520
2 3 20 24 28 40 45 126 2520
2 3 20 24 28 40 48 112 1680
2 3 20 24 28 40 49 98 5880
2 3 20 24 28 40 51 119 14280
2 3 20 24 28 40 52 91 10920
2 3 20 24 28 40 55 77 9240
2 3 20 24 28 40 56 60 840
2 3 20 24 28 40 56 70 840
2 3 20 24 28 40 56 84 840
2 3 20 24 28 40 56 105 840
2 3 20 24 28 40 56 120 840
2 3 20 24 28 40 60 70 840
2 3 20 24 28 40 60 84 840
2 3 20 24 28 40 60 105 840
2 3 20 24 28 40 63 72 2520
2 3 20 24 28 40 63 90 2520
2 3 20 24 28 40 63 126 2520
2 3 20 24 28 40 65 91 10920
2 3 20 24 28 40 66 77 9240
2 3 20 24 28 40 68 119 14280
2 3 20 24 28 40 70 84 840
2 3 20 24 28 40 70 105 840
2 3 20 24 28 40 70 120 840
2 3 20 24 28 40 72 126 2520
2 3 20 24 28 40 77 88 9240
2 3 20 24 28 40 77 110 9240
2 3 20 24 28 40 78 91 10920
2 3 20 24 28 40 80 112 1680
2 3 20 24 28 40 84 105 840
2 3 20 24 28 40 84 120 840
2 3 20 24 28 40 85 119 14280
2 3 20 24 28 40 90 126 2520
2 3 20 24 28 40 91 104 10920
2 3 20 24 28 40 102 119 14280
2 3 20 24 28 40 105 120 840
2 3 20 24 28 42 45 72 2520
2 3 20 24 28 42 48 80 1680
2 3 20 24 28 42 55 88 9240
2 3 20 24 28 42 56 60 840
2 3 20 24 28 42 56 70 840
2 3 20 24 28 42 56 105 840
2 3 20 24 28 42 56 120 840
2 3 20 24 28 42 60 120 840
2 3 20 24 28 42 65 104 10920
2 3 20 24 28 42 70 120 840
2 3 20 24 28 42 72 90 2520
2 3 20 24 28 42 80 112 1680
2 3 20 24 28 42 84 120 840
2 3 20 24 28 42 88 110 9240
2 3 20 24 28 42 105 120 840
2 3 20 24 28 44 55 56 9240
2 3 20 24 28 44 56 110 9240
2 3 20 24 28 44 70 88 9240
2 3 20 24 28 44 77 120 9240
2 3 20 24 28 44 88 105 9240
2 3 20 24 28 45 56 63 2520
2 3 20 24 28 45 56 72 2520
2 3 20 24 28 45 56 90 2520
2 3 20 24 28 45 56 126 2520
2 3 20 24 28 45 63 72 2520
2 3 20 24 28 45 63 120 2520
2 3 20 24 28 45 70 72 2520
2 3 20 24 28 45 72 84 2520
2 3 20 24 28 45 72 105 2520
2 3 20 24 28 45 72 126 2520
2 3 20 24 28 46 56 115 19320
2 3 20 24 28 48 56 80 1680
2 3 20 24 28 48 60 112 1680
2 3 20 24 28 48 70 80 1680
2 3 20 24 28 48 70 112 1680
2 3 20 24 28 48 80 84 1680
2 3 20 24 28 48 80 105 1680
2 3 20 24 28 48 80 112 1680
2 3 20 24 28 50 56 75 4200
2 3 20 24 28 50 56 100 4200
2 3 20 24 28 51 56 85 14280
2 3 20 24 28 52 56 65 10920
2 3 20 24 28 52 70 104 10920
2 3 20 24 28 55 56 66 9240
2 3 20 24 28 55 56 77 9240
2 3 20 24 28 55 56 88 9240
2 3 20 24 28 55 56 110 9240
2 3 20 24 28 55 70 88 9240
2 3 20 24 28 55 77 88 9240
2 3 20 24 28 55 77 120 9240
2 3 20 24 28 55 84 88 9240
2 3 20 24 28 56 57 95 15960
2 3 20 24 28 56 60 70 840
2 3 20 24 28 56 60 84 840
2 3 20 24 28 56 60 105 840
2 3 20 24 28 56 60 120 840
2 3 20 24 28 56 63 90 2520
2 3 20 24 28 56 65 78 10920
2 3 20 24 28 56 65 91 10920
2 3 20 24 28 56 65 104 10920
2 3 20 24 28 56 66 110 9240
2 3 20 24 28 56 68 85 14280
2 3 20 24 28 56 69 115 19320
2 3 20 24 28 56 70 84 840
2 3 20 24 28 56 70 105 840
2 3 20 24 28 56 70 120 840
2 3 20 24 28 56 72 90 2520
2 3 20 24 28 56 75 100 4200
2 3 20 24 28 56 76 95 15960
2 3 20 24 28 56 77 110 9240
2 3 20 24 28 56 85 102 14280
2 3 20 24 28 60 63 72 2520
2 3 20 24 28 60 77 88 9240
2 3 20 24 28 63 70 72 2520
2 3 20 24 28 63 72 90 2520
2 3 20 24 28 66 70 88 9240
2 3 20 24 29 30 40 58 3480
2 3 20 24 29 30 40 87 3480
2 3 20 24 29 30 40 116 3480
2 3 20 24 29 30 58 120 3480
2 3 20 24 29 30 87 120 3480
2 3 20 24 29 30 116 120 3480
2 3 20 24 29 35 56 58 24360
2 3 20 24 29 35 56 87 24360
2 3 20 24 29 35 56 116 24360
2 3 20 24 29 40 58 60 3480
2 3 20 24 29 40 58 87 3480
2 3 20 24 29 40 58 116 3480
2 3 20 24 29 40 58 120 3480
2 3 20 24 29 40 60 87 3480
2 3 20 24 29 40 60 116 3480
2 3 20 24 29 40 87 116 3480
2 3 20 24 29 40 87 120 3480
2 3 20 24 29 40 116 120 3480
2 3 20 24 29 45 58 72 10440
2 3 20 24 29 45 72 87 10440
2 3 20 24 29 45 72 116 10440
2 3 20 24 29 48 58 80 6960
2 3 20 24 29 48 80 87 6960
2 3 20 24 29 48 80 116 6960
2 3 20 24 29 55 58 88 38280
2 3 20 24 29 55 87 88 38280
2 3 20 24 29 56 58 70 24360
2 3 20 24 29 56 58 105 24360
2 3 20 24 29 56 70 87 24360
2 3 20 24 29 56 70 116 24360
2 3 20 24 29 58 60 120 3480
2 3 20 24 29 58 65 104 45240
2 3 20 24 29 58 72 90 10440
2 3 20 24 30 31 40 62 3720
2 3 20 24 30 31 40 93 3720
2 3 20 24 30 31 40 124 3720
2 3 20 24 30 31 62 120 3720
2 3 20 24 30 31 93 120 3720
2 3 20 24 30 31 120 124 3720
2 3 20 24 30 32 40 96 480
2 3 20 24 30 32 48 96 480
2 3 20 24 30 32 60 96 480
2 3 20 24 30 32 80 96 480
2 3 20 24 30 32 96 120 480
2 3 20 24 30 33 40 44 1320
2 3 20 24 30 33 40 55 1320
2 3 20 24 30 33 40 66 1320
2 3 20 24 30 33 40 88 1320
2 3 20 24 30 33 40 110 1320
2 3 20 24 30 33 44 88 1320
2 3 20 24 30 33 44 120 1320
2 3 20 24 30 33 55 88 1320
2 3 20 24 30 33 55 120 1320
2 3 20 24 30 33 56 77 9240
2 3 20 24 30 33 60 88 1320
2 3 20 24 30 33 66 88 1320
2 3 20 24 30 33 66 120 1320
2 3 20 24 30 33 72 99 3960
2 3 20 24 30 33 88 110 1320
2 3 20 24 30 33 88 120 1320
2 3 20 24 30 33 110 120 1320
2 3 20 24 30 34 40 51 2040
2 3 20 24 30 34 40 68 2040
2 3 20 24 30 34 40 85 2040
2 3 20 24 30 34 40 102 2040
2 3 20 24 30 34 51 120 2040
2 3 20 24 30 34 56 119 14280
2 3 20 24 30 34 68 120 2040
2 3 20 24 30 34 85 120 2040
2 3 20 24 30 34 102 120 2040
2 3 20 24 30 35 40 42 840
2 3 20 24 30 35 40 56 840
2 3 20 24 30 35 40 70 840
2 3 20 24 30 35 40 84 840
2 3 20 24 30 35 40 105 840
2 3 20 24 30 35 42 56 840
2 3 20 24 30 35 42 120 840
2 3 20 24 30 35 48 112 1680
2 3 20 24 30 35 56 60 840
2 3 20 24 30 35 56 70 840
2 3 20 24 30 35 56 84 840
2 3 20 24 30 35 56 105 840
2 3 20 24 30 35 56 120 840
2 3 20 24 30 35 63 72 2520
2 3 20 24 30 35 70 120 840
2 3 20 24 30 35 72 126 2520
2 3 20 24 30 35 77 88 9240
2 3 20 24 30 35 80 112 1680
2 3 20 24 30 35 84 120 840
2 3 20 24 30 35 91 104 10920
2 3 20 24 30 35 105 120 840
2 3 20 24 30 36 40 45 360
2 3 20 24 30 36 40 72 360
2 3 20 24 30 36 40 90 360
2 3 20 24 30 36 45 72 360
2 3 20 24 30 36 45 120 360
2 3 20 24 30 36 56 63 2520
2 3 20 24 30 36 56 126 2520
2 3 20 24 30 36 60 72 360
2 3 20 24 30 36 72 90 360
2 3 20 24 30 36 72 120 360
2 3 20 24 30 36 88 99 3960
2 3 20 24 30 36 90 120 360
2 3 20 24 30 36 104 117 4680
2 3 20 24 30 37 40 74 4440
2 3 20 24 30 37 40 111 4440
2 3 20 24 30 37 74 120 4440
2 3 20 24 30 37 111 120 4440
2 3 20 24 30 38 40 57 2280
2 3 20 24 30 38 40 76 2280
2 3 20 24 30 38 40 95 2280
2 3 20 24 30 38 40 114 2280
2 3 20 24 30 38 57 120 2280
2 3 20 24 30 38 76 120 2280
2 3 20 24 30 38 95 120 2280
2 3 20 24 30 38 114 120 2280
2 3 20 24 30 39 40 52 1560
2 3 20 24 30 39 40 65 1560
2 3 20 24 30 39 40 78 1560
2 3 20 24 30 39 40 104 1560
2 3 20 24 30 39 52 104 1560
2 3 20 24 30 39 52 120 1560
2 3 20 24 30 39 56 91 10920
2 3 20 24 30 39 60 104 1560
2 3 20 24 30 39 65 104 1560
2 3 20 24 30 39 65 120 1560
2 3 20 24 30 39 72 117 4680
2 3 20 24 30 39 78 104 1560
2 3 20 24 30 39 78 120 1560
2 3 20 24 30 39 104 120 1560
2 3 20 24 30 40 41 82 4920
2 3 20 24 30 40 41 123 4920
2 3 20 24 30 40 42 56 840
2 3 20 24 30 40 42 70 840
2 3 20 24 30 40 42 84 840
2 3 20 24 30 40 42 105 840
2 3 20 24 30 40 43 86 5160
2 3 20 24 30 40 44 55 1320
2 3 20 24 30 40 44 66 1320
2 3 20 24 30 40 44 88 1320
2 3 20 24 30 40 44 110 1320
2 3 20 24 30 40 45 72 360
2 3 20 24 30 40 45 90 360
2 3 20 24 30 40 46 69 2760
2 3 20 24 30 40 46 92 2760
2 3 20 24 30 40 46 115 2760
2 3 20 24 30 40 47 94 5640
2 3 20 24 30 40 48 80 240
2 3 20 24 30 40 49 98 5880
2 3 20 24 30 40 50 75 600
2 3 20 24 30 40 50 100 600
2 3 20 24 30 40 51 68 2040
2 3 20 24 30 40 51 85 2040
2 3 20 24 30 40 51 102 2040
2 3 20 24 30 40 52 65 1560
2 3 20 24 30 40 52 78 1560
2 3 20 24 30 40 52 104 1560
2 3 20 24 30 40 53 106 6360
2 3 20 24 30 40 54 108 1080
2 3 20 24 30 40 55 66 1320
2 3 20 24 30 40 55 88 1320
2 3 20 24 30 40 55 110 1320
2 3 20 24 30 40 56 70 840
2 3 20 24 30 40 56 84 840
2 3 20 24 30 40 56 105 840
2 3 20 24 30 40 57 76 2280
2 3 20 24 30 40 57 95 2280
2 3 20 24 30 40 57 114 2280
2 3 20 24 30 40 58 87 3480
2 3 20 24 30 40 58 116 3480
2 3 20 24 30 40 59 118 7080
2 3 20 24 30 40 60 120 120
2 3 20 24 30 40 61 122 7320
2 3 20 24 30 40 62 93 3720
2 3 20 24 30 40 62 124 3720
2 3 20 24 30 40 63 126 2520
2 3 20 24 30 40 65 78 1560
2 3 20 24 30 40 65 104 1560
2 3 20 24 30 40 66 88 1320
2 3 20 24 30 40 66 110 1320
2 3 20 24 30 40 68 85 2040
2 3 20 24 30 40 68 102 2040
2 3 20 24 30 40 69 92 2760
2 3 20 24 30 40 69 115 2760
2 3 20 24 30 40 70 84 840
2 3 20 24 30 40 70 105 840
2 3 20 24 30 40 72 90 360
2 3 20 24 30 40 74 111 4440
2 3 20 24 30 40 75 100 600
2 3 20 24 30 40 76 95 2280
2 3 20 24 30 40 76 114 2280
2 3 20 24 30 40 78 104 1560
2 3 20 24 30 40 82 123 4920
2 3 20 24 30 40 84 105 840
2 3 20 24 30 40 85 102 2040
2 3 20 24 30 40 87 116 3480
2 3 20 24 30 40 88 110 1320
2 3 20 24 30 40 92 115 2760
2 3 20 24 30 40 93 124 3720
2 3 20 24 30 40 95 114 2280
2 3 20 24 30 41 82 120 4920
2 3 20 24 30 42 48 112 1680
2 3 20 24 30 42 56 60 840
2 3 20 24 30 42 56 70 840
2 3 20 24 30 42 56 84 840
2 3 20 24 30 42 56 105 840
2 3 20 24 30 42 56 120 840
2 3 20 24 30 42 63 72 2520
2 3 20 24 30 42 70 120 840
2 3 20 24 30 42 72 126 2520
2 3 20 24 30 42 77 88 9240
2 3 20 24 30 42 80 112 1680
2 3 20 24 30 42 84 120 840
2 3 20 24 30 42 91 104 10920
2 3 20 24 30 43 86 120 5160
2 3 20 24 30 44 55 88 1320
2 3 20 24 30 44 55 120 1320
2 3 20 24 30 44 56 77 9240
2 3 20 24 30 44 60 88 1320
2 3 20 24 30 44 66 88 1320
2 3 20 24 30 44 66 120 1320
2 3 20 24 30 44 72 99 3960
2 3 20 24 30 44 88 110 1320
2 3 20 24 30 44 88 120 1320
2 3 20 24 30 45 56 63 2520
2 3 20 24 30 45 56 126 2520
2 3 20 24 30 45 60 72 360
2 3 20 24 30 45 72 90 360
2 3 20 24 30 45 72 120 360
2 3 20 24 30 45 88 99 3960
2 3 20 24 30 46 69 120 2760
2 3 20 24 30 48 56 112 1680
2 3 20 24 30 48 60 80 240
2 3 20 24 30 48 70 112 1680
2 3 20 24 30 49 56 98 5880
2 3 20 24 30 51 56 119 14280
2 3 20 24 30 51 68 120 2040
2 3 20 24 30 52 56 91 10920
2 3 20 24 30 52 60 104 1560
2 3 20 24 30 52 65 104 1560
2 3 20 24 30 52 65 120 1560
2 3 20 24 30 55 56 77 9240
2 3 20 24 30 55 60 88 1320
2 3 20 24 30 55 66 88 1320
2 3 20 24 30 55 72 99 3960
2 3 20 24 30 56 60 70 840
2 3 20 24 30 56 60 84 840
2 3 20 24 30 56 60 105 840
2 3 20 24 30 56 63 72 2520
2 3 20 24 30 56 63 90 2520
2 3 20 24 30 56 65 91 10920
2 3 20 24 30 56 66 77 9240
2 3 20 24 30 56 70 84 840
2 3 20 24 30 56 77 88 9240
2 3 20 24 30 60 66 88 1320
2 3 20 24 30 63 70 72 2520
2 3 20 24 31 35 56 62 26040
2 3 20 24 31 35 56 93 26040
2 3 20 24 31 35 56 124 26040
2 3 20 24 31 40 60 62 3720
2 3 20 24 31 40 60 93 3720
2 3 20 24 31 40 60 124 3720
2 3 20 24 31 40 62 93 3720
2 3 20 24 31 40 62 120 3720
2 3 20 24 31 40 62 124 3720
2 3 20 24 31 40 93 120 3720
2 3 20 24 31 40 93 124 3720
2 3 20 24 31 45 62 72 11160
2 3 20 24 31 45 72 93 11160
2 3 20 24 31 45 72 124 11160
2 3 20 24 31 48 62 80 7440
2 3 20 24 31 48 80 93 7440
2 3 20 24 31 55 62 88 40920
2 3 20 24 31 56 62 70 26040
2 3 20 24 31 56 62 105 26040
2 3 20 24 31 56 70 93 26040
2 3 20 24 32 33 55 96 5280
2 3 20 24 32 33 96 110 5280
2 3 20 24 32 34 85 96 8160
2 3 20 24 32 35 42 96 3360
2 3 20 24 32 35 56 96 3360
2 3 20 24 32 35 70 96 3360
2 3 20 24 32 35 84 96 3360
2 3 20 24 32 35 96 105 3360
2 3 20 24 32 35 96 112 3360
2 3 20 24 32 36 45 96 1440
2 3 20 24 32 36 90 96 1440
2 3 20 24 32 38 95 96 9120
2 3 20 24 32 39 65 96 6240
2 3 20 24 32 40 48 96 480
2 3 20 24 32 40 60 96 480
2 3 20 24 32 40 80 96 480
2 3 20 24 32 42 70 96 3360
2 3 20 24 32 44 55 96 5280
2 3 20 24 32 45 72 96 1440
2 3 20 24 32 48 60 96 480
2 3 20 24 32 52 65 96 6240
2 3 20 24 33 34 85 88 22440
2 3 20 24 33 35 40 77 9240
2 3 20 24 33 35 42 88 9240
2 3 20 24 33 35 44 56 9240
2 3 20 24 33 35 55 56 9240
2 3 20 24 33 35 56 66 9240
2 3 20 24 33 35 56 77 9240
2 3 20 24 33 35 56 88 9240
2 3 20 24 33 35 56 110 9240
2 3 20 24 33 35 70 88 9240
2 3 20 24 33 35 77 88 9240
2 3 20 24 33 35 77 120 9240
2 3 20 24 33 35 84 88 9240
2 3 20 24 33 35 88 105 9240
2 3 20 24 33 36 40 99 3960
2 3 20 24 33 36 45 88 3960
2 3 20 24 33 36 55 72 3960
2 3 20 24 33 36 72 110 3960
2 3 20 24 33 36 88 90 3960
2 3 20 24 33 36 99 120 3960
2 3 20 24 33 38 88 95 25080
2 3 20 24 33 39 55 104 17160
2 3 20 24 33 39 65 88 17160
2 3 20 24 33 40 42 77 9240
2 3 20 24 33 40 44 55 1320
2 3 20 24 33 40 44 60 1320
2 3 20 24 33 40 44 66 1320
2 3 20 24 33 40 44 88 1320
2 3 20 24 33 40 44 110 1320
2 3 20 24 33 40 44 120 1320
2 3 20 24 33 40 45 99 3960
2 3 20 24 33 40 55 60 1320
2 3 20 24 33 40 55 66 1320
2 3 20 24 33 40 55 88 1320
2 3 20 24 33 40 55 110 1320
2 3 20 24 33 40 55 120 1320
2 3 20 24 33 40 56 77 9240
2 3 20 24 33 40 60 66 1320
2 3 20 24 33 40 60 88 1320
2 3 20 24 33 40 60 110 1320
2 3 20 24 33 40 66 88 1320
2 3 20 24 33 40 66 110 1320
2 3 20 24 33 40 66 120 1320
2 3 20 24 33 40 70 77 9240
2 3 20 24 33 40 72 99 3960
2 3 20 24 33 40 77 84 9240
2 3 20 24 33 40 77 105 9240
2 3 20 24 33 40 88 110 1320
2 3 20 24 33 40 90 99 3960
2 3 20 24 33 42 55 56 9240
2 3 20 24 33 42 56 110 9240
2 3 20 24 33 42 70 88 9240
2 3 20 24 33 42 77 120 9240
2 3 20 24 33 44 45 72 3960
2 3 20 24 33 44 48 80 2640
2 3 20 24 33 44 55 88 1320
2 3 20 24 33 44 55 120 1320
2 3 20 24 33 44 56 70 9240
2 3 20 24 33 44 56 105 9240
2 3 20 24 33 44 60 88 1320
2 3 20 24 33 44 60 120 1320
2 3 20 24 33 44 65 104 17160
2 3 20 24 33 44 66 120 1320
2 3 20 24 33 44 72 90 3960
2 3 20 24 33 45 55 72 3960
2 3 20 24 33 45 66 72 3960
2 3 20 24 33 45 72 88 3960
2 3 20 24 33 45 72 99 3960
2 3 20 24 33 45 72 110 3960
2 3 20 24 33 48 55 80 2640
2 3 20 24 33 48 66 80 2640
2 3 20 24 33 52 55 104 17160
2 3 20 24 33 52 65 88 17160
2 3 20 24 33 55 56 70 9240
2 3 20 24 33 55 56 77 9240
2 3 20 24 33 55 56 84 9240
2 3 20 24 33 55 56 105 9240
2 3 20 24 33 55 60 88 1320
2 3 20 24 33 56 60 77 9240
2 3 20 24 33 56 66 70 9240
2 3 20 24 33 56 70 77 9240
2 3 20 24 34 35 40 119 14280
2 3 20 24 34 35 51 56 14280
2 3 20 24 34 35 56 68 14280
2 3 20 24 34 35 56 85 14280
2 3 20 24 34 35 56 102 14280
2 3 20 24 34 35 56 119 14280
2 3 20 24 34 36 72 85 6120
2 3 20 24 34 39 85 104 26520
2 3 20 24 34 40 42 119 14280
2 3 20 24 34 40 51 60 2040
2 3 20 24 34 40 51 68 2040
2 3 20 24 34 40 51 85 2040
2 3 20 24 34 40 51 102 2040
2 3 20 24 34 40 51 120 2040
2 3 20 24 34 40 56 119 14280
2 3 20 24 34 40 60 68 2040
2 3 20 24 34 40 60 85 2040
2 3 20 24 34 40 60 102 2040
2 3 20 24 34 40 68 85 2040
2 3 20 24 34 40 68 102 2040
2 3 20 24 34 40 68 120 2040
2 3 20 24 34 40 70 119 14280
2 3 20 24 34 40 85 102 2040
2 3 20 24 34 42 56 85 14280
2 3 20 24 34 44 85 88 22440
2 3 20 24 34 45 51 72 6120
2 3 20 24 34 45 68 72 6120
2 3 20 24 34 45 72 85 6120
2 3 20 24 34 45 72 102 6120
2 3 20 24 34 48 51 80 4080
2 3 20 24 34 48 68 80 4080
2 3 20 24 34 51 55 88 22440
2 3 20 24 34 51 56 70 14280
2 3 20 24 34 51 56 105 14280
2 3 20 24 34 56 68 70 14280
2 3 20 24 35 36 40 63 2520
2 3 20 24 35 36 40 126 2520
2 3 20 24 35 36 42 72 2520
2 3 20 24 35 36 45 56 2520
2 3 20 24 35 36 56 63 2520
2 3 20 24 35 36 56 72 2520
2 3 20 24 35 36 56 90 2520
2 3 20 24 35 36 56 126 2520
2 3 20 24 35 36 63 72 2520
2 3 20 24 35 36 63 120 2520
2 3 20 24 35 36 70 72 2520
2 3 20 24 35 36 72 84 2520
2 3 20 24 35 36 72 105 2520
2 3 20 24 35 36 72 126 2520
2 3 20 24 35 37 56 74 31080
2 3 20 24 35 37 56 111 31080
2 3 20 24 35 38 56 57 15960
2 3 20 24 35 38 56 76 15960
2 3 20 24 35 38 56 95 15960
2 3 20 24 35 38 56 114 15960
2 3 20 24 35 39 40 91 10920
2 3 20 24 35 39 42 104 10920
2 3 20 24 35 39 52 56 10920
2 3 20 24 35 39 56 65 10920
2 3 20 24 35 39 56 78 10920
2 3 20 24 35 39 56 91 10920
2 3 20 24 35 39 56 104 10920
2 3 20 24 35 39 70 104 10920
2 3 20 24 35 39 84 104 10920
2 3 20 24 35 40 42 56 840
2 3 20 24 35 40 42 60 840
2 3 20 24 35 40 42 70 840
2 3 20 24 35 40 42 84 840
2 3 20 24 35 40 42 105 840
2 3 20 24 35 40 42 120 840
2 3 20 24 35 40 44 77 9240
2 3 20 24 35 40 45 63 2520
2 3 20 24 35 40 45 126 2520
2 3 20 24 35 40 48 112 1680
2 3 20 24 35 40 49 98 5880
2 3 20 24 35 40 51 119 14280
2 3 20 24 35 40 52 91 10920
2 3 20 24 35 40 55 77 9240
2 3 20 24 35 40 56 60 840
2 3 20 24 35 40 56 70 840
2 3 20 24 35 40 56 84 840
2 3 20 24 35 40 56 105 840
2 3 20 24 35 40 56 120 840
2 3 20 24 35 40 60 70 840
2 3 20 24 35 40 60 84 840
2 3 20 24 35 40 60 105 840
2 3 20 24 35 40 63 72 2520
2 3 20 24 35 40 63 90 2520
2 3 20 24 35 40 63 126 2520
2 3 20 24 35 40 65 91 10920
2 3 20 24 35 40 66 77 9240
2 3 20 24 35 40 68 119 14280
2 3 20 24 35 40 70 84 840
2 3 20 24 35 40 70 105 840
2 3 20 24 35 40 70 120 840
2 3 20 24 35 40 72 126 2520
2 3 20 24 35 40 77 88 9240
2 3 20 24 35 40 77 110 9240
2 3 20 24 35 40 78 91 10920
2 3 20 24 35 41 56 82 34440
2 3 20 24 35 41 56 123 34440
2 3 20 24 35 42 44 88 9240
2 3 20 24 35 42 45 72 2520
2 3 20 24 35 42 48 80 1680
2 3 20 24 35 42 48 112 1680
2 3 20 24 35 42 52 104 10920
2 3 20 24 35 42 55 88 9240
2 3 20 24 35 42 56 60 840
2 3 20 24 35 42 56 70 840
2 3 20 24 35 42 56 84 840
2 3 20 24 35 42 56 105 840
2 3 20 24 35 42 56 120 840
2 3 20 24 35 42 60 120 840
2 3 20 24 35 42 63 72 2520
2 3 20 24 35 42 65 104 10920
2 3 20 24 35 42 66 88 9240
2 3 20 24 35 42 72 90 2520
2 3 20 24 35 42 77 88 9240
2 3 20 24 35 43 56 86 36120
2 3 20 24 35 44 55 56 9240
2 3 20 24 35 44 56 66 9240
2 3 20 24 35 44 56 77 9240
2 3 20 24 35 44 56 88 9240
2 3 20 24 35 44 56 110 9240
2 3 20 24 35 44 70 88 9240
2 3 20 24 35 44 77 88 9240
2 3 20 24 35 45 56 63 2520
2 3 20 24 35 45 56 72 2520
2 3 20 24 35 45 56 90 2520
2 3 20 24 35 45 56 126 2520
2 3 20 24 35 45 63 72 2520
2 3 20 24 35 45 70 72 2520
2 3 20 24 35 45 72 84 2520
2 3 20 24 35 46 56 69 19320
2 3 20 24 35 46 56 92 19320
2 3 20 24 35 46 56 115 19320
2 3 20 24 35 47 56 94 39480
2 3 20 24 35 48 56 80 1680
2 3 20 24 35 48 56 112 1680
2 3 20 24 35 48 70 80 1680
2 3 20 24 35 49 56 98 5880
2 3 20 24 35 50 56 75 4200
2 3 20 24 35 50 56 100 4200
2 3 20 24 35 51 56 68 14280
2 3 20 24 35 51 56 85 14280
2 3 20 24 35 51 56 102 14280
2 3 20 24 35 52 56 65 10920
2 3 20 24 35 52 56 78 10920
2 3 20 24 35 52 56 91 10920
2 3 20 24 35 52 56 104 10920
2 3 20 24 35 55 56 66 9240
2 3 20 24 35 55 56 77 9240
2 3 20 24 35 55 56 88 9240
2 3 20 24 35 56 57 76 15960
2 3 20 24 35 56 58 87 24360
2 3 20 24 35 56 60 70 840
2 3 20 24 35 56 63 72 2520
2 3 20 24 36 38 72 95 6840
2 3 20 24 36 39 40 117 4680
2 3 20 24 36 39 45 104 4680
2 3 20 24 36 39 65 72 4680
2 3 20 24 36 40 42 63 2520
2 3 20 24 36 40 42 126 2520
2 3 20 24 36 40 44 99 3960
2 3 20 24 36 40 45 60 360
2 3 20 24 36 40 45 72 360
2 3 20 24 36 40 45 90 360
2 3 20 24 36 40 45 120 360
2 3 20 24 36 40 52 117 4680
2 3 20 24 36 40 54 108 1080
2 3 20 24 36 40 55 99 3960
2 3 20 24 36 40 56 63 2520
2 3 20 24 36 40 56 126 2520
2 3 20 24 36 40 60 72 360
2 3 20 24 36 40 60 90 360
2 3 20 24 36 40 63 70 2520
2 3 20 24 36 40 63 84 2520
2 3 20 24 36 40 63 105 2520
2 3 20 24 36 40 63 126 2520
2 3 20 24 36 40 65 117 4680
2 3 20 24 36 40 66 99 3960
2 3 20 24 36 40 72 90 360
2 3 20 24 36 42 45 56 2520
2 3 20 24 36 42 56 90 2520
2 3 20 24 36 42 63 120 2520
2 3 20 24 36 42 70 72 2520
2 3 20 24 36 44 45 88 3960
2 3 20 24 36 44 55 72 3960
2 3 20 24 36 45 48 80 720
2 3 20 24 36 45 52 104 4680
2 3 20 24 36 45 55 88 3960
2 3 20 24 36 45 56 63 2520
2 3 20 24 36 45 56 70 2520
2 3 20 24 36 45 56 84 2520
2 3 20 24 36 45 56 105 2520
2 3 20 24 36 45 56 126 2520
2 3 20 24 36 45 60 72 360
2 3 20 24 36 45 66 88 3960
2 3 20 24 36 52 65 72 4680
2 3 20 24 36 56 60 63 2520
2 3 20 24 36 56 63 70 2520
2 3 20 24 37 40 60 74 4440
2 3 20 24 37 40 60 111 4440
2 3 20 24 37 45 72 74 13320
2 3 20 24 38 40 57 60 2280
2 3 20 24 38 40 57 76 2280
2 3 20 24 38 40 57 95 2280
2 3 20 24 38 40 57 114 2280
2 3 20 24 38 40 57 120 2280
2 3 20 24 38 40 60 76 2280
2 3 20 24 38 40 60 95 2280
2 3 20 24 38 40 60 114 2280
2 3 20 24 38 42 56 95 15960
2 3 20 24 38 45 57 72 6840
2 3 20 24 38 45 72 76 6840
2 3 20 24 38 48 57 80 4560
2 3 20 24 38 56 57 70 15960
2 3 20 24 39 40 42 91 10920
2 3 20 24 39 40 45 117 4680
2 3 20 24 39 40 52 60 1560
2 3 20 24 39 40 52 65 1560
2 3 20 24 39 40 52 78 1560
2 3 20 24 39 40 52 104 1560
2 3 20 24 39 40 52 120 1560
2 3 20 24 39 40 56 91 10920
2 3 20 24 39 40 60 65 1560
2 3 20 24 39 40 60 78 1560
2 3 20 24 39 40 60 104 1560
2 3 20 24 39 40 65 78 1560
2 3 20 24 39 40 65 104 1560
2 3 20 24 39 40 70 91 10920
2 3 20 24 39 42 56 65 10920
2 3 20 24 39 44 55 104 17160
2 3 20 24 39 44 65 88 17160
2 3 20 24 39 45 52 72 4680
2 3 20 24 39 45 65 72 4680
2 3 20 24 39 48 52 80 3120
2 3 20 24 39 52 56 70 10920
2 3 20 24 40 41 60 82 4920
2 3 20 24 40 42 44 77 9240
2 3 20 24 40 42 45 63 2520
2 3 20 24 40 42 45 126 2520
2 3 20 24 40 42 48 112 1680
2 3 20 24 40 42 49 98 5880
2 3 20 24 40 42 51 119 14280
2 3 20 24 40 42 52 91 10920
2 3 20 24 40 42 55 77 9240
2 3 20 24 40 42 56 60 840
2 3 20 24 40 42 56 70 840
2 3 20 24 40 42 56 84 840
2 3 20 24 40 42 56 105 840
2 3 20 24 40 42 60 70 840
2 3 20 24 40 42 60 84 840
2 3 20 24 40 42 63 72 2520
2 3 20 24 40 42 63 90 2520
2 3 20 24 40 42 65 91 10920
2 3 20 24 40 42 66 77 9240
2 3 20 24 40 43 60 86 5160
2 3 20 24 40 44 45 99 3960
2 3 20 24 40 44 55 60 1320
2 3 20 24 40 44 55 66 1320
2 3 20 24 40 44 55 88 1320
2 3 20 24 40 44 56 77 9240
2 3 20 24 40 44 60 66 1320
2 3 20 24 40 44 60 88 1320
2 3 20 24 40 45 55 99 3960
2 3 20 24 40 45 56 63 2520
2 3 20 24 40 45 60 72 360
2 3 20 24 40 45 63 70 2520
2 3 20 24 40 46 60 69 2760
2 3 20 24 40 51 60 68 2040
2 3 20 24 40 52 60 65 1560
2 3 20 24 42 44 55 56 9240
2 3 20 24 42 45 56 63 2520
2 3 20 24 42 45 56 72 2520
2 3 20 24 42 45 63 72 2520
2 3 20 24 42 52 56 65 10920
2 3 20 24 44 45 55 72 3960
2 3 20 25 26 28 75 91 27300
2 3 20 25 26 30 39 100 3900
2 3 20 25 26 30 50 52 3900
2 3 20 25 26 30 52 75 3900
2 3 20 25 26 30 52 100 3900
2 3 20 25 26 30 65 100 3900
2 3 20 25 26 30 78 100 3900
2 3 20 25 26 36 50 117 11700
2 3 20 25 26 36 75 117 11700
2 3 20 25 26 36 100 117 11700
2 3 20 25 26 39 50 52 3900
2 3 20 25 26 39 50 60 3900
2 3 20 25 26 39 50 100 3900
2 3 20 25 26 39 52 75 3900
2 3 20 25 26 39 52 100 3900
2 3 20 25 26 39 60 75 3900
2 3 20 25 26 39 60 100 3900
2 3 20 25 26 39 65 100 3900
2 3 20 25 26 39 75 100 3900
2 3 20 25 26 39 78 100 3900
2 3 20 25 26 40 75 104 7800
2 3 20 25 26 42 91 100 27300
2 3 20 25 26 45 100 117 11700
2 3 20 25 26 50 52 60 3900
2 3 20 25 26 50 52 75 3900
2 3 20 25 26 50 52 78 3900
2 3 20 25 26 50 60 65 3900
2 3 20 25 26 50 60 78 3900
2 3 20 25 26 50 78 100 3900
2 3 20 25 26 50 84 91 27300
2 3 20 25 26 52 60 75 3900
2 3 20 25 26 52 60 100 3900
2 3 20 25 26 52 65 75 3900
2 3 20 25 26 52 75 78 3900
2 3 20 25 26 52 75 100 3900
2 3 20 25 26 52 78 100 3900
2 3 20 25 26 60 65 75 3900
2 3 20 25 26 60 65 100 3900
2 3 20 25 26 60 75 78 3900
2 3 20 25 26 60 78 100 3900
2 3 20 25 26 65 75 100 3900
2 3 20 25 27 30 50 108 2700
2 3 20 25 27 30 54 100 2700
2 3 20 25 27 30 75 108 2700
2 3 20 25 27 30 100 108 2700
2 3 20 25 27 36 50 54 2700
2 3 20 25 27 36 50 108 2700
2 3 20 25 27 36 54 75 2700
2 3 20 25 27 36 54 100 2700
2 3 20 25 27 36 75 108 2700
2 3 20 25 27 36 100 108 2700
2 3 20 25 27 45 50 108 2700
2 3 20 25 27 45 54 100 2700
2 3 20 25 27 45 75 108 2700
2 3 20 25 27 45 100 108 2700
2 3 20 25 27 50 54 60 2700
2 3 20 25 27 50 54 100 2700
2 3 20 25 27 50 54 108 2700
2 3 20 25 27 50 60 108 2700
2 3 20 25 27 50 75 108 2700
2 3 20 25 27 50 90 108 2700
2 3 20 25 27 54 60 75 2700
2 3 20 25 27 54 60 100 2700
2 3 20 25 27 54 75 100 2700
2 3 20 25 27 54 75 108 2700
2 3 20 25 28 30 35 50 2100
2 3 20 25 28 30 35 75 2100
2 3 20 25 28 30 35 100 2100
2 3 20 25 28 30 42 50 2100
2 3 20 25 28 30 42 75 2100
2 3 20 25 28 30 42 100 2100
2 3 20 25 28 30 50 70 2100
2 3 20 25 28 30 50 84 2100
2 3 20 25 28 30 50 105 2100
2 3 20 25 28 30 70 75 2100
2 3 20 25 28 30 70 100 2100
2 3 20 25 28 30 75 84 2100
2 3 20 25 28 30 75 105 2100
2 3 20 25 28 30 84 100 2100
2 3 20 25 28 30 100 105 2100
2 3 20 25 28 33 50 77 23100
2 3 20 25 28 33 75 77 23100
2 3 20 25 28 33 77 100 23100
2 3 20 25 28 34 75 119 35700
2 3 20 25 28 35 42 50 2100
2 3 20 25 28 35 42 75 2100
2 3 20 25 28 35 42 100 2100
2 3 20 25 28 35 50 60 2100
2 3 20 25 28 35 50 75 2100
2 3 20 25 28 35 50 84 2100
2 3 20 25 28 35 50 105 2100
2 3 20 25 28 35 60 75 2100
2 3 20 25 28 35 60 100 2100
2 3 20 25 28 35 70 75 2100
2 3 20 25 28 35 75 84 2100
2 3 20 25 28 35 75 100 2100
2 3 20 25 28 35 75 105 2100
2 3 20 25 28 35 84 100 2100
2 3 20 25 28 35 100 105 2100
2 3 20 25 28 36 50 63 6300
2 3 20 25 28 36 50 126 6300
2 3 20 25 28 36 63 75 6300
2 3 20 25 28 36 63 100 6300
2 3 20 25 28 36 75 126 6300
2 3 20 25 28 36 100 126 6300
2 3 20 25 28 39 50 91 27300
2 3 20 25 28 39 75 91 27300
2 3 20 25 28 39 91 100 27300
2 3 20 25 28 40 56 75 4200
2 3 20 25 28 42 50 60 2100
2 3 20 25 28 42 50 70 2100
2 3 20 25 28 42 50 75 2100
2 3 20 25 28 42 50 84 2100
2 3 20 25 28 42 50 100 2100
2 3 20 25 28 42 50 105 2100
2 3 20 25 28 42 60 75 2100
2 3 20 25 28 42 60 100 2100
2 3 20 25 28 42 70 75 2100
2 3 20 25 28 42 70 100 2100
2 3 20 25 28 42 75 84 2100
2 3 20 25 28 42 75 100 2100
2 3 20 25 28 42 75 105 2100
2 3 20 25 28 42 84 100 2100
2 3 20 25 28 42 100 105 2100
2 3 20 25 28 44 75 77 23100
2 3 20 25 28 45 50 63 6300
2 3 20 25 28 45 50 126 6300
2 3 20 25 28 45 63 75 6300
2 3 20 25 28 45 63 100 6300
2 3 20 25 28 45 75 126 6300
2 3 20 25 28 48 50 112 8400
2 3 20 25 28 48 75 112 8400
2 3 20 25 28 49 75 98 14700
2 3 20 25 28 50 51 119 35700
2 3 20 25 28 50 56 120 4200
2 3 20 25 28 50 60 70 2100
2 3 20 25 28 50 60 84 2100
2 3 20 25 28 50 60 105 2100
2 3 20 25 28 50 63 90 6300
2 3 20 25 28 50 63 126 6300
2 3 20 25 28 50 66 77 23100
2 3 20 25 28 50 70 75 2100
2 3 20 25 28 50 70 84 2100
2 3 20 25 28 50 70 105 2100
2 3 20 25 28 50 75 84 2100
2 3 20 25 28 50 75 105 2100
2 3 20 25 28 50 78 91 27300
2 3 20 25 28 50 84 100 2100
2 3 20 25 28 50 84 105 2100
2 3 20 25 28 51 75 119 35700
2 3 20 25 28 52 75 91 27300
2 3 20 25 28 55 75 77 23100
2 3 20 25 28 60 70 75 2100
2 3 20 25 28 60 75 84 2100
2 3 20 25 28 66 75 77 23100
2 3 20 25 29 30 50 116 8700
2 3 20 25 29 30 58 100 8700
2 3 20 25 29 30 75 116 8700
2 3 20 25 29 30 87 100 8700
2 3 20 25 29 30 100 116 8700
2 3 20 25 29 50 58 60 8700
2 3 20 25 29 50 60 87 8700
2 3 20 25 29 50 60 116 8700
2 3 20 25 29 58 60 75 8700
2 3 20 25 29 58 60 100 8700
2 3 20 25 30 31 50 124 9300
2 3 20 25 30 31 62 100 9300
2 3 20 25 30 31 75 124 9300
2 3 20 25 30 31 93 100 9300
2 3 20 25 30 31 100 124 9300
2 3 20 25 30 32 50 96 2400
2 3 20 25 30 32 75 96 2400
2 3 20 25 30 32 96 100 2400
2 3 20 25 30 33 44 50 3300
2 3 20 25 30 33 44 75 3300
2 3 20 25 30 33 44 100 3300
2 3 20 25 30 33 55 100 3300
2 3 20 25 30 33 66 100 3300
2 3 20 25 30 33 100 110 3300
2 3 20 25 30 34 50 68 5100
2 3 20 25 30 34 51 100 5100
2 3 20 25 30 34 68 75 5100
2 3 20 25 30 34 68 100 5100
2 3 20 25 30 34 85 100 5100
2 3 20 25 30 34 100 102 5100
2 3 20 25 30 35 42 100 2100
2 3 20 25 30 35 50 84 2100
2 3 20 25 30 35 70 100 2100
2 3 20 25 30 35 75 84 2100
2 3 20 25 30 35 84 100 2100
2 3 20 25 30 35 100 105 2100
2 3 20 25 30 36 45 50 900
2 3 20 25 30 36 45 75 900
2 3 20 25 30 36 45 100 900
2 3 20 25 30 36 50 90 900
2 3 20 25 30 36 75 90 900
2 3 20 25 30 36 90 100 900
2 3 20 25 30 37 74 100 11100
2 3 20 25 30 37 100 111 11100
2 3 20 25 30 38 50 76 5700
2 3 20 25 30 38 57 100 5700
2 3 20 25 30 38 75 76 5700
2 3 20 25 30 38 76 100 5700
2 3 20 25 30 38 95 100 5700
2 3 20 25 30 38 100 114 5700
2 3 20 25 30 39 50 52 3900
2 3 20 25 30 39 52 75 3900
2 3 20 25 30 39 52 100 3900
2 3 20 25 30 39 65 100 3900
2 3 20 25 30 39 78 100 3900
2 3 20 25 30 40 50 120 600
2 3 20 25 30 40 75 120 600
2 3 20 25 30 41 82 100 12300
2 3 20 25 30 42 50 84 2100
2 3 20 25 30 42 70 100 2100
2 3 20 25 30 42 75 84 2100
2 3 20 25 30 42 84 100 2100
2 3 20 25 30 43 86 100 12900
2 3 20 25 30 44 50 55 3300
2 3 20 25 30 44 50 66 3300
2 3 20 25 30 44 50 110 3300
2 3 20 25 30 44 55 75 3300
2 3 20 25 30 44 55 100 3300
2 3 20 25 30 44 66 75 3300
2 3 20 25 30 44 66 100 3300
2 3 20 25 30 44 75 110 3300
2 3 20 25 30 46 50 92 6900
2 3 20 25 30 46 69 100 6900
2 3 20 25 30 46 75 92 6900
2 3 20 25 30 48 50 80 1200
2 3 20 25 30 48 75 80 1200
2 3 20 25 30 50 51 68 5100
2 3 20 25 30 50 52 65 3900
2 3 20 25 30 50 52 78 3900
2 3 20 25 30 50 54 108 2700
2 3 20 25 30 50 57 76 5700
2 3 20 25 30 50 58 116 8700
2 3 20 25 30 50 60 75 300
2 3 20 25 30 50 60 100 300
2 3 20 25 30 50 62 124 9300
2 3 20 25 30 50 68 85 5100
2 3 20 25 30 50 68 102 5100
2 3 20 25 30 50 69 92 6900
2 3 20 25 30 50 70 84 2100
2 3 20 25 30 50 76 95 5700
2 3 20 25 30 51 68 75 5100
2 3 20 25 30 51 68 100 5100
2 3 20 25 30 52 65 75 3900
2 3 20 25 30 52 65 100 3900
2 3 20 25 30 52 75 78 3900
2 3 20 25 30 57 75 76 5700
2 3 20 25 31 50 60 62 9300
2 3 20 25 31 50 60 93 9300
2 3 20 25 31 50 60 124 9300
2 3 20 25 31 60 62 75 9300
2 3 20 25 32 40 50 96 2400
2 3 20 25 32 40 75 96 2400
2 3 20 25 32 48 50 96 2400
2 3 20 25 32 50 60 96 2400
2 3 20 25 33 35 77 100 23100
2 3 20 25 33 36 50 99 9900
2 3 20 25 33 36 75 99 9900
2 3 20 25 33 36 99 100 9900
2 3 20 25 33 40 50 88 6600
2 3 20 25 33 40 75 88 6600
2 3 20 25 33 42 77 100 23100
2 3 20 25 33 44 50 55 3300
2 3 20 25 33 44 50 60 3300
2 3 20 25 33 44 50 66 3300
2 3 20 25 33 44 50 75 3300
2 3 20 25 33 44 50 100 3300
2 3 20 25 33 44 50 110 3300
2 3 20 25 33 44 55 75 3300
2 3 20 25 33 44 55 100 3300
2 3 20 25 33 44 60 75 3300
2 3 20 25 33 44 60 100 3300
2 3 20 25 33 44 66 75 3300
2 3 20 25 33 44 66 100 3300
2 3 20 25 33 50 55 60 3300
2 3 20 25 33 50 55 100 3300
2 3 20 25 33 50 60 66 3300
2 3 20 25 33 55 60 75 3300
2 3 20 25 34 50 51 60 5100
2 3 20 25 34 50 51 68 5100
2 3 20 25 34 50 51 100 5100
2 3 20 25 34 50 60 68 5100
2 3 20 25 34 50 60 85 5100
2 3 20 25 34 50 68 75 5100
2 3 20 25 34 51 60 75 5100
2 3 20 25 34 51 68 75 5100
2 3 20 25 35 36 50 63 6300
2 3 20 25 35 36 50 126 6300
2 3 20 25 35 36 63 75 6300
2 3 20 25 35 36 63 100 6300
2 3 20 25 35 36 75 126 6300
2 3 20 25 35 40 56 75 4200
2 3 20 25 35 42 50 60 2100
2 3 20 25 35 42 50 84 2100
2 3 20 25 35 42 50 100 2100
2 3 20 25 35 42 60 75 2100
2 3 20 25 35 42 60 100 2100
2 3 20 25 35 42 75 84 2100
2 3 20 25 35 44 75 77 23100
2 3 20 25 35 48 50 112 8400
2 3 20 25 35 50 60 70 2100
2 3 20 25 35 50 60 84 2100
2 3 20 25 36 39 50 117 11700
2 3 20 25 36 40 50 72 1800
2 3 20 25 36 40 72 75 1800
2 3 20 25 36 42 50 63 6300
2 3 20 25 36 42 50 126 6300
2 3 20 25 36 42 63 75 6300
2 3 20 25 36 42 63 100 6300
2 3 20 25 36 44 50 99 9900
2 3 20 25 36 45 50 60 900
2 3 20 25 36 45 50 75 900
2 3 20 25 36 45 50 90 900
2 3 20 25 36 45 50 100 900
2 3 20 25 36 45 60 75 900
2 3 20 25 36 50 63 70 6300
2 3 20 25 37 50 60 74 11100
2 3 20 25 38 50 57 60 5700
2 3 20 25 38 50 57 76 5700
2 3 20 25 39 40 50 104 7800
2 3 20 25 39 50 52 60 3900
2 3 20 25 39 50 52 65 3900
2 3 20 25 39 50 52 75 3900
2 3 20 25 39 50 52 78 3900
2 3 20 25 39 50 60 65 3900
2 3 20 25 40 42 50 56 4200
2 3 20 25 40 42 56 75 4200
2 3 20 25 40 45 50 72 1800
2 3 20 25 40 48 50 80 1200
2 3 20 25 42 44 50 77 23100
2 3 20 25 44 50 55 60 3300
2 3 20 26 27 30 39 108 7020
2 3 20 26 27 30 52 54 7020
2 3 20 26 27 30 52 108 7020
2 3 20 26 27 30 65 108 7020
2 3 20 26 27 30 78 108 7020
2 3 20 26 27 30 108 117 7020
2 3 20 26 27 35 91 108 49140
2 3 20 26 27 36 54 65 7020
2 3 20 26 27 36 65 108 7020
2 3 20 26 27 39 45 108 7020
2 3 20 26 27 39 54 60 7020
2 3 20 26 27 39 60 108 7020
2 3 20 26 27 39 65 108 7020
2 3 20 26 27 39 90 108 7020
2 3 20 26 27 40 54 104 14040
2 3 20 26 27 40 104 108 14040
2 3 20 26 27 45 52 54 7020
2 3 20 26 27 45 52 108 7020
2 3 20 26 27 45 65 108 7020
2 3 20 26 27 45 78 108 7020
2 3 20 26 27 52 54 60 7020
2 3 20 26 27 52 54 65 7020
2 3 20 26 27 52 54 90 7020
2 3 20 26 27 52 60 108 7020
2 3 20 26 27 52 65 108 7020
2 3 20 26 27 54 60 65 7020
2 3 20 26 27 54 60 78 7020
2 3 20 26 27 54 60 117 7020
2 3 20 26 27 54 65 108 7020
2 3 20 26 27 60 65 108 7020
2 3 20 26 28 30 35 39 5460
2 3 20 26 28 30 35 52 5460
2 3 20 26 28 30 35 65 5460
2 3 20 26 28 30 35 78 5460
2 3 20 26 28 30 35 91 5460
2 3 20 26 28 30 39 42 5460
2 3 20 26 28 30 39 70 5460
2 3 20 26 28 30 39 84 5460
2 3 20 26 28 30 39 91 5460
2 3 20 26 28 30 39 105 5460
2 3 20 26 28 30 42 52 5460
2 3 20 26 28 30 42 65 5460
2 3 20 26 28 30 42 78 5460
2 3 20 26 28 30 42 91 5460
2 3 20 26 28 30 52 70 5460
2 3 20 26 28 30 52 84 5460
2 3 20 26 28 30 52 91 5460
2 3 20 26 28 30 52 105 5460
2 3 20 26 28 30 56 104 10920
2 3 20 26 28 30 60 91 5460
2 3 20 26 28 30 63 117 16380
2 3 20 26 28 30 65 70 5460
2 3 20 26 28 30 65 84 5460
2 3 20 26 28 30 65 91 5460
2 3 20 26 28 30 65 105 5460
2 3 20 26 28 30 70 78 5460
2 3 20 26 28 30 70 91 5460
2 3 20 26 28 30 78 84 5460
2 3 20 26 28 30 78 91 5460
2 3 20 26 28 30 78 105 5460
2 3 20 26 28 30 84 91 5460
2 3 20 26 28 30 91 105 5460
2 3 20 26 28 30 117 126 16380
2 3 20 26 28 33 55 91 60060
2 3 20 26 28 33 65 77 60060
2 3 20 26 28 33 91 110 60060
2 3 20 26 28 35 36 117 16380
2 3 20 26 28 35 39 42 5460
2 3 20 26 28 35 39 52 5460
2 3 20 26 28 35 39 60 5460
2 3 20 26 28 35 39 65 5460
2 3 20 26 28 35 39 70 5460
2 3 20 26 28 35 39 78 5460
2 3 20 26 28 35 39 84 5460
2 3 20 26 28 35 39 91 5460
2 3 20 26 28 35 39 105 5460
2 3 20 26 28 35 42 52 5460
2 3 20 26 28 35 42 65 5460
2 3 20 26 28 35 42 78 5460
2 3 20 26 28 35 42 91 5460
2 3 20 26 28 35 45 117 16380
2 3 20 26 28 35 52 60 5460
2 3 20 26 28 35 52 78 5460
2 3 20 26 28 35 52 84 5460
2 3 20 26 28 35 52 105 5460
2 3 20 26 28 35 60 65 5460
2 3 20 26 28 35 60 78 5460
2 3 20 26 28 35 60 91 5460
2 3 20 26 28 35 63 117 16380
2 3 20 26 28 35 65 78 5460
2 3 20 26 28 35 65 84 5460
2 3 20 26 28 35 65 105 5460
2 3 20 26 28 35 70 78 5460
2 3 20 26 28 35 78 84 5460
2 3 20 26 28 35 78 91 5460
2 3 20 26 28 35 78 105 5460
2 3 20 26 28 35 84 91 5460
2 3 20 26 28 35 90 117 16380
2 3 20 26 28 35 91 105 5460
2 3 20 26 28 35 104 120 10920
2 3 20 26 28 35 117 126 16380
2 3 20 26 28 36 45 91 16380
2 3 20 26 28 36 63 65 16380
2 3 20 26 28 36 65 126 16380
2 3 20 26 28 36 70 117 16380
2 3 20 26 28 36 90 91 16380
2 3 20 26 28 36 105 117 16380
2 3 20 26 28 39 40 56 10920
2 3 20 26 28 39 42 60 5460
2 3 20 26 28 39 42 65 5460
2 3 20 26 28 39 42 70 5460
2 3 20 26 28 39 42 105 5460
2 3 20 26 28 39 45 63 16380
2 3 20 26 28 39 45 126 16380
2 3 20 26 28 39 52 70 5460
2 3 20 26 28 39 52 105 5460
2 3 20 26 28 39 55 77 60060
2 3 20 26 28 39 56 120 10920
2 3 20 26 28 39 60 70 5460
2 3 20 26 28 39 60 84 5460
2 3 20 26 28 39 60 91 5460
2 3 20 26 28 39 60 105 5460
2 3 20 26 28 39 63 90 16380
2 3 20 26 28 39 65 70 5460
2 3 20 26 28 39 65 84 5460
2 3 20 26 28 39 65 91 5460
2 3 20 26 28 39 65 105 5460
2 3 20 26 28 39 70 78 5460
2 3 20 26 28 39 70 84 5460
2 3 20 26 28 39 70 91 5460
2 3 20 26 28 39 70 105 5460
2 3 20 26 28 39 77 110 60060
2 3 20 26 28 39 78 105 5460
2 3 20 26 28 39 80 112 21840
2 3 20 26 28 39 84 105 5460
2 3 20 26 28 39 85 119 92820
2 3 20 26 28 39 90 126 16380
2 3 20 26 28 39 91 105 5460
2 3 20 26 28 40 42 104 10920
2 3 20 26 28 40 56 78 10920
2 3 20 26 28 40 84 104 10920
2 3 20 26 28 40 91 120 10920
2 3 20 26 28 40 104 105 10920
2 3 20 26 28 42 45 117 16380
2 3 20 26 28 42 52 60 5460
2 3 20 26 28 42 52 65 5460
2 3 20 26 28 42 52 70 5460
2 3 20 26 28 42 52 105 5460
2 3 20 26 28 42 60 65 5460
2 3 20 26 28 42 60 78 5460
2 3 20 26 28 42 60 91 5460
2 3 20 26 28 42 65 70 5460
2 3 20 26 28 42 65 78 5460
2 3 20 26 28 42 65 84 5460
2 3 20 26 28 42 65 91 5460
2 3 20 26 28 42 65 105 5460
2 3 20 26 28 42 70 78 5460
2 3 20 26 28 42 70 91 5460
2 3 20 26 28 42 78 105 5460
2 3 20 26 28 42 90 117 16380
2 3 20 26 28 42 91 105 5460
2 3 20 26 28 45 52 63 16380
2 3 20 26 28 45 52 126 16380
2 3 20 26 28 45 63 65 16380
2 3 20 26 28 45 63 78 16380
2 3 20 26 28 45 63 91 16380
2 3 20 26 28 45 63 117 16380
2 3 20 26 28 45 65 126 16380
2 3 20 26 28 45 70 117 16380
2 3 20 26 28 45 78 126 16380
2 3 20 26 28 45 84 117 16380
2 3 20 26 28 45 90 91 16380
2 3 20 26 28 48 65 112 21840
2 3 20 26 28 48 80 91 21840
2 3 20 26 28 50 75 91 27300
2 3 20 26 28 51 65 119 92820
2 3 20 26 28 52 56 120 10920
2 3 20 26 28 52 60 70 5460
2 3 20 26 28 52 60 84 5460
2 3 20 26 28 52 60 91 5460
2 3 20 26 28 52 60 105 5460
2 3 20 26 28 52 63 90 16380
2 3 20 26 28 52 65 84 5460
2 3 20 26 28 52 65 105 5460
2 3 20 26 28 52 70 78 5460
2 3 20 26 28 52 70 84 5460
2 3 20 26 28 52 70 105 5460
2 3 20 26 28 55 66 91 60060
2 3 20 26 28 55 77 78 60060
2 3 20 26 28 56 60 104 10920
2 3 20 26 28 60 65 70 5460
2 3 20 26 28 60 65 84 5460
2 3 20 26 28 60 65 91 5460
2 3 20 26 28 60 70 78 5460
2 3 20 26 28 65 66 77 60060
2 3 20 26 29 30 39 116 22620
2 3 20 26 29 30 52 58 22620
2 3 20 26 29 30 52 87 22620
2 3 20 26 29 30 52 116 22620
2 3 20 26 29 30 65 116 22620
2 3 20 26 29 30 78 116 22620
2 3 20 26 29 39 58 60 22620
2 3 20 26 29 39 60 87 22620
2 3 20 26 29 39 60 116 22620
2 3 20 26 29 39 65 116 22620
2 3 20 26 29 40 87 104 45240
2 3 20 26 29 52 58 60 22620
2 3 20 26 29 52 60 87 22620
2 3 20 26 29 52 60 116 22620
2 3 20 26 29 52 65 87 22620
2 3 20 26 29 58 60 65 22620
2 3 20 26 29 58 60 78 22620
2 3 20 26 30 31 39 124 24180
2 3 20 26 30 31 52 62 24180
2 3 20 26 30 31 52 93 24180
2 3 20 26 30 31 52 124 24180
2 3 20 26 30 31 65 124 24180
2 3 20 26 30 31 78 124 24180
2 3 20 26 30 32 39 96 6240
2 3 20 26 30 32 52 96 6240
2 3 20 26 30 32 65 96 6240
2 3 20 26 30 32 78 96 6240
2 3 20 26 30 32 96 104 6240
2 3 20 26 30 33 39 44 8580
2 3 20 26 30 33 44 52 8580
2 3 20 26 30 33 44 65 8580
2 3 20 26 30 33 44 78 8580
2 3 20 26 30 33 52 55 8580
2 3 20 26 30 33 52 66 8580
2 3 20 26 30 33 52 110 8580
2 3 20 26 30 33 88 104 17160
2 3 20 26 30 34 39 68 13260
2 3 20 26 30 34 51 52 13260
2 3 20 26 30 34 52 68 13260
2 3 20 26 30 34 52 85 13260
2 3 20 26 30 34 52 102 13260
2 3 20 26 30 34 65 68 13260
2 3 20 26 30 34 68 78 13260
2 3 20 26 30 35 39 84 5460
2 3 20 26 30 35 42 52 5460
2 3 20 26 30 35 52 70 5460
2 3 20 26 30 35 52 84 5460
2 3 20 26 30 35 52 91 5460
2 3 20 26 30 35 52 105 5460
2 3 20 26 30 35 56 104 10920
2 3 20 26 30 35 60 91 5460
2 3 20 26 30 35 65 84 5460
2 3 20 26 30 35 78 84 5460
2 3 20 26 30 35 84 91 5460
2 3 20 26 30 36 39 45 2340
2 3 20 26 30 36 39 90 2340
2 3 20 26 30 36 39 117 2340
2 3 20 26 30 36 45 52 2340
2 3 20 26 30 36 45 65 2340
2 3 20 26 30 36 45 78 2340
2 3 20 26 30 36 45 117 2340
2 3 20 26 30 36 52 90 2340
2 3 20 26 30 36 52 117 2340
2 3 20 26 30 36 60 117 2340
2 3 20 26 30 36 63 91 16380
2 3 20 26 30 36 65 90 2340
2 3 20 26 30 36 65 117 2340
2 3 20 26 30 36 72 104 4680
2 3 20 26 30 36 78 90 2340
2 3 20 26 30 36 78 117 2340
2 3 20 26 30 36 90 117 2340
2 3 20 26 30 36 91 126 16380
2 3 20 26 30 37 52 74 28860
2 3 20 26 30 37 52 111 28860
2 3 20 26 30 38 39 76 14820
2 3 20 26 30 38 52 57 14820
2 3 20 26 30 38 52 76 14820
2 3 20 26 30 38 52 95 14820
2 3 20 26 30 38 52 114 14820
2 3 20 26 30 38 65 76 14820
2 3 20 26 30 38 76 78 14820
2 3 20 26 30 39 40 104 1560
2 3 20 26 30 39 40 120 1560
2 3 20 26 30 39 42 84 5460
2 3 20 26 30 39 44 55 8580
2 3 20 26 30 39 44 66 8580
2 3 20 26 30 39 44 110 8580
2 3 20 26 30 39 46 92 17940
2 3 20 26 30 39 48 80 3120
2 3 20 26 30 39 50 100 3900
2 3 20 26 30 39 51 68 13260
2 3 20 26 30 39 52 60 780
2 3 20 26 30 39 52 65 780
2 3 20 26 30 39 52 78 780
2 3 20 26 30 39 54 108 7020
2 3 20 26 30 39 57 76 14820
2 3 20 26 30 39 58 116 22620
2 3 20 26 30 39 60 65 780
2 3 20 26 30 39 60 78 780
2 3 20 26 30 39 62 124 24180
2 3 20 26 30 39 68 85 13260
2 3 20 26 30 39 68 102 13260
2 3 20 26 30 39 69 92 17940
2 3 20 26 30 39 70 84 5460
2 3 20 26 30 39 75 100 3900
2 3 20 26 30 39 76 95 14820
2 3 20 26 30 39 76 114 14820
2 3 20 26 30 39 84 91 5460
2 3 20 26 30 39 84 105 5460
2 3 20 26 30 39 87 116 22620
2 3 20 26 30 39 92 115 17940
2 3 20 26 30 40 52 104 1560
2 3 20 26 30 40 52 120 1560
2 3 20 26 30 40 56 91 10920
2 3 20 26 30 40 60 104 1560
2 3 20 26 30 40 65 104 1560
2 3 20 26 30 40 65 120 1560
2 3 20 26 30 40 72 117 4680
2 3 20 26 30 40 78 104 1560
2 3 20 26 30 40 78 120 1560
2 3 20 26 30 41 52 82 31980
2 3 20 26 30 41 52 123 31980
2 3 20 26 30 42 52 70 5460
2 3 20 26 30 42 52 84 5460
2 3 20 26 30 42 52 91 5460
2 3 20 26 30 42 52 105 5460
2 3 20 26 30 42 56 104 10920
2 3 20 26 30 42 60 91 5460
2 3 20 26 30 42 65 84 5460
2 3 20 26 30 42 78 84 5460
2 3 20 26 30 42 84 91 5460
2 3 20 26 30 43 52 86 33540
2 3 20 26 30 44 52 55 8580
2 3 20 26 30 44 52 66 8580
2 3 20 26 30 44 52 110 8580
2 3 20 26 30 44 55 65 8580
2 3 20 26 30 44 55 78 8580
2 3 20 26 30 44 65 66 8580
2 3 20 26 30 44 65 110 8580
2 3 20 26 30 44 66 78 8580
2 3 20 26 30 44 77 91 60060
2 3 20 26 30 45 52 90 2340
2 3 20 26 30 45 52 117 2340
2 3 20 26 30 45 60 117 2340
2 3 20 26 30 45 72 104 4680
2 3 20 26 30 46 52 69 17940
2 3 20 26 30 46 52 92 17940
2 3 20 26 30 46 52 115 17940
2 3 20 26 30 46 65 92 17940
2 3 20 26 30 46 78 92 17940
2 3 20 26 30 47 52 94 36660
2 3 20 26 30 48 52 80 3120
2 3 20 26 30 48 65 80 3120
2 3 20 26 30 48 78 80 3120
2 3 20 26 30 49 52 98 38220
2 3 20 26 30 50 52 75 3900
2 3 20 26 30 50 52 100 3900
2 3 20 26 30 50 65 100 3900
2 3 20 26 30 51 52 68 13260
2 3 20 26 30 51 52 85 13260
2 3 20 26 30 51 52 102 13260
2 3 20 26 30 51 65 68 13260
2 3 20 26 30 51 68 78 13260
2 3 20 26 30 52 53 106 41340
2 3 20 26 30 52 54 108 7020
2 3 20 26 30 52 55 66 8580
2 3 20 26 30 52 55 110 8580
2 3 20 26 30 52 57 76 14820
2 3 20 26 30 52 57 95 14820
2 3 20 26 30 52 57 114 14820
2 3 20 26 30 52 58 87 22620
2 3 20 26 30 52 58 116 22620
2 3 20 26 30 52 60 65 780
2 3 20 26 30 52 60 78 780
2 3 20 26 30 52 62 93 24180
2 3 20 26 30 52 65 78 780
2 3 20 26 30 52 68 85 13260
2 3 20 26 30 52 70 84 5460
2 3 20 26 30 57 65 76 14820
2 3 20 26 31 39 60 62 24180
2 3 20 26 31 39 60 93 24180
2 3 20 26 31 39 60 124 24180
2 3 20 26 31 39 65 124 24180
2 3 20 26 31 52 60 62 24180
2 3 20 26 31 52 60 93 24180
2 3 20 26 31 60 62 65 24180
2 3 20 26 32 35 91 96 43680
2 3 20 26 32 39 40 96 6240
2 3 20 26 32 39 60 96 6240
2 3 20 26 32 39 65 96 6240
2 3 20 26 32 39 80 96 6240
2 3 20 26 32 40 52 96 6240
2 3 20 26 32 40 65 96 6240
2 3 20 26 32 40 78 96 6240
2 3 20 26 33 35 44 91 60060
2 3 20 26 33 35 52 77 60060
2 3 20 26 33 36 55 117 25740
2 3 20 26 33 36 65 99 25740
2 3 20 26 33 39 40 88 17160
2 3 20 26 33 39 44 55 8580
2 3 20 26 33 39 44 60 8580
2 3 20 26 33 39 44 65 8580
2 3 20 26 33 39 44 110 8580
2 3 20 26 33 39 52 55 8580
2 3 20 26 33 39 52 110 8580
2 3 20 26 33 39 55 60 8580
2 3 20 26 33 39 60 66 8580
2 3 20 26 33 39 60 110 8580
2 3 20 26 33 40 44 104 17160
2 3 20 26 33 40 52 88 17160
2 3 20 26 33 40 55 104 17160
2 3 20 26 33 40 65 88 17160
2 3 20 26 33 40 66 104 17160
2 3 20 26 33 40 78 88 17160
2 3 20 26 33 44 45 117 25740
2 3 20 26 33 44 52 55 8580
2 3 20 26 33 44 52 60 8580
2 3 20 26 33 44 52 65 8580
2 3 20 26 33 44 52 110 8580
2 3 20 26 33 44 55 65 8580
2 3 20 26 33 44 55 78 8580
2 3 20 26 33 44 60 65 8580
2 3 20 26 33 44 60 78 8580
2 3 20 26 33 44 65 66 8580
2 3 20 26 33 44 65 78 8580
2 3 20 26 33 44 70 91 60060
2 3 20 26 33 45 52 99 25740
2 3 20 26 33 52 55 60 8580
2 3 20 26 33 52 55 65 8580
2 3 20 26 33 52 55 66 8580
2 3 20 26 33 52 55 78 8580
2 3 20 26 33 52 60 66 8580
2 3 20 26 33 52 65 66 8580
2 3 20 26 33 55 60 65 8580
2 3 20 26 34 39 51 60 13260
2 3 20 26 34 39 52 85 13260
2 3 20 26 34 39 60 68 13260
2 3 20 26 34 39 60 85 13260
2 3 20 26 34 39 60 102 13260
2 3 20 26 34 39 65 68 13260
2 3 20 26 34 39 68 85 13260
2 3 20 26 34 40 51 104 26520
2 3 20 26 34 51 52 60 13260
2 3 20 26 34 51 52 65 13260
2 3 20 26 34 51 52 85 13260
2 3 20 26 34 51 60 65 13260
2 3 20 26 34 51 60 78 13260
2 3 20 26 34 51 65 68 13260
2 3 20 26 34 52 60 68 13260
2 3 20 26 35 36 39 63 16380
2 3 20 26 35 36 39 126 16380
2 3 20 26 35 36 42 117 16380
2 3 20 26 35 36 45 91 16380
2 3 20 26 35 36 52 63 16380
2 3 20 26 35 36 52 126 16380
2 3 20 26 35 36 63 65 16380
2 3 20 26 35 36 63 78 16380
2 3 20 26 35 36 63 91 16380
2 3 20 26 35 36 63 117 16380
2 3 20 26 35 36 65 126 16380
2 3 20 26 35 36 70 117 16380
2 3 20 26 35 36 90 91 16380
2 3 20 26 35 39 40 56 10920
2 3 20 26 35 39 42 52 5460
2 3 20 26 35 39 42 60 5460
2 3 20 26 35 39 42 84 5460
2 3 20 26 35 39 44 77 60060
2 3 20 26 35 39 48 112 21840
2 3 20 26 35 39 52 70 5460
2 3 20 26 35 39 52 84 5460
2 3 20 26 35 39 52 91 5460
2 3 20 26 35 39 52 105 5460
2 3 20 26 35 39 56 104 10920
2 3 20 26 35 39 56 120 10920
2 3 20 26 35 39 60 70 5460
2 3 20 26 35 39 60 84 5460
2 3 20 26 35 39 60 91 5460
2 3 20 26 35 39 60 105 5460
2 3 20 26 35 39 65 84 5460
2 3 20 26 35 39 70 84 5460
2 3 20 26 35 39 78 84 5460
2 3 20 26 35 40 42 104 10920
2 3 20 26 35 40 56 78 10920
2 3 20 26 35 42 52 60 5460
2 3 20 26 35 42 52 65 5460
2 3 20 26 35 42 52 70 5460
2 3 20 26 35 42 52 78 5460
2 3 20 26 35 42 52 84 5460
2 3 20 26 35 42 52 91 5460
2 3 20 26 35 42 52 105 5460
2 3 20 26 35 42 56 104 10920
2 3 20 26 35 42 60 65 5460
2 3 20 26 35 42 60 78 5460
2 3 20 26 35 42 60 91 5460
2 3 20 26 35 42 65 84 5460
2 3 20 26 35 45 52 63 16380
2 3 20 26 35 52 60 70 5460
2 3 20 26 36 39 40 72 4680
2 3 20 26 36 39 45 52 2340
2 3 20 26 36 39 45 60 2340
2 3 20 26 36 39 45 65 2340
2 3 20 26 36 39 45 78 2340
2 3 20 26 36 39 45 90 2340
2 3 20 26 36 39 45 117 2340
2 3 20 26 36 39 52 90 2340
2 3 20 26 36 39 55 99 25740
2 3 20 26 36 39 60 90 2340
2 3 20 26 36 39 60 117 2340
2 3 20 26 36 39 63 70 16380
2 3 20 26 36 39 63 105 16380
2 3 20 26 36 39 65 90 2340
2 3 20 26 36 40 45 104 4680
2 3 20 26 36 40 52 72 4680
2 3 20 26 36 40 65 72 4680
2 3 20 26 36 40 72 78 4680
2 3 20 26 36 42 45 91 16380
2 3 20 26 36 42 63 65 16380
2 3 20 26 36 45 52 60 2340
2 3 20 26 36 45 52 65 2340
2 3 20 26 36 45 52 78 2340
2 3 20 26 36 45 52 90 2340
2 3 20 26 36 45 60 65 2340
2 3 20 26 36 45 60 78 2340
2 3 20 26 37 39 60 74 28860
2 3 20 26 37 39 60 111 28860
2 3 20 26 38 39 52 95 14820
2 3 20 26 38 39 57 60 14820
2 3 20 26 38 39 60 76 14820
2 3 20 26 38 39 60 95 14820
2 3 20 26 38 39 65 76 14820
2 3 20 26 38 40 57 104 29640
2 3 20 26 38 52 57 60 14820
2 3 20 26 38 52 57 65 14820
2 3 20 26 39 40 42 56 10920
2 3 20 26 39 40 44 88 17160
2 3 20 26 39 40 45 72 4680
2 3 20 26 39 40 48 80 3120
2 3 20 26 39 40 52 104 1560
2 3 20 26 39 40 55 88 17160
2 3 20 26 39 40 56 70 10920
2 3 20 26 39 40 56 84 10920
2 3 20 26 39 40 56 91 10920
2 3 20 26 39 41 60 82 31980
2 3 20 26 39 42 52 70 5460
2 3 20 26 39 42 60 70 5460
2 3 20 26 39 44 45 99 25740
2 3 20 26 39 44 52 55 8580
2 3 20 26 39 44 55 60 8580
2 3 20 26 39 44 55 65 8580
2 3 20 26 39 44 55 66 8580
2 3 20 26 39 44 55 78 8580
2 3 20 26 39 44 60 66 8580
2 3 20 26 39 44 65 66 8580
2 3 20 26 39 46 60 69 17940
2 3 20 26 40 42 52 56 10920
2 3 20 26 40 42 56 65 10920
2 3 20 26 40 42 56 78 10920
2 3 20 26 40 45 52 72 4680
2 3 20 26 42 45 52 63 16380
2 3 20 27 28 30 35 54 3780
2 3 20 27 28 30 35 108 3780
2 3 20 27 28 30 42 54 3780
2 3 20 27 28 30 42 108 3780
2 3 20 27 28 30 54 63 3780
2 3 20 27 28 30 54 70 3780
2 3 20 27 28 30 54 84 3780
2 3 20 27 28 30 54 105 3780
2 3 20 27 28 30 54 126 3780
2 3 20 27 28 30 63 108 3780
2 3 20 27 28 30 70 108 3780
2 3 20 27 28 30 84 108 3780
2 3 20 27 28 30 105 108 3780
2 3 20 27 28 30 108 126 3780
2 3 20 27 28 35 36 54 3780
2 3 20 27 28 35 36 108 3780
2 3 20 27 28 35 42 54 3780
2 3 20 27 28 35 42 108 3780
2 3 20 27 28 35 45 54 3780
2 3 20 27 28 35 45 108 3780
2 3 20 27 28 35 54 60 3780
2 3 20 27 28 35 54 63 3780
2 3 20 27 28 35 54 70 3780
2 3 20 27 28 35 54 84 3780
2 3 20 27 28 35 54 90 3780
2 3 20 27 28 35 54 105 3780
2 3 20 27 28 35 54 108 3780
2 3 20 27 28 35 54 126 3780
2 3 20 27 28 35 60 108 3780
2 3 20 27 28 35 63 108 3780
2 3 20 27 28 35 70 108 3780
2 3 20 27 28 35 84 108 3780
2 3 20 27 28 35 90 108 3780
2 3 20 27 28 35 105 108 3780
2 3 20 27 28 35 108 126 3780
2 3 20 27 28 36 54 70 3780
2 3 20 27 28 36 54 105 3780
2 3 20 27 28 36 70 108 3780
2 3 20 27 28 36 105 108 3780
2 3 20 27 28 40 54 56 7560
2 3 20 27 28 40 56 108 7560
2 3 20 27 28 42 45 54 3780
2 3 20 27 28 42 45 108 3780
2 3 20 27 28 42 54 60 3780
2 3 20 27 28 42 54 70 3780
2 3 20 27 28 42 54 90 3780
2 3 20 27 28 42 54 105 3780
2 3 20 27 28 42 60 108 3780
2 3 20 27 28 42 70 108 3780
2 3 20 27 28 42 90 108 3780
2 3 20 27 28 45 54 63 3780
2 3 20 27 28 45 54 70 3780
2 3 20 27 28 45 54 84 3780
2 3 20 27 28 45 54 105 3780
2 3 20 27 28 45 54 126 3780
2 3 20 27 28 45 63 108 3780
2 3 20 27 28 45 70 108 3780
2 3 20 27 28 54 55 77 41580
2 3 20 27 28 54 56 120 7560
2 3 20 27 28 54 60 63 3780
2 3 20 27 28 54 60 70 3780
2 3 20 27 28 54 60 84 3780
2 3 20 27 28 54 60 105 3780
2 3 20 27 28 54 63 70 3780
2 3 20 27 28 54 63 90 3780
2 3 20 27 28 54 65 91 49140
2 3 20 27 28 54 70 84 3780
2 3 20 27 29 30 54 116 15660
2 3 20 27 29 30 58 108 15660
2 3 20 27 29 30 87 108 15660
2 3 20 27 29 30 108 116 15660
2 3 20 27 29 45 54 116 15660
2 3 20 27 29 45 58 108 15660
2 3 20 27 29 54 58 60 15660
2 3 20 27 29 54 60 87 15660
2 3 20 27 30 31 54 124 16740
2 3 20 27 30 31 62 108 16740
2 3 20 27 30 31 93 108 16740
2 3 20 27 30 31 108 124 16740
2 3 20 27 30 32 54 96 4320
2 3 20 27 30 32 96 108 4320
2 3 20 27 30 33 44 54 5940
2 3 20 27 30 33 44 108 5940
2 3 20 27 30 33 55 108 5940
2 3 20 27 30 33 66 108 5940
2 3 20 27 30 33 99 108 5940
2 3 20 27 30 33 108 110 5940
2 3 20 27 30 34 51 108 9180
2 3 20 27 30 34 54 68 9180
2 3 20 27 30 34 68 108 9180
2 3 20 27 30 34 85 108 9180
2 3 20 27 30 34 102 108 9180
2 3 20 27 30 35 42 108 3780
2 3 20 27 30 35 54 84 3780
2 3 20 27 30 35 63 108 3780
2 3 20 27 30 35 70 108 3780
2 3 20 27 30 35 84 108 3780
2 3 20 27 30 35 105 108 3780
2 3 20 27 30 36 45 54 540
2 3 20 27 30 36 45 108 540
2 3 20 27 30 36 54 60 540
2 3 20 27 30 36 54 90 540
2 3 20 27 30 36 54 108 540
2 3 20 27 30 36 60 108 540
2 3 20 27 30 36 90 108 540
2 3 20 27 30 37 74 108 19980
2 3 20 27 30 38 54 76 10260
2 3 20 27 30 38 57 108 10260
2 3 20 27 30 38 76 108 10260
2 3 20 27 30 39 52 54 7020
2 3 20 27 30 39 52 108 7020
2 3 20 27 30 39 65 108 7020
2 3 20 27 30 39 78 108 7020
2 3 20 27 30 40 54 72 1080
2 3 20 27 30 40 54 120 1080
2 3 20 27 30 40 72 108 1080
2 3 20 27 30 42 54 84 3780
2 3 20 27 30 42 63 108 3780
2 3 20 27 30 42 70 108 3780
2 3 20 27 30 44 54 55 5940
2 3 20 27 30 44 54 66 5940
2 3 20 27 30 44 54 99 5940
2 3 20 27 30 44 54 110 5940
2 3 20 27 30 44 55 108 5940
2 3 20 27 30 44 66 108 5940
2 3 20 27 30 45 54 60 540
2 3 20 27 30 45 54 108 540
2 3 20 27 30 45 60 108 540
2 3 20 27 30 46 54 92 12420
2 3 20 27 30 48 54 80 2160
2 3 20 27 30 50 54 100 2700
2 3 20 27 30 51 54 68 9180
2 3 20 27 30 52 54 65 7020
2 3 20 27 30 52 54 78 7020
2 3 20 27 30 54 57 76 10260
2 3 20 27 31 45 54 124 16740
2 3 20 27 31 45 62 108 16740
2 3 20 27 31 54 60 62 16740
2 3 20 27 32 40 54 96 4320
2 3 20 27 32 45 54 96 4320
2 3 20 27 33 35 77 108 41580
2 3 20 27 33 36 54 55 5940
2 3 20 27 33 36 54 110 5940
2 3 20 27 33 36 55 108 5940
2 3 20 27 33 40 54 88 11880
2 3 20 27 33 44 45 54 5940
2 3 20 27 33 44 45 108 5940
2 3 20 27 33 44 54 55 5940
2 3 20 27 33 44 54 60 5940
2 3 20 27 33 44 54 90 5940
2 3 20 27 33 44 54 110 5940
2 3 20 27 33 44 55 108 5940
2 3 20 27 33 45 55 108 5940
2 3 20 27 33 54 55 60 5940
2 3 20 27 33 54 60 66 5940
2 3 20 27 34 36 54 85 9180
2 3 20 27 34 45 51 108 9180
2 3 20 27 34 45 54 68 9180
2 3 20 27 34 51 54 60 9180
2 3 20 27 35 36 42 54 3780
2 3 20 27 35 36 42 108 3780
2 3 20 27 35 36 54 63 3780
2 3 20 27 35 36 54 70 3780
2 3 20 27 35 36 54 84 3780
2 3 20 27 35 36 54 105 3780
2 3 20 27 35 36 54 126 3780
2 3 20 27 35 36 63 108 3780
2 3 20 27 35 36 70 108 3780
2 3 20 27 35 40 54 56 7560
2 3 20 27 35 40 56 108 7560
2 3 20 27 35 42 45 108 3780
2 3 20 27 35 42 54 60 3780
2 3 20 27 35 42 54 84 3780
2 3 20 27 35 42 54 108 3780
2 3 20 27 35 44 54 77 41580
2 3 20 27 35 45 54 84 3780
2 3 20 27 36 38 54 95 10260
2 3 20 27 36 39 54 65 7020
2 3 20 27 36 40 54 72 1080
2 3 20 27 36 42 54 70 3780
2 3 20 27 36 44 54 55 5940
2 3 20 27 36 45 54 60 540
2 3 20 27 36 52 54 65 7020
2 3 20 27 38 45 54 76 10260
2 3 20 27 39 45 52 54 7020
2 3 20 27 39 52 54 60 7020
2 3 20 27 40 42 54 56 7560
2 3 20 27 44 45 54 55 5940
2 3 20 28 29 30 35 58 12180
2 3 20 28 29 30 35 87 12180
2 3 20 28 29 30 35 116 12180
2 3 20 28 29 30 42 58 12180
2 3 20 28 29 30 42 87 12180
2 3 20 28 29 30 42 116 12180
2 3 20 28 29 30 58 70 12180
2 3 20 28 29 30 58 84 12180
2 3 20 28 29 30 58 105 12180
2 3 20 28 29 30 70 87 12180
2 3 20 28 29 30 70 116 12180
2 3 20 28 29 30 84 87 12180
2 3 20 28 29 30 84 116 12180
2 3 20 28 29 30 87 105 12180
2 3 20 28 29 30 105 116 12180
2 3 20 28 29 35 42 58 12180
2 3 20 28 29 35 42 87 12180
2 3 20 28 29 35 42 116 12180
2 3 20 28 29 35 58 60 12180
2 3 20 28 29 35 58 84 12180
2 3 20 28 29 35 58 87 12180
2 3 20 28 29 35 58 105 12180
2 3 20 28 29 35 60 87 12180
2 3 20 28 29 35 60 116 12180
2 3 20 28 29 35 70 87 12180
2 3 20 28 29 35 84 87 12180
2 3 20 28 29 35 84 116 12180
2 3 20 28 29 35 87 105 12180
2 3 20 28 29 35 87 116 12180
2 3 20 28 29 35 105 116 12180
2 3 20 28 29 40 56 87 24360
2 3 20 28 29 42 58 60 12180
2 3 20 28 29 42 58 70 12180
2 3 20 28 29 42 58 105 12180
2 3 20 28 29 42 60 87 12180
2 3 20 28 29 42 60 116 12180
2 3 20 28 29 42 70 87 12180
2 3 20 28 29 42 70 116 12180
2 3 20 28 29 45 58 63 36540
2 3 20 28 29 45 58 126 36540
2 3 20 28 29 45 63 87 36540
2 3 20 28 29 45 63 116 36540
2 3 20 28 29 58 60 70 12180
2 3 20 28 30 31 35 62 13020
2 3 20 28 30 31 35 93 13020
2 3 20 28 30 31 35 124 13020
2 3 20 28 30 31 42 62 13020
2 3 20 28 30 31 42 93 13020
2 3 20 28 30 31 42 124 13020
2 3 20 28 30 31 62 70 13020
2 3 20 28 30 31 62 84 13020
2 3 20 28 30 31 62 105 13020
2 3 20 28 30 31 70 93 13020
2 3 20 28 30 31 70 124 13020
2 3 20 28 30 31 84 93 13020
2 3 20 28 30 31 84 124 13020
2 3 20 28 30 31 93 105 13020
2 3 20 28 30 31 105 124 13020
2 3 20 28 30 32 35 96 3360
2 3 20 28 30 32 42 96 3360
2 3 20 28 30 32 56 96 3360
2 3 20 28 30 32 70 96 3360
2 3 20 28 30 32 84 96 3360
2 3 20 28 30 32 96 105 3360
2 3 20 28 30 32 96 112 3360
2 3 20 28 30 33 35 44 4620
2 3 20 28 30 33 35 55 4620
2 3 20 28 30 33 35 66 4620
2 3 20 28 30 33 35 77 4620
2 3 20 28 30 33 35 110 4620
2 3 20 28 30 33 42 44 4620
2 3 20 28 30 33 42 55 4620
2 3 20 28 30 33 42 66 4620
2 3 20 28 30 33 42 77 4620
2 3 20 28 30 33 42 110 4620
2 3 20 28 30 33 44 70 4620
2 3 20 28 30 33 44 77 4620
2 3 20 28 30 33 44 84 4620
2 3 20 28 30 33 44 105 4620
2 3 20 28 30 33 55 70 4620
2 3 20 28 30 33 55 77 4620
2 3 20 28 30 33 55 84 4620
2 3 20 28 30 33 55 105 4620
2 3 20 28 30 33 56 88 9240
2 3 20 28 30 33 60 77 4620
2 3 20 28 30 33 63 99 13860
2 3 20 28 30 33 66 70 4620
2 3 20 28 30 33 66 77 4620
2 3 20 28 30 33 66 84 4620
2 3 20 28 30 33 66 105 4620
2 3 20 28 30 33 70 77 4620
2 3 20 28 30 33 70 110 4620
2 3 20 28 30 33 77 84 4620
2 3 20 28 30 33 77 105 4620
2 3 20 28 30 33 77 110 4620
2 3 20 28 30 33 84 110 4620
2 3 20 28 30 33 99 126 13860
2 3 20 28 30 33 105 110 4620
2 3 20 28 30 34 35 51 7140
2 3 20 28 30 34 35 68 7140
2 3 20 28 30 34 35 85 7140
2 3 20 28 30 34 35 102 7140
2 3 20 28 30 34 35 119 7140
2 3 20 28 30 34 42 51 7140
2 3 20 28 30 34 42 68 7140
2 3 20 28 30 34 42 85 7140
2 3 20 28 30 34 42 102 7140
2 3 20 28 30 34 42 119 7140
2 3 20 28 30 34 51 70 7140
2 3 20 28 30 34 51 84 7140
2 3 20 28 30 34 51 105 7140
2 3 20 28 30 34 51 119 7140
2 3 20 28 30 34 60 119 7140
2 3 20 28 30 34 68 70 7140
2 3 20 28 30 34 68 84 7140
2 3 20 28 30 34 68 105 7140
2 3 20 28 30 34 68 119 7140
2 3 20 28 30 34 70 85 7140
2 3 20 28 30 34 70 102 7140
2 3 20 28 30 34 70 119 7140
2 3 20 28 30 34 84 85 7140
2 3 20 28 30 34 84 102 7140
2 3 20 28 30 34 84 119 7140
2 3 20 28 30 34 85 105 7140
2 3 20 28 30 34 85 119 7140
2 3 20 28 30 34 102 105 7140
2 3 20 28 30 35 36 45 1260
2 3 20 28 30 35 36 63 1260
2 3 20 28 30 35 36 90 1260
2 3 20 28 30 35 36 126 1260
2 3 20 28 30 35 37 74 15540
2 3 20 28 30 35 37 111 15540
2 3 20 28 30 35 38 57 7980
2 3 20 28 30 35 38 76 7980
2 3 20 28 30 35 38 95 7980
2 3 20 28 30 35 38 114 7980
2 3 20 28 30 35 39 52 5460
2 3 20 28 30 35 39 65 5460
2 3 20 28 30 35 39 78 5460
2 3 20 28 30 35 39 91 5460
2 3 20 28 30 35 40 56 840
2 3 20 28 30 35 40 120 840
2 3 20 28 30 35 41 82 17220
2 3 20 28 30 35 41 123 17220
2 3 20 28 30 35 42 60 420
2 3 20 28 30 35 42 70 420
2 3 20 28 30 35 42 84 420
2 3 20 28 30 35 42 105 420
2 3 20 28 30 35 43 86 18060
2 3 20 28 30 35 44 55 4620
2 3 20 28 30 35 44 66 4620
2 3 20 28 30 35 44 77 4620
2 3 20 28 30 35 44 110 4620
2 3 20 28 30 35 45 63 1260
2 3 20 28 30 35 45 90 1260
2 3 20 28 30 35 45 126 1260
2 3 20 28 30 35 46 69 9660
2 3 20 28 30 35 46 92 9660
2 3 20 28 30 35 46 115 9660
2 3 20 28 30 35 47 94 19740
2 3 20 28 30 35 48 80 1680
2 3 20 28 30 35 48 112 1680
2 3 20 28 30 35 49 98 2940
2 3 20 28 30 35 50 75 2100
2 3 20 28 30 35 50 100 2100
2 3 20 28 30 35 51 68 7140
2 3 20 28 30 35 51 85 7140
2 3 20 28 30 35 51 102 7140
2 3 20 28 30 35 51 119 7140
2 3 20 28 30 35 52 65 5460
2 3 20 28 30 35 52 78 5460
2 3 20 28 30 35 52 91 5460
2 3 20 28 30 35 53 106 22260
2 3 20 28 30 35 54 108 3780
2 3 20 28 30 35 55 66 4620
2 3 20 28 30 35 55 77 4620
2 3 20 28 30 35 55 110 4620
2 3 20 28 30 35 56 120 840
2 3 20 28 30 35 57 76 7980
2 3 20 28 30 35 57 95 7980
2 3 20 28 30 35 57 114 7980
2 3 20 28 30 35 58 87 12180
2 3 20 28 30 35 58 116 12180
2 3 20 28 30 35 59 118 24780
2 3 20 28 30 35 60 70 420
2 3 20 28 30 35 60 84 420
2 3 20 28 30 35 60 105 420
2 3 20 28 30 35 61 122 25620
2 3 20 28 30 35 62 93 13020
2 3 20 28 30 35 62 124 13020
2 3 20 28 30 35 63 90 1260
2 3 20 28 30 35 63 126 1260
2 3 20 28 30 35 65 78 5460
2 3 20 28 30 35 65 91 5460
2 3 20 28 30 35 66 77 4620
2 3 20 28 30 35 66 110 4620
2 3 20 28 30 35 68 85 7140
2 3 20 28 30 35 68 102 7140
2 3 20 28 30 35 68 119 7140
2 3 20 28 30 35 69 92 9660
2 3 20 28 30 35 69 115 9660
2 3 20 28 30 35 70 84 420
2 3 20 28 30 35 70 105 420
2 3 20 28 30 35 74 111 15540
2 3 20 28 30 35 75 100 2100
2 3 20 28 30 35 76 95 7980
2 3 20 28 30 35 76 114 7980
2 3 20 28 30 35 77 110 4620
2 3 20 28 30 35 78 91 5460
2 3 20 28 30 35 80 112 1680
2 3 20 28 30 35 82 123 17220
2 3 20 28 30 35 84 105 420
2 3 20 28 30 35 85 102 7140
2 3 20 28 30 35 85 119 7140
2 3 20 28 30 35 87 116 12180
2 3 20 28 30 35 92 115 9660
2 3 20 28 30 35 95 114 7980
2 3 20 28 30 36 42 45 1260
2 3 20 28 30 36 42 63 1260
2 3 20 28 30 36 42 90 1260
2 3 20 28 30 36 42 126 1260
2 3 20 28 30 36 45 63 1260
2 3 20 28 30 36 45 70 1260
2 3 20 28 30 36 45 84 1260
2 3 20 28 30 36 45 105 1260
2 3 20 28 30 36 45 126 1260
2 3 20 28 30 36 56 72 2520
2 3 20 28 30 36 60 63 1260
2 3 20 28 30 36 60 126 1260
2 3 20 28 30 36 63 70 1260
2 3 20 28 30 36 63 84 1260
2 3 20 28 30 36 63 90 1260
2 3 20 28 30 36 63 105 1260
2 3 20 28 30 36 63 126 1260
2 3 20 28 30 36 70 90 1260
2 3 20 28 30 36 70 126 1260
2 3 20 28 30 36 77 99 13860
2 3 20 28 30 36 84 90 1260
2 3 20 28 30 36 90 105 1260
2 3 20 28 30 37 42 74 15540
2 3 20 28 30 37 42 111 15540
2 3 20 28 30 37 70 74 15540
2 3 20 28 30 37 70 111 15540
2 3 20 28 30 37 74 84 15540
2 3 20 28 30 37 74 105 15540
2 3 20 28 30 37 84 111 15540
2 3 20 28 30 38 42 57 7980
2 3 20 28 30 38 42 76 7980
2 3 20 28 30 38 42 95 7980
2 3 20 28 30 38 42 114 7980
2 3 20 28 30 38 57 70 7980
2 3 20 28 30 38 57 84 7980
2 3 20 28 30 38 57 105 7980
2 3 20 28 30 38 70 76 7980
2 3 20 28 30 38 70 95 7980
2 3 20 28 30 38 70 114 7980
2 3 20 28 30 38 76 84 7980
2 3 20 28 30 38 76 105 7980
2 3 20 28 30 38 84 95 7980
2 3 20 28 30 39 42 52 5460
2 3 20 28 30 39 42 65 5460
2 3 20 28 30 39 42 78 5460
2 3 20 28 30 39 42 91 5460
2 3 20 28 30 39 52 70 5460
2 3 20 28 30 39 52 84 5460
2 3 20 28 30 39 52 91 5460
2 3 20 28 30 39 52 105 5460
2 3 20 28 30 39 56 104 10920
2 3 20 28 30 39 60 91 5460
2 3 20 28 30 39 63 117 16380
2 3 20 28 30 39 65 70 5460
2 3 20 28 30 39 65 84 5460
2 3 20 28 30 39 65 91 5460
2 3 20 28 30 39 65 105 5460
2 3 20 28 30 39 70 78 5460
2 3 20 28 30 39 70 91 5460
2 3 20 28 30 39 78 84 5460
2 3 20 28 30 39 78 91 5460
2 3 20 28 30 39 78 105 5460
2 3 20 28 30 39 84 91 5460
2 3 20 28 30 40 42 56 840
2 3 20 28 30 40 42 120 840
2 3 20 28 30 40 48 112 1680
2 3 20 28 30 40 56 60 840
2 3 20 28 30 40 56 70 840
2 3 20 28 30 40 56 84 840
2 3 20 28 30 40 56 105 840
2 3 20 28 30 40 56 120 840
2 3 20 28 30 40 63 72 2520
2 3 20 28 30 40 77 88 9240
2 3 20 28 30 41 42 82 17220
2 3 20 28 30 41 42 123 17220
2 3 20 28 30 41 70 82 17220
2 3 20 28 30 41 82 84 17220
2 3 20 28 30 42 43 86 18060
2 3 20 28 30 42 44 55 4620
2 3 20 28 30 42 44 66 4620
2 3 20 28 30 42 44 77 4620
2 3 20 28 30 42 44 110 4620
2 3 20 28 30 42 45 63 1260
2 3 20 28 30 42 45 90 1260
2 3 20 28 30 42 45 126 1260
2 3 20 28 30 42 46 69 9660
2 3 20 28 30 42 46 92 9660
2 3 20 28 30 42 46 115 9660
2 3 20 28 30 42 47 94 19740
2 3 20 28 30 42 48 80 1680
2 3 20 28 30 42 48 112 1680
2 3 20 28 30 42 49 98 2940
2 3 20 28 30 42 50 75 2100
2 3 20 28 30 42 50 100 2100
2 3 20 28 30 42 51 68 7140
2 3 20 28 30 42 51 85 7140
2 3 20 28 30 42 51 102 7140
2 3 20 28 30 42 51 119 7140
2 3 20 28 30 42 52 65 5460
2 3 20 28 30 42 52 78 5460
2 3 20 28 30 42 52 91 5460
2 3 20 28 30 42 53 106 22260
2 3 20 28 30 42 54 108 3780
2 3 20 28 30 42 55 66 4620
2 3 20 28 30 42 55 77 4620
2 3 20 28 30 42 55 110 4620
2 3 20 28 30 42 56 120 840
2 3 20 28 30 42 57 76 7980
2 3 20 28 30 42 57 95 7980
2 3 20 28 30 42 57 114 7980
2 3 20 28 30 42 58 87 12180
2 3 20 28 30 42 58 116 12180
2 3 20 28 30 42 59 118 24780
2 3 20 28 30 42 60 70 420
2 3 20 28 30 42 60 84 420
2 3 20 28 30 42 60 105 420
2 3 20 28 30 42 61 122 25620
2 3 20 28 30 42 62 93 13020
2 3 20 28 30 42 62 124 13020
2 3 20 28 30 42 63 90 1260
2 3 20 28 30 42 65 78 5460
2 3 20 28 30 42 65 91 5460
2 3 20 28 30 42 66 77 4620
2 3 20 28 30 42 66 110 4620
2 3 20 28 30 42 68 85 7140
2 3 20 28 30 42 68 102 7140
2 3 20 28 30 42 69 92 9660
2 3 20 28 30 42 70 84 420
2 3 20 28 30 43 70 86 18060
2 3 20 28 30 44 55 70 4620
2 3 20 28 30 44 55 77 4620
2 3 20 28 30 44 55 84 4620
2 3 20 28 30 44 55 105 4620
2 3 20 28 30 44 56 88 9240
2 3 20 28 30 44 60 77 4620
2 3 20 28 30 44 63 99 13860
2 3 20 28 30 44 66 70 4620
2 3 20 28 30 44 66 77 4620
2 3 20 28 30 44 66 84 4620
2 3 20 28 30 44 70 77 4620
2 3 20 28 30 45 56 72 2520
2 3 20 28 30 45 60 63 1260
2 3 20 28 30 45 63 70 1260
2 3 20 28 30 45 63 84 1260
2 3 20 28 30 45 63 90 1260
2 3 20 28 30 46 69 70 9660
2 3 20 28 30 46 69 84 9660
2 3 20 28 30 48 56 80 1680
2 3 20 28 30 51 68 70 7140
2 3 20 28 30 52 65 70 5460
2 3 20 28 30 55 60 77 4620
2 3 20 28 31 35 42 62 13020
2 3 20 28 31 35 42 93 13020
2 3 20 28 31 35 42 124 13020
2 3 20 28 31 35 60 62 13020
2 3 20 28 31 35 60 93 13020
2 3 20 28 31 35 60 124 13020
2 3 20 28 31 35 62 84 13020
2 3 20 28 31 35 62 93 13020
2 3 20 28 31 35 62 105 13020
2 3 20 28 31 35 70 93 13020
2 3 20 28 31 35 84 93 13020
2 3 20 28 31 35 93 105 13020
2 3 20 28 31 40 56 93 26040
2 3 20 28 31 42 60 62 13020
2 3 20 28 31 42 60 93 13020
2 3 20 28 31 42 62 70 13020
2 3 20 28 31 42 62 105 13020
2 3 20 28 31 42 70 93 13020
2 3 20 28 31 45 62 63 39060
2 3 20 28 31 45 63 93 39060
2 3 20 28 32 35 40 96 3360
2 3 20 28 32 35 42 96 3360
2 3 20 28 32 35 48 96 3360
2 3 20 28 32 35 56 96 3360
2 3 20 28 32 35 60 96 3360
2 3 20 28 32 35 70 96 3360
2 3 20 28 32 35 80 96 3360
2 3 20 28 32 35 84 96 3360
2 3 20 28 32 40 42 96 3360
2 3 20 28 32 40 56 96 3360
2 3 20 28 32 42 60 96 3360
2 3 20 28 33 34 55 119 78540
2 3 20 28 33 34 77 85 78540
2 3 20 28 33 35 36 99 13860
2 3 20 28 33 35 40 88 9240
2 3 20 28 33 35 42 44 4620
2 3 20 28 33 35 42 55 4620
2 3 20 28 33 35 42 66 4620
2 3 20 28 33 35 42 77 4620
2 3 20 28 33 35 42 110 4620
2 3 20 28 33 35 44 55 4620
2 3 20 28 33 35 44 60 4620
2 3 20 28 33 35 44 66 4620
2 3 20 28 33 35 44 70 4620
2 3 20 28 33 35 44 77 4620
2 3 20 28 33 35 44 84 4620
2 3 20 28 33 35 44 105 4620
2 3 20 28 33 35 44 110 4620
2 3 20 28 33 35 45 99 13860
2 3 20 28 33 35 55 60 4620
2 3 20 28 33 35 55 66 4620
2 3 20 28 33 35 55 70 4620
2 3 20 28 33 35 55 77 4620
2 3 20 28 33 35 55 84 4620
2 3 20 28 33 35 55 105 4620
2 3 20 28 33 35 55 110 4620
2 3 20 28 33 35 56 88 9240
2 3 20 28 33 35 60 66 4620
2 3 20 28 33 35 60 77 4620
2 3 20 28 33 35 60 110 4620
2 3 20 28 33 35 63 99 13860
2 3 20 28 33 35 66 70 4620
2 3 20 28 33 35 66 77 4620
2 3 20 28 33 35 66 84 4620
2 3 20 28 33 35 66 105 4620
2 3 20 28 33 35 66 110 4620
2 3 20 28 33 35 70 77 4620
2 3 20 28 33 35 70 110 4620
2 3 20 28 33 35 77 84 4620
2 3 20 28 33 35 77 105 4620
2 3 20 28 33 36 45 77 13860
2 3 20 28 33 36 55 63 13860
2 3 20 28 33 36 55 126 13860
2 3 20 28 33 36 63 110 13860
2 3 20 28 33 36 70 99 13860
2 3 20 28 33 36 77 90 13860
2 3 20 28 33 39 55 91 60060
2 3 20 28 33 39 65 77 60060
2 3 20 28 33 40 42 88 9240
2 3 20 28 33 40 44 56 9240
2 3 20 28 33 40 55 56 9240
2 3 20 28 33 40 56 66 9240
2 3 20 28 33 40 56 77 9240
2 3 20 28 33 40 56 88 9240
2 3 20 28 33 40 56 110 9240
2 3 20 28 33 42 44 55 4620
2 3 20 28 33 42 44 60 4620
2 3 20 28 33 42 44 70 4620
2 3 20 28 33 42 44 105 4620
2 3 20 28 33 42 44 110 4620
2 3 20 28 33 42 45 99 13860
2 3 20 28 33 42 55 60 4620
2 3 20 28 33 42 55 66 4620
2 3 20 28 33 42 55 70 4620
2 3 20 28 33 42 55 77 4620
2 3 20 28 33 42 55 84 4620
2 3 20 28 33 42 55 105 4620
2 3 20 28 33 42 55 110 4620
2 3 20 28 33 42 60 66 4620
2 3 20 28 33 42 60 77 4620
2 3 20 28 33 42 66 70 4620
2 3 20 28 33 42 70 77 4620
2 3 20 28 33 44 45 63 13860
2 3 20 28 33 44 45 126 13860
2 3 20 28 33 44 55 70 4620
2 3 20 28 33 44 55 77 4620
2 3 20 28 33 44 55 84 4620
2 3 20 28 33 44 60 70 4620
2 3 20 28 33 44 60 77 4620
2 3 20 28 33 44 60 84 4620
2 3 20 28 33 44 66 70 4620
2 3 20 28 33 45 55 63 13860
2 3 20 28 33 45 63 66 13860
2 3 20 28 33 45 63 77 13860
2 3 20 28 34 35 42 51 7140
2 3 20 28 34 35 42 68 7140
2 3 20 28 34 35 42 85 7140
2 3 20 28 34 35 42 102 7140
2 3 20 28 34 35 42 119 7140
2 3 20 28 34 35 51 60 7140
2 3 20 28 34 35 51 68 7140
2 3 20 28 34 35 51 70 7140
2 3 20 28 34 35 51 84 7140
2 3 20 28 34 35 51 85 7140
2 3 20 28 34 35 51 102 7140
2 3 20 28 34 35 51 105 7140
2 3 20 28 34 35 51 119 7140
2 3 20 28 34 35 60 68 7140
2 3 20 28 34 35 60 85 7140
2 3 20 28 34 35 60 102 7140
2 3 20 28 34 35 60 119 7140
2 3 20 28 34 35 68 84 7140
2 3 20 28 34 35 68 102 7140
2 3 20 28 34 35 68 105 7140
2 3 20 28 34 35 70 102 7140
2 3 20 28 34 35 84 85 7140
2 3 20 28 34 36 45 119 21420
2 3 20 28 34 36 63 85 21420
2 3 20 28 34 40 51 56 14280
2 3 20 28 34 40 56 102 14280
2 3 20 28 34 42 51 60 7140
2 3 20 28 34 42 51 70 7140
2 3 20 28 34 42 51 85 7140
2 3 20 28 34 42 51 105 7140
2 3 20 28 34 42 60 68 7140
2 3 20 28 34 42 60 85 7140
2 3 20 28 34 42 68 70 7140
2 3 20 28 34 45 51 63 21420
2 3 20 28 34 45 63 68 21420
2 3 20 28 35 36 39 117 16380
2 3 20 28 35 36 40 72 2520
2 3 20 28 35 36 42 45 1260
2 3 20 28 35 36 42 63 1260
2 3 20 28 35 36 42 90 1260
2 3 20 28 35 36 42 126 1260
2 3 20 28 35 36 44 99 13860
2 3 20 28 35 36 45 60 1260
2 3 20 28 35 36 45 63 1260
2 3 20 28 35 36 45 70 1260
2 3 20 28 35 36 45 84 1260
2 3 20 28 35 36 45 90 1260
2 3 20 28 35 36 45 105 1260
2 3 20 28 35 36 45 126 1260
2 3 20 28 35 36 52 117 16380
2 3 20 28 35 36 54 108 3780
2 3 20 28 35 36 55 99 13860
2 3 20 28 35 36 56 72 2520
2 3 20 28 35 36 60 63 1260
2 3 20 28 35 36 60 90 1260
2 3 20 28 35 36 63 70 1260
2 3 20 28 35 36 63 84 1260
2 3 20 28 35 36 63 90 1260
2 3 20 28 35 36 63 105 1260
2 3 20 28 35 36 66 99 13860
2 3 20 28 35 36 70 90 1260
2 3 20 28 35 37 42 74 15540
2 3 20 28 35 37 42 111 15540
2 3 20 28 35 37 60 74 15540
2 3 20 28 35 37 60 111 15540
2 3 20 28 35 37 74 84 15540
2 3 20 28 35 38 42 57 7980
2 3 20 28 35 38 42 76 7980
2 3 20 28 35 38 42 95 7980
2 3 20 28 35 38 42 114 7980
2 3 20 28 35 38 57 60 7980
2 3 20 28 35 38 57 70 7980
2 3 20 28 35 38 57 76 7980
2 3 20 28 35 38 57 84 7980
2 3 20 28 35 38 57 95 7980
2 3 20 28 35 38 57 105 7980
2 3 20 28 35 38 57 114 7980
2 3 20 28 35 38 60 76 7980
2 3 20 28 35 38 60 95 7980
2 3 20 28 35 39 40 104 10920
2 3 20 28 35 39 42 52 5460
2 3 20 28 35 39 42 65 5460
2 3 20 28 35 39 42 78 5460
2 3 20 28 35 39 42 91 5460
2 3 20 28 35 39 45 117 16380
2 3 20 28 35 39 52 60 5460
2 3 20 28 35 39 52 65 5460
2 3 20 28 35 39 52 70 5460
2 3 20 28 35 39 52 78 5460
2 3 20 28 35 39 52 84 5460
2 3 20 28 35 39 52 91 5460
2 3 20 28 35 39 52 105 5460
2 3 20 28 35 39 56 104 10920
2 3 20 28 35 39 60 65 5460
2 3 20 28 35 39 60 78 5460
2 3 20 28 35 39 60 91 5460
2 3 20 28 35 39 65 70 5460
2 3 20 28 35 39 65 78 5460
2 3 20 28 35 39 65 84 5460
2 3 20 28 35 39 70 78 5460
2 3 20 28 35 40 42 56 840
2 3 20 28 35 40 42 120 840
2 3 20 28 35 40 45 72 2520
2 3 20 28 35 40 48 80 1680
2 3 20 28 35 40 48 112 1680
2 3 20 28 35 40 56 60 840
2 3 20 28 35 40 56 84 840
2 3 20 28 35 40 63 72 2520
2 3 20 28 35 41 42 82 17220
2 3 20 28 35 41 42 123 17220
2 3 20 28 35 41 60 82 17220
2 3 20 28 35 42 43 86 18060
2 3 20 28 35 42 44 55 4620
2 3 20 28 35 42 44 66 4620
2 3 20 28 35 42 44 77 4620
2 3 20 28 35 42 44 110 4620
2 3 20 28 35 42 45 63 1260
2 3 20 28 35 42 45 90 1260
2 3 20 28 35 42 45 126 1260
2 3 20 28 35 42 46 69 9660
2 3 20 28 35 42 46 92 9660
2 3 20 28 35 42 46 115 9660
2 3 20 28 35 42 47 94 19740
2 3 20 28 35 42 48 80 1680
2 3 20 28 35 42 48 112 1680
2 3 20 28 35 42 49 98 2940
2 3 20 28 35 42 50 75 2100
2 3 20 28 35 42 50 100 2100
2 3 20 28 35 42 51 68 7140
2 3 20 28 35 42 51 85 7140
2 3 20 28 35 42 51 102 7140
2 3 20 28 35 42 52 65 5460
2 3 20 28 35 42 52 78 5460
2 3 20 28 35 42 52 91 5460
2 3 20 28 35 42 55 66 4620
2 3 20 28 35 42 55 77 4620
2 3 20 28 35 42 57 76 7980
2 3 20 28 35 42 58 87 12180
2 3 20 28 35 42 60 70 420
2 3 20 28 35 44 45 99 13860
2 3 20 28 35 44 55 60 4620
2 3 20 28 35 44 55 66 4620
2 3 20 28 35 44 55 84 4620
2 3 20 28 35 44 60 66 4620
2 3 20 28 35 45 56 72 2520
2 3 20 28 35 45 60 63 1260
2 3 20 28 35 46 60 69 9660
2 3 20 28 36 39 45 91 16380
2 3 20 28 36 39 63 65 16380
2 3 20 28 36 40 42 72 2520
2 3 20 28 36 40 45 56 2520
2 3 20 28 36 40 56 63 2520
2 3 20 28 36 40 56 72 2520
2 3 20 28 36 40 56 90 2520
2 3 20 28 36 40 63 72 2520
2 3 20 28 36 42 45 60 1260
2 3 20 28 36 42 45 63 1260
2 3 20 28 36 42 45 70 1260
2 3 20 28 36 42 45 84 1260
2 3 20 28 36 42 45 90 1260
2 3 20 28 36 42 45 105 1260
2 3 20 28 36 42 45 126 1260
2 3 20 28 36 42 60 63 1260
2 3 20 28 36 42 63 70 1260
2 3 20 28 36 44 45 77 13860
2 3 20 28 36 44 55 63 13860
2 3 20 28 36 45 55 77 13860
2 3 20 28 36 45 56 72 2520
2 3 20 28 36 45 60 63 1260
2 3 20 28 37 42 60 74 15540
2 3 20 28 38 40 56 57 15960
2 3 20 28 38 42 57 60 7980
2 3 20 28 38 42 57 70 7980
2 3 20 28 38 45 57 63 23940
2 3 20 28 39 40 42 104 10920
2 3 20 28 39 40 52 56 10920
2 3 20 28 39 40 56 65 10920
2 3 20 28 39 40 56 78 10920
2 3 20 28 39 42 52 60 5460
2 3 20 28 39 42 52 65 5460
2 3 20 28 39 42 52 70 5460
2 3 20 28 39 42 60 65 5460
2 3 20 28 39 45 52 63 16380
2 3 20 28 40 42 44 88 9240
2 3 20 28 40 42 45 72 2520
2 3 20 28 40 42 48 80 1680
2 3 20 28 40 42 56 60 840
2 3 20 28 42 44 55 60 4620
2 3 20 29 30 31 58 124 53940
2 3 20 29 30 31 62 116 53940
2 3 20 29 30 31 87 124 53940
2 3 20 29 30 31 93 116 53940
2 3 20 29 30 31 116 124 53940
2 3 20 29 30 32 58 96 13920
2 3 20 29 30 32 87 96 13920
2 3 20 29 30 32 96 116 13920
2 3 20 29 30 33 44 58 19140
2 3 20 29 30 33 44 87 19140
2 3 20 29 30 33 44 116 19140
2 3 20 29 30 33 55 116 19140
2 3 20 29 30 33 66 116 19140
2 3 20 29 30 34 51 116 29580
2 3 20 29 30 34 58 68 29580
2 3 20 29 30 34 68 87 29580
2 3 20 29 30 34 68 116 29580
2 3 20 29 30 34 85 116 29580
2 3 20 29 30 35 42 116 12180
2 3 20 29 30 35 58 84 12180
2 3 20 29 30 35 70 116 12180
2 3 20 29 30 35 84 87 12180
2 3 20 29 30 35 84 116 12180
2 3 20 29 30 36 45 58 5220
2 3 20 29 30 36 45 87 5220
2 3 20 29 30 36 45 116 5220
2 3 20 29 30 36 58 90 5220
2 3 20 29 30 36 87 90 5220
2 3 20 29 30 37 74 116 64380
2 3 20 29 30 38 57 116 33060
2 3 20 29 30 38 58 76 33060
2 3 20 29 30 38 76 87 33060
2 3 20 29 30 39 52 58 22620
2 3 20 29 30 39 52 87 22620
2 3 20 29 30 39 52 116 22620
2 3 20 29 30 39 65 116 22620
2 3 20 29 30 40 58 120 3480
2 3 20 29 30 42 58 84 12180
2 3 20 29 30 44 55 58 19140
2 3 20 29 30 44 55 87 19140
2 3 20 29 30 44 55 116 19140
2 3 20 29 30 44 58 66 19140
2 3 20 29 30 44 58 110 19140
2 3 20 29 30 44 66 87 19140
2 3 20 29 30 46 58 92 40020
2 3 20 29 30 48 58 80 6960
2 3 20 29 30 51 58 68 29580
2 3 20 29 30 52 58 65 22620
2 3 20 29 30 52 58 78 22620
2 3 20 29 31 58 60 62 53940
2 3 20 29 32 40 58 96 13920
2 3 20 29 33 40 58 88 38280
2 3 20 29 33 44 55 58 19140
2 3 20 29 33 44 55 87 19140
2 3 20 29 33 44 58 60 19140
2 3 20 29 33 55 58 60 19140
2 3 20 29 34 51 58 60 29580
2 3 20 29 35 36 58 63 36540
2 3 20 29 35 36 63 87 36540
2 3 20 29 35 40 56 87 24360
2 3 20 29 35 42 58 60 12180
2 3 20 29 36 40 58 72 10440
2 3 20 29 36 45 58 60 5220
2 3 20 29 40 42 56 58 24360
2 3 20 30 31 32 62 96 14880
2 3 20 30 31 32 93 96 14880
2 3 20 30 31 33 44 62 20460
2 3 20 30 31 33 44 93 20460
2 3 20 30 31 33 44 124 20460
2 3 20 30 31 33 55 124 20460
2 3 20 30 31 33 66 124 20460
2 3 20 30 31 34 51 124 31620
2 3 20 30 31 34 62 68 31620
2 3 20 30 31 34 68 93 31620
2 3 20 30 31 34 68 124 31620
2 3 20 30 31 35 42 124 13020
2 3 20 30 31 35 62 84 13020
2 3 20 30 31 35 84 93 13020
2 3 20 30 31 36 45 62 5580
2 3 20 30 31 36 45 93 5580
2 3 20 30 31 36 45 124 5580
2 3 20 30 31 36 62 90 5580
2 3 20 30 31 38 57 124 35340
2 3 20 30 31 38 62 76 35340
2 3 20 30 31 39 52 62 24180
2 3 20 30 31 39 52 93 24180
2 3 20 30 31 39 52 124 24180
2 3 20 30 31 42 62 84 13020
2 3 20 30 31 44 55 62 20460
2 3 20 30 31 44 55 93 20460
2 3 20 30 31 44 62 66 20460
2 3 20 30 32 33 44 96 5280
2 3 20 30 32 33 55 96 5280
2 3 20 30 32 33 66 96 5280
2 3 20 30 32 34 51 96 8160
2 3 20 30 32 34 68 96 8160
2 3 20 30 32 35 42 96 3360
2 3 20 30 32 35 56 96 3360
2 3 20 30 32 35 70 96 3360
2 3 20 30 32 36 45 96 1440
2 3 20 30 32 38 57 96 9120
2 3 20 30 32 39 52 96 6240
2 3 20 30 32 40 48 96 480
2 3 20 30 33 34 44 51 11220
2 3 20 30 33 34 44 68 11220
2 3 20 30 33 34 44 85 11220
2 3 20 30 33 34 44 102 11220
2 3 20 30 33 34 55 68 11220
2 3 20 30 33 34 66 68 11220
2 3 20 30 33 34 68 110 11220
2 3 20 30 33 35 42 44 4620
2 3 20 30 33 35 44 70 4620
2 3 20 30 33 35 44 77 4620
2 3 20 30 33 35 44 84 4620
2 3 20 30 33 35 44 105 4620
2 3 20 30 33 35 55 84 4620
2 3 20 30 33 35 56 88 9240
2 3 20 30 33 35 60 77 4620
2 3 20 30 33 35 66 84 4620
2 3 20 30 33 35 77 84 4620
2 3 20 30 33 36 44 45 1980
2 3 20 30 33 36 44 90 1980
2 3 20 30 33 36 44 99 1980
2 3 20 30 33 36 45 55 1980
2 3 20 30 33 36 45 66 1980
2 3 20 30 33 36 45 99 1980
2 3 20 30 33 36 45 110 1980
2 3 20 30 33 36 55 90 1980
2 3 20 30 33 36 55 99 1980
2 3 20 30 33 36 60 99 1980
2 3 20 30 33 36 63 77 13860
2 3 20 30 33 36 66 90 1980
2 3 20 30 33 37 44 74 24420
2 3 20 30 33 37 44 111 24420
2 3 20 30 33 38 44 57 12540
2 3 20 30 33 38 44 76 12540
2 3 20 30 33 38 44 95 12540
2 3 20 30 33 38 44 114 12540
2 3 20 30 33 38 55 76 12540
2 3 20 30 33 38 66 76 12540
2 3 20 30 33 39 44 52 8580
2 3 20 30 33 39 44 65 8580
2 3 20 30 33 39 44 78 8580
2 3 20 30 33 39 52 55 8580
2 3 20 30 33 39 52 66 8580
2 3 20 30 33 39 52 110 8580
2 3 20 30 33 40 44 88 1320
2 3 20 30 33 40 44 120 1320
2 3 20 30 33 40 55 88 1320
2 3 20 30 33 40 56 77 9240
2 3 20 30 33 41 44 82 27060
2 3 20 30 33 41 44 123 27060
2 3 20 30 33 42 44 70 4620
2 3 20 30 33 42 44 77 4620
2 3 20 30 33 42 44 84 4620
2 3 20 30 33 42 44 105 4620
2 3 20 30 33 42 55 84 4620
2 3 20 30 33 42 60 77 4620
2 3 20 30 33 43 44 86 28380
2 3 20 30 33 44 45 90 1980
2 3 20 30 33 44 45 99 1980
2 3 20 30 33 44 46 69 15180
2 3 20 30 33 44 46 92 15180
2 3 20 30 33 44 46 115 15180
2 3 20 30 33 44 47 94 31020
2 3 20 30 33 44 48 80 2640
2 3 20 30 33 44 49 98 32340
2 3 20 30 33 44 50 75 3300
2 3 20 30 33 44 51 68 11220
2 3 20 30 33 44 51 85 11220
2 3 20 30 33 44 52 65 8580
2 3 20 30 33 44 52 78 8580
2 3 20 30 33 44 55 60 660
2 3 20 30 33 44 55 66 660
2 3 20 30 33 44 57 76 12540
2 3 20 30 33 44 60 66 660
2 3 20 30 34 35 42 68 7140
2 3 20 30 34 35 51 84 7140
2 3 20 30 34 35 68 70 7140
2 3 20 30 34 35 68 84 7140
2 3 20 30 34 36 45 51 3060
2 3 20 30 34 36 45 68 3060
2 3 20 30 34 36 45 85 3060
2 3 20 30 34 36 45 102 3060
2 3 20 30 34 36 51 90 3060
2 3 20 30 34 37 68 74 37740
2 3 20 30 34 38 51 76 19380
2 3 20 30 34 38 57 68 19380
2 3 20 30 34 38 68 76 19380
2 3 20 30 34 39 51 52 13260
2 3 20 30 34 39 52 68 13260
2 3 20 30 34 39 52 85 13260
2 3 20 30 34 39 52 102 13260
2 3 20 30 34 39 65 68 13260
2 3 20 30 34 42 51 84 7140
2 3 20 30 34 44 51 55 11220
2 3 20 30 34 44 51 66 11220
2 3 20 30 34 44 55 68 11220
2 3 20 30 34 51 52 65 13260
2 3 20 30 35 36 42 45 1260
2 3 20 30 35 36 42 63 1260
2 3 20 30 35 36 42 90 1260
2 3 20 30 35 36 42 126 1260
2 3 20 30 35 36 45 63 1260
2 3 20 30 35 36 45 70 1260
2 3 20 30 35 36 45 84 1260
2 3 20 30 35 36 45 105 1260
2 3 20 30 35 36 45 126 1260
2 3 20 30 35 36 56 72 2520
2 3 20 30 35 36 60 63 1260
2 3 20 30 35 36 63 70 1260
2 3 20 30 35 36 63 84 1260
2 3 20 30 35 38 42 76 7980
2 3 20 30 35 38 57 84 7980
2 3 20 30 35 39 42 52 5460
2 3 20 30 35 39 52 70 5460
2 3 20 30 35 39 52 84 5460
2 3 20 30 35 39 52 91 5460
2 3 20 30 35 40 42 56 840
2 3 20 30 35 40 42 120 840
2 3 20 30 35 40 56 60 840
2 3 20 30 35 40 56 70 840
2 3 20 30 35 42 44 55 4620
2 3 20 30 35 42 44 66 4620
2 3 20 30 35 42 44 77 4620
2 3 20 30 35 42 44 110 4620
2 3 20 30 35 42 46 92 9660
2 3 20 30 35 42 48 80 1680
2 3 20 30 35 42 51 68 7140
2 3 20 30 35 42 52 65 5460
2 3 20 30 35 42 52 78 5460
2 3 20 30 35 44 55 70 4620
2 3 20 30 36 37 45 74 6660
2 3 20 30 36 37 45 111 6660
2 3 20 30 36 38 45 57 3420
2 3 20 30 36 38 45 76 3420
2 3 20 30 36 38 45 95 3420
2 3 20 30 36 38 45 114 3420
2 3 20 30 36 39 45 52 2340
2 3 20 30 36 39 45 65 2340
2 3 20 30 36 39 45 78 2340
2 3 20 30 36 39 45 117 2340
2 3 20 30 36 39 52 90 2340
2 3 20 30 36 40 45 72 360
2 3 20 30 36 40 56 63 2520
2 3 20 30 36 41 45 82 7380
2 3 20 30 36 42 45 63 1260
2 3 20 30 36 42 45 70 1260
2 3 20 30 36 42 45 84 1260
2 3 20 30 36 42 60 63 1260
2 3 20 30 36 43 45 86 7740
2 3 20 30 36 44 45 55 1980
2 3 20 30 36 44 45 66 1980
2 3 20 30 36 45 46 69 4140
2 3 20 30 36 45 51 68 3060
2 3 20 30 36 45 52 65 2340
2 3 20 30 37 39 52 74 28860
2 3 20 30 38 39 52 57 14820
2 3 20 30 38 39 52 76 14820
2 3 20 30 38 44 55 57 12540
2 3 20 30 39 44 52 55 8580
2 3 20 31 33 44 55 62 20460
2 3 20 31 33 44 60 62 20460
2 3 20 31 35 36 62 63 39060
2 3 20 31 35 42 60 62 13020
2 3 20 32 33 40 44 96 5280
2 3 20 32 35 40 42 96 3360
2 3 20 33 34 35 44 119 78540
2 3 20 33 34 44 51 55 11220
2 3 20 33 34 44 51 60 11220
2 3 20 33 35 36 42 99 13860
2 3 20 33 35 36 44 63 13860
2 3 20 33 35 36 44 126 13860
2 3 20 33 35 36 45 77 13860
2 3 20 33 35 36 55 63 13860
2 3 20 33 35 36 63 66 13860
2 3 20 33 35 39 44 91 60060
2 3 20 33 35 39 52 77 60060
2 3 20 33 35 40 42 88 9240
2 3 20 33 35 40 44 56 9240
2 3 20 33 35 40 55 56 9240
2 3 20 33 35 40 56 66 9240
2 3 20 33 35 42 44 55 4620
2 3 20 33 35 42 44 60 4620
2 3 20 33 35 42 44 66 4620
2 3 20 33 35 42 44 70 4620
2 3 20 33 35 42 44 77 4620
2 3 20 33 35 42 44 84 4620
2 3 20 33 35 42 55 60 4620
2 3 20 33 35 44 45 63 13860
2 3 20 33 36 40 44 72 3960
2 3 20 33 36 42 45 77 13860
2 3 20 33 36 44 45 55 1980
2 3 20 33 36 44 45 60 1980
2 3 20 33 36 44 45 66 1980
2 3 20 33 40 42 44 56 9240
2 3 20 34 35 36 51 63 21420
2 3 20 34 35 40 51 56 14280
2 3 20 34 35 42 51 60 7140
2 3 20 35 36 39 52 63 16380
2 3 20 35 36 40 42 72 2520
2 3 20 35 36 40 45 56 2520
2 3 20 35 36 42 45 60 1260
2 3 20 35 36 42 45 63 1260
