2 3 18 19 20 24 72 95 6840
2 3 18 19 20 27 95 108 10260
2 3 18 19 20 28 63 95 23940
2 3 18 19 20 28 95 126 23940
2 3 18 19 20 30 36 38 3420
2 3 18 19 20 30 36 57 3420
2 3 18 19 20 30 36 76 3420
2 3 18 19 20 30 36 95 3420
2 3 18 19 20 30 36 114 3420
2 3 18 19 20 30 45 76 3420
2 3 18 19 20 30 76 90 3420
2 3 18 19 20 35 63 76 23940
2 3 18 19 20 35 76 126 23940
2 3 18 19 20 36 38 45 3420
2 3 18 19 20 36 38 60 3420
2 3 18 19 20 36 38 90 3420
2 3 18 19 20 36 38 95 3420
2 3 18 19 20 36 45 57 3420
2 3 18 19 20 36 45 76 3420
2 3 18 19 20 36 45 95 3420
2 3 18 19 20 36 45 114 3420
2 3 18 19 20 36 57 60 3420
2 3 18 19 20 36 57 90 3420
2 3 18 19 20 36 57 95 3420
2 3 18 19 20 36 60 76 3420
2 3 18 19 20 36 60 95 3420
2 3 18 19 20 36 60 114 3420
2 3 18 19 20 36 76 90 3420
2 3 18 19 20 36 76 95 3420
2 3 18 19 20 36 90 95 3420
2 3 18 19 20 36 90 114 3420
2 3 18 19 20 36 95 114 3420
2 3 18 19 20 38 40 72 6840
2 3 18 19 20 38 45 60 3420
2 3 18 19 20 38 45 76 3420
2 3 18 19 20 38 60 90 3420
2 3 18 19 20 38 72 120 6840
2 3 18 19 20 38 76 90 3420
2 3 18 19 20 40 57 72 6840
2 3 18 19 20 40 72 76 6840
2 3 18 19 20 40 72 95 6840
2 3 18 19 20 40 72 114 6840
2 3 18 19 20 44 95 99 37620
2 3 18 19 20 45 57 60 3420
2 3 18 19 20 45 57 76 3420
2 3 18 19 20 45 60 76 3420
2 3 18 19 20 45 60 95 3420
2 3 18 19 20 45 60 114 3420
2 3 18 19 20 45 76 90 3420
2 3 18 19 20 45 76 95 3420
2 3 18 19 20 45 76 114 3420
2 3 18 19 20 52 95 117 44460
2 3 18 19 20 54 95 108 10260
2 3 18 19 20 55 76 99 37620
2 3 18 19 20 57 60 90 3420
2 3 18 19 20 57 72 120 6840
2 3 18 19 20 57 76 90 3420
2 3 18 19 20 60 76 90 3420
2 3 18 19 20 60 90 95 3420
2 3 18 19 20 60 90 114 3420
2 3 18 19 20 63 70 76 23940
2 3 18 19 20 63 76 105 23940
2 3 18 19 20 63 84 95 23940
2 3 18 19 20 65 76 117 44460
2 3 18 19 20 70 76 126 23940
2 3 18 19 20 72 76 120 6840
2 3 18 19 20 72 95 120 6840
2 3 18 19 20 72 114 120 6840
2 3 18 19 20 76 90 95 3420
2 3 18 19 20 76 90 114 3420
2 3 18 19 20 76 99 110 37620
2 3 18 19 20 76 105 126 23940
2 3 18 19 20 84 95 126 23940
2 3 18 19 21 28 36 38 4788
2 3 18 19 21 28 36 57 4788
2 3 18 19 21 28 36 76 4788
2 3 18 19 21 28 36 114 4788
2 3 18 19 21 28 63 76 4788
2 3 18 19 21 28 76 126 4788
2 3 18 19 21 30 63 95 11970
2 3 18 19 21 30 95 126 11970
2 3 18 19 21 35 38 45 11970
2 3 18 19 21 35 38 90 11970
2 3 18 19 21 35 45 57 11970
2 3 18 19 21 35 45 95 11970
2 3 18 19 21 35 45 114 11970
2 3 18 19 21 35 57 90 11970
2 3 18 19 21 35 63 95 11970
2 3 18 19 21 35 90 95 11970
2 3 18 19 21 35 90 114 11970
2 3 18 19 21 35 95 126 11970
2 3 18 19 21 36 38 84 4788
2 3 18 19 21 36 42 76 4788
2 3 18 19 21 36 57 84 4788
2 3 18 19 21 36 63 76 4788
2 3 18 19 21 36 76 84 4788
2 3 18 19 21 36 76 126 4788
2 3 18 19 21 36 84 114 4788
2 3 18 19 21 38 42 63 2394
2 3 18 19 21 38 42 126 2394
2 3 18 19 21 38 45 70 11970
2 3 18 19 21 38 45 105 11970
2 3 18 19 21 38 56 72 9576
2 3 18 19 21 38 57 63 2394
2 3 18 19 21 38 57 126 2394
2 3 18 19 21 38 63 114 2394
2 3 18 19 21 38 63 126 2394
2 3 18 19 21 38 70 90 11970
2 3 18 19 21 38 77 99 26334
2 3 18 19 21 38 90 105 11970
2 3 18 19 21 38 91 117 31122
2 3 18 19 21 38 114 126 2394
2 3 18 19 21 42 45 95 11970
2 3 18 19 21 42 57 63 2394
2 3 18 19 21 42 57 126 2394
2 3 18 19 21 42 63 114 2394
2 3 18 19 21 42 90 95 11970
2 3 18 19 21 42 114 126 2394
2 3 18 19 21 45 57 70 11970
2 3 18 19 21 45 57 105 11970
2 3 18 19 21 45 63 95 11970
2 3 18 19 21 45 70 95 11970
2 3 18 19 21 45 70 114 11970
2 3 18 19 21 45 95 105 11970
2 3 18 19 21 45 95 126 11970
2 3 18 19 21 45 105 114 11970
2 3 18 19 21 56 57 72 9576
2 3 18 19 21 56 72 76 9576
2 3 18 19 21 56 72 114 9576
2 3 18 19 21 57 63 114 2394
2 3 18 19 21 57 63 126 2394
2 3 18 19 21 57 70 90 11970
2 3 18 19 21 57 77 99 26334
2 3 18 19 21 57 90 105 11970
2 3 18 19 21 57 91 117 31122
2 3 18 19 21 57 114 126 2394
2 3 18 19 21 63 70 95 11970
2 3 18 19 21 63 76 84 4788
2 3 18 19 21 63 90 95 11970
2 3 18 19 21 63 95 105 11970
2 3 18 19 21 63 114 126 2394
2 3 18 19 21 70 90 95 11970
2 3 18 19 21 70 90 114 11970
2 3 18 19 21 70 95 126 11970
2 3 18 19 21 76 84 126 4788
2 3 18 19 21 77 99 114 26334
2 3 18 19 21 90 95 105 11970
2 3 18 19 21 90 95 126 11970
2 3 18 19 21 90 105 114 11970
2 3 18 19 21 91 114 117 31122
2 3 18 19 21 95 105 126 11970
2 3 18 19 22 30 95 99 18810
2 3 18 19 22 33 36 76 7524
2 3 18 19 22 33 38 99 3762
2 3 18 19 22 33 45 95 18810
2 3 18 19 22 33 57 99 3762
2 3 18 19 22 33 90 95 18810
2 3 18 19 22 33 99 114 3762
2 3 18 19 22 36 38 44 7524
2 3 18 19 22 36 44 57 7524
2 3 18 19 22 36 44 76 7524
2 3 18 19 22 36 44 114 7524
2 3 18 19 22 36 66 76 7524
2 3 18 19 22 36 76 99 7524
2 3 18 19 22 38 45 55 18810
2 3 18 19 22 38 45 110 18810
2 3 18 19 22 38 55 90 18810
2 3 18 19 22 38 57 99 3762
2 3 18 19 22 38 63 77 26334
2 3 18 19 22 38 66 99 3762
2 3 18 19 22 38 72 88 15048
2 3 18 19 22 38 77 126 26334
2 3 18 19 22 38 90 110 18810
2 3 18 19 22 38 99 114 3762
2 3 18 19 22 44 76 99 7524
2 3 18 19 22 45 55 57 18810
2 3 18 19 22 45 55 95 18810
2 3 18 19 22 45 55 114 18810
2 3 18 19 22 45 57 110 18810
2 3 18 19 22 45 66 95 18810
2 3 18 19 22 45 95 99 18810
2 3 18 19 22 45 95 110 18810
2 3 18 19 22 45 110 114 18810
2 3 18 19 22 55 57 90 18810
2 3 18 19 22 55 90 95 18810
2 3 18 19 22 55 90 114 18810
2 3 18 19 22 55 95 99 18810
2 3 18 19 22 57 63 77 26334
2 3 18 19 22 57 66 99 3762
2 3 18 19 22 57 72 88 15048
2 3 18 19 22 57 77 126 26334
2 3 18 19 22 57 90 110 18810
2 3 18 19 22 57 99 114 3762
2 3 18 19 22 63 77 114 26334
2 3 18 19 22 66 90 95 18810
2 3 18 19 22 66 99 114 3762
2 3 18 19 22 72 76 88 15048
2 3 18 19 22 72 88 114 15048
2 3 18 19 22 77 114 126 26334
2 3 18 19 22 90 95 99 18810
2 3 18 19 22 90 95 110 18810
2 3 18 19 22 90 110 114 18810
2 3 18 19 22 95 99 110 18810
2 3 18 19 23 36 38 92 15732
2 3 18 19 23 36 46 76 15732
2 3 18 19 23 36 57 92 15732
2 3 18 19 23 36 69 76 15732
2 3 18 19 23 36 76 92 15732
2 3 18 19 23 36 92 114 15732
2 3 18 19 23 38 45 115 39330
2 3 18 19 23 38 90 115 39330
2 3 18 19 23 45 46 95 39330
2 3 18 19 23 45 57 115 39330
2 3 18 19 23 45 69 95 39330
2 3 18 19 23 45 95 115 39330
2 3 18 19 23 45 114 115 39330
2 3 18 19 23 46 90 95 39330
2 3 18 19 23 57 90 115 39330
2 3 18 19 23 69 90 95 39330
2 3 18 19 23 90 95 115 39330
2 3 18 19 23 90 114 115 39330
2 3 18 19 24 30 72 95 6840
2 3 18 19 24 36 38 72 1368
2 3 18 19 24 36 40 95 6840
2 3 18 19 24 36 57 72 1368
2 3 18 19 24 36 72 76 1368
2 3 18 19 24 36 72 114 1368
2 3 18 19 24 36 95 120 6840
2 3 18 19 24 38 40 45 6840
2 3 18 19 24 38 40 90 6840
2 3 18 19 24 38 45 120 6840
2 3 18 19 24 38 56 63 9576
2 3 18 19 24 38 56 126 9576
2 3 18 19 24 38 57 72 1368
2 3 18 19 24 38 72 76 1368
2 3 18 19 24 38 72 114 1368
2 3 18 19 24 38 88 99 15048
2 3 18 19 24 38 90 120 6840
2 3 18 19 24 38 104 117 17784
2 3 18 19 24 40 45 57 6840
2 3 18 19 24 40 45 76 6840
2 3 18 19 24 40 45 95 6840
2 3 18 19 24 40 45 114 6840
2 3 18 19 24 40 57 90 6840
2 3 18 19 24 40 72 95 6840
2 3 18 19 24 40 76 90 6840
2 3 18 19 24 40 90 95 6840
2 3 18 19 24 40 90 114 6840
2 3 18 19 24 45 57 120 6840
2 3 18 19 24 45 72 95 6840
2 3 18 19 24 45 76 120 6840
2 3 18 19 24 45 95 120 6840
2 3 18 19 24 45 114 120 6840
2 3 18 19 24 56 57 63 9576
2 3 18 19 24 56 57 126 9576
2 3 18 19 24 56 63 76 9576
2 3 18 19 24 56 63 114 9576
2 3 18 19 24 56 76 126 9576
2 3 18 19 24 56 114 126 9576
2 3 18 19 24 57 72 76 1368
2 3 18 19 24 57 72 114 1368
2 3 18 19 24 57 88 99 15048
2 3 18 19 24 57 90 120 6840
2 3 18 19 24 57 104 117 17784
2 3 18 19 24 60 72 95 6840
2 3 18 19 24 72 76 114 1368
2 3 18 19 24 72 90 95 6840
2 3 18 19 24 72 95 120 6840
2 3 18 19 24 76 88 99 15048
2 3 18 19 24 76 90 120 6840
2 3 18 19 24 76 104 117 17784
2 3 18 19 24 88 99 114 15048
2 3 18 19 24 90 95 120 6840
2 3 18 19 24 90 114 120 6840
2 3 18 19 24 104 114 117 17784
2 3 18 19 25 36 38 100 17100
2 3 18 19 25 36 50 76 17100
2 3 18 19 25 36 57 100 17100
2 3 18 19 25 36 75 76 17100
2 3 18 19 25 36 76 100 17100
2 3 18 19 25 36 95 100 17100
2 3 18 19 25 36 100 114 17100
2 3 18 19 25 38 45 50 8550
2 3 18 19 25 38 45 75 8550
2 3 18 19 25 38 50 90 8550
2 3 18 19 25 38 75 90 8550
2 3 18 19 25 45 50 57 8550
2 3 18 19 25 45 50 95 8550
2 3 18 19 25 45 50 114 8550
2 3 18 19 25 45 57 75 8550
2 3 18 19 25 45 75 95 8550
2 3 18 19 25 45 75 114 8550
2 3 18 19 25 45 76 100 17100
2 3 18 19 25 50 57 90 8550
2 3 18 19 25 50 90 95 8550
2 3 18 19 25 50 90 114 8550
2 3 18 19 25 57 75 90 8550
2 3 18 19 25 75 90 95 8550
2 3 18 19 25 75 90 114 8550
2 3 18 19 25 76 90 100 17100
2 3 18 19 26 30 95 117 22230
2 3 18 19 26 36 38 52 8892
2 3 18 19 26 36 39 76 8892
2 3 18 19 26 36 52 57 8892
2 3 18 19 26 36 52 76 8892
2 3 18 19 26 36 52 114 8892
2 3 18 19 26 36 76 78 8892
2 3 18 19 26 36 76 117 8892
2 3 18 19 26 38 39 117 4446
2 3 18 19 26 38 45 65 22230
2 3 18 19 26 38 57 117 4446
2 3 18 19 26 38 63 91 31122
2 3 18 19 26 38 65 90 22230
2 3 18 19 26 38 72 104 17784
2 3 18 19 26 38 78 117 4446
2 3 18 19 26 38 91 126 31122
2 3 18 19 26 38 114 117 4446
2 3 18 19 26 39 45 95 22230
2 3 18 19 26 39 57 117 4446
2 3 18 19 26 39 90 95 22230
2 3 18 19 26 39 114 117 4446
2 3 18 19 26 45 57 65 22230
2 3 18 19 26 45 65 95 22230
2 3 18 19 26 45 65 114 22230
2 3 18 19 26 45 78 95 22230
2 3 18 19 26 45 95 117 22230
2 3 18 19 26 52 76 117 8892
2 3 18 19 26 57 63 91 31122
2 3 18 19 26 57 65 90 22230
2 3 18 19 26 57 72 104 17784
2 3 18 19 26 57 78 117 4446
2 3 18 19 26 57 91 126 31122
2 3 18 19 26 57 114 117 4446
2 3 18 19 26 63 91 114 31122
2 3 18 19 26 65 90 95 22230
2 3 18 19 26 65 90 114 22230
2 3 18 19 26 65 95 117 22230
2 3 18 19 26 72 76 104 17784
2 3 18 19 26 72 104 114 17784
2 3 18 19 26 78 90 95 22230
2 3 18 19 26 78 114 117 4446
2 3 18 19 26 90 95 117 22230
2 3 18 19 26 91 114 126 31122
2 3 18 19 27 30 54 95 5130
2 3 18 19 27 36 38 108 2052
2 3 18 19 27 36 54 76 2052
2 3 18 19 27 36 57 108 2052
2 3 18 19 27 36 76 108 2052
2 3 18 19 27 36 108 114 2052
2 3 18 19 27 38 54 57 1026
2 3 18 19 27 38 54 114 1026
2 3 18 19 27 38 76 108 2052
2 3 18 19 27 45 54 95 5130
2 3 18 19 27 54 57 114 1026
2 3 18 19 27 54 76 108 2052
2 3 18 19 27 54 90 95 5130
2 3 18 19 27 57 76 108 2052
2 3 18 19 27 60 95 108 10260
2 3 18 19 27 76 108 114 2052
2 3 18 19 28 35 36 95 23940
2 3 18 19 28 35 45 76 23940
2 3 18 19 28 35 76 90 23940
2 3 18 19 28 36 38 42 4788
2 3 18 19 28 36 38 63 4788
2 3 18 19 28 36 38 84 4788
2 3 18 19 28 36 38 126 4788
2 3 18 19 28 36 42 57 4788
2 3 18 19 28 36 42 76 4788
2 3 18 19 28 36 42 114 4788
2 3 18 19 28 36 57 63 4788
2 3 18 19 28 36 57 84 4788
2 3 18 19 28 36 57 126 4788
2 3 18 19 28 36 63 76 4788
2 3 18 19 28 36 63 114 4788
2 3 18 19 28 36 70 95 23940
2 3 18 19 28 36 76 84 4788
2 3 18 19 28 36 76 126 4788
2 3 18 19 28 36 84 114 4788
2 3 18 19 28 36 95 105 23940
2 3 18 19 28 36 114 126 4788
2 3 18 19 28 38 56 72 9576
2 3 18 19 28 38 63 76 4788
2 3 18 19 28 38 63 84 4788
2 3 18 19 28 38 76 126 4788
2 3 18 19 28 38 84 126 4788
2 3 18 19 28 42 63 76 4788
2 3 18 19 28 42 76 126 4788
2 3 18 19 28 45 70 76 23940
2 3 18 19 28 45 76 105 23940
2 3 18 19 28 45 84 95 23940
2 3 18 19 28 56 57 72 9576
2 3 18 19 28 56 72 76 9576
2 3 18 19 28 56 72 114 9576
2 3 18 19 28 57 63 76 4788
2 3 18 19 28 57 63 84 4788
2 3 18 19 28 57 76 126 4788
2 3 18 19 28 57 84 126 4788
2 3 18 19 28 60 63 95 23940
2 3 18 19 28 60 95 126 23940
2 3 18 19 28 63 76 84 4788
2 3 18 19 28 63 76 114 4788
2 3 18 19 28 63 76 126 4788
2 3 18 19 28 63 84 114 4788
2 3 18 19 28 70 76 90 23940
2 3 18 19 28 76 77 99 52668
2 3 18 19 28 76 84 126 4788
2 3 18 19 28 76 90 105 23940
2 3 18 19 28 76 91 117 62244
2 3 18 19 28 76 114 126 4788
2 3 18 19 28 84 90 95 23940
2 3 18 19 28 84 114 126 4788
2 3 18 19 29 36 38 116 19836
2 3 18 19 29 36 57 116 19836
2 3 18 19 29 36 58 76 19836
2 3 18 19 29 36 76 87 19836
2 3 18 19 29 36 76 116 19836
2 3 18 19 29 36 114 116 19836
2 3 18 19 29 45 58 95 49590
2 3 18 19 29 45 87 95 49590
2 3 18 19 29 58 90 95 49590
2 3 18 19 29 87 90 95 49590
2 3 18 19 30 33 95 99 18810
2 3 18 19 30 35 38 63 11970
2 3 18 19 30 35 38 126 11970
2 3 18 19 30 35 57 63 11970
2 3 18 19 30 35 57 126 11970
2 3 18 19 30 35 63 95 11970
2 3 18 19 30 35 63 114 11970
2 3 18 19 30 35 95 126 11970
2 3 18 19 30 35 114 126 11970
2 3 18 19 30 36 38 60 3420
2 3 18 19 30 36 45 76 3420
2 3 18 19 30 36 57 60 3420
2 3 18 19 30 36 60 76 3420
2 3 18 19 30 36 60 95 3420
2 3 18 19 30 36 60 114 3420
2 3 18 19 30 36 76 90 3420
2 3 18 19 30 36 76 95 3420
2 3 18 19 30 38 40 72 6840
2 3 18 19 30 38 45 57 1710
2 3 18 19 30 38 45 90 1710
2 3 18 19 30 38 45 95 1710
2 3 18 19 30 38 45 114 1710
2 3 18 19 30 38 55 99 18810
2 3 18 19 30 38 57 90 1710
2 3 18 19 30 38 63 70 11970
2 3 18 19 30 38 63 105 11970
2 3 18 19 30 38 65 117 22230
2 3 18 19 30 38 70 126 11970
2 3 18 19 30 38 72 120 6840
2 3 18 19 30 38 90 95 1710
2 3 18 19 30 38 90 114 1710
2 3 18 19 30 38 99 110 18810
2 3 18 19 30 38 105 126 11970
2 3 18 19 30 39 95 117 22230
2 3 18 19 30 40 57 72 6840
2 3 18 19 30 40 72 76 6840
2 3 18 19 30 40 72 95 6840
2 3 18 19 30 40 72 114 6840
2 3 18 19 30 42 63 95 11970
2 3 18 19 30 42 95 126 11970
2 3 18 19 30 45 57 90 1710
2 3 18 19 30 45 57 95 1710
2 3 18 19 30 45 57 114 1710
2 3 18 19 30 45 60 76 3420
2 3 18 19 30 45 90 95 1710
2 3 18 19 30 45 90 114 1710
2 3 18 19 30 45 95 114 1710
2 3 18 19 30 55 57 99 18810
2 3 18 19 30 55 95 99 18810
2 3 18 19 30 55 99 114 18810
2 3 18 19 30 57 63 70 11970
2 3 18 19 30 57 63 105 11970
2 3 18 19 30 57 65 117 22230
2 3 18 19 30 57 70 126 11970
2 3 18 19 30 57 72 120 6840
2 3 18 19 30 57 90 95 1710
2 3 18 19 30 57 90 114 1710
2 3 18 19 30 57 99 110 18810
2 3 18 19 30 57 105 126 11970
2 3 18 19 30 60 76 90 3420
2 3 18 19 30 63 70 95 11970
2 3 18 19 30 63 70 114 11970
2 3 18 19 30 63 95 105 11970
2 3 18 19 30 63 95 126 11970
2 3 18 19 30 63 105 114 11970
2 3 18 19 30 65 95 117 22230
2 3 18 19 30 65 114 117 22230
2 3 18 19 30 66 95 99 18810
2 3 18 19 30 70 95 126 11970
2 3 18 19 30 70 114 126 11970
2 3 18 19 30 72 76 120 6840
2 3 18 19 30 72 95 120 6840
2 3 18 19 30 72 114 120 6840
2 3 18 19 30 78 95 117 22230
2 3 18 19 30 90 95 114 1710
2 3 18 19 30 95 99 110 18810
2 3 18 19 30 95 105 126 11970
2 3 18 19 30 99 110 114 18810
2 3 18 19 30 105 114 126 11970
2 3 18 19 31 36 38 124 21204
2 3 18 19 31 36 57 124 21204
2 3 18 19 31 36 62 76 21204
2 3 18 19 31 36 76 93 21204
2 3 18 19 31 36 76 124 21204
2 3 18 19 31 36 114 124 21204
2 3 18 19 31 45 62 95 53010
2 3 18 19 31 45 93 95 53010
2 3 18 19 31 62 90 95 53010
2 3 18 19 31 90 93 95 53010
2 3 18 19 32 36 38 96 5472
2 3 18 19 32 36 57 96 5472
2 3 18 19 32 36 76 96 5472
2 3 18 19 32 36 96 114 5472
2 3 18 19 32 38 72 96 5472
2 3 18 19 32 45 95 96 27360
2 3 18 19 32 57 72 96 5472
2 3 18 19 32 72 76 96 5472
2 3 18 19 32 72 96 114 5472
2 3 18 19 32 90 95 96 27360
2 3 18 19 33 36 38 44 7524
2 3 18 19 33 36 44 57 7524
2 3 18 19 33 36 44 76 7524
2 3 18 19 33 36 44 114 7524
2 3 18 19 33 36 66 76 7524
2 3 18 19 33 36 76 99 7524
2 3 18 19 33 38 45 55 18810
2 3 18 19 33 38 45 110 18810
2 3 18 19 33 38 55 90 18810
2 3 18 19 33 38 57 99 3762
2 3 18 19 33 38 63 77 26334
2 3 18 19 33 38 66 99 3762
2 3 18 19 33 38 72 88 15048
2 3 18 19 33 38 77 126 26334
2 3 18 19 33 38 90 110 18810
2 3 18 19 33 38 99 114 3762
2 3 18 19 33 44 76 99 7524
2 3 18 19 33 45 55 57 18810
2 3 18 19 33 45 55 95 18810
2 3 18 19 33 45 55 114 18810
2 3 18 19 33 45 57 110 18810
2 3 18 19 33 45 66 95 18810
2 3 18 19 33 45 95 99 18810
2 3 18 19 33 45 95 110 18810
2 3 18 19 33 45 110 114 18810
2 3 18 19 33 55 57 90 18810
2 3 18 19 33 55 90 95 18810
2 3 18 19 33 55 90 114 18810
2 3 18 19 33 55 95 99 18810
2 3 18 19 33 57 63 77 26334
2 3 18 19 33 57 66 99 3762
2 3 18 19 33 57 72 88 15048
2 3 18 19 33 57 77 126 26334
2 3 18 19 33 57 90 110 18810
2 3 18 19 33 57 99 114 3762
2 3 18 19 33 63 77 114 26334
2 3 18 19 33 66 90 95 18810
2 3 18 19 33 66 99 114 3762
2 3 18 19 33 72 76 88 15048
2 3 18 19 33 72 88 114 15048
2 3 18 19 33 77 114 126 26334
2 3 18 19 33 90 95 99 18810
2 3 18 19 33 90 95 110 18810
2 3 18 19 33 90 110 114 18810
2 3 18 19 33 95 99 110 18810
2 3 18 19 34 36 38 68 11628
2 3 18 19 34 36 51 76 11628
2 3 18 19 34 36 57 68 11628
2 3 18 19 34 36 68 76 11628
2 3 18 19 34 36 68 114 11628
2 3 18 19 34 36 76 102 11628
2 3 18 19 34 38 45 85 29070
2 3 18 19 34 38 63 119 40698
2 3 18 19 34 38 85 90 29070
2 3 18 19 34 38 119 126 40698
2 3 18 19 34 45 51 95 29070
2 3 18 19 34 45 57 85 29070
2 3 18 19 34 45 85 95 29070
2 3 18 19 34 45 85 114 29070
2 3 18 19 34 45 95 102 29070
2 3 18 19 34 51 90 95 29070
2 3 18 19 34 57 63 119 40698
2 3 18 19 34 57 85 90 29070
2 3 18 19 34 57 119 126 40698
2 3 18 19 34 63 114 119 40698
2 3 18 19 34 85 90 95 29070
2 3 18 19 34 85 90 114 29070
2 3 18 19 34 90 95 102 29070
2 3 18 19 35 36 70 76 23940
2 3 18 19 35 36 76 105 23940
2 3 18 19 35 36 84 95 23940
2 3 18 19 35 38 42 45 11970
2 3 18 19 35 38 42 90 11970
2 3 18 19 35 38 45 63 11970
2 3 18 19 35 38 45 70 11970
2 3 18 19 35 38 45 105 11970
2 3 18 19 35 38 45 126 11970
2 3 18 19 35 38 63 70 11970
2 3 18 19 35 38 63 90 11970
2 3 18 19 35 38 63 95 11970
2 3 18 19 35 38 63 105 11970
2 3 18 19 35 38 70 90 11970
2 3 18 19 35 38 70 126 11970
2 3 18 19 35 38 90 105 11970
2 3 18 19 35 38 90 126 11970
2 3 18 19 35 38 95 126 11970
2 3 18 19 35 38 105 126 11970
2 3 18 19 35 42 45 57 11970
2 3 18 19 35 42 45 95 11970
2 3 18 19 35 42 45 114 11970
2 3 18 19 35 42 57 90 11970
2 3 18 19 35 42 63 95 11970
2 3 18 19 35 42 90 95 11970
2 3 18 19 35 42 90 114 11970
2 3 18 19 35 42 95 126 11970
2 3 18 19 35 45 57 63 11970
2 3 18 19 35 45 57 70 11970
2 3 18 19 35 45 57 105 11970
2 3 18 19 35 45 57 126 11970
2 3 18 19 35 45 63 95 11970
2 3 18 19 35 45 63 114 11970
2 3 18 19 35 45 70 95 11970
2 3 18 19 35 45 70 114 11970
2 3 18 19 35 45 76 84 23940
2 3 18 19 35 45 95 105 11970
2 3 18 19 35 45 95 126 11970
2 3 18 19 35 45 105 114 11970
2 3 18 19 35 45 114 126 11970
2 3 18 19 35 56 72 95 47880
2 3 18 19 35 57 63 70 11970
2 3 18 19 35 57 63 90 11970
2 3 18 19 35 57 63 95 11970
2 3 18 19 35 57 63 105 11970
2 3 18 19 35 57 70 90 11970
2 3 18 19 35 57 70 126 11970
2 3 18 19 35 57 90 105 11970
2 3 18 19 35 57 90 126 11970
2 3 18 19 35 57 95 126 11970
2 3 18 19 35 57 105 126 11970
2 3 18 19 35 60 63 76 23940
2 3 18 19 35 60 76 126 23940
2 3 18 19 35 63 70 95 11970
2 3 18 19 35 63 70 114 11970
2 3 18 19 35 63 90 95 11970
2 3 18 19 35 63 90 114 11970
2 3 18 19 35 63 95 105 11970
2 3 18 19 35 63 95 114 11970
2 3 18 19 35 63 95 126 11970
2 3 18 19 35 63 105 114 11970
2 3 18 19 35 70 90 95 11970
2 3 18 19 35 70 90 114 11970
2 3 18 19 35 70 95 126 11970
2 3 18 19 35 70 114 126 11970
2 3 18 19 35 76 84 90 23940
2 3 18 19 35 77 95 99 131670
2 3 18 19 35 90 95 105 11970
2 3 18 19 35 91 95 117 155610
2 3 18 19 36 37 74 76 25308
2 3 18 19 36 37 76 111 25308
2 3 18 19 36 38 39 52 8892
2 3 18 19 36 38 40 120 6840
2 3 18 19 36 38 42 84 4788
2 3 18 19 36 38 44 66 7524
2 3 18 19 36 38 44 99 7524
2 3 18 19 36 38 45 60 3420
2 3 18 19 36 38 46 92 15732
2 3 18 19 36 38 50 100 17100
2 3 18 19 36 38 51 68 11628
2 3 18 19 36 38 52 78 8892
2 3 18 19 36 38 52 117 8892
2 3 18 19 36 38 54 108 2052
2 3 18 19 36 38 57 76 684
2 3 18 19 36 38 58 116 19836
2 3 18 19 36 38 60 90 3420
2 3 18 19 36 38 60 95 3420
2 3 18 19 36 38 62 124 21204
2 3 18 19 36 38 63 84 4788
2 3 18 19 36 38 68 102 11628
2 3 18 19 36 38 69 92 15732
2 3 18 19 36 38 75 100 17100
2 3 18 19 36 38 76 114 684
2 3 18 19 36 38 84 126 4788
2 3 18 19 36 38 87 116 19836
2 3 18 19 36 38 93 124 21204
2 3 18 19 36 39 52 57 8892
2 3 18 19 36 39 52 76 8892
2 3 18 19 36 39 52 114 8892
2 3 18 19 36 39 76 78 8892
2 3 18 19 36 39 76 117 8892
2 3 18 19 36 40 57 120 6840
2 3 18 19 36 40 72 95 6840
2 3 18 19 36 40 76 120 6840
2 3 18 19 36 40 95 120 6840
2 3 18 19 36 40 114 120 6840
2 3 18 19 36 41 76 82 28044
2 3 18 19 36 41 76 123 28044
2 3 18 19 36 42 57 84 4788
2 3 18 19 36 42 63 76 4788
2 3 18 19 36 42 76 84 4788
2 3 18 19 36 42 76 126 4788
2 3 18 19 36 42 84 114 4788
2 3 18 19 36 43 76 86 29412
2 3 18 19 36 44 55 95 37620
2 3 18 19 36 44 57 66 7524
2 3 18 19 36 44 57 99 7524
2 3 18 19 36 44 66 76 7524
2 3 18 19 36 44 66 114 7524
2 3 18 19 36 44 76 99 7524
2 3 18 19 36 44 95 110 37620
2 3 18 19 36 44 99 114 7524
2 3 18 19 36 45 57 60 3420
2 3 18 19 36 45 60 76 3420
2 3 18 19 36 45 60 95 3420
2 3 18 19 36 45 60 114 3420
2 3 18 19 36 45 76 90 3420
2 3 18 19 36 45 76 95 3420
2 3 18 19 36 46 57 92 15732
2 3 18 19 36 46 69 76 15732
2 3 18 19 36 46 76 92 15732
2 3 18 19 36 46 92 114 15732
2 3 18 19 36 47 76 94 32148
2 3 18 19 36 48 80 95 13680
2 3 18 19 36 49 76 98 33516
2 3 18 19 36 50 57 100 17100
2 3 18 19 36 50 75 76 17100
2 3 18 19 36 50 76 100 17100
2 3 18 19 36 50 95 100 17100
2 3 18 19 36 50 100 114 17100
2 3 18 19 36 51 57 68 11628
2 3 18 19 36 51 68 76 11628
2 3 18 19 36 51 68 114 11628
2 3 18 19 36 51 76 102 11628
2 3 18 19 36 52 57 78 8892
2 3 18 19 36 52 57 117 8892
2 3 18 19 36 52 65 95 44460
2 3 18 19 36 52 76 78 8892
2 3 18 19 36 52 76 117 8892
2 3 18 19 36 52 78 114 8892
2 3 18 19 36 52 114 117 8892
2 3 18 19 36 53 76 106 36252
2 3 18 19 36 54 57 108 2052
2 3 18 19 36 54 76 108 2052
2 3 18 19 36 54 108 114 2052
2 3 18 19 36 55 76 110 37620
2 3 18 19 36 57 58 116 19836
2 3 18 19 36 57 60 90 3420
2 3 18 19 36 57 60 95 3420
2 3 18 19 36 57 62 124 21204
2 3 18 19 36 57 63 84 4788
2 3 18 19 36 57 68 102 11628
2 3 18 19 36 57 69 92 15732
2 3 18 19 36 57 75 100 17100
2 3 18 19 36 57 76 114 684
2 3 18 19 36 57 84 126 4788
2 3 18 19 36 57 87 116 19836
2 3 18 19 36 57 93 124 21204
2 3 18 19 36 58 76 87 19836
2 3 18 19 36 58 76 116 19836
2 3 18 19 36 58 114 116 19836
2 3 18 19 36 59 76 118 40356
2 3 18 19 36 60 76 90 3420
2 3 18 19 36 60 76 95 3420
2 3 18 19 36 60 90 95 3420
2 3 18 19 36 60 90 114 3420
2 3 18 19 36 60 95 114 3420
2 3 18 19 36 61 76 122 41724
2 3 18 19 36 62 76 93 21204
2 3 18 19 36 62 76 124 21204
2 3 18 19 36 62 114 124 21204
2 3 18 19 36 63 76 84 4788
2 3 18 19 36 63 76 126 4788
2 3 18 19 36 63 84 114 4788
2 3 18 19 36 66 76 99 7524
2 3 18 19 36 68 76 102 11628
2 3 18 19 36 68 85 95 58140
2 3 18 19 36 68 102 114 11628
2 3 18 19 36 69 76 92 15732
2 3 18 19 36 69 92 114 15732
2 3 18 19 36 70 76 105 23940
2 3 18 19 36 70 84 95 23940
2 3 18 19 36 72 95 120 6840
2 3 18 19 36 74 76 111 25308
2 3 18 19 36 75 76 100 17100
2 3 18 19 36 75 95 100 17100
2 3 18 19 36 75 100 114 17100
2 3 18 19 36 76 78 117 8892
2 3 18 19 36 76 82 123 28044
2 3 18 19 36 76 84 126 4788
2 3 18 19 36 76 87 116 19836
2 3 18 19 36 76 90 95 3420
2 3 18 19 36 76 93 124 21204
2 3 18 19 36 84 95 105 23940
2 3 18 19 37 45 74 95 63270
2 3 18 19 37 45 95 111 63270
2 3 18 19 37 74 90 95 63270
2 3 18 19 38 39 45 65 22230
2 3 18 19 38 39 57 117 4446
2 3 18 19 38 39 63 91 31122
2 3 18 19 38 39 65 90 22230
2 3 18 19 38 39 72 104 17784
2 3 18 19 38 39 78 117 4446
2 3 18 19 38 39 91 126 31122
2 3 18 19 38 39 114 117 4446
2 3 18 19 38 40 45 72 6840
2 3 18 19 38 40 45 120 6840
2 3 18 19 38 40 60 72 6840
2 3 18 19 38 40 72 90 6840
2 3 18 19 38 40 72 95 6840
2 3 18 19 38 40 72 120 6840
2 3 18 19 38 40 90 120 6840
2 3 18 19 38 42 45 70 11970
2 3 18 19 38 42 45 105 11970
2 3 18 19 38 42 56 72 9576
2 3 18 19 38 42 57 63 2394
2 3 18 19 38 42 57 126 2394
2 3 18 19 38 42 63 114 2394
2 3 18 19 38 42 63 126 2394
2 3 18 19 38 42 70 90 11970
2 3 18 19 38 42 77 99 26334
2 3 18 19 38 42 90 105 11970
2 3 18 19 38 42 91 117 31122
2 3 18 19 38 42 114 126 2394
2 3 18 19 38 44 72 88 15048
2 3 18 19 38 44 76 99 7524
2 3 18 19 38 45 46 115 39330
2 3 18 19 38 45 48 80 13680
2 3 18 19 38 45 50 75 8550
2 3 18 19 38 45 51 85 29070
2 3 18 19 38 45 55 66 18810
2 3 18 19 38 45 55 99 18810
2 3 18 19 38 45 55 110 18810
2 3 18 19 38 45 57 90 1710
2 3 18 19 38 45 57 95 1710
2 3 18 19 38 45 60 76 3420
2 3 18 19 38 45 63 70 11970
2 3 18 19 38 45 63 105 11970
2 3 18 19 38 45 65 78 22230
2 3 18 19 38 45 65 117 22230
2 3 18 19 38 45 66 110 18810
2 3 18 19 38 45 69 115 39330
2 3 18 19 38 45 70 105 11970
2 3 18 19 38 45 70 126 11970
2 3 18 19 38 45 72 120 6840
2 3 18 19 38 45 85 102 29070
2 3 18 19 38 45 90 95 1710
2 3 18 19 38 45 90 114 1710
2 3 18 19 38 45 95 114 1710
2 3 18 19 38 45 99 110 18810
2 3 18 19 38 45 105 126 11970
2 3 18 19 38 46 90 115 39330
2 3 18 19 38 48 63 112 19152
2 3 18 19 38 48 80 90 13680
2 3 18 19 38 48 112 126 19152
2 3 18 19 38 49 63 98 16758
2 3 18 19 38 49 98 126 16758
2 3 18 19 38 50 75 90 8550
2 3 18 19 38 51 63 119 40698
2 3 18 19 38 51 85 90 29070
2 3 18 19 38 51 119 126 40698
2 3 18 19 38 52 72 104 17784
2 3 18 19 38 52 76 117 8892
2 3 18 19 38 54 76 108 2052
2 3 18 19 38 55 66 90 18810
2 3 18 19 38 55 90 99 18810
2 3 18 19 38 55 90 110 18810
2 3 18 19 38 55 95 99 18810
2 3 18 19 38 55 99 110 18810
2 3 18 19 38 56 63 72 9576
2 3 18 19 38 56 72 84 9576
2 3 18 19 38 56 72 126 9576
2 3 18 19 38 57 63 126 2394
2 3 18 19 38 57 66 99 3762
2 3 18 19 38 57 78 117 4446
2 3 18 19 38 57 90 95 1710
2 3 18 19 38 60 72 120 6840
2 3 18 19 38 60 76 90 3420
2 3 18 19 38 63 66 77 26334
2 3 18 19 38 63 70 90 11970
2 3 18 19 38 63 70 95 11970
2 3 18 19 38 63 70 105 11970
2 3 18 19 38 63 76 84 4788
2 3 18 19 38 63 77 99 26334
2 3 18 19 38 63 78 91 31122
2 3 18 19 38 63 90 105 11970
2 3 18 19 38 63 91 117 31122
2 3 18 19 38 63 95 105 11970
2 3 18 19 38 63 102 119 40698
2 3 18 19 38 63 114 126 2394
2 3 18 19 38 65 78 90 22230
2 3 18 19 38 65 90 117 22230
2 3 18 19 38 65 95 117 22230
2 3 18 19 38 66 72 88 15048
2 3 18 19 38 66 77 126 26334
2 3 18 19 38 66 90 110 18810
2 3 18 19 38 66 99 114 3762
2 3 18 19 38 69 90 115 39330
2 3 18 19 38 70 90 105 11970
2 3 18 19 38 70 90 126 11970
2 3 18 19 38 70 95 126 11970
2 3 18 19 38 72 78 104 17784
2 3 18 19 38 72 88 99 15048
2 3 18 19 38 72 90 120 6840
2 3 18 19 38 72 95 120 6840
2 3 18 19 38 76 84 126 4788
2 3 18 19 38 85 90 102 29070
2 3 18 19 39 45 57 65 22230
2 3 18 19 39 45 65 95 22230
2 3 18 19 39 45 65 114 22230
2 3 18 19 39 45 78 95 22230
2 3 18 19 39 45 95 117 22230
2 3 18 19 39 52 76 117 8892
2 3 18 19 39 57 63 91 31122
2 3 18 19 39 57 65 90 22230
2 3 18 19 39 57 72 104 17784
2 3 18 19 39 57 78 117 4446
2 3 18 19 39 57 91 126 31122
2 3 18 19 39 57 114 117 4446
2 3 18 19 39 63 91 114 31122
2 3 18 19 39 65 90 95 22230
2 3 18 19 39 65 90 114 22230
2 3 18 19 39 65 95 117 22230
2 3 18 19 39 72 76 104 17784
2 3 18 19 39 78 90 95 22230
2 3 18 19 40 45 57 72 6840
2 3 18 19 40 45 57 120 6840
2 3 18 19 40 45 72 76 6840
2 3 18 19 40 45 72 95 6840
2 3 18 19 40 45 72 114 6840
2 3 18 19 40 45 76 120 6840
2 3 18 19 40 45 95 120 6840
2 3 18 19 40 45 114 120 6840
2 3 18 19 40 56 63 95 47880
2 3 18 19 40 56 95 126 47880
2 3 18 19 40 57 60 72 6840
2 3 18 19 40 57 72 90 6840
2 3 18 19 40 57 72 95 6840
2 3 18 19 40 57 72 120 6840
2 3 18 19 40 57 90 120 6840
2 3 18 19 40 60 72 76 6840
2 3 18 19 40 60 72 95 6840
2 3 18 19 40 60 72 114 6840
2 3 18 19 40 72 76 90 6840
2 3 18 19 40 72 76 95 6840
2 3 18 19 40 72 76 120 6840
2 3 18 19 40 72 90 95 6840
2 3 18 19 40 72 90 114 6840
2 3 18 19 41 45 82 95 70110
2 3 18 19 41 45 95 123 70110
2 3 18 19 42 45 57 70 11970
2 3 18 19 42 45 57 105 11970
2 3 18 19 42 45 63 95 11970
2 3 18 19 42 45 70 95 11970
2 3 18 19 42 45 70 114 11970
2 3 18 19 42 45 95 105 11970
2 3 18 19 42 45 95 126 11970
2 3 18 19 42 45 105 114 11970
2 3 18 19 42 56 57 72 9576
2 3 18 19 42 56 72 76 9576
2 3 18 19 42 56 72 114 9576
2 3 18 19 42 57 63 114 2394
2 3 18 19 42 57 63 126 2394
2 3 18 19 42 57 70 90 11970
2 3 18 19 42 57 77 99 26334
2 3 18 19 42 57 90 105 11970
2 3 18 19 42 57 91 117 31122
2 3 18 19 42 63 70 95 11970
2 3 18 19 42 63 76 84 4788
2 3 18 19 42 63 90 95 11970
2 3 18 19 42 63 95 105 11970
2 3 18 19 42 70 90 95 11970
2 3 18 19 43 45 86 95 73530
2 3 18 19 44 45 55 76 37620
2 3 18 19 44 45 76 110 37620
2 3 18 19 44 55 76 90 37620
2 3 18 19 44 57 72 88 15048
2 3 18 19 44 57 76 99 7524
2 3 18 19 44 60 95 99 37620
2 3 18 19 44 63 76 77 52668
2 3 18 19 44 66 76 99 7524
2 3 18 19 44 72 76 88 15048
2 3 18 19 45 46 57 115 39330
2 3 18 19 45 46 69 95 39330
2 3 18 19 45 46 95 115 39330
2 3 18 19 45 46 114 115 39330
2 3 18 19 45 47 94 95 80370
2 3 18 19 45 48 57 80 13680
2 3 18 19 45 48 76 80 13680
2 3 18 19 45 48 80 95 13680
2 3 18 19 45 48 80 114 13680
2 3 18 19 45 49 95 98 83790
2 3 18 19 45 50 57 75 8550
2 3 18 19 45 50 75 95 8550
2 3 18 19 45 50 75 114 8550
2 3 18 19 45 50 76 100 17100
2 3 18 19 45 51 57 85 29070
2 3 18 19 45 51 85 95 29070
2 3 18 19 45 51 85 114 29070
2 3 18 19 45 51 95 102 29070
2 3 18 19 45 52 65 76 44460
2 3 18 19 45 53 95 106 90630
2 3 18 19 45 55 57 66 18810
2 3 18 19 45 55 57 99 18810
2 3 18 19 45 55 57 110 18810
2 3 18 19 45 55 66 95 18810
2 3 18 19 45 55 66 114 18810
2 3 18 19 45 55 95 99 18810
2 3 18 19 45 55 95 110 18810
2 3 18 19 45 55 99 114 18810
2 3 18 19 45 57 60 76 3420
2 3 18 19 45 57 63 70 11970
2 3 18 19 45 57 63 105 11970
2 3 18 19 45 57 65 78 22230
2 3 18 19 45 57 65 117 22230
2 3 18 19 45 57 66 110 18810
2 3 18 19 45 57 69 115 39330
2 3 18 19 45 57 70 105 11970
2 3 18 19 45 57 70 126 11970
2 3 18 19 45 57 72 120 6840
2 3 18 19 45 57 85 102 29070
2 3 18 19 45 57 90 95 1710
2 3 18 19 45 57 90 114 1710
2 3 18 19 45 57 95 114 1710
2 3 18 19 45 57 99 110 18810
2 3 18 19 45 58 87 95 49590
2 3 18 19 45 60 76 90 3420
2 3 18 19 45 60 76 95 3420
2 3 18 19 45 60 76 114 3420
2 3 18 19 45 62 93 95 53010
2 3 18 19 45 63 70 95 11970
2 3 18 19 45 63 70 114 11970
2 3 18 19 45 65 78 95 22230
2 3 18 19 45 65 78 114 22230
2 3 18 19 45 68 76 85 58140
2 3 18 19 45 70 76 84 23940
2 3 18 19 45 75 76 100 17100
2 3 18 19 46 57 90 115 39330
2 3 18 19 48 57 63 112 19152
2 3 18 19 48 57 80 90 13680
2 3 18 19 48 63 76 112 19152
2 3 18 19 49 57 63 98 16758
2 3 18 19 50 57 75 90 8550
2 3 18 19 51 57 63 119 40698
2 3 18 19 51 57 85 90 29070
2 3 18 19 52 57 72 104 17784
2 3 18 19 52 63 76 91 62244
2 3 18 19 52 65 76 90 44460
2 3 18 19 55 57 66 90 18810
2 3 18 19 56 57 63 72 9576
2 3 18 19 56 57 72 84 9576
2 3 18 19 56 63 72 76 9576
2 3 18 19 57 63 66 77 26334
2 3 18 19 57 63 70 90 11970
2 3 18 19 60 63 70 76 23940
2 3 18 20 21 24 35 72 2520
2 3 18 20 21 24 40 63 2520
2 3 18 20 21 24 40 126 2520
2 3 18 20 21 24 45 56 2520
2 3 18 20 21 24 56 90 2520
2 3 18 20 21 24 63 120 2520
2 3 18 20 21 24 70 72 2520
2 3 18 20 21 24 72 105 2520
2 3 18 20 21 24 120 126 2520
2 3 18 20 21 25 63 100 6300
2 3 18 20 21 25 100 126 6300
2 3 18 20 21 27 35 108 3780
2 3 18 20 21 27 70 108 3780
2 3 18 20 21 27 105 108 3780
2 3 18 20 21 28 30 36 1260
2 3 18 20 21 28 30 45 1260
2 3 18 20 21 28 30 63 1260
2 3 18 20 21 28 30 90 1260
2 3 18 20 21 28 30 126 1260
2 3 18 20 21 28 35 36 1260
2 3 18 20 21 28 35 45 1260
2 3 18 20 21 28 35 63 1260
2 3 18 20 21 28 35 90 1260
2 3 18 20 21 28 35 126 1260
2 3 18 20 21 28 36 45 1260
2 3 18 20 21 28 36 60 1260
2 3 18 20 21 28 36 70 1260
2 3 18 20 21 28 36 90 1260
2 3 18 20 21 28 36 105 1260
2 3 18 20 21 28 40 72 2520
2 3 18 20 21 28 42 45 1260
2 3 18 20 21 28 42 90 1260
2 3 18 20 21 28 45 60 1260
2 3 18 20 21 28 45 63 1260
2 3 18 20 21 28 45 70 1260
2 3 18 20 21 28 45 84 1260
2 3 18 20 21 28 45 90 1260
2 3 18 20 21 28 45 105 1260
2 3 18 20 21 28 45 126 1260
2 3 18 20 21 28 55 99 13860
2 3 18 20 21 28 60 63 1260
2 3 18 20 21 28 60 90 1260
2 3 18 20 21 28 60 126 1260
2 3 18 20 21 28 63 70 1260
2 3 18 20 21 28 63 90 1260
2 3 18 20 21 28 63 105 1260
2 3 18 20 21 28 65 117 16380
2 3 18 20 21 28 70 90 1260
2 3 18 20 21 28 70 126 1260
2 3 18 20 21 28 72 120 2520
2 3 18 20 21 28 84 90 1260
2 3 18 20 21 28 90 105 1260
2 3 18 20 21 28 90 126 1260
2 3 18 20 21 28 99 110 13860
2 3 18 20 21 28 105 126 1260
2 3 18 20 21 30 35 36 1260
2 3 18 20 21 30 36 42 1260
2 3 18 20 21 30 36 63 1260
2 3 18 20 21 30 36 70 1260
2 3 18 20 21 30 36 84 1260
2 3 18 20 21 30 36 105 1260
2 3 18 20 21 30 36 126 1260
2 3 18 20 21 30 45 84 1260
2 3 18 20 21 30 56 72 2520
2 3 18 20 21 30 60 63 1260
2 3 18 20 21 30 60 126 1260
2 3 18 20 21 30 63 84 1260
2 3 18 20 21 30 84 90 1260
2 3 18 20 21 30 84 126 1260
2 3 18 20 21 35 36 42 1260
2 3 18 20 21 35 36 45 1260
2 3 18 20 21 35 36 60 1260
2 3 18 20 21 35 36 63 1260
2 3 18 20 21 35 36 70 1260
2 3 18 20 21 35 36 84 1260
2 3 18 20 21 35 36 90 1260
2 3 18 20 21 35 36 105 1260
2 3 18 20 21 35 36 126 1260
2 3 18 20 21 35 40 72 2520
2 3 18 20 21 35 44 99 13860
2 3 18 20 21 35 45 60 1260
2 3 18 20 21 35 45 84 1260
2 3 18 20 21 35 52 117 16380
2 3 18 20 21 35 54 108 3780
2 3 18 20 21 35 56 72 2520
2 3 18 20 21 35 60 63 1260
2 3 18 20 21 35 60 90 1260
2 3 18 20 21 35 60 126 1260
2 3 18 20 21 35 63 84 1260
2 3 18 20 21 35 72 120 2520
2 3 18 20 21 35 84 90 1260
2 3 18 20 21 35 84 126 1260
2 3 18 20 21 36 40 56 2520
2 3 18 20 21 36 42 45 1260
2 3 18 20 21 36 42 60 1260
2 3 18 20 21 36 42 70 1260
2 3 18 20 21 36 42 90 1260
2 3 18 20 21 36 42 105 1260
2 3 18 20 21 36 45 63 1260
2 3 18 20 21 36 45 70 1260
2 3 18 20 21 36 45 84 1260
2 3 18 20 21 36 45 105 1260
2 3 18 20 21 36 45 126 1260
2 3 18 20 21 36 55 77 13860
2 3 18 20 21 36 56 120 2520
2 3 18 20 21 36 60 63 1260
2 3 18 20 21 36 60 70 1260
2 3 18 20 21 36 60 84 1260
2 3 18 20 21 36 60 105 1260
2 3 18 20 21 36 60 126 1260
2 3 18 20 21 36 63 70 1260
2 3 18 20 21 36 63 90 1260
2 3 18 20 21 36 63 105 1260
2 3 18 20 21 36 65 91 16380
2 3 18 20 21 36 70 84 1260
2 3 18 20 21 36 70 90 1260
2 3 18 20 21 36 70 105 1260
2 3 18 20 21 36 70 126 1260
2 3 18 20 21 36 77 110 13860
2 3 18 20 21 36 80 112 5040
2 3 18 20 21 36 84 90 1260
2 3 18 20 21 36 84 105 1260
2 3 18 20 21 36 85 119 21420
2 3 18 20 21 36 90 105 1260
2 3 18 20 21 36 90 126 1260
2 3 18 20 21 36 105 126 1260
2 3 18 20 21 40 42 72 2520
2 3 18 20 21 40 45 56 2520
2 3 18 20 21 40 56 63 2520
2 3 18 20 21 40 56 72 2520
2 3 18 20 21 40 56 90 2520
2 3 18 20 21 40 56 126 2520
2 3 18 20 21 40 63 72 2520
2 3 18 20 21 40 63 120 2520
2 3 18 20 21 40 70 72 2520
2 3 18 20 21 40 72 84 2520
2 3 18 20 21 40 72 105 2520
2 3 18 20 21 40 72 126 2520
2 3 18 20 21 40 120 126 2520
2 3 18 20 21 42 45 60 1260
2 3 18 20 21 42 45 84 1260
2 3 18 20 21 42 60 63 1260
2 3 18 20 21 42 60 90 1260
2 3 18 20 21 42 60 126 1260
2 3 18 20 21 42 72 120 2520
2 3 18 20 21 42 84 90 1260
2 3 18 20 21 44 45 77 13860
2 3 18 20 21 44 55 63 13860
2 3 18 20 21 44 55 126 13860
2 3 18 20 21 44 63 110 13860
2 3 18 20 21 44 70 99 13860
2 3 18 20 21 44 77 90 13860
2 3 18 20 21 44 99 105 13860
2 3 18 20 21 44 110 126 13860
2 3 18 20 21 45 48 112 5040
2 3 18 20 21 45 52 91 16380
2 3 18 20 21 45 56 72 2520
2 3 18 20 21 45 56 120 2520
2 3 18 20 21 45 60 63 1260
2 3 18 20 21 45 60 70 1260
2 3 18 20 21 45 60 84 1260
2 3 18 20 21 45 60 105 1260
2 3 18 20 21 45 60 126 1260
2 3 18 20 21 45 63 84 1260
2 3 18 20 21 45 68 119 21420
2 3 18 20 21 45 70 84 1260
2 3 18 20 21 45 80 112 5040
2 3 18 20 21 45 84 90 1260
2 3 18 20 21 45 84 105 1260
2 3 18 20 21 45 84 126 1260
2 3 18 20 21 48 63 80 5040
2 3 18 20 21 48 80 126 5040
2 3 18 20 21 48 90 112 5040
2 3 18 20 21 50 63 100 6300
2 3 18 20 21 50 100 126 6300
2 3 18 20 21 52 63 65 16380
2 3 18 20 21 52 65 126 16380
2 3 18 20 21 52 70 117 16380
2 3 18 20 21 52 90 91 16380
2 3 18 20 21 52 105 117 16380
2 3 18 20 21 54 70 108 3780
2 3 18 20 21 54 105 108 3780
2 3 18 20 21 55 84 99 13860
2 3 18 20 21 56 60 72 2520
2 3 18 20 21 56 63 120 2520
2 3 18 20 21 56 70 72 2520
2 3 18 20 21 56 72 90 2520
2 3 18 20 21 56 72 105 2520
2 3 18 20 21 56 72 120 2520
2 3 18 20 21 56 90 120 2520
2 3 18 20 21 56 120 126 2520
2 3 18 20 21 60 63 70 1260
2 3 18 20 21 60 63 84 1260
2 3 18 20 21 60 63 90 1260
2 3 18 20 21 60 63 105 1260
2 3 18 20 21 60 63 126 1260
2 3 18 20 21 60 70 90 1260
2 3 18 20 21 60 70 126 1260
2 3 18 20 21 60 77 99 13860
2 3 18 20 21 60 84 90 1260
2 3 18 20 21 60 84 126 1260
2 3 18 20 21 60 90 105 1260
2 3 18 20 21 60 90 126 1260
2 3 18 20 21 60 91 117 16380
2 3 18 20 21 60 105 126 1260
2 3 18 20 21 63 68 85 21420
2 3 18 20 21 63 70 84 1260
2 3 18 20 21 63 72 120 2520
2 3 18 20 21 63 75 100 6300
2 3 18 20 21 63 76 95 23940
2 3 18 20 21 63 80 112 5040
2 3 18 20 21 63 84 90 1260
2 3 18 20 21 63 84 105 1260
2 3 18 20 21 63 92 115 28980
2 3 18 20 21 65 84 117 16380
2 3 18 20 21 68 85 126 21420
2 3 18 20 21 68 90 119 21420
2 3 18 20 21 70 72 120 2520
2 3 18 20 21 70 84 90 1260
2 3 18 20 21 70 84 126 1260
2 3 18 20 21 72 80 112 5040
2 3 18 20 21 72 84 120 2520
2 3 18 20 21 72 105 120 2520
2 3 18 20 21 72 120 126 2520
2 3 18 20 21 75 100 126 6300
2 3 18 20 21 76 95 126 23940
2 3 18 20 21 80 90 112 5040
2 3 18 20 21 80 112 126 5040
2 3 18 20 21 84 90 105 1260
2 3 18 20 21 84 90 126 1260
2 3 18 20 21 84 99 110 13860
2 3 18 20 21 84 105 126 1260
2 3 18 20 21 92 115 126 28980
2 3 18 20 22 24 40 99 3960
2 3 18 20 22 24 45 88 3960
2 3 18 20 22 24 55 72 3960
2 3 18 20 22 24 72 110 3960
2 3 18 20 22 24 88 90 3960
2 3 18 20 22 24 99 120 3960
2 3 18 20 22 25 99 100 9900
2 3 18 20 22 27 55 108 5940
2 3 18 20 22 27 108 110 5940
2 3 18 20 22 28 35 99 13860
2 3 18 20 22 28 45 77 13860
2 3 18 20 22 28 55 63 13860
2 3 18 20 22 28 55 126 13860
2 3 18 20 22 28 63 110 13860
2 3 18 20 22 28 70 99 13860
2 3 18 20 22 28 77 90 13860
2 3 18 20 22 28 99 105 13860
2 3 18 20 22 28 110 126 13860
2 3 18 20 22 30 33 36 1980
2 3 18 20 22 30 36 44 1980
2 3 18 20 22 30 36 55 1980
2 3 18 20 22 30 36 66 1980
2 3 18 20 22 30 36 99 1980
2 3 18 20 22 30 36 110 1980
2 3 18 20 22 30 44 45 1980
2 3 18 20 22 30 44 90 1980
2 3 18 20 22 30 44 99 1980
2 3 18 20 22 30 60 99 1980
2 3 18 20 22 30 72 88 3960
2 3 18 20 22 33 36 45 1980
2 3 18 20 22 33 36 55 1980
2 3 18 20 22 33 36 60 1980
2 3 18 20 22 33 36 90 1980
2 3 18 20 22 33 36 110 1980
2 3 18 20 22 33 40 72 3960
2 3 18 20 22 33 44 45 1980
2 3 18 20 22 33 44 90 1980
2 3 18 20 22 33 45 60 1980
2 3 18 20 22 33 60 90 1980
2 3 18 20 22 33 60 99 1980
2 3 18 20 22 33 72 120 3960
2 3 18 20 22 35 36 77 13860
2 3 18 20 22 35 44 63 13860
2 3 18 20 22 35 44 126 13860
2 3 18 20 22 35 84 99 13860
2 3 18 20 22 36 40 88 3960
2 3 18 20 22 36 44 45 1980
2 3 18 20 22 36 44 55 1980
2 3 18 20 22 36 44 60 1980
2 3 18 20 22 36 44 90 1980
2 3 18 20 22 36 44 110 1980
2 3 18 20 22 36 45 55 1980
2 3 18 20 22 36 45 66 1980
2 3 18 20 22 36 45 99 1980
2 3 18 20 22 36 45 110 1980
2 3 18 20 22 36 55 60 1980
2 3 18 20 22 36 55 66 1980
2 3 18 20 22 36 55 90 1980
2 3 18 20 22 36 55 99 1980
2 3 18 20 22 36 55 110 1980
2 3 18 20 22 36 60 66 1980
2 3 18 20 22 36 60 99 1980
2 3 18 20 22 36 60 110 1980
2 3 18 20 22 36 66 90 1980
2 3 18 20 22 36 66 110 1980
2 3 18 20 22 36 70 77 13860
2 3 18 20 22 36 77 105 13860
2 3 18 20 22 36 88 120 3960
2 3 18 20 22 36 90 99 1980
2 3 18 20 22 36 90 110 1980
2 3 18 20 22 36 99 110 1980
2 3 18 20 22 40 44 72 3960
2 3 18 20 22 40 45 88 3960
2 3 18 20 22 40 55 72 3960
2 3 18 20 22 40 66 72 3960
2 3 18 20 22 40 72 88 3960
2 3 18 20 22 40 72 99 3960
2 3 18 20 22 40 72 110 3960
2 3 18 20 22 40 88 90 3960
2 3 18 20 22 40 88 99 3960
2 3 18 20 22 40 99 120 3960
2 3 18 20 22 44 45 55 1980
2 3 18 20 22 44 45 60 1980
2 3 18 20 22 44 45 66 1980
2 3 18 20 22 44 45 90 1980
2 3 18 20 22 44 45 99 1980
2 3 18 20 22 44 45 110 1980
2 3 18 20 22 44 55 90 1980
2 3 18 20 22 44 55 99 1980
2 3 18 20 22 44 60 90 1980
2 3 18 20 22 44 60 99 1980
2 3 18 20 22 44 63 70 13860
2 3 18 20 22 44 63 105 13860
2 3 18 20 22 44 65 117 25740
2 3 18 20 22 44 66 90 1980
2 3 18 20 22 44 70 126 13860
2 3 18 20 22 44 72 120 3960
2 3 18 20 22 44 90 99 1980
2 3 18 20 22 44 90 110 1980
2 3 18 20 22 44 99 110 1980
2 3 18 20 22 44 105 126 13860
2 3 18 20 22 45 55 60 1980
2 3 18 20 22 45 60 66 1980
2 3 18 20 22 45 60 99 1980
2 3 18 20 22 45 60 110 1980
2 3 18 20 22 45 72 88 3960
2 3 18 20 22 45 77 84 13860
2 3 18 20 22 45 88 120 3960
2 3 18 20 22 48 80 99 7920
2 3 18 20 22 50 99 100 9900
2 3 18 20 22 52 55 117 25740
2 3 18 20 22 52 65 99 25740
2 3 18 20 22 52 110 117 25740
2 3 18 20 22 54 55 108 5940
2 3 18 20 22 54 108 110 5940
2 3 18 20 22 55 60 90 1980
2 3 18 20 22 55 60 99 1980
2 3 18 20 22 55 63 84 13860
2 3 18 20 22 55 72 88 3960
2 3 18 20 22 55 72 120 3960
2 3 18 20 22 55 84 126 13860
2 3 18 20 22 60 63 77 13860
2 3 18 20 22 60 66 90 1980
2 3 18 20 22 60 66 99 1980
2 3 18 20 22 60 72 88 3960
2 3 18 20 22 60 77 126 13860
2 3 18 20 22 60 90 99 1980
2 3 18 20 22 60 90 110 1980
2 3 18 20 22 60 99 110 1980
2 3 18 20 22 63 84 110 13860
2 3 18 20 22 66 72 120 3960
2 3 18 20 22 68 85 99 33660
2 3 18 20 22 70 84 99 13860
2 3 18 20 22 72 88 90 3960
2 3 18 20 22 72 88 110 3960
2 3 18 20 22 72 88 120 3960
2 3 18 20 22 72 99 120 3960
2 3 18 20 22 72 110 120 3960
2 3 18 20 22 75 99 100 9900
2 3 18 20 22 76 95 99 37620
2 3 18 20 22 77 84 90 13860
2 3 18 20 22 84 99 105 13860
2 3 18 20 22 84 110 126 13860
2 3 18 20 22 88 90 120 3960
2 3 18 20 22 88 99 120 3960
2 3 18 20 22 92 99 115 45540
2 3 18 20 23 24 72 115 8280
2 3 18 20 23 27 108 115 12420
2 3 18 20 23 28 63 115 28980
2 3 18 20 23 28 115 126 28980
2 3 18 20 23 30 36 46 4140
2 3 18 20 23 30 36 69 4140
2 3 18 20 23 30 36 92 4140
2 3 18 20 23 30 36 115 4140
2 3 18 20 23 30 45 92 4140
2 3 18 20 23 30 90 92 4140
2 3 18 20 23 35 63 92 28980
2 3 18 20 23 35 92 126 28980
2 3 18 20 23 36 45 46 4140
2 3 18 20 23 36 45 69 4140
2 3 18 20 23 36 45 92 4140
2 3 18 20 23 36 45 115 4140
2 3 18 20 23 36 46 60 4140
2 3 18 20 23 36 46 90 4140
2 3 18 20 23 36 46 115 4140
2 3 18 20 23 36 60 69 4140
2 3 18 20 23 36 60 92 4140
2 3 18 20 23 36 60 115 4140
2 3 18 20 23 36 69 90 4140
2 3 18 20 23 36 69 115 4140
2 3 18 20 23 36 90 92 4140
2 3 18 20 23 36 90 115 4140
2 3 18 20 23 36 92 115 4140
2 3 18 20 23 40 46 72 8280
2 3 18 20 23 40 69 72 8280
2 3 18 20 23 40 72 92 8280
2 3 18 20 23 40 72 115 8280
2 3 18 20 23 44 99 115 45540
2 3 18 20 23 45 46 60 4140
2 3 18 20 23 45 46 92 4140
2 3 18 20 23 45 60 69 4140
2 3 18 20 23 45 60 92 4140
2 3 18 20 23 45 60 115 4140
2 3 18 20 23 45 69 92 4140
2 3 18 20 23 45 90 92 4140
2 3 18 20 23 45 92 115 4140
2 3 18 20 23 46 60 90 4140
2 3 18 20 23 46 72 120 8280
2 3 18 20 23 46 90 92 4140
2 3 18 20 23 52 115 117 53820
2 3 18 20 23 54 108 115 12420
2 3 18 20 23 55 92 99 45540
2 3 18 20 23 60 69 90 4140
2 3 18 20 23 60 90 92 4140
2 3 18 20 23 60 90 115 4140
2 3 18 20 23 63 70 92 28980
2 3 18 20 23 63 84 115 28980
2 3 18 20 23 63 92 105 28980
2 3 18 20 23 65 92 117 53820
2 3 18 20 23 69 72 120 8280
2 3 18 20 23 69 90 92 4140
2 3 18 20 23 70 92 126 28980
2 3 18 20 23 72 92 120 8280
2 3 18 20 23 72 115 120 8280
2 3 18 20 23 84 115 126 28980
2 3 18 20 23 90 92 115 4140
2 3 18 20 23 92 99 110 45540
2 3 18 20 23 92 105 126 28980
2 3 18 20 24 25 50 72 1800
2 3 18 20 24 25 72 75 1800
2 3 18 20 24 25 72 100 1800
2 3 18 20 24 26 40 117 4680
2 3 18 20 24 26 45 104 4680
2 3 18 20 24 26 65 72 4680
2 3 18 20 24 26 90 104 4680
2 3 18 20 24 26 117 120 4680
2 3 18 20 24 27 40 54 1080
2 3 18 20 24 27 40 108 1080
2 3 18 20 24 27 54 120 1080
2 3 18 20 24 27 108 120 1080
2 3 18 20 24 28 35 72 2520
2 3 18 20 24 28 40 63 2520
2 3 18 20 24 28 40 126 2520
2 3 18 20 24 28 45 56 2520
2 3 18 20 24 28 56 90 2520
2 3 18 20 24 28 63 120 2520
2 3 18 20 24 28 70 72 2520
2 3 18 20 24 28 72 105 2520
2 3 18 20 24 28 120 126 2520
2 3 18 20 24 30 36 40 360
2 3 18 20 24 30 36 72 360
2 3 18 20 24 30 36 120 360
2 3 18 20 24 30 40 45 360
2 3 18 20 24 30 40 72 360
2 3 18 20 24 30 40 90 360
2 3 18 20 24 30 45 72 360
2 3 18 20 24 30 45 120 360
2 3 18 20 24 30 56 63 2520
2 3 18 20 24 30 56 126 2520
2 3 18 20 24 30 60 72 360
2 3 18 20 24 30 72 90 360
2 3 18 20 24 30 72 120 360
2 3 18 20 24 30 88 99 3960
2 3 18 20 24 30 90 120 360
2 3 18 20 24 30 104 117 4680
2 3 18 20 24 32 45 96 1440
2 3 18 20 24 32 90 96 1440
2 3 18 20 24 33 40 99 3960
2 3 18 20 24 33 45 88 3960
2 3 18 20 24 33 55 72 3960
2 3 18 20 24 33 72 110 3960
2 3 18 20 24 33 88 90 3960
2 3 18 20 24 33 99 120 3960
2 3 18 20 24 34 72 85 6120
2 3 18 20 24 35 36 56 2520
2 3 18 20 24 35 40 63 2520
2 3 18 20 24 35 40 126 2520
2 3 18 20 24 35 42 72 2520
2 3 18 20 24 35 45 56 2520
2 3 18 20 24 35 56 63 2520
2 3 18 20 24 35 56 72 2520
2 3 18 20 24 35 56 90 2520
2 3 18 20 24 35 56 126 2520
2 3 18 20 24 35 63 72 2520
2 3 18 20 24 35 63 120 2520
2 3 18 20 24 35 70 72 2520
2 3 18 20 24 35 72 84 2520
2 3 18 20 24 35 72 105 2520
2 3 18 20 24 35 72 126 2520
2 3 18 20 24 35 120 126 2520
2 3 18 20 24 36 40 45 360
2 3 18 20 24 36 40 60 360
2 3 18 20 24 36 40 72 360
2 3 18 20 24 36 40 90 360
2 3 18 20 24 36 40 120 360
2 3 18 20 24 36 45 72 360
2 3 18 20 24 36 45 120 360
2 3 18 20 24 36 48 80 720
2 3 18 20 24 36 55 88 3960
2 3 18 20 24 36 56 70 2520
2 3 18 20 24 36 56 105 2520
2 3 18 20 24 36 60 72 360
2 3 18 20 24 36 60 120 360
2 3 18 20 24 36 65 104 4680
2 3 18 20 24 36 72 90 360
2 3 18 20 24 36 72 120 360
2 3 18 20 24 36 88 110 3960
2 3 18 20 24 36 90 120 360
2 3 18 20 24 38 72 95 6840
2 3 18 20 24 39 40 117 4680
2 3 18 20 24 39 45 104 4680
2 3 18 20 24 39 65 72 4680
2 3 18 20 24 39 90 104 4680
2 3 18 20 24 39 117 120 4680
2 3 18 20 24 40 42 63 2520
2 3 18 20 24 40 42 126 2520
2 3 18 20 24 40 44 99 3960
2 3 18 20 24 40 45 60 360
2 3 18 20 24 40 45 72 360
2 3 18 20 24 40 45 90 360
2 3 18 20 24 40 45 120 360
2 3 18 20 24 40 52 117 4680
2 3 18 20 24 40 54 108 1080
2 3 18 20 24 40 55 99 3960
2 3 18 20 24 40 56 63 2520
2 3 18 20 24 40 56 126 2520
2 3 18 20 24 40 60 72 360
2 3 18 20 24 40 60 90 360
2 3 18 20 24 40 63 70 2520
2 3 18 20 24 40 63 84 2520
2 3 18 20 24 40 63 105 2520
2 3 18 20 24 40 63 126 2520
2 3 18 20 24 40 65 117 4680
2 3 18 20 24 40 66 99 3960
2 3 18 20 24 40 70 126 2520
2 3 18 20 24 40 72 90 360
2 3 18 20 24 40 72 120 360
2 3 18 20 24 40 78 117 4680
2 3 18 20 24 40 84 126 2520
2 3 18 20 24 40 88 99 3960
2 3 18 20 24 40 90 120 360
2 3 18 20 24 40 99 110 3960
2 3 18 20 24 40 104 117 4680
2 3 18 20 24 40 105 126 2520
2 3 18 20 24 42 45 56 2520
2 3 18 20 24 42 56 90 2520
2 3 18 20 24 42 63 120 2520
2 3 18 20 24 42 70 72 2520
2 3 18 20 24 42 72 105 2520
2 3 18 20 24 42 120 126 2520
2 3 18 20 24 44 45 88 3960
2 3 18 20 24 44 55 72 3960
2 3 18 20 24 44 72 110 3960
2 3 18 20 24 44 88 90 3960
2 3 18 20 24 44 99 120 3960
2 3 18 20 24 45 48 80 720
2 3 18 20 24 45 52 104 4680
2 3 18 20 24 45 55 88 3960
2 3 18 20 24 45 56 63 2520
2 3 18 20 24 45 56 70 2520
2 3 18 20 24 45 56 84 2520
2 3 18 20 24 45 56 105 2520
2 3 18 20 24 45 56 126 2520
2 3 18 20 24 45 60 72 360
2 3 18 20 24 45 60 120 360
2 3 18 20 24 45 65 104 4680
2 3 18 20 24 45 66 88 3960
2 3 18 20 24 45 72 90 360
2 3 18 20 24 45 72 120 360
2 3 18 20 24 45 78 104 4680
2 3 18 20 24 45 88 99 3960
2 3 18 20 24 45 88 110 3960
2 3 18 20 24 45 90 120 360
2 3 18 20 24 45 104 117 4680
2 3 18 20 24 46 72 115 8280
2 3 18 20 24 48 72 80 720
2 3 18 20 24 48 80 90 720
2 3 18 20 24 50 72 75 1800
2 3 18 20 24 50 72 100 1800
2 3 18 20 24 51 72 85 6120
2 3 18 20 24 52 65 72 4680
2 3 18 20 24 52 90 104 4680
2 3 18 20 24 52 117 120 4680
2 3 18 20 24 54 108 120 1080
2 3 18 20 24 55 66 72 3960
2 3 18 20 24 55 72 88 3960
2 3 18 20 24 55 72 99 3960
2 3 18 20 24 55 72 110 3960
2 3 18 20 24 55 88 90 3960
2 3 18 20 24 55 88 99 3960
2 3 18 20 24 55 99 120 3960
2 3 18 20 24 56 60 63 2520
2 3 18 20 24 56 60 126 2520
2 3 18 20 24 56 63 70 2520
2 3 18 20 24 56 63 90 2520
2 3 18 20 24 56 63 105 2520
2 3 18 20 24 56 63 120 2520
2 3 18 20 24 56 70 72 2520
2 3 18 20 24 56 70 90 2520
2 3 18 20 24 56 70 126 2520
2 3 18 20 24 56 72 105 2520
2 3 18 20 24 56 84 90 2520
2 3 18 20 24 56 90 105 2520
2 3 18 20 24 56 90 126 2520
2 3 18 20 24 56 105 126 2520
2 3 18 20 24 56 120 126 2520
2 3 18 20 24 57 72 95 6840
2 3 18 20 24 60 72 90 360
2 3 18 20 24 60 72 120 360
2 3 18 20 24 60 88 99 3960
2 3 18 20 24 60 90 120 360
2 3 18 20 24 60 104 117 4680
2 3 18 20 24 63 70 72 2520
2 3 18 20 24 63 70 120 2520
2 3 18 20 24 63 72 105 2520
2 3 18 20 24 63 80 112 5040
2 3 18 20 24 63 84 120 2520
2 3 18 20 24 63 105 120 2520
2 3 18 20 24 63 120 126 2520
2 3 18 20 24 65 72 78 4680
2 3 18 20 24 65 72 104 4680
2 3 18 20 24 65 72 117 4680
2 3 18 20 24 65 90 104 4680
2 3 18 20 24 65 104 117 4680
2 3 18 20 24 65 117 120 4680
2 3 18 20 24 66 72 110 3960
2 3 18 20 24 66 88 90 3960
2 3 18 20 24 66 99 120 3960
2 3 18 20 24 68 72 85 6120
2 3 18 20 24 69 72 115 8280
2 3 18 20 24 70 72 84 2520
2 3 18 20 24 70 72 105 2520
2 3 18 20 24 70 72 126 2520
2 3 18 20 24 70 120 126 2520
2 3 18 20 24 72 75 100 1800
2 3 18 20 24 72 76 95 6840
2 3 18 20 24 72 84 105 2520
2 3 18 20 24 72 85 102 6120
2 3 18 20 24 72 88 110 3960
2 3 18 20 24 72 90 120 360
2 3 18 20 24 72 92 115 8280
2 3 18 20 24 72 95 114 6840
2 3 18 20 24 72 99 110 3960
2 3 18 20 24 72 105 126 2520
2 3 18 20 24 78 90 104 4680
2 3 18 20 24 78 117 120 4680
2 3 18 20 24 80 112 126 5040
2 3 18 20 24 84 120 126 2520
2 3 18 20 24 88 90 99 3960
2 3 18 20 24 88 90 110 3960
2 3 18 20 24 88 99 110 3960
2 3 18 20 24 88 99 120 3960
2 3 18 20 24 90 104 117 4680
2 3 18 20 24 99 110 120 3960
2 3 18 20 24 104 117 120 4680
2 3 18 20 24 105 120 126 2520
2 3 18 20 25 26 100 117 11700
2 3 18 20 25 27 50 108 2700
2 3 18 20 25 27 54 100 2700
2 3 18 20 25 27 75 108 2700
2 3 18 20 25 27 100 108 2700
2 3 18 20 25 28 50 63 6300
2 3 18 20 25 28 50 126 6300
2 3 18 20 25 28 63 75 6300
2 3 18 20 25 28 63 100 6300
2 3 18 20 25 28 75 126 6300
2 3 18 20 25 28 100 126 6300
2 3 18 20 25 30 36 50 900
2 3 18 20 25 30 36 75 900
2 3 18 20 25 30 36 100 900
2 3 18 20 25 30 45 100 900
2 3 18 20 25 30 90 100 900
2 3 18 20 25 33 99 100 9900
2 3 18 20 25 35 63 100 6300
2 3 18 20 25 35 100 126 6300
2 3 18 20 25 36 45 50 900
2 3 18 20 25 36 45 75 900
2 3 18 20 25 36 45 100 900
2 3 18 20 25 36 50 60 900
2 3 18 20 25 36 50 75 900
2 3 18 20 25 36 50 90 900
2 3 18 20 25 36 50 100 900
2 3 18 20 25 36 60 75 900
2 3 18 20 25 36 60 100 900
2 3 18 20 25 36 75 90 900
2 3 18 20 25 36 75 100 900
2 3 18 20 25 36 90 100 900
2 3 18 20 25 39 100 117 11700
2 3 18 20 25 40 50 72 1800
2 3 18 20 25 40 72 75 1800
2 3 18 20 25 40 72 100 1800
2 3 18 20 25 42 63 100 6300
2 3 18 20 25 42 100 126 6300
2 3 18 20 25 44 50 99 9900
2 3 18 20 25 44 75 99 9900
2 3 18 20 25 44 99 100 9900
2 3 18 20 25 45 50 60 900
2 3 18 20 25 45 50 100 900
2 3 18 20 25 45 60 75 900
2 3 18 20 25 45 60 100 900
2 3 18 20 25 45 75 100 900
2 3 18 20 25 45 90 100 900
2 3 18 20 25 50 52 117 11700
2 3 18 20 25 50 54 108 2700
2 3 18 20 25 50 60 90 900
2 3 18 20 25 50 63 84 6300
2 3 18 20 25 50 72 120 1800
2 3 18 20 25 50 84 126 6300
2 3 18 20 25 50 90 100 900
2 3 18 20 25 52 75 117 11700
2 3 18 20 25 52 100 117 11700
2 3 18 20 25 54 75 108 2700
2 3 18 20 25 54 100 108 2700
2 3 18 20 25 55 99 100 9900
2 3 18 20 25 60 75 90 900
2 3 18 20 25 60 90 100 900
2 3 18 20 25 63 70 100 6300
2 3 18 20 25 63 75 84 6300
2 3 18 20 25 63 84 100 6300
2 3 18 20 25 63 100 105 6300
2 3 18 20 25 63 100 126 6300
2 3 18 20 25 65 100 117 11700
2 3 18 20 25 66 99 100 9900
2 3 18 20 25 70 100 126 6300
2 3 18 20 25 72 75 120 1800
2 3 18 20 25 72 100 120 1800
2 3 18 20 25 75 84 126 6300
2 3 18 20 25 75 90 100 900
2 3 18 20 25 78 100 117 11700
2 3 18 20 25 84 100 126 6300
2 3 18 20 25 99 100 110 9900
2 3 18 20 25 100 105 126 6300
2 3 18 20 26 27 65 108 7020
2 3 18 20 26 28 35 117 16380
2 3 18 20 26 28 45 91 16380
2 3 18 20 26 28 63 65 16380
2 3 18 20 26 28 65 126 16380
2 3 18 20 26 28 70 117 16380
2 3 18 20 26 28 90 91 16380
2 3 18 20 26 28 105 117 16380
2 3 18 20 26 30 36 39 2340
2 3 18 20 26 30 36 52 2340
2 3 18 20 26 30 36 65 2340
2 3 18 20 26 30 36 78 2340
2 3 18 20 26 30 36 117 2340
2 3 18 20 26 30 45 52 2340
2 3 18 20 26 30 52 90 2340
2 3 18 20 26 30 52 117 2340
2 3 18 20 26 30 60 117 2340
2 3 18 20 26 30 72 104 4680
2 3 18 20 26 35 36 91 16380
2 3 18 20 26 35 52 63 16380
2 3 18 20 26 35 52 126 16380
2 3 18 20 26 35 84 117 16380
2 3 18 20 26 36 39 45 2340
2 3 18 20 26 36 39 60 2340
2 3 18 20 26 36 39 65 2340
2 3 18 20 26 36 39 90 2340
2 3 18 20 26 36 40 104 4680
2 3 18 20 26 36 45 52 2340
2 3 18 20 26 36 45 65 2340
2 3 18 20 26 36 45 78 2340
2 3 18 20 26 36 45 117 2340
2 3 18 20 26 36 52 60 2340
2 3 18 20 26 36 52 65 2340
2 3 18 20 26 36 52 90 2340
2 3 18 20 26 36 60 65 2340
2 3 18 20 26 36 60 78 2340
2 3 18 20 26 36 60 117 2340
2 3 18 20 26 36 65 78 2340
2 3 18 20 26 36 65 90 2340
2 3 18 20 26 36 65 117 2340
2 3 18 20 26 36 70 91 16380
2 3 18 20 26 36 78 90 2340
2 3 18 20 26 36 90 117 2340
2 3 18 20 26 36 91 105 16380
2 3 18 20 26 36 104 120 4680
2 3 18 20 26 39 40 72 4680
2 3 18 20 26 39 45 52 2340
2 3 18 20 26 39 45 60 2340
2 3 18 20 26 39 52 90 2340
2 3 18 20 26 39 60 90 2340
2 3 18 20 26 39 60 117 2340
2 3 18 20 26 39 72 120 4680
2 3 18 20 26 40 45 104 4680
2 3 18 20 26 40 52 72 4680
2 3 18 20 26 40 65 72 4680
2 3 18 20 26 40 72 78 4680
2 3 18 20 26 40 72 104 4680
2 3 18 20 26 40 72 117 4680
2 3 18 20 26 40 90 104 4680
2 3 18 20 26 40 104 117 4680
2 3 18 20 26 40 117 120 4680
2 3 18 20 26 44 55 117 25740
2 3 18 20 26 44 65 99 25740
2 3 18 20 26 44 110 117 25740
2 3 18 20 26 45 52 60 2340
2 3 18 20 26 45 52 65 2340
2 3 18 20 26 45 52 78 2340
2 3 18 20 26 45 52 90 2340
2 3 18 20 26 45 52 117 2340
2 3 18 20 26 45 60 65 2340
2 3 18 20 26 45 60 78 2340
2 3 18 20 26 45 60 117 2340
2 3 18 20 26 45 72 104 4680
2 3 18 20 26 45 84 91 16380
2 3 18 20 26 45 104 120 4680
2 3 18 20 26 48 80 117 9360
2 3 18 20 26 50 100 117 11700
2 3 18 20 26 52 55 99 25740
2 3 18 20 26 52 60 90 2340
2 3 18 20 26 52 60 117 2340
2 3 18 20 26 52 63 70 16380
2 3 18 20 26 52 63 105 16380
2 3 18 20 26 52 65 90 2340
2 3 18 20 26 52 65 117 2340
2 3 18 20 26 52 70 126 16380
2 3 18 20 26 52 72 120 4680
2 3 18 20 26 52 78 90 2340
2 3 18 20 26 52 90 117 2340
2 3 18 20 26 52 99 110 25740
2 3 18 20 26 52 105 126 16380
2 3 18 20 26 54 65 108 7020
2 3 18 20 26 60 63 91 16380
2 3 18 20 26 60 65 90 2340
2 3 18 20 26 60 65 117 2340
2 3 18 20 26 60 72 104 4680
2 3 18 20 26 60 78 90 2340
2 3 18 20 26 60 78 117 2340
2 3 18 20 26 60 90 117 2340
2 3 18 20 26 60 91 126 16380
2 3 18 20 26 63 65 84 16380
2 3 18 20 26 65 72 104 4680
2 3 18 20 26 65 72 120 4680
2 3 18 20 26 65 84 126 16380
2 3 18 20 26 68 85 117 39780
2 3 18 20 26 70 84 117 16380
2 3 18 20 26 72 78 120 4680
2 3 18 20 26 72 90 104 4680
2 3 18 20 26 72 104 120 4680
2 3 18 20 26 72 117 120 4680
2 3 18 20 26 75 100 117 11700
2 3 18 20 26 76 95 117 44460
2 3 18 20 26 84 90 91 16380
2 3 18 20 26 84 105 117 16380
2 3 18 20 26 90 104 120 4680
2 3 18 20 26 92 115 117 53820
2 3 18 20 26 104 117 120 4680
2 3 18 20 27 28 35 54 3780
2 3 18 20 27 28 35 108 3780
2 3 18 20 27 28 54 70 3780
2 3 18 20 27 28 54 105 3780
2 3 18 20 27 28 70 108 3780
2 3 18 20 27 28 105 108 3780
2 3 18 20 27 30 36 54 540
2 3 18 20 27 30 36 108 540
2 3 18 20 27 30 45 108 540
2 3 18 20 27 30 54 60 540
2 3 18 20 27 30 54 108 540
2 3 18 20 27 30 60 108 540
2 3 18 20 27 30 90 108 540
2 3 18 20 27 33 55 108 5940
2 3 18 20 27 33 108 110 5940
2 3 18 20 27 34 85 108 9180
2 3 18 20 27 35 42 108 3780
2 3 18 20 27 35 54 84 3780
2 3 18 20 27 35 63 108 3780
2 3 18 20 27 35 70 108 3780
2 3 18 20 27 35 84 108 3780
2 3 18 20 27 35 105 108 3780
2 3 18 20 27 35 108 126 3780
2 3 18 20 27 36 45 54 540
2 3 18 20 27 36 45 108 540
2 3 18 20 27 36 54 60 540
2 3 18 20 27 36 54 90 540
2 3 18 20 27 36 60 108 540
2 3 18 20 27 36 90 108 540
2 3 18 20 27 38 95 108 10260
2 3 18 20 27 39 65 108 7020
2 3 18 20 27 40 54 72 1080
2 3 18 20 27 40 54 120 1080
2 3 18 20 27 40 72 108 1080
2 3 18 20 27 40 108 120 1080
2 3 18 20 27 42 70 108 3780
2 3 18 20 27 42 105 108 3780
2 3 18 20 27 44 54 55 5940
2 3 18 20 27 44 54 110 5940
2 3 18 20 27 44 55 108 5940
2 3 18 20 27 44 108 110 5940
2 3 18 20 27 45 54 60 540
2 3 18 20 27 45 54 108 540
2 3 18 20 27 45 60 108 540
2 3 18 20 27 45 90 108 540
2 3 18 20 27 46 108 115 12420
2 3 18 20 27 48 54 80 2160
2 3 18 20 27 48 80 108 2160
2 3 18 20 27 50 54 100 2700
2 3 18 20 27 50 75 108 2700
2 3 18 20 27 50 100 108 2700
2 3 18 20 27 51 85 108 9180
2 3 18 20 27 52 54 65 7020
2 3 18 20 27 52 65 108 7020
2 3 18 20 27 54 60 90 540
2 3 18 20 27 54 60 108 540
2 3 18 20 27 54 68 85 9180
2 3 18 20 27 54 70 84 3780
2 3 18 20 27 54 72 120 1080
2 3 18 20 27 54 75 100 2700
2 3 18 20 27 54 76 95 10260
2 3 18 20 27 54 84 105 3780
2 3 18 20 27 54 90 108 540
2 3 18 20 27 54 92 115 12420
2 3 18 20 27 55 66 108 5940
2 3 18 20 27 55 99 108 5940
2 3 18 20 27 55 108 110 5940
2 3 18 20 27 57 95 108 10260
2 3 18 20 27 60 90 108 540
2 3 18 20 27 63 70 108 3780
2 3 18 20 27 63 105 108 3780
2 3 18 20 27 65 78 108 7020
2 3 18 20 27 65 108 117 7020
2 3 18 20 27 66 108 110 5940
2 3 18 20 27 68 85 108 9180
2 3 18 20 27 69 108 115 12420
2 3 18 20 27 70 84 108 3780
2 3 18 20 27 70 105 108 3780
2 3 18 20 27 70 108 126 3780
2 3 18 20 27 72 108 120 1080
2 3 18 20 27 75 100 108 2700
2 3 18 20 27 76 95 108 10260
2 3 18 20 27 84 105 108 3780
2 3 18 20 27 85 102 108 9180
2 3 18 20 27 92 108 115 12420
2 3 18 20 27 95 108 114 10260
2 3 18 20 27 99 108 110 5940
2 3 18 20 27 105 108 126 3780
2 3 18 20 28 30 35 36 1260
2 3 18 20 28 30 35 45 1260
2 3 18 20 28 30 35 63 1260
2 3 18 20 28 30 35 90 1260
2 3 18 20 28 30 35 126 1260
2 3 18 20 28 30 36 42 1260
2 3 18 20 28 30 36 63 1260
2 3 18 20 28 30 36 70 1260
2 3 18 20 28 30 36 84 1260
2 3 18 20 28 30 36 105 1260
2 3 18 20 28 30 36 126 1260
2 3 18 20 28 30 42 45 1260
2 3 18 20 28 30 42 63 1260
2 3 18 20 28 30 42 90 1260
2 3 18 20 28 30 42 126 1260
2 3 18 20 28 30 45 63 1260
2 3 18 20 28 30 45 70 1260
2 3 18 20 28 30 45 84 1260
2 3 18 20 28 30 45 105 1260
2 3 18 20 28 30 45 126 1260
2 3 18 20 28 30 56 72 2520
2 3 18 20 28 30 60 63 1260
2 3 18 20 28 30 60 126 1260
2 3 18 20 28 30 63 70 1260
2 3 18 20 28 30 63 84 1260
2 3 18 20 28 30 63 90 1260
2 3 18 20 28 30 63 105 1260
2 3 18 20 28 30 63 126 1260
2 3 18 20 28 30 70 90 1260
2 3 18 20 28 30 70 126 1260
2 3 18 20 28 30 77 99 13860
2 3 18 20 28 30 84 90 1260
2 3 18 20 28 30 84 126 1260
2 3 18 20 28 30 90 105 1260
2 3 18 20 28 30 90 126 1260
2 3 18 20 28 30 91 117 16380
2 3 18 20 28 30 105 126 1260
2 3 18 20 28 33 35 99 13860
2 3 18 20 28 33 45 77 13860
2 3 18 20 28 33 55 63 13860
2 3 18 20 28 33 55 126 13860
2 3 18 20 28 33 63 110 13860
2 3 18 20 28 33 70 99 13860
2 3 18 20 28 33 77 90 13860
2 3 18 20 28 33 99 105 13860
2 3 18 20 28 33 110 126 13860
2 3 18 20 28 34 45 119 21420
2 3 18 20 28 34 63 85 21420
2 3 18 20 28 34 85 126 21420
2 3 18 20 28 34 90 119 21420
2 3 18 20 28 35 36 42 1260
2 3 18 20 28 35 36 45 1260
2 3 18 20 28 35 36 60 1260
2 3 18 20 28 35 36 63 1260
2 3 18 20 28 35 36 70 1260
2 3 18 20 28 35 36 84 1260
2 3 18 20 28 35 36 90 1260
2 3 18 20 28 35 36 105 1260
2 3 18 20 28 35 36 126 1260
2 3 18 20 28 35 39 117 16380
2 3 18 20 28 35 40 72 2520
2 3 18 20 28 35 42 45 1260
2 3 18 20 28 35 42 63 1260
2 3 18 20 28 35 42 90 1260
2 3 18 20 28 35 42 126 1260
2 3 18 20 28 35 44 99 13860
2 3 18 20 28 35 45 60 1260
2 3 18 20 28 35 45 63 1260
2 3 18 20 28 35 45 70 1260
2 3 18 20 28 35 45 84 1260
2 3 18 20 28 35 45 90 1260
2 3 18 20 28 35 45 105 1260
2 3 18 20 28 35 45 126 1260
2 3 18 20 28 35 52 117 16380
2 3 18 20 28 35 54 108 3780
2 3 18 20 28 35 55 99 13860
2 3 18 20 28 35 56 72 2520
2 3 18 20 28 35 60 63 1260
2 3 18 20 28 35 60 90 1260
2 3 18 20 28 35 60 126 1260
2 3 18 20 28 35 63 70 1260
2 3 18 20 28 35 63 84 1260
2 3 18 20 28 35 63 90 1260
2 3 18 20 28 35 63 105 1260
2 3 18 20 28 35 63 126 1260
2 3 18 20 28 35 65 117 16380
2 3 18 20 28 35 66 99 13860
2 3 18 20 28 35 70 90 1260
2 3 18 20 28 35 70 126 1260
2 3 18 20 28 35 72 120 2520
2 3 18 20 28 35 77 99 13860
2 3 18 20 28 35 78 117 16380
2 3 18 20 28 35 84 90 1260
2 3 18 20 28 35 84 126 1260
2 3 18 20 28 35 90 105 1260
2 3 18 20 28 35 90 126 1260
2 3 18 20 28 35 91 117 16380
2 3 18 20 28 35 99 110 13860
2 3 18 20 28 35 105 126 1260
2 3 18 20 28 36 40 56 2520
2 3 18 20 28 36 42 45 1260
2 3 18 20 28 36 42 60 1260
2 3 18 20 28 36 42 70 1260
2 3 18 20 28 36 42 90 1260
2 3 18 20 28 36 42 105 1260
2 3 18 20 28 36 45 63 1260
2 3 18 20 28 36 45 70 1260
2 3 18 20 28 36 45 84 1260
2 3 18 20 28 36 45 105 1260
2 3 18 20 28 36 45 126 1260
2 3 18 20 28 36 55 77 13860
2 3 18 20 28 36 56 120 2520
2 3 18 20 28 36 60 63 1260
2 3 18 20 28 36 60 70 1260
2 3 18 20 28 36 60 84 1260
2 3 18 20 28 36 60 105 1260
2 3 18 20 28 36 60 126 1260
2 3 18 20 28 36 63 70 1260
2 3 18 20 28 36 63 90 1260
2 3 18 20 28 36 63 105 1260
2 3 18 20 28 36 65 91 16380
2 3 18 20 28 36 70 84 1260
2 3 18 20 28 36 70 90 1260
2 3 18 20 28 36 70 105 1260
2 3 18 20 28 36 70 126 1260
2 3 18 20 28 36 77 110 13860
2 3 18 20 28 36 80 112 5040
2 3 18 20 28 36 84 90 1260
2 3 18 20 28 36 84 105 1260
2 3 18 20 28 36 85 119 21420
2 3 18 20 28 36 90 105 1260
2 3 18 20 28 36 90 126 1260
2 3 18 20 28 36 105 126 1260
2 3 18 20 28 38 63 95 23940
2 3 18 20 28 38 95 126 23940
2 3 18 20 28 39 45 91 16380
2 3 18 20 28 39 63 65 16380
2 3 18 20 28 39 65 126 16380
2 3 18 20 28 39 70 117 16380
2 3 18 20 28 39 90 91 16380
2 3 18 20 28 39 105 117 16380
2 3 18 20 28 40 42 72 2520
2 3 18 20 28 40 45 56 2520
2 3 18 20 28 40 56 63 2520
2 3 18 20 28 40 56 72 2520
2 3 18 20 28 40 56 90 2520
2 3 18 20 28 40 56 126 2520
2 3 18 20 28 40 63 72 2520
2 3 18 20 28 40 63 120 2520
2 3 18 20 28 40 70 72 2520
2 3 18 20 28 40 72 84 2520
2 3 18 20 28 40 72 105 2520
2 3 18 20 28 40 72 126 2520
2 3 18 20 28 40 120 126 2520
2 3 18 20 28 42 45 60 1260
2 3 18 20 28 42 45 63 1260
2 3 18 20 28 42 45 70 1260
2 3 18 20 28 42 45 84 1260
2 3 18 20 28 42 45 90 1260
2 3 18 20 28 42 45 105 1260
2 3 18 20 28 42 45 126 1260
2 3 18 20 28 42 55 99 13860
2 3 18 20 28 42 60 63 1260
2 3 18 20 28 42 60 90 1260
2 3 18 20 28 42 60 126 1260
2 3 18 20 28 42 63 70 1260
2 3 18 20 28 42 63 90 1260
2 3 18 20 28 42 63 105 1260
2 3 18 20 28 42 65 117 16380
2 3 18 20 28 42 70 90 1260
2 3 18 20 28 42 70 126 1260
2 3 18 20 28 42 72 120 2520
2 3 18 20 28 42 84 90 1260
2 3 18 20 28 42 90 105 1260
2 3 18 20 28 42 90 126 1260
2 3 18 20 28 42 99 110 13860
2 3 18 20 28 42 105 126 1260
2 3 18 20 28 44 45 77 13860
2 3 18 20 28 44 55 63 13860
2 3 18 20 28 44 55 126 13860
2 3 18 20 28 44 63 110 13860
2 3 18 20 28 44 70 99 13860
2 3 18 20 28 44 77 90 13860
2 3 18 20 28 44 99 105 13860
2 3 18 20 28 44 110 126 13860
2 3 18 20 28 45 48 112 5040
2 3 18 20 28 45 49 98 8820
2 3 18 20 28 45 51 119 21420
2 3 18 20 28 45 52 91 16380
2 3 18 20 28 45 55 77 13860
2 3 18 20 28 45 56 72 2520
2 3 18 20 28 45 56 120 2520
2 3 18 20 28 45 60 63 1260
2 3 18 20 28 45 60 70 1260
2 3 18 20 28 45 60 84 1260
2 3 18 20 28 45 60 105 1260
2 3 18 20 28 45 60 126 1260
2 3 18 20 28 45 63 70 1260
2 3 18 20 28 45 63 84 1260
2 3 18 20 28 45 63 90 1260
2 3 18 20 28 45 63 105 1260
2 3 18 20 28 45 63 126 1260
2 3 18 20 28 45 65 91 16380
2 3 18 20 28 45 66 77 13860
2 3 18 20 28 45 68 119 21420
2 3 18 20 28 45 70 84 1260
2 3 18 20 28 45 70 90 1260
2 3 18 20 28 45 70 105 1260
2 3 18 20 28 45 70 126 1260
2 3 18 20 28 45 77 99 13860
2 3 18 20 28 45 77 110 13860
2 3 18 20 28 45 78 91 16380
2 3 18 20 28 45 80 112 5040
2 3 18 20 28 45 84 90 1260
2 3 18 20 28 45 84 105 1260
2 3 18 20 28 45 84 126 1260
2 3 18 20 28 45 85 119 21420
2 3 18 20 28 45 90 105 1260
2 3 18 20 28 45 90 126 1260
2 3 18 20 28 45 91 117 16380
2 3 18 20 28 45 102 119 21420
2 3 18 20 28 45 105 126 1260
2 3 18 20 28 46 63 115 28980
2 3 18 20 28 46 115 126 28980
2 3 18 20 28 48 63 80 5040
2 3 18 20 28 48 80 126 5040
2 3 18 20 28 48 90 112 5040
2 3 18 20 28 49 90 98 8820
2 3 18 20 28 50 63 75 6300
2 3 18 20 28 50 63 100 6300
2 3 18 20 28 50 75 126 6300
2 3 18 20 28 50 100 126 6300
2 3 18 20 28 51 63 85 21420
2 3 18 20 28 51 85 126 21420
2 3 18 20 28 51 90 119 21420
2 3 18 20 28 52 63 65 16380
2 3 18 20 28 52 65 126 16380
2 3 18 20 28 52 70 117 16380
2 3 18 20 28 52 90 91 16380
2 3 18 20 28 52 105 117 16380
2 3 18 20 28 54 70 108 3780
2 3 18 20 28 54 105 108 3780
2 3 18 20 28 55 63 66 13860
2 3 18 20 28 55 63 77 13860
2 3 18 20 28 55 63 99 13860
2 3 18 20 28 55 63 110 13860
2 3 18 20 28 55 66 126 13860
2 3 18 20 28 55 70 99 13860
2 3 18 20 28 55 77 90 13860
2 3 18 20 28 55 77 99 13860
2 3 18 20 28 55 77 126 13860
2 3 18 20 28 55 84 99 13860
2 3 18 20 28 55 99 105 13860
2 3 18 20 28 55 99 126 13860
2 3 18 20 28 55 110 126 13860
2 3 18 20 28 56 60 72 2520
2 3 18 20 28 56 63 120 2520
2 3 18 20 28 56 70 72 2520
2 3 18 20 28 56 72 90 2520
2 3 18 20 28 56 72 105 2520
2 3 18 20 28 56 72 120 2520
2 3 18 20 28 56 90 120 2520
2 3 18 20 28 56 120 126 2520
2 3 18 20 28 57 63 95 23940
2 3 18 20 28 57 95 126 23940
2 3 18 20 28 60 63 70 1260
2 3 18 20 28 60 63 84 1260
2 3 18 20 28 60 63 90 1260
2 3 18 20 28 60 63 105 1260
2 3 18 20 28 60 63 126 1260
2 3 18 20 28 60 70 90 1260
2 3 18 20 28 60 70 126 1260
2 3 18 20 28 60 77 99 13860
2 3 18 20 28 60 84 90 1260
2 3 18 20 28 60 84 126 1260
2 3 18 20 28 60 90 105 1260
2 3 18 20 28 60 90 126 1260
2 3 18 20 28 60 91 117 16380
2 3 18 20 28 60 105 126 1260
2 3 18 20 28 63 65 78 16380
2 3 18 20 28 63 65 91 16380
2 3 18 20 28 63 65 117 16380
2 3 18 20 28 63 66 110 13860
2 3 18 20 28 63 68 85 21420
2 3 18 20 28 63 69 115 28980
2 3 18 20 28 63 70 84 1260
2 3 18 20 28 63 70 90 1260
2 3 18 20 28 63 70 105 1260
2 3 18 20 28 63 70 126 1260
2 3 18 20 28 63 72 120 2520
2 3 18 20 28 63 75 100 6300
2 3 18 20 28 63 76 95 23940
2 3 18 20 28 63 77 110 13860
2 3 18 20 28 63 80 112 5040
2 3 18 20 28 63 84 90 1260
2 3 18 20 28 63 84 105 1260
2 3 18 20 28 63 85 102 21420
2 3 18 20 28 63 85 119 21420
2 3 18 20 28 63 90 105 1260
2 3 18 20 28 63 90 126 1260
2 3 18 20 28 63 92 115 28980
2 3 18 20 28 63 95 114 23940
2 3 18 20 28 63 99 110 13860
2 3 18 20 28 63 105 126 1260
2 3 18 20 28 65 70 117 16380
2 3 18 20 28 65 78 126 16380
2 3 18 20 28 65 84 117 16380
2 3 18 20 28 65 90 91 16380
2 3 18 20 28 65 91 117 16380
2 3 18 20 28 65 91 126 16380
2 3 18 20 28 65 105 117 16380
2 3 18 20 28 65 117 126 16380
2 3 18 20 28 66 70 99 13860
2 3 18 20 28 66 77 90 13860
2 3 18 20 28 66 99 105 13860
2 3 18 20 28 66 110 126 13860
2 3 18 20 28 68 85 126 21420
2 3 18 20 28 68 90 119 21420
2 3 18 20 28 69 115 126 28980
2 3 18 20 28 70 72 120 2520
2 3 18 20 28 70 77 99 13860
2 3 18 20 28 70 78 117 16380
2 3 18 20 28 70 84 90 1260
2 3 18 20 28 70 84 126 1260
2 3 18 20 28 70 90 105 1260
2 3 18 20 28 70 90 126 1260
2 3 18 20 28 70 91 117 16380
2 3 18 20 28 70 99 110 13860
2 3 18 20 28 70 105 126 1260
2 3 18 20 28 72 80 112 5040
2 3 18 20 28 72 84 120 2520
2 3 18 20 28 72 105 120 2520
2 3 18 20 28 72 120 126 2520
2 3 18 20 28 75 100 126 6300
2 3 18 20 28 76 95 126 23940
2 3 18 20 28 77 90 99 13860
2 3 18 20 28 77 90 110 13860
2 3 18 20 28 77 99 105 13860
2 3 18 20 28 77 99 110 13860
2 3 18 20 28 77 110 126 13860
2 3 18 20 28 78 90 91 16380
2 3 18 20 28 78 105 117 16380
2 3 18 20 28 80 90 112 5040
2 3 18 20 28 80 112 126 5040
2 3 18 20 28 84 90 105 1260
2 3 18 20 28 84 90 126 1260
2 3 18 20 28 84 99 110 13860
2 3 18 20 28 84 105 126 1260
2 3 18 20 28 85 90 119 21420
2 3 18 20 28 85 102 126 21420
2 3 18 20 28 85 119 126 21420
2 3 18 20 28 90 91 117 16380
2 3 18 20 28 90 102 119 21420
2 3 18 20 28 90 105 126 1260
2 3 18 20 28 91 105 117 16380
2 3 18 20 28 92 115 126 28980
2 3 18 20 28 95 114 126 23940
2 3 18 20 28 99 105 110 13860
2 3 18 20 28 99 110 126 13860
2 3 18 20 29 30 36 58 5220
2 3 18 20 29 30 36 87 5220
2 3 18 20 29 30 36 116 5220
2 3 18 20 29 30 45 116 5220
2 3 18 20 29 30 90 116 5220
2 3 18 20 29 35 63 116 36540
2 3 18 20 29 35 116 126 36540
2 3 18 20 29 36 45 58 5220
2 3 18 20 29 36 45 87 5220
2 3 18 20 29 36 45 116 5220
2 3 18 20 29 36 58 60 5220
2 3 18 20 29 36 58 90 5220
2 3 18 20 29 36 60 87 5220
2 3 18 20 29 36 60 116 5220
2 3 18 20 29 36 87 90 5220
2 3 18 20 29 36 90 116 5220
2 3 18 20 29 40 58 72 10440
2 3 18 20 29 40 72 87 10440
2 3 18 20 29 40 72 116 10440
2 3 18 20 29 45 58 60 5220
2 3 18 20 29 45 58 116 5220
2 3 18 20 29 45 60 87 5220
2 3 18 20 29 45 60 116 5220
2 3 18 20 29 45 87 116 5220
2 3 18 20 29 45 90 116 5220
2 3 18 20 29 55 99 116 57420
2 3 18 20 29 58 60 90 5220
2 3 18 20 29 58 72 120 10440
2 3 18 20 29 58 90 116 5220
2 3 18 20 29 60 87 90 5220
2 3 18 20 29 60 90 116 5220
2 3 18 20 29 63 70 116 36540
2 3 18 20 29 63 105 116 36540
2 3 18 20 29 65 116 117 67860
2 3 18 20 29 70 116 126 36540
2 3 18 20 29 72 87 120 10440
2 3 18 20 29 72 116 120 10440
2 3 18 20 29 87 90 116 5220
2 3 18 20 29 99 110 116 57420
2 3 18 20 30 31 36 62 5580
2 3 18 20 30 31 36 93 5580
2 3 18 20 30 31 36 124 5580
2 3 18 20 30 31 45 124 5580
2 3 18 20 30 31 90 124 5580
2 3 18 20 30 32 36 96 1440
2 3 18 20 30 32 45 96 1440
2 3 18 20 30 32 72 96 1440
2 3 18 20 30 32 90 96 1440
2 3 18 20 30 33 36 44 1980
2 3 18 20 30 33 36 55 1980
2 3 18 20 30 33 36 66 1980
2 3 18 20 30 33 36 99 1980
2 3 18 20 30 33 36 110 1980
2 3 18 20 30 33 44 45 1980
2 3 18 20 30 33 44 90 1980
2 3 18 20 30 33 44 99 1980
2 3 18 20 30 33 60 99 1980
2 3 18 20 30 33 72 88 3960
2 3 18 20 30 34 36 51 3060
2 3 18 20 30 34 36 68 3060
2 3 18 20 30 34 36 85 3060
2 3 18 20 30 34 36 102 3060
2 3 18 20 30 34 45 68 3060
2 3 18 20 30 34 68 90 3060
2 3 18 20 30 35 36 42 1260
2 3 18 20 30 35 36 63 1260
2 3 18 20 30 35 36 70 1260
2 3 18 20 30 35 36 84 1260
2 3 18 20 30 35 36 105 1260
2 3 18 20 30 35 36 126 1260
2 3 18 20 30 35 45 84 1260
2 3 18 20 30 35 56 72 2520
2 3 18 20 30 35 60 63 1260
2 3 18 20 30 35 60 126 1260
2 3 18 20 30 35 63 84 1260
2 3 18 20 30 35 84 90 1260
2 3 18 20 30 35 84 126 1260
2 3 18 20 30 36 37 74 6660
2 3 18 20 30 36 37 111 6660
2 3 18 20 30 36 38 57 3420
2 3 18 20 30 36 38 76 3420
2 3 18 20 30 36 38 95 3420
2 3 18 20 30 36 38 114 3420
2 3 18 20 30 36 39 52 2340
2 3 18 20 30 36 39 65 2340
2 3 18 20 30 36 39 78 2340
2 3 18 20 30 36 39 117 2340
2 3 18 20 30 36 40 72 360
2 3 18 20 30 36 40 120 360
2 3 18 20 30 36 41 82 7380
2 3 18 20 30 36 41 123 7380
2 3 18 20 30 36 42 63 1260
2 3 18 20 30 36 42 70 1260
2 3 18 20 30 36 42 84 1260
2 3 18 20 30 36 42 105 1260
2 3 18 20 30 36 42 126 1260
2 3 18 20 30 36 43 86 7740
2 3 18 20 30 36 44 55 1980
2 3 18 20 30 36 44 66 1980
2 3 18 20 30 36 44 99 1980
2 3 18 20 30 36 44 110 1980
2 3 18 20 30 36 45 60 180
2 3 18 20 30 36 45 90 180
2 3 18 20 30 36 46 69 4140
2 3 18 20 30 36 46 92 4140
2 3 18 20 30 36 46 115 4140
2 3 18 20 30 36 47 94 8460
2 3 18 20 30 36 48 80 720
2 3 18 20 30 36 49 98 8820
2 3 18 20 30 36 50 75 900
2 3 18 20 30 36 50 100 900
2 3 18 20 30 36 51 68 3060
2 3 18 20 30 36 51 85 3060
2 3 18 20 30 36 51 102 3060
2 3 18 20 30 36 52 65 2340
2 3 18 20 30 36 52 78 2340
2 3 18 20 30 36 52 117 2340
2 3 18 20 30 36 53 106 9540
2 3 18 20 30 36 54 108 540
2 3 18 20 30 36 55 66 1980
2 3 18 20 30 36 55 99 1980
2 3 18 20 30 36 55 110 1980
2 3 18 20 30 36 57 76 3420
2 3 18 20 30 36 57 95 3420
2 3 18 20 30 36 57 114 3420
2 3 18 20 30 36 58 87 5220
2 3 18 20 30 36 58 116 5220
2 3 18 20 30 36 59 118 10620
2 3 18 20 30 36 60 90 180
2 3 18 20 30 36 61 122 10980
2 3 18 20 30 36 62 93 5580
2 3 18 20 30 36 62 124 5580
2 3 18 20 30 36 63 70 1260
2 3 18 20 30 36 63 84 1260
2 3 18 20 30 36 63 105 1260
2 3 18 20 30 36 63 126 1260
2 3 18 20 30 36 65 78 2340
2 3 18 20 30 36 65 117 2340
2 3 18 20 30 36 66 99 1980
2 3 18 20 30 36 66 110 1980
2 3 18 20 30 36 68 85 3060
2 3 18 20 30 36 68 102 3060
2 3 18 20 30 36 69 92 4140
2 3 18 20 30 36 69 115 4140
2 3 18 20 30 36 70 84 1260
2 3 18 20 30 36 70 105 1260
2 3 18 20 30 36 70 126 1260
2 3 18 20 30 36 72 120 360
2 3 18 20 30 36 74 111 6660
2 3 18 20 30 36 75 100 900
2 3 18 20 30 36 76 95 3420
2 3 18 20 30 36 76 114 3420
2 3 18 20 30 36 78 117 2340
2 3 18 20 30 36 82 123 7380
2 3 18 20 30 36 84 105 1260
2 3 18 20 30 36 84 126 1260
2 3 18 20 30 36 85 102 3060
2 3 18 20 30 36 87 116 5220
2 3 18 20 30 36 92 115 4140
2 3 18 20 30 36 93 124 5580
2 3 18 20 30 36 95 114 3420
2 3 18 20 30 36 99 110 1980
2 3 18 20 30 36 105 126 1260
2 3 18 20 30 38 45 76 3420
2 3 18 20 30 38 76 90 3420
2 3 18 20 30 39 45 52 2340
2 3 18 20 30 39 52 90 2340
2 3 18 20 30 39 52 117 2340
2 3 18 20 30 39 60 117 2340
2 3 18 20 30 39 72 104 4680
2 3 18 20 30 40 45 72 360
2 3 18 20 30 40 45 120 360
2 3 18 20 30 40 56 63 2520
2 3 18 20 30 40 56 126 2520
2 3 18 20 30 40 60 72 360
2 3 18 20 30 40 72 90 360
2 3 18 20 30 40 72 120 360
2 3 18 20 30 40 88 99 3960
2 3 18 20 30 40 90 120 360
2 3 18 20 30 40 104 117 4680
2 3 18 20 30 42 45 84 1260
2 3 18 20 30 42 56 72 2520
2 3 18 20 30 42 60 63 1260
2 3 18 20 30 42 60 126 1260
2 3 18 20 30 42 63 84 1260
2 3 18 20 30 42 84 90 1260
2 3 18 20 30 42 84 126 1260
2 3 18 20 30 44 45 55 1980
2 3 18 20 30 44 45 66 1980
2 3 18 20 30 44 45 99 1980
2 3 18 20 30 44 45 110 1980
2 3 18 20 30 44 55 90 1980
2 3 18 20 30 44 55 99 1980
2 3 18 20 30 44 60 99 1980
2 3 18 20 30 44 63 77 13860
2 3 18 20 30 44 66 90 1980
2 3 18 20 30 44 66 99 1980
2 3 18 20 30 44 72 88 3960
2 3 18 20 30 44 77 126 13860
2 3 18 20 30 44 90 99 1980
2 3 18 20 30 44 90 110 1980
2 3 18 20 30 44 99 110 1980
2 3 18 20 30 45 46 92 4140
2 3 18 20 30 45 48 80 720
2 3 18 20 30 45 50 100 900
2 3 18 20 30 45 51 68 3060
2 3 18 20 30 45 52 65 2340
2 3 18 20 30 45 52 78 2340
2 3 18 20 30 45 52 117 2340
2 3 18 20 30 45 54 108 540
2 3 18 20 30 45 57 76 3420
2 3 18 20 30 45 58 116 5220
2 3 18 20 30 45 60 90 180
2 3 18 20 30 45 62 124 5580
2 3 18 20 30 45 63 84 1260
2 3 18 20 30 45 68 85 3060
2 3 18 20 30 45 68 102 3060
2 3 18 20 30 45 69 92 4140
2 3 18 20 30 45 70 84 1260
2 3 18 20 30 45 72 120 360
2 3 18 20 30 45 75 100 900
2 3 18 20 30 45 76 95 3420
2 3 18 20 30 45 76 114 3420
2 3 18 20 30 45 84 105 1260
2 3 18 20 30 45 84 126 1260
2 3 18 20 30 45 87 116 5220
2 3 18 20 30 45 92 115 4140
2 3 18 20 30 45 93 124 5580
2 3 18 20 30 46 90 92 4140
2 3 18 20 30 48 63 112 5040
2 3 18 20 30 48 72 80 720
2 3 18 20 30 48 80 90 720
2 3 18 20 30 48 112 126 5040
2 3 18 20 30 50 90 100 900
2 3 18 20 30 51 68 90 3060
2 3 18 20 30 52 60 117 2340
2 3 18 20 30 52 63 91 16380
2 3 18 20 30 52 65 90 2340
2 3 18 20 30 52 65 117 2340
2 3 18 20 30 52 72 104 4680
2 3 18 20 30 52 78 90 2340
2 3 18 20 30 52 78 117 2340
2 3 18 20 30 52 90 117 2340
2 3 18 20 30 52 91 126 16380
2 3 18 20 30 54 60 108 540
2 3 18 20 30 54 90 108 540
2 3 18 20 30 55 60 99 1980
2 3 18 20 30 55 72 88 3960
2 3 18 20 30 56 63 72 2520
2 3 18 20 30 56 63 120 2520
2 3 18 20 30 56 70 72 2520
2 3 18 20 30 56 72 84 2520
2 3 18 20 30 56 72 105 2520
2 3 18 20 30 56 72 126 2520
2 3 18 20 30 56 120 126 2520
2 3 18 20 30 57 76 90 3420
2 3 18 20 30 58 90 116 5220
2 3 18 20 30 60 63 70 1260
2 3 18 20 30 60 63 84 1260
2 3 18 20 30 60 63 105 1260
2 3 18 20 30 60 63 126 1260
2 3 18 20 30 60 65 117 2340
2 3 18 20 30 60 66 99 1980
2 3 18 20 30 60 70 126 1260
2 3 18 20 30 60 72 120 360
2 3 18 20 30 60 78 117 2340
2 3 18 20 30 60 84 126 1260
2 3 18 20 30 60 99 110 1980
2 3 18 20 30 60 105 126 1260
2 3 18 20 30 62 90 124 5580
2 3 18 20 30 63 68 119 21420
2 3 18 20 30 63 70 84 1260
2 3 18 20 30 63 80 112 5040
2 3 18 20 30 63 84 90 1260
2 3 18 20 30 63 84 105 1260
2 3 18 20 30 63 84 126 1260
2 3 18 20 30 65 72 104 4680
2 3 18 20 30 66 72 88 3960
2 3 18 20 30 68 85 90 3060
2 3 18 20 30 68 90 102 3060
2 3 18 20 30 68 119 126 21420
2 3 18 20 30 69 90 92 4140
2 3 18 20 30 70 84 90 1260
2 3 18 20 30 70 84 126 1260
2 3 18 20 30 72 78 104 4680
2 3 18 20 30 72 88 99 3960
2 3 18 20 30 72 88 110 3960
2 3 18 20 30 72 90 120 360
2 3 18 20 30 72 104 117 4680
2 3 18 20 30 75 90 100 900
2 3 18 20 30 76 90 95 3420
2 3 18 20 30 76 90 114 3420
2 3 18 20 30 77 84 99 13860
2 3 18 20 30 80 112 126 5040
2 3 18 20 30 84 90 105 1260
2 3 18 20 30 84 90 126 1260
2 3 18 20 30 84 91 117 16380
2 3 18 20 30 84 105 126 1260
2 3 18 20 30 87 90 116 5220
2 3 18 20 30 88 99 120 3960
2 3 18 20 30 90 92 115 4140
2 3 18 20 30 90 93 124 5580
2 3 18 20 31 35 63 124 39060
2 3 18 20 31 35 124 126 39060
2 3 18 20 31 36 45 62 5580
2 3 18 20 31 36 45 93 5580
2 3 18 20 31 36 45 124 5580
2 3 18 20 31 36 60 62 5580
2 3 18 20 31 36 60 93 5580
2 3 18 20 31 36 60 124 5580
2 3 18 20 31 36 62 90 5580
2 3 18 20 31 36 90 93 5580
2 3 18 20 31 36 90 124 5580
2 3 18 20 31 40 62 72 11160
2 3 18 20 31 40 72 93 11160
2 3 18 20 31 40 72 124 11160
2 3 18 20 31 45 60 62 5580
2 3 18 20 31 45 60 93 5580
2 3 18 20 31 45 60 124 5580
2 3 18 20 31 45 62 124 5580
2 3 18 20 31 45 90 124 5580
2 3 18 20 31 45 93 124 5580
2 3 18 20 31 55 99 124 61380
2 3 18 20 31 60 62 90 5580
2 3 18 20 31 60 90 93 5580
2 3 18 20 31 60 90 124 5580
2 3 18 20 31 62 72 120 11160
2 3 18 20 31 62 90 124 5580
2 3 18 20 31 63 70 124 39060
2 3 18 20 31 63 105 124 39060
2 3 18 20 31 65 117 124 72540
2 3 18 20 31 70 124 126 39060
2 3 18 20 31 72 93 120 11160
2 3 18 20 31 72 120 124 11160
2 3 18 20 31 90 93 124 5580
2 3 18 20 32 35 63 96 10080
2 3 18 20 32 35 96 126 10080
2 3 18 20 32 36 40 96 1440
2 3 18 20 32 36 45 96 1440
2 3 18 20 32 36 60 96 1440
2 3 18 20 32 36 80 96 1440
2 3 18 20 32 36 90 96 1440
2 3 18 20 32 36 96 120 1440
2 3 18 20 32 40 45 96 1440
2 3 18 20 32 40 72 96 1440
2 3 18 20 32 40 90 96 1440
2 3 18 20 32 45 48 96 1440
2 3 18 20 32 45 60 96 1440
2 3 18 20 32 45 72 96 1440
2 3 18 20 32 45 80 96 1440
2 3 18 20 32 45 90 96 1440
2 3 18 20 32 45 96 120 1440
2 3 18 20 32 48 90 96 1440
2 3 18 20 32 55 96 99 15840
2 3 18 20 32 60 72 96 1440
2 3 18 20 32 60 90 96 1440
2 3 18 20 32 63 70 96 10080
2 3 18 20 32 63 96 105 10080
2 3 18 20 32 65 96 117 18720
2 3 18 20 32 70 96 126 10080
2 3 18 20 32 72 80 96 1440
2 3 18 20 32 72 90 96 1440
2 3 18 20 32 72 96 120 1440
2 3 18 20 32 80 90 96 1440
2 3 18 20 33 35 36 77 13860
2 3 18 20 33 35 44 63 13860
2 3 18 20 33 35 44 126 13860
2 3 18 20 33 35 84 99 13860
2 3 18 20 33 36 40 88 3960
2 3 18 20 33 36 44 45 1980
2 3 18 20 33 36 44 55 1980
2 3 18 20 33 36 44 60 1980
2 3 18 20 33 36 44 90 1980
2 3 18 20 33 36 44 110 1980
2 3 18 20 33 36 45 55 1980
2 3 18 20 33 36 45 66 1980
2 3 18 20 33 36 45 99 1980
2 3 18 20 33 36 45 110 1980
2 3 18 20 33 36 55 60 1980
2 3 18 20 33 36 55 66 1980
2 3 18 20 33 36 55 90 1980
2 3 18 20 33 36 55 99 1980
2 3 18 20 33 36 55 110 1980
2 3 18 20 33 36 60 66 1980
2 3 18 20 33 36 60 99 1980
2 3 18 20 33 36 60 110 1980
2 3 18 20 33 36 66 90 1980
2 3 18 20 33 36 66 110 1980
2 3 18 20 33 36 70 77 13860
2 3 18 20 33 36 77 105 13860
2 3 18 20 33 36 88 120 3960
2 3 18 20 33 36 90 99 1980
2 3 18 20 33 36 90 110 1980
2 3 18 20 33 36 99 110 1980
2 3 18 20 33 40 44 72 3960
2 3 18 20 33 40 45 88 3960
2 3 18 20 33 40 55 72 3960
2 3 18 20 33 40 66 72 3960
2 3 18 20 33 40 72 88 3960
2 3 18 20 33 40 72 99 3960
2 3 18 20 33 40 72 110 3960
2 3 18 20 33 40 88 90 3960
2 3 18 20 33 40 88 99 3960
2 3 18 20 33 40 99 120 3960
2 3 18 20 33 44 45 55 1980
2 3 18 20 33 44 45 60 1980
2 3 18 20 33 44 45 66 1980
2 3 18 20 33 44 45 90 1980
2 3 18 20 33 44 45 99 1980
2 3 18 20 33 44 45 110 1980
2 3 18 20 33 44 55 90 1980
2 3 18 20 33 44 55 99 1980
2 3 18 20 33 44 60 90 1980
2 3 18 20 33 44 60 99 1980
2 3 18 20 33 44 63 70 13860
2 3 18 20 33 44 63 105 13860
2 3 18 20 33 44 65 117 25740
2 3 18 20 33 44 66 90 1980
2 3 18 20 33 44 70 126 13860
2 3 18 20 33 44 72 120 3960
2 3 18 20 33 44 90 99 1980
2 3 18 20 33 44 90 110 1980
2 3 18 20 33 44 99 110 1980
2 3 18 20 33 44 105 126 13860
2 3 18 20 33 45 55 60 1980
2 3 18 20 33 45 60 66 1980
2 3 18 20 33 45 60 99 1980
2 3 18 20 33 45 60 110 1980
2 3 18 20 33 45 72 88 3960
2 3 18 20 33 45 77 84 13860
2 3 18 20 33 45 88 120 3960
2 3 18 20 33 48 80 99 7920
2 3 18 20 33 50 99 100 9900
2 3 18 20 33 52 55 117 25740
2 3 18 20 33 52 65 99 25740
2 3 18 20 33 52 110 117 25740
2 3 18 20 33 54 55 108 5940
2 3 18 20 33 54 108 110 5940
2 3 18 20 33 55 60 90 1980
2 3 18 20 33 55 60 99 1980
2 3 18 20 33 55 63 84 13860
2 3 18 20 33 55 72 88 3960
2 3 18 20 33 55 72 120 3960
2 3 18 20 33 55 84 126 13860
2 3 18 20 33 60 63 77 13860
2 3 18 20 33 60 66 90 1980
2 3 18 20 33 60 66 99 1980
2 3 18 20 33 60 72 88 3960
2 3 18 20 33 60 77 126 13860
2 3 18 20 33 60 90 99 1980
2 3 18 20 33 60 90 110 1980
2 3 18 20 33 60 99 110 1980
2 3 18 20 33 63 84 110 13860
2 3 18 20 33 66 72 120 3960
2 3 18 20 33 68 85 99 33660
2 3 18 20 33 70 84 99 13860
2 3 18 20 33 72 88 90 3960
2 3 18 20 33 72 88 110 3960
2 3 18 20 33 72 88 120 3960
2 3 18 20 33 72 99 120 3960
2 3 18 20 33 72 110 120 3960
2 3 18 20 33 75 99 100 9900
2 3 18 20 33 76 95 99 37620
2 3 18 20 33 77 84 90 13860
2 3 18 20 33 84 99 105 13860
2 3 18 20 34 35 36 119 21420
2 3 18 20 34 35 63 68 21420
2 3 18 20 34 35 68 126 21420
2 3 18 20 34 36 45 51 3060
2 3 18 20 34 36 45 68 3060
2 3 18 20 34 36 45 85 3060
2 3 18 20 34 36 45 102 3060
2 3 18 20 34 36 51 60 3060
2 3 18 20 34 36 51 85 3060
2 3 18 20 34 36 51 90 3060
2 3 18 20 34 36 60 68 3060
2 3 18 20 34 36 60 85 3060
2 3 18 20 34 36 60 102 3060
2 3 18 20 34 36 68 85 3060
2 3 18 20 34 36 68 90 3060
2 3 18 20 34 36 70 119 21420
2 3 18 20 34 36 85 90 3060
2 3 18 20 34 36 85 102 3060
2 3 18 20 34 36 90 102 3060
2 3 18 20 34 36 105 119 21420
2 3 18 20 34 40 51 72 6120
2 3 18 20 34 40 68 72 6120
2 3 18 20 34 40 72 85 6120
2 3 18 20 34 40 72 102 6120
2 3 18 20 34 44 85 99 33660
2 3 18 20 34 45 51 60 3060
2 3 18 20 34 45 51 68 3060
2 3 18 20 34 45 60 68 3060
2 3 18 20 34 45 60 85 3060
2 3 18 20 34 45 60 102 3060
2 3 18 20 34 45 68 85 3060
2 3 18 20 34 45 68 90 3060
2 3 18 20 34 45 68 102 3060
2 3 18 20 34 45 84 119 21420
2 3 18 20 34 51 60 90 3060
2 3 18 20 34 51 68 90 3060
2 3 18 20 34 51 72 120 6120
2 3 18 20 34 52 85 117 39780
2 3 18 20 34 54 85 108 9180
2 3 18 20 34 55 68 99 33660
2 3 18 20 34 60 63 119 21420
2 3 18 20 34 60 68 90 3060
2 3 18 20 34 60 85 90 3060
2 3 18 20 34 60 90 102 3060
2 3 18 20 34 60 119 126 21420
2 3 18 20 34 63 68 70 21420
2 3 18 20 34 63 68 105 21420
2 3 18 20 34 63 84 85 21420
2 3 18 20 34 65 68 117 39780
2 3 18 20 34 68 70 126 21420
2 3 18 20 34 68 72 120 6120
2 3 18 20 34 68 85 90 3060
2 3 18 20 34 68 90 102 3060
2 3 18 20 34 68 99 110 33660
2 3 18 20 34 68 105 126 21420
2 3 18 20 34 72 85 120 6120
2 3 18 20 34 72 102 120 6120
2 3 18 20 35 36 39 91 16380
2 3 18 20 35 36 40 56 2520
2 3 18 20 35 36 42 45 1260
2 3 18 20 35 36 42 60 1260
2 3 18 20 35 36 42 63 1260
2 3 18 20 35 36 42 70 1260
2 3 18 20 35 36 42 84 1260
2 3 18 20 35 36 42 90 1260
2 3 18 20 35 36 42 105 1260
2 3 18 20 35 36 42 126 1260
2 3 18 20 35 36 44 77 13860
2 3 18 20 35 36 45 63 1260
2 3 18 20 35 36 45 70 1260
2 3 18 20 35 36 45 84 1260
2 3 18 20 35 36 45 105 1260
2 3 18 20 35 36 45 126 1260
2 3 18 20 35 36 48 112 5040
2 3 18 20 35 36 49 98 8820
2 3 18 20 35 36 51 119 21420
2 3 18 20 35 36 52 91 16380
2 3 18 20 35 36 55 77 13860
2 3 18 20 35 36 56 72 2520
2 3 18 20 35 36 56 120 2520
2 3 18 20 35 36 60 63 1260
2 3 18 20 35 36 60 70 1260
2 3 18 20 35 36 60 84 1260
2 3 18 20 35 36 60 105 1260
2 3 18 20 35 36 60 126 1260
2 3 18 20 35 36 63 70 1260
2 3 18 20 35 36 63 84 1260
2 3 18 20 35 36 63 90 1260
2 3 18 20 35 36 63 105 1260
2 3 18 20 35 36 63 126 1260
2 3 18 20 35 36 65 91 16380
2 3 18 20 35 36 66 77 13860
2 3 18 20 35 36 68 119 21420
2 3 18 20 35 36 70 84 1260
2 3 18 20 35 36 70 90 1260
2 3 18 20 35 36 70 105 1260
2 3 18 20 35 36 70 126 1260
2 3 18 20 35 36 77 99 13860
2 3 18 20 35 36 77 110 13860
2 3 18 20 35 36 78 91 16380
2 3 18 20 35 36 80 112 5040
2 3 18 20 35 36 84 90 1260
2 3 18 20 35 36 84 105 1260
2 3 18 20 35 36 84 126 1260
2 3 18 20 35 36 85 119 21420
2 3 18 20 35 36 90 105 1260
2 3 18 20 35 36 90 126 1260
2 3 18 20 35 36 91 117 16380
2 3 18 20 35 36 102 119 21420
2 3 18 20 35 36 105 126 1260
2 3 18 20 35 38 63 76 23940
2 3 18 20 35 38 76 126 23940
2 3 18 20 35 39 52 63 16380
2 3 18 20 35 39 52 126 16380
2 3 18 20 35 39 84 117 16380
2 3 18 20 35 40 42 72 2520
2 3 18 20 35 40 45 56 2520
2 3 18 20 35 40 56 63 2520
2 3 18 20 35 40 56 72 2520
2 3 18 20 35 40 56 90 2520
2 3 18 20 35 40 56 126 2520
2 3 18 20 35 40 63 72 2520
2 3 18 20 35 40 63 120 2520
2 3 18 20 35 40 70 72 2520
2 3 18 20 35 40 72 84 2520
2 3 18 20 35 40 72 105 2520
2 3 18 20 35 40 72 126 2520
2 3 18 20 35 40 120 126 2520
2 3 18 20 35 42 44 99 13860
2 3 18 20 35 42 45 60 1260
2 3 18 20 35 42 45 84 1260
2 3 18 20 35 42 52 117 16380
2 3 18 20 35 42 54 108 3780
2 3 18 20 35 42 56 72 2520
2 3 18 20 35 42 60 63 1260
2 3 18 20 35 42 60 90 1260
2 3 18 20 35 42 60 126 1260
2 3 18 20 35 42 63 84 1260
2 3 18 20 35 42 72 120 2520
2 3 18 20 35 42 84 90 1260
2 3 18 20 35 42 84 126 1260
2 3 18 20 35 44 45 77 13860
2 3 18 20 35 44 55 63 13860
2 3 18 20 35 44 55 126 13860
2 3 18 20 35 44 63 66 13860
2 3 18 20 35 44 63 77 13860
2 3 18 20 35 44 63 99 13860
2 3 18 20 35 44 63 110 13860
2 3 18 20 35 44 66 126 13860
2 3 18 20 35 44 70 99 13860
2 3 18 20 35 44 77 90 13860
2 3 18 20 35 44 77 99 13860
2 3 18 20 35 44 77 126 13860
2 3 18 20 35 44 84 99 13860
2 3 18 20 35 44 99 105 13860
2 3 18 20 35 44 99 126 13860
2 3 18 20 35 44 110 126 13860
2 3 18 20 35 45 48 112 5040
2 3 18 20 35 45 52 91 16380
2 3 18 20 35 45 56 72 2520
2 3 18 20 35 45 56 120 2520
2 3 18 20 35 45 60 63 1260
2 3 18 20 35 45 60 70 1260
2 3 18 20 35 45 60 84 1260
2 3 18 20 35 45 60 105 1260
2 3 18 20 35 45 60 126 1260
2 3 18 20 35 45 63 84 1260
2 3 18 20 35 45 68 119 21420
2 3 18 20 35 45 70 84 1260
2 3 18 20 35 45 80 112 5040
2 3 18 20 35 45 84 90 1260
2 3 18 20 35 45 84 105 1260
2 3 18 20 35 45 84 126 1260
2 3 18 20 35 46 63 92 28980
2 3 18 20 35 46 92 126 28980
2 3 18 20 35 48 63 80 5040
2 3 18 20 35 48 63 112 5040
2 3 18 20 35 48 72 112 5040
2 3 18 20 35 48 80 126 5040
2 3 18 20 35 48 90 112 5040
2 3 18 20 35 48 112 126 5040
2 3 18 20 35 50 63 100 6300
2 3 18 20 35 50 100 126 6300
2 3 18 20 35 51 63 68 21420
2 3 18 20 35 51 68 126 21420
2 3 18 20 35 52 63 65 16380
2 3 18 20 35 52 63 78 16380
2 3 18 20 35 52 63 91 16380
2 3 18 20 35 52 63 117 16380
2 3 18 20 35 52 65 126 16380
2 3 18 20 35 52 70 117 16380
2 3 18 20 35 52 78 126 16380
2 3 18 20 35 52 84 117 16380
2 3 18 20 35 52 90 91 16380
2 3 18 20 35 52 91 117 16380
2 3 18 20 35 52 91 126 16380
2 3 18 20 35 52 105 117 16380
2 3 18 20 35 52 117 126 16380
2 3 18 20 35 54 63 108 3780
2 3 18 20 35 54 70 108 3780
2 3 18 20 35 54 84 108 3780
2 3 18 20 35 54 105 108 3780
2 3 18 20 35 54 108 126 3780
2 3 18 20 35 55 84 99 13860
2 3 18 20 35 56 60 72 2520
2 3 18 20 35 56 63 72 2520
2 3 18 20 35 56 63 120 2520
2 3 18 20 35 56 70 72 2520
2 3 18 20 35 56 72 84 2520
2 3 18 20 35 56 72 90 2520
2 3 18 20 35 56 72 105 2520
2 3 18 20 35 56 72 120 2520
2 3 18 20 35 56 72 126 2520
2 3 18 20 35 56 88 99 27720
2 3 18 20 35 56 90 120 2520
2 3 18 20 35 56 104 117 32760
2 3 18 20 35 56 120 126 2520
2 3 18 20 35 57 63 76 23940
2 3 18 20 35 57 76 126 23940
2 3 18 20 35 58 63 116 36540
2 3 18 20 35 58 116 126 36540
2 3 18 20 35 60 63 70 1260
2 3 18 20 35 60 63 84 1260
2 3 18 20 35 60 63 90 1260
2 3 18 20 35 60 63 105 1260
2 3 18 20 35 60 63 126 1260
2 3 18 20 35 60 70 90 1260
2 3 18 20 35 60 70 126 1260
2 3 18 20 35 60 77 99 13860
2 3 18 20 35 60 84 90 1260
2 3 18 20 35 60 84 126 1260
2 3 18 20 35 60 90 105 1260
2 3 18 20 35 60 90 126 1260
2 3 18 20 35 60 91 117 16380
2 3 18 20 35 60 105 126 1260
2 3 18 20 35 62 63 124 39060
2 3 18 20 35 63 68 85 21420
2 3 18 20 35 63 68 102 21420
2 3 18 20 35 63 68 119 21420
2 3 18 20 35 63 69 92 28980
2 3 18 20 35 63 70 84 1260
2 3 18 20 35 63 72 120 2520
2 3 18 20 35 63 75 100 6300
2 3 18 20 35 63 76 95 23940
2 3 18 20 35 63 76 114 23940
2 3 18 20 35 63 80 112 5040
2 3 18 20 35 63 84 90 1260
2 3 18 20 35 63 84 105 1260
2 3 18 20 35 63 84 126 1260
2 3 18 20 35 63 87 116 36540
2 3 18 20 35 63 92 115 28980
2 3 18 20 35 63 93 124 39060
2 3 18 20 35 65 84 117 16380
2 3 18 20 35 66 84 99 13860
2 3 18 20 35 68 85 126 21420
2 3 18 20 35 68 90 119 21420
2 3 18 20 35 69 92 126 28980
2 3 18 20 35 70 72 120 2520
2 3 18 20 35 70 84 90 1260
2 3 18 20 35 70 84 126 1260
2 3 18 20 35 72 77 88 27720
2 3 18 20 35 72 80 112 5040
2 3 18 20 35 72 84 120 2520
2 3 18 20 35 72 91 104 32760
2 3 18 20 35 77 84 99 13860
2 3 18 20 35 78 84 117 16380
2 3 18 20 36 37 45 74 6660
2 3 18 20 36 37 45 111 6660
2 3 18 20 36 37 60 74 6660
2 3 18 20 36 37 60 111 6660
2 3 18 20 36 37 74 90 6660
2 3 18 20 36 37 90 111 6660
2 3 18 20 36 38 45 57 3420
2 3 18 20 36 38 45 76 3420
2 3 18 20 36 38 45 95 3420
2 3 18 20 36 38 45 114 3420
2 3 18 20 36 38 57 60 3420
2 3 18 20 36 38 57 90 3420
2 3 18 20 36 38 57 95 3420
2 3 18 20 36 38 60 76 3420
2 3 18 20 36 38 60 95 3420
2 3 18 20 36 38 60 114 3420
2 3 18 20 36 38 76 90 3420
2 3 18 20 36 38 76 95 3420
2 3 18 20 36 38 90 95 3420
2 3 18 20 36 38 90 114 3420
2 3 18 20 36 38 95 114 3420
2 3 18 20 36 39 40 104 4680
2 3 18 20 36 39 45 52 2340
2 3 18 20 36 39 45 65 2340
2 3 18 20 36 39 45 78 2340
2 3 18 20 36 39 45 117 2340
2 3 18 20 36 39 52 60 2340
2 3 18 20 36 39 52 65 2340
2 3 18 20 36 39 52 90 2340
2 3 18 20 36 39 60 65 2340
2 3 18 20 36 39 60 78 2340
2 3 18 20 36 39 60 117 2340
2 3 18 20 36 39 65 78 2340
2 3 18 20 36 39 65 90 2340
2 3 18 20 36 39 65 117 2340
2 3 18 20 36 39 70 91 16380
2 3 18 20 36 39 78 90 2340
2 3 18 20 36 39 90 117 2340
2 3 18 20 36 39 91 105 16380
2 3 18 20 36 39 104 120 4680
2 3 18 20 36 40 42 56 2520
2 3 18 20 36 40 44 88 3960
2 3 18 20 36 40 45 72 360
2 3 18 20 36 40 45 120 360
2 3 18 20 36 40 48 80 720
2 3 18 20 36 40 52 104 4680
2 3 18 20 36 40 55 88 3960
2 3 18 20 36 40 56 63 2520
2 3 18 20 36 40 56 70 2520
2 3 18 20 36 40 56 84 2520
2 3 18 20 36 40 56 105 2520
2 3 18 20 36 40 56 126 2520
2 3 18 20 36 40 60 72 360
2 3 18 20 36 40 60 120 360
2 3 18 20 36 40 65 104 4680
2 3 18 20 36 40 66 88 3960
2 3 18 20 36 40 72 90 360
2 3 18 20 36 40 72 120 360
2 3 18 20 36 40 78 104 4680
2 3 18 20 36 40 88 99 3960
2 3 18 20 36 40 88 110 3960
2 3 18 20 36 40 90 120 360
2 3 18 20 36 40 104 117 4680
2 3 18 20 36 41 45 82 7380
2 3 18 20 36 41 45 123 7380
2 3 18 20 36 41 60 82 7380
2 3 18 20 36 41 60 123 7380
2 3 18 20 36 41 82 90 7380
2 3 18 20 36 41 90 123 7380
2 3 18 20 36 42 45 63 1260
2 3 18 20 36 42 45 70 1260
2 3 18 20 36 42 45 84 1260
2 3 18 20 36 42 45 105 1260
2 3 18 20 36 42 45 126 1260
2 3 18 20 36 42 55 77 13860
2 3 18 20 36 42 56 120 2520
2 3 18 20 36 42 60 63 1260
2 3 18 20 36 42 60 70 1260
2 3 18 20 36 42 60 84 1260
2 3 18 20 36 42 60 105 1260
2 3 18 20 36 42 60 126 1260
2 3 18 20 36 42 63 70 1260
2 3 18 20 36 42 63 90 1260
2 3 18 20 36 42 63 105 1260
2 3 18 20 36 42 65 91 16380
2 3 18 20 36 42 70 84 1260
2 3 18 20 36 42 70 90 1260
2 3 18 20 36 42 70 105 1260
2 3 18 20 36 42 70 126 1260
2 3 18 20 36 42 77 110 13860
2 3 18 20 36 42 80 112 5040
2 3 18 20 36 42 84 90 1260
2 3 18 20 36 42 84 105 1260
2 3 18 20 36 42 85 119 21420
2 3 18 20 36 42 90 105 1260
2 3 18 20 36 42 90 126 1260
2 3 18 20 36 42 105 126 1260
2 3 18 20 36 43 45 86 7740
2 3 18 20 36 43 60 86 7740
2 3 18 20 36 43 86 90 7740
2 3 18 20 36 44 45 55 1980
2 3 18 20 36 44 45 66 1980
2 3 18 20 36 44 45 99 1980
2 3 18 20 36 44 45 110 1980
2 3 18 20 36 44 55 60 1980
2 3 18 20 36 44 55 66 1980
2 3 18 20 36 44 55 90 1980
2 3 18 20 36 44 55 99 1980
2 3 18 20 36 44 55 110 1980
2 3 18 20 36 44 60 66 1980
2 3 18 20 36 44 60 99 1980
2 3 18 20 36 44 60 110 1980
2 3 18 20 36 44 66 90 1980
2 3 18 20 36 44 66 110 1980
2 3 18 20 36 44 70 77 13860
2 3 18 20 36 44 77 105 13860
2 3 18 20 36 44 88 120 3960
2 3 18 20 36 44 90 99 1980
2 3 18 20 36 44 90 110 1980
2 3 18 20 36 44 99 110 1980
2 3 18 20 36 45 46 69 4140
2 3 18 20 36 45 46 92 4140
2 3 18 20 36 45 46 115 4140
2 3 18 20 36 45 47 94 8460
2 3 18 20 36 45 48 80 720
2 3 18 20 36 45 49 98 8820
2 3 18 20 36 45 50 75 900
2 3 18 20 36 45 50 100 900
2 3 18 20 36 45 51 68 3060
2 3 18 20 36 45 51 85 3060
2 3 18 20 36 45 51 102 3060
2 3 18 20 36 45 52 65 2340
2 3 18 20 36 45 52 78 2340
2 3 18 20 36 45 52 117 2340
2 3 18 20 36 45 53 106 9540
2 3 18 20 36 45 54 108 540
2 3 18 20 36 45 55 66 1980
2 3 18 20 36 45 55 99 1980
2 3 18 20 36 45 55 110 1980
2 3 18 20 36 45 57 76 3420
2 3 18 20 36 45 57 95 3420
2 3 18 20 36 45 57 114 3420
2 3 18 20 36 45 58 87 5220
2 3 18 20 36 45 58 116 5220
2 3 18 20 36 45 59 118 10620
2 3 18 20 36 45 60 90 180
2 3 18 20 36 45 61 122 10980
2 3 18 20 36 45 62 93 5580
2 3 18 20 36 45 62 124 5580
2 3 18 20 36 45 63 70 1260
2 3 18 20 36 45 63 84 1260
2 3 18 20 36 45 63 105 1260
2 3 18 20 36 45 63 126 1260
2 3 18 20 36 45 65 78 2340
2 3 18 20 36 45 65 117 2340
2 3 18 20 36 45 66 99 1980
2 3 18 20 36 45 66 110 1980
2 3 18 20 36 45 68 85 3060
2 3 18 20 36 45 68 102 3060
2 3 18 20 36 45 69 92 4140
2 3 18 20 36 45 69 115 4140
2 3 18 20 36 45 70 84 1260
2 3 18 20 36 45 70 105 1260
2 3 18 20 36 45 70 126 1260
2 3 18 20 36 45 72 120 360
2 3 18 20 36 45 74 111 6660
2 3 18 20 36 45 75 100 900
2 3 18 20 36 45 76 95 3420
2 3 18 20 36 45 76 114 3420
2 3 18 20 36 45 78 117 2340
2 3 18 20 36 45 82 123 7380
2 3 18 20 36 45 84 105 1260
2 3 18 20 36 45 84 126 1260
2 3 18 20 36 45 85 102 3060
2 3 18 20 36 45 87 116 5220
2 3 18 20 36 45 92 115 4140
2 3 18 20 36 45 93 124 5580
2 3 18 20 36 45 95 114 3420
2 3 18 20 36 45 99 110 1980
2 3 18 20 36 45 105 126 1260
2 3 18 20 36 46 60 69 4140
2 3 18 20 36 46 60 92 4140
2 3 18 20 36 46 60 115 4140
2 3 18 20 36 46 69 90 4140
2 3 18 20 36 46 69 115 4140
2 3 18 20 36 46 90 92 4140
2 3 18 20 36 46 90 115 4140
2 3 18 20 36 46 92 115 4140
2 3 18 20 36 47 60 94 8460
2 3 18 20 36 47 90 94 8460
2 3 18 20 36 48 60 80 720
2 3 18 20 36 48 70 112 5040
2 3 18 20 36 48 72 80 720
2 3 18 20 36 48 80 90 720
2 3 18 20 36 48 80 120 720
2 3 18 20 36 48 105 112 5040
2 3 18 20 36 49 60 98 8820
2 3 18 20 36 49 70 98 8820
2 3 18 20 36 49 90 98 8820
2 3 18 20 36 49 98 105 8820
2 3 18 20 36 50 60 75 900
2 3 18 20 36 50 60 100 900
2 3 18 20 36 50 75 90 900
2 3 18 20 36 50 75 100 900
2 3 18 20 36 50 90 100 900
2 3 18 20 36 51 60 68 3060
2 3 18 20 36 51 60 85 3060
2 3 18 20 36 51 60 102 3060
2 3 18 20 36 51 68 85 3060
2 3 18 20 36 51 68 90 3060
2 3 18 20 36 51 70 119 21420
2 3 18 20 36 51 85 90 3060
2 3 18 20 36 51 85 102 3060
2 3 18 20 36 51 90 102 3060
2 3 18 20 36 51 105 119 21420
2 3 18 20 36 52 60 65 2340
2 3 18 20 36 52 60 78 2340
2 3 18 20 36 52 60 117 2340
2 3 18 20 36 52 65 78 2340
2 3 18 20 36 52 65 90 2340
2 3 18 20 36 52 65 117 2340
2 3 18 20 36 52 70 91 16380
2 3 18 20 36 52 78 90 2340
2 3 18 20 36 52 90 117 2340
2 3 18 20 36 52 91 105 16380
2 3 18 20 36 52 104 120 4680
2 3 18 20 36 53 60 106 9540
2 3 18 20 36 53 90 106 9540
2 3 18 20 36 54 60 108 540
2 3 18 20 36 54 90 108 540
2 3 18 20 36 55 60 66 1980
2 3 18 20 36 55 60 99 1980
2 3 18 20 36 55 60 110 1980
2 3 18 20 36 55 63 77 13860
2 3 18 20 36 55 66 90 1980
2 3 18 20 36 55 66 99 1980
2 3 18 20 36 55 66 110 1980
2 3 18 20 36 55 70 77 13860
2 3 18 20 36 55 72 88 3960
2 3 18 20 36 55 77 84 13860
2 3 18 20 36 55 77 105 13860
2 3 18 20 36 55 77 126 13860
2 3 18 20 36 55 88 120 3960
2 3 18 20 36 55 90 99 1980
2 3 18 20 36 55 90 110 1980
2 3 18 20 36 55 99 110 1980
2 3 18 20 36 56 63 120 2520
2 3 18 20 36 56 70 72 2520
2 3 18 20 36 56 70 120 2520
2 3 18 20 36 56 72 105 2520
2 3 18 20 36 56 80 112 5040
2 3 18 20 36 56 84 120 2520
2 3 18 20 36 56 105 120 2520
2 3 18 20 36 56 120 126 2520
2 3 18 20 36 57 60 76 3420
2 3 18 20 36 57 60 95 3420
2 3 18 20 36 57 60 114 3420
2 3 18 20 36 57 76 90 3420
2 3 18 20 36 57 76 95 3420
2 3 18 20 36 57 90 95 3420
2 3 18 20 36 57 90 114 3420
2 3 18 20 36 57 95 114 3420
2 3 18 20 36 58 60 87 5220
2 3 18 20 36 58 60 116 5220
2 3 18 20 36 58 87 90 5220
2 3 18 20 36 58 90 116 5220
2 3 18 20 36 59 60 118 10620
2 3 18 20 36 59 90 118 10620
2 3 18 20 36 60 61 122 10980
2 3 18 20 36 60 62 93 5580
2 3 18 20 36 60 62 124 5580
2 3 18 20 36 60 63 70 1260
2 3 18 20 36 60 63 84 1260
2 3 18 20 36 60 63 105 1260
2 3 18 20 36 60 63 126 1260
2 3 18 20 36 60 65 78 2340
2 3 18 20 36 60 65 117 2340
2 3 18 20 36 60 66 99 1980
2 3 18 20 36 60 66 110 1980
2 3 18 20 36 60 68 85 3060
2 3 18 20 36 60 68 102 3060
2 3 18 20 36 60 69 92 4140
2 3 18 20 36 60 69 115 4140
2 3 18 20 36 60 70 84 1260
2 3 18 20 36 60 70 105 1260
2 3 18 20 36 60 70 126 1260
2 3 18 20 36 60 72 120 360
2 3 18 20 36 60 74 111 6660
2 3 18 20 36 60 75 100 900
2 3 18 20 36 60 76 95 3420
2 3 18 20 36 60 76 114 3420
2 3 18 20 36 60 78 117 2340
2 3 18 20 36 60 82 123 7380
2 3 18 20 36 60 84 105 1260
2 3 18 20 36 60 84 126 1260
2 3 18 20 36 60 85 102 3060
2 3 18 20 36 60 87 116 5220
2 3 18 20 36 60 92 115 4140
2 3 18 20 36 60 93 124 5580
2 3 18 20 36 60 95 114 3420
2 3 18 20 36 60 99 110 1980
2 3 18 20 36 60 105 126 1260
2 3 18 20 36 61 90 122 10980
2 3 18 20 36 62 90 93 5580
2 3 18 20 36 62 90 124 5580
2 3 18 20 36 63 65 91 16380
2 3 18 20 36 63 70 84 1260
2 3 18 20 36 63 70 90 1260
2 3 18 20 36 63 70 105 1260
2 3 18 20 36 63 70 126 1260
2 3 18 20 36 63 77 110 13860
2 3 18 20 36 63 80 112 5040
2 3 18 20 36 63 84 90 1260
2 3 18 20 36 63 84 105 1260
2 3 18 20 36 63 85 119 21420
2 3 18 20 36 63 90 105 1260
2 3 18 20 36 63 90 126 1260
2 3 18 20 36 65 70 91 16380
2 3 18 20 36 65 72 104 4680
2 3 18 20 36 65 78 90 2340
2 3 18 20 36 65 78 117 2340
2 3 18 20 36 65 84 91 16380
2 3 18 20 36 65 90 117 2340
2 3 18 20 36 65 91 105 16380
2 3 18 20 36 65 91 126 16380
2 3 18 20 36 66 70 77 13860
2 3 18 20 36 66 77 105 13860
2 3 18 20 36 66 88 120 3960
2 3 18 20 36 66 90 99 1980
2 3 18 20 36 66 90 110 1980
2 3 18 20 36 66 99 110 1980
2 3 18 20 36 68 70 119 21420
2 3 18 20 36 68 85 90 3060
2 3 18 20 36 68 85 102 3060
2 3 18 20 36 68 90 102 3060
2 3 18 20 36 69 90 92 4140
2 3 18 20 36 69 90 115 4140
2 3 18 20 36 69 92 115 4140
2 3 18 20 36 70 77 99 13860
2 3 18 20 36 70 77 110 13860
2 3 18 20 36 70 78 91 16380
2 3 18 20 36 70 80 112 5040
2 3 18 20 36 70 84 90 1260
2 3 18 20 36 70 84 105 1260
2 3 18 20 36 70 84 126 1260
2 3 18 20 36 70 85 119 21420
2 3 18 20 36 70 90 105 1260
2 3 18 20 36 70 91 117 16380
2 3 18 20 36 72 88 110 3960
2 3 18 20 36 74 90 111 6660
2 3 18 20 36 75 90 100 900
2 3 18 20 36 76 90 95 3420
2 3 18 20 36 77 84 110 13860
2 3 18 20 37 40 72 74 13320
2 3 18 20 37 40 72 111 13320
2 3 18 20 37 45 60 74 6660
2 3 18 20 37 45 60 111 6660
2 3 18 20 37 60 74 90 6660
2 3 18 20 37 60 90 111 6660
2 3 18 20 37 72 74 120 13320
2 3 18 20 38 40 57 72 6840
2 3 18 20 38 40 72 76 6840
2 3 18 20 38 40 72 95 6840
2 3 18 20 38 40 72 114 6840
2 3 18 20 38 44 95 99 37620
2 3 18 20 38 45 57 60 3420
2 3 18 20 38 45 57 76 3420
2 3 18 20 38 45 60 76 3420
2 3 18 20 38 45 60 95 3420
2 3 18 20 38 45 60 114 3420
2 3 18 20 38 45 76 90 3420
2 3 18 20 38 45 76 95 3420
2 3 18 20 38 45 76 114 3420
2 3 18 20 38 52 95 117 44460
2 3 18 20 38 54 95 108 10260
2 3 18 20 38 55 76 99 37620
2 3 18 20 38 57 60 90 3420
2 3 18 20 38 57 72 120 6840
2 3 18 20 38 57 76 90 3420
2 3 18 20 38 60 76 90 3420
2 3 18 20 38 60 90 95 3420
2 3 18 20 38 60 90 114 3420
2 3 18 20 38 63 70 76 23940
2 3 18 20 38 63 76 105 23940
2 3 18 20 38 63 84 95 23940
2 3 18 20 38 65 76 117 44460
2 3 18 20 38 70 76 126 23940
2 3 18 20 38 72 76 120 6840
2 3 18 20 39 40 45 104 4680
2 3 18 20 39 40 52 72 4680
2 3 18 20 39 40 65 72 4680
2 3 18 20 39 40 72 78 4680
2 3 18 20 39 40 72 104 4680
2 3 18 20 39 40 72 117 4680
2 3 18 20 39 40 90 104 4680
2 3 18 20 39 40 104 117 4680
2 3 18 20 39 40 117 120 4680
2 3 18 20 39 44 55 117 25740
2 3 18 20 39 44 65 99 25740
2 3 18 20 39 44 110 117 25740
2 3 18 20 39 45 52 60 2340
2 3 18 20 39 45 52 65 2340
2 3 18 20 39 45 52 78 2340
2 3 18 20 39 45 52 90 2340
2 3 18 20 39 45 52 117 2340
2 3 18 20 39 45 60 65 2340
2 3 18 20 39 45 60 78 2340
2 3 18 20 39 45 60 117 2340
2 3 18 20 39 45 72 104 4680
2 3 18 20 39 45 84 91 16380
2 3 18 20 39 45 104 120 4680
2 3 18 20 39 48 80 117 9360
2 3 18 20 39 50 100 117 11700
2 3 18 20 39 52 55 99 25740
2 3 18 20 39 52 60 90 2340
2 3 18 20 39 52 60 117 2340
2 3 18 20 39 52 63 70 16380
2 3 18 20 39 52 63 105 16380
2 3 18 20 39 52 65 90 2340
2 3 18 20 39 52 65 117 2340
2 3 18 20 39 52 70 126 16380
2 3 18 20 39 52 72 120 4680
2 3 18 20 39 52 78 90 2340
2 3 18 20 39 52 90 117 2340
2 3 18 20 39 52 99 110 25740
2 3 18 20 39 52 105 126 16380
2 3 18 20 39 54 65 108 7020
2 3 18 20 39 60 63 91 16380
2 3 18 20 39 60 65 90 2340
2 3 18 20 39 60 65 117 2340
2 3 18 20 39 60 72 104 4680
2 3 18 20 39 60 78 90 2340
2 3 18 20 39 60 78 117 2340
2 3 18 20 39 60 90 117 2340
2 3 18 20 39 60 91 126 16380
2 3 18 20 39 63 65 84 16380
2 3 18 20 39 65 72 104 4680
2 3 18 20 39 65 72 120 4680
2 3 18 20 40 41 72 82 14760
2 3 18 20 40 41 72 123 14760
2 3 18 20 40 42 45 56 2520
2 3 18 20 40 42 56 63 2520
2 3 18 20 40 42 56 72 2520
2 3 18 20 40 42 56 90 2520
2 3 18 20 40 42 56 126 2520
2 3 18 20 40 42 63 72 2520
2 3 18 20 40 42 63 120 2520
2 3 18 20 40 42 70 72 2520
2 3 18 20 40 42 72 84 2520
2 3 18 20 40 42 72 105 2520
2 3 18 20 40 42 72 126 2520
2 3 18 20 40 42 120 126 2520
2 3 18 20 40 43 72 86 15480
2 3 18 20 40 44 45 88 3960
2 3 18 20 40 44 55 72 3960
2 3 18 20 40 44 66 72 3960
2 3 18 20 40 44 72 88 3960
2 3 18 20 40 44 72 99 3960
2 3 18 20 40 44 72 110 3960
2 3 18 20 40 44 88 90 3960
2 3 18 20 40 44 88 99 3960
2 3 18 20 40 44 99 120 3960
2 3 18 20 40 45 48 80 720
2 3 18 20 40 45 52 104 4680
2 3 18 20 40 45 55 88 3960
2 3 18 20 40 45 56 63 2520
2 3 18 20 40 45 56 70 2520
2 3 18 20 40 45 56 84 2520
2 3 18 20 40 45 56 105 2520
2 3 18 20 40 45 56 126 2520
2 3 18 20 40 45 60 72 360
2 3 18 20 40 45 60 120 360
2 3 18 20 40 45 65 104 4680
2 3 18 20 40 45 66 88 3960
2 3 18 20 40 45 72 90 360
2 3 18 20 40 45 72 120 360
2 3 18 20 40 45 78 104 4680
2 3 18 20 40 45 88 99 3960
2 3 18 20 40 45 88 110 3960
2 3 18 20 40 45 90 120 360
2 3 18 20 40 45 104 117 4680
2 3 18 20 40 46 69 72 8280
2 3 18 20 40 46 72 92 8280
2 3 18 20 40 46 72 115 8280
2 3 18 20 40 47 72 94 16920
2 3 18 20 40 48 63 112 5040
2 3 18 20 40 48 72 80 720
2 3 18 20 40 48 80 90 720
2 3 18 20 40 48 112 126 5040
2 3 18 20 40 49 72 98 17640
2 3 18 20 40 50 72 75 1800
2 3 18 20 40 50 72 100 1800
2 3 18 20 40 51 68 72 6120
2 3 18 20 40 51 72 85 6120
2 3 18 20 40 51 72 102 6120
2 3 18 20 40 52 65 72 4680
2 3 18 20 40 52 72 78 4680
2 3 18 20 40 52 72 104 4680
2 3 18 20 40 52 72 117 4680
2 3 18 20 40 52 90 104 4680
2 3 18 20 40 52 104 117 4680
2 3 18 20 40 53 72 106 19080
2 3 18 20 40 54 72 108 1080
2 3 18 20 40 55 66 72 3960
2 3 18 20 40 55 72 88 3960
2 3 18 20 40 55 72 99 3960
2 3 18 20 40 55 72 110 3960
2 3 18 20 40 55 88 90 3960
2 3 18 20 40 55 88 99 3960
2 3 18 20 40 55 99 120 3960
2 3 18 20 40 56 60 63 2520
2 3 18 20 40 56 60 126 2520
2 3 18 20 40 56 63 70 2520
2 3 18 20 40 56 63 72 2520
2 3 18 20 40 56 63 84 2520
2 3 18 20 40 56 63 90 2520
2 3 18 20 40 56 63 105 2520
2 3 18 20 40 56 63 120 2520
2 3 18 20 40 56 63 126 2520
2 3 18 20 40 56 70 72 2520
2 3 18 20 40 56 70 90 2520
2 3 18 20 40 56 70 126 2520
2 3 18 20 40 56 72 84 2520
2 3 18 20 40 56 72 105 2520
2 3 18 20 40 56 72 126 2520
2 3 18 20 40 56 77 99 27720
2 3 18 20 40 56 84 90 2520
2 3 18 20 40 56 84 126 2520
2 3 18 20 40 56 90 105 2520
2 3 18 20 40 56 90 126 2520
2 3 18 20 40 56 91 117 32760
2 3 18 20 40 57 72 76 6840
2 3 18 20 40 57 72 95 6840
2 3 18 20 40 57 72 114 6840
2 3 18 20 40 58 72 87 10440
2 3 18 20 40 58 72 116 10440
2 3 18 20 40 59 72 118 21240
2 3 18 20 40 60 72 90 360
2 3 18 20 40 60 72 120 360
2 3 18 20 40 60 88 99 3960
2 3 18 20 40 61 72 122 21960
2 3 18 20 40 62 72 93 11160
2 3 18 20 40 62 72 124 11160
2 3 18 20 40 63 70 72 2520
2 3 18 20 40 63 70 120 2520
2 3 18 20 40 63 72 84 2520
2 3 18 20 40 63 72 105 2520
2 3 18 20 40 63 72 126 2520
2 3 18 20 40 63 77 88 27720
2 3 18 20 40 63 80 112 5040
2 3 18 20 40 63 91 104 32760
2 3 18 20 40 65 72 78 4680
2 3 18 20 40 65 72 104 4680
2 3 18 20 40 65 72 117 4680
2 3 18 20 40 66 72 88 3960
2 3 18 20 40 66 72 99 3960
2 3 18 20 40 66 72 110 3960
2 3 18 20 40 66 88 90 3960
2 3 18 20 40 66 88 99 3960
2 3 18 20 40 68 72 85 6120
2 3 18 20 40 68 72 102 6120
2 3 18 20 40 69 72 92 8280
2 3 18 20 40 69 72 115 8280
2 3 18 20 40 70 72 84 2520
2 3 18 20 40 70 72 105 2520
2 3 18 20 40 72 74 111 13320
2 3 18 20 40 72 75 100 1800
2 3 18 20 40 72 76 95 6840
2 3 18 20 40 72 78 104 4680
2 3 18 20 41 45 60 82 7380
2 3 18 20 41 45 60 123 7380
2 3 18 20 41 60 82 90 7380
2 3 18 20 42 44 45 77 13860
2 3 18 20 42 44 55 63 13860
2 3 18 20 42 44 55 126 13860
2 3 18 20 42 44 63 110 13860
2 3 18 20 42 44 70 99 13860
2 3 18 20 42 44 77 90 13860
2 3 18 20 42 44 99 105 13860
2 3 18 20 42 44 110 126 13860
2 3 18 20 42 45 48 112 5040
2 3 18 20 42 45 52 91 16380
2 3 18 20 42 45 56 72 2520
2 3 18 20 42 45 56 120 2520
2 3 18 20 42 45 60 63 1260
2 3 18 20 42 45 60 70 1260
2 3 18 20 42 45 60 84 1260
2 3 18 20 42 45 60 105 1260
2 3 18 20 42 45 60 126 1260
2 3 18 20 42 45 63 84 1260
2 3 18 20 42 45 68 119 21420
2 3 18 20 42 45 70 84 1260
2 3 18 20 42 45 80 112 5040
2 3 18 20 42 45 84 90 1260
2 3 18 20 42 45 84 105 1260
2 3 18 20 42 45 84 126 1260
2 3 18 20 42 48 63 80 5040
2 3 18 20 42 48 80 126 5040
2 3 18 20 42 48 90 112 5040
2 3 18 20 42 50 63 100 6300
2 3 18 20 42 50 100 126 6300
2 3 18 20 42 52 63 65 16380
2 3 18 20 42 52 65 126 16380
2 3 18 20 42 52 70 117 16380
2 3 18 20 42 52 90 91 16380
2 3 18 20 42 54 70 108 3780
2 3 18 20 42 55 84 99 13860
2 3 18 20 42 56 60 72 2520
2 3 18 20 42 56 63 120 2520
2 3 18 20 42 56 70 72 2520
2 3 18 20 42 56 72 90 2520
2 3 18 20 42 56 72 105 2520
2 3 18 20 42 56 72 120 2520
2 3 18 20 42 60 63 70 1260
2 3 18 20 42 60 63 84 1260
2 3 18 20 42 60 63 90 1260
2 3 18 20 42 60 63 105 1260
2 3 18 20 42 60 63 126 1260
2 3 18 20 42 60 70 90 1260
2 3 18 20 42 60 70 126 1260
2 3 18 20 42 60 77 99 13860
2 3 18 20 42 60 84 90 1260
2 3 18 20 42 63 68 85 21420
2 3 18 20 42 63 70 84 1260
2 3 18 20 42 63 72 120 2520
2 3 18 20 42 63 75 100 6300
2 3 18 20 42 63 76 95 23940
2 3 18 20 42 63 84 90 1260
2 3 18 20 43 45 60 86 7740
2 3 18 20 43 60 86 90 7740
2 3 18 20 44 45 55 60 1980
2 3 18 20 44 45 55 66 1980
2 3 18 20 44 45 55 90 1980
2 3 18 20 44 45 55 99 1980
2 3 18 20 44 45 55 110 1980
2 3 18 20 44 45 60 66 1980
2 3 18 20 44 45 60 99 1980
2 3 18 20 44 45 60 110 1980
2 3 18 20 44 45 63 77 13860
2 3 18 20 44 45 66 90 1980
2 3 18 20 44 45 66 99 1980
2 3 18 20 44 45 66 110 1980
2 3 18 20 44 45 70 77 13860
2 3 18 20 44 45 72 88 3960
2 3 18 20 44 45 77 84 13860
2 3 18 20 44 45 77 105 13860
2 3 18 20 44 45 77 126 13860
2 3 18 20 44 45 88 120 3960
2 3 18 20 44 45 90 99 1980
2 3 18 20 44 45 90 110 1980
2 3 18 20 44 45 99 110 1980
2 3 18 20 44 46 99 115 45540
2 3 18 20 44 48 80 99 7920
2 3 18 20 44 50 75 99 9900
2 3 18 20 44 50 99 100 9900
2 3 18 20 44 51 85 99 33660
2 3 18 20 44 52 55 117 25740
2 3 18 20 44 52 65 99 25740
2 3 18 20 44 54 55 108 5940
2 3 18 20 44 55 60 90 1980
2 3 18 20 44 55 60 99 1980
2 3 18 20 44 55 63 70 13860
2 3 18 20 44 55 63 77 13860
2 3 18 20 44 55 63 84 13860
2 3 18 20 44 55 63 105 13860
2 3 18 20 44 55 63 126 13860
2 3 18 20 44 55 65 117 25740
2 3 18 20 44 55 66 90 1980
2 3 18 20 44 55 66 99 1980
2 3 18 20 44 55 70 126 13860
2 3 18 20 44 55 72 88 3960
2 3 18 20 44 55 72 120 3960
2 3 18 20 44 55 77 126 13860
2 3 18 20 44 55 78 117 25740
2 3 18 20 44 55 90 99 1980
2 3 18 20 44 60 63 77 13860
2 3 18 20 44 60 66 90 1980
2 3 18 20 44 60 66 99 1980
2 3 18 20 44 60 72 88 3960
2 3 18 20 44 63 66 70 13860
2 3 18 20 44 63 66 105 13860
2 3 18 20 44 63 70 77 13860
2 3 18 20 44 63 70 99 13860
2 3 18 20 44 63 70 110 13860
2 3 18 20 44 63 77 90 13860
2 3 18 20 44 65 66 117 25740
2 3 18 20 45 46 60 69 4140
2 3 18 20 45 46 60 92 4140
2 3 18 20 45 46 60 115 4140
2 3 18 20 45 46 69 92 4140
2 3 18 20 45 46 90 92 4140
2 3 18 20 45 46 92 115 4140
2 3 18 20 45 47 60 94 8460
2 3 18 20 45 48 56 112 5040
2 3 18 20 45 48 60 80 720
2 3 18 20 45 48 63 112 5040
2 3 18 20 45 48 70 112 5040
2 3 18 20 45 48 72 80 720
2 3 18 20 45 48 80 90 720
2 3 18 20 45 48 80 120 720
2 3 18 20 45 48 84 112 5040
2 3 18 20 45 48 105 112 5040
2 3 18 20 45 49 60 98 8820
2 3 18 20 45 49 84 98 8820
2 3 18 20 45 50 60 75 900
2 3 18 20 45 50 60 100 900
2 3 18 20 45 50 75 100 900
2 3 18 20 45 50 90 100 900
2 3 18 20 45 51 60 68 3060
2 3 18 20 45 51 60 85 3060
2 3 18 20 45 51 60 102 3060
2 3 18 20 45 51 68 85 3060
2 3 18 20 45 51 68 90 3060
2 3 18 20 45 51 68 102 3060
2 3 18 20 45 51 84 119 21420
2 3 18 20 45 52 60 65 2340
2 3 18 20 45 52 60 78 2340
2 3 18 20 45 52 60 117 2340
2 3 18 20 45 52 63 91 16380
2 3 18 20 45 52 65 78 2340
2 3 18 20 45 52 65 90 2340
2 3 18 20 45 52 65 117 2340
2 3 18 20 45 52 70 91 16380
2 3 18 20 45 52 72 104 4680
2 3 18 20 45 52 78 90 2340
2 3 18 20 45 52 78 117 2340
2 3 18 20 45 52 84 91 16380
2 3 18 20 45 52 91 105 16380
2 3 18 20 45 53 60 106 9540
2 3 18 20 45 54 60 108 540
2 3 18 20 45 55 60 66 1980
2 3 18 20 45 55 60 99 1980
2 3 18 20 45 55 60 110 1980
2 3 18 20 45 55 72 88 3960
2 3 18 20 45 55 77 84 13860
2 3 18 20 45 56 63 72 2520
2 3 18 20 45 56 63 120 2520
2 3 18 20 45 56 70 72 2520
2 3 18 20 45 56 70 120 2520
2 3 18 20 45 56 72 84 2520
2 3 18 20 45 56 72 105 2520
2 3 18 20 45 56 72 126 2520
2 3 18 20 45 56 77 88 27720
2 3 18 20 45 56 80 112 5040
2 3 18 20 45 57 60 76 3420
2 3 18 20 45 57 60 95 3420
2 3 18 20 45 57 60 114 3420
2 3 18 20 45 57 76 90 3420
2 3 18 20 45 57 76 95 3420
2 3 18 20 45 57 76 114 3420
2 3 18 20 45 58 60 87 5220
2 3 18 20 45 58 60 116 5220
2 3 18 20 45 59 60 118 10620
2 3 18 20 45 60 61 122 10980
2 3 18 20 45 60 62 93 5580
2 3 18 20 45 60 62 124 5580
2 3 18 20 45 60 63 70 1260
2 3 18 20 45 60 63 84 1260
2 3 18 20 45 60 63 105 1260
2 3 18 20 45 60 63 126 1260
2 3 18 20 45 60 65 78 2340
2 3 18 20 45 60 65 117 2340
2 3 18 20 45 60 66 99 1980
2 3 18 20 45 60 66 110 1980
2 3 18 20 45 60 68 85 3060
2 3 18 20 45 60 68 102 3060
2 3 18 20 45 60 69 92 4140
2 3 18 20 45 60 69 115 4140
2 3 18 20 45 60 70 84 1260
2 3 18 20 45 60 70 105 1260
2 3 18 20 45 60 74 111 6660
2 3 18 20 45 60 75 100 900
2 3 18 20 45 60 76 95 3420
2 3 18 20 45 63 68 119 21420
2 3 18 20 45 63 70 84 1260
2 3 18 20 45 66 72 88 3960
2 3 18 20 45 66 77 84 13860
2 3 18 20 46 60 69 90 4140
2 3 18 20 46 63 70 92 28980
2 3 18 20 48 55 80 99 7920
2 3 18 20 48 56 63 80 5040
2 3 18 20 48 60 63 112 5040
2 3 18 20 48 60 72 80 720
2 3 18 20 48 63 70 80 5040
2 3 18 20 49 60 63 98 8820
2 3 18 20 51 55 68 99 33660
2 3 18 20 51 60 68 90 3060
2 3 18 20 51 63 68 70 21420
2 3 18 20 52 54 65 108 7020
2 3 18 20 52 55 65 99 25740
2 3 18 20 52 60 63 91 16380
2 3 18 20 52 60 65 90 2340
2 3 18 20 52 63 65 70 16380
2 3 18 20 52 63 65 84 16380
2 3 18 20 52 63 65 91 16380
2 3 18 20 52 63 70 78 16380
2 3 18 20 55 56 63 88 27720
2 3 18 20 55 56 72 77 27720
2 3 18 20 55 60 63 77 13860
2 3 18 20 56 60 63 72 2520
2 3 18 20 56 60 70 72 2520
2 3 18 20 56 63 70 72 2520
2 3 18 21 22 24 56 99 5544
2 3 18 21 22 24 63 88 5544
2 3 18 21 22 24 72 77 5544
2 3 18 21 22 24 88 126 5544
2 3 18 21 22 26 77 117 18018
2 3 18 21 22 26 91 99 18018
2 3 18 21 22 27 54 77 4158
2 3 18 21 22 28 33 36 2772
2 3 18 21 22 28 36 44 2772
2 3 18 21 22 28 36 66 2772
2 3 18 21 22 28 36 77 2772
2 3 18 21 22 28 36 99 2772
2 3 18 21 22 28 44 63 2772
2 3 18 21 22 28 44 99 2772
2 3 18 21 22 28 44 126 2772
2 3 18 21 22 28 72 88 5544
2 3 18 21 22 28 84 99 2772
2 3 18 21 22 30 35 99 6930
2 3 18 21 22 30 45 77 6930
2 3 18 21 22 30 55 63 6930
2 3 18 21 22 30 55 126 6930
2 3 18 21 22 30 63 110 6930
2 3 18 21 22 30 70 99 6930
2 3 18 21 22 30 77 90 6930
2 3 18 21 22 30 99 105 6930
2 3 18 21 22 30 110 126 6930
2 3 18 21 22 33 35 45 6930
2 3 18 21 22 33 35 90 6930
2 3 18 21 22 33 36 84 2772
2 3 18 21 22 33 42 63 1386
2 3 18 21 22 33 42 99 1386
2 3 18 21 22 33 42 126 1386
2 3 18 21 22 33 45 70 6930
2 3 18 21 22 33 45 105 6930
2 3 18 21 22 33 56 72 5544
2 3 18 21 22 33 63 66 1386
2 3 18 21 22 33 63 77 1386
2 3 18 21 22 33 63 99 1386
2 3 18 21 22 33 63 126 1386
2 3 18 21 22 33 66 126 1386
2 3 18 21 22 33 70 90 6930
2 3 18 21 22 33 77 99 1386
2 3 18 21 22 33 77 126 1386
2 3 18 21 22 33 90 105 6930
2 3 18 21 22 33 91 117 18018
2 3 18 21 22 33 99 126 1386
2 3 18 21 22 34 99 119 23562
2 3 18 21 22 35 45 55 6930
2 3 18 21 22 35 45 66 6930
2 3 18 21 22 35 45 77 6930
2 3 18 21 22 35 45 99 6930
2 3 18 21 22 35 45 110 6930
2 3 18 21 22 35 55 63 6930
2 3 18 21 22 35 55 90 6930
2 3 18 21 22 35 55 99 6930
2 3 18 21 22 35 55 126 6930
2 3 18 21 22 35 63 110 6930
2 3 18 21 22 35 66 90 6930
2 3 18 21 22 35 70 99 6930
2 3 18 21 22 35 77 90 6930
2 3 18 21 22 35 90 99 6930
2 3 18 21 22 35 90 110 6930
2 3 18 21 22 35 99 105 6930
2 3 18 21 22 35 99 110 6930
2 3 18 21 22 35 110 126 6930
2 3 18 21 22 36 42 44 2772
2 3 18 21 22 36 44 63 2772
2 3 18 21 22 36 44 77 2772
2 3 18 21 22 36 44 84 2772
2 3 18 21 22 36 44 126 2772
2 3 18 21 22 36 56 88 5544
2 3 18 21 22 36 66 84 2772
2 3 18 21 22 36 77 84 2772
2 3 18 21 22 36 84 99 2772
2 3 18 21 22 39 77 117 18018
2 3 18 21 22 39 91 99 18018
2 3 18 21 22 42 45 55 6930
2 3 18 21 22 42 45 110 6930
2 3 18 21 22 42 55 90 6930
2 3 18 21 22 42 63 66 1386
2 3 18 21 22 42 63 77 1386
2 3 18 21 22 42 63 99 1386
2 3 18 21 22 42 66 99 1386
2 3 18 21 22 42 66 126 1386
2 3 18 21 22 42 72 88 5544
2 3 18 21 22 42 77 99 1386
2 3 18 21 22 42 77 126 1386
2 3 18 21 22 42 90 110 6930
2 3 18 21 22 42 99 126 1386
2 3 18 21 22 44 56 72 5544
2 3 18 21 22 44 63 84 2772
2 3 18 21 22 44 84 99 2772
2 3 18 21 22 44 84 126 2772
2 3 18 21 22 45 55 63 6930
2 3 18 21 22 45 55 70 6930
2 3 18 21 22 45 55 77 6930
2 3 18 21 22 45 55 105 6930
2 3 18 21 22 45 55 126 6930
2 3 18 21 22 45 63 110 6930
2 3 18 21 22 45 66 70 6930
2 3 18 21 22 45 66 105 6930
2 3 18 21 22 45 70 77 6930
2 3 18 21 22 45 70 99 6930
2 3 18 21 22 45 70 110 6930
2 3 18 21 22 45 77 90 6930
2 3 18 21 22 45 77 105 6930
2 3 18 21 22 45 77 110 6930
2 3 18 21 22 45 99 105 6930
2 3 18 21 22 45 105 110 6930
2 3 18 21 22 45 110 126 6930
2 3 18 21 22 48 99 112 11088
2 3 18 21 22 49 98 99 9702
2 3 18 21 22 51 99 119 23562
2 3 18 21 22 55 63 70 6930
2 3 18 21 22 55 63 90 6930
2 3 18 21 22 55 63 105 6930
2 3 18 21 22 55 63 110 6930
2 3 18 21 22 55 70 90 6930
2 3 18 21 22 55 70 99 6930
2 3 18 21 22 55 70 126 6930
2 3 18 21 22 55 77 90 6930
2 3 18 21 22 55 90 105 6930
2 3 18 21 22 55 90 126 6930
2 3 18 21 22 55 99 105 6930
2 3 18 21 22 55 105 126 6930
2 3 18 21 22 55 110 126 6930
2 3 18 21 22 56 63 88 5544
2 3 18 21 22 56 66 72 5544
2 3 18 21 22 56 72 77 5544
2 3 18 21 22 56 72 88 5544
2 3 18 21 22 56 72 99 5544
2 3 18 21 22 56 88 99 5544
2 3 18 21 22 56 88 126 5544
2 3 18 21 22 63 66 77 1386
2 3 18 21 22 63 66 99 1386
2 3 18 21 22 63 66 126 1386
2 3 18 21 22 63 70 110 6930
2 3 18 21 22 63 72 88 5544
2 3 18 21 22 63 77 99 1386
2 3 18 21 22 63 77 126 1386
2 3 18 21 22 63 90 110 6930
2 3 18 21 22 63 99 126 1386
2 3 18 21 22 63 105 110 6930
2 3 18 21 22 66 70 90 6930
2 3 18 21 22 66 77 99 1386
2 3 18 21 22 66 77 126 1386
2 3 18 21 22 66 90 105 6930
2 3 18 21 22 66 91 117 18018
2 3 18 21 22 66 99 126 1386
2 3 18 21 22 70 77 90 6930
2 3 18 21 22 70 90 99 6930
2 3 18 21 22 70 90 110 6930
2 3 18 21 22 70 99 105 6930
2 3 18 21 22 70 99 110 6930
2 3 18 21 22 70 110 126 6930
2 3 18 21 22 72 77 88 5544
2 3 18 21 22 72 84 88 5544
2 3 18 21 22 72 88 126 5544
2 3 18 21 22 77 78 117 18018
2 3 18 21 22 77 90 105 6930
2 3 18 21 22 77 90 110 6930
2 3 18 21 22 77 91 117 18018
2 3 18 21 22 77 99 126 1386
2 3 18 21 22 78 91 99 18018
2 3 18 21 22 90 99 105 6930
2 3 18 21 22 90 105 110 6930
2 3 18 21 22 90 110 126 6930
2 3 18 21 22 91 99 117 18018
2 3 18 21 22 99 102 119 23562
2 3 18 21 22 99 105 110 6930
2 3 18 21 22 105 110 126 6930
2 3 18 21 23 28 36 46 5796
2 3 18 21 23 28 36 69 5796
2 3 18 21 23 28 36 92 5796
2 3 18 21 23 28 63 92 5796
2 3 18 21 23 28 92 126 5796
2 3 18 21 23 30 63 115 14490
2 3 18 21 23 30 115 126 14490
2 3 18 21 23 35 45 46 14490
2 3 18 21 23 35 45 69 14490
2 3 18 21 23 35 45 115 14490
2 3 18 21 23 35 46 90 14490
2 3 18 21 23 35 63 115 14490
2 3 18 21 23 35 69 90 14490
2 3 18 21 23 35 90 115 14490
2 3 18 21 23 35 115 126 14490
2 3 18 21 23 36 42 92 5796
2 3 18 21 23 36 46 84 5796
2 3 18 21 23 36 63 92 5796
2 3 18 21 23 36 69 84 5796
2 3 18 21 23 36 84 92 5796
2 3 18 21 23 36 92 126 5796
2 3 18 21 23 42 45 115 14490
2 3 18 21 23 42 46 63 2898
2 3 18 21 23 42 46 126 2898
2 3 18 21 23 42 63 69 2898
2 3 18 21 23 42 69 126 2898
2 3 18 21 23 42 90 115 14490
2 3 18 21 23 45 46 70 14490
2 3 18 21 23 45 46 105 14490
2 3 18 21 23 45 63 115 14490
2 3 18 21 23 45 69 70 14490
2 3 18 21 23 45 69 105 14490
2 3 18 21 23 45 70 115 14490
2 3 18 21 23 45 105 115 14490
2 3 18 21 23 45 115 126 14490
2 3 18 21 23 46 56 72 11592
2 3 18 21 23 46 63 69 2898
2 3 18 21 23 46 63 126 2898
2 3 18 21 23 46 69 126 2898
2 3 18 21 23 46 70 90 14490
2 3 18 21 23 46 77 99 31878
2 3 18 21 23 46 90 105 14490
2 3 18 21 23 46 91 117 37674
2 3 18 21 23 56 69 72 11592
2 3 18 21 23 56 72 92 11592
2 3 18 21 23 63 69 126 2898
2 3 18 21 23 63 70 115 14490
2 3 18 21 23 63 84 92 5796
2 3 18 21 23 63 90 115 14490
2 3 18 21 23 63 105 115 14490
2 3 18 21 23 69 70 90 14490
2 3 18 21 23 69 77 99 31878
2 3 18 21 23 69 90 105 14490
2 3 18 21 23 69 91 117 37674
2 3 18 21 23 70 90 115 14490
2 3 18 21 23 70 115 126 14490
2 3 18 21 23 84 92 126 5796
2 3 18 21 23 90 105 115 14490
2 3 18 21 23 90 115 126 14490
2 3 18 21 23 105 115 126 14490
2 3 18 21 24 26 56 117 6552
2 3 18 21 24 26 63 104 6552
2 3 18 21 24 26 72 91 6552
2 3 18 21 24 26 104 126 6552
2 3 18 21 24 27 54 56 1512
2 3 18 21 24 27 56 108 1512
2 3 18 21 24 28 36 56 504
2 3 18 21 24 28 36 72 504
2 3 18 21 24 28 40 45 2520
2 3 18 21 24 28 40 90 2520
2 3 18 21 24 28 42 72 504
2 3 18 21 24 28 45 120 2520
2 3 18 21 24 28 56 63 504
2 3 18 21 24 28 56 72 504
2 3 18 21 24 28 56 126 504
2 3 18 21 24 28 63 72 504
2 3 18 21 24 28 72 84 504
2 3 18 21 24 28 72 126 504
2 3 18 21 24 28 88 99 5544
2 3 18 21 24 28 90 120 2520
2 3 18 21 24 28 104 117 6552
2 3 18 21 24 30 35 72 2520
2 3 18 21 24 30 40 63 2520
2 3 18 21 24 30 40 126 2520
2 3 18 21 24 30 45 56 2520
2 3 18 21 24 30 56 90 2520
2 3 18 21 24 30 63 120 2520
2 3 18 21 24 30 70 72 2520
2 3 18 21 24 30 72 105 2520
2 3 18 21 24 30 120 126 2520
2 3 18 21 24 32 63 96 2016
2 3 18 21 24 32 96 126 2016
2 3 18 21 24 33 56 99 5544
2 3 18 21 24 33 63 88 5544
2 3 18 21 24 33 72 77 5544
2 3 18 21 24 33 88 126 5544
2 3 18 21 24 34 72 119 8568
2 3 18 21 24 35 36 40 2520
2 3 18 21 24 35 36 120 2520
2 3 18 21 24 35 40 45 2520
2 3 18 21 24 35 40 63 2520
2 3 18 21 24 35 40 72 2520
2 3 18 21 24 35 40 90 2520
2 3 18 21 24 35 40 126 2520
2 3 18 21 24 35 45 56 2520
2 3 18 21 24 35 45 72 2520
2 3 18 21 24 35 45 120 2520
2 3 18 21 24 35 56 90 2520
2 3 18 21 24 35 60 72 2520
2 3 18 21 24 35 63 120 2520
2 3 18 21 24 35 70 72 2520
2 3 18 21 24 35 72 90 2520
2 3 18 21 24 35 72 105 2520
2 3 18 21 24 35 72 120 2520
2 3 18 21 24 35 90 120 2520
2 3 18 21 24 35 120 126 2520
2 3 18 21 24 36 40 70 2520
2 3 18 21 24 36 40 105 2520
2 3 18 21 24 36 42 56 504
2 3 18 21 24 36 42 72 504
2 3 18 21 24 36 48 112 1008
2 3 18 21 24 36 56 63 504
2 3 18 21 24 36 56 72 504
2 3 18 21 24 36 56 84 504
2 3 18 21 24 36 56 126 504
2 3 18 21 24 36 63 72 504
2 3 18 21 24 36 70 120 2520
2 3 18 21 24 36 72 84 504
2 3 18 21 24 36 72 126 504
2 3 18 21 24 36 77 88 5544
2 3 18 21 24 36 91 104 6552
2 3 18 21 24 36 105 120 2520
2 3 18 21 24 39 56 117 6552
2 3 18 21 24 39 63 104 6552
2 3 18 21 24 39 72 91 6552
2 3 18 21 24 39 104 126 6552
2 3 18 21 24 40 42 45 2520
2 3 18 21 24 40 42 90 2520
2 3 18 21 24 40 45 56 2520
2 3 18 21 24 40 45 63 2520
2 3 18 21 24 40 45 70 2520
2 3 18 21 24 40 45 84 2520
2 3 18 21 24 40 45 105 2520
2 3 18 21 24 40 45 126 2520
2 3 18 21 24 40 56 90 2520
2 3 18 21 24 40 60 63 2520
2 3 18 21 24 40 60 126 2520
2 3 18 21 24 40 63 70 2520
2 3 18 21 24 40 63 90 2520
2 3 18 21 24 40 63 105 2520
2 3 18 21 24 40 63 120 2520
2 3 18 21 24 40 70 72 2520
2 3 18 21 24 40 70 90 2520
2 3 18 21 24 40 70 126 2520
2 3 18 21 24 40 72 105 2520
2 3 18 21 24 40 84 90 2520
2 3 18 21 24 40 90 105 2520
2 3 18 21 24 40 90 126 2520
2 3 18 21 24 40 105 126 2520
2 3 18 21 24 40 120 126 2520
2 3 18 21 24 42 45 120 2520
2 3 18 21 24 42 56 63 504
2 3 18 21 24 42 56 72 504
2 3 18 21 24 42 56 126 504
2 3 18 21 24 42 63 72 504
2 3 18 21 24 42 72 84 504
2 3 18 21 24 42 72 126 504
2 3 18 21 24 42 88 99 5544
2 3 18 21 24 42 90 120 2520
2 3 18 21 24 42 104 117 6552
2 3 18 21 24 44 56 99 5544
2 3 18 21 24 44 63 88 5544
2 3 18 21 24 44 72 77 5544
2 3 18 21 24 44 88 126 5544
2 3 18 21 24 45 56 60 2520
2 3 18 21 24 45 56 70 2520
2 3 18 21 24 45 56 90 2520
2 3 18 21 24 45 56 105 2520
2 3 18 21 24 45 56 120 2520
2 3 18 21 24 45 63 120 2520
2 3 18 21 24 45 70 72 2520
2 3 18 21 24 45 70 120 2520
2 3 18 21 24 45 72 105 2520
2 3 18 21 24 45 80 112 5040
2 3 18 21 24 45 84 120 2520
2 3 18 21 24 45 105 120 2520
2 3 18 21 24 45 120 126 2520
2 3 18 21 24 48 63 112 1008
2 3 18 21 24 48 72 112 1008
2 3 18 21 24 48 112 126 1008
2 3 18 21 24 49 72 98 3528
2 3 18 21 24 51 72 119 8568
2 3 18 21 24 52 56 117 6552
2 3 18 21 24 52 63 104 6552
2 3 18 21 24 52 72 91 6552
2 3 18 21 24 52 104 126 6552
2 3 18 21 24 54 56 108 1512
2 3 18 21 24 56 60 90 2520
2 3 18 21 24 56 63 72 504
2 3 18 21 24 56 63 84 504
2 3 18 21 24 56 63 126 504
2 3 18 21 24 56 66 99 5544
2 3 18 21 24 56 70 90 2520
2 3 18 21 24 56 72 84 504
2 3 18 21 24 56 72 126 504
2 3 18 21 24 56 77 99 5544
2 3 18 21 24 56 78 117 6552
2 3 18 21 24 56 84 126 504
2 3 18 21 24 56 88 99 5544
2 3 18 21 24 56 90 105 2520
2 3 18 21 24 56 90 120 2520
2 3 18 21 24 56 91 117 6552
2 3 18 21 24 56 104 117 6552
2 3 18 21 24 60 63 120 2520
2 3 18 21 24 60 70 72 2520
2 3 18 21 24 60 72 105 2520
2 3 18 21 24 60 120 126 2520
2 3 18 21 24 63 66 88 5544
2 3 18 21 24 63 70 120 2520
2 3 18 21 24 63 72 84 504
2 3 18 21 24 63 72 126 504
2 3 18 21 24 63 77 88 5544
2 3 18 21 24 63 78 104 6552
2 3 18 21 24 63 88 99 5544
2 3 18 21 24 63 90 120 2520
2 3 18 21 24 63 91 104 6552
2 3 18 21 24 63 104 117 6552
2 3 18 21 24 63 105 120 2520
2 3 18 21 24 66 72 77 5544
2 3 18 21 24 66 88 126 5544
2 3 18 21 24 68 72 119 8568
2 3 18 21 24 70 72 90 2520
2 3 18 21 24 70 72 105 2520
2 3 18 21 24 70 72 120 2520
2 3 18 21 24 70 90 120 2520
2 3 18 21 24 70 120 126 2520
2 3 18 21 24 72 77 88 5544
2 3 18 21 24 72 77 99 5544
2 3 18 21 24 72 78 91 6552
2 3 18 21 24 72 84 126 504
2 3 18 21 24 72 90 105 2520
2 3 18 21 24 72 91 104 6552
2 3 18 21 24 72 91 117 6552
2 3 18 21 24 72 102 119 8568
2 3 18 21 24 72 105 120 2520
2 3 18 21 24 77 88 99 5544
2 3 18 21 24 77 88 126 5544
2 3 18 21 24 78 104 126 6552
2 3 18 21 24 80 90 112 5040
2 3 18 21 24 84 88 99 5544
2 3 18 21 24 84 90 120 2520
2 3 18 21 24 84 104 117 6552
2 3 18 21 24 88 99 126 5544
2 3 18 21 24 90 105 120 2520
2 3 18 21 24 90 120 126 2520
2 3 18 21 24 91 104 117 6552
2 3 18 21 24 91 104 126 6552
2 3 18 21 24 104 117 126 6552
2 3 18 21 24 105 120 126 2520
2 3 18 21 25 28 36 50 6300
2 3 18 21 25 28 36 75 6300
2 3 18 21 25 28 36 100 6300
2 3 18 21 25 28 45 100 6300
2 3 18 21 25 28 63 100 6300
2 3 18 21 25 28 90 100 6300
2 3 18 21 25 28 100 126 6300
2 3 18 21 25 30 50 63 3150
2 3 18 21 25 30 50 126 3150
2 3 18 21 25 30 63 75 3150
2 3 18 21 25 30 75 126 3150
2 3 18 21 25 35 36 100 6300
2 3 18 21 25 35 45 50 3150
2 3 18 21 25 35 45 75 3150
2 3 18 21 25 35 50 63 3150
2 3 18 21 25 35 50 90 3150
2 3 18 21 25 35 50 126 3150
2 3 18 21 25 35 63 75 3150
2 3 18 21 25 35 75 90 3150
2 3 18 21 25 35 75 126 3150
2 3 18 21 25 36 42 100 6300
2 3 18 21 25 36 50 84 6300
2 3 18 21 25 36 63 100 6300
2 3 18 21 25 36 70 100 6300
2 3 18 21 25 36 75 84 6300
2 3 18 21 25 36 84 100 6300
2 3 18 21 25 36 100 105 6300
2 3 18 21 25 36 100 126 6300
2 3 18 21 25 42 45 50 3150
2 3 18 21 25 42 45 75 3150
2 3 18 21 25 42 50 63 3150
2 3 18 21 25 42 50 90 3150
2 3 18 21 25 42 50 126 3150
2 3 18 21 25 42 63 75 3150
2 3 18 21 25 42 75 90 3150
2 3 18 21 25 42 75 126 3150
2 3 18 21 25 45 50 63 3150
2 3 18 21 25 45 50 70 3150
2 3 18 21 25 45 50 105 3150
2 3 18 21 25 45 50 126 3150
2 3 18 21 25 45 63 75 3150
2 3 18 21 25 45 70 75 3150
2 3 18 21 25 45 75 105 3150
2 3 18 21 25 45 75 126 3150
2 3 18 21 25 45 84 100 6300
2 3 18 21 25 50 56 72 12600
2 3 18 21 25 50 63 70 3150
2 3 18 21 25 50 63 75 3150
2 3 18 21 25 50 63 90 3150
2 3 18 21 25 50 63 105 3150
2 3 18 21 25 50 63 126 3150
2 3 18 21 25 50 70 90 3150
2 3 18 21 25 50 70 126 3150
2 3 18 21 25 50 75 126 3150
2 3 18 21 25 50 77 99 34650
2 3 18 21 25 50 90 105 3150
2 3 18 21 25 50 90 126 3150
2 3 18 21 25 50 91 117 40950
2 3 18 21 25 50 105 126 3150
2 3 18 21 25 56 72 75 12600
2 3 18 21 25 56 72 100 12600
2 3 18 21 25 60 63 100 6300
2 3 18 21 25 60 100 126 6300
2 3 18 21 25 63 70 75 3150
2 3 18 21 25 63 75 90 3150
2 3 18 21 25 63 75 105 3150
2 3 18 21 25 63 75 126 3150
2 3 18 21 25 63 84 100 6300
2 3 18 21 25 70 75 90 3150
2 3 18 21 25 70 75 126 3150
2 3 18 21 25 75 77 99 34650
2 3 18 21 25 75 90 105 3150
2 3 18 21 25 75 90 126 3150
2 3 18 21 25 75 91 117 40950
2 3 18 21 25 75 105 126 3150
2 3 18 21 25 84 90 100 6300
2 3 18 21 25 84 100 126 6300
2 3 18 21 26 27 54 91 4914
2 3 18 21 26 28 36 39 3276
2 3 18 21 26 28 36 52 3276
2 3 18 21 26 28 36 78 3276
2 3 18 21 26 28 36 91 3276
2 3 18 21 26 28 36 117 3276
2 3 18 21 26 28 52 63 3276
2 3 18 21 26 28 52 117 3276
2 3 18 21 26 28 52 126 3276
2 3 18 21 26 28 72 104 6552
2 3 18 21 26 28 84 117 3276
2 3 18 21 26 30 35 117 8190
2 3 18 21 26 30 45 91 8190
2 3 18 21 26 30 63 65 8190
2 3 18 21 26 30 65 126 8190
2 3 18 21 26 30 70 117 8190
2 3 18 21 26 30 90 91 8190
2 3 18 21 26 30 105 117 8190
2 3 18 21 26 33 77 117 18018
2 3 18 21 26 33 91 99 18018
2 3 18 21 26 34 117 119 27846
2 3 18 21 26 35 39 45 8190
2 3 18 21 26 35 39 90 8190
2 3 18 21 26 35 45 65 8190
2 3 18 21 26 35 45 78 8190
2 3 18 21 26 35 45 91 8190
2 3 18 21 26 35 45 117 8190
2 3 18 21 26 35 63 65 8190
2 3 18 21 26 35 65 90 8190
2 3 18 21 26 35 65 117 8190
2 3 18 21 26 35 65 126 8190
2 3 18 21 26 35 70 117 8190
2 3 18 21 26 35 78 90 8190
2 3 18 21 26 35 90 91 8190
2 3 18 21 26 35 90 117 8190
2 3 18 21 26 35 105 117 8190
2 3 18 21 26 36 39 84 3276
2 3 18 21 26 36 42 52 3276
2 3 18 21 26 36 52 63 3276
2 3 18 21 26 36 52 84 3276
2 3 18 21 26 36 52 91 3276
2 3 18 21 26 36 52 126 3276
2 3 18 21 26 36 56 104 6552
2 3 18 21 26 36 78 84 3276
2 3 18 21 26 36 84 91 3276
2 3 18 21 26 36 84 117 3276
2 3 18 21 26 39 42 63 1638
2 3 18 21 26 39 42 117 1638
2 3 18 21 26 39 42 126 1638
2 3 18 21 26 39 45 70 8190
2 3 18 21 26 39 45 105 8190
2 3 18 21 26 39 56 72 6552
2 3 18 21 26 39 63 78 1638
2 3 18 21 26 39 63 91 1638
2 3 18 21 26 39 63 117 1638
2 3 18 21 26 39 63 126 1638
2 3 18 21 26 39 70 90 8190
2 3 18 21 26 39 77 99 18018
2 3 18 21 26 39 78 126 1638
2 3 18 21 26 39 90 105 8190
2 3 18 21 26 39 91 117 1638
2 3 18 21 26 39 91 126 1638
2 3 18 21 26 39 117 126 1638
2 3 18 21 26 42 45 65 8190
2 3 18 21 26 42 63 78 1638
2 3 18 21 26 42 63 91 1638
2 3 18 21 26 42 63 117 1638
2 3 18 21 26 42 65 90 8190
2 3 18 21 26 42 72 104 6552
2 3 18 21 26 42 78 117 1638
2 3 18 21 26 42 78 126 1638
2 3 18 21 26 42 91 117 1638
2 3 18 21 26 42 91 126 1638
2 3 18 21 26 42 117 126 1638
2 3 18 21 26 45 63 65 8190
2 3 18 21 26 45 65 70 8190
2 3 18 21 26 45 65 91 8190
2 3 18 21 26 45 65 105 8190
2 3 18 21 26 45 65 126 8190
2 3 18 21 26 45 70 78 8190
2 3 18 21 26 45 70 91 8190
2 3 18 21 26 45 70 117 8190
2 3 18 21 26 45 78 105 8190
2 3 18 21 26 45 90 91 8190
2 3 18 21 26 45 91 105 8190
2 3 18 21 26 45 105 117 8190
2 3 18 21 26 48 112 117 13104
2 3 18 21 26 49 98 117 11466
2 3 18 21 26 51 117 119 27846
2 3 18 21 26 52 56 72 6552
2 3 18 21 26 52 63 84 3276
2 3 18 21 26 52 84 117 3276
2 3 18 21 26 52 84 126 3276
2 3 18 21 26 56 63 104 6552
2 3 18 21 26 56 72 78 6552
2 3 18 21 26 56 72 91 6552
2 3 18 21 26 56 72 104 6552
2 3 18 21 26 56 72 117 6552
2 3 18 21 26 56 104 117 6552
2 3 18 21 26 56 104 126 6552
2 3 18 21 26 63 65 70 8190
2 3 18 21 26 63 65 90 8190
2 3 18 21 26 63 65 105 8190
2 3 18 21 26 63 72 104 6552
2 3 18 21 26 63 78 91 1638
2 3 18 21 26 63 78 117 1638
2 3 18 21 26 63 78 126 1638
2 3 18 21 26 63 91 117 1638
2 3 18 21 26 63 91 126 1638
2 3 18 21 26 63 117 126 1638
2 3 18 21 26 65 70 90 8190
2 3 18 21 26 65 70 117 8190
2 3 18 21 26 65 70 126 8190
2 3 18 21 26 65 90 91 8190
2 3 18 21 26 65 90 105 8190
2 3 18 21 26 65 90 126 8190
2 3 18 21 26 65 105 117 8190
2 3 18 21 26 65 105 126 8190
2 3 18 21 26 66 77 117 18018
2 3 18 21 26 66 91 99 18018
2 3 18 21 26 70 78 90 8190
2 3 18 21 26 70 90 91 8190
2 3 18 21 26 70 90 117 8190
2 3 18 21 26 70 105 117 8190
2 3 18 21 26 72 84 104 6552
2 3 18 21 26 72 91 104 6552
2 3 18 21 26 72 104 126 6552
2 3 18 21 26 77 78 99 18018
2 3 18 21 26 77 91 99 18018
2 3 18 21 26 77 99 117 18018
2 3 18 21 26 78 90 105 8190
2 3 18 21 26 78 91 117 1638
2 3 18 21 26 78 91 126 1638
2 3 18 21 26 78 117 126 1638
2 3 18 21 26 90 91 105 8190
2 3 18 21 26 90 105 117 8190
2 3 18 21 26 91 117 126 1638
2 3 18 21 26 102 117 119 27846
2 3 18 21 27 28 36 54 756
2 3 18 21 27 28 36 108 756
2 3 18 21 27 28 42 108 756
2 3 18 21 27 28 54 84 756
2 3 18 21 27 28 54 108 756
2 3 18 21 27 28 63 108 756
2 3 18 21 27 28 84 108 756
2 3 18 21 27 28 108 126 756
2 3 18 21 27 30 35 54 1890
2 3 18 21 27 30 54 70 1890
2 3 18 21 27 30 54 105 1890
2 3 18 21 27 33 54 77 4158
2 3 18 21 27 34 54 119 6426
2 3 18 21 27 35 45 54 1890
2 3 18 21 27 35 54 70 1890
2 3 18 21 27 35 54 90 1890
2 3 18 21 27 35 54 105 1890
2 3 18 21 27 35 60 108 3780
2 3 18 21 27 36 42 108 756
2 3 18 21 27 36 54 84 756
2 3 18 21 27 36 63 108 756
2 3 18 21 27 36 84 108 756
2 3 18 21 27 36 108 126 756
2 3 18 21 27 39 54 91 4914
2 3 18 21 27 42 54 63 378
2 3 18 21 27 42 54 126 378
2 3 18 21 27 42 84 108 756
2 3 18 21 27 44 77 108 8316
2 3 18 21 27 45 54 70 1890
2 3 18 21 27 45 54 105 1890
2 3 18 21 27 48 54 112 3024
2 3 18 21 27 48 108 112 3024
2 3 18 21 27 49 54 98 2646
2 3 18 21 27 51 54 119 6426
2 3 18 21 27 52 91 108 9828
2 3 18 21 27 54 56 72 1512
2 3 18 21 27 54 63 126 378
2 3 18 21 27 54 66 77 4158
2 3 18 21 27 54 70 90 1890
2 3 18 21 27 54 70 105 1890
2 3 18 21 27 54 77 99 4158
2 3 18 21 27 54 78 91 4914
2 3 18 21 27 54 84 108 756
2 3 18 21 27 54 90 105 1890
2 3 18 21 27 54 91 117 4914
2 3 18 21 27 54 102 119 6426
2 3 18 21 27 56 72 108 1512
2 3 18 21 27 60 70 108 3780
2 3 18 21 27 60 105 108 3780
2 3 18 21 27 63 84 108 756
2 3 18 21 27 68 108 119 12852
2 3 18 21 27 84 108 126 756
2 3 18 21 28 29 36 58 7308
2 3 18 21 28 29 36 87 7308
2 3 18 21 28 29 36 116 7308
2 3 18 21 28 29 63 116 7308
2 3 18 21 28 29 116 126 7308
2 3 18 21 28 30 35 36 1260
2 3 18 21 28 30 36 45 1260
2 3 18 21 28 30 36 60 1260
2 3 18 21 28 30 36 70 1260
2 3 18 21 28 30 36 90 1260
2 3 18 21 28 30 36 105 1260
2 3 18 21 28 30 40 72 2520
2 3 18 21 28 30 45 60 1260
2 3 18 21 28 30 45 84 1260
2 3 18 21 28 30 60 63 1260
2 3 18 21 28 30 60 90 1260
2 3 18 21 28 30 60 126 1260
2 3 18 21 28 30 72 120 2520
2 3 18 21 28 30 84 90 1260
2 3 18 21 28 31 36 62 7812
2 3 18 21 28 31 36 93 7812
2 3 18 21 28 31 36 124 7812
2 3 18 21 28 31 63 124 7812
2 3 18 21 28 31 124 126 7812
2 3 18 21 28 32 36 96 2016
2 3 18 21 28 32 63 96 2016
2 3 18 21 28 32 72 96 2016
2 3 18 21 28 32 96 126 2016
2 3 18 21 28 33 36 44 2772
2 3 18 21 28 33 36 66 2772
2 3 18 21 28 33 36 77 2772
2 3 18 21 28 33 36 99 2772
2 3 18 21 28 33 44 63 2772
2 3 18 21 28 33 44 99 2772
2 3 18 21 28 33 44 126 2772
2 3 18 21 28 33 72 88 5544
2 3 18 21 28 33 84 99 2772
2 3 18 21 28 34 36 51 4284
2 3 18 21 28 34 36 68 4284
2 3 18 21 28 34 36 102 4284
2 3 18 21 28 34 36 119 4284
2 3 18 21 28 34 63 68 4284
2 3 18 21 28 34 68 126 4284
2 3 18 21 28 35 36 45 1260
2 3 18 21 28 35 36 60 1260
2 3 18 21 28 35 36 70 1260
2 3 18 21 28 35 36 90 1260
2 3 18 21 28 35 36 105 1260
2 3 18 21 28 35 40 72 2520
2 3 18 21 28 35 45 60 1260
2 3 18 21 28 35 45 84 1260
2 3 18 21 28 35 60 63 1260
2 3 18 21 28 35 60 90 1260
2 3 18 21 28 35 60 126 1260
2 3 18 21 28 35 72 120 2520
2 3 18 21 28 35 84 90 1260
2 3 18 21 28 36 37 74 9324
2 3 18 21 28 36 37 111 9324
2 3 18 21 28 36 38 57 4788
2 3 18 21 28 36 38 76 4788
2 3 18 21 28 36 38 114 4788
2 3 18 21 28 36 39 52 3276
2 3 18 21 28 36 39 78 3276
2 3 18 21 28 36 39 91 3276
2 3 18 21 28 36 39 117 3276
2 3 18 21 28 36 40 120 2520
2 3 18 21 28 36 41 82 10332
2 3 18 21 28 36 41 123 10332
2 3 18 21 28 36 42 63 252
2 3 18 21 28 36 42 84 252
2 3 18 21 28 36 42 126 252
2 3 18 21 28 36 43 86 10836
2 3 18 21 28 36 44 66 2772
2 3 18 21 28 36 44 77 2772
2 3 18 21 28 36 44 99 2772
2 3 18 21 28 36 45 60 1260
2 3 18 21 28 36 45 70 1260
2 3 18 21 28 36 45 90 1260
2 3 18 21 28 36 45 105 1260
2 3 18 21 28 36 46 69 5796
2 3 18 21 28 36 46 92 5796
2 3 18 21 28 36 47 94 11844
2 3 18 21 28 36 48 112 1008
2 3 18 21 28 36 49 98 1764
2 3 18 21 28 36 50 75 6300
2 3 18 21 28 36 50 100 6300
2 3 18 21 28 36 51 68 4284
2 3 18 21 28 36 51 102 4284
2 3 18 21 28 36 51 119 4284
2 3 18 21 28 36 52 78 3276
2 3 18 21 28 36 52 91 3276
2 3 18 21 28 36 52 117 3276
2 3 18 21 28 36 53 106 13356
2 3 18 21 28 36 54 108 756
2 3 18 21 28 36 55 110 13860
2 3 18 21 28 36 56 72 504
2 3 18 21 28 36 57 76 4788
2 3 18 21 28 36 57 114 4788
2 3 18 21 28 36 58 87 7308
2 3 18 21 28 36 58 116 7308
2 3 18 21 28 36 59 118 14868
2 3 18 21 28 36 60 70 1260
2 3 18 21 28 36 60 90 1260
2 3 18 21 28 36 60 105 1260
2 3 18 21 28 36 61 122 15372
2 3 18 21 28 36 62 93 7812
2 3 18 21 28 36 62 124 7812
2 3 18 21 28 36 63 84 252
2 3 18 21 28 36 63 126 252
2 3 18 21 28 36 66 77 2772
2 3 18 21 28 36 66 99 2772
2 3 18 21 28 36 68 102 4284
2 3 18 21 28 36 68 119 4284
2 3 18 21 28 36 69 92 5796
2 3 18 21 28 36 70 90 1260
2 3 18 21 28 36 70 105 1260
2 3 18 21 28 36 74 111 9324
2 3 18 21 28 36 75 100 6300
2 3 18 21 28 36 76 114 4788
2 3 18 21 28 36 77 99 2772
2 3 18 21 28 36 78 91 3276
2 3 18 21 28 36 78 117 3276
2 3 18 21 28 36 82 123 10332
2 3 18 21 28 36 84 126 252
2 3 18 21 28 36 87 116 7308
2 3 18 21 28 36 90 105 1260
2 3 18 21 28 36 91 117 3276
2 3 18 21 28 36 93 124 7812
2 3 18 21 28 36 102 119 4284
2 3 18 21 28 38 63 76 4788
2 3 18 21 28 38 76 126 4788
2 3 18 21 28 39 52 63 3276
2 3 18 21 28 39 52 117 3276
2 3 18 21 28 39 52 126 3276
2 3 18 21 28 39 72 104 6552
2 3 18 21 28 39 84 117 3276
2 3 18 21 28 40 45 56 2520
2 3 18 21 28 40 45 72 2520
2 3 18 21 28 40 45 120 2520
2 3 18 21 28 40 56 90 2520
2 3 18 21 28 40 60 72 2520
2 3 18 21 28 40 63 120 2520
2 3 18 21 28 40 70 72 2520
2 3 18 21 28 40 72 90 2520
2 3 18 21 28 40 72 105 2520
2 3 18 21 28 40 72 120 2520
2 3 18 21 28 40 90 120 2520
2 3 18 21 28 40 120 126 2520
2 3 18 21 28 42 44 99 2772
2 3 18 21 28 42 45 60 1260
2 3 18 21 28 42 52 117 3276
2 3 18 21 28 42 54 108 756
2 3 18 21 28 42 56 72 504
2 3 18 21 28 42 60 90 1260
2 3 18 21 28 42 63 84 252
2 3 18 21 28 42 84 126 252
2 3 18 21 28 44 45 55 13860
2 3 18 21 28 44 45 110 13860
2 3 18 21 28 44 55 90 13860
2 3 18 21 28 44 63 66 2772
2 3 18 21 28 44 63 77 2772
2 3 18 21 28 44 63 99 2772
2 3 18 21 28 44 66 99 2772
2 3 18 21 28 44 66 126 2772
2 3 18 21 28 44 72 88 5544
2 3 18 21 28 44 77 99 2772
2 3 18 21 28 44 77 126 2772
2 3 18 21 28 44 84 99 2772
2 3 18 21 28 44 90 110 13860
2 3 18 21 28 44 99 126 2772
2 3 18 21 28 45 48 80 5040
2 3 18 21 28 45 50 100 6300
2 3 18 21 28 45 52 65 16380
2 3 18 21 28 45 56 120 2520
2 3 18 21 28 45 60 63 1260
2 3 18 21 28 45 60 70 1260
2 3 18 21 28 45 60 84 1260
2 3 18 21 28 45 60 90 1260
2 3 18 21 28 45 60 105 1260
2 3 18 21 28 45 60 126 1260
2 3 18 21 28 45 68 85 21420
2 3 18 21 28 45 70 84 1260
2 3 18 21 28 45 72 120 2520
2 3 18 21 28 45 75 100 6300
2 3 18 21 28 45 76 95 23940
2 3 18 21 28 45 80 112 5040
2 3 18 21 28 45 84 90 1260
2 3 18 21 28 45 84 105 1260
2 3 18 21 28 45 92 115 28980
2 3 18 21 28 46 63 92 5796
2 3 18 21 28 46 92 126 5796
2 3 18 21 28 48 63 112 1008
2 3 18 21 28 48 72 112 1008
2 3 18 21 28 48 80 90 5040
2 3 18 21 28 48 112 126 1008
2 3 18 21 28 50 63 100 6300
2 3 18 21 28 50 90 100 6300
2 3 18 21 28 50 100 126 6300
2 3 18 21 28 51 63 68 4284
2 3 18 21 28 51 68 126 4284
2 3 18 21 28 52 63 78 3276
2 3 18 21 28 52 63 91 3276
2 3 18 21 28 52 63 117 3276
2 3 18 21 28 52 65 90 16380
2 3 18 21 28 52 72 104 6552
2 3 18 21 28 52 78 117 3276
2 3 18 21 28 52 78 126 3276
2 3 18 21 28 52 84 117 3276
2 3 18 21 28 52 91 117 3276
2 3 18 21 28 52 91 126 3276
2 3 18 21 28 52 117 126 3276
2 3 18 21 28 54 63 108 756
2 3 18 21 28 54 84 108 756
2 3 18 21 28 54 108 126 756
2 3 18 21 28 55 60 99 13860
2 3 18 21 28 56 63 72 504
2 3 18 21 28 56 72 84 504
2 3 18 21 28 56 72 126 504
2 3 18 21 28 56 88 99 5544
2 3 18 21 28 56 90 120 2520
2 3 18 21 28 56 104 117 6552
2 3 18 21 28 57 63 76 4788
2 3 18 21 28 57 76 126 4788
2 3 18 21 28 58 63 116 7308
2 3 18 21 28 58 116 126 7308
2 3 18 21 28 60 63 70 1260
2 3 18 21 28 60 63 90 1260
2 3 18 21 28 60 63 105 1260
2 3 18 21 28 60 65 117 16380
2 3 18 21 28 60 70 90 1260
2 3 18 21 28 60 70 126 1260
2 3 18 21 28 60 72 120 2520
2 3 18 21 28 60 84 90 1260
2 3 18 21 28 60 90 105 1260
2 3 18 21 28 60 90 126 1260
2 3 18 21 28 60 99 110 13860
2 3 18 21 28 60 105 126 1260
2 3 18 21 28 62 63 124 7812
2 3 18 21 28 62 124 126 7812
2 3 18 21 28 63 68 102 4284
2 3 18 21 28 63 68 119 4284
2 3 18 21 28 63 69 92 5796
2 3 18 21 28 63 75 100 6300
2 3 18 21 28 63 76 114 4788
2 3 18 21 28 63 84 126 252
2 3 18 21 28 63 87 116 7308
2 3 18 21 28 63 93 124 7812
2 3 18 21 28 66 72 88 5544
2 3 18 21 28 66 84 99 2772
2 3 18 21 28 68 85 90 21420
2 3 18 21 28 68 102 126 4284
2 3 18 21 28 68 119 126 4284
2 3 18 21 28 69 92 126 5796
2 3 18 21 28 70 72 120 2520
2 3 18 21 28 70 84 90 1260
2 3 18 21 28 72 77 88 5544
2 3 18 21 28 72 78 104 6552
2 3 18 21 28 72 88 99 5544
2 3 18 21 28 72 90 120 2520
2 3 18 21 28 72 91 104 6552
2 3 18 21 28 72 104 117 6552
2 3 18 21 28 72 105 120 2520
2 3 18 21 28 75 90 100 6300
2 3 18 21 28 75 100 126 6300
2 3 18 21 28 76 90 95 23940
2 3 18 21 28 76 114 126 4788
2 3 18 21 28 77 84 99 2772
2 3 18 21 28 78 84 117 3276
2 3 18 21 28 80 90 112 5040
2 3 18 21 28 84 90 105 1260
2 3 18 21 28 84 91 117 3276
2 3 18 21 28 87 116 126 7308
2 3 18 21 28 90 92 115 28980
2 3 18 21 29 35 45 58 18270
2 3 18 21 29 35 45 87 18270
2 3 18 21 29 35 58 90 18270
2 3 18 21 29 35 87 90 18270
2 3 18 21 29 36 42 116 7308
2 3 18 21 29 36 58 84 7308
2 3 18 21 29 36 63 116 7308
2 3 18 21 29 36 84 87 7308
2 3 18 21 29 36 84 116 7308
2 3 18 21 29 36 116 126 7308
2 3 18 21 29 42 58 63 3654
2 3 18 21 29 42 58 126 3654
2 3 18 21 29 42 63 87 3654
2 3 18 21 29 42 87 126 3654
2 3 18 21 29 45 58 70 18270
2 3 18 21 29 45 58 105 18270
2 3 18 21 29 45 70 87 18270
2 3 18 21 29 45 87 105 18270
2 3 18 21 29 56 58 72 14616
2 3 18 21 29 56 72 87 14616
2 3 18 21 29 56 72 116 14616
2 3 18 21 29 58 63 87 3654
2 3 18 21 29 58 63 126 3654
2 3 18 21 29 58 70 90 18270
2 3 18 21 29 58 77 99 40194
2 3 18 21 29 58 87 126 3654
2 3 18 21 29 58 90 105 18270
2 3 18 21 29 58 91 117 47502
2 3 18 21 29 63 84 116 7308
2 3 18 21 29 63 87 126 3654
2 3 18 21 29 70 87 90 18270
2 3 18 21 29 77 87 99 40194
2 3 18 21 29 87 90 105 18270
2 3 18 21 29 87 91 117 47502
2 3 18 21 30 33 35 99 6930
2 3 18 21 30 33 45 77 6930
2 3 18 21 30 33 55 63 6930
2 3 18 21 30 33 55 126 6930
2 3 18 21 30 33 63 110 6930
2 3 18 21 30 33 70 99 6930
2 3 18 21 30 33 77 90 6930
2 3 18 21 30 33 99 105 6930
2 3 18 21 30 33 110 126 6930
2 3 18 21 30 34 45 119 10710
2 3 18 21 30 34 63 85 10710
2 3 18 21 30 34 85 126 10710
2 3 18 21 30 34 90 119 10710
2 3 18 21 30 35 36 60 1260
2 3 18 21 30 35 36 84 1260
2 3 18 21 30 35 39 117 8190
2 3 18 21 30 35 40 72 2520
2 3 18 21 30 35 42 45 630
2 3 18 21 30 35 42 63 630
2 3 18 21 30 35 42 90 630
2 3 18 21 30 35 42 126 630
2 3 18 21 30 35 45 63 630
2 3 18 21 30 35 45 70 630
2 3 18 21 30 35 45 90 630
2 3 18 21 30 35 45 105 630
2 3 18 21 30 35 45 126 630
2 3 18 21 30 35 55 99 6930
2 3 18 21 30 35 56 72 2520
2 3 18 21 30 35 63 70 630
2 3 18 21 30 35 63 90 630
2 3 18 21 30 35 63 105 630
2 3 18 21 30 35 63 126 630
2 3 18 21 30 35 65 117 8190
2 3 18 21 30 35 66 99 6930
2 3 18 21 30 35 70 90 630
2 3 18 21 30 35 70 126 630
2 3 18 21 30 35 72 120 2520
2 3 18 21 30 35 77 99 6930
2 3 18 21 30 35 78 117 8190
2 3 18 21 30 35 90 105 630
2 3 18 21 30 35 90 126 630
2 3 18 21 30 35 91 117 8190
2 3 18 21 30 35 99 110 6930
2 3 18 21 30 35 105 126 630
2 3 18 21 30 36 40 56 2520
2 3 18 21 30 36 42 60 1260
2 3 18 21 30 36 45 84 1260
2 3 18 21 30 36 56 120 2520
2 3 18 21 30 36 60 63 1260
2 3 18 21 30 36 60 70 1260
2 3 18 21 30 36 60 84 1260
2 3 18 21 30 36 60 105 1260
2 3 18 21 30 36 60 126 1260
2 3 18 21 30 36 70 84 1260
2 3 18 21 30 36 80 112 5040
2 3 18 21 30 36 84 90 1260
2 3 18 21 30 36 84 105 1260
2 3 18 21 30 38 63 95 11970
2 3 18 21 30 38 95 126 11970
2 3 18 21 30 39 45 91 8190
2 3 18 21 30 39 63 65 8190
2 3 18 21 30 39 65 126 8190
2 3 18 21 30 39 70 117 8190
2 3 18 21 30 39 90 91 8190
2 3 18 21 30 39 105 117 8190
2 3 18 21 30 40 42 72 2520
2 3 18 21 30 40 45 56 2520
2 3 18 21 30 40 56 63 2520
2 3 18 21 30 40 56 72 2520
2 3 18 21 30 40 56 90 2520
2 3 18 21 30 40 56 126 2520
2 3 18 21 30 40 63 72 2520
2 3 18 21 30 40 63 120 2520
2 3 18 21 30 40 70 72 2520
2 3 18 21 30 40 72 84 2520
2 3 18 21 30 40 72 105 2520
2 3 18 21 30 40 72 126 2520
2 3 18 21 30 40 120 126 2520
2 3 18 21 30 42 45 63 630
2 3 18 21 30 42 45 70 630
2 3 18 21 30 42 45 90 630
2 3 18 21 30 42 45 105 630
2 3 18 21 30 42 45 126 630
2 3 18 21 30 42 55 99 6930
2 3 18 21 30 42 63 70 630
2 3 18 21 30 42 63 90 630
2 3 18 21 30 42 63 105 630
2 3 18 21 30 42 65 117 8190
2 3 18 21 30 42 70 90 630
2 3 18 21 30 42 70 126 630
2 3 18 21 30 42 72 120 2520
2 3 18 21 30 42 90 105 630
2 3 18 21 30 42 90 126 630
2 3 18 21 30 42 99 110 6930
2 3 18 21 30 42 105 126 630
2 3 18 21 30 45 48 112 5040
2 3 18 21 30 45 49 98 4410
2 3 18 21 30 45 51 119 10710
2 3 18 21 30 45 55 77 6930
2 3 18 21 30 45 56 72 2520
2 3 18 21 30 45 56 120 2520
2 3 18 21 30 45 60 84 1260
2 3 18 21 30 45 63 70 630
2 3 18 21 30 45 63 90 630
2 3 18 21 30 45 63 105 630
2 3 18 21 30 45 63 126 630
2 3 18 21 30 45 65 91 8190
2 3 18 21 30 45 66 77 6930
2 3 18 21 30 45 70 90 630
2 3 18 21 30 45 70 105 630
2 3 18 21 30 45 70 126 630
2 3 18 21 30 45 77 99 6930
2 3 18 21 30 45 77 110 6930
2 3 18 21 30 45 78 91 8190
2 3 18 21 30 45 80 112 5040
2 3 18 21 30 45 85 119 10710
2 3 18 21 30 45 90 105 630
2 3 18 21 30 45 90 126 630
2 3 18 21 30 45 91 117 8190
2 3 18 21 30 45 102 119 10710
2 3 18 21 30 45 105 126 630
2 3 18 21 30 46 63 115 14490
2 3 18 21 30 46 115 126 14490
2 3 18 21 30 48 63 80 5040
2 3 18 21 30 48 80 126 5040
2 3 18 21 30 48 90 112 5040
2 3 18 21 30 49 90 98 4410
2 3 18 21 30 50 63 75 3150
2 3 18 21 30 50 75 126 3150
2 3 18 21 30 51 63 85 10710
2 3 18 21 30 51 85 126 10710
2 3 18 21 30 51 90 119 10710
2 3 18 21 30 55 63 66 6930
2 3 18 21 30 55 63 77 6930
2 3 18 21 30 55 63 99 6930
2 3 18 21 30 55 63 110 6930
2 3 18 21 30 55 66 126 6930
2 3 18 21 30 55 70 99 6930
2 3 18 21 30 55 77 90 6930
2 3 18 21 30 55 77 99 6930
2 3 18 21 30 55 77 126 6930
2 3 18 21 30 55 99 105 6930
2 3 18 21 30 55 99 126 6930
2 3 18 21 30 55 110 126 6930
2 3 18 21 30 56 60 72 2520
2 3 18 21 30 56 63 120 2520
2 3 18 21 30 56 70 72 2520
2 3 18 21 30 56 72 90 2520
2 3 18 21 30 56 72 105 2520
2 3 18 21 30 56 72 120 2520
2 3 18 21 30 56 90 120 2520
2 3 18 21 30 56 120 126 2520
2 3 18 21 30 57 63 95 11970
2 3 18 21 30 57 95 126 11970
2 3 18 21 30 60 63 84 1260
2 3 18 21 30 60 84 90 1260
2 3 18 21 30 60 84 126 1260
2 3 18 21 30 63 65 78 8190
2 3 18 21 30 63 65 91 8190
2 3 18 21 30 63 65 117 8190
2 3 18 21 30 63 66 110 6930
2 3 18 21 30 63 69 115 14490
2 3 18 21 30 63 70 90 630
2 3 18 21 30 63 70 105 630
2 3 18 21 30 63 70 126 630
2 3 18 21 30 63 72 120 2520
2 3 18 21 30 63 77 110 6930
2 3 18 21 30 63 80 112 5040
2 3 18 21 30 63 85 102 10710
2 3 18 21 30 63 85 119 10710
2 3 18 21 30 63 90 105 630
2 3 18 21 30 63 90 126 630
2 3 18 21 30 63 95 114 11970
2 3 18 21 30 63 99 110 6930
2 3 18 21 30 63 105 126 630
2 3 18 21 30 65 70 117 8190
2 3 18 21 30 65 78 126 8190
2 3 18 21 30 65 90 91 8190
2 3 18 21 30 65 91 117 8190
2 3 18 21 30 65 91 126 8190
2 3 18 21 30 65 105 117 8190
2 3 18 21 30 65 117 126 8190
2 3 18 21 30 66 70 99 6930
2 3 18 21 30 66 77 90 6930
2 3 18 21 30 66 99 105 6930
2 3 18 21 30 66 110 126 6930
2 3 18 21 30 69 115 126 14490
2 3 18 21 30 70 72 120 2520
2 3 18 21 30 70 77 99 6930
2 3 18 21 30 70 78 117 8190
2 3 18 21 30 70 90 105 630
2 3 18 21 30 70 90 126 630
2 3 18 21 30 70 91 117 8190
2 3 18 21 30 70 99 110 6930
2 3 18 21 30 70 105 126 630
2 3 18 21 30 72 80 112 5040
2 3 18 21 30 72 84 120 2520
2 3 18 21 30 72 105 120 2520
2 3 18 21 30 77 90 99 6930
2 3 18 21 30 77 90 110 6930
2 3 18 21 30 77 99 105 6930
2 3 18 21 30 77 99 110 6930
2 3 18 21 30 78 90 91 8190
2 3 18 21 30 78 105 117 8190
2 3 18 21 30 80 90 112 5040
2 3 18 21 30 85 90 119 10710
2 3 18 21 30 90 91 117 8190
2 3 18 21 31 35 45 62 19530
2 3 18 21 31 35 45 93 19530
2 3 18 21 31 35 62 90 19530
2 3 18 21 31 35 90 93 19530
2 3 18 21 31 36 42 124 7812
2 3 18 21 31 36 62 84 7812
2 3 18 21 31 36 63 124 7812
2 3 18 21 31 36 84 93 7812
2 3 18 21 31 36 84 124 7812
2 3 18 21 31 36 124 126 7812
2 3 18 21 31 42 62 63 3906
2 3 18 21 31 42 62 126 3906
2 3 18 21 31 42 63 93 3906
2 3 18 21 31 42 93 126 3906
2 3 18 21 31 45 62 70 19530
2 3 18 21 31 45 62 105 19530
2 3 18 21 31 45 70 93 19530
2 3 18 21 31 45 93 105 19530
2 3 18 21 31 56 62 72 15624
2 3 18 21 31 56 72 93 15624
2 3 18 21 31 56 72 124 15624
2 3 18 21 31 62 63 93 3906
2 3 18 21 31 62 63 126 3906
2 3 18 21 31 62 70 90 19530
2 3 18 21 31 62 77 99 42966
2 3 18 21 31 62 90 105 19530
2 3 18 21 31 62 91 117 50778
2 3 18 21 31 62 93 126 3906
2 3 18 21 31 63 84 124 7812
2 3 18 21 31 63 93 126 3906
2 3 18 21 31 70 90 93 19530
2 3 18 21 31 77 93 99 42966
2 3 18 21 31 90 93 105 19530
2 3 18 21 32 35 45 96 10080
2 3 18 21 32 35 90 96 10080
2 3 18 21 32 36 42 96 2016
2 3 18 21 32 36 56 96 2016
2 3 18 21 32 36 63 96 2016
2 3 18 21 32 36 84 96 2016
2 3 18 21 32 36 96 112 2016
2 3 18 21 32 36 96 126 2016
2 3 18 21 32 42 63 96 2016
2 3 18 21 32 42 72 96 2016
2 3 18 21 32 42 96 126 2016
2 3 18 21 32 45 70 96 10080
2 3 18 21 32 45 96 105 10080
2 3 18 21 32 48 63 96 2016
2 3 18 21 32 48 96 126 2016
2 3 18 21 32 56 63 96 2016
2 3 18 21 32 56 72 96 2016
2 3 18 21 32 56 96 126 2016
2 3 18 21 32 63 72 96 2016
2 3 18 21 32 63 84 96 2016
2 3 18 21 32 63 96 112 2016
2 3 18 21 32 63 96 126 2016
2 3 18 21 32 70 90 96 10080
2 3 18 21 32 72 84 96 2016
2 3 18 21 32 72 96 112 2016
2 3 18 21 32 77 96 99 22176
2 3 18 21 33 34 99 119 23562
2 3 18 21 33 35 45 55 6930
2 3 18 21 33 35 45 66 6930
2 3 18 21 33 35 45 77 6930
2 3 18 21 33 35 45 99 6930
2 3 18 21 33 35 45 110 6930
2 3 18 21 33 35 55 63 6930
2 3 18 21 33 35 55 90 6930
2 3 18 21 33 35 55 99 6930
2 3 18 21 33 35 55 126 6930
2 3 18 21 33 35 63 110 6930
2 3 18 21 33 35 66 90 6930
2 3 18 21 33 35 70 99 6930
2 3 18 21 33 35 77 90 6930
2 3 18 21 33 35 90 99 6930
2 3 18 21 33 35 90 110 6930
2 3 18 21 33 35 99 105 6930
2 3 18 21 33 35 99 110 6930
2 3 18 21 33 35 110 126 6930
2 3 18 21 33 36 42 44 2772
2 3 18 21 33 36 44 63 2772
2 3 18 21 33 36 44 77 2772
2 3 18 21 33 36 44 84 2772
2 3 18 21 33 36 44 126 2772
2 3 18 21 33 36 56 88 5544
2 3 18 21 33 36 66 84 2772
2 3 18 21 33 36 77 84 2772
2 3 18 21 33 36 84 99 2772
2 3 18 21 33 39 77 117 18018
2 3 18 21 33 39 91 99 18018
2 3 18 21 33 42 45 55 6930
2 3 18 21 33 42 45 110 6930
2 3 18 21 33 42 55 90 6930
2 3 18 21 33 42 63 66 1386
2 3 18 21 33 42 63 77 1386
2 3 18 21 33 42 63 99 1386
2 3 18 21 33 42 66 99 1386
2 3 18 21 33 42 66 126 1386
2 3 18 21 33 42 72 88 5544
2 3 18 21 33 42 77 99 1386
2 3 18 21 33 42 77 126 1386
2 3 18 21 33 42 90 110 6930
2 3 18 21 33 42 99 126 1386
2 3 18 21 33 44 56 72 5544
2 3 18 21 33 44 63 84 2772
2 3 18 21 33 44 84 99 2772
2 3 18 21 33 44 84 126 2772
2 3 18 21 33 45 55 63 6930
2 3 18 21 33 45 55 70 6930
2 3 18 21 33 45 55 77 6930
2 3 18 21 33 45 55 105 6930
2 3 18 21 33 45 55 126 6930
2 3 18 21 33 45 63 110 6930
2 3 18 21 33 45 66 70 6930
2 3 18 21 33 45 66 105 6930
2 3 18 21 33 45 70 77 6930
2 3 18 21 33 45 70 99 6930
2 3 18 21 33 45 70 110 6930
2 3 18 21 33 45 77 90 6930
2 3 18 21 33 45 77 105 6930
2 3 18 21 33 45 77 110 6930
2 3 18 21 33 45 99 105 6930
2 3 18 21 33 45 105 110 6930
2 3 18 21 33 45 110 126 6930
2 3 18 21 33 48 99 112 11088
2 3 18 21 33 49 98 99 9702
2 3 18 21 33 51 99 119 23562
2 3 18 21 33 55 63 70 6930
2 3 18 21 33 55 63 90 6930
2 3 18 21 33 55 63 105 6930
2 3 18 21 33 55 63 110 6930
2 3 18 21 33 55 70 90 6930
2 3 18 21 33 55 70 99 6930
2 3 18 21 33 55 70 126 6930
2 3 18 21 33 55 77 90 6930
2 3 18 21 33 55 90 105 6930
2 3 18 21 33 55 90 126 6930
2 3 18 21 33 55 99 105 6930
2 3 18 21 33 55 105 126 6930
2 3 18 21 33 55 110 126 6930
2 3 18 21 33 56 63 88 5544
2 3 18 21 33 56 66 72 5544
2 3 18 21 33 56 72 77 5544
2 3 18 21 33 56 72 88 5544
2 3 18 21 33 56 72 99 5544
2 3 18 21 33 56 88 99 5544
2 3 18 21 33 56 88 126 5544
2 3 18 21 33 63 66 77 1386
2 3 18 21 33 63 66 99 1386
2 3 18 21 33 63 66 126 1386
2 3 18 21 33 63 70 110 6930
2 3 18 21 33 63 72 88 5544
2 3 18 21 33 63 77 99 1386
2 3 18 21 33 63 77 126 1386
2 3 18 21 33 63 90 110 6930
2 3 18 21 33 63 99 126 1386
2 3 18 21 33 63 105 110 6930
2 3 18 21 33 66 70 90 6930
2 3 18 21 33 66 77 99 1386
2 3 18 21 33 66 77 126 1386
2 3 18 21 33 66 90 105 6930
2 3 18 21 33 66 91 117 18018
2 3 18 21 33 70 77 90 6930
2 3 18 21 33 70 90 99 6930
2 3 18 21 33 70 90 110 6930
2 3 18 21 33 70 99 105 6930
2 3 18 21 33 70 99 110 6930
2 3 18 21 33 72 77 88 5544
2 3 18 21 33 72 84 88 5544
2 3 18 21 33 77 78 117 18018
2 3 18 21 33 77 90 105 6930
2 3 18 21 33 78 91 99 18018
2 3 18 21 34 35 45 51 10710
2 3 18 21 34 35 45 85 10710
2 3 18 21 34 35 45 102 10710
2 3 18 21 34 35 45 119 10710
2 3 18 21 34 35 51 90 10710
2 3 18 21 34 35 63 85 10710
2 3 18 21 34 35 85 90 10710
2 3 18 21 34 35 85 126 10710
2 3 18 21 34 35 90 102 10710
2 3 18 21 34 35 90 119 10710
2 3 18 21 34 36 42 68 4284
2 3 18 21 34 36 51 84 4284
2 3 18 21 34 36 63 68 4284
2 3 18 21 34 36 68 84 4284
2 3 18 21 34 36 68 119 4284
2 3 18 21 34 36 68 126 4284
2 3 18 21 34 36 84 102 4284
2 3 18 21 34 36 84 119 4284
2 3 18 21 34 39 117 119 27846
2 3 18 21 34 42 45 85 10710
2 3 18 21 34 42 51 63 2142
2 3 18 21 34 42 51 126 2142
2 3 18 21 34 42 63 102 2142
2 3 18 21 34 42 63 119 2142
2 3 18 21 34 42 85 90 10710
2 3 18 21 34 42 102 126 2142
2 3 18 21 34 42 119 126 2142
2 3 18 21 34 45 51 70 10710
2 3 18 21 34 45 51 105 10710
2 3 18 21 34 45 63 85 10710
2 3 18 21 34 45 70 85 10710
2 3 18 21 34 45 70 102 10710
2 3 18 21 34 45 70 119 10710
2 3 18 21 34 45 85 105 10710
2 3 18 21 34 45 85 119 10710
2 3 18 21 34 45 85 126 10710
2 3 18 21 34 45 90 119 10710
2 3 18 21 34 45 102 105 10710
2 3 18 21 34 45 105 119 10710
2 3 18 21 34 51 56 72 8568
2 3 18 21 34 51 63 102 2142
2 3 18 21 34 51 63 119 2142
2 3 18 21 34 51 63 126 2142
2 3 18 21 34 51 70 90 10710
2 3 18 21 34 51 77 99 23562
2 3 18 21 34 51 90 105 10710
2 3 18 21 34 51 91 117 27846
2 3 18 21 34 51 102 126 2142
2 3 18 21 34 51 119 126 2142
2 3 18 21 34 56 68 72 8568
2 3 18 21 34 56 72 102 8568
2 3 18 21 34 56 72 119 8568
2 3 18 21 34 63 68 84 4284
2 3 18 21 34 63 70 85 10710
2 3 18 21 34 63 85 90 10710
2 3 18 21 34 63 85 105 10710
2 3 18 21 34 68 84 126 4284
2 3 18 21 34 70 85 90 10710
2 3 18 21 34 70 90 102 10710
2 3 18 21 35 36 40 56 2520
2 3 18 21 35 36 40 72 2520
2 3 18 21 35 36 40 120 2520
2 3 18 21 35 36 42 60 1260
2 3 18 21 35 36 44 55 13860
2 3 18 21 35 36 44 110 13860
2 3 18 21 35 36 45 60 1260
2 3 18 21 35 36 45 84 1260
2 3 18 21 35 36 48 80 5040
2 3 18 21 35 36 50 100 6300
2 3 18 21 35 36 52 65 16380
2 3 18 21 35 36 56 120 2520
2 3 18 21 35 36 60 63 1260
2 3 18 21 35 36 60 70 1260
2 3 18 21 35 36 60 84 1260
2 3 18 21 35 36 60 90 1260
2 3 18 21 35 36 60 105 1260
2 3 18 21 35 36 60 126 1260
2 3 18 21 35 36 68 85 21420
2 3 18 21 35 36 70 84 1260
2 3 18 21 35 36 72 120 2520
2 3 18 21 35 36 75 100 6300
2 3 18 21 35 36 76 95 23940
2 3 18 21 35 36 80 112 5040
2 3 18 21 35 36 84 90 1260
2 3 18 21 35 36 84 105 1260
2 3 18 21 35 36 92 115 28980
2 3 18 21 35 37 45 74 23310
2 3 18 21 35 37 45 111 23310
2 3 18 21 35 37 74 90 23310
2 3 18 21 35 37 90 111 23310
2 3 18 21 35 38 45 57 11970
2 3 18 21 35 38 45 95 11970
2 3 18 21 35 38 45 114 11970
2 3 18 21 35 38 57 90 11970
2 3 18 21 35 38 63 95 11970
2 3 18 21 35 38 90 95 11970
2 3 18 21 35 38 90 114 11970
2 3 18 21 35 38 95 126 11970
2 3 18 21 35 39 45 65 8190
2 3 18 21 35 39 45 78 8190
2 3 18 21 35 39 45 91 8190
2 3 18 21 35 39 45 117 8190
2 3 18 21 35 39 63 65 8190
2 3 18 21 35 39 65 90 8190
2 3 18 21 35 39 65 117 8190
2 3 18 21 35 39 65 126 8190
2 3 18 21 35 39 70 117 8190
2 3 18 21 35 39 78 90 8190
2 3 18 21 35 39 90 91 8190
2 3 18 21 35 39 90 117 8190
2 3 18 21 35 39 105 117 8190
2 3 18 21 35 40 42 72 2520
2 3 18 21 35 40 45 56 2520
2 3 18 21 35 40 45 72 2520
2 3 18 21 35 40 45 120 2520
2 3 18 21 35 40 56 63 2520
2 3 18 21 35 40 56 72 2520
2 3 18 21 35 40 56 90 2520
2 3 18 21 35 40 56 126 2520
2 3 18 21 35 40 60 72 2520
2 3 18 21 35 40 63 72 2520
2 3 18 21 35 40 63 120 2520
2 3 18 21 35 40 70 72 2520
2 3 18 21 35 40 72 84 2520
2 3 18 21 35 40 72 90 2520
2 3 18 21 35 40 72 105 2520
2 3 18 21 35 40 72 120 2520
2 3 18 21 35 40 72 126 2520
2 3 18 21 35 40 88 99 27720
2 3 18 21 35 40 90 120 2520
2 3 18 21 35 40 104 117 32760
2 3 18 21 35 40 120 126 2520
2 3 18 21 35 41 45 82 25830
2 3 18 21 35 41 45 123 25830
2 3 18 21 35 41 82 90 25830
2 3 18 21 35 41 90 123 25830
2 3 18 21 35 42 45 63 630
2 3 18 21 35 42 45 70 630
2 3 18 21 35 42 45 90 630
2 3 18 21 35 42 45 105 630
2 3 18 21 35 42 45 126 630
2 3 18 21 35 42 55 99 6930
2 3 18 21 35 42 63 70 630
2 3 18 21 35 42 63 90 630
2 3 18 21 35 42 63 105 630
2 3 18 21 35 42 65 117 8190
2 3 18 21 35 42 70 90 630
2 3 18 21 35 42 70 126 630
2 3 18 21 35 42 72 120 2520
2 3 18 21 35 42 90 105 630
2 3 18 21 35 42 90 126 630
2 3 18 21 35 42 99 110 6930
2 3 18 21 35 42 105 126 630
2 3 18 21 35 43 45 86 27090
2 3 18 21 35 43 86 90 27090
2 3 18 21 35 44 60 99 13860
2 3 18 21 35 45 46 69 14490
2 3 18 21 35 45 46 115 14490
2 3 18 21 35 45 47 94 29610
2 3 18 21 35 45 48 80 5040
2 3 18 21 35 45 48 112 5040
2 3 18 21 35 45 49 98 4410
2 3 18 21 35 45 50 75 3150
2 3 18 21 35 45 51 85 10710
2 3 18 21 35 45 51 102 10710
2 3 18 21 35 45 51 119 10710
2 3 18 21 35 45 53 106 33390
2 3 18 21 35 45 55 66 6930
2 3 18 21 35 45 55 77 6930
2 3 18 21 35 45 55 99 6930
2 3 18 21 35 45 55 110 6930
2 3 18 21 35 45 56 72 2520
2 3 18 21 35 45 56 120 2520
2 3 18 21 35 45 57 95 11970
2 3 18 21 35 45 57 114 11970
2 3 18 21 35 45 58 87 18270
2 3 18 21 35 45 59 118 37170
2 3 18 21 35 45 60 84 1260
2 3 18 21 35 45 61 122 38430
2 3 18 21 35 45 62 93 19530
2 3 18 21 35 45 63 70 630
2 3 18 21 35 45 63 90 630
2 3 18 21 35 45 63 105 630
2 3 18 21 35 45 63 126 630
2 3 18 21 35 45 65 78 8190
2 3 18 21 35 45 65 91 8190
2 3 18 21 35 45 65 117 8190
2 3 18 21 35 45 66 77 6930
2 3 18 21 35 45 66 99 6930
2 3 18 21 35 45 66 110 6930
2 3 18 21 35 45 69 115 14490
2 3 18 21 35 45 70 90 630
2 3 18 21 35 45 70 105 630
2 3 18 21 35 45 70 126 630
2 3 18 21 35 45 72 120 2520
2 3 18 21 35 45 74 111 23310
2 3 18 21 35 45 77 99 6930
2 3 18 21 35 45 77 110 6930
2 3 18 21 35 45 78 91 8190
2 3 18 21 35 45 78 117 8190
2 3 18 21 35 45 80 112 5040
2 3 18 21 35 45 82 123 25830
2 3 18 21 35 45 85 102 10710
2 3 18 21 35 45 85 119 10710
2 3 18 21 35 45 90 105 630
2 3 18 21 35 45 90 126 630
2 3 18 21 35 45 91 117 8190
2 3 18 21 35 45 95 114 11970
2 3 18 21 35 45 99 110 6930
2 3 18 21 35 45 102 119 10710
2 3 18 21 35 45 105 126 630
2 3 18 21 35 46 63 115 14490
2 3 18 21 35 46 69 90 14490
2 3 18 21 35 46 90 115 14490
2 3 18 21 35 46 115 126 14490
2 3 18 21 35 47 90 94 29610
2 3 18 21 35 48 63 80 5040
2 3 18 21 35 48 72 80 5040
2 3 18 21 35 48 80 90 5040
2 3 18 21 35 48 80 126 5040
2 3 18 21 35 48 90 112 5040
2 3 18 21 35 49 90 98 4410
2 3 18 21 35 50 63 75 3150
2 3 18 21 35 50 75 90 3150
2 3 18 21 35 50 75 126 3150
2 3 18 21 35 51 63 85 10710
2 3 18 21 35 51 85 90 10710
2 3 18 21 35 51 85 126 10710
2 3 18 21 35 51 90 102 10710
2 3 18 21 35 51 90 119 10710
2 3 18 21 35 52 60 117 16380
2 3 18 21 35 53 90 106 33390
2 3 18 21 35 54 60 108 3780
2 3 18 21 35 55 63 66 6930
2 3 18 21 35 55 63 77 6930
2 3 18 21 35 55 63 99 6930
2 3 18 21 35 55 63 110 6930
2 3 18 21 35 55 66 90 6930
2 3 18 21 35 55 66 99 6930
2 3 18 21 35 55 66 126 6930
2 3 18 21 35 55 70 99 6930
2 3 18 21 35 55 72 88 27720
2 3 18 21 35 55 77 90 6930
2 3 18 21 35 55 77 99 6930
2 3 18 21 35 55 77 126 6930
2 3 18 21 35 55 90 99 6930
2 3 18 21 35 55 90 110 6930
2 3 18 21 35 55 99 105 6930
2 3 18 21 35 55 99 110 6930
2 3 18 21 35 55 99 126 6930
2 3 18 21 35 55 110 126 6930
2 3 18 21 35 56 60 72 2520
2 3 18 21 35 56 63 120 2520
2 3 18 21 35 56 70 72 2520
2 3 18 21 35 56 72 90 2520
2 3 18 21 35 56 72 105 2520
2 3 18 21 35 56 72 120 2520
2 3 18 21 35 56 90 120 2520
2 3 18 21 35 57 63 95 11970
2 3 18 21 35 57 90 95 11970
2 3 18 21 35 57 90 114 11970
2 3 18 21 35 57 95 126 11970
2 3 18 21 35 58 87 90 18270
2 3 18 21 35 59 90 118 37170
2 3 18 21 35 60 63 84 1260
2 3 18 21 35 60 72 120 2520
2 3 18 21 35 60 84 90 1260
2 3 18 21 35 60 84 126 1260
2 3 18 21 35 61 90 122 38430
2 3 18 21 35 62 90 93 19530
2 3 18 21 35 63 65 78 8190
2 3 18 21 35 63 65 91 8190
2 3 18 21 35 63 65 117 8190
2 3 18 21 35 63 66 110 6930
2 3 18 21 35 63 69 115 14490
2 3 18 21 35 63 70 90 630
2 3 18 21 35 63 70 105 630
2 3 18 21 35 63 70 126 630
2 3 18 21 35 63 72 120 2520
2 3 18 21 35 63 77 110 6930
2 3 18 21 35 63 80 112 5040
2 3 18 21 35 63 85 102 10710
2 3 18 21 35 63 85 119 10710
2 3 18 21 35 63 90 105 630
2 3 18 21 35 63 95 114 11970
2 3 18 21 35 63 99 110 6930
2 3 18 21 35 65 70 117 8190
2 3 18 21 35 65 72 104 32760
2 3 18 21 35 65 78 90 8190
2 3 18 21 35 65 78 117 8190
2 3 18 21 35 65 78 126 8190
2 3 18 21 35 65 90 91 8190
2 3 18 21 35 65 90 117 8190
2 3 18 21 35 66 70 99 6930
2 3 18 21 35 66 77 90 6930
2 3 18 21 35 66 90 99 6930
2 3 18 21 35 66 90 110 6930
2 3 18 21 35 70 72 120 2520
2 3 18 21 35 70 77 99 6930
2 3 18 21 35 70 78 117 8190
2 3 18 21 35 72 80 112 5040
2 3 18 21 36 37 74 84 9324
2 3 18 21 36 37 84 111 9324
2 3 18 21 36 38 42 76 4788
2 3 18 21 36 38 57 84 4788
2 3 18 21 36 38 63 76 4788
2 3 18 21 36 38 76 84 4788
2 3 18 21 36 38 76 126 4788
2 3 18 21 36 38 84 114 4788
2 3 18 21 36 39 42 52 3276
2 3 18 21 36 39 52 63 3276
2 3 18 21 36 39 52 84 3276
2 3 18 21 36 39 52 91 3276
2 3 18 21 36 39 52 126 3276
2 3 18 21 36 39 56 104 6552
2 3 18 21 36 39 78 84 3276
2 3 18 21 36 39 84 91 3276
2 3 18 21 36 39 84 117 3276
2 3 18 21 36 40 42 120 2520
2 3 18 21 36 40 45 56 2520
2 3 18 21 36 40 56 60 2520
2 3 18 21 36 40 56 70 2520
2 3 18 21 36 40 56 90 2520
2 3 18 21 36 40 56 105 2520
2 3 18 21 36 40 56 120 2520
2 3 18 21 36 40 63 120 2520
2 3 18 21 36 40 70 72 2520
2 3 18 21 36 40 70 120 2520
2 3 18 21 36 40 72 105 2520
2 3 18 21 36 40 80 112 5040
2 3 18 21 36 40 84 120 2520
2 3 18 21 36 40 105 120 2520
2 3 18 21 36 40 120 126 2520
2 3 18 21 36 41 82 84 10332
2 3 18 21 36 41 84 123 10332
2 3 18 21 36 42 44 66 2772
2 3 18 21 36 42 44 77 2772
2 3 18 21 36 42 44 99 2772
2 3 18 21 36 42 45 60 1260
2 3 18 21 36 42 46 92 5796
2 3 18 21 36 42 48 112 1008
2 3 18 21 36 42 50 100 6300
2 3 18 21 36 42 51 68 4284
2 3 18 21 36 42 52 78 3276
2 3 18 21 36 42 52 91 3276
2 3 18 21 36 42 52 117 3276
2 3 18 21 36 42 54 108 756
2 3 18 21 36 42 56 72 504
2 3 18 21 36 42 57 76 4788
2 3 18 21 36 42 58 116 7308
2 3 18 21 36 42 60 70 1260
2 3 18 21 36 42 60 90 1260
2 3 18 21 36 42 60 105 1260
2 3 18 21 36 42 62 124 7812
2 3 18 21 36 42 63 84 252
2 3 18 21 36 42 68 102 4284
2 3 18 21 36 42 68 119 4284
2 3 18 21 36 42 69 92 5796
2 3 18 21 36 42 75 100 6300
2 3 18 21 36 42 76 114 4788
2 3 18 21 36 42 84 126 252
2 3 18 21 36 42 87 116 7308
2 3 18 21 36 42 93 124 7812
2 3 18 21 36 43 84 86 10836
2 3 18 21 36 44 55 70 13860
2 3 18 21 36 44 55 105 13860
2 3 18 21 36 44 56 88 5544
2 3 18 21 36 44 63 66 2772
2 3 18 21 36 44 63 77 2772
2 3 18 21 36 44 63 99 2772
2 3 18 21 36 44 66 77 2772
2 3 18 21 36 44 66 84 2772
2 3 18 21 36 44 66 126 2772
2 3 18 21 36 44 70 110 13860
2 3 18 21 36 44 77 84 2772
2 3 18 21 36 44 77 99 2772
2 3 18 21 36 44 77 126 2772
2 3 18 21 36 44 84 99 2772
2 3 18 21 36 44 99 126 2772
2 3 18 21 36 44 105 110 13860
2 3 18 21 36 45 56 120 2520
2 3 18 21 36 45 60 63 1260
2 3 18 21 36 45 60 70 1260
2 3 18 21 36 45 60 84 1260
2 3 18 21 36 45 60 105 1260
2 3 18 21 36 45 60 126 1260
2 3 18 21 36 45 70 84 1260
2 3 18 21 36 45 80 112 5040
2 3 18 21 36 45 84 90 1260
2 3 18 21 36 45 84 105 1260
2 3 18 21 36 46 63 92 5796
2 3 18 21 36 46 69 84 5796
2 3 18 21 36 46 84 92 5796
2 3 18 21 36 46 92 126 5796
2 3 18 21 36 47 84 94 11844
2 3 18 21 36 48 56 112 1008
2 3 18 21 36 48 63 112 1008
2 3 18 21 36 48 70 80 5040
2 3 18 21 36 48 72 112 1008
2 3 18 21 36 48 80 105 5040
2 3 18 21 36 48 84 112 1008
2 3 18 21 36 48 112 126 1008
2 3 18 21 36 49 84 98 1764
2 3 18 21 36 50 63 100 6300
2 3 18 21 36 50 70 100 6300
2 3 18 21 36 50 75 84 6300
2 3 18 21 36 50 84 100 6300
2 3 18 21 36 50 100 105 6300
2 3 18 21 36 50 100 126 6300
2 3 18 21 36 51 63 68 4284
2 3 18 21 36 51 68 84 4284
2 3 18 21 36 51 68 119 4284
2 3 18 21 36 51 68 126 4284
2 3 18 21 36 51 84 102 4284
2 3 18 21 36 51 84 119 4284
2 3 18 21 36 52 56 104 6552
2 3 18 21 36 52 63 78 3276
2 3 18 21 36 52 63 91 3276
2 3 18 21 36 52 63 117 3276
2 3 18 21 36 52 65 70 16380
2 3 18 21 36 52 65 105 16380
2 3 18 21 36 52 78 84 3276
2 3 18 21 36 52 78 91 3276
2 3 18 21 36 52 78 126 3276
2 3 18 21 36 52 84 91 3276
2 3 18 21 36 52 84 117 3276
2 3 18 21 36 52 91 117 3276
2 3 18 21 36 52 91 126 3276
2 3 18 21 36 53 84 106 13356
2 3 18 21 36 54 63 108 756
2 3 18 21 36 54 84 108 756
2 3 18 21 36 55 60 77 13860
2 3 18 21 36 55 84 110 13860
2 3 18 21 36 56 60 120 2520
2 3 18 21 36 56 63 72 504
2 3 18 21 36 56 66 88 5544
2 3 18 21 36 56 70 120 2520
2 3 18 21 36 56 72 84 504
2 3 18 21 36 56 72 126 504
2 3 18 21 36 56 77 88 5544
2 3 18 21 36 56 78 104 6552
2 3 18 21 36 56 88 99 5544
2 3 18 21 36 56 90 120 2520
2 3 18 21 36 56 91 104 6552
2 3 18 21 36 56 104 117 6552
2 3 18 21 36 57 63 76 4788
2 3 18 21 36 57 76 84 4788
2 3 18 21 36 57 76 126 4788
2 3 18 21 36 57 84 114 4788
2 3 18 21 36 58 63 116 7308
2 3 18 21 36 58 84 87 7308
2 3 18 21 36 58 84 116 7308
2 3 18 21 36 59 84 118 14868
2 3 18 21 36 60 63 70 1260
2 3 18 21 36 60 63 90 1260
2 3 18 21 36 60 63 105 1260
2 3 18 21 36 60 65 91 16380
2 3 18 21 36 60 70 84 1260
2 3 18 21 36 60 70 90 1260
2 3 18 21 36 60 70 105 1260
2 3 18 21 36 60 70 126 1260
2 3 18 21 36 60 77 110 13860
2 3 18 21 36 60 80 112 5040
2 3 18 21 36 60 84 90 1260
2 3 18 21 36 60 84 105 1260
2 3 18 21 36 60 85 119 21420
2 3 18 21 36 60 90 105 1260
2 3 18 21 36 61 84 122 15372
2 3 18 21 36 62 63 124 7812
2 3 18 21 36 62 84 93 7812
2 3 18 21 36 62 84 124 7812
2 3 18 21 36 63 68 102 4284
2 3 18 21 36 63 68 119 4284
2 3 18 21 36 63 69 92 5796
2 3 18 21 36 63 75 100 6300
2 3 18 21 36 63 76 114 4788
2 3 18 21 36 63 87 116 7308
2 3 18 21 36 66 77 84 2772
2 3 18 21 36 66 84 99 2772
2 3 18 21 36 68 70 85 21420
2 3 18 21 36 68 84 102 4284
2 3 18 21 36 68 85 105 21420
2 3 18 21 36 69 84 92 5796
2 3 18 21 36 70 72 120 2520
2 3 18 21 36 70 75 100 6300
2 3 18 21 36 70 76 95 23940
2 3 18 21 36 70 84 90 1260
2 3 18 21 36 72 77 88 5544
2 3 18 21 37 42 63 74 4662
2 3 18 21 37 42 63 111 4662
2 3 18 21 37 42 74 126 4662
2 3 18 21 37 42 111 126 4662
2 3 18 21 37 45 70 74 23310
2 3 18 21 37 45 70 111 23310
2 3 18 21 37 45 74 105 23310
2 3 18 21 37 45 105 111 23310
2 3 18 21 37 56 72 74 18648
2 3 18 21 37 56 72 111 18648
2 3 18 21 37 63 74 111 4662
2 3 18 21 37 63 74 126 4662
2 3 18 21 37 70 74 90 23310
2 3 18 21 37 74 77 99 51282
2 3 18 21 38 42 45 95 11970
2 3 18 21 38 42 57 63 2394
2 3 18 21 38 42 57 126 2394
2 3 18 21 38 42 63 114 2394
2 3 18 21 38 42 90 95 11970
2 3 18 21 38 42 114 126 2394
2 3 18 21 38 45 57 70 11970
2 3 18 21 38 45 57 105 11970
2 3 18 21 38 45 63 95 11970
2 3 18 21 38 45 70 95 11970
2 3 18 21 38 45 70 114 11970
2 3 18 21 38 45 95 105 11970
2 3 18 21 38 45 95 126 11970
2 3 18 21 38 45 105 114 11970
2 3 18 21 38 56 57 72 9576
2 3 18 21 38 56 72 76 9576
2 3 18 21 38 56 72 114 9576
2 3 18 21 38 57 63 114 2394
2 3 18 21 38 57 63 126 2394
2 3 18 21 38 57 70 90 11970
2 3 18 21 38 57 77 99 26334
2 3 18 21 38 57 90 105 11970
2 3 18 21 38 63 70 95 11970
2 3 18 21 38 63 76 84 4788
2 3 18 21 38 63 90 95 11970
2 3 18 21 39 42 45 65 8190
2 3 18 21 39 42 63 78 1638
2 3 18 21 39 42 63 91 1638
2 3 18 21 39 42 63 117 1638
2 3 18 21 39 42 65 90 8190
2 3 18 21 39 42 72 104 6552
2 3 18 21 39 42 78 117 1638
2 3 18 21 39 42 78 126 1638
2 3 18 21 39 42 91 117 1638
2 3 18 21 39 42 91 126 1638
2 3 18 21 39 42 117 126 1638
2 3 18 21 39 45 63 65 8190
2 3 18 21 39 45 65 70 8190
2 3 18 21 39 45 65 91 8190
2 3 18 21 39 45 65 105 8190
2 3 18 21 39 45 65 126 8190
2 3 18 21 39 45 70 78 8190
2 3 18 21 39 45 70 91 8190
2 3 18 21 39 45 70 117 8190
2 3 18 21 39 45 78 105 8190
2 3 18 21 39 45 90 91 8190
2 3 18 21 39 45 91 105 8190
2 3 18 21 39 45 105 117 8190
2 3 18 21 39 48 112 117 13104
2 3 18 21 39 49 98 117 11466
2 3 18 21 39 52 56 72 6552
2 3 18 21 39 52 63 84 3276
2 3 18 21 39 52 84 117 3276
2 3 18 21 39 52 84 126 3276
2 3 18 21 39 56 63 104 6552
2 3 18 21 39 56 72 78 6552
2 3 18 21 39 56 72 91 6552
2 3 18 21 39 56 72 104 6552
2 3 18 21 39 56 72 117 6552
2 3 18 21 39 63 65 70 8190
2 3 18 21 39 63 65 90 8190
2 3 18 21 39 63 65 105 8190
2 3 18 21 39 63 72 104 6552
2 3 18 21 39 63 78 91 1638
2 3 18 21 39 65 70 90 8190
2 3 18 21 39 65 70 117 8190
2 3 18 21 39 70 78 90 8190
2 3 18 21 40 42 45 56 2520
2 3 18 21 40 42 45 72 2520
2 3 18 21 40 42 45 120 2520
2 3 18 21 40 42 56 90 2520
2 3 18 21 40 42 60 72 2520
2 3 18 21 40 42 63 120 2520
2 3 18 21 40 42 70 72 2520
2 3 18 21 40 42 72 90 2520
2 3 18 21 40 42 72 105 2520
2 3 18 21 40 42 72 120 2520
2 3 18 21 40 42 90 120 2520
2 3 18 21 40 42 120 126 2520
2 3 18 21 40 45 48 112 5040
2 3 18 21 40 45 56 60 2520
2 3 18 21 40 45 56 63 2520
2 3 18 21 40 45 56 70 2520
2 3 18 21 40 45 56 72 2520
2 3 18 21 40 45 56 84 2520
2 3 18 21 40 45 56 90 2520
2 3 18 21 40 45 56 105 2520
2 3 18 21 40 45 56 120 2520
2 3 18 21 40 45 56 126 2520
2 3 18 21 40 45 63 72 2520
2 3 18 21 40 45 63 120 2520
2 3 18 21 40 45 70 72 2520
2 3 18 21 40 45 70 120 2520
2 3 18 21 40 45 72 84 2520
2 3 18 21 40 45 72 105 2520
2 3 18 21 40 45 72 126 2520
2 3 18 21 40 45 77 88 27720
2 3 18 21 40 45 80 112 5040
2 3 18 21 40 45 84 120 2520
2 3 18 21 40 45 91 104 32760
2 3 18 21 40 45 105 120 2520
2 3 18 21 40 48 63 80 5040
2 3 18 21 40 48 80 126 5040
2 3 18 21 40 48 90 112 5040
2 3 18 21 40 55 56 99 27720
2 3 18 21 40 55 63 88 27720
2 3 18 21 40 55 72 77 27720
2 3 18 21 40 56 60 63 2520
2 3 18 21 40 56 60 72 2520
2 3 18 21 40 56 60 90 2520
2 3 18 21 40 56 60 126 2520
2 3 18 21 40 56 63 70 2520
2 3 18 21 40 56 63 90 2520
2 3 18 21 40 56 63 105 2520
2 3 18 21 40 56 63 120 2520
2 3 18 21 40 56 65 117 32760
2 3 18 21 40 56 70 72 2520
2 3 18 21 40 56 70 90 2520
2 3 18 21 40 56 70 126 2520
2 3 18 21 40 56 72 90 2520
2 3 18 21 40 56 72 105 2520
2 3 18 21 40 56 72 120 2520
2 3 18 21 40 56 84 90 2520
2 3 18 21 40 60 63 72 2520
2 3 18 21 40 60 63 120 2520
2 3 18 21 40 60 70 72 2520
2 3 18 21 40 60 72 84 2520
2 3 18 21 40 60 72 105 2520
2 3 18 21 40 63 65 104 32760
2 3 18 21 40 63 70 72 2520
2 3 18 21 40 63 72 90 2520
2 3 18 21 40 63 72 105 2520
2 3 18 21 40 65 72 91 32760
2 3 18 21 40 70 72 84 2520
2 3 18 21 40 70 72 90 2520
2 3 18 21 41 42 63 82 5166
2 3 18 21 41 42 63 123 5166
2 3 18 21 41 42 82 126 5166
2 3 18 21 41 42 123 126 5166
2 3 18 21 41 45 70 82 25830
2 3 18 21 41 45 70 123 25830
2 3 18 21 41 45 82 105 25830
2 3 18 21 41 45 105 123 25830
2 3 18 21 41 56 72 82 20664
2 3 18 21 41 56 72 123 20664
2 3 18 21 42 43 63 86 5418
2 3 18 21 42 43 86 126 5418
2 3 18 21 42 44 72 88 5544
2 3 18 21 42 44 84 99 2772
2 3 18 21 42 45 46 115 14490
2 3 18 21 42 45 48 80 5040
2 3 18 21 42 45 50 75 3150
2 3 18 21 42 45 51 85 10710
2 3 18 21 42 45 55 66 6930
2 3 18 21 42 45 55 77 6930
2 3 18 21 42 45 55 99 6930
2 3 18 21 42 45 55 110 6930
2 3 18 21 42 45 56 120 2520
2 3 18 21 42 45 57 95 11970
2 3 18 21 42 45 60 84 1260
2 3 18 21 42 45 63 70 630
2 3 18 21 42 45 63 90 630
2 3 18 21 42 45 63 105 630
2 3 18 21 42 45 65 78 8190
2 3 18 21 42 45 65 91 8190
2 3 18 21 42 45 65 117 8190
2 3 18 21 42 45 66 110 6930
2 3 18 21 42 45 69 115 14490
2 3 18 21 42 45 70 90 630
2 3 18 21 42 45 70 105 630
2 3 18 21 42 45 70 126 630
2 3 18 21 42 45 72 120 2520
2 3 18 21 42 45 77 110 6930
2 3 18 21 42 45 80 112 5040
2 3 18 21 42 45 85 102 10710
2 3 18 21 42 45 85 119 10710
2 3 18 21 42 45 90 105 630
2 3 18 21 42 45 90 126 630
2 3 18 21 42 45 95 114 11970
2 3 18 21 42 45 99 110 6930
2 3 18 21 42 46 63 69 2898
2 3 18 21 42 46 69 126 2898
2 3 18 21 42 46 90 115 14490
2 3 18 21 42 47 63 94 5922
2 3 18 21 42 47 94 126 5922
2 3 18 21 42 48 63 112 1008
2 3 18 21 42 48 72 112 1008
2 3 18 21 42 48 80 90 5040
2 3 18 21 42 49 63 98 882
2 3 18 21 42 50 63 75 3150
2 3 18 21 42 50 75 90 3150
2 3 18 21 42 50 75 126 3150
2 3 18 21 42 51 63 102 2142
2 3 18 21 42 51 63 119 2142
2 3 18 21 42 51 85 90 10710
2 3 18 21 42 52 72 104 6552
2 3 18 21 42 53 63 106 6678
2 3 18 21 42 55 63 110 6930
2 3 18 21 42 55 66 90 6930
2 3 18 21 42 55 70 99 6930
2 3 18 21 42 55 77 90 6930
2 3 18 21 42 56 63 72 504
2 3 18 21 42 56 72 84 504
2 3 18 21 42 57 63 114 2394
2 3 18 21 42 58 63 87 3654
2 3 18 21 42 59 63 118 7434
2 3 18 21 42 61 63 122 7686
2 3 18 21 42 62 63 93 3906
2 3 18 21 42 63 66 77 1386
2 3 18 21 42 63 66 99 1386
2 3 18 21 42 63 70 90 630
2 3 18 21 42 66 72 88 5544
2 3 18 21 43 45 70 86 27090
2 3 18 21 43 45 86 105 27090
2 3 18 21 43 56 72 86 21672
2 3 18 21 44 45 55 84 13860
2 3 18 21 44 45 60 77 13860
2 3 18 21 44 45 84 110 13860
2 3 18 21 44 55 60 63 13860
2 3 18 21 44 55 60 126 13860
2 3 18 21 44 55 84 90 13860
2 3 18 21 44 56 63 88 5544
2 3 18 21 44 56 66 72 5544
2 3 18 21 44 56 72 77 5544
2 3 18 21 44 56 72 88 5544
2 3 18 21 44 56 72 99 5544
2 3 18 21 44 60 63 110 13860
2 3 18 21 44 60 70 99 13860
2 3 18 21 44 63 66 84 2772
2 3 18 21 44 63 72 88 5544
2 3 18 21 45 46 63 115 14490
2 3 18 21 45 46 69 70 14490
2 3 18 21 45 46 69 105 14490
2 3 18 21 45 46 70 115 14490
2 3 18 21 45 47 70 94 29610
2 3 18 21 45 47 94 105 29610
2 3 18 21 45 48 56 80 5040
2 3 18 21 45 48 60 112 5040
2 3 18 21 45 48 63 80 5040
2 3 18 21 45 48 70 80 5040
2 3 18 21 45 48 70 112 5040
2 3 18 21 45 48 80 84 5040
2 3 18 21 45 48 80 105 5040
2 3 18 21 45 48 80 112 5040
2 3 18 21 45 49 70 98 4410
2 3 18 21 45 49 90 98 4410
2 3 18 21 45 50 63 75 3150
2 3 18 21 45 50 70 75 3150
2 3 18 21 45 50 75 105 3150
2 3 18 21 45 50 84 100 6300
2 3 18 21 45 51 63 85 10710
2 3 18 21 45 51 70 85 10710
2 3 18 21 45 51 70 102 10710
2 3 18 21 45 51 70 119 10710
2 3 18 21 45 52 60 91 16380
2 3 18 21 45 52 65 84 16380
2 3 18 21 45 53 70 106 33390
2 3 18 21 45 55 56 88 27720
2 3 18 21 45 55 63 66 6930
2 3 18 21 45 55 63 77 6930
2 3 18 21 45 55 63 99 6930
2 3 18 21 45 55 63 110 6930
2 3 18 21 45 55 66 70 6930
2 3 18 21 45 55 66 77 6930
2 3 18 21 45 55 66 105 6930
2 3 18 21 45 55 70 77 6930
2 3 18 21 45 55 70 99 6930
2 3 18 21 45 55 70 110 6930
2 3 18 21 45 55 77 90 6930
2 3 18 21 45 56 60 72 2520
2 3 18 21 45 56 60 120 2520
2 3 18 21 45 56 63 120 2520
2 3 18 21 45 56 65 104 32760
2 3 18 21 45 56 70 72 2520
2 3 18 21 45 56 72 90 2520
2 3 18 21 45 57 63 95 11970
2 3 18 21 45 57 70 95 11970
2 3 18 21 45 58 70 87 18270
2 3 18 21 45 60 63 84 1260
2 3 18 21 45 60 70 84 1260
2 3 18 21 45 63 65 78 8190
2 3 18 21 45 63 65 91 8190
2 3 18 21 45 65 70 78 8190
2 3 18 21 45 66 70 77 6930
2 3 18 21 46 56 69 72 11592
2 3 18 21 46 56 72 92 11592
2 3 18 21 47 56 72 94 23688
2 3 18 21 48 60 63 80 5040
2 3 18 21 50 56 72 75 12600
2 3 18 21 51 56 68 72 8568
2 3 18 21 52 56 72 78 6552
2 3 18 21 52 60 63 65 16380
2 3 18 22 23 30 99 115 22770
2 3 18 22 23 33 36 92 9108
2 3 18 22 23 33 45 115 22770
2 3 18 22 23 33 46 99 4554
2 3 18 22 23 33 69 99 4554
2 3 18 22 23 33 90 115 22770
2 3 18 22 23 36 44 46 9108
2 3 18 22 23 36 44 69 9108
2 3 18 22 23 36 44 92 9108
2 3 18 22 23 36 66 92 9108
2 3 18 22 23 36 92 99 9108
2 3 18 22 23 44 92 99 9108
2 3 18 22 23 45 46 55 22770
2 3 18 22 23 45 46 110 22770
2 3 18 22 23 45 55 69 22770
2 3 18 22 23 45 55 115 22770
2 3 18 22 23 45 66 115 22770
2 3 18 22 23 45 69 110 22770
2 3 18 22 23 45 99 115 22770
2 3 18 22 23 45 110 115 22770
2 3 18 22 23 46 55 90 22770
2 3 18 22 23 46 63 77 31878
2 3 18 22 23 46 66 99 4554
2 3 18 22 23 46 69 99 4554
2 3 18 22 23 46 72 88 18216
2 3 18 22 23 46 77 126 31878
2 3 18 22 23 46 90 110 22770
2 3 18 22 23 55 69 90 22770
2 3 18 22 23 55 90 115 22770
2 3 18 22 23 55 99 115 22770
2 3 18 22 23 63 69 77 31878
2 3 18 22 23 66 69 99 4554
2 3 18 22 23 66 90 115 22770
2 3 18 22 23 69 72 88 18216
2 3 18 22 23 69 77 126 31878
2 3 18 22 23 69 90 110 22770
2 3 18 22 23 72 88 92 18216
2 3 18 22 23 90 99 115 22770
2 3 18 22 23 90 110 115 22770
2 3 18 22 23 99 110 115 22770
2 3 18 22 24 26 88 117 10296
2 3 18 22 24 26 99 104 10296
2 3 18 22 24 27 54 88 2376
2 3 18 22 24 27 88 108 2376
2 3 18 22 24 28 56 99 5544
2 3 18 22 24 28 63 88 5544
2 3 18 22 24 28 72 77 5544
2 3 18 22 24 28 88 126 5544
2 3 18 22 24 30 40 99 3960
2 3 18 22 24 30 45 88 3960
2 3 18 22 24 30 55 72 3960
2 3 18 22 24 30 72 110 3960
2 3 18 22 24 30 88 90 3960
2 3 18 22 24 30 99 120 3960
2 3 18 22 24 32 96 99 3168
2 3 18 22 24 33 36 72 792
2 3 18 22 24 33 36 88 792
2 3 18 22 24 33 40 45 3960
2 3 18 22 24 33 40 90 3960
2 3 18 22 24 33 44 72 792
2 3 18 22 24 33 45 120 3960
2 3 18 22 24 33 56 63 5544
2 3 18 22 24 33 56 126 5544
2 3 18 22 24 33 66 72 792
2 3 18 22 24 33 72 88 792
2 3 18 22 24 33 72 99 792
2 3 18 22 24 33 88 99 792
2 3 18 22 24 33 90 120 3960
2 3 18 22 24 33 104 117 10296
2 3 18 22 24 36 40 55 3960
2 3 18 22 24 36 40 110 3960
2 3 18 22 24 36 44 72 792
2 3 18 22 24 36 44 88 792
2 3 18 22 24 36 55 120 3960
2 3 18 22 24 36 56 77 5544
2 3 18 22 24 36 66 72 792
2 3 18 22 24 36 66 88 792
2 3 18 22 24 36 72 88 792
2 3 18 22 24 36 72 99 792
2 3 18 22 24 36 88 99 792
2 3 18 22 24 36 110 120 3960
2 3 18 22 24 39 88 117 10296
2 3 18 22 24 39 99 104 10296
2 3 18 22 24 40 44 45 3960
2 3 18 22 24 40 44 90 3960
2 3 18 22 24 40 45 55 3960
2 3 18 22 24 40 45 66 3960
2 3 18 22 24 40 45 88 3960
2 3 18 22 24 40 45 99 3960
2 3 18 22 24 40 45 110 3960
2 3 18 22 24 40 55 72 3960
2 3 18 22 24 40 55 90 3960
2 3 18 22 24 40 55 99 3960
2 3 18 22 24 40 60 99 3960
2 3 18 22 24 40 66 90 3960
2 3 18 22 24 40 72 110 3960
2 3 18 22 24 40 88 90 3960
2 3 18 22 24 40 90 99 3960
2 3 18 22 24 40 90 110 3960
2 3 18 22 24 40 99 110 3960
2 3 18 22 24 40 99 120 3960
2 3 18 22 24 42 56 99 5544
2 3 18 22 24 42 63 88 5544
2 3 18 22 24 42 72 77 5544
2 3 18 22 24 42 88 126 5544
2 3 18 22 24 44 45 120 3960
2 3 18 22 24 44 56 63 5544
2 3 18 22 24 44 56 126 5544
2 3 18 22 24 44 66 72 792
2 3 18 22 24 44 72 88 792
2 3 18 22 24 44 72 99 792
2 3 18 22 24 44 88 99 792
2 3 18 22 24 44 90 120 3960
2 3 18 22 24 44 104 117 10296
2 3 18 22 24 45 55 72 3960
2 3 18 22 24 45 55 88 3960
2 3 18 22 24 45 55 120 3960
2 3 18 22 24 45 60 88 3960
2 3 18 22 24 45 66 120 3960
2 3 18 22 24 45 72 110 3960
2 3 18 22 24 45 88 90 3960
2 3 18 22 24 45 88 110 3960
2 3 18 22 24 45 88 120 3960
2 3 18 22 24 45 99 120 3960
2 3 18 22 24 45 110 120 3960
2 3 18 22 24 52 88 117 10296
2 3 18 22 24 52 99 104 10296
2 3 18 22 24 54 88 108 2376
2 3 18 22 24 55 60 72 3960
2 3 18 22 24 55 72 90 3960
2 3 18 22 24 55 72 110 3960
2 3 18 22 24 55 72 120 3960
2 3 18 22 24 55 88 90 3960
2 3 18 22 24 55 90 120 3960
2 3 18 22 24 55 99 120 3960
2 3 18 22 24 56 63 66 5544
2 3 18 22 24 56 63 77 5544
2 3 18 22 24 56 63 88 5544
2 3 18 22 24 56 63 99 5544
2 3 18 22 24 56 66 126 5544
2 3 18 22 24 56 72 77 5544
2 3 18 22 24 56 77 99 5544
2 3 18 22 24 56 77 126 5544
2 3 18 22 24 56 84 99 5544
2 3 18 22 24 56 88 126 5544
2 3 18 22 24 56 99 126 5544
2 3 18 22 24 60 72 110 3960
2 3 18 22 24 60 88 90 3960
2 3 18 22 24 60 99 120 3960
2 3 18 22 24 63 72 77 5544
2 3 18 22 24 63 77 88 5544
2 3 18 22 24 63 84 88 5544
2 3 18 22 24 63 88 126 5544
2 3 18 22 24 66 72 88 792
2 3 18 22 24 66 72 99 792
2 3 18 22 24 66 88 99 792
2 3 18 22 24 66 90 120 3960
2 3 18 22 24 66 104 117 10296
2 3 18 22 24 72 77 84 5544
2 3 18 22 24 72 77 126 5544
2 3 18 22 24 72 88 99 792
2 3 18 22 24 72 90 110 3960
2 3 18 22 24 72 110 120 3960
2 3 18 22 24 77 88 126 5544
2 3 18 22 24 78 88 117 10296
2 3 18 22 24 78 99 104 10296
2 3 18 22 24 84 88 126 5544
2 3 18 22 24 88 90 110 3960
2 3 18 22 24 88 90 120 3960
2 3 18 22 24 88 104 117 10296
2 3 18 22 24 90 99 120 3960
2 3 18 22 24 90 110 120 3960
2 3 18 22 24 99 104 117 10296
2 3 18 22 24 99 110 120 3960
2 3 18 22 25 30 50 99 4950
2 3 18 22 25 30 75 99 4950
2 3 18 22 25 33 36 100 9900
2 3 18 22 25 33 45 50 4950
2 3 18 22 25 33 45 75 4950
2 3 18 22 25 33 50 90 4950
2 3 18 22 25 33 50 99 4950
2 3 18 22 25 33 75 90 4950
2 3 18 22 25 33 75 99 4950
2 3 18 22 25 36 44 50 9900
2 3 18 22 25 36 44 75 9900
2 3 18 22 25 36 44 100 9900
2 3 18 22 25 36 55 100 9900
2 3 18 22 25 36 66 100 9900
2 3 18 22 25 36 99 100 9900
2 3 18 22 25 36 100 110 9900
2 3 18 22 25 44 45 100 9900
2 3 18 22 25 44 90 100 9900
2 3 18 22 25 44 99 100 9900
2 3 18 22 25 45 50 55 4950
2 3 18 22 25 45 50 66 4950
2 3 18 22 25 45 50 99 4950
2 3 18 22 25 45 50 110 4950
2 3 18 22 25 45 55 75 4950
2 3 18 22 25 45 66 75 4950
2 3 18 22 25 45 75 99 4950
2 3 18 22 25 45 75 110 4950
2 3 18 22 25 50 55 90 4950
2 3 18 22 25 50 55 99 4950
2 3 18 22 25 50 63 77 34650
2 3 18 22 25 50 66 90 4950
2 3 18 22 25 50 66 99 4950
2 3 18 22 25 50 72 88 19800
2 3 18 22 25 50 75 99 4950
2 3 18 22 25 50 77 126 34650
2 3 18 22 25 50 90 99 4950
2 3 18 22 25 50 90 110 4950
2 3 18 22 25 50 99 110 4950
2 3 18 22 25 55 75 90 4950
2 3 18 22 25 55 75 99 4950
2 3 18 22 25 60 99 100 9900
2 3 18 22 25 63 75 77 34650
2 3 18 22 25 66 75 90 4950
2 3 18 22 25 66 75 99 4950
2 3 18 22 25 72 75 88 19800
2 3 18 22 25 72 88 100 19800
2 3 18 22 25 75 77 126 34650
2 3 18 22 25 75 90 99 4950
2 3 18 22 25 75 90 110 4950
2 3 18 22 25 75 99 110 4950
2 3 18 22 26 30 55 117 12870
2 3 18 22 26 30 65 99 12870
2 3 18 22 26 30 110 117 12870
2 3 18 22 26 33 36 52 5148
2 3 18 22 26 33 39 99 2574
2 3 18 22 26 33 39 117 2574
2 3 18 22 26 33 45 65 12870
2 3 18 22 26 33 63 91 18018
2 3 18 22 26 33 65 90 12870
2 3 18 22 26 33 66 117 2574
2 3 18 22 26 33 72 104 10296
2 3 18 22 26 33 78 99 2574
2 3 18 22 26 33 78 117 2574
2 3 18 22 26 33 91 126 18018
2 3 18 22 26 33 99 117 2574
2 3 18 22 26 36 39 44 5148
2 3 18 22 26 36 44 52 5148
2 3 18 22 26 36 44 78 5148
2 3 18 22 26 36 44 117 5148
2 3 18 22 26 36 52 66 5148
2 3 18 22 26 36 52 99 5148
2 3 18 22 26 36 88 104 10296
2 3 18 22 26 39 45 55 12870
2 3 18 22 26 39 45 110 12870
2 3 18 22 26 39 55 90 12870
2 3 18 22 26 39 63 77 18018
2 3 18 22 26 39 66 99 2574
2 3 18 22 26 39 66 117 2574
2 3 18 22 26 39 72 88 10296
2 3 18 22 26 39 77 126 18018
2 3 18 22 26 39 78 99 2574
2 3 18 22 26 39 90 110 12870
2 3 18 22 26 39 99 117 2574
2 3 18 22 26 42 77 117 18018
2 3 18 22 26 42 91 99 18018
2 3 18 22 26 44 52 99 5148
2 3 18 22 26 44 52 117 5148
2 3 18 22 26 44 72 104 10296
2 3 18 22 26 45 55 65 12870
2 3 18 22 26 45 55 78 12870
2 3 18 22 26 45 55 117 12870
2 3 18 22 26 45 65 66 12870
2 3 18 22 26 45 65 99 12870
2 3 18 22 26 45 65 110 12870
2 3 18 22 26 45 78 110 12870
2 3 18 22 26 45 110 117 12870
2 3 18 22 26 52 72 88 10296
2 3 18 22 26 55 65 90 12870
2 3 18 22 26 55 65 99 12870
2 3 18 22 26 55 65 117 12870
2 3 18 22 26 55 78 90 12870
2 3 18 22 26 55 90 117 12870
2 3 18 22 26 55 110 117 12870
2 3 18 22 26 63 66 91 18018
2 3 18 22 26 63 77 78 18018
2 3 18 22 26 63 77 91 18018
2 3 18 22 26 63 77 117 18018
2 3 18 22 26 63 91 99 18018
2 3 18 22 26 65 66 90 12870
2 3 18 22 26 65 90 99 12870
2 3 18 22 26 65 90 110 12870
2 3 18 22 26 65 99 110 12870
2 3 18 22 26 65 110 117 12870
2 3 18 22 26 66 72 104 10296
2 3 18 22 26 66 78 99 2574
2 3 18 22 26 66 78 117 2574
2 3 18 22 26 66 91 126 18018
2 3 18 22 26 66 99 117 2574
2 3 18 22 26 72 78 88 10296
2 3 18 22 26 72 88 104 10296
2 3 18 22 26 72 88 117 10296
2 3 18 22 26 72 99 104 10296
2 3 18 22 26 77 78 126 18018
2 3 18 22 26 77 91 99 18018
2 3 18 22 26 77 91 117 18018
2 3 18 22 26 77 91 126 18018
2 3 18 22 26 77 117 126 18018
2 3 18 22 26 78 90 110 12870
2 3 18 22 26 78 99 117 2574
2 3 18 22 26 88 99 104 10296
2 3 18 22 26 88 104 117 10296
2 3 18 22 26 90 110 117 12870
2 3 18 22 26 91 99 126 18018
2 3 18 22 27 28 77 108 8316
2 3 18 22 27 30 54 55 2970
2 3 18 22 27 30 54 110 2970
2 3 18 22 27 33 36 108 1188
2 3 18 22 27 33 44 108 1188
2 3 18 22 27 33 54 66 594
2 3 18 22 27 33 54 99 594
2 3 18 22 27 36 44 54 1188
2 3 18 22 27 36 44 108 1188
2 3 18 22 27 36 66 108 1188
2 3 18 22 27 36 99 108 1188
2 3 18 22 27 42 54 77 4158
2 3 18 22 27 44 54 108 1188
2 3 18 22 27 44 66 108 1188
2 3 18 22 27 44 99 108 1188
2 3 18 22 27 45 54 55 2970
2 3 18 22 27 45 54 110 2970
2 3 18 22 27 54 55 90 2970
2 3 18 22 27 54 55 110 2970
2 3 18 22 27 54 63 77 4158
2 3 18 22 27 54 66 99 594
2 3 18 22 27 54 72 88 2376
2 3 18 22 27 54 77 126 4158
2 3 18 22 27 54 90 110 2970
2 3 18 22 27 55 60 108 5940
2 3 18 22 27 60 108 110 5940
2 3 18 22 27 72 88 108 2376
2 3 18 22 27 77 84 108 8316
2 3 18 22 28 33 36 42 2772
2 3 18 22 28 33 36 63 2772
2 3 18 22 28 33 36 77 2772
2 3 18 22 28 33 36 84 2772
2 3 18 22 28 33 36 126 2772
2 3 18 22 28 33 44 63 2772
2 3 18 22 28 33 44 126 2772
2 3 18 22 28 33 56 72 5544
2 3 18 22 28 33 63 84 2772
2 3 18 22 28 33 84 99 2772
2 3 18 22 28 33 84 126 2772
2 3 18 22 28 35 36 55 13860
2 3 18 22 28 35 36 110 13860
2 3 18 22 28 35 44 45 13860
2 3 18 22 28 35 44 90 13860
2 3 18 22 28 35 60 99 13860
2 3 18 22 28 36 42 44 2772
2 3 18 22 28 36 42 66 2772
2 3 18 22 28 36 42 77 2772
2 3 18 22 28 36 42 99 2772
2 3 18 22 28 36 44 63 2772
2 3 18 22 28 36 44 77 2772
2 3 18 22 28 36 44 84 2772
2 3 18 22 28 36 44 126 2772
2 3 18 22 28 36 55 70 13860
2 3 18 22 28 36 55 105 13860
2 3 18 22 28 36 56 88 5544
2 3 18 22 28 36 63 66 2772
2 3 18 22 28 36 63 77 2772
2 3 18 22 28 36 63 99 2772
2 3 18 22 28 36 66 77 2772
2 3 18 22 28 36 66 84 2772
2 3 18 22 28 36 66 126 2772
2 3 18 22 28 36 70 110 13860
2 3 18 22 28 36 77 84 2772
2 3 18 22 28 36 77 99 2772
2 3 18 22 28 36 77 126 2772
2 3 18 22 28 36 84 99 2772
2 3 18 22 28 36 99 126 2772
2 3 18 22 28 36 105 110 13860
2 3 18 22 28 42 44 63 2772
2 3 18 22 28 42 44 99 2772
2 3 18 22 28 42 44 126 2772
2 3 18 22 28 42 72 88 5544
2 3 18 22 28 42 84 99 2772
2 3 18 22 28 44 45 70 13860
2 3 18 22 28 44 45 105 13860
2 3 18 22 28 44 56 72 5544
2 3 18 22 28 44 63 66 2772
2 3 18 22 28 44 63 77 2772
2 3 18 22 28 44 63 84 2772
2 3 18 22 28 44 63 99 2772
2 3 18 22 28 44 63 126 2772
2 3 18 22 28 44 66 126 2772
2 3 18 22 28 44 70 90 13860
2 3 18 22 28 44 77 99 2772
2 3 18 22 28 44 77 126 2772
2 3 18 22 28 44 84 99 2772
2 3 18 22 28 44 84 126 2772
2 3 18 22 28 44 90 105 13860
2 3 18 22 28 44 91 117 36036
2 3 18 22 28 44 99 126 2772
2 3 18 22 28 45 55 84 13860
2 3 18 22 28 45 60 77 13860
2 3 18 22 28 45 84 110 13860
2 3 18 22 28 48 99 112 11088
2 3 18 22 28 52 77 117 36036
2 3 18 22 28 52 91 99 36036
2 3 18 22 28 54 77 108 8316
2 3 18 22 28 55 60 63 13860
2 3 18 22 28 55 60 126 13860
2 3 18 22 28 55 84 90 13860
2 3 18 22 28 56 63 88 5544
2 3 18 22 28 56 66 72 5544
2 3 18 22 28 56 72 77 5544
2 3 18 22 28 56 72 88 5544
2 3 18 22 28 56 72 99 5544
2 3 18 22 28 56 88 99 5544
2 3 18 22 28 56 88 126 5544
2 3 18 22 28 60 63 110 13860
2 3 18 22 28 60 70 99 13860
2 3 18 22 28 60 77 90 13860
2 3 18 22 28 60 99 105 13860
2 3 18 22 28 60 110 126 13860
2 3 18 22 28 63 66 84 2772
2 3 18 22 28 63 72 88 5544
2 3 18 22 28 63 77 84 2772
2 3 18 22 28 63 84 99 2772
2 3 18 22 28 66 84 99 2772
2 3 18 22 28 66 84 126 2772
2 3 18 22 28 68 99 119 47124
2 3 18 22 28 72 77 88 5544
2 3 18 22 28 72 84 88 5544
2 3 18 22 28 72 88 126 5544
2 3 18 22 28 77 84 99 2772
2 3 18 22 28 77 84 126 2772
2 3 18 22 28 84 90 110 13860
2 3 18 22 29 33 36 116 11484
2 3 18 22 29 33 58 99 5742
2 3 18 22 29 33 87 99 5742
2 3 18 22 29 36 44 58 11484
2 3 18 22 29 36 44 87 11484
2 3 18 22 29 36 44 116 11484
2 3 18 22 29 36 66 116 11484
2 3 18 22 29 36 99 116 11484
2 3 18 22 29 44 99 116 11484
2 3 18 22 29 45 55 58 28710
2 3 18 22 29 45 55 87 28710
2 3 18 22 29 45 58 110 28710
2 3 18 22 29 45 87 110 28710
2 3 18 22 29 55 58 90 28710
2 3 18 22 29 55 87 90 28710
2 3 18 22 29 58 63 77 40194
2 3 18 22 29 58 66 99 5742
2 3 18 22 29 58 72 88 22968
2 3 18 22 29 58 77 126 40194
2 3 18 22 29 58 87 99 5742
2 3 18 22 29 58 90 110 28710
2 3 18 22 29 63 77 87 40194
2 3 18 22 29 66 87 99 5742
2 3 18 22 29 72 87 88 22968
2 3 18 22 29 72 88 116 22968
2 3 18 22 29 77 87 126 40194
2 3 18 22 29 87 90 110 28710
2 3 18 22 30 33 35 63 6930
2 3 18 22 30 33 35 126 6930
2 3 18 22 30 33 36 60 1980
2 3 18 22 30 33 40 72 3960
2 3 18 22 30 33 45 55 990
2 3 18 22 30 33 45 66 990
2 3 18 22 30 33 45 90 990
2 3 18 22 30 33 45 99 990
2 3 18 22 30 33 45 110 990
2 3 18 22 30 33 55 90 990
2 3 18 22 30 33 55 99 990
2 3 18 22 30 33 63 70 6930
2 3 18 22 30 33 63 105 6930
2 3 18 22 30 33 65 117 12870
2 3 18 22 30 33 66 90 990
2 3 18 22 30 33 70 126 6930
2 3 18 22 30 33 72 120 3960
2 3 18 22 30 33 90 99 990
2 3 18 22 30 33 90 110 990
2 3 18 22 30 33 99 110 990
2 3 18 22 30 33 105 126 6930
2 3 18 22 30 34 85 99 16830
2 3 18 22 30 35 42 99 6930
2 3 18 22 30 35 45 77 6930
2 3 18 22 30 35 55 63 6930
2 3 18 22 30 35 55 126 6930
2 3 18 22 30 35 63 66 6930
2 3 18 22 30 35 63 77 6930
2 3 18 22 30 35 63 99 6930
2 3 18 22 30 35 63 110 6930
2 3 18 22 30 35 66 126 6930
2 3 18 22 30 35 70 99 6930
2 3 18 22 30 35 77 90 6930
2 3 18 22 30 35 77 99 6930
2 3 18 22 30 35 77 126 6930
2 3 18 22 30 35 99 105 6930
2 3 18 22 30 35 99 126 6930
2 3 18 22 30 35 110 126 6930
2 3 18 22 30 36 40 88 3960
2 3 18 22 30 36 44 45 1980
2 3 18 22 30 36 44 55 1980
2 3 18 22 30 36 44 60 1980
2 3 18 22 30 36 44 90 1980
2 3 18 22 30 36 44 110 1980
2 3 18 22 30 36 55 60 1980
2 3 18 22 30 36 60 66 1980
2 3 18 22 30 36 60 99 1980
2 3 18 22 30 36 60 110 1980
2 3 18 22 30 36 88 120 3960
2 3 18 22 30 38 95 99 18810
2 3 18 22 30 39 55 117 12870
2 3 18 22 30 39 65 99 12870
2 3 18 22 30 39 110 117 12870
2 3 18 22 30 40 44 72 3960
2 3 18 22 30 40 45 88 3960
2 3 18 22 30 40 55 72 3960
2 3 18 22 30 40 66 72 3960
2 3 18 22 30 40 72 88 3960
2 3 18 22 30 40 72 99 3960
2 3 18 22 30 40 72 110 3960
2 3 18 22 30 40 88 90 3960
2 3 18 22 30 40 88 99 3960
2 3 18 22 30 40 99 120 3960
2 3 18 22 30 42 45 77 6930
2 3 18 22 30 42 55 63 6930
2 3 18 22 30 42 55 126 6930
2 3 18 22 30 42 63 110 6930
2 3 18 22 30 42 70 99 6930
2 3 18 22 30 42 77 90 6930
2 3 18 22 30 42 99 105 6930
2 3 18 22 30 42 110 126 6930
2 3 18 22 30 44 45 60 1980
2 3 18 22 30 44 60 90 1980
2 3 18 22 30 44 60 99 1980
2 3 18 22 30 44 72 120 3960
2 3 18 22 30 45 55 66 990
2 3 18 22 30 45 55 90 990
2 3 18 22 30 45 55 99 990
2 3 18 22 30 45 55 110 990
2 3 18 22 30 45 63 77 6930
2 3 18 22 30 45 66 90 990
2 3 18 22 30 45 66 99 990
2 3 18 22 30 45 66 110 990
2 3 18 22 30 45 70 77 6930
2 3 18 22 30 45 72 88 3960
2 3 18 22 30 45 77 105 6930
2 3 18 22 30 45 77 126 6930
2 3 18 22 30 45 88 120 3960
2 3 18 22 30 45 90 99 990
2 3 18 22 30 45 90 110 990
2 3 18 22 30 45 99 110 990
2 3 18 22 30 46 99 115 22770
2 3 18 22 30 48 80 99 7920
2 3 18 22 30 50 75 99 4950
2 3 18 22 30 51 85 99 16830
2 3 18 22 30 55 63 70 6930
2 3 18 22 30 55 63 77 6930
2 3 18 22 30 55 63 105 6930
2 3 18 22 30 55 63 126 6930
2 3 18 22 30 55 65 117 12870
2 3 18 22 30 55 66 90 990
2 3 18 22 30 55 66 99 990
2 3 18 22 30 55 70 126 6930
2 3 18 22 30 55 72 88 3960
2 3 18 22 30 55 72 120 3960
2 3 18 22 30 55 77 126 6930
2 3 18 22 30 55 78 117 12870
2 3 18 22 30 55 90 99 990
2 3 18 22 30 55 90 110 990
2 3 18 22 30 55 99 110 990
2 3 18 22 30 55 105 126 6930
2 3 18 22 30 57 95 99 18810
2 3 18 22 30 60 72 88 3960
2 3 18 22 30 63 66 70 6930
2 3 18 22 30 63 66 105 6930
2 3 18 22 30 63 70 77 6930
2 3 18 22 30 63 70 99 6930
2 3 18 22 30 63 70 110 6930
2 3 18 22 30 63 77 90 6930
2 3 18 22 30 63 77 105 6930
2 3 18 22 30 63 77 110 6930
2 3 18 22 30 63 99 105 6930
2 3 18 22 30 63 105 110 6930
2 3 18 22 30 63 110 126 6930
2 3 18 22 30 65 66 117 12870
2 3 18 22 30 65 78 99 12870
2 3 18 22 30 65 99 117 12870
2 3 18 22 30 65 110 117 12870
2 3 18 22 30 66 70 126 6930
2 3 18 22 30 66 72 120 3960
2 3 18 22 30 66 90 99 990
2 3 18 22 30 66 90 110 990
2 3 18 22 30 66 99 110 990
2 3 18 22 30 66 105 126 6930
2 3 18 22 30 69 99 115 22770
2 3 18 22 30 70 77 90 6930
2 3 18 22 30 70 77 99 6930
2 3 18 22 30 70 77 126 6930
2 3 18 22 30 70 99 105 6930
2 3 18 22 30 72 88 90 3960
2 3 18 22 30 72 88 110 3960
2 3 18 22 30 72 88 120 3960
2 3 18 22 30 77 90 105 6930
2 3 18 22 30 77 99 105 6930
2 3 18 22 31 33 36 124 12276
2 3 18 22 31 33 62 99 6138
2 3 18 22 31 33 93 99 6138
2 3 18 22 31 36 44 62 12276
2 3 18 22 31 36 44 93 12276
2 3 18 22 31 36 44 124 12276
2 3 18 22 31 36 66 124 12276
2 3 18 22 31 36 99 124 12276
2 3 18 22 31 44 99 124 12276
2 3 18 22 31 45 55 62 30690
2 3 18 22 31 45 55 93 30690
2 3 18 22 31 45 62 110 30690
2 3 18 22 31 45 93 110 30690
2 3 18 22 31 55 62 90 30690
2 3 18 22 31 55 90 93 30690
2 3 18 22 31 62 63 77 42966
2 3 18 22 31 62 66 99 6138
2 3 18 22 31 62 72 88 24552
2 3 18 22 31 62 77 126 42966
2 3 18 22 31 62 90 110 30690
2 3 18 22 31 62 93 99 6138
2 3 18 22 31 63 77 93 42966
2 3 18 22 31 66 93 99 6138
2 3 18 22 31 72 88 93 24552
2 3 18 22 32 33 36 96 3168
2 3 18 22 32 33 72 96 3168
2 3 18 22 32 33 96 99 3168
2 3 18 22 32 36 44 96 3168
2 3 18 22 32 36 66 96 3168
2 3 18 22 32 36 88 96 3168
2 3 18 22 32 36 96 99 3168
2 3 18 22 32 44 72 96 3168
2 3 18 22 32 44 96 99 3168
2 3 18 22 32 45 55 96 15840
2 3 18 22 32 45 96 110 15840
2 3 18 22 32 48 96 99 3168
2 3 18 22 32 55 90 96 15840
2 3 18 22 32 63 77 96 22176
2 3 18 22 32 66 72 96 3168
2 3 18 22 32 66 96 99 3168
2 3 18 22 32 72 88 96 3168
2 3 18 22 33 34 36 68 6732
2 3 18 22 33 34 45 85 16830
2 3 18 22 33 34 51 99 3366
2 3 18 22 33 34 63 119 23562
2 3 18 22 33 34 85 90 16830
2 3 18 22 33 34 99 102 3366
2 3 18 22 33 34 119 126 23562
2 3 18 22 33 35 42 45 6930
2 3 18 22 33 35 42 90 6930
2 3 18 22 33 35 45 63 6930
2 3 18 22 33 35 45 70 6930
2 3 18 22 33 35 45 77 6930
2 3 18 22 33 35 45 105 6930
2 3 18 22 33 35 45 126 6930
2 3 18 22 33 35 55 63 6930
2 3 18 22 33 35 55 126 6930
2 3 18 22 33 35 63 70 6930
2 3 18 22 33 35 63 90 6930
2 3 18 22 33 35 63 105 6930
2 3 18 22 33 35 63 110 6930
2 3 18 22 33 35 70 90 6930
2 3 18 22 33 35 70 99 6930
2 3 18 22 33 35 70 126 6930
2 3 18 22 33 35 77 90 6930
2 3 18 22 33 35 90 105 6930
2 3 18 22 33 35 90 126 6930
2 3 18 22 33 35 99 105 6930
2 3 18 22 33 35 105 126 6930
2 3 18 22 33 35 110 126 6930
2 3 18 22 33 36 38 76 7524
2 3 18 22 33 36 39 52 5148
2 3 18 22 33 36 40 120 3960
2 3 18 22 33 36 42 84 2772
2 3 18 22 33 36 44 66 396
2 3 18 22 33 36 44 99 396
2 3 18 22 33 36 45 60 1980
2 3 18 22 33 36 46 92 9108
2 3 18 22 33 36 50 100 9900
2 3 18 22 33 36 51 68 6732
2 3 18 22 33 36 52 78 5148
2 3 18 22 33 36 52 117 5148
2 3 18 22 33 36 54 108 1188
2 3 18 22 33 36 55 60 1980
2 3 18 22 33 36 57 76 7524
2 3 18 22 33 36 58 116 11484
2 3 18 22 33 36 60 90 1980
2 3 18 22 33 36 60 110 1980
2 3 18 22 33 36 62 124 12276
2 3 18 22 33 36 63 84 2772
2 3 18 22 33 36 68 102 6732
2 3 18 22 33 36 69 92 9108
2 3 18 22 33 36 72 88 792
2 3 18 22 33 36 75 100 9900
2 3 18 22 33 36 76 114 7524
2 3 18 22 33 36 77 84 2772
2 3 18 22 33 36 84 126 2772
2 3 18 22 33 36 87 116 11484
2 3 18 22 33 36 93 124 12276
2 3 18 22 33 37 74 99 7326
2 3 18 22 33 37 99 111 7326
2 3 18 22 33 38 45 95 18810
2 3 18 22 33 38 57 99 3762
2 3 18 22 33 38 90 95 18810
2 3 18 22 33 38 99 114 3762
2 3 18 22 33 39 45 65 12870
2 3 18 22 33 39 63 91 18018
2 3 18 22 33 39 65 90 12870
2 3 18 22 33 39 66 117 2574
2 3 18 22 33 39 72 104 10296
2 3 18 22 33 39 78 99 2574
2 3 18 22 33 39 78 117 2574
2 3 18 22 33 39 91 126 18018
2 3 18 22 33 39 99 117 2574
2 3 18 22 33 40 45 72 3960
2 3 18 22 33 40 45 88 3960
2 3 18 22 33 40 45 120 3960
2 3 18 22 33 40 55 72 3960
2 3 18 22 33 40 60 72 3960
2 3 18 22 33 40 72 90 3960
2 3 18 22 33 40 72 110 3960
2 3 18 22 33 40 72 120 3960
2 3 18 22 33 40 88 90 3960
2 3 18 22 33 40 90 120 3960
2 3 18 22 33 40 99 120 3960
2 3 18 22 33 41 82 99 8118
2 3 18 22 33 41 99 123 8118
2 3 18 22 33 42 45 70 6930
2 3 18 22 33 42 45 105 6930
2 3 18 22 33 42 56 72 5544
2 3 18 22 33 42 63 66 1386
2 3 18 22 33 42 63 77 1386
2 3 18 22 33 42 63 99 1386
2 3 18 22 33 42 63 126 1386
2 3 18 22 33 42 66 126 1386
2 3 18 22 33 42 70 90 6930
2 3 18 22 33 42 77 99 1386
2 3 18 22 33 42 77 126 1386
2 3 18 22 33 42 90 105 6930
2 3 18 22 33 42 91 117 18018
2 3 18 22 33 42 99 126 1386
2 3 18 22 33 43 86 99 8514
2 3 18 22 33 44 45 60 1980
2 3 18 22 33 44 52 117 5148
2 3 18 22 33 44 54 108 1188
2 3 18 22 33 44 60 90 1980
2 3 18 22 33 44 63 84 2772
2 3 18 22 33 44 72 88 792
2 3 18 22 33 44 84 126 2772
2 3 18 22 33 45 46 115 22770
2 3 18 22 33 45 48 80 7920
2 3 18 22 33 45 50 75 4950
2 3 18 22 33 45 51 85 16830
2 3 18 22 33 45 55 66 990
2 3 18 22 33 45 55 90 990
2 3 18 22 33 45 55 99 990
2 3 18 22 33 45 55 110 990
2 3 18 22 33 45 57 95 18810
2 3 18 22 33 45 63 70 6930
2 3 18 22 33 45 63 105 6930
2 3 18 22 33 45 65 78 12870
2 3 18 22 33 45 65 117 12870
2 3 18 22 33 45 66 90 990
2 3 18 22 33 45 66 110 990
2 3 18 22 33 45 69 115 22770
2 3 18 22 33 45 70 77 6930
2 3 18 22 33 45 70 105 6930
2 3 18 22 33 45 70 126 6930
2 3 18 22 33 45 72 120 3960
2 3 18 22 33 45 77 105 6930
2 3 18 22 33 45 85 102 16830
2 3 18 22 33 45 88 120 3960
2 3 18 22 33 45 90 99 990
2 3 18 22 33 45 90 110 990
2 3 18 22 33 45 95 114 18810
2 3 18 22 33 45 99 110 990
2 3 18 22 33 45 105 126 6930
2 3 18 22 33 46 69 99 4554
2 3 18 22 33 46 90 115 22770
2 3 18 22 33 47 94 99 9306
2 3 18 22 33 48 63 112 11088
2 3 18 22 33 48 80 90 7920
2 3 18 22 33 48 112 126 11088
2 3 18 22 33 49 63 98 9702
2 3 18 22 33 49 98 99 9702
2 3 18 22 33 49 98 126 9702
2 3 18 22 33 50 75 90 4950
2 3 18 22 33 50 75 99 4950
2 3 18 22 33 51 63 119 23562
2 3 18 22 33 51 85 90 16830
2 3 18 22 33 51 99 102 3366
2 3 18 22 33 51 119 126 23562
2 3 18 22 33 52 72 104 10296
2 3 18 22 33 53 99 106 10494
2 3 18 22 33 55 63 70 6930
2 3 18 22 33 55 63 105 6930
2 3 18 22 33 55 65 117 12870
2 3 18 22 33 55 66 90 990
2 3 18 22 33 55 70 126 6930
2 3 18 22 33 55 72 120 3960
2 3 18 22 33 55 90 99 990
2 3 18 22 33 55 90 110 990
2 3 18 22 33 55 99 110 990
2 3 18 22 33 55 105 126 6930
2 3 18 22 33 56 63 72 5544
2 3 18 22 33 56 63 88 5544
2 3 18 22 33 56 72 77 5544
2 3 18 22 33 56 72 84 5544
2 3 18 22 33 56 72 126 5544
2 3 18 22 33 56 88 126 5544
2 3 18 22 33 57 90 95 18810
2 3 18 22 33 57 99 114 3762
2 3 18 22 33 58 87 99 5742
2 3 18 22 33 59 99 118 11682
2 3 18 22 33 60 72 120 3960
2 3 18 22 33 62 93 99 6138
2 3 18 22 33 63 66 77 1386
2 3 18 22 33 63 66 126 1386
2 3 18 22 33 63 70 90 6930
2 3 18 22 33 63 70 105 6930
2 3 18 22 33 63 70 110 6930
2 3 18 22 33 63 77 99 1386
2 3 18 22 33 63 77 126 1386
2 3 18 22 33 63 78 91 18018
2 3 18 22 33 63 90 105 6930
2 3 18 22 33 63 91 117 18018
2 3 18 22 33 65 78 90 12870
2 3 18 22 33 66 72 88 792
2 3 18 22 33 66 77 126 1386
2 3 18 22 33 66 78 117 2574
2 3 18 22 33 70 77 90 6930
2 3 18 22 33 72 78 104 10296
2 3 18 22 34 36 44 51 6732
2 3 18 22 34 36 44 68 6732
2 3 18 22 34 36 44 102 6732
2 3 18 22 34 36 66 68 6732
2 3 18 22 34 36 68 99 6732
2 3 18 22 34 42 99 119 23562
2 3 18 22 34 44 68 99 6732
2 3 18 22 34 45 51 55 16830
2 3 18 22 34 45 51 110 16830
2 3 18 22 34 45 55 85 16830
2 3 18 22 34 45 55 102 16830
2 3 18 22 34 45 66 85 16830
2 3 18 22 34 45 85 99 16830
2 3 18 22 34 45 85 110 16830
2 3 18 22 34 45 102 110 16830
2 3 18 22 34 51 55 90 16830
2 3 18 22 34 51 63 77 23562
2 3 18 22 34 51 66 99 3366
2 3 18 22 34 51 72 88 13464
2 3 18 22 34 51 77 126 23562
2 3 18 22 34 51 90 110 16830
2 3 18 22 34 51 99 102 3366
2 3 18 22 34 55 85 90 16830
2 3 18 22 34 55 85 99 16830
2 3 18 22 34 55 90 102 16830
2 3 18 22 34 63 66 119 23562
2 3 18 22 34 63 77 102 23562
2 3 18 22 34 63 77 119 23562
2 3 18 22 34 66 85 90 16830
2 3 18 22 34 68 72 88 13464
2 3 18 22 35 36 44 70 13860
2 3 18 22 35 36 44 105 13860
2 3 18 22 35 36 55 84 13860
2 3 18 22 35 36 60 77 13860
2 3 18 22 35 36 84 110 13860
2 3 18 22 35 40 56 99 27720
2 3 18 22 35 40 63 88 27720
2 3 18 22 35 40 72 77 27720
2 3 18 22 35 40 88 126 27720
2 3 18 22 35 42 45 55 6930
2 3 18 22 35 42 45 66 6930
2 3 18 22 35 42 45 77 6930
2 3 18 22 35 42 45 99 6930
2 3 18 22 35 42 45 110 6930
2 3 18 22 35 42 55 63 6930
2 3 18 22 35 42 55 90 6930
2 3 18 22 35 42 55 99 6930
2 3 18 22 35 42 55 126 6930
2 3 18 22 35 42 63 110 6930
2 3 18 22 35 42 66 90 6930
2 3 18 22 35 42 70 99 6930
2 3 18 22 35 42 77 90 6930
2 3 18 22 35 42 90 99 6930
2 3 18 22 35 42 90 110 6930
2 3 18 22 35 42 99 105 6930
2 3 18 22 35 42 99 110 6930
2 3 18 22 35 42 110 126 6930
2 3 18 22 35 44 45 84 13860
2 3 18 22 35 44 60 63 13860
2 3 18 22 35 44 60 126 13860
2 3 18 22 35 44 84 90 13860
2 3 18 22 35 45 55 63 6930
2 3 18 22 35 45 55 70 6930
2 3 18 22 35 45 55 77 6930
2 3 18 22 35 45 55 105 6930
2 3 18 22 35 45 55 126 6930
2 3 18 22 35 45 56 88 27720
2 3 18 22 35 45 63 66 6930
2 3 18 22 35 45 63 77 6930
2 3 18 22 35 45 63 99 6930
2 3 18 22 35 45 63 110 6930
2 3 18 22 35 45 66 70 6930
2 3 18 22 35 45 66 77 6930
2 3 18 22 35 45 66 105 6930
2 3 18 22 35 45 66 126 6930
2 3 18 22 35 45 70 77 6930
2 3 18 22 35 45 70 99 6930
2 3 18 22 35 45 70 110 6930
2 3 18 22 35 45 77 90 6930
2 3 18 22 35 45 77 99 6930
2 3 18 22 35 45 77 105 6930
2 3 18 22 35 45 77 110 6930
2 3 18 22 35 45 77 126 6930
2 3 18 22 35 45 99 105 6930
2 3 18 22 35 45 99 126 6930
2 3 18 22 35 45 105 110 6930
2 3 18 22 35 45 110 126 6930
2 3 18 22 35 55 56 72 27720
2 3 18 22 35 55 63 66 6930
2 3 18 22 35 55 63 70 6930
2 3 18 22 35 55 63 77 6930
2 3 18 22 35 55 63 90 6930
2 3 18 22 35 55 63 99 6930
2 3 18 22 35 55 63 105 6930
2 3 18 22 35 55 63 110 6930
2 3 18 22 35 55 63 126 6930
2 3 18 22 35 55 66 126 6930
2 3 18 22 35 55 70 90 6930
2 3 18 22 35 55 70 99 6930
2 3 18 22 35 55 70 126 6930
2 3 18 22 35 55 77 90 6930
2 3 18 22 35 55 77 99 6930
2 3 18 22 35 55 77 126 6930
2 3 18 22 35 55 90 105 6930
2 3 18 22 35 55 90 126 6930
2 3 18 22 35 55 91 117 90090
2 3 18 22 35 55 99 105 6930
2 3 18 22 35 56 72 110 27720
2 3 18 22 35 56 88 90 27720
2 3 18 22 35 60 84 99 13860
2 3 18 22 35 63 66 70 6930
2 3 18 22 35 63 66 90 6930
2 3 18 22 35 63 66 105 6930
2 3 18 22 35 63 66 110 6930
2 3 18 22 35 63 70 77 6930
2 3 18 22 35 63 70 99 6930
2 3 18 22 35 63 70 110 6930
2 3 18 22 35 63 77 90 6930
2 3 18 22 35 63 77 105 6930
2 3 18 22 35 63 77 110 6930
2 3 18 22 35 66 70 90 6930
2 3 18 22 35 66 70 99 6930
2 3 18 22 35 66 70 126 6930
2 3 18 22 35 66 77 90 6930
2 3 18 22 35 70 72 88 27720
2 3 18 22 35 70 77 90 6930
2 3 18 22 35 70 77 99 6930
2 3 18 22 36 37 44 74 14652
2 3 18 22 36 37 44 111 14652
2 3 18 22 36 38 44 57 7524
2 3 18 22 36 38 44 76 7524
2 3 18 22 36 38 44 114 7524
2 3 18 22 36 38 66 76 7524
2 3 18 22 36 38 76 99 7524
2 3 18 22 36 39 44 52 5148
2 3 18 22 36 39 44 78 5148
2 3 18 22 36 39 44 117 5148
2 3 18 22 36 39 52 66 5148
2 3 18 22 36 39 52 99 5148
2 3 18 22 36 39 88 104 10296
2 3 18 22 36 40 44 120 3960
2 3 18 22 36 40 45 88 3960
2 3 18 22 36 40 55 72 3960
2 3 18 22 36 40 55 88 3960
2 3 18 22 36 40 55 120 3960
2 3 18 22 36 40 60 88 3960
2 3 18 22 36 40 66 120 3960
2 3 18 22 36 40 72 110 3960
2 3 18 22 36 40 88 90 3960
2 3 18 22 36 40 88 110 3960
2 3 18 22 36 40 88 120 3960
2 3 18 22 36 40 99 120 3960
2 3 18 22 36 40 110 120 3960
2 3 18 22 36 41 44 82 16236
2 3 18 22 36 41 44 123 16236
2 3 18 22 36 42 44 63 2772
2 3 18 22 36 42 44 77 2772
2 3 18 22 36 42 44 84 2772
2 3 18 22 36 42 44 126 2772
2 3 18 22 36 42 56 88 5544
2 3 18 22 36 42 66 84 2772
2 3 18 22 36 42 77 84 2772
2 3 18 22 36 42 84 99 2772
2 3 18 22 36 43 44 86 17028
2 3 18 22 36 44 45 55 1980
2 3 18 22 36 44 45 60 1980
2 3 18 22 36 44 45 90 1980
2 3 18 22 36 44 45 110 1980
2 3 18 22 36 44 46 69 9108
2 3 18 22 36 44 46 92 9108
2 3 18 22 36 44 47 94 18612
2 3 18 22 36 44 49 98 19404
2 3 18 22 36 44 50 75 9900
2 3 18 22 36 44 50 100 9900
2 3 18 22 36 44 51 68 6732
2 3 18 22 36 44 51 102 6732
2 3 18 22 36 44 52 78 5148
2 3 18 22 36 44 52 117 5148
2 3 18 22 36 44 53 106 20988
2 3 18 22 36 44 54 108 1188
2 3 18 22 36 44 55 60 1980
2 3 18 22 36 44 55 90 1980
2 3 18 22 36 44 55 110 1980
2 3 18 22 36 44 57 76 7524
2 3 18 22 36 44 57 114 7524
2 3 18 22 36 44 58 87 11484
2 3 18 22 36 44 58 116 11484
2 3 18 22 36 44 59 118 23364
2 3 18 22 36 44 60 90 1980
2 3 18 22 36 44 60 110 1980
2 3 18 22 36 44 61 122 24156
2 3 18 22 36 44 62 93 12276
2 3 18 22 36 44 62 124 12276
2 3 18 22 36 44 63 77 2772
2 3 18 22 36 44 63 84 2772
2 3 18 22 36 44 63 126 2772
2 3 18 22 36 44 66 99 396
2 3 18 22 36 44 68 102 6732
2 3 18 22 36 44 69 92 9108
2 3 18 22 36 44 70 105 13860
2 3 18 22 36 44 72 88 792
2 3 18 22 36 44 74 111 14652
2 3 18 22 36 44 75 100 9900
2 3 18 22 36 44 76 114 7524
2 3 18 22 36 44 77 84 2772
2 3 18 22 36 44 77 126 2772
2 3 18 22 36 44 78 117 5148
2 3 18 22 36 44 82 123 16236
2 3 18 22 36 44 84 126 2772
2 3 18 22 36 44 87 116 11484
2 3 18 22 36 44 90 110 1980
2 3 18 22 36 44 93 124 12276
2 3 18 22 36 45 55 60 1980
2 3 18 22 36 45 60 66 1980
2 3 18 22 36 45 60 99 1980
2 3 18 22 36 45 60 110 1980
2 3 18 22 36 45 88 120 3960
2 3 18 22 36 46 66 92 9108
2 3 18 22 36 46 92 99 9108
2 3 18 22 36 48 55 80 7920
2 3 18 22 36 48 77 112 11088
2 3 18 22 36 48 80 110 7920
2 3 18 22 36 50 55 100 9900
2 3 18 22 36 50 66 100 9900
2 3 18 22 36 50 99 100 9900
2 3 18 22 36 50 100 110 9900
2 3 18 22 36 51 66 68 6732
2 3 18 22 36 51 68 99 6732
2 3 18 22 36 52 55 65 25740
2 3 18 22 36 52 65 110 25740
2 3 18 22 36 52 66 78 5148
2 3 18 22 36 52 66 117 5148
2 3 18 22 36 52 77 91 36036
2 3 18 22 36 52 78 99 5148
2 3 18 22 36 52 88 104 10296
2 3 18 22 36 54 66 108 1188
2 3 18 22 36 55 60 66 1980
2 3 18 22 36 55 60 90 1980
2 3 18 22 36 55 60 99 1980
2 3 18 22 36 55 60 110 1980
2 3 18 22 36 55 68 85 33660
2 3 18 22 36 55 70 84 13860
2 3 18 22 36 55 72 120 3960
2 3 18 22 36 55 75 100 9900
2 3 18 22 36 55 76 95 37620
2 3 18 22 36 55 84 105 13860
2 3 18 22 36 56 63 88 5544
2 3 18 22 36 56 72 77 5544
2 3 18 22 36 56 77 88 5544
2 3 18 22 36 56 84 88 5544
2 3 18 22 36 57 66 76 7524
2 3 18 22 36 57 76 99 7524
2 3 18 22 36 58 66 116 11484
2 3 18 22 36 60 66 90 1980
2 3 18 22 36 60 66 110 1980
2 3 18 22 36 60 70 77 13860
2 3 18 22 36 60 77 105 13860
2 3 18 22 36 62 66 124 12276
2 3 18 22 36 63 66 84 2772
2 3 18 22 36 63 77 84 2772
2 3 18 22 36 66 68 102 6732
2 3 18 22 36 66 69 92 9108
2 3 18 22 36 66 72 88 792
2 3 18 22 36 66 75 100 9900
2 3 18 22 36 66 77 84 2772
2 3 18 22 37 45 55 74 36630
2 3 18 22 37 45 55 111 36630
2 3 18 22 37 45 74 110 36630
2 3 18 22 37 45 110 111 36630
2 3 18 22 37 55 74 90 36630
2 3 18 22 37 63 74 77 51282
2 3 18 22 37 66 74 99 7326
2 3 18 22 37 72 74 88 29304
2 3 18 22 38 44 76 99 7524
2 3 18 22 38 45 55 57 18810
2 3 18 22 38 45 55 95 18810
2 3 18 22 38 45 55 114 18810
2 3 18 22 38 45 57 110 18810
2 3 18 22 38 45 66 95 18810
2 3 18 22 38 45 95 99 18810
2 3 18 22 38 45 95 110 18810
2 3 18 22 38 45 110 114 18810
2 3 18 22 38 55 57 90 18810
2 3 18 22 38 55 90 95 18810
2 3 18 22 38 57 63 77 26334
2 3 18 22 38 57 66 99 3762
2 3 18 22 38 57 72 88 15048
2 3 18 22 39 42 77 117 18018
2 3 18 22 39 42 91 99 18018
2 3 18 22 39 44 52 99 5148
2 3 18 22 39 44 52 117 5148
2 3 18 22 39 44 72 104 10296
2 3 18 22 39 45 55 65 12870
2 3 18 22 39 45 55 78 12870
2 3 18 22 39 45 55 117 12870
2 3 18 22 39 45 65 66 12870
2 3 18 22 39 45 65 99 12870
2 3 18 22 39 45 65 110 12870
2 3 18 22 39 45 78 110 12870
2 3 18 22 39 52 72 88 10296
2 3 18 22 39 55 65 90 12870
2 3 18 22 39 55 65 99 12870
2 3 18 22 39 55 65 117 12870
2 3 18 22 39 55 78 90 12870
2 3 18 22 39 63 66 91 18018
2 3 18 22 39 63 77 78 18018
2 3 18 22 39 65 66 90 12870
2 3 18 22 40 44 45 72 3960
2 3 18 22 40 44 45 88 3960
2 3 18 22 40 44 45 120 3960
2 3 18 22 40 44 55 72 3960
2 3 18 22 40 44 60 72 3960
2 3 18 22 40 44 72 90 3960
2 3 18 22 40 44 72 110 3960
2 3 18 22 40 44 72 120 3960
2 3 18 22 40 44 88 90 3960
2 3 18 22 40 44 90 120 3960
2 3 18 22 40 44 99 120 3960
2 3 18 22 40 45 55 72 3960
2 3 18 22 40 45 55 88 3960
2 3 18 22 40 45 55 120 3960
2 3 18 22 40 45 56 77 27720
2 3 18 22 40 45 60 88 3960
2 3 18 22 40 45 66 72 3960
2 3 18 22 40 45 66 88 3960
2 3 18 22 40 45 66 120 3960
2 3 18 22 40 45 72 88 3960
2 3 18 22 40 45 72 99 3960
2 3 18 22 40 45 72 110 3960
2 3 18 22 40 45 88 90 3960
2 3 18 22 40 45 88 99 3960
2 3 18 22 40 45 88 110 3960
2 3 18 22 40 45 88 120 3960
2 3 18 22 40 48 80 99 7920
2 3 18 22 40 55 56 63 27720
2 3 18 22 40 55 56 126 27720
2 3 18 22 40 55 60 72 3960
2 3 18 22 40 55 66 72 3960
2 3 18 22 40 55 72 88 3960
2 3 18 22 40 55 72 90 3960
2 3 18 22 40 55 72 99 3960
2 3 18 22 40 55 72 110 3960
2 3 18 22 40 56 63 110 27720
2 3 18 22 40 56 70 99 27720
2 3 18 22 40 56 77 90 27720
2 3 18 22 40 60 66 72 3960
2 3 18 22 40 60 72 88 3960
2 3 18 22 40 63 70 88 27720
2 3 18 22 40 70 72 77 27720
2 3 18 22 41 45 55 82 40590
2 3 18 22 41 45 55 123 40590
2 3 18 22 41 45 82 110 40590
2 3 18 22 41 55 82 90 40590
2 3 18 22 42 44 56 72 5544
2 3 18 22 42 44 63 84 2772
2 3 18 22 42 44 84 99 2772
2 3 18 22 42 44 84 126 2772
2 3 18 22 42 45 55 63 6930
2 3 18 22 42 45 55 70 6930
2 3 18 22 42 45 55 77 6930
2 3 18 22 42 45 55 105 6930
2 3 18 22 42 45 55 126 6930
2 3 18 22 42 45 63 110 6930
2 3 18 22 42 45 66 70 6930
2 3 18 22 42 45 66 105 6930
2 3 18 22 42 45 70 77 6930
2 3 18 22 42 45 70 99 6930
2 3 18 22 42 45 70 110 6930
2 3 18 22 42 45 77 90 6930
2 3 18 22 42 45 77 105 6930
2 3 18 22 42 45 77 110 6930
2 3 18 22 42 55 63 70 6930
2 3 18 22 42 55 63 90 6930
2 3 18 22 42 55 63 105 6930
2 3 18 22 42 55 63 110 6930
2 3 18 22 42 55 70 90 6930
2 3 18 22 42 55 70 99 6930
2 3 18 22 42 55 77 90 6930
2 3 18 22 42 56 63 88 5544
2 3 18 22 42 56 66 72 5544
2 3 18 22 42 56 72 77 5544
2 3 18 22 42 56 72 88 5544
2 3 18 22 42 63 66 77 1386
2 3 18 22 43 45 55 86 42570
2 3 18 22 43 45 86 110 42570
2 3 18 22 44 45 48 80 7920
2 3 18 22 44 45 50 100 9900
2 3 18 22 44 45 52 65 25740
2 3 18 22 44 45 55 60 1980
2 3 18 22 44 45 60 66 1980
2 3 18 22 44 45 60 90 1980
2 3 18 22 44 45 60 99 1980
2 3 18 22 44 45 60 110 1980
2 3 18 22 44 45 68 85 33660
2 3 18 22 44 45 70 84 13860
2 3 18 22 44 45 72 120 3960
2 3 18 22 44 45 75 100 9900
2 3 18 22 44 45 76 95 37620
2 3 18 22 44 45 84 105 13860
2 3 18 22 44 48 63 112 11088
2 3 18 22 44 48 80 90 7920
2 3 18 22 44 51 68 99 6732
2 3 18 22 44 52 63 91 36036
2 3 18 22 44 52 65 90 25740
2 3 18 22 44 55 60 90 1980
2 3 18 22 44 55 60 99 1980
2 3 18 22 44 56 63 72 5544
2 3 18 22 44 56 63 88 5544
2 3 18 22 44 56 72 77 5544
2 3 18 22 44 56 72 84 5544
2 3 18 22 44 60 63 70 13860
2 3 18 22 45 46 55 69 22770
2 3 18 22 45 46 55 115 22770
2 3 18 22 45 46 66 115 22770
2 3 18 22 45 46 69 110 22770
2 3 18 22 45 47 55 94 46530
2 3 18 22 45 48 55 80 7920
2 3 18 22 45 48 66 80 7920
2 3 18 22 45 48 80 88 7920
2 3 18 22 45 49 55 98 48510
2 3 18 22 45 50 55 75 4950
2 3 18 22 45 50 66 75 4950
2 3 18 22 45 51 55 85 16830
2 3 18 22 45 51 55 102 16830
2 3 18 22 45 51 66 85 16830
2 3 18 22 45 53 55 106 52470
2 3 18 22 45 55 57 95 18810
2 3 18 22 45 55 57 114 18810
2 3 18 22 45 55 58 87 28710
2 3 18 22 45 55 59 118 58410
2 3 18 22 45 55 62 93 30690
2 3 18 22 45 55 63 70 6930
2 3 18 22 45 55 63 77 6930
2 3 18 22 45 55 63 105 6930
2 3 18 22 45 55 65 78 12870
2 3 18 22 45 55 66 90 990
2 3 18 22 45 55 70 77 6930
2 3 18 22 45 56 70 88 27720
2 3 18 22 45 63 66 70 6930
2 3 18 23 24 30 72 115 8280
2 3 18 23 24 36 40 115 8280
2 3 18 23 24 36 46 72 1656
2 3 18 23 24 36 69 72 1656
2 3 18 23 24 36 72 92 1656
2 3 18 23 24 36 115 120 8280
2 3 18 23 24 40 45 46 8280
2 3 18 23 24 40 45 69 8280
2 3 18 23 24 40 45 92 8280
2 3 18 23 24 40 45 115 8280
2 3 18 23 24 40 46 90 8280
2 3 18 23 24 40 69 90 8280
2 3 18 23 24 40 72 115 8280
2 3 18 23 24 40 90 92 8280
2 3 18 23 24 40 90 115 8280
2 3 18 23 24 45 46 120 8280
2 3 18 23 24 45 69 120 8280
2 3 18 23 24 45 72 115 8280
2 3 18 23 24 45 92 120 8280
2 3 18 23 24 45 115 120 8280
2 3 18 23 24 46 56 63 11592
2 3 18 23 24 46 56 126 11592
2 3 18 23 24 46 69 72 1656
2 3 18 23 24 46 72 92 1656
2 3 18 23 24 46 88 99 18216
2 3 18 23 24 46 90 120 8280
2 3 18 23 24 46 104 117 21528
2 3 18 23 24 56 63 69 11592
2 3 18 23 24 56 63 92 11592
2 3 18 23 24 56 69 126 11592
2 3 18 23 24 56 92 126 11592
2 3 18 23 24 60 72 115 8280
2 3 18 23 24 69 72 92 1656
2 3 18 23 24 69 88 99 18216
2 3 18 23 24 69 90 120 8280
2 3 18 23 24 69 104 117 21528
2 3 18 23 24 72 90 115 8280
2 3 18 23 24 72 115 120 8280
2 3 18 23 24 88 92 99 18216
2 3 18 23 24 90 92 120 8280
2 3 18 23 24 90 115 120 8280
2 3 18 23 24 92 104 117 21528
2 3 18 23 25 36 46 100 20700
2 3 18 23 25 36 50 92 20700
2 3 18 23 25 36 69 100 20700
2 3 18 23 25 36 75 92 20700
2 3 18 23 25 36 92 100 20700
2 3 18 23 25 36 100 115 20700
2 3 18 23 25 45 46 50 10350
2 3 18 23 25 45 46 75 10350
2 3 18 23 25 45 50 69 10350
2 3 18 23 25 45 50 115 10350
2 3 18 23 25 45 69 75 10350
2 3 18 23 25 45 75 115 10350
2 3 18 23 25 45 92 100 20700
2 3 18 23 25 46 50 90 10350
2 3 18 23 25 46 75 90 10350
2 3 18 23 25 50 69 90 10350
2 3 18 23 25 50 90 115 10350
2 3 18 23 25 69 75 90 10350
2 3 18 23 25 75 90 115 10350
2 3 18 23 25 90 92 100 20700
2 3 18 23 26 30 115 117 26910
2 3 18 23 26 36 39 92 10764
2 3 18 23 26 36 46 52 10764
2 3 18 23 26 36 52 69 10764
2 3 18 23 26 36 52 92 10764
2 3 18 23 26 36 78 92 10764
2 3 18 23 26 36 92 117 10764
2 3 18 23 26 39 45 115 26910
2 3 18 23 26 39 46 117 5382
2 3 18 23 26 39 69 117 5382
2 3 18 23 26 39 90 115 26910
2 3 18 23 26 45 46 65 26910
2 3 18 23 26 45 65 69 26910
2 3 18 23 26 45 65 115 26910
2 3 18 23 26 45 78 115 26910
2 3 18 23 26 45 115 117 26910
2 3 18 23 26 46 63 91 37674
2 3 18 23 26 46 65 90 26910
2 3 18 23 26 46 69 117 5382
2 3 18 23 26 46 72 104 21528
2 3 18 23 26 46 78 117 5382
2 3 18 23 26 46 91 126 37674
2 3 18 23 26 52 92 117 10764
2 3 18 23 26 63 69 91 37674
2 3 18 23 26 65 69 90 26910
2 3 18 23 26 65 90 115 26910
2 3 18 23 26 65 115 117 26910
2 3 18 23 26 69 72 104 21528
2 3 18 23 26 69 78 117 5382
2 3 18 23 26 69 91 126 37674
2 3 18 23 26 72 92 104 21528
2 3 18 23 26 78 90 115 26910
2 3 18 23 27 30 54 115 6210
2 3 18 23 27 36 46 108 2484
2 3 18 23 27 36 54 92 2484
2 3 18 23 27 36 69 108 2484
2 3 18 23 27 36 92 108 2484
2 3 18 23 27 45 54 115 6210
2 3 18 23 27 46 54 69 1242
2 3 18 23 27 46 92 108 2484
2 3 18 23 27 54 90 115 6210
2 3 18 23 27 54 92 108 2484
2 3 18 23 27 60 108 115 12420
2 3 18 23 27 69 92 108 2484
2 3 18 23 28 35 36 115 28980
2 3 18 23 28 35 45 92 28980
2 3 18 23 28 35 90 92 28980
2 3 18 23 28 36 42 46 5796
2 3 18 23 28 36 42 69 5796
2 3 18 23 28 36 42 92 5796
2 3 18 23 28 36 46 63 5796
2 3 18 23 28 36 46 84 5796
2 3 18 23 28 36 46 126 5796
2 3 18 23 28 36 63 69 5796
2 3 18 23 28 36 63 92 5796
2 3 18 23 28 36 69 84 5796
2 3 18 23 28 36 69 126 5796
2 3 18 23 28 36 70 115 28980
2 3 18 23 28 36 84 92 5796
2 3 18 23 28 36 92 126 5796
2 3 18 23 28 36 105 115 28980
2 3 18 23 28 42 63 92 5796
2 3 18 23 28 42 92 126 5796
2 3 18 23 28 45 70 92 28980
2 3 18 23 28 45 84 115 28980
2 3 18 23 28 45 92 105 28980
2 3 18 23 28 46 56 72 11592
2 3 18 23 28 46 63 84 5796
2 3 18 23 28 46 63 92 5796
2 3 18 23 28 46 84 126 5796
2 3 18 23 28 46 92 126 5796
2 3 18 23 28 56 69 72 11592
2 3 18 23 28 56 72 92 11592
2 3 18 23 28 60 63 115 28980
2 3 18 23 28 60 115 126 28980
2 3 18 23 28 63 69 84 5796
2 3 18 23 28 63 69 92 5796
2 3 18 23 28 63 84 92 5796
2 3 18 23 28 63 92 126 5796
2 3 18 23 28 69 84 126 5796
2 3 18 23 28 69 92 126 5796
2 3 18 23 28 70 90 92 28980
2 3 18 23 28 77 92 99 63756
2 3 18 23 29 36 46 116 24012
2 3 18 23 29 36 58 92 24012
2 3 18 23 29 36 69 116 24012
2 3 18 23 29 36 87 92 24012
2 3 18 23 29 36 92 116 24012
2 3 18 23 29 45 58 115 60030
2 3 18 23 29 45 87 115 60030
2 3 18 23 29 58 90 115 60030
2 3 18 23 30 33 99 115 22770
2 3 18 23 30 35 46 63 14490
2 3 18 23 30 35 46 126 14490
2 3 18 23 30 35 63 69 14490
2 3 18 23 30 35 63 115 14490
2 3 18 23 30 35 69 126 14490
2 3 18 23 30 35 115 126 14490
2 3 18 23 30 36 45 92 4140
2 3 18 23 30 36 46 60 4140
2 3 18 23 30 36 60 69 4140
2 3 18 23 30 36 60 92 4140
2 3 18 23 30 36 60 115 4140
2 3 18 23 30 36 90 92 4140
2 3 18 23 30 36 92 115 4140
2 3 18 23 30 39 115 117 26910
2 3 18 23 30 40 46 72 8280
2 3 18 23 30 40 69 72 8280
2 3 18 23 30 40 72 92 8280
2 3 18 23 30 40 72 115 8280
2 3 18 23 30 42 63 115 14490
2 3 18 23 30 42 115 126 14490
2 3 18 23 30 45 46 69 2070
2 3 18 23 30 45 46 90 2070
2 3 18 23 30 45 46 115 2070
2 3 18 23 30 45 60 92 4140
2 3 18 23 30 45 69 90 2070
2 3 18 23 30 45 69 115 2070
2 3 18 23 30 45 90 115 2070
2 3 18 23 30 46 55 99 22770
2 3 18 23 30 46 63 70 14490
2 3 18 23 30 46 63 105 14490
2 3 18 23 30 46 65 117 26910
2 3 18 23 30 46 69 90 2070
2 3 18 23 30 46 70 126 14490
2 3 18 23 30 46 72 120 8280
2 3 18 23 30 46 90 115 2070
2 3 18 23 30 46 99 110 22770
2 3 18 23 30 46 105 126 14490
2 3 18 23 30 55 69 99 22770
2 3 18 23 30 55 99 115 22770
2 3 18 23 30 60 90 92 4140
2 3 18 23 30 63 69 70 14490
2 3 18 23 30 63 69 105 14490
2 3 18 23 30 63 70 115 14490
2 3 18 23 30 65 69 117 26910
2 3 18 23 30 69 70 126 14490
2 3 18 23 30 69 72 120 8280
2 3 18 23 31 36 46 124 25668
2 3 18 23 31 36 62 92 25668
2 3 18 23 31 36 69 124 25668
2 3 18 23 31 36 92 93 25668
2 3 18 23 31 36 92 124 25668
2 3 18 23 31 45 62 115 64170
2 3 18 23 31 45 93 115 64170
2 3 18 23 31 62 90 115 64170
2 3 18 23 32 36 46 96 6624
2 3 18 23 32 36 69 96 6624
2 3 18 23 32 36 92 96 6624
2 3 18 23 32 45 96 115 33120
2 3 18 23 32 46 72 96 6624
2 3 18 23 32 69 72 96 6624
2 3 18 23 33 36 44 46 9108
2 3 18 23 33 36 44 69 9108
2 3 18 23 33 36 44 92 9108
2 3 18 23 33 36 66 92 9108
2 3 18 23 33 36 92 99 9108
2 3 18 23 33 44 92 99 9108
2 3 18 23 33 45 46 55 22770
2 3 18 23 33 45 46 110 22770
2 3 18 23 33 45 55 69 22770
2 3 18 23 33 45 55 115 22770
2 3 18 23 33 45 66 115 22770
2 3 18 23 33 45 69 110 22770
2 3 18 23 33 45 99 115 22770
2 3 18 23 33 45 110 115 22770
2 3 18 23 33 46 55 90 22770
2 3 18 23 33 46 63 77 31878
2 3 18 23 33 46 66 99 4554
2 3 18 23 33 46 69 99 4554
2 3 18 23 33 46 72 88 18216
2 3 18 23 33 46 77 126 31878
2 3 18 23 33 46 90 110 22770
2 3 18 23 33 55 69 90 22770
2 3 18 23 33 55 90 115 22770
2 3 18 23 33 63 69 77 31878
2 3 18 23 33 66 69 99 4554
2 3 18 23 33 69 72 88 18216
2 3 18 23 34 36 46 68 14076
2 3 18 23 34 36 51 92 14076
2 3 18 23 34 36 68 69 14076
2 3 18 23 34 36 68 92 14076
2 3 18 23 34 36 92 102 14076
2 3 18 23 34 45 46 85 35190
2 3 18 23 34 45 51 115 35190
2 3 18 23 34 45 69 85 35190
2 3 18 23 34 45 85 115 35190
2 3 18 23 34 45 102 115 35190
2 3 18 23 34 46 63 119 49266
2 3 18 23 34 46 85 90 35190
2 3 18 23 34 51 90 115 35190
2 3 18 23 34 63 69 119 49266
2 3 18 23 35 36 70 92 28980
2 3 18 23 35 36 84 115 28980
2 3 18 23 35 36 92 105 28980
2 3 18 23 35 42 45 46 14490
2 3 18 23 35 42 45 69 14490
2 3 18 23 35 42 45 115 14490
2 3 18 23 35 42 46 90 14490
2 3 18 23 35 42 63 115 14490
2 3 18 23 35 42 69 90 14490
2 3 18 23 35 42 90 115 14490
2 3 18 23 35 42 115 126 14490
2 3 18 23 35 45 46 63 14490
2 3 18 23 35 45 46 70 14490
2 3 18 23 35 45 46 105 14490
2 3 18 23 35 45 46 126 14490
2 3 18 23 35 45 63 69 14490
2 3 18 23 35 45 63 115 14490
2 3 18 23 35 45 69 70 14490
2 3 18 23 35 45 69 105 14490
2 3 18 23 35 45 69 126 14490
2 3 18 23 35 45 70 115 14490
2 3 18 23 35 45 84 92 28980
2 3 18 23 35 45 105 115 14490
2 3 18 23 35 46 63 70 14490
2 3 18 23 35 46 63 90 14490
2 3 18 23 35 46 63 105 14490
2 3 18 23 35 46 63 115 14490
2 3 18 23 35 46 70 90 14490
2 3 18 23 35 46 70 126 14490
2 3 18 23 35 46 90 105 14490
2 3 18 23 35 46 90 126 14490
2 3 18 23 35 46 105 126 14490
2 3 18 23 35 56 72 115 57960
2 3 18 23 35 60 63 92 28980
2 3 18 23 35 63 69 70 14490
2 3 18 23 35 63 69 90 14490
2 3 18 23 35 63 69 105 14490
2 3 18 23 35 69 70 90 14490
2 3 18 23 36 37 74 92 30636
2 3 18 23 36 37 92 111 30636
2 3 18 23 36 38 46 76 15732
2 3 18 23 36 38 57 92 15732
2 3 18 23 36 38 69 76 15732
2 3 18 23 36 38 76 92 15732
2 3 18 23 36 38 92 114 15732
2 3 18 23 36 39 46 52 10764
2 3 18 23 36 39 52 69 10764
2 3 18 23 36 39 52 92 10764
2 3 18 23 36 39 78 92 10764
2 3 18 23 36 39 92 117 10764
2 3 18 23 36 40 46 120 8280
2 3 18 23 36 40 69 120 8280
2 3 18 23 36 40 72 115 8280
2 3 18 23 36 40 92 120 8280
2 3 18 23 36 40 115 120 8280
2 3 18 23 36 41 82 92 33948
2 3 18 23 36 41 92 123 33948
2 3 18 23 36 42 46 84 5796
2 3 18 23 36 42 63 92 5796
2 3 18 23 36 42 69 84 5796
2 3 18 23 36 42 84 92 5796
2 3 18 23 36 42 92 126 5796
2 3 18 23 36 43 86 92 35604
2 3 18 23 36 44 46 66 9108
2 3 18 23 36 44 46 99 9108
2 3 18 23 36 44 55 115 45540
2 3 18 23 36 44 66 69 9108
2 3 18 23 36 44 66 92 9108
2 3 18 23 36 44 69 99 9108
2 3 18 23 36 44 92 99 9108
2 3 18 23 36 44 110 115 45540
2 3 18 23 36 45 46 60 4140
2 3 18 23 36 45 60 69 4140
2 3 18 23 36 45 60 92 4140
2 3 18 23 36 45 60 115 4140
2 3 18 23 36 45 90 92 4140
2 3 18 23 36 45 92 115 4140
2 3 18 23 36 46 50 100 20700
2 3 18 23 36 46 51 68 14076
2 3 18 23 36 46 52 78 10764
2 3 18 23 36 46 52 117 10764
2 3 18 23 36 46 54 108 2484
2 3 18 23 36 46 57 76 15732
2 3 18 23 36 46 58 116 24012
2 3 18 23 36 46 60 90 4140
2 3 18 23 36 46 60 115 4140
2 3 18 23 36 46 62 124 25668
2 3 18 23 36 46 63 84 5796
2 3 18 23 36 46 68 102 14076
2 3 18 23 36 46 69 92 828
2 3 18 23 36 46 75 100 20700
2 3 18 23 36 46 76 114 15732
2 3 18 23 36 46 84 126 5796
2 3 18 23 36 46 87 116 24012
2 3 18 23 36 46 93 124 25668
2 3 18 23 36 47 92 94 38916
2 3 18 23 36 48 80 115 16560
2 3 18 23 36 49 92 98 40572
2 3 18 23 36 50 69 100 20700
2 3 18 23 36 50 75 92 20700
2 3 18 23 36 50 92 100 20700
2 3 18 23 36 51 68 69 14076
2 3 18 23 36 51 68 92 14076
2 3 18 23 36 51 92 102 14076
2 3 18 23 36 52 65 115 53820
2 3 18 23 36 52 69 78 10764
2 3 18 23 36 52 69 117 10764
2 3 18 23 36 52 78 92 10764
2 3 18 23 36 54 69 108 2484
2 3 18 23 36 57 69 76 15732
2 3 18 23 36 57 76 92 15732
2 3 18 23 36 58 69 116 24012
2 3 18 23 36 60 69 90 4140
2 3 18 23 36 63 69 84 5796
2 3 18 23 37 45 74 115 76590
2 3 18 23 38 45 46 95 39330
2 3 18 23 38 45 57 115 39330
2 3 18 23 38 45 69 95 39330
2 3 18 23 38 45 95 115 39330
2 3 18 23 38 46 90 95 39330
2 3 18 23 39 45 46 65 26910
2 3 18 23 39 45 65 69 26910
2 3 18 23 39 45 65 115 26910
2 3 18 23 39 45 78 115 26910
2 3 18 23 39 46 63 91 37674
2 3 18 23 39 46 65 90 26910
2 3 18 23 39 46 69 117 5382
2 3 18 23 39 46 72 104 21528
2 3 18 23 39 46 78 117 5382
2 3 18 23 40 45 46 72 8280
2 3 18 23 40 45 46 120 8280
2 3 18 23 40 45 69 72 8280
2 3 18 23 40 45 69 120 8280
2 3 18 23 40 45 72 92 8280
2 3 18 23 40 45 72 115 8280
2 3 18 23 40 46 60 72 8280
2 3 18 23 40 46 72 90 8280
2 3 18 23 40 46 72 115 8280
2 3 18 23 40 46 72 120 8280
2 3 18 23 40 60 69 72 8280
2 3 18 23 42 45 46 70 14490
2 3 18 23 42 45 46 105 14490
2 3 18 23 42 45 63 115 14490
2 3 18 23 42 45 69 70 14490
2 3 18 23 42 45 69 105 14490
2 3 18 23 42 45 70 115 14490
2 3 18 23 42 46 56 72 11592
2 3 18 23 42 46 63 69 2898
2 3 18 23 42 46 63 126 2898
2 3 18 23 42 46 69 126 2898
2 3 18 23 42 46 70 90 14490
2 3 18 23 42 46 77 99 31878
2 3 18 23 42 56 69 72 11592
2 3 18 23 44 45 55 92 45540
2 3 18 23 44 46 72 88 18216
2 3 18 23 45 46 48 80 16560
2 3 18 23 45 46 50 75 10350
2 3 18 23 45 46 51 85 35190
2 3 18 23 45 46 55 66 22770
2 3 18 23 45 46 55 99 22770
2 3 18 23 45 46 55 110 22770
2 3 18 23 45 46 57 95 39330
2 3 18 23 45 46 60 92 4140
2 3 18 23 45 46 63 70 14490
2 3 18 23 45 46 63 105 14490
2 3 18 23 45 46 65 78 26910
2 3 18 23 45 46 65 117 26910
2 3 18 23 45 46 66 110 22770
2 3 18 23 45 46 69 90 2070
2 3 18 23 45 46 70 105 14490
2 3 18 23 45 48 69 80 16560
2 3 18 23 45 50 69 75 10350
2 3 18 23 45 51 69 85 35190
2 3 18 23 45 52 65 92 53820
2 3 18 23 45 55 66 69 22770
2 3 18 23 46 49 63 98 20286
2 3 18 23 46 56 63 72 11592
2 3 18 24 25 30 50 72 1800
2 3 18 24 25 30 72 75 1800
2 3 18 24 25 30 72 100 1800
2 3 18 24 25 36 40 50 1800
2 3 18 24 25 36 40 75 1800
2 3 18 24 25 36 40 100 1800
2 3 18 24 25 36 50 72 1800
2 3 18 24 25 36 50 120 1800
2 3 18 24 25 36 72 75 1800
2 3 18 24 25 36 72 100 1800
2 3 18 24 25 36 75 120 1800
2 3 18 24 25 36 100 120 1800
2 3 18 24 25 40 45 50 1800
2 3 18 24 25 40 45 75 1800
2 3 18 24 25 40 45 100 1800
2 3 18 24 25 40 50 72 1800
2 3 18 24 25 40 50 90 1800
2 3 18 24 25 40 72 75 1800
2 3 18 24 25 40 72 100 1800
2 3 18 24 25 40 75 90 1800
2 3 18 24 25 40 90 100 1800
2 3 18 24 25 45 50 72 1800
2 3 18 24 25 45 50 120 1800
2 3 18 24 25 45 72 75 1800
2 3 18 24 25 45 72 100 1800
2 3 18 24 25 45 75 120 1800
2 3 18 24 25 45 100 120 1800
2 3 18 24 25 50 56 63 12600
2 3 18 24 25 50 56 126 12600
2 3 18 24 25 50 60 72 1800
2 3 18 24 25 50 72 75 1800
2 3 18 24 25 50 72 90 1800
2 3 18 24 25 50 72 100 1800
2 3 18 24 25 50 72 120 1800
2 3 18 24 25 50 88 99 19800
2 3 18 24 25 50 90 120 1800
2 3 18 24 25 50 104 117 23400
2 3 18 24 25 56 63 75 12600
2 3 18 24 25 56 63 100 12600
2 3 18 24 25 56 75 126 12600
2 3 18 24 25 56 100 126 12600
2 3 18 24 25 60 72 75 1800
2 3 18 24 25 60 72 100 1800
2 3 18 24 25 72 75 90 1800
2 3 18 24 25 72 75 100 1800
2 3 18 24 25 72 75 120 1800
2 3 18 24 25 72 90 100 1800
2 3 18 24 25 72 100 120 1800
2 3 18 24 25 75 88 99 19800
2 3 18 24 25 75 90 120 1800
2 3 18 24 25 75 104 117 23400
2 3 18 24 25 88 99 100 19800
2 3 18 24 26 27 54 104 2808
2 3 18 24 26 27 104 108 2808
2 3 18 24 26 28 56 117 6552
2 3 18 24 26 28 63 104 6552
2 3 18 24 26 28 72 91 6552
2 3 18 24 26 28 104 126 6552
2 3 18 24 26 30 40 117 4680
2 3 18 24 26 30 45 104 4680
2 3 18 24 26 30 65 72 4680
2 3 18 24 26 30 90 104 4680
2 3 18 24 26 30 117 120 4680
2 3 18 24 26 32 96 117 3744
2 3 18 24 26 33 88 117 10296
2 3 18 24 26 33 99 104 10296
2 3 18 24 26 36 39 72 936
2 3 18 24 26 36 39 104 936
2 3 18 24 26 36 40 65 4680
2 3 18 24 26 36 52 72 936
2 3 18 24 26 36 52 104 936
2 3 18 24 26 36 56 91 6552
2 3 18 24 26 36 65 120 4680
2 3 18 24 26 36 72 78 936
2 3 18 24 26 36 72 104 936
2 3 18 24 26 36 72 117 936
2 3 18 24 26 36 78 104 936
2 3 18 24 26 36 104 117 936
2 3 18 24 26 39 40 45 4680
2 3 18 24 26 39 40 90 4680
2 3 18 24 26 39 45 120 4680
2 3 18 24 26 39 52 72 936
2 3 18 24 26 39 56 63 6552
2 3 18 24 26 39 56 126 6552
2 3 18 24 26 39 72 78 936
2 3 18 24 26 39 72 104 936
2 3 18 24 26 39 72 117 936
2 3 18 24 26 39 88 99 10296
2 3 18 24 26 39 90 120 4680
2 3 18 24 26 39 104 117 936
2 3 18 24 26 40 45 52 4680
2 3 18 24 26 40 45 65 4680
2 3 18 24 26 40 45 78 4680
2 3 18 24 26 40 45 104 4680
2 3 18 24 26 40 45 117 4680
2 3 18 24 26 40 52 90 4680
2 3 18 24 26 40 60 117 4680
2 3 18 24 26 40 65 72 4680
2 3 18 24 26 40 65 90 4680
2 3 18 24 26 40 65 117 4680
2 3 18 24 26 40 78 90 4680
2 3 18 24 26 40 90 104 4680
2 3 18 24 26 40 90 117 4680
2 3 18 24 26 40 117 120 4680
2 3 18 24 26 42 56 117 6552
2 3 18 24 26 42 63 104 6552
2 3 18 24 26 42 72 91 6552
2 3 18 24 26 42 104 126 6552
2 3 18 24 26 44 88 117 10296
2 3 18 24 26 44 99 104 10296
2 3 18 24 26 45 52 120 4680
2 3 18 24 26 45 60 104 4680
2 3 18 24 26 45 65 72 4680
2 3 18 24 26 45 65 104 4680
2 3 18 24 26 45 65 120 4680
2 3 18 24 26 45 78 120 4680
2 3 18 24 26 45 90 104 4680
2 3 18 24 26 45 104 120 4680
2 3 18 24 26 45 117 120 4680
2 3 18 24 26 52 56 63 6552
2 3 18 24 26 52 56 126 6552
2 3 18 24 26 52 72 78 936
2 3 18 24 26 52 72 104 936
2 3 18 24 26 52 72 117 936
2 3 18 24 26 52 88 99 10296
2 3 18 24 26 52 90 120 4680
2 3 18 24 26 52 104 117 936
2 3 18 24 26 54 104 108 2808
2 3 18 24 26 56 63 78 6552
2 3 18 24 26 56 63 91 6552
2 3 18 24 26 56 63 104 6552
2 3 18 24 26 56 63 117 6552
2 3 18 24 26 56 72 91 6552
2 3 18 24 26 56 78 126 6552
2 3 18 24 26 56 84 117 6552
2 3 18 24 26 56 91 117 6552
2 3 18 24 26 56 91 126 6552
2 3 18 24 26 56 104 126 6552
2 3 18 24 26 56 117 126 6552
2 3 18 24 26 60 65 72 4680
2 3 18 24 26 60 90 104 4680
2 3 18 24 26 60 117 120 4680
2 3 18 24 26 63 72 91 6552
2 3 18 24 26 63 84 104 6552
2 3 18 24 26 63 91 104 6552
2 3 18 24 26 63 104 126 6552
2 3 18 24 26 65 72 90 4680
2 3 18 24 26 65 72 120 4680
2 3 18 24 26 65 90 104 4680
2 3 18 24 26 65 90 120 4680
2 3 18 24 26 65 117 120 4680
2 3 18 24 26 66 88 117 10296
2 3 18 24 26 66 99 104 10296
2 3 18 24 26 72 78 104 936
2 3 18 24 26 72 78 117 936
2 3 18 24 26 72 84 91 6552
2 3 18 24 26 72 91 126 6552
2 3 18 24 26 72 104 117 936
2 3 18 24 26 78 88 99 10296
2 3 18 24 26 78 90 120 4680
2 3 18 24 26 88 99 104 10296
2 3 18 24 27 28 54 56 1512
2 3 18 24 27 28 56 108 1512
2 3 18 24 27 30 40 54 1080
2 3 18 24 27 30 40 108 1080
2 3 18 24 27 30 54 120 1080
2 3 18 24 27 30 108 120 1080
2 3 18 24 27 32 54 96 864
2 3 18 24 27 32 96 108 864
2 3 18 24 27 33 54 88 2376
2 3 18 24 27 33 88 108 2376
2 3 18 24 27 36 54 72 216
2 3 18 24 27 36 72 108 216
2 3 18 24 27 39 54 104 2808
2 3 18 24 27 39 104 108 2808
2 3 18 24 27 40 45 54 1080
2 3 18 24 27 40 45 108 1080
2 3 18 24 27 40 54 60 1080
2 3 18 24 27 40 54 90 1080
2 3 18 24 27 40 54 120 1080
2 3 18 24 27 40 60 108 1080
2 3 18 24 27 40 90 108 1080
2 3 18 24 27 40 108 120 1080
2 3 18 24 27 42 54 56 1512
2 3 18 24 27 42 56 108 1512
2 3 18 24 27 44 54 88 2376
2 3 18 24 27 44 88 108 2376
2 3 18 24 27 45 54 120 1080
2 3 18 24 27 45 108 120 1080
2 3 18 24 27 52 54 104 2808
2 3 18 24 27 52 104 108 2808
2 3 18 24 27 54 56 63 1512
2 3 18 24 27 54 56 84 1512
2 3 18 24 27 54 56 126 1512
2 3 18 24 27 54 60 120 1080
2 3 18 24 27 54 66 88 2376
2 3 18 24 27 54 72 108 216
2 3 18 24 27 54 78 104 2808
2 3 18 24 27 54 88 99 2376
2 3 18 24 27 54 90 120 1080
2 3 18 24 27 54 104 117 2808
2 3 18 24 27 56 63 108 1512
2 3 18 24 27 56 84 108 1512
2 3 18 24 27 56 108 126 1512
2 3 18 24 27 60 108 120 1080
2 3 18 24 27 66 88 108 2376
2 3 18 24 28 30 35 72 2520
2 3 18 24 28 30 40 63 2520
2 3 18 24 28 30 40 126 2520
2 3 18 24 28 30 45 56 2520
2 3 18 24 28 30 56 90 2520
2 3 18 24 28 30 63 120 2520
2 3 18 24 28 30 70 72 2520
2 3 18 24 28 30 72 105 2520
2 3 18 24 28 30 120 126 2520
2 3 18 24 28 32 63 96 2016
2 3 18 24 28 32 96 126 2016
2 3 18 24 28 33 56 99 5544
2 3 18 24 28 33 63 88 5544
2 3 18 24 28 33 72 77 5544
2 3 18 24 28 33 88 126 5544
2 3 18 24 28 34 72 119 8568
2 3 18 24 28 35 36 40 2520
2 3 18 24 28 35 36 120 2520
2 3 18 24 28 35 40 45 2520
2 3 18 24 28 35 40 63 2520
2 3 18 24 28 35 40 72 2520
2 3 18 24 28 35 40 90 2520
2 3 18 24 28 35 40 126 2520
2 3 18 24 28 35 45 56 2520
2 3 18 24 28 35 45 72 2520
2 3 18 24 28 35 45 120 2520
2 3 18 24 28 35 56 90 2520
2 3 18 24 28 35 60 72 2520
2 3 18 24 28 35 63 120 2520
2 3 18 24 28 35 70 72 2520
2 3 18 24 28 35 72 90 2520
2 3 18 24 28 35 72 105 2520
2 3 18 24 28 35 72 120 2520
2 3 18 24 28 35 90 120 2520
2 3 18 24 28 35 120 126 2520
2 3 18 24 28 36 40 70 2520
2 3 18 24 28 36 40 105 2520
2 3 18 24 28 36 42 56 504
2 3 18 24 28 36 42 72 504
2 3 18 24 28 36 48 112 1008
2 3 18 24 28 36 56 63 504
2 3 18 24 28 36 56 72 504
2 3 18 24 28 36 56 84 504
2 3 18 24 28 36 56 126 504
2 3 18 24 28 36 63 72 504
2 3 18 24 28 36 70 120 2520
2 3 18 24 28 36 72 84 504
2 3 18 24 28 36 72 126 504
2 3 18 24 28 36 77 88 5544
2 3 18 24 28 36 91 104 6552
2 3 18 24 28 36 105 120 2520
2 3 18 24 28 39 56 117 6552
2 3 18 24 28 39 63 104 6552
2 3 18 24 28 39 72 91 6552
2 3 18 24 28 39 104 126 6552
2 3 18 24 28 40 42 45 2520
2 3 18 24 28 40 42 90 2520
2 3 18 24 28 40 45 56 2520
2 3 18 24 28 40 45 63 2520
2 3 18 24 28 40 45 70 2520
2 3 18 24 28 40 45 84 2520
2 3 18 24 28 40 45 105 2520
2 3 18 24 28 40 45 126 2520
2 3 18 24 28 40 56 90 2520
2 3 18 24 28 40 60 63 2520
2 3 18 24 28 40 60 126 2520
2 3 18 24 28 40 63 70 2520
2 3 18 24 28 40 63 90 2520
2 3 18 24 28 40 63 105 2520
2 3 18 24 28 40 63 120 2520
2 3 18 24 28 40 70 72 2520
2 3 18 24 28 40 70 90 2520
2 3 18 24 28 40 70 126 2520
2 3 18 24 28 40 72 105 2520
2 3 18 24 28 40 84 90 2520
2 3 18 24 28 40 90 105 2520
2 3 18 24 28 40 90 126 2520
2 3 18 24 28 40 105 126 2520
2 3 18 24 28 40 120 126 2520
2 3 18 24 28 42 45 120 2520
2 3 18 24 28 42 56 63 504
2 3 18 24 28 42 56 72 504
2 3 18 24 28 42 56 126 504
2 3 18 24 28 42 63 72 504
2 3 18 24 28 42 72 84 504
2 3 18 24 28 42 72 126 504
2 3 18 24 28 42 88 99 5544
2 3 18 24 28 42 90 120 2520
2 3 18 24 28 42 104 117 6552
2 3 18 24 28 44 56 99 5544
2 3 18 24 28 44 63 88 5544
2 3 18 24 28 44 72 77 5544
2 3 18 24 28 44 88 126 5544
2 3 18 24 28 45 56 60 2520
2 3 18 24 28 45 56 70 2520
2 3 18 24 28 45 56 90 2520
2 3 18 24 28 45 56 105 2520
2 3 18 24 28 45 56 120 2520
2 3 18 24 28 45 63 120 2520
2 3 18 24 28 45 70 72 2520
2 3 18 24 28 45 70 120 2520
2 3 18 24 28 45 72 105 2520
2 3 18 24 28 45 80 112 5040
2 3 18 24 28 45 84 120 2520
2 3 18 24 28 45 105 120 2520
2 3 18 24 28 45 120 126 2520
2 3 18 24 28 48 63 112 1008
2 3 18 24 28 48 72 112 1008
2 3 18 24 28 48 112 126 1008
2 3 18 24 28 49 72 98 3528
2 3 18 24 28 51 72 119 8568
2 3 18 24 28 52 56 117 6552
2 3 18 24 28 52 63 104 6552
2 3 18 24 28 52 72 91 6552
2 3 18 24 28 52 104 126 6552
2 3 18 24 28 54 56 108 1512
2 3 18 24 28 56 60 90 2520
2 3 18 24 28 56 63 72 504
2 3 18 24 28 56 63 84 504
2 3 18 24 28 56 63 126 504
2 3 18 24 28 56 66 99 5544
2 3 18 24 28 56 70 90 2520
2 3 18 24 28 56 72 84 504
2 3 18 24 28 56 72 126 504
2 3 18 24 28 56 77 99 5544
2 3 18 24 28 56 78 117 6552
2 3 18 24 28 56 84 126 504
2 3 18 24 28 56 88 99 5544
2 3 18 24 28 56 90 105 2520
2 3 18 24 28 56 90 120 2520
2 3 18 24 28 56 91 117 6552
2 3 18 24 28 56 104 117 6552
2 3 18 24 28 60 63 120 2520
2 3 18 24 28 60 70 72 2520
2 3 18 24 28 60 72 105 2520
2 3 18 24 28 63 66 88 5544
2 3 18 24 28 63 70 120 2520
2 3 18 24 28 63 72 84 504
2 3 18 24 28 63 72 126 504
2 3 18 24 28 63 77 88 5544
2 3 18 24 28 63 78 104 6552
2 3 18 24 28 63 88 99 5544
2 3 18 24 28 63 90 120 2520
2 3 18 24 28 63 91 104 6552
2 3 18 24 28 63 104 117 6552
2 3 18 24 28 66 72 77 5544
2 3 18 24 28 66 88 126 5544
2 3 18 24 28 68 72 119 8568
2 3 18 24 28 70 72 90 2520
2 3 18 24 28 70 72 105 2520
2 3 18 24 28 70 72 120 2520
2 3 18 24 28 72 77 88 5544
2 3 18 24 28 72 77 99 5544
2 3 18 24 28 72 78 91 6552
2 3 18 24 28 72 90 105 2520
2 3 18 24 28 72 91 104 6552
2 3 18 24 28 77 88 99 5544
2 3 18 24 29 36 58 72 2088
2 3 18 24 29 36 72 87 2088
2 3 18 24 29 36 72 116 2088
2 3 18 24 29 40 45 58 10440
2 3 18 24 29 40 45 87 10440
2 3 18 24 29 40 45 116 10440
2 3 18 24 29 40 58 90 10440
2 3 18 24 29 40 87 90 10440
2 3 18 24 29 40 90 116 10440
2 3 18 24 29 45 58 120 10440
2 3 18 24 29 45 87 120 10440
2 3 18 24 29 45 116 120 10440
2 3 18 24 29 56 58 63 14616
2 3 18 24 29 56 58 126 14616
2 3 18 24 29 56 63 87 14616
2 3 18 24 29 56 63 116 14616
2 3 18 24 29 56 87 126 14616
2 3 18 24 29 58 72 87 2088
2 3 18 24 29 58 72 116 2088
2 3 18 24 29 58 88 99 22968
2 3 18 24 29 58 90 120 10440
2 3 18 24 29 58 104 117 27144
2 3 18 24 30 32 45 96 1440
2 3 18 24 30 32 90 96 1440
2 3 18 24 30 33 40 99 3960
2 3 18 24 30 33 45 88 3960
2 3 18 24 30 33 55 72 3960
2 3 18 24 30 33 72 110 3960
2 3 18 24 30 33 88 90 3960
2 3 18 24 30 33 99 120 3960
2 3 18 24 30 34 72 85 6120
2 3 18 24 30 35 36 56 2520
2 3 18 24 30 35 40 63 2520
2 3 18 24 30 35 40 126 2520
2 3 18 24 30 35 42 72 2520
2 3 18 24 30 35 45 56 2520
2 3 18 24 30 35 56 63 2520
2 3 18 24 30 35 56 72 2520
2 3 18 24 30 35 56 90 2520
2 3 18 24 30 35 56 126 2520
2 3 18 24 30 35 63 72 2520
2 3 18 24 30 35 63 120 2520
2 3 18 24 30 35 70 72 2520
2 3 18 24 30 35 72 84 2520
2 3 18 24 30 35 72 105 2520
2 3 18 24 30 35 72 126 2520
2 3 18 24 30 35 120 126 2520
2 3 18 24 30 36 40 45 360
2 3 18 24 30 36 40 60 360
2 3 18 24 30 36 40 72 360
2 3 18 24 30 36 40 90 360
2 3 18 24 30 36 40 120 360
2 3 18 24 30 36 45 72 360
2 3 18 24 30 36 45 120 360
2 3 18 24 30 36 48 80 720
2 3 18 24 30 36 55 88 3960
2 3 18 24 30 36 56 70 2520
2 3 18 24 30 36 56 105 2520
2 3 18 24 30 36 60 72 360
2 3 18 24 30 36 60 120 360
2 3 18 24 30 36 65 104 4680
2 3 18 24 30 36 72 90 360
2 3 18 24 30 36 72 120 360
2 3 18 24 30 36 88 110 3960
2 3 18 24 30 36 90 120 360
2 3 18 24 30 38 72 95 6840
2 3 18 24 30 39 40 117 4680
2 3 18 24 30 39 45 104 4680
2 3 18 24 30 39 65 72 4680
2 3 18 24 30 39 90 104 4680
2 3 18 24 30 39 117 120 4680
2 3 18 24 30 40 42 63 2520
2 3 18 24 30 40 42 126 2520
2 3 18 24 30 40 44 99 3960
2 3 18 24 30 40 45 60 360
2 3 18 24 30 40 45 72 360
2 3 18 24 30 40 45 90 360
2 3 18 24 30 40 45 120 360
2 3 18 24 30 40 52 117 4680
2 3 18 24 30 40 54 108 1080
2 3 18 24 30 40 55 99 3960
2 3 18 24 30 40 56 63 2520
2 3 18 24 30 40 56 126 2520
2 3 18 24 30 40 60 72 360
2 3 18 24 30 40 60 90 360
2 3 18 24 30 40 63 70 2520
2 3 18 24 30 40 63 84 2520
2 3 18 24 30 40 63 105 2520
2 3 18 24 30 40 63 126 2520
2 3 18 24 30 40 65 117 4680
2 3 18 24 30 40 66 99 3960
2 3 18 24 30 40 70 126 2520
2 3 18 24 30 40 72 90 360
2 3 18 24 30 40 72 120 360
2 3 18 24 30 40 78 117 4680
2 3 18 24 30 40 84 126 2520
2 3 18 24 30 40 88 99 3960
2 3 18 24 30 40 90 120 360
2 3 18 24 30 40 99 110 3960
2 3 18 24 30 40 104 117 4680
2 3 18 24 30 40 105 126 2520
2 3 18 24 30 42 45 56 2520
2 3 18 24 30 42 56 90 2520
2 3 18 24 30 42 63 120 2520
2 3 18 24 30 42 70 72 2520
2 3 18 24 30 42 72 105 2520
2 3 18 24 30 42 120 126 2520
2 3 18 24 30 44 45 88 3960
2 3 18 24 30 44 55 72 3960
2 3 18 24 30 44 72 110 3960
2 3 18 24 30 44 88 90 3960
2 3 18 24 30 44 99 120 3960
2 3 18 24 30 45 48 80 720
2 3 18 24 30 45 52 104 4680
2 3 18 24 30 45 55 88 3960
2 3 18 24 30 45 56 63 2520
2 3 18 24 30 45 56 70 2520
2 3 18 24 30 45 56 84 2520
2 3 18 24 30 45 56 105 2520
2 3 18 24 30 45 56 126 2520
2 3 18 24 30 45 60 72 360
2 3 18 24 30 45 60 120 360
2 3 18 24 30 45 65 104 4680
2 3 18 24 30 45 66 88 3960
2 3 18 24 30 45 72 90 360
2 3 18 24 30 45 72 120 360
2 3 18 24 30 45 78 104 4680
2 3 18 24 30 45 88 99 3960
2 3 18 24 30 45 88 110 3960
2 3 18 24 30 45 90 120 360
2 3 18 24 30 45 104 117 4680
2 3 18 24 30 46 72 115 8280
2 3 18 24 30 48 72 80 720
2 3 18 24 30 48 80 90 720
2 3 18 24 30 50 72 75 1800
2 3 18 24 30 50 72 100 1800
2 3 18 24 30 51 72 85 6120
2 3 18 24 30 52 65 72 4680
2 3 18 24 30 52 90 104 4680
2 3 18 24 30 55 66 72 3960
2 3 18 24 30 55 72 88 3960
2 3 18 24 30 55 72 99 3960
2 3 18 24 30 55 72 110 3960
2 3 18 24 30 55 88 90 3960
2 3 18 24 30 55 88 99 3960
2 3 18 24 30 55 99 120 3960
2 3 18 24 30 56 60 63 2520
2 3 18 24 30 56 60 126 2520
2 3 18 24 30 56 63 70 2520
2 3 18 24 30 56 63 90 2520
2 3 18 24 30 56 63 105 2520
2 3 18 24 30 56 63 120 2520
2 3 18 24 30 56 70 72 2520
2 3 18 24 30 56 70 90 2520
2 3 18 24 30 56 70 126 2520
2 3 18 24 30 56 72 105 2520
2 3 18 24 30 56 84 90 2520
2 3 18 24 30 56 90 105 2520
2 3 18 24 30 56 90 126 2520
2 3 18 24 30 57 72 95 6840
2 3 18 24 30 60 72 90 360
2 3 18 24 30 60 72 120 360
2 3 18 24 30 60 88 99 3960
2 3 18 24 30 63 70 72 2520
2 3 18 24 30 63 70 120 2520
2 3 18 24 30 63 72 105 2520
2 3 18 24 30 63 80 112 5040
2 3 18 24 30 65 72 78 4680
2 3 18 24 30 65 72 104 4680
2 3 18 24 30 65 72 117 4680
2 3 18 24 30 66 72 110 3960
2 3 18 24 30 66 88 90 3960
2 3 18 24 30 68 72 85 6120
2 3 18 24 30 69 72 115 8280
2 3 18 24 30 70 72 84 2520
2 3 18 24 30 70 72 105 2520
2 3 18 24 30 72 75 100 1800
2 3 18 24 30 72 76 95 6840
2 3 18 24 31 36 62 72 2232
2 3 18 24 31 36 72 93 2232
2 3 18 24 31 36 72 124 2232
2 3 18 24 31 40 45 62 11160
2 3 18 24 31 40 45 93 11160
2 3 18 24 31 40 45 124 11160
2 3 18 24 31 40 62 90 11160
2 3 18 24 31 40 90 93 11160
2 3 18 24 31 40 90 124 11160
2 3 18 24 31 45 62 120 11160
2 3 18 24 31 45 93 120 11160
2 3 18 24 31 45 120 124 11160
2 3 18 24 31 56 62 63 15624
2 3 18 24 31 56 62 126 15624
2 3 18 24 31 56 63 93 15624
2 3 18 24 31 56 63 124 15624
2 3 18 24 31 62 72 93 2232
2 3 18 24 31 62 72 124 2232
2 3 18 24 31 62 88 99 24552
2 3 18 24 32 33 96 99 3168
2 3 18 24 32 36 48 96 288
2 3 18 24 32 36 72 96 288
2 3 18 24 32 39 96 117 3744
2 3 18 24 32 40 45 96 1440
2 3 18 24 32 40 90 96 1440
2 3 18 24 32 42 63 96 2016
2 3 18 24 32 42 96 126 2016
2 3 18 24 32 44 96 99 3168
2 3 18 24 32 45 60 96 1440
2 3 18 24 32 45 80 96 1440
2 3 18 24 32 45 90 96 1440
2 3 18 24 32 45 96 120 1440
2 3 18 24 32 48 72 96 288
2 3 18 24 32 56 63 96 2016
2 3 18 24 33 36 40 55 3960
2 3 18 24 33 36 40 110 3960
2 3 18 24 33 36 44 72 792
2 3 18 24 33 36 44 88 792
2 3 18 24 33 36 55 120 3960
2 3 18 24 33 36 56 77 5544
2 3 18 24 33 36 66 72 792
2 3 18 24 33 36 66 88 792
2 3 18 24 33 36 72 88 792
2 3 18 24 33 36 72 99 792
2 3 18 24 33 36 88 99 792
2 3 18 24 33 36 110 120 3960
2 3 18 24 33 39 88 117 10296
2 3 18 24 33 39 99 104 10296
2 3 18 24 33 40 44 45 3960
2 3 18 24 33 40 44 90 3960
2 3 18 24 33 40 45 55 3960
2 3 18 24 33 40 45 66 3960
2 3 18 24 33 40 45 88 3960
2 3 18 24 33 40 45 99 3960
2 3 18 24 33 40 45 110 3960
2 3 18 24 33 40 55 72 3960
2 3 18 24 33 40 55 90 3960
2 3 18 24 33 40 55 99 3960
2 3 18 24 33 40 60 99 3960
2 3 18 24 33 40 66 90 3960
2 3 18 24 33 40 72 110 3960
2 3 18 24 33 40 88 90 3960
2 3 18 24 33 40 90 99 3960
2 3 18 24 33 40 90 110 3960
2 3 18 24 33 40 99 110 3960
2 3 18 24 33 40 99 120 3960
2 3 18 24 33 42 56 99 5544
2 3 18 24 33 42 63 88 5544
2 3 18 24 33 42 72 77 5544
2 3 18 24 33 42 88 126 5544
2 3 18 24 33 44 45 120 3960
2 3 18 24 33 44 56 63 5544
2 3 18 24 33 44 56 126 5544
2 3 18 24 33 44 66 72 792
2 3 18 24 33 44 72 88 792
2 3 18 24 33 44 72 99 792
2 3 18 24 33 44 88 99 792
2 3 18 24 33 44 90 120 3960
2 3 18 24 33 44 104 117 10296
2 3 18 24 33 45 55 72 3960
2 3 18 24 33 45 55 88 3960
2 3 18 24 33 45 55 120 3960
2 3 18 24 33 45 60 88 3960
2 3 18 24 33 45 66 120 3960
2 3 18 24 33 45 72 110 3960
2 3 18 24 33 45 88 90 3960
2 3 18 24 33 45 88 110 3960
2 3 18 24 33 45 88 120 3960
2 3 18 24 33 45 99 120 3960
2 3 18 24 33 45 110 120 3960
2 3 18 24 33 55 60 72 3960
2 3 18 24 33 55 72 90 3960
2 3 18 24 33 55 72 110 3960
2 3 18 24 33 55 72 120 3960
2 3 18 24 33 55 88 90 3960
2 3 18 24 33 56 63 66 5544
2 3 18 24 33 56 63 77 5544
2 3 18 24 33 56 63 88 5544
2 3 18 24 33 56 63 99 5544
2 3 18 24 33 56 66 126 5544
2 3 18 24 33 56 72 77 5544
2 3 18 24 33 56 77 99 5544
2 3 18 24 33 56 84 99 5544
2 3 18 24 33 60 72 110 3960
2 3 18 24 33 63 72 77 5544
2 3 18 24 33 63 77 88 5544
2 3 18 24 33 66 72 88 792
2 3 18 24 34 36 40 85 6120
2 3 18 24 34 36 51 72 1224
2 3 18 24 34 36 56 119 8568
2 3 18 24 34 36 68 72 1224
2 3 18 24 34 36 72 102 1224
2 3 18 24 34 36 85 120 6120
2 3 18 24 34 40 45 51 6120
2 3 18 24 34 40 45 68 6120
2 3 18 24 34 40 45 85 6120
2 3 18 24 34 40 45 102 6120
2 3 18 24 34 40 51 90 6120
2 3 18 24 34 40 68 90 6120
2 3 18 24 34 40 72 85 6120
2 3 18 24 34 40 85 90 6120
2 3 18 24 34 40 90 102 6120
2 3 18 24 34 42 72 119 8568
2 3 18 24 34 45 51 120 6120
2 3 18 24 34 45 68 120 6120
2 3 18 24 34 45 72 85 6120
2 3 18 24 34 45 85 120 6120
2 3 18 24 34 45 102 120 6120
2 3 18 24 34 51 56 63 8568
2 3 18 24 34 51 56 126 8568
2 3 18 24 34 51 68 72 1224
2 3 18 24 34 51 72 102 1224
2 3 18 24 34 51 88 99 13464
2 3 18 24 34 56 63 68 8568
2 3 18 24 34 56 63 102 8568
2 3 18 24 34 56 63 119 8568
2 3 18 24 34 56 68 126 8568
2 3 18 24 34 56 72 119 8568
2 3 18 24 34 60 72 85 6120
2 3 18 24 35 36 40 42 2520
2 3 18 24 35 36 40 56 2520
2 3 18 24 35 36 40 63 2520
2 3 18 24 35 36 40 70 2520
2 3 18 24 35 36 40 84 2520
2 3 18 24 35 36 40 105 2520
2 3 18 24 35 36 40 126 2520
2 3 18 24 35 36 42 120 2520
2 3 18 24 35 36 45 56 2520
2 3 18 24 35 36 56 60 2520
2 3 18 24 35 36 56 70 2520
2 3 18 24 35 36 56 90 2520
2 3 18 24 35 36 56 105 2520
2 3 18 24 35 36 56 120 2520
2 3 18 24 35 36 63 120 2520
2 3 18 24 35 36 70 72 2520
2 3 18 24 35 36 70 120 2520
2 3 18 24 35 36 72 105 2520
2 3 18 24 35 36 80 112 5040
2 3 18 24 35 36 84 120 2520
2 3 18 24 35 36 105 120 2520
2 3 18 24 35 36 120 126 2520
2 3 18 24 35 40 42 45 2520
2 3 18 24 35 40 42 63 2520
2 3 18 24 35 40 42 72 2520
2 3 18 24 35 40 42 90 2520
2 3 18 24 35 40 42 126 2520
2 3 18 24 35 40 45 56 2520
2 3 18 24 35 40 45 63 2520
2 3 18 24 35 40 45 70 2520
2 3 18 24 35 40 45 84 2520
2 3 18 24 35 40 45 105 2520
2 3 18 24 35 40 45 126 2520
2 3 18 24 35 40 56 63 2520
2 3 18 24 35 40 56 72 2520
2 3 18 24 35 40 56 90 2520
2 3 18 24 35 40 56 126 2520
2 3 18 24 35 40 60 63 2520
2 3 18 24 35 40 60 126 2520
2 3 18 24 35 40 63 70 2520
2 3 18 24 35 40 63 72 2520
2 3 18 24 35 40 63 84 2520
2 3 18 24 35 40 63 90 2520
2 3 18 24 35 40 63 105 2520
2 3 18 24 35 40 63 120 2520
2 3 18 24 35 40 63 126 2520
2 3 18 24 35 40 70 72 2520
2 3 18 24 35 40 70 90 2520
2 3 18 24 35 40 70 126 2520
2 3 18 24 35 40 72 84 2520
2 3 18 24 35 40 72 105 2520
2 3 18 24 35 40 72 126 2520
2 3 18 24 35 40 77 99 27720
2 3 18 24 35 40 84 90 2520
2 3 18 24 35 40 84 126 2520
2 3 18 24 35 40 90 105 2520
2 3 18 24 35 40 90 126 2520
2 3 18 24 35 40 91 117 32760
2 3 18 24 35 40 105 126 2520
2 3 18 24 35 40 120 126 2520
2 3 18 24 35 42 45 56 2520
2 3 18 24 35 42 45 72 2520
2 3 18 24 35 42 45 120 2520
2 3 18 24 35 42 56 90 2520
2 3 18 24 35 42 60 72 2520
2 3 18 24 35 42 63 120 2520
2 3 18 24 35 42 70 72 2520
2 3 18 24 35 42 72 90 2520
2 3 18 24 35 42 72 105 2520
2 3 18 24 35 42 72 120 2520
2 3 18 24 35 42 90 120 2520
2 3 18 24 35 45 48 112 5040
2 3 18 24 35 45 56 60 2520
2 3 18 24 35 45 56 63 2520
2 3 18 24 35 45 56 70 2520
2 3 18 24 35 45 56 72 2520
2 3 18 24 35 45 56 84 2520
2 3 18 24 35 45 56 90 2520
2 3 18 24 35 45 56 105 2520
2 3 18 24 35 45 56 120 2520
2 3 18 24 35 45 56 126 2520
2 3 18 24 35 45 63 72 2520
2 3 18 24 35 45 63 120 2520
2 3 18 24 35 45 70 72 2520
2 3 18 24 35 45 70 120 2520
2 3 18 24 35 45 72 84 2520
2 3 18 24 35 45 72 105 2520
2 3 18 24 35 45 72 126 2520
2 3 18 24 35 45 77 88 27720
2 3 18 24 35 45 80 112 5040
2 3 18 24 35 45 84 120 2520
2 3 18 24 35 45 91 104 32760
2 3 18 24 35 48 63 80 5040
2 3 18 24 35 48 80 126 5040
2 3 18 24 35 55 56 99 27720
2 3 18 24 35 55 63 88 27720
2 3 18 24 35 55 72 77 27720
2 3 18 24 35 56 60 63 2520
2 3 18 24 35 56 60 72 2520
2 3 18 24 35 56 60 90 2520
2 3 18 24 35 56 60 126 2520
2 3 18 24 35 56 63 70 2520
2 3 18 24 35 56 63 90 2520
2 3 18 24 35 56 63 105 2520
2 3 18 24 35 56 63 120 2520
2 3 18 24 35 56 65 117 32760
2 3 18 24 35 56 70 72 2520
2 3 18 24 35 56 70 90 2520
2 3 18 24 35 56 72 90 2520
2 3 18 24 35 56 72 105 2520
2 3 18 24 35 60 63 72 2520
2 3 18 24 35 60 70 72 2520
2 3 18 24 35 60 72 84 2520
2 3 18 24 35 63 70 72 2520
2 3 18 24 36 37 72 74 2664
2 3 18 24 36 37 72 111 2664
2 3 18 24 36 38 40 95 6840
2 3 18 24 36 38 57 72 1368
2 3 18 24 36 38 72 76 1368
2 3 18 24 36 38 72 114 1368
2 3 18 24 36 38 95 120 6840
2 3 18 24 36 39 40 65 4680
2 3 18 24 36 39 52 72 936
2 3 18 24 36 39 52 104 936
2 3 18 24 36 39 56 91 6552
2 3 18 24 36 39 65 120 4680
2 3 18 24 36 39 72 78 936
2 3 18 24 36 39 72 104 936
2 3 18 24 36 39 72 117 936
2 3 18 24 36 39 78 104 936
2 3 18 24 36 39 104 117 936
2 3 18 24 36 40 42 70 2520
2 3 18 24 36 40 42 105 2520
2 3 18 24 36 40 44 55 3960
2 3 18 24 36 40 44 110 3960
2 3 18 24 36 40 45 60 360
2 3 18 24 36 40 45 72 360
2 3 18 24 36 40 45 90 360
2 3 18 24 36 40 45 120 360
2 3 18 24 36 40 46 115 8280
2 3 18 24 36 40 48 80 720
2 3 18 24 36 40 50 75 1800
2 3 18 24 36 40 50 100 1800
2 3 18 24 36 40 51 85 6120
2 3 18 24 36 40 52 65 4680
2 3 18 24 36 40 55 66 3960
2 3 18 24 36 40 55 88 3960
2 3 18 24 36 40 55 99 3960
2 3 18 24 36 40 55 110 3960
2 3 18 24 36 40 56 70 2520
2 3 18 24 36 40 56 105 2520
2 3 18 24 36 40 57 95 6840
2 3 18 24 36 40 60 72 360
2 3 18 24 36 40 60 90 360
2 3 18 24 36 40 60 120 360
2 3 18 24 36 40 63 70 2520
2 3 18 24 36 40 63 105 2520
2 3 18 24 36 40 65 78 4680
2 3 18 24 36 40 65 104 4680
2 3 18 24 36 40 65 117 4680
2 3 18 24 36 40 66 110 3960
2 3 18 24 36 40 68 85 6120
2 3 18 24 36 40 69 115 8280
2 3 18 24 36 40 70 84 2520
2 3 18 24 36 40 70 105 2520
2 3 18 24 36 40 70 126 2520
2 3 18 24 36 40 72 90 360
2 3 18 24 36 40 72 120 360
2 3 18 24 36 40 75 100 1800
2 3 18 24 36 40 76 95 6840
2 3 18 24 36 40 84 105 2520
2 3 18 24 36 40 85 102 6120
2 3 18 24 36 40 88 110 3960
2 3 18 24 36 40 90 120 360
2 3 18 24 36 40 92 115 8280
2 3 18 24 36 40 95 114 6840
2 3 18 24 36 40 99 110 3960
2 3 18 24 36 40 105 126 2520
2 3 18 24 36 41 72 82 2952
2 3 18 24 36 41 72 123 2952
2 3 18 24 36 42 48 112 1008
2 3 18 24 36 42 56 63 504
2 3 18 24 36 42 56 72 504
2 3 18 24 36 42 56 84 504
2 3 18 24 36 42 56 126 504
2 3 18 24 36 42 63 72 504
2 3 18 24 36 42 70 120 2520
2 3 18 24 36 42 72 84 504
2 3 18 24 36 42 72 126 504
2 3 18 24 36 42 77 88 5544
2 3 18 24 36 42 91 104 6552
2 3 18 24 36 43 72 86 3096
2 3 18 24 36 44 55 120 3960
2 3 18 24 36 44 56 77 5544
2 3 18 24 36 44 66 72 792
2 3 18 24 36 44 66 88 792
2 3 18 24 36 44 72 88 792
2 3 18 24 36 44 72 99 792
2 3 18 24 36 44 88 99 792
2 3 18 24 36 45 48 80 720
2 3 18 24 36 45 55 88 3960
2 3 18 24 36 45 56 70 2520
2 3 18 24 36 45 56 105 2520
2 3 18 24 36 45 60 72 360
2 3 18 24 36 45 60 120 360
2 3 18 24 36 45 65 104 4680
2 3 18 24 36 45 72 90 360
2 3 18 24 36 45 72 120 360
2 3 18 24 36 45 88 110 3960
2 3 18 24 36 46 69 72 1656
2 3 18 24 36 46 72 92 1656
2 3 18 24 36 47 72 94 3384
2 3 18 24 36 48 56 112 1008
2 3 18 24 36 48 60 80 720
2 3 18 24 36 48 63 112 1008
2 3 18 24 36 48 80 90 720
2 3 18 24 36 49 56 98 3528
2 3 18 24 36 49 72 98 3528
2 3 18 24 36 50 72 75 1800
2 3 18 24 36 50 72 100 1800
2 3 18 24 36 51 56 119 8568
2 3 18 24 36 51 68 72 1224
2 3 18 24 36 51 72 102 1224
2 3 18 24 36 52 56 91 6552
2 3 18 24 36 52 65 120 4680
2 3 18 24 36 52 72 78 936
2 3 18 24 36 52 72 104 936
2 3 18 24 36 53 72 106 3816
2 3 18 24 36 55 60 88 3960
2 3 18 24 36 56 60 70 2520
2 3 18 24 36 56 60 105 2520
2 3 18 24 36 56 63 72 504
2 3 18 24 36 56 63 84 504
2 3 18 24 36 56 66 77 5544
2 3 18 24 36 56 70 90 2520
2 3 18 24 36 56 72 84 504
2 3 18 24 36 56 77 88 5544
2 3 18 24 36 57 72 76 1368
2 3 18 24 36 58 72 87 2088
2 3 18 24 37 40 45 74 13320
2 3 18 24 37 40 45 111 13320
2 3 18 24 37 40 74 90 13320
2 3 18 24 37 40 90 111 13320
2 3 18 24 37 45 74 120 13320
2 3 18 24 37 56 63 74 18648
2 3 18 24 37 56 63 111 18648
2 3 18 24 38 40 45 57 6840
2 3 18 24 38 40 45 76 6840
2 3 18 24 38 40 45 95 6840
2 3 18 24 38 40 45 114 6840
2 3 18 24 38 40 57 90 6840
2 3 18 24 38 40 72 95 6840
2 3 18 24 38 40 76 90 6840
2 3 18 24 38 40 90 95 6840
2 3 18 24 38 40 90 114 6840
2 3 18 24 38 45 57 120 6840
2 3 18 24 38 45 72 95 6840
2 3 18 24 38 45 76 120 6840
2 3 18 24 38 56 57 63 9576
2 3 18 24 38 56 57 126 9576
2 3 18 24 38 56 63 76 9576
2 3 18 24 38 57 72 76 1368
2 3 18 24 39 40 45 52 4680
2 3 18 24 39 40 45 65 4680
2 3 18 24 39 40 45 78 4680
2 3 18 24 39 40 45 104 4680
2 3 18 24 39 40 45 117 4680
2 3 18 24 39 40 52 90 4680
2 3 18 24 39 40 60 117 4680
2 3 18 24 39 40 65 72 4680
2 3 18 24 39 40 65 90 4680
2 3 18 24 39 40 65 117 4680
2 3 18 24 39 40 78 90 4680
2 3 18 24 39 40 90 104 4680
2 3 18 24 39 40 90 117 4680
2 3 18 24 39 42 56 117 6552
2 3 18 24 39 42 63 104 6552
2 3 18 24 39 42 72 91 6552
2 3 18 24 39 45 52 120 4680
2 3 18 24 39 45 60 104 4680
2 3 18 24 39 45 65 72 4680
2 3 18 24 39 45 65 104 4680
2 3 18 24 39 45 65 120 4680
2 3 18 24 39 52 56 63 6552
2 3 18 24 39 52 56 126 6552
2 3 18 24 39 52 72 78 936
2 3 18 24 39 56 63 78 6552
2 3 18 24 39 56 63 91 6552
2 3 18 24 39 60 65 72 4680
2 3 18 24 40 41 45 82 14760
2 3 18 24 40 41 45 123 14760
2 3 18 24 40 41 82 90 14760
2 3 18 24 40 42 45 56 2520
2 3 18 24 40 42 45 63 2520
2 3 18 24 40 42 45 70 2520
2 3 18 24 40 42 45 84 2520
2 3 18 24 40 42 45 105 2520
2 3 18 24 40 42 45 126 2520
2 3 18 24 40 42 56 90 2520
2 3 18 24 40 42 60 63 2520
2 3 18 24 40 42 60 126 2520
2 3 18 24 40 42 63 70 2520
2 3 18 24 40 42 63 90 2520
2 3 18 24 40 42 63 105 2520
2 3 18 24 40 42 63 120 2520
2 3 18 24 40 42 70 72 2520
2 3 18 24 40 42 70 90 2520
2 3 18 24 40 42 70 126 2520
2 3 18 24 40 42 72 105 2520
2 3 18 24 40 42 84 90 2520
2 3 18 24 40 43 45 86 15480
2 3 18 24 40 43 86 90 15480
2 3 18 24 40 44 45 55 3960
2 3 18 24 40 44 45 66 3960
2 3 18 24 40 44 45 88 3960
2 3 18 24 40 44 45 99 3960
2 3 18 24 40 44 45 110 3960
2 3 18 24 40 44 55 72 3960
2 3 18 24 40 44 55 90 3960
2 3 18 24 40 44 55 99 3960
2 3 18 24 40 44 60 99 3960
2 3 18 24 40 44 66 90 3960
2 3 18 24 40 44 72 110 3960
2 3 18 24 40 44 88 90 3960
2 3 18 24 40 45 46 69 8280
2 3 18 24 40 45 46 92 8280
2 3 18 24 40 45 46 115 8280
2 3 18 24 40 45 47 94 16920
2 3 18 24 40 45 48 80 720
2 3 18 24 40 45 49 98 17640
2 3 18 24 40 45 50 75 1800
2 3 18 24 40 45 50 100 1800
2 3 18 24 40 45 51 68 6120
2 3 18 24 40 45 51 85 6120
2 3 18 24 40 45 51 102 6120
2 3 18 24 40 45 52 65 4680
2 3 18 24 40 45 52 78 4680
2 3 18 24 40 45 52 104 4680
2 3 18 24 40 45 52 117 4680
2 3 18 24 40 45 53 106 19080
2 3 18 24 40 45 54 108 1080
2 3 18 24 40 45 55 66 3960
2 3 18 24 40 45 55 88 3960
2 3 18 24 40 45 55 99 3960
2 3 18 24 40 45 55 110 3960
2 3 18 24 40 45 56 63 2520
2 3 18 24 40 45 56 70 2520
2 3 18 24 40 45 56 84 2520
2 3 18 24 40 45 56 105 2520
2 3 18 24 40 45 56 126 2520
2 3 18 24 40 45 57 76 6840
2 3 18 24 40 45 57 95 6840
2 3 18 24 40 45 57 114 6840
2 3 18 24 40 45 58 87 10440
2 3 18 24 40 45 58 116 10440
2 3 18 24 40 45 59 118 21240
2 3 18 24 40 45 60 72 360
2 3 18 24 40 45 60 90 360
2 3 18 24 40 45 60 120 360
2 3 18 24 40 45 61 122 21960
2 3 18 24 40 45 62 93 11160
2 3 18 24 40 45 62 124 11160
2 3 18 24 40 45 63 70 2520
2 3 18 24 40 45 63 84 2520
2 3 18 24 40 45 63 105 2520
2 3 18 24 40 45 63 126 2520
2 3 18 24 40 45 65 78 4680
2 3 18 24 40 45 65 104 4680
2 3 18 24 40 45 65 117 4680
2 3 18 24 40 45 66 88 3960
2 3 18 24 40 45 66 99 3960
2 3 18 24 40 45 66 110 3960
2 3 18 24 40 45 68 85 6120
2 3 18 24 40 45 68 102 6120
2 3 18 24 40 45 69 92 8280
2 3 18 24 40 45 69 115 8280
2 3 18 24 40 45 70 84 2520
2 3 18 24 40 45 70 105 2520
2 3 18 24 40 45 72 90 360
2 3 18 24 40 45 74 111 13320
2 3 18 24 40 45 75 100 1800
2 3 18 24 40 45 76 95 6840
2 3 18 24 40 45 78 104 4680
2 3 18 24 40 46 69 90 8280
2 3 18 24 40 48 72 80 720
2 3 18 24 40 50 72 75 1800
2 3 18 24 40 51 68 90 6120
2 3 18 24 40 51 72 85 6120
2 3 18 24 40 52 65 72 4680
2 3 18 24 40 52 65 90 4680
2 3 18 24 40 55 60 99 3960
2 3 18 24 40 55 63 77 27720
2 3 18 24 40 55 66 72 3960
2 3 18 24 40 56 60 63 2520
2 3 18 24 40 56 63 70 2520
2 3 18 24 40 56 63 90 2520
2 3 18 24 40 56 70 72 2520
2 3 18 24 40 60 63 70 2520
2 3 18 24 41 56 63 82 20664
2 3 18 24 42 44 56 99 5544
2 3 18 24 42 44 63 88 5544
2 3 18 24 42 44 72 77 5544
2 3 18 24 42 45 56 60 2520
2 3 18 24 42 45 56 70 2520
2 3 18 24 42 45 56 90 2520
2 3 18 24 42 45 56 105 2520
2 3 18 24 42 45 56 120 2520
2 3 18 24 42 45 63 120 2520
2 3 18 24 42 45 70 72 2520
2 3 18 24 42 56 63 72 504
2 3 18 24 44 45 55 72 3960
2 3 18 24 44 45 55 88 3960
2 3 18 24 44 45 55 120 3960
2 3 18 24 44 45 60 88 3960
2 3 18 24 44 55 60 72 3960
2 3 18 24 44 56 63 66 5544
2 3 18 24 45 48 60 80 720
2 3 18 24 45 52 65 72 4680
2 3 18 24 45 55 56 77 27720
2 3 18 24 45 56 60 63 2520
2 3 18 24 45 56 60 70 2520
2 3 18 24 45 56 63 70 2520
2 3 18 24 46 56 63 69 11592
2 3 18 25 26 30 50 117 5850
2 3 18 25 26 30 75 117 5850
2 3 18 25 26 36 39 100 11700
2 3 18 25 26 36 50 52 11700
2 3 18 25 26 36 52 75 11700
2 3 18 25 26 36 52 100 11700
2 3 18 25 26 36 65 100 11700
2 3 18 25 26 36 78 100 11700
2 3 18 25 26 36 100 117 11700
2 3 18 25 26 39 45 50 5850
2 3 18 25 26 39 45 75 5850
2 3 18 25 26 39 50 90 5850
2 3 18 25 26 39 50 117 5850
2 3 18 25 26 39 75 90 5850
2 3 18 25 26 39 75 117 5850
2 3 18 25 26 45 50 65 5850
2 3 18 25 26 45 50 78 5850
2 3 18 25 26 45 50 117 5850
2 3 18 25 26 45 52 100 11700
2 3 18 25 26 45 65 75 5850
2 3 18 25 26 45 75 78 5850
2 3 18 25 26 45 75 117 5850
2 3 18 25 26 50 63 91 40950
2 3 18 25 26 50 65 90 5850
2 3 18 25 26 50 65 117 5850
2 3 18 25 26 50 72 104 23400
2 3 18 25 26 50 75 117 5850
2 3 18 25 26 50 78 90 5850
2 3 18 25 26 50 78 117 5850
2 3 18 25 26 50 90 117 5850
2 3 18 25 26 50 91 126 40950
2 3 18 25 26 52 90 100 11700
2 3 18 25 26 52 100 117 11700
2 3 18 25 26 60 100 117 11700
2 3 18 25 26 63 75 91 40950
2 3 18 25 26 65 75 90 5850
2 3 18 25 26 65 75 117 5850
2 3 18 25 26 72 75 104 23400
2 3 18 25 26 72 100 104 23400
2 3 18 25 26 75 78 90 5850
2 3 18 25 26 75 78 117 5850
2 3 18 25 26 75 90 117 5850
2 3 18 25 27 30 50 54 1350
2 3 18 25 27 30 54 75 1350
2 3 18 25 27 30 100 108 2700
2 3 18 25 27 36 50 108 2700
2 3 18 25 27 36 54 100 2700
2 3 18 25 27 36 75 108 2700
2 3 18 25 27 36 100 108 2700
2 3 18 25 27 45 50 54 1350
2 3 18 25 27 45 54 75 1350
2 3 18 25 27 45 100 108 2700
2 3 18 25 27 50 54 75 1350
2 3 18 25 27 50 54 90 1350
2 3 18 25 27 50 60 108 2700
2 3 18 25 27 50 100 108 2700
2 3 18 25 27 54 60 100 2700
2 3 18 25 27 54 75 90 1350
2 3 18 25 27 54 100 108 2700
2 3 18 25 27 60 75 108 2700
2 3 18 25 27 60 100 108 2700
2 3 18 25 28 30 63 100 6300
2 3 18 25 28 30 100 126 6300
2 3 18 25 28 35 36 50 6300
2 3 18 25 28 35 36 75 6300
2 3 18 25 28 35 36 100 6300
2 3 18 25 28 35 45 100 6300
2 3 18 25 28 35 63 100 6300
2 3 18 25 28 35 90 100 6300
2 3 18 25 28 35 100 126 6300
2 3 18 25 28 36 42 50 6300
2 3 18 25 28 36 42 75 6300
2 3 18 25 28 36 42 100 6300
2 3 18 25 28 36 50 63 6300
2 3 18 25 28 36 50 70 6300
2 3 18 25 28 36 50 84 6300
2 3 18 25 28 36 50 105 6300
2 3 18 25 28 36 50 126 6300
2 3 18 25 28 36 63 75 6300
2 3 18 25 28 36 63 100 6300
2 3 18 25 28 36 70 75 6300
2 3 18 25 28 36 70 100 6300
2 3 18 25 28 36 75 84 6300
2 3 18 25 28 36 75 105 6300
2 3 18 25 28 36 75 126 6300
2 3 18 25 28 36 84 100 6300
2 3 18 25 28 36 100 105 6300
2 3 18 25 28 36 100 126 6300
2 3 18 25 28 42 45 100 6300
2 3 18 25 28 42 63 100 6300
2 3 18 25 28 42 90 100 6300
2 3 18 25 28 42 100 126 6300
2 3 18 25 28 45 50 84 6300
2 3 18 25 28 45 63 100 6300
2 3 18 25 28 45 70 100 6300
2 3 18 25 28 45 75 84 6300
2 3 18 25 28 45 84 100 6300
2 3 18 25 28 45 100 105 6300
2 3 18 25 28 45 100 126 6300
2 3 18 25 28 50 56 72 12600
2 3 18 25 28 50 60 63 6300
2 3 18 25 28 50 60 126 6300
2 3 18 25 28 50 63 84 6300
2 3 18 25 28 50 63 100 6300
2 3 18 25 28 50 84 90 6300
2 3 18 25 28 50 84 126 6300
2 3 18 25 28 50 100 126 6300
2 3 18 25 28 56 72 75 12600
2 3 18 25 28 56 72 100 12600
2 3 18 25 28 60 63 75 6300
2 3 18 25 28 60 63 100 6300
2 3 18 25 28 60 75 126 6300
2 3 18 25 28 63 70 100 6300
2 3 18 25 28 63 75 84 6300
2 3 18 25 28 63 75 100 6300
2 3 18 25 28 63 84 100 6300
2 3 18 25 28 63 90 100 6300
2 3 18 25 28 75 84 90 6300
2 3 18 25 29 36 50 116 26100
2 3 18 25 29 36 58 100 26100
2 3 18 25 29 36 75 116 26100
2 3 18 25 29 36 87 100 26100
2 3 18 25 29 36 100 116 26100
2 3 18 25 29 45 50 58 13050
2 3 18 25 29 45 50 87 13050
2 3 18 25 29 45 58 75 13050
2 3 18 25 29 45 75 87 13050
2 3 18 25 29 45 100 116 26100
2 3 18 25 29 50 58 90 13050
2 3 18 25 29 50 87 90 13050
2 3 18 25 29 58 75 90 13050
2 3 18 25 30 33 50 99 4950
2 3 18 25 30 33 75 99 4950
2 3 18 25 30 35 50 63 3150
2 3 18 25 30 35 50 126 3150
2 3 18 25 30 35 63 75 3150
2 3 18 25 30 35 75 126 3150
2 3 18 25 30 36 45 100 900
2 3 18 25 30 36 50 60 900
2 3 18 25 30 36 50 100 900
2 3 18 25 30 36 60 75 900
2 3 18 25 30 36 60 100 900
2 3 18 25 30 36 75 100 900
2 3 18 25 30 36 90 100 900
2 3 18 25 30 39 50 117 5850
2 3 18 25 30 39 75 117 5850
2 3 18 25 30 40 50 72 1800
2 3 18 25 30 40 72 75 1800
2 3 18 25 30 40 72 100 1800
2 3 18 25 30 42 50 63 3150
2 3 18 25 30 42 50 126 3150
2 3 18 25 30 42 63 75 3150
2 3 18 25 30 42 75 126 3150
2 3 18 25 30 44 99 100 9900
2 3 18 25 30 45 50 75 450
2 3 18 25 30 45 50 90 450
2 3 18 25 30 45 60 100 900
2 3 18 25 30 45 75 90 450
2 3 18 25 30 50 55 99 4950
2 3 18 25 30 50 63 70 3150
2 3 18 25 30 50 63 105 3150
2 3 18 25 30 50 63 126 3150
2 3 18 25 30 50 65 117 5850
2 3 18 25 30 50 66 99 4950
2 3 18 25 30 50 70 126 3150
2 3 18 25 30 50 72 120 1800
2 3 18 25 30 50 75 90 450
2 3 18 25 30 50 78 117 5850
2 3 18 25 30 50 99 110 4950
2 3 18 25 30 55 75 99 4950
2 3 18 25 30 63 70 75 3150
2 3 18 25 30 63 75 105 3150
2 3 18 25 30 66 75 99 4950
2 3 18 25 31 36 50 124 27900
2 3 18 25 31 36 62 100 27900
2 3 18 25 31 36 75 124 27900
2 3 18 25 31 36 93 100 27900
2 3 18 25 31 36 100 124 27900
2 3 18 25 31 45 50 62 13950
2 3 18 25 31 45 50 93 13950
2 3 18 25 31 45 62 75 13950
2 3 18 25 31 45 75 93 13950
2 3 18 25 31 45 100 124 27900
2 3 18 25 31 50 62 90 13950
2 3 18 25 31 50 90 93 13950
2 3 18 25 31 62 75 90 13950
2 3 18 25 32 36 50 96 7200
2 3 18 25 32 36 75 96 7200
2 3 18 25 32 36 96 100 7200
2 3 18 25 32 45 50 96 7200
2 3 18 25 32 45 75 96 7200
2 3 18 25 32 45 96 100 7200
2 3 18 25 32 50 72 96 7200
2 3 18 25 32 50 90 96 7200
2 3 18 25 33 36 44 50 9900
2 3 18 25 33 36 44 75 9900
2 3 18 25 33 36 44 100 9900
2 3 18 25 33 36 55 100 9900
2 3 18 25 33 36 66 100 9900
2 3 18 25 33 36 99 100 9900
2 3 18 25 33 36 100 110 9900
2 3 18 25 33 44 45 100 9900
2 3 18 25 33 44 90 100 9900
2 3 18 25 33 44 99 100 9900
2 3 18 25 33 45 50 55 4950
2 3 18 25 33 45 50 66 4950
2 3 18 25 33 45 50 99 4950
2 3 18 25 33 45 50 110 4950
2 3 18 25 33 45 55 75 4950
2 3 18 25 33 45 66 75 4950
2 3 18 25 33 45 75 99 4950
2 3 18 25 33 45 75 110 4950
2 3 18 25 33 50 55 90 4950
2 3 18 25 33 50 55 99 4950
2 3 18 25 33 50 63 77 34650
2 3 18 25 33 50 66 90 4950
2 3 18 25 33 50 66 99 4950
2 3 18 25 33 50 72 88 19800
2 3 18 25 33 50 75 99 4950
2 3 18 25 33 50 77 126 34650
2 3 18 25 33 50 90 99 4950
2 3 18 25 33 55 75 90 4950
2 3 18 25 33 55 75 99 4950
2 3 18 25 33 63 75 77 34650
2 3 18 25 34 36 50 68 15300
2 3 18 25 34 36 51 100 15300
2 3 18 25 34 36 68 75 15300
2 3 18 25 34 36 68 100 15300
2 3 18 25 34 36 85 100 15300
2 3 18 25 34 36 100 102 15300
2 3 18 25 34 45 50 51 7650
2 3 18 25 34 45 50 85 7650
2 3 18 25 34 45 50 102 7650
2 3 18 25 34 45 51 75 7650
2 3 18 25 34 45 68 100 15300
2 3 18 25 34 45 75 85 7650
2 3 18 25 34 45 75 102 7650
2 3 18 25 34 50 51 90 7650
2 3 18 25 34 50 63 119 53550
2 3 18 25 34 50 85 90 7650
2 3 18 25 34 51 75 90 7650
2 3 18 25 35 36 42 100 6300
2 3 18 25 35 36 50 84 6300
2 3 18 25 35 36 63 100 6300
2 3 18 25 35 36 70 100 6300
2 3 18 25 35 36 75 84 6300
2 3 18 25 35 36 84 100 6300
2 3 18 25 35 36 100 105 6300
2 3 18 25 35 36 100 126 6300
2 3 18 25 35 42 45 50 3150
2 3 18 25 35 42 45 75 3150
2 3 18 25 35 42 50 63 3150
2 3 18 25 35 42 50 90 3150
2 3 18 25 35 42 50 126 3150
2 3 18 25 35 42 63 75 3150
2 3 18 25 35 42 75 90 3150
2 3 18 25 35 42 75 126 3150
2 3 18 25 35 45 50 63 3150
2 3 18 25 35 45 50 70 3150
2 3 18 25 35 45 50 105 3150
2 3 18 25 35 45 50 126 3150
2 3 18 25 35 45 63 75 3150
2 3 18 25 35 45 70 75 3150
2 3 18 25 35 45 75 105 3150
2 3 18 25 35 45 75 126 3150
2 3 18 25 35 45 84 100 6300
2 3 18 25 35 50 56 72 12600
2 3 18 25 35 50 63 70 3150
2 3 18 25 35 50 63 75 3150
2 3 18 25 35 50 63 90 3150
2 3 18 25 35 50 63 105 3150
2 3 18 25 35 50 63 126 3150
2 3 18 25 35 50 70 90 3150
2 3 18 25 35 50 77 99 34650
2 3 18 25 35 56 72 75 12600
2 3 18 25 35 63 70 75 3150
2 3 18 25 36 37 74 100 33300
2 3 18 25 36 37 100 111 33300
2 3 18 25 36 38 50 76 17100
2 3 18 25 36 38 57 100 17100
2 3 18 25 36 38 75 76 17100
2 3 18 25 36 38 76 100 17100
2 3 18 25 36 38 95 100 17100
2 3 18 25 36 38 100 114 17100
2 3 18 25 36 39 50 52 11700
2 3 18 25 36 39 52 75 11700
2 3 18 25 36 39 52 100 11700
2 3 18 25 36 39 65 100 11700
2 3 18 25 36 39 78 100 11700
2 3 18 25 36 39 100 117 11700
2 3 18 25 36 40 50 72 1800
2 3 18 25 36 40 50 120 1800
2 3 18 25 36 40 72 75 1800
2 3 18 25 36 40 72 100 1800
2 3 18 25 36 40 75 120 1800
2 3 18 25 36 41 82 100 36900
2 3 18 25 36 42 50 84 6300
2 3 18 25 36 42 63 100 6300
2 3 18 25 36 42 70 100 6300
2 3 18 25 36 42 75 84 6300
2 3 18 25 36 42 84 100 6300
2 3 18 25 36 43 86 100 38700
2 3 18 25 36 44 50 55 9900
2 3 18 25 36 44 50 66 9900
2 3 18 25 36 44 50 99 9900
2 3 18 25 36 44 50 110 9900
2 3 18 25 36 44 55 75 9900
2 3 18 25 36 44 55 100 9900
2 3 18 25 36 44 66 75 9900
2 3 18 25 36 44 66 100 9900
2 3 18 25 36 44 75 99 9900
2 3 18 25 36 44 75 110 9900
2 3 18 25 36 45 50 60 900
2 3 18 25 36 45 50 100 900
2 3 18 25 36 45 60 75 900
2 3 18 25 36 45 60 100 900
2 3 18 25 36 45 75 100 900
2 3 18 25 36 46 50 92 20700
2 3 18 25 36 46 69 100 20700
2 3 18 25 36 46 75 92 20700
2 3 18 25 36 48 50 80 3600
2 3 18 25 36 48 75 80 3600
2 3 18 25 36 50 51 68 15300
2 3 18 25 36 50 52 65 11700
2 3 18 25 36 50 52 78 11700
2 3 18 25 36 50 52 117 11700
2 3 18 25 36 50 54 108 2700
2 3 18 25 36 50 57 76 17100
2 3 18 25 36 50 58 116 26100
2 3 18 25 36 50 60 75 900
2 3 18 25 36 50 60 90 900
2 3 18 25 36 50 60 100 900
2 3 18 25 36 50 62 124 27900
2 3 18 25 36 50 63 84 6300
2 3 18 25 36 50 68 85 15300
2 3 18 25 36 50 68 102 15300
2 3 18 25 36 50 69 92 20700
2 3 18 25 36 50 70 84 6300
2 3 18 25 36 50 76 95 17100
2 3 18 25 36 51 68 75 15300
2 3 18 25 36 51 68 100 15300
2 3 18 25 36 52 65 75 11700
2 3 18 25 36 52 65 100 11700
2 3 18 25 36 52 75 78 11700
2 3 18 25 36 57 75 76 17100
2 3 18 25 37 45 50 74 16650
2 3 18 25 37 45 50 111 16650
2 3 18 25 37 45 74 75 16650
2 3 18 25 37 45 75 111 16650
2 3 18 25 37 50 74 90 16650
2 3 18 25 38 45 50 57 8550
2 3 18 25 38 45 50 95 8550
2 3 18 25 38 45 50 114 8550
2 3 18 25 38 45 57 75 8550
2 3 18 25 38 45 75 95 8550
2 3 18 25 38 45 76 100 17100
2 3 18 25 38 50 57 90 8550
2 3 18 25 39 45 50 65 5850
2 3 18 25 39 45 50 78 5850
2 3 18 25 39 45 50 117 5850
2 3 18 25 39 45 52 100 11700
2 3 18 25 39 45 65 75 5850
2 3 18 25 39 45 75 78 5850
2 3 18 25 39 50 63 91 40950
2 3 18 25 39 50 65 90 5850
2 3 18 25 40 45 50 72 1800
2 3 18 25 40 45 50 120 1800
2 3 18 25 40 45 72 75 1800
2 3 18 25 40 50 56 63 12600
2 3 18 25 40 50 60 72 1800
2 3 18 25 40 50 72 75 1800
2 3 18 25 40 56 63 75 12600
2 3 18 25 41 45 50 82 18450
2 3 18 25 41 45 50 123 18450
2 3 18 25 41 45 75 82 18450
2 3 18 25 42 45 50 63 3150
2 3 18 25 42 45 50 70 3150
2 3 18 25 42 45 50 105 3150
2 3 18 25 42 45 50 126 3150
2 3 18 25 42 45 63 75 3150
2 3 18 25 42 45 70 75 3150
2 3 18 25 42 50 56 72 12600
2 3 18 25 42 50 63 70 3150
2 3 18 25 42 50 63 75 3150
2 3 18 25 43 45 50 86 19350
2 3 18 25 44 45 55 100 9900
2 3 18 25 45 46 50 69 10350
2 3 18 25 45 46 50 115 10350
2 3 18 25 45 46 69 75 10350
2 3 18 25 45 47 50 94 21150
2 3 18 25 45 48 50 80 3600
2 3 18 25 45 49 50 98 22050
2 3 18 25 45 50 51 85 7650
2 3 18 25 45 50 51 102 7650
2 3 18 25 45 50 55 66 4950
2 3 18 25 45 50 63 70 3150
2 3 18 26 27 28 91 108 9828
2 3 18 26 27 30 54 65 3510
2 3 18 26 27 36 39 108 1404
2 3 18 26 27 36 52 54 1404
2 3 18 26 27 36 52 108 1404
2 3 18 26 27 36 78 108 1404
2 3 18 26 27 36 108 117 1404
2 3 18 26 27 39 52 108 1404
2 3 18 26 27 39 54 78 702
2 3 18 26 27 39 54 117 702
2 3 18 26 27 42 54 91 4914
2 3 18 26 27 45 54 65 3510
2 3 18 26 27 52 54 108 1404
2 3 18 26 27 52 78 108 1404
2 3 18 26 27 52 108 117 1404
2 3 18 26 27 54 63 91 4914
2 3 18 26 27 54 65 90 3510
2 3 18 26 27 54 72 104 2808
2 3 18 26 27 54 78 117 702
2 3 18 26 27 54 91 126 4914
2 3 18 26 27 60 65 108 7020
2 3 18 26 28 35 36 65 16380
2 3 18 26 28 35 45 52 16380
2 3 18 26 28 35 52 90 16380
2 3 18 26 28 35 60 117 16380
2 3 18 26 28 36 39 42 3276
2 3 18 26 28 36 39 63 3276
2 3 18 26 28 36 39 84 3276
2 3 18 26 28 36 39 91 3276
2 3 18 26 28 36 39 126 3276
2 3 18 26 28 36 42 52 3276
2 3 18 26 28 36 42 78 3276
2 3 18 26 28 36 42 91 3276
2 3 18 26 28 36 42 117 3276
2 3 18 26 28 36 52 63 3276
2 3 18 26 28 36 52 84 3276
2 3 18 26 28 36 52 91 3276
2 3 18 26 28 36 52 126 3276
2 3 18 26 28 36 56 104 6552
2 3 18 26 28 36 63 78 3276
2 3 18 26 28 36 63 91 3276
2 3 18 26 28 36 63 117 3276
2 3 18 26 28 36 65 70 16380
2 3 18 26 28 36 65 105 16380
2 3 18 26 28 36 78 84 3276
2 3 18 26 28 36 78 91 3276
2 3 18 26 28 36 78 126 3276
2 3 18 26 28 36 84 91 3276
2 3 18 26 28 36 84 117 3276
2 3 18 26 28 36 91 117 3276
2 3 18 26 28 36 91 126 3276
2 3 18 26 28 36 117 126 3276
2 3 18 26 28 39 52 63 3276
2 3 18 26 28 39 52 126 3276
2 3 18 26 28 39 56 72 6552
2 3 18 26 28 39 63 84 3276
2 3 18 26 28 39 84 117 3276
2 3 18 26 28 39 84 126 3276
2 3 18 26 28 42 52 63 3276
2 3 18 26 28 42 52 117 3276
2 3 18 26 28 42 52 126 3276
2 3 18 26 28 42 72 104 6552
2 3 18 26 28 42 84 117 3276
2 3 18 26 28 44 77 117 36036
2 3 18 26 28 44 91 99 36036
2 3 18 26 28 45 52 70 16380
2 3 18 26 28 45 52 105 16380
2 3 18 26 28 45 60 91 16380
2 3 18 26 28 45 65 84 16380
2 3 18 26 28 48 112 117 13104
2 3 18 26 28 52 56 72 6552
2 3 18 26 28 52 63 78 3276
2 3 18 26 28 52 63 84 3276
2 3 18 26 28 52 63 91 3276
2 3 18 26 28 52 63 117 3276
2 3 18 26 28 52 63 126 3276
2 3 18 26 28 52 70 90 16380
2 3 18 26 28 52 77 99 36036
2 3 18 26 28 52 78 126 3276
2 3 18 26 28 52 84 117 3276
2 3 18 26 28 52 84 126 3276
2 3 18 26 28 52 90 105 16380
2 3 18 26 28 52 91 117 3276
2 3 18 26 28 52 91 126 3276
2 3 18 26 28 54 91 108 9828
2 3 18 26 28 56 63 104 6552
2 3 18 26 28 56 72 78 6552
2 3 18 26 28 56 72 91 6552
2 3 18 26 28 56 72 104 6552
2 3 18 26 28 56 72 117 6552
2 3 18 26 28 60 63 65 16380
2 3 18 26 28 60 65 126 16380
2 3 18 26 28 60 70 117 16380
2 3 18 26 28 60 90 91 16380
2 3 18 26 28 63 72 104 6552
2 3 18 26 28 63 78 84 3276
2 3 18 26 28 63 84 91 3276
2 3 18 26 28 65 84 90 16380
2 3 18 26 29 36 39 116 13572
2 3 18 26 29 36 52 58 13572
2 3 18 26 29 36 52 87 13572
2 3 18 26 29 36 52 116 13572
2 3 18 26 29 36 78 116 13572
2 3 18 26 29 36 116 117 13572
2 3 18 26 29 39 58 117 6786
2 3 18 26 29 39 87 117 6786
2 3 18 26 29 45 58 65 33930
2 3 18 26 29 45 65 87 33930
2 3 18 26 29 58 63 91 47502
2 3 18 26 29 58 65 90 33930
2 3 18 26 29 58 72 104 27144
2 3 18 26 29 58 78 117 6786
2 3 18 26 29 63 87 91 47502
2 3 18 26 30 33 55 117 12870
2 3 18 26 30 33 65 99 12870
2 3 18 26 30 33 110 117 12870
2 3 18 26 30 34 85 117 19890
2 3 18 26 30 35 39 63 8190
2 3 18 26 30 35 39 126 8190
2 3 18 26 30 35 42 117 8190
2 3 18 26 30 35 45 91 8190
2 3 18 26 30 35 63 65 8190
2 3 18 26 30 35 63 78 8190
2 3 18 26 30 35 63 91 8190
2 3 18 26 30 35 63 117 8190
2 3 18 26 30 35 65 126 8190
2 3 18 26 30 35 70 117 8190
2 3 18 26 30 35 78 126 8190
2 3 18 26 30 35 90 91 8190
2 3 18 26 30 35 91 117 8190
2 3 18 26 30 35 91 126 8190
2 3 18 26 30 35 105 117 8190
2 3 18 26 30 35 117 126 8190
2 3 18 26 30 36 39 60 2340
2 3 18 26 30 36 40 104 4680
2 3 18 26 30 36 45 52 2340
2 3 18 26 30 36 52 60 2340
2 3 18 26 30 36 52 65 2340
2 3 18 26 30 36 52 90 2340
2 3 18 26 30 36 60 65 2340
2 3 18 26 30 36 60 78 2340
2 3 18 26 30 36 60 117 2340
2 3 18 26 30 36 104 120 4680
2 3 18 26 30 38 95 117 22230
2 3 18 26 30 39 40 72 4680
2 3 18 26 30 39 45 65 1170
2 3 18 26 30 39 45 78 1170
2 3 18 26 30 39 45 90 1170
2 3 18 26 30 39 45 117 1170
2 3 18 26 30 39 55 99 12870
2 3 18 26 30 39 63 70 8190
2 3 18 26 30 39 63 105 8190
2 3 18 26 30 39 65 90 1170
2 3 18 26 30 39 65 117 1170
2 3 18 26 30 39 70 126 8190
2 3 18 26 30 39 72 120 4680
2 3 18 26 30 39 78 90 1170
2 3 18 26 30 39 90 117 1170
2 3 18 26 30 39 99 110 12870
2 3 18 26 30 39 105 126 8190
2 3 18 26 30 40 45 104 4680
2 3 18 26 30 40 52 72 4680
2 3 18 26 30 40 65 72 4680
2 3 18 26 30 40 72 78 4680
2 3 18 26 30 40 72 104 4680
2 3 18 26 30 40 72 117 4680
2 3 18 26 30 40 90 104 4680
2 3 18 26 30 40 104 117 4680
2 3 18 26 30 40 117 120 4680
2 3 18 26 30 42 45 91 8190
2 3 18 26 30 42 63 65 8190
2 3 18 26 30 42 65 126 8190
2 3 18 26 30 42 70 117 8190
2 3 18 26 30 42 90 91 8190
2 3 18 26 30 42 105 117 8190
2 3 18 26 30 45 52 60 2340
2 3 18 26 30 45 63 91 8190
2 3 18 26 30 45 65 78 1170
2 3 18 26 30 45 65 90 1170
2 3 18 26 30 45 65 117 1170
2 3 18 26 30 45 70 91 8190
2 3 18 26 30 45 72 104 4680
2 3 18 26 30 45 78 90 1170
2 3 18 26 30 45 78 117 1170
2 3 18 26 30 45 90 117 1170
2 3 18 26 30 45 91 105 8190
2 3 18 26 30 45 91 126 8190
2 3 18 26 30 45 104 120 4680
2 3 18 26 30 48 80 117 9360
2 3 18 26 30 50 75 117 5850
2 3 18 26 30 51 85 117 19890
2 3 18 26 30 52 60 90 2340
2 3 18 26 30 52 60 117 2340
2 3 18 26 30 52 72 120 4680
2 3 18 26 30 55 65 99 12870
2 3 18 26 30 55 66 117 12870
2 3 18 26 30 55 78 99 12870
2 3 18 26 30 60 72 104 4680
2 3 18 26 30 63 65 70 8190
2 3 18 26 30 63 65 91 8190
2 3 18 26 30 63 65 105 8190
2 3 18 26 30 63 70 78 8190
2 3 18 26 30 63 70 91 8190
2 3 18 26 30 65 66 99 12870
2 3 18 26 31 36 39 124 14508
2 3 18 26 31 36 52 62 14508
2 3 18 26 31 36 52 93 14508
2 3 18 26 31 36 52 124 14508
2 3 18 26 31 36 78 124 14508
2 3 18 26 31 36 117 124 14508
2 3 18 26 31 39 62 117 7254
2 3 18 26 31 39 93 117 7254
2 3 18 26 31 45 62 65 36270
2 3 18 26 31 45 65 93 36270
2 3 18 26 31 62 63 91 50778
2 3 18 26 31 62 65 90 36270
2 3 18 26 32 36 39 96 3744
2 3 18 26 32 36 52 96 3744
2 3 18 26 32 36 78 96 3744
2 3 18 26 32 36 96 104 3744
2 3 18 26 32 36 96 117 3744
2 3 18 26 32 39 72 96 3744
2 3 18 26 32 39 96 117 3744
2 3 18 26 32 45 65 96 18720
2 3 18 26 32 52 72 96 3744
2 3 18 26 33 36 39 44 5148
2 3 18 26 33 36 44 52 5148
2 3 18 26 33 36 44 78 5148
2 3 18 26 33 36 44 117 5148
2 3 18 26 33 36 52 66 5148
2 3 18 26 33 36 52 99 5148
2 3 18 26 33 36 88 104 10296
2 3 18 26 33 39 45 55 12870
2 3 18 26 33 39 45 110 12870
2 3 18 26 33 39 55 90 12870
2 3 18 26 33 39 63 77 18018
2 3 18 26 33 39 66 99 2574
2 3 18 26 33 39 66 117 2574
2 3 18 26 33 39 72 88 10296
2 3 18 26 33 39 77 126 18018
2 3 18 26 33 39 78 99 2574
2 3 18 26 33 39 90 110 12870
2 3 18 26 33 39 99 117 2574
2 3 18 26 33 42 77 117 18018
2 3 18 26 33 42 91 99 18018
2 3 18 26 33 44 52 99 5148
2 3 18 26 33 44 52 117 5148
2 3 18 26 33 44 72 104 10296
2 3 18 26 33 45 55 65 12870
2 3 18 26 33 45 55 78 12870
2 3 18 26 33 45 55 117 12870
2 3 18 26 33 45 65 66 12870
2 3 18 26 33 45 65 99 12870
2 3 18 26 33 45 65 110 12870
2 3 18 26 33 45 78 110 12870
2 3 18 26 33 52 72 88 10296
2 3 18 26 33 55 65 90 12870
2 3 18 26 33 55 65 99 12870
2 3 18 26 34 36 39 68 7956
2 3 18 26 34 36 51 52 7956
2 3 18 26 34 36 52 68 7956
2 3 18 26 34 36 52 102 7956
2 3 18 26 34 36 68 78 7956
2 3 18 26 34 36 68 117 7956
2 3 18 26 34 39 45 85 19890
2 3 18 26 34 39 51 117 3978
2 3 18 26 34 39 63 119 27846
2 3 18 26 34 39 85 90 19890
2 3 18 26 34 39 102 117 3978
2 3 18 26 34 45 51 65 19890
2 3 18 26 34 45 65 85 19890
2 3 18 26 34 45 65 102 19890
2 3 18 26 34 45 78 85 19890
2 3 18 26 34 51 63 91 27846
2 3 18 26 34 51 65 90 19890
2 3 18 26 35 36 52 70 16380
2 3 18 26 35 36 52 105 16380
2 3 18 26 35 36 60 91 16380
2 3 18 26 35 36 65 84 16380
2 3 18 26 35 39 42 45 8190
2 3 18 26 35 39 42 90 8190
2 3 18 26 35 39 45 63 8190
2 3 18 26 35 39 45 70 8190
2 3 18 26 35 39 45 91 8190
2 3 18 26 35 39 45 105 8190
2 3 18 26 35 39 45 126 8190
2 3 18 26 35 39 63 65 8190
2 3 18 26 35 39 63 70 8190
2 3 18 26 35 39 63 90 8190
2 3 18 26 35 39 63 105 8190
2 3 18 26 35 39 65 126 8190
2 3 18 26 35 39 70 90 8190
2 3 18 26 35 39 70 117 8190
2 3 18 26 35 39 70 126 8190
2 3 18 26 35 39 90 91 8190
2 3 18 26 35 39 90 105 8190
2 3 18 26 35 39 90 126 8190
2 3 18 26 35 40 56 117 32760
2 3 18 26 35 40 63 104 32760
2 3 18 26 35 40 72 91 32760
2 3 18 26 35 42 45 65 8190
2 3 18 26 35 42 45 78 8190
2 3 18 26 35 42 45 91 8190
2 3 18 26 35 42 45 117 8190
2 3 18 26 35 42 63 65 8190
2 3 18 26 35 42 65 90 8190
2 3 18 26 35 42 65 117 8190
2 3 18 26 35 42 65 126 8190
2 3 18 26 35 42 70 117 8190
2 3 18 26 35 42 78 90 8190
2 3 18 26 35 42 90 91 8190
2 3 18 26 35 45 52 84 16380
2 3 18 26 35 45 56 104 32760
2 3 18 26 35 45 63 65 8190
2 3 18 26 35 45 63 78 8190
2 3 18 26 35 45 63 91 8190
2 3 18 26 35 45 63 117 8190
2 3 18 26 35 45 65 70 8190
2 3 18 26 35 45 65 91 8190
2 3 18 26 35 45 65 105 8190
2 3 18 26 35 45 65 126 8190
2 3 18 26 35 45 70 78 8190
2 3 18 26 35 45 70 91 8190
2 3 18 26 35 45 70 117 8190
2 3 18 26 35 45 78 91 8190
2 3 18 26 35 45 78 105 8190
2 3 18 26 35 45 90 91 8190
2 3 18 26 35 52 60 63 16380
2 3 18 26 35 56 65 72 32760
2 3 18 26 35 63 65 70 8190
2 3 18 26 36 37 52 74 17316
2 3 18 26 36 37 52 111 17316
2 3 18 26 36 38 39 76 8892
2 3 18 26 36 38 52 57 8892
2 3 18 26 36 38 52 76 8892
2 3 18 26 36 38 52 114 8892
2 3 18 26 36 38 76 78 8892
2 3 18 26 36 38 76 117 8892
2 3 18 26 36 39 40 120 4680
2 3 18 26 36 39 42 84 3276
2 3 18 26 36 39 44 66 5148
2 3 18 26 36 39 44 99 5148
2 3 18 26 36 39 45 60 2340
2 3 18 26 36 39 46 92 10764
2 3 18 26 36 39 50 100 11700
2 3 18 26 36 39 51 68 7956
2 3 18 26 36 39 52 78 468
2 3 18 26 36 39 52 117 468
2 3 18 26 36 39 54 108 1404
2 3 18 26 36 39 57 76 8892
2 3 18 26 36 39 58 116 13572
2 3 18 26 36 39 60 65 2340
2 3 18 26 36 39 60 90 2340
2 3 18 26 36 39 62 124 14508
2 3 18 26 36 39 63 84 3276
2 3 18 26 36 39 68 102 7956
2 3 18 26 36 39 69 92 10764
2 3 18 26 36 39 72 104 936
2 3 18 26 36 39 75 100 11700
2 3 18 26 36 39 76 114 8892
2 3 18 26 36 39 84 91 3276
2 3 18 26 36 39 84 126 3276
2 3 18 26 36 39 87 116 13572
2 3 18 26 36 40 45 104 4680
2 3 18 26 36 40 52 120 4680
2 3 18 26 36 40 60 104 4680
2 3 18 26 36 40 65 72 4680
2 3 18 26 36 40 65 104 4680
2 3 18 26 36 40 65 120 4680
2 3 18 26 36 40 78 120 4680
2 3 18 26 36 40 90 104 4680
2 3 18 26 36 41 52 82 19188
2 3 18 26 36 41 52 123 19188
2 3 18 26 36 42 52 63 3276
2 3 18 26 36 42 52 84 3276
2 3 18 26 36 42 52 91 3276
2 3 18 26 36 42 52 126 3276
2 3 18 26 36 42 56 104 6552
2 3 18 26 36 42 78 84 3276
2 3 18 26 36 42 84 91 3276
2 3 18 26 36 43 52 86 20124
2 3 18 26 36 44 52 66 5148
2 3 18 26 36 44 52 99 5148
2 3 18 26 36 44 55 65 25740
2 3 18 26 36 44 65 110 25740
2 3 18 26 36 44 66 78 5148
2 3 18 26 36 44 66 117 5148
2 3 18 26 36 44 77 91 36036
2 3 18 26 36 44 78 99 5148
2 3 18 26 36 45 52 60 2340
2 3 18 26 36 45 52 65 2340
2 3 18 26 36 45 52 90 2340
2 3 18 26 36 45 60 65 2340
2 3 18 26 36 45 60 78 2340
2 3 18 26 36 45 60 117 2340
2 3 18 26 36 46 52 69 10764
2 3 18 26 36 46 52 92 10764
2 3 18 26 36 46 78 92 10764
2 3 18 26 36 47 52 94 21996
2 3 18 26 36 48 65 80 9360
2 3 18 26 36 49 52 98 22932
2 3 18 26 36 50 52 75 11700
2 3 18 26 36 50 52 100 11700
2 3 18 26 36 50 65 100 11700
2 3 18 26 36 51 52 68 7956
2 3 18 26 36 51 52 102 7956
2 3 18 26 36 51 68 78 7956
2 3 18 26 36 52 53 106 24804
2 3 18 26 36 52 54 108 1404
2 3 18 26 36 52 55 110 25740
2 3 18 26 36 52 57 76 8892
2 3 18 26 36 52 57 114 8892
2 3 18 26 36 52 58 87 13572
2 3 18 26 36 52 58 116 13572
2 3 18 26 36 52 60 65 2340
2 3 18 26 36 52 60 90 2340
2 3 18 26 36 52 62 93 14508
2 3 18 26 36 52 63 84 3276
2 3 18 26 36 52 63 91 3276
2 3 18 26 36 52 65 90 2340
2 3 18 26 37 39 74 117 8658
2 3 18 26 37 45 65 74 43290
2 3 18 26 37 45 65 111 43290
2 3 18 26 38 39 45 95 22230
2 3 18 26 38 39 57 117 4446
2 3 18 26 38 39 90 95 22230
2 3 18 26 38 45 57 65 22230
2 3 18 26 38 45 65 95 22230
2 3 18 26 38 45 65 114 22230
2 3 18 26 39 40 45 72 4680
2 3 18 26 39 40 45 104 4680
2 3 18 26 39 40 45 120 4680
2 3 18 26 39 40 60 72 4680
2 3 18 26 39 40 65 72 4680
2 3 18 26 39 40 72 90 4680
2 3 18 26 39 40 72 120 4680
2 3 18 26 39 42 45 70 8190
2 3 18 26 39 42 45 105 8190
2 3 18 26 39 42 56 72 6552
2 3 18 26 39 42 63 78 1638
2 3 18 26 39 42 63 91 1638
2 3 18 26 39 42 63 117 1638
2 3 18 26 39 42 63 126 1638
2 3 18 26 39 42 70 90 8190
2 3 18 26 39 44 52 99 5148
2 3 18 26 39 44 72 88 10296
2 3 18 26 39 45 46 115 26910
2 3 18 26 39 45 48 80 9360
2 3 18 26 39 45 50 75 5850
2 3 18 26 39 45 51 85 19890
2 3 18 26 39 45 52 60 2340
2 3 18 26 39 45 55 66 12870
2 3 18 26 39 45 55 99 12870
2 3 18 26 39 45 55 110 12870
2 3 18 26 39 45 57 95 22230
2 3 18 26 39 45 63 70 8190
2 3 18 26 39 45 63 105 8190
2 3 18 26 39 45 65 78 1170
2 3 18 26 39 45 65 90 1170
2 3 18 26 39 45 70 91 8190
2 3 18 26 39 56 63 72 6552
2 3 18 26 40 45 52 72 4680
2 3 18 26 40 45 52 104 4680
2 3 18 26 40 45 52 120 4680
2 3 18 26 40 45 56 91 32760
2 3 18 26 40 45 60 104 4680
2 3 18 26 40 45 65 72 4680
2 3 18 26 40 45 72 78 4680
2 3 18 26 40 52 60 72 4680
2 3 18 26 40 52 65 72 4680
2 3 18 26 40 56 63 65 32760
2 3 18 26 41 45 65 82 47970
2 3 18 26 42 45 63 65 8190
2 3 18 26 42 45 65 70 8190
2 3 18 26 42 45 70 78 8190
2 3 18 26 42 52 56 72 6552
2 3 18 26 44 45 52 55 25740
2 3 18 26 44 45 52 110 25740
2 3 18 26 45 46 65 69 26910
2 3 18 26 45 48 52 80 9360
2 3 18 26 45 52 60 65 2340
2 3 18 27 28 30 35 108 3780
2 3 18 27 28 30 70 108 3780
2 3 18 27 28 30 105 108 3780
2 3 18 27 28 33 77 108 8316
2 3 18 27 28 34 108 119 12852
2 3 18 27 28 35 45 108 3780
2 3 18 27 28 35 54 60 3780
2 3 18 27 28 35 60 108 3780
2 3 18 27 28 35 70 108 3780
2 3 18 27 28 35 90 108 3780
2 3 18 27 28 35 105 108 3780
2 3 18 27 28 36 42 54 756
2 3 18 27 28 36 42 108 756
2 3 18 27 28 36 54 63 756
2 3 18 27 28 36 54 84 756
2 3 18 27 28 36 54 126 756
2 3 18 27 28 36 63 108 756
2 3 18 27 28 36 84 108 756
2 3 18 27 28 36 108 126 756
2 3 18 27 28 39 91 108 9828
2 3 18 27 28 42 54 84 756
2 3 18 27 28 42 54 108 756
2 3 18 27 28 42 63 108 756
2 3 18 27 28 42 84 108 756
2 3 18 27 28 42 108 126 756
2 3 18 27 28 44 54 77 8316
2 3 18 27 28 44 77 108 8316
2 3 18 27 28 45 70 108 3780
2 3 18 27 28 45 105 108 3780
2 3 18 27 28 48 54 112 3024
2 3 18 27 28 48 108 112 3024
2 3 18 27 28 49 98 108 5292
2 3 18 27 28 52 54 91 9828
2 3 18 27 28 52 91 108 9828
2 3 18 27 28 54 56 72 1512
2 3 18 27 28 54 60 70 3780
2 3 18 27 28 54 60 105 3780
2 3 18 27 28 54 63 84 756
2 3 18 27 28 54 63 108 756
2 3 18 27 28 54 68 119 12852
2 3 18 27 28 54 84 108 756
2 3 18 27 28 56 72 108 1512
2 3 18 27 28 60 70 108 3780
2 3 18 27 29 36 54 116 3132
2 3 18 27 29 36 58 108 3132
2 3 18 27 29 36 87 108 3132
2 3 18 27 29 36 108 116 3132
2 3 18 27 29 54 58 87 1566
2 3 18 27 30 33 54 55 2970
2 3 18 27 30 33 54 110 2970
2 3 18 27 30 34 54 85 4590
2 3 18 27 30 35 42 54 1890
2 3 18 27 30 35 54 63 1890
2 3 18 27 30 35 54 70 1890
2 3 18 27 30 35 54 105 1890
2 3 18 27 30 35 54 126 1890
2 3 18 27 30 35 84 108 3780
2 3 18 27 30 36 45 108 540
2 3 18 27 30 36 54 60 540
2 3 18 27 30 36 60 108 540
2 3 18 27 30 36 90 108 540
2 3 18 27 30 38 54 95 5130
2 3 18 27 30 39 54 65 3510
2 3 18 27 30 40 54 72 1080
2 3 18 27 30 40 54 120 1080
2 3 18 27 30 40 72 108 1080
2 3 18 27 30 40 108 120 1080
2 3 18 27 30 42 54 70 1890
2 3 18 27 30 42 54 105 1890
2 3 18 27 30 44 55 108 5940
2 3 18 27 30 44 108 110 5940
2 3 18 27 30 45 54 90 270
2 3 18 27 30 45 60 108 540
2 3 18 27 30 46 54 115 6210
2 3 18 27 30 48 54 80 2160
2 3 18 27 30 48 80 108 2160
2 3 18 27 30 50 54 75 1350
2 3 18 27 30 51 54 85 4590
2 3 18 27 30 52 65 108 7020
2 3 18 27 30 54 55 66 2970
2 3 18 27 30 54 55 99 2970
2 3 18 27 30 54 55 110 2970
2 3 18 27 30 54 57 95 5130
2 3 18 27 30 54 60 108 540
2 3 18 27 30 54 63 70 1890
2 3 18 27 30 54 63 105 1890
2 3 18 27 30 54 65 78 3510
2 3 18 27 30 54 65 117 3510
2 3 18 27 30 54 66 110 2970
2 3 18 27 30 54 69 115 6210
2 3 18 27 30 54 70 105 1890
2 3 18 27 31 36 54 124 3348
2 3 18 27 31 36 62 108 3348
2 3 18 27 31 36 93 108 3348
2 3 18 27 31 36 108 124 3348
2 3 18 27 31 54 62 93 1674
2 3 18 27 32 36 54 96 864
2 3 18 27 32 36 96 108 864
2 3 18 27 32 48 54 96 864
2 3 18 27 33 36 44 54 1188
2 3 18 27 33 36 44 108 1188
2 3 18 27 33 36 66 108 1188
2 3 18 27 33 36 99 108 1188
2 3 18 27 33 42 54 77 4158
2 3 18 27 33 44 54 108 1188
2 3 18 27 33 44 66 108 1188
2 3 18 27 33 45 54 55 2970
2 3 18 27 33 45 54 110 2970
2 3 18 27 33 54 55 90 2970
2 3 18 27 33 54 55 110 2970
2 3 18 27 33 54 63 77 4158
2 3 18 27 33 55 60 108 5940
2 3 18 27 34 36 51 108 1836
2 3 18 27 34 36 54 68 1836
2 3 18 27 34 36 68 108 1836
2 3 18 27 34 36 102 108 1836
2 3 18 27 34 42 54 119 6426
2 3 18 27 34 45 54 85 4590
2 3 18 27 34 51 54 102 918
2 3 18 27 35 36 70 108 3780
2 3 18 27 35 36 105 108 3780
2 3 18 27 35 40 54 56 7560
2 3 18 27 35 40 56 108 7560
2 3 18 27 35 42 45 54 1890
2 3 18 27 35 42 54 70 1890
2 3 18 27 35 42 54 90 1890
2 3 18 27 35 42 54 105 1890
2 3 18 27 35 42 60 108 3780
2 3 18 27 35 45 54 63 1890
2 3 18 27 35 45 54 70 1890
2 3 18 27 35 45 54 105 1890
2 3 18 27 35 45 54 126 1890
2 3 18 27 35 54 55 77 20790
2 3 18 27 35 54 60 84 3780
2 3 18 27 35 54 63 70 1890
2 3 18 27 36 37 74 108 3996
2 3 18 27 36 38 54 76 2052
2 3 18 27 36 38 57 108 2052
2 3 18 27 36 38 76 108 2052
2 3 18 27 36 39 52 54 1404
2 3 18 27 36 39 52 108 1404
2 3 18 27 36 39 78 108 1404
2 3 18 27 36 40 54 120 1080
2 3 18 27 36 42 54 84 756
2 3 18 27 36 42 63 108 756
2 3 18 27 36 44 54 66 1188
2 3 18 27 36 44 54 99 1188
2 3 18 27 36 44 66 108 1188
2 3 18 27 36 45 54 60 540
2 3 18 27 36 45 60 108 540
2 3 18 27 36 46 54 92 2484
2 3 18 27 36 50 54 100 2700
2 3 18 27 36 51 54 68 1836
2 3 18 27 36 52 54 78 1404
2 3 18 27 36 54 57 76 2052
2 3 18 27 38 45 54 95 5130
2 3 18 27 39 42 54 91 4914
2 3 18 27 39 45 54 65 3510
2 3 18 27 40 45 54 72 1080
2 3 18 27 40 48 54 80 2160
2 3 18 27 40 54 56 70 7560
2 3 18 27 42 45 54 70 1890
2 3 18 27 44 54 55 60 5940
2 3 18 28 29 35 45 116 36540
2 3 18 28 29 35 90 116 36540
2 3 18 28 29 36 42 58 7308
2 3 18 28 29 36 42 87 7308
2 3 18 28 29 36 42 116 7308
2 3 18 28 29 36 58 63 7308
2 3 18 28 29 36 58 84 7308
2 3 18 28 29 36 58 126 7308
2 3 18 28 29 36 63 87 7308
2 3 18 28 29 36 63 116 7308
2 3 18 28 29 36 84 87 7308
2 3 18 28 29 36 84 116 7308
2 3 18 28 29 36 87 126 7308
2 3 18 28 29 36 116 126 7308
2 3 18 28 29 42 63 116 7308
2 3 18 28 29 45 70 116 36540
2 3 18 28 29 56 58 72 14616
2 3 18 28 29 56 72 87 14616
2 3 18 28 29 58 63 84 7308
2 3 18 28 29 58 63 116 7308
2 3 18 28 30 35 36 42 1260
2 3 18 28 30 35 36 45 1260
2 3 18 28 30 35 36 60 1260
2 3 18 28 30 35 36 63 1260
2 3 18 28 30 35 36 70 1260
2 3 18 28 30 35 36 84 1260
2 3 18 28 30 35 36 90 1260
2 3 18 28 30 35 36 105 1260
2 3 18 28 30 35 36 126 1260
2 3 18 28 30 35 40 72 2520
2 3 18 28 30 35 44 99 13860
2 3 18 28 30 35 45 60 1260
2 3 18 28 30 35 45 84 1260
2 3 18 28 30 35 52 117 16380
2 3 18 28 30 35 54 108 3780
2 3 18 28 30 35 56 72 2520
2 3 18 28 30 35 60 63 1260
2 3 18 28 30 35 60 90 1260
2 3 18 28 30 35 60 126 1260
2 3 18 28 30 35 63 84 1260
2 3 18 28 30 35 72 120 2520
2 3 18 28 30 35 84 90 1260
2 3 18 28 30 35 84 126 1260
2 3 18 28 30 36 40 56 2520
2 3 18 28 30 36 42 45 1260
2 3 18 28 30 36 42 60 1260
2 3 18 28 30 36 42 70 1260
2 3 18 28 30 36 42 90 1260
2 3 18 28 30 36 42 105 1260
2 3 18 28 30 36 45 63 1260
2 3 18 28 30 36 45 70 1260
2 3 18 28 30 36 45 84 1260
2 3 18 28 30 36 45 105 1260
2 3 18 28 30 36 45 126 1260
2 3 18 28 30 36 55 77 13860
2 3 18 28 30 36 56 120 2520
2 3 18 28 30 36 60 63 1260
2 3 18 28 30 36 60 70 1260
2 3 18 28 30 36 60 84 1260
2 3 18 28 30 36 60 105 1260
2 3 18 28 30 36 60 126 1260
2 3 18 28 30 36 63 70 1260
2 3 18 28 30 36 63 90 1260
2 3 18 28 30 36 63 105 1260
2 3 18 28 30 36 65 91 16380
2 3 18 28 30 36 70 84 1260
2 3 18 28 30 36 70 90 1260
2 3 18 28 30 36 70 105 1260
2 3 18 28 30 36 70 126 1260
2 3 18 28 30 36 77 110 13860
2 3 18 28 30 36 80 112 5040
2 3 18 28 30 36 84 90 1260
2 3 18 28 30 36 84 105 1260
2 3 18 28 30 36 85 119 21420
2 3 18 28 30 36 90 105 1260
2 3 18 28 30 36 90 126 1260
2 3 18 28 30 36 105 126 1260
2 3 18 28 30 40 42 72 2520
2 3 18 28 30 40 45 56 2520
2 3 18 28 30 40 56 63 2520
2 3 18 28 30 40 56 72 2520
2 3 18 28 30 40 56 90 2520
2 3 18 28 30 40 56 126 2520
2 3 18 28 30 40 63 72 2520
2 3 18 28 30 40 63 120 2520
2 3 18 28 30 40 70 72 2520
2 3 18 28 30 40 72 84 2520
2 3 18 28 30 40 72 105 2520
2 3 18 28 30 40 72 126 2520
2 3 18 28 30 42 45 60 1260
2 3 18 28 30 42 45 84 1260
2 3 18 28 30 42 60 63 1260
2 3 18 28 30 42 60 90 1260
2 3 18 28 30 42 60 126 1260
2 3 18 28 30 42 72 120 2520
2 3 18 28 30 42 84 90 1260
2 3 18 28 30 44 45 77 13860
2 3 18 28 30 44 55 63 13860
2 3 18 28 30 44 55 126 13860
2 3 18 28 30 44 63 110 13860
2 3 18 28 30 44 70 99 13860
2 3 18 28 30 44 77 90 13860
2 3 18 28 30 44 99 105 13860
2 3 18 28 30 45 48 112 5040
2 3 18 28 30 45 52 91 16380
2 3 18 28 30 45 56 72 2520
2 3 18 28 30 45 56 120 2520
2 3 18 28 30 45 60 63 1260
2 3 18 28 30 45 60 70 1260
2 3 18 28 30 45 60 84 1260
2 3 18 28 30 45 60 105 1260
2 3 18 28 30 45 60 126 1260
2 3 18 28 30 45 63 84 1260
2 3 18 28 30 45 68 119 21420
2 3 18 28 30 45 70 84 1260
2 3 18 28 30 45 80 112 5040
2 3 18 28 30 45 84 90 1260
2 3 18 28 30 45 84 105 1260
2 3 18 28 30 48 63 80 5040
2 3 18 28 30 50 63 100 6300
2 3 18 28 30 52 63 65 16380
2 3 18 28 30 52 65 126 16380
2 3 18 28 30 56 60 72 2520
2 3 18 28 30 56 70 72 2520
2 3 18 28 30 56 72 90 2520
2 3 18 28 30 60 63 70 1260
2 3 18 28 30 60 63 84 1260
2 3 18 28 30 60 63 90 1260
2 3 18 28 30 63 68 85 21420
2 3 18 28 31 35 45 124 39060
2 3 18 28 31 35 90 124 39060
2 3 18 28 31 36 42 62 7812
2 3 18 28 31 36 42 93 7812
2 3 18 28 31 36 42 124 7812
2 3 18 28 31 36 62 63 7812
2 3 18 28 31 36 62 84 7812
2 3 18 28 31 36 62 126 7812
2 3 18 28 31 36 63 93 7812
2 3 18 28 31 36 63 124 7812
2 3 18 28 31 36 84 93 7812
2 3 18 28 31 36 84 124 7812
2 3 18 28 31 36 93 126 7812
2 3 18 28 31 36 124 126 7812
2 3 18 28 31 42 63 124 7812
2 3 18 28 31 45 70 124 39060
2 3 18 28 31 56 62 72 15624
2 3 18 28 31 62 63 84 7812
2 3 18 28 32 35 45 96 10080
2 3 18 28 32 35 90 96 10080
2 3 18 28 32 36 42 96 2016
2 3 18 28 32 36 56 96 2016
2 3 18 28 32 36 63 96 2016
2 3 18 28 32 36 84 96 2016
2 3 18 28 32 36 96 112 2016
2 3 18 28 32 36 96 126 2016
2 3 18 28 32 42 63 96 2016
2 3 18 28 32 42 72 96 2016
2 3 18 28 32 45 70 96 10080
2 3 18 28 32 48 63 96 2016
2 3 18 28 33 35 36 55 13860
2 3 18 28 33 35 36 110 13860
2 3 18 28 33 35 44 45 13860
2 3 18 28 33 35 44 90 13860
2 3 18 28 33 35 60 99 13860
2 3 18 28 33 36 42 44 2772
2 3 18 28 33 36 42 66 2772
2 3 18 28 33 36 42 77 2772
2 3 18 28 33 36 42 99 2772
2 3 18 28 33 36 44 63 2772
2 3 18 28 33 36 44 77 2772
2 3 18 28 33 36 44 84 2772
2 3 18 28 33 36 44 126 2772
2 3 18 28 33 36 55 70 13860
2 3 18 28 33 36 55 105 13860
2 3 18 28 33 36 56 88 5544
2 3 18 28 33 36 63 66 2772
2 3 18 28 33 36 63 77 2772
2 3 18 28 33 36 63 99 2772
2 3 18 28 33 36 66 77 2772
2 3 18 28 33 36 66 84 2772
2 3 18 28 33 36 66 126 2772
2 3 18 28 33 36 70 110 13860
2 3 18 28 33 36 77 84 2772
2 3 18 28 33 36 77 99 2772
2 3 18 28 33 36 77 126 2772
2 3 18 28 33 36 84 99 2772
2 3 18 28 33 36 99 126 2772
2 3 18 28 33 36 105 110 13860
2 3 18 28 33 42 44 63 2772
2 3 18 28 33 42 44 99 2772
2 3 18 28 33 42 44 126 2772
2 3 18 28 33 42 72 88 5544
2 3 18 28 33 42 84 99 2772
2 3 18 28 33 44 45 70 13860
2 3 18 28 33 44 45 105 13860
2 3 18 28 33 44 56 72 5544
2 3 18 28 33 44 63 66 2772
2 3 18 28 33 44 63 77 2772
2 3 18 28 33 44 63 84 2772
2 3 18 28 33 44 63 99 2772
2 3 18 28 33 44 63 126 2772
2 3 18 28 33 44 66 126 2772
2 3 18 28 33 44 70 90 13860
2 3 18 28 33 44 77 99 2772
2 3 18 28 33 45 55 84 13860
2 3 18 28 33 45 60 77 13860
2 3 18 28 33 55 60 63 13860
2 3 18 28 33 56 66 72 5544
2 3 18 28 34 35 36 85 21420
2 3 18 28 34 35 45 68 21420
2 3 18 28 34 35 68 90 21420
2 3 18 28 34 36 42 51 4284
2 3 18 28 34 36 42 68 4284
2 3 18 28 34 36 42 102 4284
2 3 18 28 34 36 42 119 4284
2 3 18 28 34 36 51 63 4284
2 3 18 28 34 36 51 84 4284
2 3 18 28 34 36 51 119 4284
2 3 18 28 34 36 51 126 4284
2 3 18 28 34 36 63 68 4284
2 3 18 28 34 36 63 102 4284
2 3 18 28 34 36 63 119 4284
2 3 18 28 34 36 68 84 4284
2 3 18 28 34 36 68 119 4284
2 3 18 28 34 36 68 126 4284
2 3 18 28 34 36 70 85 21420
2 3 18 28 34 36 84 102 4284
2 3 18 28 34 36 84 119 4284
2 3 18 28 34 36 85 105 21420
2 3 18 28 34 42 63 68 4284
2 3 18 28 34 42 68 126 4284
2 3 18 28 34 45 60 119 21420
2 3 18 28 34 45 68 70 21420
2 3 18 28 34 45 68 105 21420
2 3 18 28 34 51 56 72 8568
2 3 18 28 34 51 63 68 4284
2 3 18 28 34 51 63 84 4284
2 3 18 28 34 56 68 72 8568
2 3 18 28 35 36 38 95 23940
2 3 18 28 35 36 39 65 16380
2 3 18 28 35 36 40 56 2520
2 3 18 28 35 36 40 72 2520
2 3 18 28 35 36 40 120 2520
2 3 18 28 35 36 42 45 1260
2 3 18 28 35 36 42 60 1260
2 3 18 28 35 36 42 70 1260
2 3 18 28 35 36 42 90 1260
2 3 18 28 35 36 42 105 1260
2 3 18 28 35 36 44 55 13860
2 3 18 28 35 36 44 110 13860
2 3 18 28 35 36 45 60 1260
2 3 18 28 35 36 45 63 1260
2 3 18 28 35 36 45 70 1260
2 3 18 28 35 36 45 84 1260
2 3 18 28 35 36 45 90 1260
2 3 18 28 35 36 45 105 1260
2 3 18 28 35 36 45 126 1260
2 3 18 28 35 36 46 115 28980
2 3 18 28 35 36 48 80 5040
2 3 18 28 35 36 50 75 6300
2 3 18 28 35 36 50 100 6300
2 3 18 28 35 36 51 85 21420
2 3 18 28 35 36 52 65 16380
2 3 18 28 35 36 55 66 13860
2 3 18 28 35 36 55 77 13860
2 3 18 28 35 36 55 99 13860
2 3 18 28 35 36 55 110 13860
2 3 18 28 35 36 56 120 2520
2 3 18 28 35 36 57 95 23940
2 3 18 28 35 36 60 63 1260
2 3 18 28 35 36 60 70 1260
2 3 18 28 35 36 60 84 1260
2 3 18 28 35 36 60 90 1260
2 3 18 28 35 36 60 105 1260
2 3 18 28 35 36 60 126 1260
2 3 18 28 35 36 63 70 1260
2 3 18 28 35 36 63 90 1260
2 3 18 28 35 36 63 105 1260
2 3 18 28 35 36 65 78 16380
2 3 18 28 35 36 65 91 16380
2 3 18 28 35 36 65 117 16380
2 3 18 28 35 36 66 110 13860
2 3 18 28 35 36 68 85 21420
2 3 18 28 35 36 69 115 28980
2 3 18 28 35 36 70 84 1260
2 3 18 28 35 36 70 90 1260
2 3 18 28 35 36 70 105 1260
2 3 18 28 35 36 70 126 1260
2 3 18 28 35 36 72 120 2520
2 3 18 28 35 36 75 100 6300
2 3 18 28 35 36 76 95 23940
2 3 18 28 35 36 77 110 13860
2 3 18 28 35 36 80 112 5040
2 3 18 28 35 36 84 90 1260
2 3 18 28 35 36 84 105 1260
2 3 18 28 35 36 85 102 21420
2 3 18 28 35 36 85 119 21420
2 3 18 28 35 36 90 105 1260
2 3 18 28 35 36 92 115 28980
2 3 18 28 35 36 95 114 23940
2 3 18 28 35 36 99 110 13860
2 3 18 28 35 38 45 76 23940
2 3 18 28 35 38 76 90 23940
2 3 18 28 35 39 45 52 16380
2 3 18 28 35 39 52 90 16380
2 3 18 28 35 39 60 117 16380
2 3 18 28 35 40 42 72 2520
2 3 18 28 35 40 45 56 2520
2 3 18 28 35 40 45 72 2520
2 3 18 28 35 40 45 120 2520
2 3 18 28 35 40 56 63 2520
2 3 18 28 35 40 56 72 2520
2 3 18 28 35 40 56 90 2520
2 3 18 28 35 40 56 126 2520
2 3 18 28 35 40 60 72 2520
2 3 18 28 35 40 63 72 2520
2 3 18 28 35 40 63 120 2520
2 3 18 28 35 40 70 72 2520
2 3 18 28 35 40 72 84 2520
2 3 18 28 35 40 72 90 2520
2 3 18 28 35 40 72 105 2520
2 3 18 28 35 40 72 120 2520
2 3 18 28 35 42 45 60 1260
2 3 18 28 35 42 45 84 1260
2 3 18 28 35 42 60 63 1260
2 3 18 28 35 42 60 90 1260
2 3 18 28 35 42 60 126 1260
2 3 18 28 35 44 45 55 13860
2 3 18 28 35 44 45 66 13860
2 3 18 28 35 44 45 77 13860
2 3 18 28 35 44 45 99 13860
2 3 18 28 35 44 45 110 13860
2 3 18 28 35 44 55 63 13860
2 3 18 28 35 44 55 90 13860
2 3 18 28 35 44 55 99 13860
2 3 18 28 35 44 55 126 13860
2 3 18 28 35 44 60 99 13860
2 3 18 28 35 44 63 110 13860
2 3 18 28 35 44 66 90 13860
2 3 18 28 35 44 70 99 13860
2 3 18 28 35 45 46 92 28980
2 3 18 28 35 45 48 80 5040
2 3 18 28 35 45 48 112 5040
2 3 18 28 35 45 50 100 6300
2 3 18 28 35 45 51 68 21420
2 3 18 28 35 45 52 65 16380
2 3 18 28 35 45 52 78 16380
2 3 18 28 35 45 52 91 16380
2 3 18 28 35 45 52 117 16380
2 3 18 28 35 45 54 108 3780
2 3 18 28 35 45 56 72 2520
2 3 18 28 35 45 56 120 2520
2 3 18 28 35 45 57 76 23940
2 3 18 28 35 45 58 116 36540
2 3 18 28 35 45 60 63 1260
2 3 18 28 35 45 60 70 1260
2 3 18 28 35 45 60 84 1260
2 3 18 28 35 45 60 90 1260
2 3 18 28 35 45 60 105 1260
2 3 18 28 35 45 63 84 1260
2 3 18 28 35 45 68 85 21420
2 3 18 28 35 45 69 92 28980
2 3 18 28 35 45 70 84 1260
2 3 18 28 35 48 63 80 5040
2 3 18 28 35 48 72 80 5040
2 3 18 28 35 52 63 65 16380
2 3 18 28 35 56 60 72 2520
2 3 18 28 36 37 42 74 9324
2 3 18 28 36 37 42 111 9324
2 3 18 28 36 37 63 74 9324
2 3 18 28 36 37 63 111 9324
2 3 18 28 36 37 74 84 9324
2 3 18 28 36 37 74 126 9324
2 3 18 28 36 37 84 111 9324
2 3 18 28 36 38 42 57 4788
2 3 18 28 36 38 42 76 4788
2 3 18 28 36 38 42 114 4788
2 3 18 28 36 38 57 63 4788
2 3 18 28 36 38 57 84 4788
2 3 18 28 36 38 57 126 4788
2 3 18 28 36 38 63 76 4788
2 3 18 28 36 38 63 114 4788
2 3 18 28 36 38 70 95 23940
2 3 18 28 36 38 76 84 4788
2 3 18 28 36 39 42 52 3276
2 3 18 28 36 39 42 78 3276
2 3 18 28 36 39 42 91 3276
2 3 18 28 36 39 42 117 3276
2 3 18 28 36 39 52 63 3276
2 3 18 28 36 39 52 84 3276
2 3 18 28 36 39 52 91 3276
2 3 18 28 36 39 52 126 3276
2 3 18 28 36 39 56 104 6552
2 3 18 28 36 39 63 78 3276
2 3 18 28 36 39 63 91 3276
2 3 18 28 36 39 63 117 3276
2 3 18 28 36 39 65 70 16380
2 3 18 28 36 39 65 105 16380
2 3 18 28 36 39 78 84 3276
2 3 18 28 36 39 78 91 3276
2 3 18 28 36 39 84 91 3276
2 3 18 28 36 40 42 120 2520
2 3 18 28 36 40 45 56 2520
2 3 18 28 36 40 56 60 2520
2 3 18 28 36 40 56 70 2520
2 3 18 28 36 40 56 90 2520
2 3 18 28 36 40 56 105 2520
2 3 18 28 36 40 56 120 2520
2 3 18 28 36 40 63 120 2520
2 3 18 28 36 40 70 72 2520
2 3 18 28 36 40 72 105 2520
2 3 18 28 36 41 42 82 10332
2 3 18 28 36 41 42 123 10332
2 3 18 28 36 41 63 82 10332
2 3 18 28 36 41 63 123 10332
2 3 18 28 36 41 82 84 10332
2 3 18 28 36 42 43 86 10836
2 3 18 28 36 42 44 66 2772
2 3 18 28 36 42 44 77 2772
2 3 18 28 36 42 44 99 2772
2 3 18 28 36 42 45 60 1260
2 3 18 28 36 42 45 70 1260
2 3 18 28 36 42 45 90 1260
2 3 18 28 36 42 45 105 1260
2 3 18 28 36 42 46 69 5796
2 3 18 28 36 42 46 92 5796
2 3 18 28 36 42 47 94 11844
2 3 18 28 36 42 48 112 1008
2 3 18 28 36 42 49 98 1764
2 3 18 28 36 42 50 75 6300
2 3 18 28 36 42 50 100 6300
2 3 18 28 36 42 51 68 4284
2 3 18 28 36 42 51 102 4284
2 3 18 28 36 42 51 119 4284
2 3 18 28 36 42 52 78 3276
2 3 18 28 36 42 52 91 3276
2 3 18 28 36 42 52 117 3276
2 3 18 28 36 42 53 106 13356
2 3 18 28 36 42 54 108 756
2 3 18 28 36 42 55 110 13860
2 3 18 28 36 42 56 72 504
2 3 18 28 36 42 57 76 4788
2 3 18 28 36 42 57 114 4788
2 3 18 28 36 42 58 87 7308
2 3 18 28 36 42 58 116 7308
2 3 18 28 36 42 59 118 14868
2 3 18 28 36 42 60 70 1260
2 3 18 28 36 42 60 90 1260
2 3 18 28 36 42 60 105 1260
2 3 18 28 36 42 61 122 15372
2 3 18 28 36 42 62 93 7812
2 3 18 28 36 42 62 124 7812
2 3 18 28 36 42 63 84 252
2 3 18 28 36 42 66 77 2772
2 3 18 28 36 42 66 99 2772
2 3 18 28 36 42 68 102 4284
2 3 18 28 36 42 69 92 5796
2 3 18 28 36 42 70 90 1260
2 3 18 28 36 43 63 86 10836
2 3 18 28 36 44 55 70 13860
2 3 18 28 36 44 55 105 13860
2 3 18 28 36 44 56 88 5544
2 3 18 28 36 44 63 66 2772
2 3 18 28 36 44 63 77 2772
2 3 18 28 36 44 63 99 2772
2 3 18 28 36 44 66 77 2772
2 3 18 28 36 44 66 84 2772
2 3 18 28 36 45 55 77 13860
2 3 18 28 36 45 56 120 2520
2 3 18 28 36 45 60 63 1260
2 3 18 28 36 45 60 70 1260
2 3 18 28 36 45 60 84 1260
2 3 18 28 36 45 60 105 1260
2 3 18 28 36 45 63 70 1260
2 3 18 28 36 45 63 90 1260
2 3 18 28 36 45 65 91 16380
2 3 18 28 36 45 70 84 1260
2 3 18 28 36 46 63 69 5796
2 3 18 28 36 46 63 92 5796
2 3 18 28 36 46 69 84 5796
2 3 18 28 36 47 63 94 11844
2 3 18 28 36 50 63 75 6300
2 3 18 28 36 51 63 68 4284
2 3 18 28 36 52 63 78 3276
2 3 18 28 36 52 65 70 16380
2 3 18 28 36 55 60 77 13860
2 3 18 28 38 42 63 76 4788
2 3 18 28 38 45 70 76 23940
2 3 18 28 38 56 57 72 9576
2 3 18 28 39 42 52 63 3276
2 3 18 28 39 42 52 117 3276
2 3 18 28 39 42 52 126 3276
2 3 18 28 39 45 52 70 16380
2 3 18 28 39 45 52 105 16380
2 3 18 28 39 45 60 91 16380
2 3 18 28 39 52 56 72 6552
2 3 18 28 40 42 45 56 2520
2 3 18 28 40 42 45 72 2520
2 3 18 28 40 42 45 120 2520
2 3 18 28 40 42 56 90 2520
2 3 18 28 40 42 60 72 2520
2 3 18 28 40 42 70 72 2520
2 3 18 28 40 45 48 112 5040
2 3 18 28 40 45 56 60 2520
2 3 18 28 40 45 56 63 2520
2 3 18 28 40 45 56 70 2520
2 3 18 28 40 45 56 72 2520
2 3 18 28 40 45 56 84 2520
2 3 18 28 40 45 56 90 2520
2 3 18 28 40 45 63 72 2520
2 3 18 28 42 44 45 55 13860
2 3 18 28 42 44 45 110 13860
2 3 18 28 42 44 55 90 13860
2 3 18 28 42 44 63 66 2772
2 3 18 28 42 45 48 80 5040
2 3 18 28 42 45 50 100 6300
2 3 18 28 42 45 52 65 16380
2 3 18 28 42 45 60 63 1260
2 3 18 28 42 45 60 70 1260
2 3 18 28 44 45 55 63 13860
2 3 18 28 44 45 55 70 13860
2 3 18 28 44 45 55 77 13860
2 3 18 29 30 35 58 63 18270
2 3 18 29 30 35 58 126 18270
2 3 18 29 30 35 63 87 18270
2 3 18 29 30 35 87 126 18270
2 3 18 29 30 36 45 116 5220
2 3 18 29 30 36 58 60 5220
2 3 18 29 30 36 60 87 5220
2 3 18 29 30 36 60 116 5220
2 3 18 29 30 36 90 116 5220
2 3 18 29 30 40 58 72 10440
2 3 18 29 30 40 72 87 10440
2 3 18 29 30 40 72 116 10440
2 3 18 29 30 45 58 87 2610
2 3 18 29 30 45 58 90 2610
2 3 18 29 30 45 60 116 5220
2 3 18 29 30 45 87 90 2610
2 3 18 29 30 55 58 99 28710
2 3 18 29 30 58 63 70 18270
2 3 18 29 31 36 58 124 32364
2 3 18 29 31 36 62 116 32364
2 3 18 29 31 36 87 124 32364
2 3 18 29 31 36 93 116 32364
2 3 18 29 31 36 116 124 32364
2 3 18 29 32 36 58 96 8352
2 3 18 29 32 36 87 96 8352
2 3 18 29 32 36 96 116 8352
2 3 18 29 33 36 44 58 11484
2 3 18 29 33 36 44 87 11484
2 3 18 29 33 36 44 116 11484
2 3 18 29 33 36 66 116 11484
2 3 18 29 33 36 99 116 11484
2 3 18 29 33 45 55 58 28710
2 3 18 29 33 45 55 87 28710
2 3 18 29 33 45 58 110 28710
2 3 18 29 33 55 58 90 28710
2 3 18 29 34 36 51 116 17748
2 3 18 29 34 36 58 68 17748
2 3 18 29 34 36 68 87 17748
2 3 18 29 34 36 68 116 17748
2 3 18 29 34 45 58 85 44370
2 3 18 29 35 36 70 116 36540
2 3 18 29 35 42 45 58 18270
2 3 18 29 35 42 45 87 18270
2 3 18 29 35 42 58 90 18270
2 3 18 29 35 45 58 63 18270
2 3 18 29 35 45 58 70 18270
2 3 18 29 35 45 58 105 18270
2 3 18 29 35 45 63 87 18270
2 3 18 29 36 37 74 116 38628
2 3 18 29 36 38 57 116 19836
2 3 18 29 36 38 58 76 19836
2 3 18 29 36 38 76 87 19836
2 3 18 29 36 39 52 58 13572
2 3 18 29 36 39 52 87 13572
2 3 18 29 36 39 52 116 13572
2 3 18 29 36 40 58 120 10440
2 3 18 29 36 42 58 84 7308
2 3 18 29 36 44 58 66 11484
2 3 18 29 36 44 58 99 11484
2 3 18 29 36 44 66 87 11484
2 3 18 29 36 45 58 60 5220
2 3 18 29 36 45 60 87 5220
2 3 18 29 36 46 58 92 24012
2 3 18 29 36 51 58 68 17748
2 3 18 29 36 52 58 78 13572
2 3 18 29 39 45 58 65 33930
2 3 18 29 40 45 58 72 10440
2 3 18 29 42 45 58 70 18270
2 3 18 30 31 35 62 63 19530
2 3 18 30 31 35 62 126 19530
2 3 18 30 31 35 63 93 19530
2 3 18 30 31 35 93 126 19530
2 3 18 30 31 36 45 124 5580
2 3 18 30 31 36 60 62 5580
2 3 18 30 31 36 60 93 5580
2 3 18 30 31 36 60 124 5580
2 3 18 30 31 36 90 124 5580
2 3 18 30 31 40 62 72 11160
2 3 18 30 31 40 72 93 11160
2 3 18 30 31 40 72 124 11160
2 3 18 30 31 45 60 124 5580
2 3 18 30 31 45 62 90 2790
2 3 18 30 31 45 62 93 2790
2 3 18 30 31 62 63 70 19530
2 3 18 30 32 35 63 96 10080
2 3 18 30 32 35 96 126 10080
2 3 18 30 32 36 40 96 1440
2 3 18 30 32 36 45 96 1440
2 3 18 30 32 36 60 96 1440
2 3 18 30 32 36 80 96 1440
2 3 18 30 32 36 90 96 1440
2 3 18 30 32 40 45 96 1440
2 3 18 30 32 40 72 96 1440
2 3 18 30 32 45 48 96 1440
2 3 18 30 32 45 60 96 1440
2 3 18 30 33 34 85 99 16830
2 3 18 30 33 35 42 99 6930
2 3 18 30 33 35 45 77 6930
2 3 18 30 33 35 55 63 6930
2 3 18 30 33 35 55 126 6930
2 3 18 30 33 35 63 66 6930
2 3 18 30 33 35 63 77 6930
2 3 18 30 33 35 63 99 6930
2 3 18 30 33 35 63 110 6930
2 3 18 30 33 35 66 126 6930
2 3 18 30 33 35 70 99 6930
2 3 18 30 33 35 77 90 6930
2 3 18 30 33 35 77 99 6930
2 3 18 30 33 35 77 126 6930
2 3 18 30 33 35 99 105 6930
2 3 18 30 33 36 40 88 3960
2 3 18 30 33 36 44 45 1980
2 3 18 30 33 36 44 55 1980
2 3 18 30 33 36 44 60 1980
2 3 18 30 33 36 44 90 1980
2 3 18 30 33 36 44 110 1980
2 3 18 30 33 36 55 60 1980
2 3 18 30 33 36 60 66 1980
2 3 18 30 33 36 60 99 1980
2 3 18 30 33 36 60 110 1980
2 3 18 30 33 39 55 117 12870
2 3 18 30 33 39 65 99 12870
2 3 18 30 33 40 44 72 3960
2 3 18 30 33 40 45 88 3960
2 3 18 30 33 40 55 72 3960
2 3 18 30 33 40 66 72 3960
2 3 18 30 33 40 72 88 3960
2 3 18 30 33 40 72 99 3960
2 3 18 30 33 40 72 110 3960
2 3 18 30 33 42 45 77 6930
2 3 18 30 33 42 55 63 6930
2 3 18 30 33 42 55 126 6930
2 3 18 30 33 42 63 110 6930
2 3 18 30 33 42 70 99 6930
2 3 18 30 33 42 77 90 6930
2 3 18 30 33 44 45 60 1980
2 3 18 30 33 44 60 90 1980
2 3 18 30 33 44 60 99 1980
2 3 18 30 33 45 55 66 990
2 3 18 30 33 45 55 90 990
2 3 18 30 33 45 55 99 990
2 3 18 30 33 45 55 110 990
2 3 18 30 33 45 63 77 6930
2 3 18 30 33 45 66 90 990
2 3 18 30 33 45 70 77 6930
2 3 18 30 33 55 63 70 6930
2 3 18 30 34 35 45 119 10710
2 3 18 30 34 35 51 63 10710
2 3 18 30 34 35 51 126 10710
2 3 18 30 34 35 63 85 10710
2 3 18 30 34 35 63 102 10710
2 3 18 30 34 35 63 119 10710
2 3 18 30 34 36 45 68 3060
2 3 18 30 34 36 51 60 3060
2 3 18 30 34 36 60 68 3060
2 3 18 30 34 36 60 85 3060
2 3 18 30 34 36 60 102 3060
2 3 18 30 34 36 68 85 3060
2 3 18 30 34 36 68 90 3060
2 3 18 30 34 40 51 72 6120
2 3 18 30 34 40 68 72 6120
2 3 18 30 34 40 72 85 6120
2 3 18 30 34 40 72 102 6120
2 3 18 30 34 42 45 119 10710
2 3 18 30 34 42 63 85 10710
2 3 18 30 34 45 51 85 1530
2 3 18 30 34 45 51 90 1530
2 3 18 30 34 45 51 102 1530
2 3 18 30 34 45 60 68 3060
2 3 18 30 34 51 63 70 10710
2 3 18 30 35 36 40 56 2520
2 3 18 30 35 36 42 60 1260
2 3 18 30 35 36 42 84 1260
2 3 18 30 35 36 44 77 13860
2 3 18 30 35 36 45 84 1260
2 3 18 30 35 36 48 112 5040
2 3 18 30 35 36 52 91 16380
2 3 18 30 35 36 56 72 2520
2 3 18 30 35 36 56 120 2520
2 3 18 30 35 36 60 63 1260
2 3 18 30 35 36 60 70 1260
2 3 18 30 35 36 60 84 1260
2 3 18 30 35 36 60 105 1260
2 3 18 30 35 36 60 126 1260
2 3 18 30 35 36 63 84 1260
2 3 18 30 35 36 68 119 21420
2 3 18 30 35 36 70 84 1260
2 3 18 30 35 36 84 90 1260
2 3 18 30 35 37 63 74 23310
2 3 18 30 35 37 63 111 23310
2 3 18 30 35 38 57 63 11970
2 3 18 30 35 38 57 126 11970
2 3 18 30 35 38 63 95 11970
2 3 18 30 35 38 63 114 11970
2 3 18 30 35 39 42 117 8190
2 3 18 30 35 39 45 91 8190
2 3 18 30 35 39 63 65 8190
2 3 18 30 35 39 63 78 8190
2 3 18 30 35 39 63 91 8190
2 3 18 30 35 39 63 117 8190
2 3 18 30 35 40 42 72 2520
2 3 18 30 35 40 45 56 2520
2 3 18 30 35 40 56 63 2520
2 3 18 30 35 40 56 72 2520
2 3 18 30 35 40 56 90 2520
2 3 18 30 35 40 56 126 2520
2 3 18 30 35 40 63 72 2520
2 3 18 30 35 40 70 72 2520
2 3 18 30 35 40 72 84 2520
2 3 18 30 35 41 63 82 25830
2 3 18 30 35 42 45 63 630
2 3 18 30 35 42 45 70 630
2 3 18 30 35 42 45 90 630
2 3 18 30 35 42 45 105 630
2 3 18 30 35 42 45 126 630
2 3 18 30 35 42 55 99 6930
2 3 18 30 35 42 56 72 2520
2 3 18 30 35 42 63 70 630
2 3 18 30 35 42 63 90 630
2 3 18 30 35 43 63 86 27090
2 3 18 30 35 45 48 112 5040
2 3 18 30 35 45 49 98 4410
2 3 18 30 35 45 51 119 10710
2 3 18 30 35 45 55 77 6930
2 3 18 30 35 45 56 72 2520
2 3 18 30 35 45 60 84 1260
2 3 18 30 35 45 63 70 630
2 3 18 30 35 45 66 77 6930
2 3 18 30 35 46 63 69 14490
2 3 18 30 36 37 60 74 6660
2 3 18 30 36 37 60 111 6660
2 3 18 30 36 38 45 76 3420
2 3 18 30 36 38 57 60 3420
2 3 18 30 36 38 60 76 3420
2 3 18 30 36 38 60 95 3420
2 3 18 30 36 38 60 114 3420
2 3 18 30 36 38 76 90 3420
2 3 18 30 36 39 40 104 4680
2 3 18 30 36 39 45 52 2340
2 3 18 30 36 39 52 60 2340
2 3 18 30 36 39 52 65 2340
2 3 18 30 36 39 52 90 2340
2 3 18 30 36 39 60 65 2340
2 3 18 30 36 39 60 78 2340
2 3 18 30 36 39 60 117 2340
2 3 18 30 36 40 42 56 2520
2 3 18 30 36 40 44 88 3960
2 3 18 30 36 40 45 72 360
2 3 18 30 36 40 45 120 360
2 3 18 30 36 40 48 80 720
2 3 18 30 36 40 52 104 4680
2 3 18 30 36 40 55 88 3960
2 3 18 30 36 40 56 63 2520
2 3 18 30 36 40 56 70 2520
2 3 18 30 36 40 56 84 2520
2 3 18 30 36 40 56 105 2520
2 3 18 30 36 40 56 126 2520
2 3 18 30 36 40 60 72 360
2 3 18 30 36 40 66 88 3960
2 3 18 30 36 41 60 82 7380
2 3 18 30 36 42 45 84 1260
2 3 18 30 36 42 60 63 1260
2 3 18 30 36 42 60 70 1260
2 3 18 30 36 42 60 84 1260
2 3 18 30 36 43 60 86 7740
2 3 18 30 36 44 45 55 1980
2 3 18 30 36 44 45 66 1980
2 3 18 30 36 44 45 99 1980
2 3 18 30 36 44 45 110 1980
2 3 18 30 36 44 55 60 1980
2 3 18 30 36 44 55 66 1980
2 3 18 30 36 44 55 90 1980
2 3 18 30 36 44 55 99 1980
2 3 18 30 36 44 60 66 1980
2 3 18 30 36 45 46 92 4140
2 3 18 30 36 45 48 80 720
2 3 18 30 36 45 50 100 900
2 3 18 30 36 45 51 68 3060
2 3 18 30 36 45 52 65 2340
2 3 18 30 36 45 52 78 2340
2 3 18 30 36 45 57 76 3420
2 3 18 30 36 46 60 69 4140
2 3 18 30 36 51 60 68 3060
2 3 18 30 36 52 60 65 2340
2 3 18 30 37 40 72 74 13320
2 3 18 30 38 40 57 72 6840
2 3 18 30 38 40 72 76 6840
2 3 18 30 38 45 60 76 3420
2 3 18 30 39 40 45 104 4680
2 3 18 30 39 40 52 72 4680
2 3 18 30 39 40 65 72 4680
2 3 18 30 39 42 45 91 8190
2 3 18 30 39 42 63 65 8190
2 3 18 30 39 45 52 60 2340
2 3 18 30 40 42 45 56 2520
2 3 18 30 40 42 56 63 2520
2 3 18 30 40 42 56 72 2520
2 3 18 30 40 42 63 72 2520
2 3 18 30 40 44 45 88 3960
2 3 18 30 40 44 55 72 3960
2 3 18 30 40 45 48 80 720
2 3 18 30 40 45 56 63 2520
2 3 18 30 40 45 56 70 2520
2 3 18 30 44 45 55 60 1980
2 3 18 31 32 36 62 96 8928
2 3 18 31 32 36 93 96 8928
2 3 18 31 33 36 44 62 12276
2 3 18 31 33 36 44 93 12276
2 3 18 31 33 36 44 124 12276
2 3 18 31 33 36 66 124 12276
2 3 18 31 33 45 55 62 30690
2 3 18 31 33 45 55 93 30690
2 3 18 31 34 36 51 124 18972
2 3 18 31 34 36 62 68 18972
2 3 18 31 34 36 68 93 18972
2 3 18 31 34 36 68 124 18972
2 3 18 31 34 45 62 85 47430
2 3 18 31 35 42 45 62 19530
2 3 18 31 35 42 45 93 19530
2 3 18 31 35 42 62 90 19530
2 3 18 31 35 45 62 63 19530
2 3 18 31 35 45 62 70 19530
2 3 18 31 36 38 57 124 21204
2 3 18 31 36 38 62 76 21204
2 3 18 31 36 39 52 62 14508
2 3 18 31 36 39 52 93 14508
2 3 18 31 36 39 52 124 14508
2 3 18 31 36 42 62 84 7812
2 3 18 31 36 44 62 66 12276
2 3 18 31 36 45 60 62 5580
2 3 18 31 39 45 62 65 36270
2 3 18 32 33 36 44 96 3168
2 3 18 32 33 36 66 96 3168
2 3 18 32 33 45 55 96 15840
2 3 18 32 34 36 51 96 4896
2 3 18 32 34 36 68 96 4896
2 3 18 32 35 36 70 96 10080
2 3 18 32 35 42 45 96 10080
2 3 18 32 36 38 57 96 5472
2 3 18 32 36 39 52 96 3744
2 3 18 32 36 40 45 96 1440
2 3 18 33 34 36 44 51 6732
2 3 18 33 34 36 44 68 6732
2 3 18 33 34 36 44 102 6732
2 3 18 33 34 36 66 68 6732
2 3 18 33 34 36 68 99 6732
2 3 18 33 34 45 51 55 16830
2 3 18 33 34 45 55 85 16830
2 3 18 33 35 36 44 70 13860
2 3 18 33 35 36 44 105 13860
2 3 18 33 35 36 55 84 13860
2 3 18 33 35 36 60 77 13860
2 3 18 33 35 40 56 99 27720
2 3 18 33 35 42 45 55 6930
2 3 18 33 35 42 45 66 6930
2 3 18 33 35 42 45 77 6930
2 3 18 33 35 42 45 99 6930
2 3 18 33 35 42 45 110 6930
2 3 18 33 35 42 55 63 6930
2 3 18 33 35 42 55 90 6930
2 3 18 33 35 44 45 84 13860
2 3 18 33 35 44 60 63 13860
2 3 18 33 35 45 55 63 6930
2 3 18 33 35 45 55 70 6930
2 3 18 33 35 45 55 77 6930
2 3 18 33 35 45 63 66 6930
2 3 18 33 36 37 44 74 14652
2 3 18 33 36 37 44 111 14652
2 3 18 33 36 38 44 57 7524
2 3 18 33 36 38 44 76 7524
2 3 18 33 36 38 44 114 7524
2 3 18 33 36 38 66 76 7524
2 3 18 33 36 39 44 52 5148
2 3 18 33 36 39 44 78 5148
2 3 18 33 36 39 44 117 5148
2 3 18 33 36 39 52 66 5148
2 3 18 33 36 39 52 99 5148
2 3 18 33 36 40 44 120 3960
2 3 18 33 36 40 45 88 3960
2 3 18 33 36 40 55 72 3960
2 3 18 33 36 40 55 88 3960
2 3 18 33 36 41 44 82 16236
2 3 18 33 36 41 44 123 16236
2 3 18 33 36 42 44 63 2772
2 3 18 33 36 42 44 77 2772
2 3 18 33 36 42 44 84 2772
2 3 18 33 36 42 44 126 2772
2 3 18 33 36 43 44 86 17028
2 3 18 33 36 44 45 55 1980
2 3 18 33 36 44 45 60 1980
2 3 18 33 36 44 45 90 1980
2 3 18 33 36 44 45 110 1980
2 3 18 33 36 44 46 69 9108
2 3 18 33 36 44 46 92 9108
2 3 18 33 36 44 47 94 18612
2 3 18 33 36 44 49 98 19404
2 3 18 33 36 44 50 75 9900
2 3 18 33 36 44 51 68 6732
2 3 18 33 36 44 52 78 5148
2 3 18 33 36 44 55 60 1980
2 3 18 33 36 44 57 76 7524
2 3 18 33 36 45 55 60 1980
2 3 18 33 36 45 60 66 1980
2 3 18 33 37 45 55 74 36630
2 3 18 33 38 45 55 57 18810
2 3 18 33 39 45 55 65 12870
2 3 18 33 40 44 45 72 3960
2 3 18 33 40 44 45 88 3960
2 3 18 34 35 36 68 70 21420
2 3 18 34 35 42 45 51 10710
2 3 18 34 35 42 45 85 10710
2 3 18 34 35 42 45 102 10710
2 3 18 34 35 42 45 119 10710
2 3 18 34 35 42 51 90 10710
2 3 18 34 35 45 51 63 10710
2 3 18 34 35 45 51 70 10710
2 3 18 34 36 37 68 74 22644
2 3 18 34 36 38 51 76 11628
2 3 18 34 36 38 57 68 11628
2 3 18 34 36 38 68 76 11628
2 3 18 34 36 39 51 52 7956
2 3 18 34 36 39 52 68 7956
2 3 18 34 36 39 52 102 7956
2 3 18 34 36 42 51 84 4284
2 3 18 34 36 42 63 68 4284
2 3 18 34 36 44 51 66 6732
2 3 18 34 36 45 51 60 3060
2 3 18 34 39 45 51 65 19890
2 3 18 35 36 39 52 70 16380
2 3 18 35 36 40 42 56 2520
2 3 18 35 36 40 42 72 2520
2 3 18 35 36 40 42 120 2520
2 3 18 35 36 40 45 56 2520
2 3 18 35 36 40 56 60 2520
2 3 18 35 36 40 56 63 2520
2 3 18 35 36 40 56 70 2520
2 3 18 35 36 40 56 72 2520
2 3 18 35 36 42 44 55 13860
2 3 18 35 36 42 44 110 13860
2 3 18 35 36 42 45 60 1260
2 3 18 35 36 42 45 84 1260
2 3 18 35 36 42 48 80 5040
2 3 18 35 36 42 52 65 16380
2 3 18 35 36 42 60 63 1260
2 3 18 35 36 44 45 77 13860
2 3 18 35 36 44 55 63 13860
2 3 18 35 36 44 55 70 13860
2 3 18 35 37 42 45 74 23310
2 3 18 35 38 42 45 57 11970
2 3 18 35 38 42 45 95 11970
2 3 18 35 39 42 45 65 8190
2 3 18 35 39 42 45 78 8190
2 3 18 35 39 42 45 91 8190
2 3 18 35 40 42 45 56 2520
2 3 18 35 40 42 45 72 2520
2 3 18 35 41 42 45 82 25830
2 3 18 36 37 39 52 74 17316
2 3 18 36 38 39 52 57 8892
2 3 18 36 38 39 52 76 8892
2 3 18 36 39 42 52 63 3276
2 3 18 36 39 45 52 60 2340
2 3 18 36 40 42 45 56 2520
