2 3 16 17 18 34 36 48 2448
2 3 16 17 18 34 45 80 12240
2 3 16 17 18 34 48 72 2448
2 3 16 17 18 34 63 112 17136
2 3 16 17 18 34 80 90 12240
2 3 16 17 18 34 112 126 17136
2 3 16 17 18 36 48 51 2448
2 3 16 17 18 36 48 68 2448
2 3 16 17 18 36 48 102 2448
2 3 16 17 18 36 80 85 12240
2 3 16 17 18 36 112 119 17136
2 3 16 17 18 45 48 85 12240
2 3 16 17 18 45 51 80 12240
2 3 16 17 18 45 68 80 12240
2 3 16 17 18 45 80 85 12240
2 3 16 17 18 45 80 102 12240
2 3 16 17 18 48 51 72 2448
2 3 16 17 18 48 63 119 17136
2 3 16 17 18 48 68 72 2448
2 3 16 17 18 48 72 102 2448
2 3 16 17 18 48 85 90 12240
2 3 16 17 18 48 119 126 17136
2 3 16 17 18 51 63 112 17136
2 3 16 17 18 51 80 90 12240
2 3 16 17 18 51 112 126 17136
2 3 16 17 18 63 68 112 17136
2 3 16 17 18 63 102 112 17136
2 3 16 17 18 63 112 119 17136
2 3 16 17 18 68 80 90 12240
2 3 16 17 18 68 112 126 17136
2 3 16 17 18 72 80 85 12240
2 3 16 17 18 72 112 119 17136
2 3 16 17 18 80 85 90 12240
2 3 16 17 18 80 90 102 12240
2 3 16 17 18 102 112 126 17136
2 3 16 17 18 112 119 126 17136
2 3 16 17 19 34 38 48 15504
2 3 16 17 19 34 48 57 15504
2 3 16 17 19 34 48 76 15504
2 3 16 17 19 34 48 114 15504
2 3 16 17 19 38 48 51 15504
2 3 16 17 19 38 48 68 15504
2 3 16 17 19 38 48 102 15504
2 3 16 17 19 48 51 57 15504
2 3 16 17 19 48 51 76 15504
2 3 16 17 19 48 51 114 15504
2 3 16 17 19 48 57 68 15504
2 3 16 17 19 48 57 102 15504
2 3 16 17 19 48 68 76 15504
2 3 16 17 19 48 68 114 15504
2 3 16 17 19 48 76 102 15504
2 3 16 17 19 48 85 95 77520
2 3 16 17 19 48 102 114 15504
2 3 16 17 19 51 80 95 77520
2 3 16 17 19 57 80 85 77520
2 3 16 17 19 57 112 119 108528
2 3 16 17 19 80 85 114 77520
2 3 16 17 19 80 95 102 77520
2 3 16 17 19 112 114 119 108528
2 3 16 17 20 21 80 119 28560
2 3 16 17 20 21 85 112 28560
2 3 16 17 20 24 34 80 4080
2 3 16 17 20 24 48 85 4080
2 3 16 17 20 24 51 80 4080
2 3 16 17 20 24 68 80 4080
2 3 16 17 20 24 80 85 4080
2 3 16 17 20 24 80 102 4080
2 3 16 17 20 30 34 48 4080
2 3 16 17 20 30 34 80 4080
2 3 16 17 20 30 48 51 4080
2 3 16 17 20 30 48 68 4080
2 3 16 17 20 30 48 85 4080
2 3 16 17 20 30 48 102 4080
2 3 16 17 20 30 51 80 4080
2 3 16 17 20 30 68 80 4080
2 3 16 17 20 30 80 85 4080
2 3 16 17 20 30 80 102 4080
2 3 16 17 20 30 112 119 28560
2 3 16 17 20 32 85 96 8160
2 3 16 17 20 34 40 48 4080
2 3 16 17 20 34 48 60 4080
2 3 16 17 20 34 48 80 4080
2 3 16 17 20 34 48 85 4080
2 3 16 17 20 34 48 120 4080
2 3 16 17 20 34 51 80 4080
2 3 16 17 20 34 60 80 4080
2 3 16 17 20 34 80 102 4080
2 3 16 17 20 34 80 120 4080
2 3 16 17 20 34 105 112 28560
2 3 16 17 20 35 48 119 28560
2 3 16 17 20 35 51 112 28560
2 3 16 17 20 35 102 112 28560
2 3 16 17 20 40 48 51 4080
2 3 16 17 20 40 48 68 4080
2 3 16 17 20 40 48 85 4080
2 3 16 17 20 40 48 102 4080
2 3 16 17 20 40 51 80 4080
2 3 16 17 20 40 80 102 4080
2 3 16 17 20 42 80 119 28560
2 3 16 17 20 42 85 112 28560
2 3 16 17 20 48 51 60 4080
2 3 16 17 20 48 51 80 4080
2 3 16 17 20 48 51 85 4080
2 3 16 17 20 48 51 120 4080
2 3 16 17 20 48 60 68 4080
2 3 16 17 20 48 60 85 4080
2 3 16 17 20 48 60 102 4080
2 3 16 17 20 48 68 80 4080
2 3 16 17 20 48 68 85 4080
2 3 16 17 20 48 68 120 4080
2 3 16 17 20 48 70 119 28560
2 3 16 17 20 48 80 85 4080
2 3 16 17 20 48 80 102 4080
2 3 16 17 20 48 85 102 4080
2 3 16 17 20 48 85 120 4080
2 3 16 17 20 48 102 120 4080
2 3 16 17 20 48 105 119 28560
2 3 16 17 20 51 60 80 4080
2 3 16 17 20 51 68 80 4080
2 3 16 17 20 51 70 112 28560
2 3 16 17 20 51 80 85 4080
2 3 16 17 20 51 80 102 4080
2 3 16 17 20 51 80 120 4080
2 3 16 17 20 51 105 112 28560
2 3 16 17 20 60 68 80 4080
2 3 16 17 20 60 80 85 4080
2 3 16 17 20 60 80 102 4080
2 3 16 17 20 60 112 119 28560
2 3 16 17 20 68 80 102 4080
2 3 16 17 20 68 80 120 4080
2 3 16 17 20 68 105 112 28560
2 3 16 17 20 70 102 112 28560
2 3 16 17 20 80 84 119 28560
2 3 16 17 20 80 85 102 4080
2 3 16 17 20 80 85 120 4080
2 3 16 17 20 80 102 120 4080
2 3 16 17 20 80 105 119 28560
2 3 16 17 20 84 85 112 28560
2 3 16 17 20 85 105 112 28560
2 3 16 17 20 102 105 112 28560
2 3 16 17 20 105 112 119 28560
2 3 16 17 20 112 119 120 28560
2 3 16 17 21 24 34 112 5712
2 3 16 17 21 24 48 119 5712
2 3 16 17 21 24 51 112 5712
2 3 16 17 21 24 68 112 5712
2 3 16 17 21 24 102 112 5712
2 3 16 17 21 24 112 119 5712
2 3 16 17 21 28 34 48 5712
2 3 16 17 21 28 34 112 5712
2 3 16 17 21 28 48 51 5712
2 3 16 17 21 28 48 68 5712
2 3 16 17 21 28 48 102 5712
2 3 16 17 21 28 48 119 5712
2 3 16 17 21 28 51 112 5712
2 3 16 17 21 28 68 112 5712
2 3 16 17 21 28 80 85 28560
2 3 16 17 21 28 102 112 5712
2 3 16 17 21 28 112 119 5712
2 3 16 17 21 30 80 119 28560
2 3 16 17 21 30 85 112 28560
2 3 16 17 21 32 96 119 11424
2 3 16 17 21 34 35 80 28560
2 3 16 17 21 34 42 48 5712
2 3 16 17 21 34 42 112 5712
2 3 16 17 21 34 48 56 5712
2 3 16 17 21 34 48 84 5712
2 3 16 17 21 34 48 112 5712
2 3 16 17 21 34 48 119 5712
2 3 16 17 21 34 51 112 5712
2 3 16 17 21 34 56 112 5712
2 3 16 17 21 34 68 112 5712
2 3 16 17 21 34 70 80 28560
2 3 16 17 21 34 80 105 28560
2 3 16 17 21 34 84 112 5712
2 3 16 17 21 34 102 112 5712
2 3 16 17 21 34 112 119 5712
2 3 16 17 21 35 48 85 28560
2 3 16 17 21 35 51 80 28560
2 3 16 17 21 35 68 80 28560
2 3 16 17 21 35 80 85 28560
2 3 16 17 21 35 80 102 28560
2 3 16 17 21 35 80 119 28560
2 3 16 17 21 35 85 112 28560
2 3 16 17 21 40 80 119 28560
2 3 16 17 21 40 85 112 28560
2 3 16 17 21 42 48 51 5712
2 3 16 17 21 42 48 68 5712
2 3 16 17 21 42 48 102 5712
2 3 16 17 21 42 48 119 5712
2 3 16 17 21 42 51 112 5712
2 3 16 17 21 42 68 112 5712
2 3 16 17 21 42 80 85 28560
2 3 16 17 21 42 102 112 5712
2 3 16 17 21 42 112 119 5712
2 3 16 17 21 48 51 56 5712
2 3 16 17 21 48 51 84 5712
2 3 16 17 21 48 51 112 5712
2 3 16 17 21 48 51 119 5712
2 3 16 17 21 48 56 68 5712
2 3 16 17 21 48 56 102 5712
2 3 16 17 21 48 56 119 5712
2 3 16 17 21 48 68 84 5712
2 3 16 17 21 48 68 112 5712
2 3 16 17 21 48 68 119 5712
2 3 16 17 21 48 70 85 28560
2 3 16 17 21 48 84 102 5712
2 3 16 17 21 48 84 119 5712
2 3 16 17 21 48 85 105 28560
2 3 16 17 21 48 102 112 5712
2 3 16 17 21 48 102 119 5712
2 3 16 17 21 48 112 119 5712
2 3 16 17 21 51 56 112 5712
2 3 16 17 21 51 68 112 5712
2 3 16 17 21 51 70 80 28560
2 3 16 17 21 51 80 105 28560
2 3 16 17 21 51 84 112 5712
2 3 16 17 21 51 102 112 5712
2 3 16 17 21 51 112 119 5712
2 3 16 17 21 56 68 112 5712
2 3 16 17 21 56 80 85 28560
2 3 16 17 21 56 102 112 5712
2 3 16 17 21 56 112 119 5712
2 3 16 17 21 60 80 119 28560
2 3 16 17 21 60 85 112 28560
2 3 16 17 21 68 70 80 28560
2 3 16 17 21 68 80 105 28560
2 3 16 17 21 68 84 112 5712
2 3 16 17 21 68 102 112 5712
2 3 16 17 21 68 112 119 5712
2 3 16 17 21 70 80 85 28560
2 3 16 17 21 70 80 102 28560
2 3 16 17 21 70 80 119 28560
2 3 16 17 21 70 85 112 28560
2 3 16 17 21 80 84 85 28560
2 3 16 17 21 80 85 105 28560
2 3 16 17 21 80 85 112 28560
2 3 16 17 21 80 85 119 28560
2 3 16 17 21 80 102 105 28560
2 3 16 17 21 80 105 119 28560
2 3 16 17 21 80 119 120 28560
2 3 16 17 21 84 102 112 5712
2 3 16 17 21 84 112 119 5712
2 3 16 17 21 85 105 112 28560
2 3 16 17 21 85 112 120 28560
2 3 16 17 21 102 112 119 5712
2 3 16 17 22 33 34 48 8976
2 3 16 17 22 33 48 51 8976
2 3 16 17 22 33 48 68 8976
2 3 16 17 22 33 48 102 8976
2 3 16 17 22 33 80 85 44880
2 3 16 17 22 33 112 119 62832
2 3 16 17 22 34 44 48 8976
2 3 16 17 22 34 48 66 8976
2 3 16 17 22 34 48 88 8976
2 3 16 17 22 44 48 51 8976
2 3 16 17 22 44 48 68 8976
2 3 16 17 22 44 48 102 8976
2 3 16 17 22 48 51 66 8976
2 3 16 17 22 48 51 88 8976
2 3 16 17 22 48 55 85 44880
2 3 16 17 22 48 66 68 8976
2 3 16 17 22 48 66 102 8976
2 3 16 17 22 48 68 88 8976
2 3 16 17 22 48 77 119 62832
2 3 16 17 22 48 85 110 44880
2 3 16 17 22 48 88 102 8976
2 3 16 17 22 51 55 80 44880
2 3 16 17 22 51 77 112 62832
2 3 16 17 22 51 80 110 44880
2 3 16 17 22 55 80 102 44880
2 3 16 17 22 66 80 85 44880
2 3 16 17 22 66 112 119 62832
2 3 16 17 22 77 102 112 62832
2 3 16 17 22 80 102 110 44880
2 3 16 17 23 34 46 48 18768
2 3 16 17 23 34 48 69 18768
2 3 16 17 23 34 48 92 18768
2 3 16 17 23 46 48 51 18768
2 3 16 17 23 46 48 68 18768
2 3 16 17 23 46 48 102 18768
2 3 16 17 23 48 51 69 18768
2 3 16 17 23 48 51 92 18768
2 3 16 17 23 48 68 69 18768
2 3 16 17 23 48 68 92 18768
2 3 16 17 23 48 69 102 18768
2 3 16 17 23 48 85 115 93840
2 3 16 17 23 48 92 102 18768
2 3 16 17 23 51 80 115 93840
2 3 16 17 23 69 80 85 93840
2 3 16 17 23 69 112 119 131376
2 3 16 17 23 80 102 115 93840
2 3 16 17 24 28 34 112 5712
2 3 16 17 24 28 48 119 5712
2 3 16 17 24 28 51 112 5712
2 3 16 17 24 28 68 112 5712
2 3 16 17 24 28 102 112 5712
2 3 16 17 24 28 112 119 5712
2 3 16 17 24 30 34 80 4080
2 3 16 17 24 30 48 85 4080
2 3 16 17 24 30 51 80 4080
2 3 16 17 24 30 68 80 4080
2 3 16 17 24 30 80 85 4080
2 3 16 17 24 30 80 102 4080
2 3 16 17 24 32 34 96 1632
2 3 16 17 24 32 51 96 1632
2 3 16 17 24 32 68 96 1632
2 3 16 17 24 32 96 102 1632
2 3 16 17 24 34 40 80 4080
2 3 16 17 24 34 42 112 5712
2 3 16 17 24 34 48 51 816
2 3 16 17 24 34 48 68 816
2 3 16 17 24 34 48 102 816
2 3 16 17 24 34 56 112 5712
2 3 16 17 24 34 60 80 4080
2 3 16 17 24 34 80 85 4080
2 3 16 17 24 34 80 120 4080
2 3 16 17 24 34 84 112 5712
2 3 16 17 24 34 112 119 5712
2 3 16 17 24 35 80 119 28560
2 3 16 17 24 35 85 112 28560
2 3 16 17 24 40 48 85 4080
2 3 16 17 24 40 51 80 4080
2 3 16 17 24 40 68 80 4080
2 3 16 17 24 40 80 85 4080
2 3 16 17 24 40 80 102 4080
2 3 16 17 24 42 48 119 5712
2 3 16 17 24 42 51 112 5712
2 3 16 17 24 42 68 112 5712
2 3 16 17 24 42 102 112 5712
2 3 16 17 24 42 112 119 5712
2 3 16 17 24 48 51 68 816
2 3 16 17 24 48 51 102 816
2 3 16 17 24 48 56 119 5712
2 3 16 17 24 48 60 85 4080
2 3 16 17 24 48 68 102 816
2 3 16 17 24 48 80 85 4080
2 3 16 17 24 48 84 119 5712
2 3 16 17 24 48 85 120 4080
2 3 16 17 24 48 112 119 5712
2 3 16 17 24 51 56 112 5712
2 3 16 17 24 51 60 80 4080
2 3 16 17 24 51 80 85 4080
2 3 16 17 24 51 80 120 4080
2 3 16 17 24 51 84 112 5712
2 3 16 17 24 51 112 119 5712
2 3 16 17 24 56 68 112 5712
2 3 16 17 24 56 102 112 5712
2 3 16 17 24 56 112 119 5712
2 3 16 17 24 60 68 80 4080
2 3 16 17 24 60 80 85 4080
2 3 16 17 24 60 80 102 4080
2 3 16 17 24 68 80 85 4080
2 3 16 17 24 68 80 120 4080
2 3 16 17 24 68 84 112 5712
2 3 16 17 24 68 112 119 5712
2 3 16 17 24 70 80 119 28560
2 3 16 17 24 70 85 112 28560
2 3 16 17 24 80 85 102 4080
2 3 16 17 24 80 85 120 4080
2 3 16 17 24 80 102 120 4080
2 3 16 17 24 80 105 119 28560
2 3 16 17 24 84 102 112 5712
2 3 16 17 24 84 112 119 5712
2 3 16 17 24 85 105 112 28560
2 3 16 17 24 102 112 119 5712
2 3 16 17 25 34 48 50 20400
2 3 16 17 25 34 48 75 20400
2 3 16 17 25 34 48 100 20400
2 3 16 17 25 34 75 80 20400
2 3 16 17 25 48 50 51 20400
2 3 16 17 25 48 50 68 20400
2 3 16 17 25 48 50 85 20400
2 3 16 17 25 48 50 102 20400
2 3 16 17 25 48 51 75 20400
2 3 16 17 25 48 51 100 20400
2 3 16 17 25 48 68 75 20400
2 3 16 17 25 48 68 100 20400
2 3 16 17 25 48 75 85 20400
2 3 16 17 25 48 75 102 20400
2 3 16 17 25 48 85 100 20400
2 3 16 17 25 48 100 102 20400
2 3 16 17 25 50 51 80 20400
2 3 16 17 25 50 80 102 20400
2 3 16 17 25 51 75 80 20400
2 3 16 17 25 51 80 100 20400
2 3 16 17 25 68 75 80 20400
2 3 16 17 25 75 80 85 20400
2 3 16 17 25 75 80 102 20400
2 3 16 17 25 75 112 119 142800
2 3 16 17 25 80 100 102 20400
2 3 16 17 26 34 39 48 10608
2 3 16 17 26 34 48 52 10608
2 3 16 17 26 34 48 78 10608
2 3 16 17 26 34 48 104 10608
2 3 16 17 26 39 48 51 10608
2 3 16 17 26 39 48 68 10608
2 3 16 17 26 39 48 102 10608
2 3 16 17 26 39 80 85 53040
2 3 16 17 26 39 112 119 74256
2 3 16 17 26 48 51 52 10608
2 3 16 17 26 48 51 78 10608
2 3 16 17 26 48 51 104 10608
2 3 16 17 26 48 52 68 10608
2 3 16 17 26 48 52 102 10608
2 3 16 17 26 48 65 85 53040
2 3 16 17 26 48 68 78 10608
2 3 16 17 26 48 68 104 10608
2 3 16 17 26 48 78 102 10608
2 3 16 17 26 48 91 119 74256
2 3 16 17 26 48 102 104 10608
2 3 16 17 26 51 65 80 53040
2 3 16 17 26 51 91 112 74256
2 3 16 17 26 65 80 102 53040
2 3 16 17 26 78 80 85 53040
2 3 16 17 26 78 112 119 74256
2 3 16 17 26 91 102 112 74256
2 3 16 17 27 34 48 54 7344
2 3 16 17 27 34 48 108 7344
2 3 16 17 27 48 51 54 7344
2 3 16 17 27 48 51 108 7344
2 3 16 17 27 48 54 68 7344
2 3 16 17 27 48 54 102 7344
2 3 16 17 27 48 68 108 7344
2 3 16 17 27 48 102 108 7344
2 3 16 17 27 54 80 85 36720
2 3 16 17 27 54 112 119 51408
2 3 16 17 27 80 85 108 36720
2 3 16 17 27 108 112 119 51408
2 3 16 17 28 30 80 119 28560
2 3 16 17 28 30 85 112 28560
2 3 16 17 28 32 96 119 11424
2 3 16 17 28 34 42 48 5712
2 3 16 17 28 34 42 112 5712
2 3 16 17 28 34 48 56 5712
2 3 16 17 28 34 48 84 5712
2 3 16 17 28 34 48 112 5712
2 3 16 17 28 34 48 119 5712
2 3 16 17 28 34 51 112 5712
2 3 16 17 28 34 80 105 28560
2 3 16 17 28 34 84 112 5712
2 3 16 17 28 34 102 112 5712
2 3 16 17 28 35 48 85 28560
2 3 16 17 28 35 51 80 28560
2 3 16 17 28 35 80 102 28560
2 3 16 17 28 42 48 51 5712
2 3 16 17 28 42 48 68 5712
2 3 16 17 28 42 48 102 5712
2 3 16 17 28 42 48 119 5712
2 3 16 17 28 42 51 112 5712
2 3 16 17 28 42 68 112 5712
2 3 16 17 28 42 80 85 28560
2 3 16 17 28 42 102 112 5712
2 3 16 17 28 42 112 119 5712
2 3 16 17 28 48 51 56 5712
2 3 16 17 28 48 51 84 5712
2 3 16 17 28 48 51 112 5712
2 3 16 17 28 48 51 119 5712
2 3 16 17 28 48 56 68 5712
2 3 16 17 28 48 56 102 5712
2 3 16 17 28 48 56 119 5712
2 3 16 17 28 48 68 84 5712
2 3 16 17 28 48 68 112 5712
2 3 16 17 28 48 68 119 5712
2 3 16 17 28 48 70 85 28560
2 3 16 17 28 48 84 102 5712
2 3 16 17 28 48 84 119 5712
2 3 16 17 28 48 85 105 28560
2 3 16 17 28 48 102 112 5712
2 3 16 17 28 48 102 119 5712
2 3 16 17 28 48 112 119 5712
2 3 16 17 28 51 56 112 5712
2 3 16 17 28 51 68 112 5712
2 3 16 17 28 51 70 80 28560
2 3 16 17 28 51 80 105 28560
2 3 16 17 28 51 84 112 5712
2 3 16 17 28 51 102 112 5712
2 3 16 17 28 51 112 119 5712
2 3 16 17 28 56 102 112 5712
2 3 16 17 28 60 80 119 28560
2 3 16 17 28 60 85 112 28560
2 3 16 17 28 68 80 105 28560
2 3 16 17 28 68 84 112 5712
2 3 16 17 28 68 102 112 5712
2 3 16 17 28 70 80 102 28560
2 3 16 17 28 80 84 85 28560
2 3 16 17 28 80 85 105 28560
2 3 16 17 28 80 102 105 28560
2 3 16 17 28 80 105 119 28560
2 3 16 17 28 80 119 120 28560
2 3 16 17 28 84 102 112 5712
2 3 16 17 28 84 112 119 5712
2 3 16 17 28 85 105 112 28560
2 3 16 17 28 85 112 120 28560
2 3 16 17 28 102 112 119 5712
2 3 16 17 29 34 48 58 23664
2 3 16 17 29 34 48 87 23664
2 3 16 17 29 34 48 116 23664
2 3 16 17 29 48 51 58 23664
2 3 16 17 29 48 51 87 23664
2 3 16 17 29 48 51 116 23664
2 3 16 17 29 48 58 68 23664
2 3 16 17 29 48 58 102 23664
2 3 16 17 29 48 68 87 23664
2 3 16 17 29 48 68 116 23664
2 3 16 17 29 48 87 102 23664
2 3 16 17 29 48 102 116 23664
2 3 16 17 29 80 85 87 118320
2 3 16 17 29 87 112 119 165648
2 3 16 17 30 32 85 96 8160
2 3 16 17 30 34 35 112 28560
2 3 16 17 30 34 40 48 4080
2 3 16 17 30 34 40 80 4080
2 3 16 17 30 34 48 60 4080
2 3 16 17 30 34 48 80 4080
2 3 16 17 30 34 48 85 4080
2 3 16 17 30 34 48 120 4080
2 3 16 17 30 34 51 80 4080
2 3 16 17 30 34 60 80 4080
2 3 16 17 30 34 68 80 4080
2 3 16 17 30 34 70 112 28560
2 3 16 17 30 34 80 85 4080
2 3 16 17 30 34 80 102 4080
2 3 16 17 30 34 80 120 4080
2 3 16 17 30 34 105 112 28560
2 3 16 17 30 35 48 119 28560
2 3 16 17 30 35 51 112 28560
2 3 16 17 30 35 68 112 28560
2 3 16 17 30 35 80 119 28560
2 3 16 17 30 35 85 112 28560
2 3 16 17 30 35 102 112 28560
2 3 16 17 30 35 112 119 28560
2 3 16 17 30 40 48 51 4080
2 3 16 17 30 40 48 68 4080
2 3 16 17 30 40 48 85 4080
2 3 16 17 30 40 48 102 4080
2 3 16 17 30 40 51 80 4080
2 3 16 17 30 40 68 80 4080
2 3 16 17 30 40 80 85 4080
2 3 16 17 30 40 80 102 4080
2 3 16 17 30 40 112 119 28560
2 3 16 17 30 42 80 119 28560
2 3 16 17 30 42 85 112 28560
2 3 16 17 30 48 51 60 4080
2 3 16 17 30 48 51 80 4080
2 3 16 17 30 48 51 85 4080
2 3 16 17 30 48 51 120 4080
2 3 16 17 30 48 60 68 4080
2 3 16 17 30 48 60 85 4080
2 3 16 17 30 48 60 102 4080
2 3 16 17 30 48 68 80 4080
2 3 16 17 30 48 68 85 4080
2 3 16 17 30 48 68 120 4080
2 3 16 17 30 48 70 119 28560
2 3 16 17 30 48 80 85 4080
2 3 16 17 30 48 80 102 4080
2 3 16 17 30 48 85 102 4080
2 3 16 17 30 48 85 120 4080
2 3 16 17 30 48 102 120 4080
2 3 16 17 30 48 105 119 28560
2 3 16 17 30 51 60 80 4080
2 3 16 17 30 51 68 80 4080
2 3 16 17 30 51 70 112 28560
2 3 16 17 30 51 80 85 4080
2 3 16 17 30 51 80 102 4080
2 3 16 17 30 51 80 120 4080
2 3 16 17 30 51 105 112 28560
2 3 16 17 30 56 80 119 28560
2 3 16 17 30 56 85 112 28560
2 3 16 17 30 60 68 80 4080
2 3 16 17 30 60 80 85 4080
2 3 16 17 30 60 80 102 4080
2 3 16 17 30 60 112 119 28560
2 3 16 17 30 68 70 112 28560
2 3 16 17 30 68 80 85 4080
2 3 16 17 30 68 80 102 4080
2 3 16 17 30 68 80 120 4080
2 3 16 17 30 68 105 112 28560
2 3 16 17 30 70 80 119 28560
2 3 16 17 30 70 85 112 28560
2 3 16 17 30 70 102 112 28560
2 3 16 17 30 70 112 119 28560
2 3 16 17 30 80 84 119 28560
2 3 16 17 30 80 85 102 4080
2 3 16 17 30 80 85 120 4080
2 3 16 17 30 80 102 120 4080
2 3 16 17 30 80 105 119 28560
2 3 16 17 30 80 112 119 28560
2 3 16 17 30 84 85 112 28560
2 3 16 17 30 85 105 112 28560
2 3 16 17 30 85 112 119 28560
2 3 16 17 30 102 105 112 28560
2 3 16 17 30 105 112 119 28560
2 3 16 17 30 112 119 120 28560
2 3 16 17 31 34 48 62 25296
2 3 16 17 31 34 48 93 25296
2 3 16 17 31 34 48 124 25296
2 3 16 17 31 48 51 62 25296
2 3 16 17 31 48 51 93 25296
2 3 16 17 31 48 51 124 25296
2 3 16 17 31 48 62 68 25296
2 3 16 17 31 48 62 102 25296
2 3 16 17 31 48 68 93 25296
2 3 16 17 31 48 68 124 25296
2 3 16 17 31 48 93 102 25296
2 3 16 17 31 48 102 124 25296
2 3 16 17 31 80 85 93 126480
2 3 16 17 31 93 112 119 177072
2 3 16 17 32 34 48 96 1632
2 3 16 17 32 34 51 96 1632
2 3 16 17 32 34 68 96 1632
2 3 16 17 32 34 96 102 1632
2 3 16 17 32 40 85 96 8160
2 3 16 17 32 42 96 119 11424
2 3 16 17 32 48 51 96 1632
2 3 16 17 32 48 68 96 1632
2 3 16 17 32 48 96 102 1632
2 3 16 17 32 51 68 96 1632
2 3 16 17 32 51 96 102 1632
2 3 16 17 32 56 96 119 11424
2 3 16 17 32 60 85 96 8160
2 3 16 17 32 68 96 102 1632
2 3 16 17 32 80 85 96 8160
2 3 16 17 32 84 96 119 11424
2 3 16 17 32 85 96 120 8160
2 3 16 17 32 96 112 119 11424
2 3 16 17 33 34 44 48 8976
2 3 16 17 33 34 48 66 8976
2 3 16 17 33 34 48 88 8976
2 3 16 17 33 34 55 80 44880
2 3 16 17 33 34 77 112 62832
2 3 16 17 33 34 80 110 44880
2 3 16 17 33 44 48 51 8976
2 3 16 17 33 44 48 68 8976
2 3 16 17 33 44 48 102 8976
2 3 16 17 33 44 80 85 44880
2 3 16 17 33 44 112 119 62832
2 3 16 17 33 48 51 66 8976
2 3 16 17 33 48 51 88 8976
2 3 16 17 33 48 55 85 44880
2 3 16 17 33 48 66 68 8976
2 3 16 17 33 48 66 102 8976
2 3 16 17 33 48 68 88 8976
2 3 16 17 33 48 77 119 62832
2 3 16 17 33 48 85 110 44880
2 3 16 17 33 48 88 102 8976
2 3 16 17 33 51 55 80 44880
2 3 16 17 33 51 77 112 62832
2 3 16 17 33 51 80 110 44880
2 3 16 17 33 55 68 80 44880
2 3 16 17 33 55 80 85 44880
2 3 16 17 33 55 80 102 44880
2 3 16 17 33 66 80 85 44880
2 3 16 17 33 66 112 119 62832
2 3 16 17 33 68 77 112 62832
2 3 16 17 33 68 80 110 44880
2 3 16 17 33 77 102 112 62832
2 3 16 17 33 77 112 119 62832
2 3 16 17 33 80 85 88 44880
2 3 16 17 33 80 85 110 44880
2 3 16 17 33 80 102 110 44880
2 3 16 17 33 88 112 119 62832
2 3 16 17 34 35 42 80 28560
2 3 16 17 34 35 48 70 28560
2 3 16 17 34 35 48 105 28560
2 3 16 17 34 35 60 112 28560
2 3 16 17 34 35 80 84 28560
2 3 16 17 34 35 80 105 28560
2 3 16 17 34 35 105 112 28560
2 3 16 17 34 35 112 120 28560
2 3 16 17 34 36 45 80 12240
2 3 16 17 34 36 48 72 2448
2 3 16 17 34 36 63 112 17136
2 3 16 17 34 36 80 90 12240
2 3 16 17 34 36 112 126 17136
2 3 16 17 34 37 48 74 30192
2 3 16 17 34 37 48 111 30192
2 3 16 17 34 38 48 57 15504
2 3 16 17 34 38 48 76 15504
2 3 16 17 34 38 48 114 15504
2 3 16 17 34 39 48 52 10608
2 3 16 17 34 39 48 78 10608
2 3 16 17 34 39 48 104 10608
2 3 16 17 34 39 65 80 53040
2 3 16 17 34 39 91 112 74256
2 3 16 17 34 40 48 60 4080
2 3 16 17 34 40 48 80 4080
2 3 16 17 34 40 48 85 4080
2 3 16 17 34 40 48 120 4080
2 3 16 17 34 40 51 80 4080
2 3 16 17 34 40 60 80 4080
2 3 16 17 34 40 80 102 4080
2 3 16 17 34 40 80 120 4080
2 3 16 17 34 40 105 112 28560
2 3 16 17 34 41 48 82 33456
2 3 16 17 34 41 48 123 33456
2 3 16 17 34 42 48 56 5712
2 3 16 17 34 42 48 84 5712
2 3 16 17 34 42 48 112 5712
2 3 16 17 34 42 48 119 5712
2 3 16 17 34 42 51 112 5712
2 3 16 17 34 42 56 112 5712
2 3 16 17 34 42 68 112 5712
2 3 16 17 34 42 70 80 28560
2 3 16 17 34 42 80 105 28560
2 3 16 17 34 42 84 112 5712
2 3 16 17 34 42 102 112 5712
2 3 16 17 34 42 112 119 5712
2 3 16 17 34 43 48 86 35088
2 3 16 17 34 44 48 66 8976
2 3 16 17 34 44 48 88 8976
2 3 16 17 34 45 48 90 12240
2 3 16 17 34 45 72 80 12240
2 3 16 17 34 45 80 90 12240
2 3 16 17 34 46 48 69 18768
2 3 16 17 34 46 48 92 18768
2 3 16 17 34 47 48 94 38352
2 3 16 17 34 48 49 98 39984
2 3 16 17 34 48 50 75 20400
2 3 16 17 34 48 50 100 20400
2 3 16 17 34 48 51 68 816
2 3 16 17 34 48 51 102 816
2 3 16 17 34 48 52 78 10608
2 3 16 17 34 48 52 104 10608
2 3 16 17 34 48 53 106 43248
2 3 16 17 34 48 54 108 7344
2 3 16 17 34 48 55 110 44880
2 3 16 17 34 48 56 84 5712
2 3 16 17 34 48 56 112 5712
2 3 16 17 34 48 56 119 5712
2 3 16 17 34 48 57 76 15504
2 3 16 17 34 48 57 114 15504
2 3 16 17 34 48 58 87 23664
2 3 16 17 34 48 58 116 23664
2 3 16 17 34 48 59 118 48144
2 3 16 17 34 48 60 80 4080
2 3 16 17 34 48 60 85 4080
2 3 16 17 34 48 60 120 4080
2 3 16 17 34 48 61 122 49776
2 3 16 17 34 48 62 93 25296
2 3 16 17 34 48 62 124 25296
2 3 16 17 34 48 63 126 17136
2 3 16 17 34 48 66 88 8976
2 3 16 17 34 48 68 102 816
2 3 16 17 34 48 69 92 18768
2 3 16 17 34 48 70 105 28560
2 3 16 17 34 48 74 111 30192
2 3 16 17 34 48 75 100 20400
2 3 16 17 34 48 76 114 15504
2 3 16 17 34 48 78 104 10608
2 3 16 17 34 48 80 85 4080
2 3 16 17 34 48 80 120 4080
2 3 16 17 34 48 82 123 33456
2 3 16 17 34 48 84 112 5712
2 3 16 17 34 48 84 119 5712
2 3 16 17 34 48 85 120 4080
2 3 16 17 34 48 87 116 23664
2 3 16 17 34 48 93 124 25296
2 3 16 17 34 48 112 119 5712
2 3 16 17 34 50 75 80 20400
2 3 16 17 34 51 56 112 5712
2 3 16 17 34 51 60 80 4080
2 3 16 17 34 51 80 85 4080
2 3 16 17 34 51 80 120 4080
2 3 16 17 34 51 84 112 5712
2 3 16 17 34 51 112 119 5712
2 3 16 17 34 55 66 80 44880
2 3 16 17 34 56 80 105 28560
2 3 16 17 34 56 84 112 5712
2 3 16 17 34 56 102 112 5712
2 3 16 17 34 57 80 95 77520
2 3 16 17 34 60 68 80 4080
2 3 16 17 34 60 70 112 28560
2 3 16 17 34 60 80 85 4080
2 3 16 17 34 60 80 102 4080
2 3 16 17 34 60 80 120 4080
2 3 16 17 34 60 105 112 28560
2 3 16 17 34 63 72 112 17136
2 3 16 17 34 63 112 126 17136
2 3 16 17 34 65 78 80 53040
2 3 16 17 34 66 77 112 62832
2 3 16 17 34 66 80 110 44880
2 3 16 17 34 68 80 120 4080
2 3 16 17 34 68 84 112 5712
2 3 16 17 34 69 80 115 93840
2 3 16 17 34 70 80 84 28560
2 3 16 17 34 70 80 105 28560
2 3 16 17 34 70 105 112 28560
2 3 16 17 34 70 112 120 28560
2 3 16 17 34 72 80 90 12240
2 3 16 17 34 72 112 126 17136
2 3 16 17 34 75 80 100 20400
2 3 16 17 34 78 91 112 74256
2 3 16 17 34 80 84 105 28560
2 3 16 17 34 80 85 102 4080
2 3 16 17 34 80 85 120 4080
2 3 16 17 34 80 95 114 77520
2 3 16 17 34 80 102 120 4080
2 3 16 17 34 80 105 112 28560
2 3 16 17 34 80 105 119 28560
2 3 16 17 34 84 102 112 5712
2 3 16 17 34 84 112 119 5712
2 3 16 17 34 85 105 112 28560
2 3 16 17 34 102 112 119 5712
2 3 16 17 34 105 112 120 28560
2 3 16 17 35 40 48 119 28560
2 3 16 17 35 40 51 112 28560
2 3 16 17 35 40 102 112 28560
2 3 16 17 35 42 48 85 28560
2 3 16 17 35 42 51 80 28560
2 3 16 17 35 42 68 80 28560
2 3 16 17 35 42 80 85 28560
2 3 16 17 35 42 80 102 28560
2 3 16 17 35 42 80 119 28560
2 3 16 17 35 42 85 112 28560
2 3 16 17 35 48 51 70 28560
2 3 16 17 35 48 51 105 28560
2 3 16 17 35 48 56 85 28560
2 3 16 17 35 48 60 119 28560
2 3 16 17 35 48 68 70 28560
2 3 16 17 35 48 68 105 28560
2 3 16 17 35 48 70 85 28560
2 3 16 17 35 48 70 102 28560
2 3 16 17 35 48 70 119 28560
2 3 16 17 35 48 80 119 28560
2 3 16 17 35 48 84 85 28560
2 3 16 17 35 48 85 105 28560
2 3 16 17 35 48 85 112 28560
2 3 16 17 35 48 85 119 28560
2 3 16 17 35 48 102 105 28560
2 3 16 17 35 48 105 119 28560
2 3 16 17 35 48 119 120 28560
2 3 16 17 35 51 56 80 28560
2 3 16 17 35 51 60 112 28560
2 3 16 17 35 51 70 80 28560
2 3 16 17 35 51 70 112 28560
2 3 16 17 35 51 80 84 28560
2 3 16 17 35 51 80 105 28560
2 3 16 17 35 51 80 112 28560
2 3 16 17 35 51 80 119 28560
2 3 16 17 35 51 85 112 28560
2 3 16 17 35 51 105 112 28560
2 3 16 17 35 51 112 120 28560
2 3 16 17 35 56 80 102 28560
2 3 16 17 35 60 68 112 28560
2 3 16 17 35 60 80 119 28560
2 3 16 17 35 60 85 112 28560
2 3 16 17 35 60 102 112 28560
2 3 16 17 35 60 112 119 28560
2 3 16 17 35 68 80 84 28560
2 3 16 17 35 68 80 105 28560
2 3 16 17 35 68 105 112 28560
2 3 16 17 35 68 112 120 28560
2 3 16 17 35 70 80 102 28560
2 3 16 17 35 70 102 112 28560
2 3 16 17 35 80 84 85 28560
2 3 16 17 35 80 84 102 28560
2 3 16 17 35 80 84 119 28560
2 3 16 17 35 80 85 105 28560
2 3 16 17 35 80 102 105 28560
2 3 16 17 35 80 102 112 28560
2 3 16 17 35 80 102 119 28560
2 3 16 17 35 80 105 119 28560
2 3 16 17 35 80 119 120 28560
2 3 16 17 35 84 85 112 28560
2 3 16 17 35 85 102 112 28560
2 3 16 17 35 85 105 112 28560
2 3 16 17 35 85 112 120 28560
2 3 16 17 35 102 105 112 28560
2 3 16 17 35 102 112 120 28560
2 3 16 17 35 105 112 119 28560
2 3 16 17 35 112 119 120 28560
2 3 16 17 36 45 48 85 12240
2 3 16 17 36 45 51 80 12240
2 3 16 17 36 45 68 80 12240
2 3 16 17 36 45 80 85 12240
2 3 16 17 36 45 80 102 12240
2 3 16 17 36 48 51 72 2448
2 3 16 17 36 48 63 119 17136
2 3 16 17 36 48 68 72 2448
2 3 16 17 36 48 72 102 2448
2 3 16 17 36 48 85 90 12240
2 3 16 17 36 48 119 126 17136
2 3 16 17 36 51 63 112 17136
2 3 16 17 36 51 80 90 12240
2 3 16 17 36 51 112 126 17136
2 3 16 17 36 63 68 112 17136
2 3 16 17 36 63 102 112 17136
2 3 16 17 36 63 112 119 17136
2 3 16 17 36 68 80 90 12240
2 3 16 17 36 68 112 126 17136
2 3 16 17 36 72 80 85 12240
2 3 16 17 36 72 112 119 17136
2 3 16 17 36 80 85 90 12240
2 3 16 17 36 80 90 102 12240
2 3 16 17 36 102 112 126 17136
2 3 16 17 36 112 119 126 17136
2 3 16 17 37 48 51 74 30192
2 3 16 17 37 48 51 111 30192
2 3 16 17 37 48 68 74 30192
2 3 16 17 37 48 68 111 30192
2 3 16 17 37 48 74 102 30192
2 3 16 17 37 48 102 111 30192
2 3 16 17 37 80 85 111 150960
2 3 16 17 37 111 112 119 211344
2 3 16 17 38 48 51 57 15504
2 3 16 17 38 48 51 76 15504
2 3 16 17 38 48 51 114 15504
2 3 16 17 38 48 57 68 15504
2 3 16 17 38 48 57 102 15504
2 3 16 17 38 48 68 76 15504
2 3 16 17 38 48 68 114 15504
2 3 16 17 38 48 76 102 15504
2 3 16 17 38 48 85 95 77520
2 3 16 17 38 48 102 114 15504
2 3 16 17 38 51 80 95 77520
2 3 16 17 38 57 80 85 77520
2 3 16 17 38 57 112 119 108528
2 3 16 17 38 80 85 114 77520
2 3 16 17 38 80 95 102 77520
2 3 16 17 38 112 114 119 108528
2 3 16 17 39 48 51 52 10608
2 3 16 17 39 48 51 78 10608
2 3 16 17 39 48 51 104 10608
2 3 16 17 39 48 52 68 10608
2 3 16 17 39 48 52 102 10608
2 3 16 17 39 48 65 85 53040
2 3 16 17 39 48 68 78 10608
2 3 16 17 39 48 68 104 10608
2 3 16 17 39 48 78 102 10608
2 3 16 17 39 48 91 119 74256
2 3 16 17 39 48 102 104 10608
2 3 16 17 39 51 65 80 53040
2 3 16 17 39 51 91 112 74256
2 3 16 17 39 52 80 85 53040
2 3 16 17 39 52 112 119 74256
2 3 16 17 39 65 68 80 53040
2 3 16 17 39 65 80 85 53040
2 3 16 17 39 65 80 102 53040
2 3 16 17 39 68 91 112 74256
2 3 16 17 39 78 80 85 53040
2 3 16 17 39 78 112 119 74256
2 3 16 17 39 80 85 104 53040
2 3 16 17 39 91 102 112 74256
2 3 16 17 39 91 112 119 74256
2 3 16 17 39 104 112 119 74256
2 3 16 17 40 42 80 119 28560
2 3 16 17 40 42 85 112 28560
2 3 16 17 40 48 51 60 4080
2 3 16 17 40 48 51 80 4080
2 3 16 17 40 48 51 85 4080
2 3 16 17 40 48 51 120 4080
2 3 16 17 40 48 60 68 4080
2 3 16 17 40 48 60 85 4080
2 3 16 17 40 48 60 102 4080
2 3 16 17 40 48 68 80 4080
2 3 16 17 40 48 68 85 4080
2 3 16 17 40 48 68 120 4080
2 3 16 17 40 48 70 119 28560
2 3 16 17 40 48 80 85 4080
2 3 16 17 40 48 80 102 4080
2 3 16 17 40 48 85 102 4080
2 3 16 17 40 48 85 120 4080
2 3 16 17 40 48 102 120 4080
2 3 16 17 40 48 105 119 28560
2 3 16 17 40 51 60 80 4080
2 3 16 17 40 51 68 80 4080
2 3 16 17 40 51 70 112 28560
2 3 16 17 40 51 80 85 4080
2 3 16 17 40 51 80 102 4080
2 3 16 17 40 51 80 120 4080
2 3 16 17 40 51 105 112 28560
2 3 16 17 40 60 68 80 4080
2 3 16 17 40 60 80 85 4080
2 3 16 17 40 60 80 102 4080
2 3 16 17 40 60 112 119 28560
2 3 16 17 40 68 80 102 4080
2 3 16 17 40 68 80 120 4080
2 3 16 17 40 68 105 112 28560
2 3 16 17 40 70 102 112 28560
2 3 16 17 40 80 84 119 28560
2 3 16 17 40 80 85 102 4080
2 3 16 17 40 80 85 120 4080
2 3 16 17 40 80 102 120 4080
2 3 16 17 40 80 105 119 28560
2 3 16 17 40 84 85 112 28560
2 3 16 17 40 85 105 112 28560
2 3 16 17 40 102 105 112 28560
2 3 16 17 40 105 112 119 28560
2 3 16 17 40 112 119 120 28560
2 3 16 17 41 48 51 82 33456
2 3 16 17 41 48 51 123 33456
2 3 16 17 41 48 68 82 33456
2 3 16 17 41 48 68 123 33456
2 3 16 17 41 48 82 102 33456
2 3 16 17 41 48 102 123 33456
2 3 16 17 41 80 85 123 167280
2 3 16 17 41 112 119 123 234192
2 3 16 17 42 48 51 56 5712
2 3 16 17 42 48 51 84 5712
2 3 16 17 42 48 51 112 5712
2 3 16 17 42 48 51 119 5712
2 3 16 17 42 48 56 68 5712
2 3 16 17 42 48 56 102 5712
2 3 16 17 42 48 56 119 5712
2 3 16 17 42 48 68 84 5712
2 3 16 17 42 48 68 112 5712
2 3 16 17 42 48 68 119 5712
2 3 16 17 42 48 70 85 28560
2 3 16 17 42 48 84 102 5712
2 3 16 17 42 48 84 119 5712
2 3 16 17 42 48 85 105 28560
2 3 16 17 42 48 102 112 5712
2 3 16 17 42 48 102 119 5712
2 3 16 17 42 48 112 119 5712
2 3 16 17 42 51 56 112 5712
2 3 16 17 42 51 68 112 5712
2 3 16 17 42 51 70 80 28560
2 3 16 17 42 51 80 105 28560
2 3 16 17 42 51 84 112 5712
2 3 16 17 42 51 102 112 5712
2 3 16 17 42 51 112 119 5712
2 3 16 17 42 56 68 112 5712
2 3 16 17 42 56 80 85 28560
2 3 16 17 42 56 102 112 5712
2 3 16 17 42 56 112 119 5712
2 3 16 17 42 60 80 119 28560
2 3 16 17 42 60 85 112 28560
2 3 16 17 42 68 70 80 28560
2 3 16 17 42 68 80 105 28560
2 3 16 17 42 68 84 112 5712
2 3 16 17 42 68 102 112 5712
2 3 16 17 42 68 112 119 5712
2 3 16 17 42 70 80 85 28560
2 3 16 17 42 70 80 102 28560
2 3 16 17 42 70 80 119 28560
2 3 16 17 42 70 85 112 28560
2 3 16 17 42 80 84 85 28560
2 3 16 17 42 80 85 105 28560
2 3 16 17 42 80 85 112 28560
2 3 16 17 42 80 85 119 28560
2 3 16 17 42 80 102 105 28560
2 3 16 17 42 80 105 119 28560
2 3 16 17 42 80 119 120 28560
2 3 16 17 42 84 102 112 5712
2 3 16 17 42 84 112 119 5712
2 3 16 17 42 85 105 112 28560
2 3 16 17 42 85 112 120 28560
2 3 16 17 42 102 112 119 5712
2 3 16 17 43 48 51 86 35088
2 3 16 17 43 48 68 86 35088
2 3 16 17 43 48 86 102 35088
2 3 16 17 44 48 51 66 8976
2 3 16 17 44 48 51 88 8976
2 3 16 17 44 48 55 85 44880
2 3 16 17 44 48 66 68 8976
2 3 16 17 44 48 66 102 8976
2 3 16 17 44 48 68 88 8976
2 3 16 17 44 48 77 119 62832
2 3 16 17 44 48 85 110 44880
2 3 16 17 44 48 88 102 8976
2 3 16 17 44 51 55 80 44880
2 3 16 17 44 51 77 112 62832
2 3 16 17 44 51 80 110 44880
2 3 16 17 44 55 80 102 44880
2 3 16 17 44 66 80 85 44880
2 3 16 17 44 66 112 119 62832
2 3 16 17 44 77 102 112 62832
2 3 16 17 44 80 102 110 44880
2 3 16 17 45 48 51 90 12240
2 3 16 17 45 48 68 90 12240
2 3 16 17 45 48 72 85 12240
2 3 16 17 45 48 85 90 12240
2 3 16 17 45 48 90 102 12240
2 3 16 17 45 51 72 80 12240
2 3 16 17 45 51 80 90 12240
2 3 16 17 45 63 80 119 85680
2 3 16 17 45 63 85 112 85680
2 3 16 17 45 68 72 80 12240
2 3 16 17 45 68 80 90 12240
2 3 16 17 45 72 80 85 12240
2 3 16 17 45 72 80 102 12240
2 3 16 17 45 80 85 90 12240
2 3 16 17 45 80 90 102 12240
2 3 16 17 45 80 119 126 85680
2 3 16 17 45 85 112 126 85680
2 3 16 17 45 90 112 119 85680
2 3 16 17 46 48 51 69 18768
2 3 16 17 46 48 51 92 18768
2 3 16 17 46 48 68 69 18768
2 3 16 17 46 48 68 92 18768
2 3 16 17 46 48 69 102 18768
2 3 16 17 46 48 85 115 93840
2 3 16 17 46 48 92 102 18768
2 3 16 17 46 51 80 115 93840
2 3 16 17 46 69 80 85 93840
2 3 16 17 46 69 112 119 131376
2 3 16 17 46 80 102 115 93840
2 3 16 17 47 48 51 94 38352
2 3 16 17 47 48 68 94 38352
2 3 16 17 47 48 94 102 38352
2 3 16 17 48 49 51 98 39984
2 3 16 17 48 49 68 98 39984
2 3 16 17 48 49 98 102 39984
2 3 16 17 48 49 98 119 39984
2 3 16 17 48 50 51 75 20400
2 3 16 17 48 50 51 100 20400
2 3 16 17 48 50 68 75 20400
2 3 16 17 48 50 68 100 20400
2 3 16 17 48 50 75 85 20400
2 3 16 17 48 50 75 102 20400
2 3 16 17 48 50 85 100 20400
2 3 16 17 48 50 100 102 20400
2 3 16 17 48 51 52 78 10608
2 3 16 17 48 51 52 104 10608
2 3 16 17 48 51 53 106 43248
2 3 16 17 48 51 54 108 7344
2 3 16 17 48 51 55 110 44880
2 3 16 17 48 51 56 84 5712
2 3 16 17 48 51 56 112 5712
2 3 16 17 48 51 56 119 5712
2 3 16 17 48 51 57 76 15504
2 3 16 17 48 51 57 114 15504
2 3 16 17 48 51 58 87 23664
2 3 16 17 48 51 58 116 23664
2 3 16 17 48 51 59 118 48144
2 3 16 17 48 51 60 80 4080
2 3 16 17 48 51 60 85 4080
2 3 16 17 48 51 60 120 4080
2 3 16 17 48 51 61 122 49776
2 3 16 17 48 51 62 93 25296
2 3 16 17 48 51 62 124 25296
2 3 16 17 48 51 63 126 17136
2 3 16 17 48 51 66 88 8976
2 3 16 17 48 51 68 102 816
2 3 16 17 48 51 69 92 18768
2 3 16 17 48 51 70 105 28560
2 3 16 17 48 51 74 111 30192
2 3 16 17 48 51 75 100 20400
2 3 16 17 48 51 76 114 15504
2 3 16 17 48 51 78 104 10608
2 3 16 17 48 51 80 85 4080
2 3 16 17 48 51 80 120 4080
2 3 16 17 48 51 82 123 33456
2 3 16 17 48 51 84 112 5712
2 3 16 17 48 51 84 119 5712
2 3 16 17 48 51 85 120 4080
2 3 16 17 48 51 87 116 23664
2 3 16 17 48 51 93 124 25296
2 3 16 17 48 51 112 119 5712
2 3 16 17 48 52 65 85 53040
2 3 16 17 48 52 68 78 10608
2 3 16 17 48 52 68 104 10608
2 3 16 17 48 52 78 102 10608
2 3 16 17 48 52 91 119 74256
2 3 16 17 48 52 102 104 10608
2 3 16 17 48 53 68 106 43248
2 3 16 17 48 53 102 106 43248
2 3 16 17 48 54 68 108 7344
2 3 16 17 48 54 102 108 7344
2 3 16 17 48 55 66 85 44880
2 3 16 17 48 55 68 110 44880
2 3 16 17 48 55 85 88 44880
2 3 16 17 48 55 85 110 44880
2 3 16 17 48 55 102 110 44880
2 3 16 17 48 56 68 84 5712
2 3 16 17 48 56 68 112 5712
2 3 16 17 48 56 68 119 5712
2 3 16 17 48 56 70 85 28560
2 3 16 17 48 56 84 102 5712
2 3 16 17 48 56 84 119 5712
2 3 16 17 48 56 85 105 28560
2 3 16 17 48 56 102 112 5712
2 3 16 17 48 56 102 119 5712
2 3 16 17 48 56 112 119 5712
2 3 16 17 48 57 68 76 15504
2 3 16 17 48 57 68 114 15504
2 3 16 17 48 57 76 102 15504
2 3 16 17 48 57 85 95 77520
2 3 16 17 48 57 102 114 15504
2 3 16 17 48 58 68 87 23664
2 3 16 17 48 58 68 116 23664
2 3 16 17 48 58 87 102 23664
2 3 16 17 48 58 102 116 23664
2 3 16 17 48 59 68 118 48144
2 3 16 17 48 59 102 118 48144
2 3 16 17 48 60 68 80 4080
2 3 16 17 48 60 68 85 4080
2 3 16 17 48 60 68 120 4080
2 3 16 17 48 60 70 119 28560
2 3 16 17 48 60 80 85 4080
2 3 16 17 48 60 80 102 4080
2 3 16 17 48 60 85 102 4080
2 3 16 17 48 60 85 120 4080
2 3 16 17 48 60 102 120 4080
2 3 16 17 48 60 105 119 28560
2 3 16 17 48 61 68 122 49776
2 3 16 17 48 61 102 122 49776
2 3 16 17 48 62 68 93 25296
2 3 16 17 48 62 68 124 25296
2 3 16 17 48 62 93 102 25296
2 3 16 17 48 62 102 124 25296
2 3 16 17 48 63 68 126 17136
2 3 16 17 48 63 72 119 17136
2 3 16 17 48 63 102 126 17136
2 3 16 17 48 63 119 126 17136
2 3 16 17 48 65 78 85 53040
2 3 16 17 48 65 85 104 53040
2 3 16 17 48 66 68 88 8976
2 3 16 17 48 66 77 119 62832
2 3 16 17 48 66 85 110 44880
2 3 16 17 48 66 88 102 8976
2 3 16 17 48 68 69 92 18768
2 3 16 17 48 68 70 105 28560
2 3 16 17 48 68 74 111 30192
2 3 16 17 48 68 75 100 20400
2 3 16 17 48 68 76 114 15504
2 3 16 17 48 68 78 104 10608
2 3 16 17 48 68 80 85 4080
2 3 16 17 48 68 80 120 4080
2 3 16 17 48 68 82 123 33456
2 3 16 17 48 68 84 112 5712
2 3 16 17 48 68 84 119 5712
2 3 16 17 48 68 85 120 4080
2 3 16 17 48 68 87 116 23664
2 3 16 17 48 68 93 124 25296
2 3 16 17 48 68 112 119 5712
2 3 16 17 48 69 85 115 93840
2 3 16 17 48 69 92 102 18768
2 3 16 17 48 70 80 119 28560
2 3 16 17 48 70 84 85 28560
2 3 16 17 48 70 85 105 28560
2 3 16 17 48 70 85 112 28560
2 3 16 17 48 70 85 119 28560
2 3 16 17 48 70 102 105 28560
2 3 16 17 48 70 105 119 28560
2 3 16 17 48 70 119 120 28560
2 3 16 17 48 72 85 90 12240
2 3 16 17 48 72 119 126 17136
2 3 16 17 48 74 102 111 30192
2 3 16 17 48 75 85 100 20400
2 3 16 17 48 75 100 102 20400
2 3 16 17 48 76 85 95 77520
2 3 16 17 48 76 102 114 15504
2 3 16 17 48 77 88 119 62832
2 3 16 17 48 78 91 119 74256
2 3 16 17 48 78 102 104 10608
2 3 16 17 48 80 85 102 4080
2 3 16 17 48 80 85 120 4080
2 3 16 17 48 80 102 120 4080
2 3 16 17 48 80 105 119 28560
2 3 16 17 48 82 102 123 33456
2 3 16 17 48 84 85 105 28560
2 3 16 17 48 84 102 112 5712
2 3 16 17 48 84 102 119 5712
2 3 16 17 48 84 112 119 5712
2 3 16 17 48 85 88 110 44880
2 3 16 17 48 85 92 115 93840
2 3 16 17 48 85 95 114 77520
2 3 16 17 48 85 102 120 4080
2 3 16 17 48 85 105 112 28560
2 3 16 17 48 85 105 119 28560
2 3 16 17 48 87 102 116 23664
2 3 16 17 48 91 104 119 74256
2 3 16 17 48 93 102 124 25296
2 3 16 17 48 102 112 119 5712
2 3 16 17 48 105 119 120 28560
2 3 16 17 49 51 98 112 39984
2 3 16 17 49 98 102 112 39984
2 3 16 17 50 51 75 80 20400
2 3 16 17 50 51 80 100 20400
2 3 16 17 50 68 75 80 20400
2 3 16 17 50 75 80 85 20400
2 3 16 17 50 75 80 102 20400
2 3 16 17 50 75 112 119 142800
2 3 16 17 50 80 100 102 20400
2 3 16 17 51 52 65 80 53040
2 3 16 17 51 52 91 112 74256
2 3 16 17 51 55 66 80 44880
2 3 16 17 51 55 80 88 44880
2 3 16 17 51 55 80 110 44880
2 3 16 17 51 56 68 112 5712
2 3 16 17 51 56 70 80 28560
2 3 16 17 51 56 80 105 28560
2 3 16 17 51 56 84 112 5712
2 3 16 17 51 56 102 112 5712
2 3 16 17 51 56 112 119 5712
2 3 16 17 51 57 80 95 77520
2 3 16 17 51 60 68 80 4080
2 3 16 17 51 60 70 112 28560
2 3 16 17 51 60 80 85 4080
2 3 16 17 51 60 80 102 4080
2 3 16 17 51 60 80 120 4080
2 3 16 17 51 60 105 112 28560
2 3 16 17 51 63 72 112 17136
2 3 16 17 51 63 112 126 17136
2 3 16 17 51 65 78 80 53040
2 3 16 17 51 65 80 104 53040
2 3 16 17 51 66 77 112 62832
2 3 16 17 51 66 80 110 44880
2 3 16 17 51 68 80 85 4080
2 3 16 17 51 68 80 120 4080
2 3 16 17 51 68 84 112 5712
2 3 16 17 51 68 112 119 5712
2 3 16 17 51 69 80 115 93840
2 3 16 17 51 70 80 84 28560
2 3 16 17 51 70 80 105 28560
2 3 16 17 51 70 80 112 28560
2 3 16 17 51 70 80 119 28560
2 3 16 17 51 70 85 112 28560
2 3 16 17 51 70 105 112 28560
2 3 16 17 51 70 112 120 28560
2 3 16 17 51 72 80 90 12240
2 3 16 17 51 72 112 126 17136
2 3 16 17 51 75 80 100 20400
2 3 16 17 51 76 80 95 77520
2 3 16 17 51 77 88 112 62832
2 3 16 17 51 78 91 112 74256
2 3 16 17 51 80 84 105 28560
2 3 16 17 51 80 85 102 4080
2 3 16 17 51 80 85 120 4080
2 3 16 17 51 80 88 110 44880
2 3 16 17 51 80 92 115 93840
2 3 16 17 51 80 95 114 77520
2 3 16 17 51 80 102 120 4080
2 3 16 17 51 80 105 112 28560
2 3 16 17 51 80 105 119 28560
2 3 16 17 51 84 102 112 5712
2 3 16 17 51 84 112 119 5712
2 3 16 17 51 85 105 112 28560
2 3 16 17 51 91 104 112 74256
2 3 16 17 51 102 112 119 5712
2 3 16 17 51 105 112 120 28560
2 3 16 17 52 65 80 102 53040
2 3 16 17 52 78 80 85 53040
2 3 16 17 52 78 112 119 74256
2 3 16 17 52 91 102 112 74256
2 3 16 17 54 80 85 108 36720
2 3 16 17 55 66 68 80 44880
2 3 16 17 55 66 80 85 44880
2 3 16 17 55 66 80 102 44880
2 3 16 17 55 80 88 102 44880
2 3 16 17 55 80 102 110 44880
2 3 16 17 56 60 80 119 28560
2 3 16 17 56 60 85 112 28560
2 3 16 17 56 68 80 105 28560
2 3 16 17 56 68 84 112 5712
2 3 16 17 56 68 102 112 5712
2 3 16 17 56 70 80 102 28560
2 3 16 17 56 80 84 85 28560
2 3 16 17 56 80 85 105 28560
2 3 16 17 56 80 102 105 28560
2 3 16 17 56 80 105 119 28560
2 3 16 17 56 80 119 120 28560
2 3 16 17 56 84 102 112 5712
2 3 16 17 56 84 112 119 5712
2 3 16 17 56 85 105 112 28560
2 3 16 17 56 85 112 120 28560
2 3 16 17 57 68 80 95 77520
2 3 16 17 57 76 80 85 77520
2 3 16 17 57 76 112 119 108528
2 3 16 17 57 80 85 95 77520
2 3 16 17 57 80 85 114 77520
2 3 16 17 57 80 95 102 77520
2 3 16 17 58 80 85 87 118320
2 3 16 17 58 87 112 119 165648
2 3 16 17 60 68 70 112 28560
2 3 16 17 60 68 80 85 4080
2 3 16 17 60 68 80 102 4080
2 3 16 17 60 68 80 120 4080
2 3 16 17 60 68 105 112 28560
2 3 16 17 60 70 80 119 28560
2 3 16 17 60 70 85 112 28560
2 3 16 17 60 70 102 112 28560
2 3 16 17 60 70 112 119 28560
2 3 16 17 60 80 84 119 28560
2 3 16 17 60 80 85 102 4080
2 3 16 17 60 80 85 120 4080
2 3 16 17 60 80 102 120 4080
2 3 16 17 60 80 105 119 28560
2 3 16 17 60 80 112 119 28560
2 3 16 17 60 84 85 112 28560
2 3 16 17 60 85 105 112 28560
2 3 16 17 60 85 112 119 28560
2 3 16 17 62 80 85 93 126480
2 3 16 17 63 68 72 112 17136
2 3 16 17 63 68 112 126 17136
2 3 16 17 63 72 102 112 17136
2 3 16 17 63 72 112 119 17136
2 3 16 17 63 80 85 126 85680
2 3 16 17 63 80 90 119 85680
2 3 16 17 63 85 90 112 85680
2 3 16 17 65 68 78 80 53040
2 3 16 17 65 78 80 85 53040
2 3 16 17 65 78 80 102 53040
2 3 16 17 65 80 102 104 53040
2 3 16 17 66 68 77 112 62832
2 3 16 17 66 68 80 110 44880
2 3 16 17 66 77 102 112 62832
2 3 16 17 66 77 112 119 62832
2 3 16 17 66 80 85 88 44880
2 3 16 17 66 80 85 110 44880
2 3 16 17 66 80 102 110 44880
2 3 16 17 68 69 80 115 93840
2 3 16 17 68 70 80 84 28560
2 3 16 17 68 70 80 105 28560
2 3 16 17 68 70 105 112 28560
2 3 16 17 68 70 112 120 28560
2 3 16 17 68 72 80 90 12240
2 3 16 17 68 72 112 126 17136
2 3 16 17 68 75 80 100 20400
2 3 16 17 68 78 91 112 74256
2 3 16 17 68 80 84 105 28560
2 3 16 17 68 80 85 102 4080
2 3 16 17 68 80 85 120 4080
2 3 16 17 68 80 95 114 77520
2 3 16 17 68 80 105 112 28560
2 3 16 17 69 80 85 92 93840
2 3 16 17 69 80 85 115 93840
2 3 16 17 69 80 102 115 93840
2 3 16 17 70 80 84 85 28560
2 3 16 17 70 80 84 102 28560
2 3 16 17 70 80 84 119 28560
2 3 16 17 70 80 85 105 28560
2 3 16 17 70 80 102 105 28560
2 3 16 17 70 80 102 112 28560
2 3 16 17 70 84 85 112 28560
2 3 16 17 72 80 85 90 12240
2 3 16 17 72 80 90 102 12240
2 3 16 17 74 80 85 111 150960
2 3 16 17 75 80 85 100 20400
2 3 16 17 75 80 100 102 20400
2 3 16 17 76 80 85 114 77520
2 3 16 17 76 80 95 102 77520
2 3 16 17 78 80 85 104 53040
2 3 16 17 80 84 85 105 28560
2 3 16 18 19 36 38 48 2736
2 3 16 18 19 36 48 57 2736
2 3 16 18 19 36 48 76 2736
2 3 16 18 19 36 48 114 2736
2 3 16 18 19 36 80 95 13680
2 3 16 18 19 38 45 80 13680
2 3 16 18 19 38 48 72 2736
2 3 16 18 19 38 63 112 19152
2 3 16 18 19 38 80 90 13680
2 3 16 18 19 38 112 126 19152
2 3 16 18 19 45 48 95 13680
2 3 16 18 19 45 57 80 13680
2 3 16 18 19 45 76 80 13680
2 3 16 18 19 45 80 95 13680
2 3 16 18 19 45 80 114 13680
2 3 16 18 19 48 57 72 2736
2 3 16 18 19 48 72 76 2736
2 3 16 18 19 48 72 114 2736
2 3 16 18 19 48 90 95 13680
2 3 16 18 19 57 63 112 19152
2 3 16 18 19 57 80 90 13680
2 3 16 18 19 57 112 126 19152
2 3 16 18 19 63 76 112 19152
2 3 16 18 19 63 112 114 19152
2 3 16 18 19 72 80 95 13680
2 3 16 18 19 76 80 90 13680
2 3 16 18 19 76 112 126 19152
2 3 16 18 19 80 90 95 13680
2 3 16 18 19 80 90 114 13680
2 3 16 18 19 112 114 126 19152
2 3 16 18 20 21 45 112 5040
2 3 16 18 20 21 63 80 5040
2 3 16 18 20 21 80 126 5040
2 3 16 18 20 21 90 112 5040
2 3 16 18 20 22 80 99 7920
2 3 16 18 20 24 36 80 720
2 3 16 18 20 24 45 48 720
2 3 16 18 20 24 45 80 720
2 3 16 18 20 24 48 90 720
2 3 16 18 20 24 72 80 720
2 3 16 18 20 24 80 90 720
2 3 16 18 20 26 80 117 9360
2 3 16 18 20 27 54 80 2160
2 3 16 18 20 27 80 108 2160
2 3 16 18 20 28 45 112 5040
2 3 16 18 20 28 63 80 5040
2 3 16 18 20 28 80 126 5040
2 3 16 18 20 28 90 112 5040
2 3 16 18 20 30 36 48 720
2 3 16 18 20 30 36 80 720
2 3 16 18 20 30 45 48 720
2 3 16 18 20 30 45 80 720
2 3 16 18 20 30 48 72 720
2 3 16 18 20 30 48 90 720
2 3 16 18 20 30 63 112 5040
2 3 16 18 20 30 72 80 720
2 3 16 18 20 30 80 90 720
2 3 16 18 20 30 112 126 5040
2 3 16 18 20 32 45 96 1440
2 3 16 18 20 32 90 96 1440
2 3 16 18 20 33 80 99 7920
2 3 16 18 20 35 36 112 5040
2 3 16 18 20 35 45 112 5040
2 3 16 18 20 35 48 63 5040
2 3 16 18 20 35 48 126 5040
2 3 16 18 20 35 63 80 5040
2 3 16 18 20 35 63 112 5040
2 3 16 18 20 35 72 112 5040
2 3 16 18 20 35 80 126 5040
2 3 16 18 20 35 90 112 5040
2 3 16 18 20 35 112 126 5040
2 3 16 18 20 36 40 48 720
2 3 16 18 20 36 40 80 720
2 3 16 18 20 36 45 48 720
2 3 16 18 20 36 45 80 720
2 3 16 18 20 36 48 60 720
2 3 16 18 20 36 48 80 720
2 3 16 18 20 36 48 90 720
2 3 16 18 20 36 48 120 720
2 3 16 18 20 36 60 80 720
2 3 16 18 20 36 70 112 5040
2 3 16 18 20 36 72 80 720
2 3 16 18 20 36 80 90 720
2 3 16 18 20 36 80 120 720
2 3 16 18 20 36 105 112 5040
2 3 16 18 20 39 80 117 9360
2 3 16 18 20 40 45 48 720
2 3 16 18 20 40 45 80 720
2 3 16 18 20 40 48 72 720
2 3 16 18 20 40 48 90 720
2 3 16 18 20 40 63 112 5040
2 3 16 18 20 40 72 80 720
2 3 16 18 20 40 80 90 720
2 3 16 18 20 40 112 126 5040
2 3 16 18 20 42 45 112 5040
2 3 16 18 20 42 63 80 5040
2 3 16 18 20 42 80 126 5040
2 3 16 18 20 42 90 112 5040
2 3 16 18 20 44 80 99 7920
2 3 16 18 20 45 48 60 720
2 3 16 18 20 45 48 72 720
2 3 16 18 20 45 48 80 720
2 3 16 18 20 45 48 90 720
2 3 16 18 20 45 48 120 720
2 3 16 18 20 45 56 112 5040
2 3 16 18 20 45 60 80 720
2 3 16 18 20 45 63 112 5040
2 3 16 18 20 45 70 112 5040
2 3 16 18 20 45 72 80 720
2 3 16 18 20 45 80 90 720
2 3 16 18 20 45 80 120 720
2 3 16 18 20 45 84 112 5040
2 3 16 18 20 45 105 112 5040
2 3 16 18 20 45 112 126 5040
2 3 16 18 20 48 55 99 7920
2 3 16 18 20 48 60 72 720
2 3 16 18 20 48 60 90 720
2 3 16 18 20 48 63 70 5040
2 3 16 18 20 48 63 105 5040
2 3 16 18 20 48 65 117 9360
2 3 16 18 20 48 70 126 5040
2 3 16 18 20 48 72 80 720
2 3 16 18 20 48 72 90 720
2 3 16 18 20 48 72 120 720
2 3 16 18 20 48 80 90 720
2 3 16 18 20 48 90 120 720
2 3 16 18 20 48 99 110 7920
2 3 16 18 20 48 105 126 5040
2 3 16 18 20 52 80 117 9360
2 3 16 18 20 54 80 108 2160
2 3 16 18 20 55 80 99 7920
2 3 16 18 20 56 63 80 5040
2 3 16 18 20 56 80 126 5040
2 3 16 18 20 56 90 112 5040
2 3 16 18 20 60 63 112 5040
2 3 16 18 20 60 72 80 720
2 3 16 18 20 60 80 90 720
2 3 16 18 20 60 112 126 5040
2 3 16 18 20 63 70 80 5040
2 3 16 18 20 63 70 112 5040
2 3 16 18 20 63 80 84 5040
2 3 16 18 20 63 80 105 5040
2 3 16 18 20 63 80 112 5040
2 3 16 18 20 63 80 126 5040
2 3 16 18 20 63 90 112 5040
2 3 16 18 20 63 105 112 5040
2 3 16 18 20 63 112 120 5040
2 3 16 18 20 65 80 117 9360
2 3 16 18 20 66 80 99 7920
2 3 16 18 20 70 72 112 5040
2 3 16 18 20 70 80 126 5040
2 3 16 18 20 70 90 112 5040
2 3 16 18 20 70 112 126 5040
2 3 16 18 20 72 80 90 720
2 3 16 18 20 72 80 120 720
2 3 16 18 20 72 105 112 5040
2 3 16 18 20 78 80 117 9360
2 3 16 18 20 80 84 126 5040
2 3 16 18 20 80 88 99 7920
2 3 16 18 20 80 90 120 720
2 3 16 18 20 80 99 110 7920
2 3 16 18 20 80 104 117 9360
2 3 16 18 20 80 105 126 5040
2 3 16 18 20 80 112 126 5040
2 3 16 18 20 84 90 112 5040
2 3 16 18 20 90 105 112 5040
2 3 16 18 20 90 112 126 5040
2 3 16 18 20 105 112 126 5040
2 3 16 18 20 112 120 126 5040
2 3 16 18 21 22 99 112 11088
2 3 16 18 21 24 36 112 1008
2 3 16 18 21 24 48 63 1008
2 3 16 18 21 24 48 126 1008
2 3 16 18 21 24 63 112 1008
2 3 16 18 21 24 72 112 1008
2 3 16 18 21 24 112 126 1008
2 3 16 18 21 26 112 117 13104
2 3 16 18 21 27 54 112 3024
2 3 16 18 21 27 108 112 3024
2 3 16 18 21 28 36 48 1008
2 3 16 18 21 28 36 112 1008
2 3 16 18 21 28 45 80 5040
2 3 16 18 21 28 48 63 1008
2 3 16 18 21 28 48 72 1008
2 3 16 18 21 28 48 126 1008
2 3 16 18 21 28 63 112 1008
2 3 16 18 21 28 72 112 1008
2 3 16 18 21 28 80 90 5040
2 3 16 18 21 28 112 126 1008
2 3 16 18 21 30 45 112 5040
2 3 16 18 21 30 63 80 5040
2 3 16 18 21 30 80 126 5040
2 3 16 18 21 30 90 112 5040
2 3 16 18 21 32 63 96 2016
2 3 16 18 21 32 96 126 2016
2 3 16 18 21 33 99 112 11088
2 3 16 18 21 35 36 80 5040
2 3 16 18 21 35 45 48 5040
2 3 16 18 21 35 45 80 5040
2 3 16 18 21 35 45 112 5040
2 3 16 18 21 35 48 90 5040
2 3 16 18 21 35 63 80 5040
2 3 16 18 21 35 72 80 5040
2 3 16 18 21 35 80 90 5040
2 3 16 18 21 35 80 126 5040
2 3 16 18 21 35 90 112 5040
2 3 16 18 21 36 42 48 1008
2 3 16 18 21 36 42 112 1008
2 3 16 18 21 36 48 56 1008
2 3 16 18 21 36 48 63 1008
2 3 16 18 21 36 48 84 1008
2 3 16 18 21 36 48 112 1008
2 3 16 18 21 36 48 126 1008
2 3 16 18 21 36 56 112 1008
2 3 16 18 21 36 63 112 1008
2 3 16 18 21 36 70 80 5040
2 3 16 18 21 36 72 112 1008
2 3 16 18 21 36 80 105 5040
2 3 16 18 21 36 84 112 1008
2 3 16 18 21 36 112 126 1008
2 3 16 18 21 39 112 117 13104
2 3 16 18 21 40 45 112 5040
2 3 16 18 21 40 63 80 5040
2 3 16 18 21 40 80 126 5040
2 3 16 18 21 40 90 112 5040
2 3 16 18 21 42 45 80 5040
2 3 16 18 21 42 48 63 1008
2 3 16 18 21 42 48 72 1008
2 3 16 18 21 42 48 126 1008
2 3 16 18 21 42 63 112 1008
2 3 16 18 21 42 72 112 1008
2 3 16 18 21 42 80 90 5040
2 3 16 18 21 42 112 126 1008
2 3 16 18 21 44 99 112 11088
2 3 16 18 21 45 48 70 5040
2 3 16 18 21 45 48 105 5040
2 3 16 18 21 45 56 80 5040
2 3 16 18 21 45 60 112 5040
2 3 16 18 21 45 63 80 5040
2 3 16 18 21 45 70 80 5040
2 3 16 18 21 45 70 112 5040
2 3 16 18 21 45 80 84 5040
2 3 16 18 21 45 80 105 5040
2 3 16 18 21 45 80 112 5040
2 3 16 18 21 45 80 126 5040
2 3 16 18 21 45 90 112 5040
2 3 16 18 21 45 105 112 5040
2 3 16 18 21 45 112 120 5040
2 3 16 18 21 48 56 63 1008
2 3 16 18 21 48 56 72 1008
2 3 16 18 21 48 56 126 1008
2 3 16 18 21 48 63 72 1008
2 3 16 18 21 48 63 84 1008
2 3 16 18 21 48 63 112 1008
2 3 16 18 21 48 63 126 1008
2 3 16 18 21 48 70 90 5040
2 3 16 18 21 48 72 84 1008
2 3 16 18 21 48 72 112 1008
2 3 16 18 21 48 72 126 1008
2 3 16 18 21 48 77 99 11088
2 3 16 18 21 48 84 126 1008
2 3 16 18 21 48 90 105 5040
2 3 16 18 21 48 91 117 13104
2 3 16 18 21 48 112 126 1008
2 3 16 18 21 52 112 117 13104
2 3 16 18 21 54 108 112 3024
2 3 16 18 21 56 63 112 1008
2 3 16 18 21 56 72 112 1008
2 3 16 18 21 56 80 90 5040
2 3 16 18 21 56 112 126 1008
2 3 16 18 21 60 63 80 5040
2 3 16 18 21 60 80 126 5040
2 3 16 18 21 60 90 112 5040
2 3 16 18 21 63 70 80 5040
2 3 16 18 21 63 72 112 1008
2 3 16 18 21 63 80 90 5040
2 3 16 18 21 63 80 105 5040
2 3 16 18 21 63 80 120 5040
2 3 16 18 21 63 84 112 1008
2 3 16 18 21 63 112 126 1008
2 3 16 18 21 66 99 112 11088
2 3 16 18 21 70 72 80 5040
2 3 16 18 21 70 80 90 5040
2 3 16 18 21 70 80 126 5040
2 3 16 18 21 70 90 112 5040
2 3 16 18 21 72 80 105 5040
2 3 16 18 21 72 84 112 1008
2 3 16 18 21 72 112 126 1008
2 3 16 18 21 77 99 112 11088
2 3 16 18 21 78 112 117 13104
2 3 16 18 21 80 84 90 5040
2 3 16 18 21 80 90 105 5040
2 3 16 18 21 80 90 112 5040
2 3 16 18 21 80 90 126 5040
2 3 16 18 21 80 105 126 5040
2 3 16 18 21 80 120 126 5040
2 3 16 18 21 84 112 126 1008
2 3 16 18 21 88 99 112 11088
2 3 16 18 21 90 105 112 5040
2 3 16 18 21 90 112 120 5040
2 3 16 18 21 91 112 117 13104
2 3 16 18 21 104 112 117 13104
2 3 16 18 22 24 48 99 1584
2 3 16 18 22 28 99 112 11088
2 3 16 18 22 30 80 99 7920
2 3 16 18 22 32 96 99 3168
2 3 16 18 22 33 36 48 1584
2 3 16 18 22 33 45 80 7920
2 3 16 18 22 33 48 72 1584
2 3 16 18 22 33 48 99 1584
2 3 16 18 22 33 63 112 11088
2 3 16 18 22 33 80 90 7920
2 3 16 18 22 33 112 126 11088
2 3 16 18 22 36 44 48 1584
2 3 16 18 22 36 48 66 1584
2 3 16 18 22 36 48 88 1584
2 3 16 18 22 36 48 99 1584
2 3 16 18 22 36 55 80 7920
2 3 16 18 22 36 77 112 11088
2 3 16 18 22 36 80 110 7920
2 3 16 18 22 40 80 99 7920
2 3 16 18 22 42 99 112 11088
2 3 16 18 22 44 45 80 7920
2 3 16 18 22 44 48 72 1584
2 3 16 18 22 44 48 99 1584
2 3 16 18 22 44 63 112 11088
2 3 16 18 22 44 80 90 7920
2 3 16 18 22 44 112 126 11088
2 3 16 18 22 45 48 55 7920
2 3 16 18 22 45 48 110 7920
2 3 16 18 22 45 55 80 7920
2 3 16 18 22 45 66 80 7920
2 3 16 18 22 45 80 88 7920
2 3 16 18 22 45 80 99 7920
2 3 16 18 22 45 80 110 7920
2 3 16 18 22 48 55 90 7920
2 3 16 18 22 48 63 77 11088
2 3 16 18 22 48 66 72 1584
2 3 16 18 22 48 66 99 1584
2 3 16 18 22 48 72 88 1584
2 3 16 18 22 48 72 99 1584
2 3 16 18 22 48 77 126 11088
2 3 16 18 22 48 88 99 1584
2 3 16 18 22 48 90 110 7920
2 3 16 18 22 55 72 80 7920
2 3 16 18 22 55 80 90 7920
2 3 16 18 22 55 80 99 7920
2 3 16 18 22 56 99 112 11088
2 3 16 18 22 60 80 99 7920
2 3 16 18 22 63 66 112 11088
2 3 16 18 22 63 77 112 11088
2 3 16 18 22 63 88 112 11088
2 3 16 18 22 63 99 112 11088
2 3 16 18 22 66 80 90 7920
2 3 16 18 22 66 112 126 11088
2 3 16 18 22 72 77 112 11088
2 3 16 18 22 72 80 110 7920
2 3 16 18 22 77 99 112 11088
2 3 16 18 22 77 112 126 11088
2 3 16 18 22 80 88 90 7920
2 3 16 18 22 80 90 99 7920
2 3 16 18 22 80 90 110 7920
2 3 16 18 22 80 99 110 7920
2 3 16 18 22 80 99 120 7920
2 3 16 18 22 84 99 112 11088
2 3 16 18 22 88 112 126 11088
2 3 16 18 22 99 112 126 11088
2 3 16 18 23 36 46 48 3312
2 3 16 18 23 36 48 69 3312
2 3 16 18 23 36 48 92 3312
2 3 16 18 23 36 80 115 16560
2 3 16 18 23 45 46 80 16560
2 3 16 18 23 45 48 115 16560
2 3 16 18 23 45 69 80 16560
2 3 16 18 23 45 80 92 16560
2 3 16 18 23 45 80 115 16560
2 3 16 18 23 46 48 72 3312
2 3 16 18 23 46 63 112 23184
2 3 16 18 23 46 80 90 16560
2 3 16 18 23 46 112 126 23184
2 3 16 18 23 48 69 72 3312
2 3 16 18 23 48 72 92 3312
2 3 16 18 23 48 90 115 16560
2 3 16 18 23 63 69 112 23184
2 3 16 18 23 63 92 112 23184
2 3 16 18 23 69 80 90 16560
2 3 16 18 23 69 112 126 23184
2 3 16 18 23 72 80 115 16560
2 3 16 18 23 80 90 92 16560
2 3 16 18 23 80 90 115 16560
2 3 16 18 23 92 112 126 23184
2 3 16 18 24 26 48 117 1872
2 3 16 18 24 27 48 54 432
2 3 16 18 24 27 48 108 432
2 3 16 18 24 28 36 112 1008
2 3 16 18 24 28 48 63 1008
2 3 16 18 24 28 48 126 1008
2 3 16 18 24 28 63 112 1008
2 3 16 18 24 28 72 112 1008
2 3 16 18 24 28 112 126 1008
2 3 16 18 24 30 36 80 720
2 3 16 18 24 30 45 48 720
2 3 16 18 24 30 45 80 720
2 3 16 18 24 30 48 90 720
2 3 16 18 24 30 72 80 720
2 3 16 18 24 30 80 90 720
2 3 16 18 24 32 36 96 288
2 3 16 18 24 32 72 96 288
2 3 16 18 24 33 48 99 1584
2 3 16 18 24 35 45 112 5040
2 3 16 18 24 35 63 80 5040
2 3 16 18 24 35 80 126 5040
2 3 16 18 24 35 90 112 5040
2 3 16 18 24 36 40 80 720
2 3 16 18 24 36 42 112 1008
2 3 16 18 24 36 45 80 720
2 3 16 18 24 36 48 72 144
2 3 16 18 24 36 56 112 1008
2 3 16 18 24 36 60 80 720
2 3 16 18 24 36 63 112 1008
2 3 16 18 24 36 80 90 720
2 3 16 18 24 36 80 120 720
2 3 16 18 24 36 84 112 1008
2 3 16 18 24 36 112 126 1008
2 3 16 18 24 39 48 117 1872
2 3 16 18 24 40 45 48 720
2 3 16 18 24 40 45 80 720
2 3 16 18 24 40 48 90 720
2 3 16 18 24 40 72 80 720
2 3 16 18 24 40 80 90 720
2 3 16 18 24 42 48 63 1008
2 3 16 18 24 42 48 126 1008
2 3 16 18 24 42 63 112 1008
2 3 16 18 24 42 72 112 1008
2 3 16 18 24 42 112 126 1008
2 3 16 18 24 44 48 99 1584
2 3 16 18 24 45 48 60 720
2 3 16 18 24 45 48 80 720
2 3 16 18 24 45 48 90 720
2 3 16 18 24 45 48 120 720
2 3 16 18 24 45 60 80 720
2 3 16 18 24 45 70 112 5040
2 3 16 18 24 45 72 80 720
2 3 16 18 24 45 80 90 720
2 3 16 18 24 45 80 120 720
2 3 16 18 24 45 105 112 5040
2 3 16 18 24 48 52 117 1872
2 3 16 18 24 48 54 108 432
2 3 16 18 24 48 56 63 1008
2 3 16 18 24 48 56 126 1008
2 3 16 18 24 48 60 90 720
2 3 16 18 24 48 63 84 1008
2 3 16 18 24 48 63 112 1008
2 3 16 18 24 48 63 126 1008
2 3 16 18 24 48 66 99 1584
2 3 16 18 24 48 78 117 1872
2 3 16 18 24 48 80 90 720
2 3 16 18 24 48 84 126 1008
2 3 16 18 24 48 88 99 1584
2 3 16 18 24 48 90 120 720
2 3 16 18 24 48 104 117 1872
2 3 16 18 24 48 112 126 1008
2 3 16 18 24 55 80 99 7920
2 3 16 18 24 56 63 112 1008
2 3 16 18 24 56 72 112 1008
2 3 16 18 24 56 112 126 1008
2 3 16 18 24 60 72 80 720
2 3 16 18 24 60 80 90 720
2 3 16 18 24 63 70 80 5040
2 3 16 18 24 63 72 112 1008
2 3 16 18 24 63 80 105 5040
2 3 16 18 24 63 84 112 1008
2 3 16 18 24 63 112 126 1008
2 3 16 18 24 65 80 117 9360
2 3 16 18 24 70 80 126 5040
2 3 16 18 24 70 90 112 5040
2 3 16 18 24 72 80 90 720
2 3 16 18 24 72 80 120 720
2 3 16 18 24 72 84 112 1008
2 3 16 18 24 72 112 126 1008
2 3 16 18 24 77 99 112 11088
2 3 16 18 24 80 90 120 720
2 3 16 18 24 80 99 110 7920
2 3 16 18 24 80 105 126 5040
2 3 16 18 24 84 112 126 1008
2 3 16 18 24 90 105 112 5040
2 3 16 18 24 91 112 117 13104
2 3 16 18 25 36 48 50 3600
2 3 16 18 25 36 48 75 3600
2 3 16 18 25 36 48 100 3600
2 3 16 18 25 36 50 80 3600
2 3 16 18 25 36 75 80 3600
2 3 16 18 25 36 80 100 3600
2 3 16 18 25 45 48 50 3600
2 3 16 18 25 45 48 75 3600
2 3 16 18 25 45 48 100 3600
2 3 16 18 25 45 50 80 3600
2 3 16 18 25 45 75 80 3600
2 3 16 18 25 45 80 100 3600
2 3 16 18 25 48 50 72 3600
2 3 16 18 25 48 50 90 3600
2 3 16 18 25 48 72 75 3600
2 3 16 18 25 48 72 100 3600
2 3 16 18 25 48 75 90 3600
2 3 16 18 25 48 90 100 3600
2 3 16 18 25 50 63 112 25200
2 3 16 18 25 50 72 80 3600
2 3 16 18 25 50 80 90 3600
2 3 16 18 25 50 112 126 25200
2 3 16 18 25 63 75 112 25200
2 3 16 18 25 63 100 112 25200
2 3 16 18 25 72 75 80 3600
2 3 16 18 25 72 80 100 3600
2 3 16 18 25 75 80 90 3600
2 3 16 18 25 75 112 126 25200
2 3 16 18 25 80 90 100 3600
2 3 16 18 25 100 112 126 25200
2 3 16 18 26 28 112 117 13104
2 3 16 18 26 30 80 117 9360
2 3 16 18 26 32 96 117 3744
2 3 16 18 26 36 39 48 1872
2 3 16 18 26 36 48 52 1872
2 3 16 18 26 36 48 78 1872
2 3 16 18 26 36 48 104 1872
2 3 16 18 26 36 48 117 1872
2 3 16 18 26 36 65 80 9360
2 3 16 18 26 36 91 112 13104
2 3 16 18 26 39 45 80 9360
2 3 16 18 26 39 48 72 1872
2 3 16 18 26 39 48 117 1872
2 3 16 18 26 39 63 112 13104
2 3 16 18 26 39 80 90 9360
2 3 16 18 26 39 112 126 13104
2 3 16 18 26 40 80 117 9360
2 3 16 18 26 42 112 117 13104
2 3 16 18 26 45 48 65 9360
2 3 16 18 26 45 52 80 9360
2 3 16 18 26 45 65 80 9360
2 3 16 18 26 45 78 80 9360
2 3 16 18 26 45 80 104 9360
2 3 16 18 26 45 80 117 9360
2 3 16 18 26 48 52 72 1872
2 3 16 18 26 48 52 117 1872
2 3 16 18 26 48 63 91 13104
2 3 16 18 26 48 65 90 9360
2 3 16 18 26 48 72 78 1872
2 3 16 18 26 48 72 104 1872
2 3 16 18 26 48 72 117 1872
2 3 16 18 26 48 78 117 1872
2 3 16 18 26 48 91 126 13104
2 3 16 18 26 48 104 117 1872
2 3 16 18 26 52 63 112 13104
2 3 16 18 26 52 80 90 9360
2 3 16 18 26 52 112 126 13104
2 3 16 18 26 56 112 117 13104
2 3 16 18 26 60 80 117 9360
2 3 16 18 26 63 78 112 13104
2 3 16 18 26 63 91 112 13104
2 3 16 18 26 63 104 112 13104
2 3 16 18 26 63 112 117 13104
2 3 16 18 26 65 72 80 9360
2 3 16 18 26 65 80 90 9360
2 3 16 18 26 65 80 117 9360
2 3 16 18 26 72 91 112 13104
2 3 16 18 26 78 80 90 9360
2 3 16 18 26 78 112 126 13104
2 3 16 18 26 80 90 104 9360
2 3 16 18 26 80 90 117 9360
2 3 16 18 26 80 117 120 9360
2 3 16 18 26 84 112 117 13104
2 3 16 18 26 91 112 117 13104
2 3 16 18 26 91 112 126 13104
2 3 16 18 26 104 112 126 13104
2 3 16 18 26 112 117 126 13104
2 3 16 18 27 28 54 112 3024
2 3 16 18 27 28 108 112 3024
2 3 16 18 27 30 54 80 2160
2 3 16 18 27 30 80 108 2160
2 3 16 18 27 32 54 96 864
2 3 16 18 27 32 96 108 864
2 3 16 18 27 36 48 54 432
2 3 16 18 27 36 48 108 432
2 3 16 18 27 40 54 80 2160
2 3 16 18 27 40 80 108 2160
2 3 16 18 27 42 54 112 3024
2 3 16 18 27 42 108 112 3024
2 3 16 18 27 45 54 80 2160
2 3 16 18 27 45 80 108 2160
2 3 16 18 27 48 54 72 432
2 3 16 18 27 48 54 108 432
2 3 16 18 27 48 72 108 432
2 3 16 18 27 54 56 112 3024
2 3 16 18 27 54 60 80 2160
2 3 16 18 27 54 63 112 3024
2 3 16 18 27 54 80 90 2160
2 3 16 18 27 54 80 120 2160
2 3 16 18 27 54 84 112 3024
2 3 16 18 27 54 112 126 3024
2 3 16 18 27 56 108 112 3024
2 3 16 18 27 60 80 108 2160
2 3 16 18 27 63 108 112 3024
2 3 16 18 27 80 90 108 2160
2 3 16 18 27 80 108 120 2160
2 3 16 18 27 84 108 112 3024
2 3 16 18 27 108 112 126 3024
2 3 16 18 28 30 45 112 5040
2 3 16 18 28 30 63 80 5040
2 3 16 18 28 30 80 126 5040
2 3 16 18 28 30 90 112 5040
2 3 16 18 28 32 63 96 2016
2 3 16 18 28 32 96 126 2016
2 3 16 18 28 33 99 112 11088
2 3 16 18 28 35 36 80 5040
2 3 16 18 28 35 45 48 5040
2 3 16 18 28 35 45 80 5040
2 3 16 18 28 35 45 112 5040
2 3 16 18 28 35 48 90 5040
2 3 16 18 28 35 63 80 5040
2 3 16 18 28 35 72 80 5040
2 3 16 18 28 35 80 90 5040
2 3 16 18 28 35 80 126 5040
2 3 16 18 28 35 90 112 5040
2 3 16 18 28 36 42 48 1008
2 3 16 18 28 36 42 112 1008
2 3 16 18 28 36 48 56 1008
2 3 16 18 28 36 48 63 1008
2 3 16 18 28 36 48 84 1008
2 3 16 18 28 36 48 112 1008
2 3 16 18 28 36 48 126 1008
2 3 16 18 28 36 56 112 1008
2 3 16 18 28 36 63 112 1008
2 3 16 18 28 36 70 80 5040
2 3 16 18 28 36 72 112 1008
2 3 16 18 28 36 80 105 5040
2 3 16 18 28 36 84 112 1008
2 3 16 18 28 36 112 126 1008
2 3 16 18 28 39 112 117 13104
2 3 16 18 28 40 45 112 5040
2 3 16 18 28 40 63 80 5040
2 3 16 18 28 40 80 126 5040
2 3 16 18 28 40 90 112 5040
2 3 16 18 28 42 45 80 5040
2 3 16 18 28 42 48 63 1008
2 3 16 18 28 42 48 72 1008
2 3 16 18 28 42 48 126 1008
2 3 16 18 28 42 63 112 1008
2 3 16 18 28 42 72 112 1008
2 3 16 18 28 42 80 90 5040
2 3 16 18 28 42 112 126 1008
2 3 16 18 28 44 99 112 11088
2 3 16 18 28 45 48 70 5040
2 3 16 18 28 45 48 105 5040
2 3 16 18 28 45 56 80 5040
2 3 16 18 28 45 60 112 5040
2 3 16 18 28 45 63 80 5040
2 3 16 18 28 45 70 80 5040
2 3 16 18 28 45 70 112 5040
2 3 16 18 28 45 80 84 5040
2 3 16 18 28 45 80 105 5040
2 3 16 18 28 45 80 112 5040
2 3 16 18 28 45 80 126 5040
2 3 16 18 28 45 90 112 5040
2 3 16 18 28 45 105 112 5040
2 3 16 18 28 45 112 120 5040
2 3 16 18 28 48 56 63 1008
2 3 16 18 28 48 56 72 1008
2 3 16 18 28 48 56 126 1008
2 3 16 18 28 48 63 72 1008
2 3 16 18 28 48 63 84 1008
2 3 16 18 28 48 63 112 1008
2 3 16 18 28 48 63 126 1008
2 3 16 18 28 48 70 90 5040
2 3 16 18 28 48 72 84 1008
2 3 16 18 28 48 72 112 1008
2 3 16 18 28 48 72 126 1008
2 3 16 18 28 48 77 99 11088
2 3 16 18 28 48 84 126 1008
2 3 16 18 28 48 90 105 5040
2 3 16 18 28 48 91 117 13104
2 3 16 18 28 48 112 126 1008
2 3 16 18 28 52 112 117 13104
2 3 16 18 28 54 108 112 3024
2 3 16 18 28 56 63 112 1008
2 3 16 18 28 56 72 112 1008
2 3 16 18 28 56 80 90 5040
2 3 16 18 28 56 112 126 1008
2 3 16 18 28 60 63 80 5040
2 3 16 18 28 60 80 126 5040
2 3 16 18 28 60 90 112 5040
2 3 16 18 28 63 70 80 5040
2 3 16 18 28 63 72 112 1008
2 3 16 18 28 63 80 90 5040
2 3 16 18 28 63 80 105 5040
2 3 16 18 28 63 80 120 5040
2 3 16 18 28 63 84 112 1008
2 3 16 18 28 63 112 126 1008
2 3 16 18 28 66 99 112 11088
2 3 16 18 28 70 72 80 5040
2 3 16 18 28 70 80 90 5040
2 3 16 18 28 70 80 126 5040
2 3 16 18 28 70 90 112 5040
2 3 16 18 28 72 80 105 5040
2 3 16 18 28 72 84 112 1008
2 3 16 18 28 72 112 126 1008
2 3 16 18 28 77 99 112 11088
2 3 16 18 28 78 112 117 13104
2 3 16 18 28 80 84 90 5040
2 3 16 18 28 80 90 105 5040
2 3 16 18 28 80 90 112 5040
2 3 16 18 28 80 90 126 5040
2 3 16 18 28 80 105 126 5040
2 3 16 18 28 80 120 126 5040
2 3 16 18 28 84 112 126 1008
2 3 16 18 28 88 99 112 11088
2 3 16 18 28 90 105 112 5040
2 3 16 18 28 90 112 120 5040
2 3 16 18 28 91 112 117 13104
2 3 16 18 28 104 112 117 13104
2 3 16 18 29 36 48 58 4176
2 3 16 18 29 36 48 87 4176
2 3 16 18 29 36 48 116 4176
2 3 16 18 29 45 58 80 20880
2 3 16 18 29 45 80 87 20880
2 3 16 18 29 45 80 116 20880
2 3 16 18 29 48 58 72 4176
2 3 16 18 29 48 72 87 4176
2 3 16 18 29 48 72 116 4176
2 3 16 18 29 58 63 112 29232
2 3 16 18 29 58 80 90 20880
2 3 16 18 29 58 112 126 29232
2 3 16 18 29 63 87 112 29232
2 3 16 18 29 63 112 116 29232
2 3 16 18 29 80 87 90 20880
2 3 16 18 29 80 90 116 20880
2 3 16 18 29 87 112 126 29232
2 3 16 18 29 112 116 126 29232
2 3 16 18 30 32 45 96 1440
2 3 16 18 30 32 90 96 1440
2 3 16 18 30 33 80 99 7920
2 3 16 18 30 35 36 112 5040
2 3 16 18 30 35 45 112 5040
2 3 16 18 30 35 48 63 5040
2 3 16 18 30 35 48 126 5040
2 3 16 18 30 35 63 80 5040
2 3 16 18 30 35 63 112 5040
2 3 16 18 30 35 72 112 5040
2 3 16 18 30 35 80 126 5040
2 3 16 18 30 35 90 112 5040
2 3 16 18 30 35 112 126 5040
2 3 16 18 30 36 40 48 720
2 3 16 18 30 36 40 80 720
2 3 16 18 30 36 45 48 720
2 3 16 18 30 36 45 80 720
2 3 16 18 30 36 48 60 720
2 3 16 18 30 36 48 80 720
2 3 16 18 30 36 48 90 720
2 3 16 18 30 36 48 120 720
2 3 16 18 30 36 60 80 720
2 3 16 18 30 36 70 112 5040
2 3 16 18 30 36 72 80 720
2 3 16 18 30 36 80 90 720
2 3 16 18 30 36 80 120 720
2 3 16 18 30 36 105 112 5040
2 3 16 18 30 39 80 117 9360
2 3 16 18 30 40 45 48 720
2 3 16 18 30 40 45 80 720
2 3 16 18 30 40 48 72 720
2 3 16 18 30 40 48 90 720
2 3 16 18 30 40 63 112 5040
2 3 16 18 30 40 72 80 720
2 3 16 18 30 40 80 90 720
2 3 16 18 30 40 112 126 5040
2 3 16 18 30 42 45 112 5040
2 3 16 18 30 42 63 80 5040
2 3 16 18 30 42 80 126 5040
2 3 16 18 30 42 90 112 5040
2 3 16 18 30 44 80 99 7920
2 3 16 18 30 45 48 60 720
2 3 16 18 30 45 48 72 720
2 3 16 18 30 45 48 80 720
2 3 16 18 30 45 48 90 720
2 3 16 18 30 45 48 120 720
2 3 16 18 30 45 56 112 5040
2 3 16 18 30 45 60 80 720
2 3 16 18 30 45 63 112 5040
2 3 16 18 30 45 70 112 5040
2 3 16 18 30 45 72 80 720
2 3 16 18 30 45 80 90 720
2 3 16 18 30 45 80 120 720
2 3 16 18 30 45 84 112 5040
2 3 16 18 30 45 105 112 5040
2 3 16 18 30 45 112 126 5040
2 3 16 18 30 48 55 99 7920
2 3 16 18 30 48 60 72 720
2 3 16 18 30 48 60 90 720
2 3 16 18 30 48 63 70 5040
2 3 16 18 30 48 63 105 5040
2 3 16 18 30 48 65 117 9360
2 3 16 18 30 48 70 126 5040
2 3 16 18 30 48 72 80 720
2 3 16 18 30 48 72 90 720
2 3 16 18 30 48 72 120 720
2 3 16 18 30 48 80 90 720
2 3 16 18 30 48 90 120 720
2 3 16 18 30 48 99 110 7920
2 3 16 18 30 48 105 126 5040
2 3 16 18 30 52 80 117 9360
2 3 16 18 30 54 80 108 2160
2 3 16 18 30 55 80 99 7920
2 3 16 18 30 56 63 80 5040
2 3 16 18 30 56 80 126 5040
2 3 16 18 30 56 90 112 5040
2 3 16 18 30 60 63 112 5040
2 3 16 18 30 60 72 80 720
2 3 16 18 30 60 80 90 720
2 3 16 18 30 60 112 126 5040
2 3 16 18 30 63 70 80 5040
2 3 16 18 30 63 70 112 5040
2 3 16 18 30 63 80 84 5040
2 3 16 18 30 63 80 105 5040
2 3 16 18 30 63 80 112 5040
2 3 16 18 30 63 80 126 5040
2 3 16 18 30 63 90 112 5040
2 3 16 18 30 63 105 112 5040
2 3 16 18 30 63 112 120 5040
2 3 16 18 30 65 80 117 9360
2 3 16 18 30 66 80 99 7920
2 3 16 18 30 70 72 112 5040
2 3 16 18 30 70 80 126 5040
2 3 16 18 30 70 90 112 5040
2 3 16 18 30 70 112 126 5040
2 3 16 18 30 72 80 90 720
2 3 16 18 30 72 80 120 720
2 3 16 18 30 72 105 112 5040
2 3 16 18 30 78 80 117 9360
2 3 16 18 30 80 84 126 5040
2 3 16 18 30 80 88 99 7920
2 3 16 18 30 80 90 120 720
2 3 16 18 30 80 99 110 7920
2 3 16 18 30 80 104 117 9360
2 3 16 18 30 80 105 126 5040
2 3 16 18 30 80 112 126 5040
2 3 16 18 30 84 90 112 5040
2 3 16 18 30 90 105 112 5040
2 3 16 18 30 90 112 126 5040
2 3 16 18 30 105 112 126 5040
2 3 16 18 30 112 120 126 5040
2 3 16 18 31 36 48 62 4464
2 3 16 18 31 36 48 93 4464
2 3 16 18 31 36 48 124 4464
2 3 16 18 31 45 62 80 22320
2 3 16 18 31 45 80 93 22320
2 3 16 18 31 45 80 124 22320
2 3 16 18 31 48 62 72 4464
2 3 16 18 31 48 72 93 4464
2 3 16 18 31 48 72 124 4464
2 3 16 18 31 62 63 112 31248
2 3 16 18 31 62 80 90 22320
2 3 16 18 31 62 112 126 31248
2 3 16 18 31 63 93 112 31248
2 3 16 18 31 63 112 124 31248
2 3 16 18 31 80 90 93 22320
2 3 16 18 31 80 90 124 22320
2 3 16 18 31 93 112 126 31248
2 3 16 18 31 112 124 126 31248
2 3 16 18 32 33 96 99 3168
2 3 16 18 32 36 48 96 288
2 3 16 18 32 36 72 96 288
2 3 16 18 32 39 96 117 3744
2 3 16 18 32 40 45 96 1440
2 3 16 18 32 40 90 96 1440
2 3 16 18 32 42 63 96 2016
2 3 16 18 32 42 96 126 2016
2 3 16 18 32 44 96 99 3168
2 3 16 18 32 45 60 96 1440
2 3 16 18 32 45 80 96 1440
2 3 16 18 32 45 90 96 1440
2 3 16 18 32 45 96 120 1440
2 3 16 18 32 48 72 96 288
2 3 16 18 32 52 96 117 3744
2 3 16 18 32 54 96 108 864
2 3 16 18 32 56 63 96 2016
2 3 16 18 32 56 96 126 2016
2 3 16 18 32 60 90 96 1440
2 3 16 18 32 63 84 96 2016
2 3 16 18 32 63 96 112 2016
2 3 16 18 32 63 96 126 2016
2 3 16 18 32 66 96 99 3168
2 3 16 18 32 78 96 117 3744
2 3 16 18 32 80 90 96 1440
2 3 16 18 32 84 96 126 2016
2 3 16 18 32 88 96 99 3168
2 3 16 18 32 90 96 120 1440
2 3 16 18 32 96 104 117 3744
2 3 16 18 32 96 112 126 2016
2 3 16 18 33 36 44 48 1584
2 3 16 18 33 36 48 66 1584
2 3 16 18 33 36 48 88 1584
2 3 16 18 33 36 48 99 1584
2 3 16 18 33 36 55 80 7920
2 3 16 18 33 36 77 112 11088
2 3 16 18 33 36 80 110 7920
2 3 16 18 33 40 80 99 7920
2 3 16 18 33 42 99 112 11088
2 3 16 18 33 44 45 80 7920
2 3 16 18 33 44 48 72 1584
2 3 16 18 33 44 48 99 1584
2 3 16 18 33 44 63 112 11088
2 3 16 18 33 44 80 90 7920
2 3 16 18 33 44 112 126 11088
2 3 16 18 33 45 48 55 7920
2 3 16 18 33 45 48 110 7920
2 3 16 18 33 45 55 80 7920
2 3 16 18 33 45 66 80 7920
2 3 16 18 33 45 80 88 7920
2 3 16 18 33 45 80 99 7920
2 3 16 18 33 45 80 110 7920
2 3 16 18 33 48 55 90 7920
2 3 16 18 33 48 63 77 11088
2 3 16 18 33 48 66 72 1584
2 3 16 18 33 48 66 99 1584
2 3 16 18 33 48 72 88 1584
2 3 16 18 33 48 72 99 1584
2 3 16 18 33 48 77 126 11088
2 3 16 18 33 48 88 99 1584
2 3 16 18 33 48 90 110 7920
2 3 16 18 33 55 72 80 7920
2 3 16 18 33 55 80 90 7920
2 3 16 18 33 55 80 99 7920
2 3 16 18 33 56 99 112 11088
2 3 16 18 33 60 80 99 7920
2 3 16 18 33 63 66 112 11088
2 3 16 18 33 63 77 112 11088
2 3 16 18 33 63 88 112 11088
2 3 16 18 33 63 99 112 11088
2 3 16 18 33 66 80 90 7920
2 3 16 18 33 66 112 126 11088
2 3 16 18 33 72 77 112 11088
2 3 16 18 33 72 80 110 7920
2 3 16 18 33 77 99 112 11088
2 3 16 18 33 77 112 126 11088
2 3 16 18 33 80 88 90 7920
2 3 16 18 33 80 90 99 7920
2 3 16 18 33 80 90 110 7920
2 3 16 18 33 80 99 110 7920
2 3 16 18 33 80 99 120 7920
2 3 16 18 33 84 99 112 11088
2 3 16 18 33 88 112 126 11088
2 3 16 18 33 99 112 126 11088
2 3 16 18 34 36 48 51 2448
2 3 16 18 34 36 48 68 2448
2 3 16 18 34 36 48 102 2448
2 3 16 18 34 36 80 85 12240
2 3 16 18 34 36 112 119 17136
2 3 16 18 34 45 48 85 12240
2 3 16 18 34 45 51 80 12240
2 3 16 18 34 45 68 80 12240
2 3 16 18 34 45 80 85 12240
2 3 16 18 34 45 80 102 12240
2 3 16 18 34 48 51 72 2448
2 3 16 18 34 48 63 119 17136
2 3 16 18 34 48 68 72 2448
2 3 16 18 34 48 72 102 2448
2 3 16 18 34 48 85 90 12240
2 3 16 18 34 48 119 126 17136
2 3 16 18 34 51 63 112 17136
2 3 16 18 34 51 80 90 12240
2 3 16 18 34 51 112 126 17136
2 3 16 18 34 63 68 112 17136
2 3 16 18 34 63 102 112 17136
2 3 16 18 34 63 112 119 17136
2 3 16 18 34 68 80 90 12240
2 3 16 18 34 68 112 126 17136
2 3 16 18 34 72 80 85 12240
2 3 16 18 34 72 112 119 17136
2 3 16 18 34 80 85 90 12240
2 3 16 18 34 80 90 102 12240
2 3 16 18 34 102 112 126 17136
2 3 16 18 34 112 119 126 17136
2 3 16 18 35 36 40 112 5040
2 3 16 18 35 36 42 80 5040
2 3 16 18 35 36 45 112 5040
2 3 16 18 35 36 48 70 5040
2 3 16 18 35 36 48 105 5040
2 3 16 18 35 36 56 80 5040
2 3 16 18 35 36 60 112 5040
2 3 16 18 35 36 63 80 5040
2 3 16 18 35 36 70 80 5040
2 3 16 18 35 36 70 112 5040
2 3 16 18 35 36 80 84 5040
2 3 16 18 35 36 80 105 5040
2 3 16 18 35 36 80 112 5040
2 3 16 18 35 36 80 126 5040
2 3 16 18 35 36 90 112 5040
2 3 16 18 35 36 105 112 5040
2 3 16 18 35 36 112 120 5040
2 3 16 18 35 40 45 112 5040
2 3 16 18 35 40 48 63 5040
2 3 16 18 35 40 48 126 5040
2 3 16 18 35 40 63 80 5040
2 3 16 18 35 40 63 112 5040
2 3 16 18 35 40 72 112 5040
2 3 16 18 35 40 80 126 5040
2 3 16 18 35 40 90 112 5040
2 3 16 18 35 40 112 126 5040
2 3 16 18 35 42 45 48 5040
2 3 16 18 35 42 45 80 5040
2 3 16 18 35 42 45 112 5040
2 3 16 18 35 42 48 90 5040
2 3 16 18 35 42 63 80 5040
2 3 16 18 35 42 72 80 5040
2 3 16 18 35 42 80 90 5040
2 3 16 18 35 42 80 126 5040
2 3 16 18 35 42 90 112 5040
2 3 16 18 35 45 48 56 5040
2 3 16 18 35 45 48 63 5040
2 3 16 18 35 45 48 70 5040
2 3 16 18 35 45 48 84 5040
2 3 16 18 35 45 48 105 5040
2 3 16 18 35 45 48 112 5040
2 3 16 18 35 45 48 126 5040
2 3 16 18 35 45 56 80 5040
2 3 16 18 35 45 56 112 5040
2 3 16 18 35 45 60 112 5040
2 3 16 18 35 45 63 80 5040
2 3 16 18 35 45 63 112 5040
2 3 16 18 35 45 70 80 5040
2 3 16 18 35 45 70 112 5040
2 3 16 18 35 45 72 112 5040
2 3 16 18 35 45 80 84 5040
2 3 16 18 35 45 80 105 5040
2 3 16 18 35 45 80 112 5040
2 3 16 18 35 45 80 126 5040
2 3 16 18 35 45 84 112 5040
2 3 16 18 35 45 90 112 5040
2 3 16 18 35 45 105 112 5040
2 3 16 18 35 45 112 120 5040
2 3 16 18 35 45 112 126 5040
2 3 16 18 35 48 56 90 5040
2 3 16 18 35 48 60 63 5040
2 3 16 18 35 48 60 126 5040
2 3 16 18 35 48 63 70 5040
2 3 16 18 35 48 63 80 5040
2 3 16 18 35 48 63 90 5040
2 3 16 18 35 48 63 105 5040
2 3 16 18 35 48 63 120 5040
2 3 16 18 35 48 70 72 5040
2 3 16 18 35 48 70 90 5040
2 3 16 18 35 48 70 126 5040
2 3 16 18 35 48 72 105 5040
2 3 16 18 35 48 80 126 5040
2 3 16 18 35 48 84 90 5040
2 3 16 18 35 48 90 105 5040
2 3 16 18 35 48 90 112 5040
2 3 16 18 35 48 90 126 5040
2 3 16 18 35 48 105 126 5040
2 3 16 18 35 48 120 126 5040
2 3 16 18 35 55 99 112 55440
2 3 16 18 35 56 63 80 5040
2 3 16 18 35 56 72 80 5040
2 3 16 18 35 56 80 90 5040
2 3 16 18 35 56 80 126 5040
2 3 16 18 35 56 90 112 5040
2 3 16 18 35 60 63 80 5040
2 3 16 18 35 60 63 112 5040
2 3 16 18 35 60 72 112 5040
2 3 16 18 35 60 80 126 5040
2 3 16 18 35 60 90 112 5040
2 3 16 18 35 60 112 126 5040
2 3 16 18 35 63 70 80 5040
2 3 16 18 35 63 70 112 5040
2 3 16 18 35 63 72 80 5040
2 3 16 18 35 63 80 84 5040
2 3 16 18 35 63 80 90 5040
2 3 16 18 35 63 80 105 5040
2 3 16 18 35 63 80 112 5040
2 3 16 18 35 63 80 120 5040
2 3 16 18 35 63 80 126 5040
2 3 16 18 35 63 90 112 5040
2 3 16 18 35 63 105 112 5040
2 3 16 18 35 63 112 120 5040
2 3 16 18 35 65 112 117 65520
2 3 16 18 35 70 72 80 5040
2 3 16 18 35 70 72 112 5040
2 3 16 18 35 70 80 90 5040
2 3 16 18 35 70 80 126 5040
2 3 16 18 35 70 90 112 5040
2 3 16 18 35 70 112 126 5040
2 3 16 18 35 72 80 84 5040
2 3 16 18 35 72 80 105 5040
2 3 16 18 35 72 80 112 5040
2 3 16 18 35 72 80 126 5040
2 3 16 18 35 72 90 112 5040
2 3 16 18 35 72 105 112 5040
2 3 16 18 35 72 112 120 5040
2 3 16 18 35 77 80 99 55440
2 3 16 18 35 80 84 90 5040
2 3 16 18 35 80 84 126 5040
2 3 16 18 35 80 90 105 5040
2 3 16 18 35 80 90 112 5040
2 3 16 18 35 80 90 126 5040
2 3 16 18 35 80 91 117 65520
2 3 16 18 35 80 105 126 5040
2 3 16 18 35 80 112 126 5040
2 3 16 18 35 80 120 126 5040
2 3 16 18 35 84 90 112 5040
2 3 16 18 35 90 105 112 5040
2 3 16 18 35 90 112 120 5040
2 3 16 18 35 90 112 126 5040
2 3 16 18 35 99 110 112 55440
2 3 16 18 35 105 112 126 5040
2 3 16 18 35 112 120 126 5040
2 3 16 18 36 37 48 74 5328
2 3 16 18 36 37 48 111 5328
2 3 16 18 36 38 48 57 2736
2 3 16 18 36 38 48 76 2736
2 3 16 18 36 38 48 114 2736
2 3 16 18 36 38 80 95 13680
2 3 16 18 36 39 48 52 1872
2 3 16 18 36 39 48 78 1872
2 3 16 18 36 39 48 104 1872
2 3 16 18 36 39 48 117 1872
2 3 16 18 36 39 65 80 9360
2 3 16 18 36 39 91 112 13104
2 3 16 18 36 40 45 48 720
2 3 16 18 36 40 45 80 720
2 3 16 18 36 40 48 60 720
2 3 16 18 36 40 48 80 720
2 3 16 18 36 40 48 90 720
2 3 16 18 36 40 48 120 720
2 3 16 18 36 40 60 80 720
2 3 16 18 36 40 70 112 5040
2 3 16 18 36 40 72 80 720
2 3 16 18 36 40 80 90 720
2 3 16 18 36 40 80 120 720
2 3 16 18 36 40 105 112 5040
2 3 16 18 36 41 48 82 5904
2 3 16 18 36 41 48 123 5904
2 3 16 18 36 42 48 56 1008
2 3 16 18 36 42 48 63 1008
2 3 16 18 36 42 48 84 1008
2 3 16 18 36 42 48 112 1008
2 3 16 18 36 42 48 126 1008
2 3 16 18 36 42 56 112 1008
2 3 16 18 36 42 63 112 1008
2 3 16 18 36 42 70 80 5040
2 3 16 18 36 42 72 112 1008
2 3 16 18 36 42 80 105 5040
2 3 16 18 36 42 84 112 1008
2 3 16 18 36 42 112 126 1008
2 3 16 18 36 43 48 86 6192
2 3 16 18 36 44 48 66 1584
2 3 16 18 36 44 48 88 1584
2 3 16 18 36 44 48 99 1584
2 3 16 18 36 44 55 80 7920
2 3 16 18 36 44 77 112 11088
2 3 16 18 36 44 80 110 7920
2 3 16 18 36 45 48 60 720
2 3 16 18 36 45 48 80 720
2 3 16 18 36 45 48 90 720
2 3 16 18 36 45 48 120 720
2 3 16 18 36 45 60 80 720
2 3 16 18 36 45 70 112 5040
2 3 16 18 36 45 72 80 720
2 3 16 18 36 45 80 90 720
2 3 16 18 36 45 80 120 720
2 3 16 18 36 45 105 112 5040
2 3 16 18 36 46 48 69 3312
2 3 16 18 36 46 48 92 3312
2 3 16 18 36 46 80 115 16560
2 3 16 18 36 47 48 94 6768
2 3 16 18 36 48 49 98 7056
2 3 16 18 36 48 50 75 3600
2 3 16 18 36 48 50 100 3600
2 3 16 18 36 48 51 68 2448
2 3 16 18 36 48 51 102 2448
2 3 16 18 36 48 52 78 1872
2 3 16 18 36 48 52 104 1872
2 3 16 18 36 48 52 117 1872
2 3 16 18 36 48 53 106 7632
2 3 16 18 36 48 54 108 432
2 3 16 18 36 48 55 110 7920
2 3 16 18 36 48 56 63 1008
2 3 16 18 36 48 56 84 1008
2 3 16 18 36 48 56 112 1008
2 3 16 18 36 48 56 126 1008
2 3 16 18 36 48 57 76 2736
2 3 16 18 36 48 57 114 2736
2 3 16 18 36 48 58 87 4176
2 3 16 18 36 48 58 116 4176
2 3 16 18 36 48 59 118 8496
2 3 16 18 36 48 60 80 720
2 3 16 18 36 48 60 90 720
2 3 16 18 36 48 60 120 720
2 3 16 18 36 48 61 122 8784
2 3 16 18 36 48 62 93 4464
2 3 16 18 36 48 62 124 4464
2 3 16 18 36 48 63 84 1008
2 3 16 18 36 48 63 112 1008
2 3 16 18 36 48 63 126 1008
2 3 16 18 36 48 66 88 1584
2 3 16 18 36 48 66 99 1584
2 3 16 18 36 48 68 102 2448
2 3 16 18 36 48 69 92 3312
2 3 16 18 36 48 70 105 5040
2 3 16 18 36 48 74 111 5328
2 3 16 18 36 48 75 100 3600
2 3 16 18 36 48 76 114 2736
2 3 16 18 36 48 78 104 1872
2 3 16 18 36 48 78 117 1872
2 3 16 18 36 48 80 90 720
2 3 16 18 36 48 80 120 720
2 3 16 18 36 48 82 123 5904
2 3 16 18 36 48 84 112 1008
2 3 16 18 36 48 84 126 1008
2 3 16 18 36 48 87 116 4176
2 3 16 18 36 48 88 99 1584
2 3 16 18 36 48 90 120 720
2 3 16 18 36 48 93 124 4464
2 3 16 18 36 48 104 117 1872
2 3 16 18 36 48 112 126 1008
2 3 16 18 36 49 98 112 7056
2 3 16 18 36 50 75 80 3600
2 3 16 18 36 50 80 100 3600
2 3 16 18 36 51 80 85 12240
2 3 16 18 36 51 112 119 17136
2 3 16 18 36 52 65 80 9360
2 3 16 18 36 52 91 112 13104
2 3 16 18 36 55 66 80 7920
2 3 16 18 36 55 80 88 7920
2 3 16 18 36 55 80 99 7920
2 3 16 18 36 55 80 110 7920
2 3 16 18 36 56 63 112 1008
2 3 16 18 36 56 70 80 5040
2 3 16 18 36 56 72 112 1008
2 3 16 18 36 56 80 105 5040
2 3 16 18 36 56 84 112 1008
2 3 16 18 36 56 112 126 1008
2 3 16 18 36 57 80 95 13680
2 3 16 18 36 60 70 112 5040
2 3 16 18 36 60 72 80 720
2 3 16 18 36 60 80 90 720
2 3 16 18 36 60 80 120 720
2 3 16 18 36 60 105 112 5040
2 3 16 18 36 63 70 80 5040
2 3 16 18 36 63 72 112 1008
2 3 16 18 36 63 80 105 5040
2 3 16 18 36 63 84 112 1008
2 3 16 18 36 63 112 126 1008
2 3 16 18 36 65 78 80 9360
2 3 16 18 36 65 80 104 9360
2 3 16 18 36 65 80 117 9360
2 3 16 18 36 66 77 112 11088
2 3 16 18 36 66 80 110 7920
2 3 16 18 36 68 80 85 12240
2 3 16 18 36 68 112 119 17136
2 3 16 18 36 69 80 115 16560
2 3 16 18 36 70 80 84 5040
2 3 16 18 36 70 80 105 5040
2 3 16 18 36 70 80 112 5040
2 3 16 18 36 70 80 126 5040
2 3 16 18 36 70 90 112 5040
2 3 16 18 36 70 105 112 5040
2 3 16 18 36 70 112 120 5040
2 3 16 18 36 72 80 90 720
2 3 16 18 36 72 80 120 720
2 3 16 18 36 72 84 112 1008
2 3 16 18 36 72 112 126 1008
2 3 16 18 36 75 80 100 3600
2 3 16 18 36 76 80 95 13680
2 3 16 18 36 77 88 112 11088
2 3 16 18 36 77 99 112 11088
2 3 16 18 36 78 91 112 13104
2 3 16 18 36 80 84 105 5040
2 3 16 18 36 80 85 102 12240
2 3 16 18 36 80 88 110 7920
2 3 16 18 36 80 90 120 720
2 3 16 18 36 80 92 115 16560
2 3 16 18 36 80 95 114 13680
2 3 16 18 36 80 99 110 7920
2 3 16 18 36 80 105 112 5040
2 3 16 18 36 80 105 126 5040
2 3 16 18 36 84 112 126 1008
2 3 16 18 36 90 105 112 5040
2 3 16 18 36 91 104 112 13104
2 3 16 18 36 91 112 117 13104
2 3 16 18 36 102 112 119 17136
2 3 16 18 36 105 112 120 5040
2 3 16 18 37 45 74 80 26640
2 3 16 18 37 45 80 111 26640
2 3 16 18 37 48 72 74 5328
2 3 16 18 37 48 72 111 5328
2 3 16 18 37 63 74 112 37296
2 3 16 18 37 63 111 112 37296
2 3 16 18 37 74 80 90 26640
2 3 16 18 37 74 112 126 37296
2 3 16 18 37 80 90 111 26640
2 3 16 18 37 111 112 126 37296
2 3 16 18 38 45 48 95 13680
2 3 16 18 38 45 57 80 13680
2 3 16 18 38 45 76 80 13680
2 3 16 18 38 45 80 95 13680
2 3 16 18 38 45 80 114 13680
2 3 16 18 38 48 57 72 2736
2 3 16 18 38 48 72 76 2736
2 3 16 18 38 48 72 114 2736
2 3 16 18 38 48 90 95 13680
2 3 16 18 38 57 63 112 19152
2 3 16 18 38 57 80 90 13680
2 3 16 18 38 57 112 126 19152
2 3 16 18 38 63 76 112 19152
2 3 16 18 38 63 112 114 19152
2 3 16 18 38 72 80 95 13680
2 3 16 18 38 76 80 90 13680
2 3 16 18 38 76 112 126 19152
2 3 16 18 38 80 90 95 13680
2 3 16 18 38 80 90 114 13680
2 3 16 18 38 112 114 126 19152
2 3 16 18 39 40 80 117 9360
2 3 16 18 39 42 112 117 13104
2 3 16 18 39 45 48 65 9360
2 3 16 18 39 45 52 80 9360
2 3 16 18 39 45 65 80 9360
2 3 16 18 39 45 78 80 9360
2 3 16 18 39 45 80 104 9360
2 3 16 18 39 45 80 117 9360
2 3 16 18 39 48 52 72 1872
2 3 16 18 39 48 52 117 1872
2 3 16 18 39 48 63 91 13104
2 3 16 18 39 48 65 90 9360
2 3 16 18 39 48 72 78 1872
2 3 16 18 39 48 72 104 1872
2 3 16 18 39 48 72 117 1872
2 3 16 18 39 48 78 117 1872
2 3 16 18 39 48 91 126 13104
2 3 16 18 39 48 104 117 1872
2 3 16 18 39 52 63 112 13104
2 3 16 18 39 52 80 90 9360
2 3 16 18 39 52 112 126 13104
2 3 16 18 39 56 112 117 13104
2 3 16 18 39 60 80 117 9360
2 3 16 18 39 63 78 112 13104
2 3 16 18 39 63 91 112 13104
2 3 16 18 39 63 104 112 13104
2 3 16 18 39 63 112 117 13104
2 3 16 18 39 65 72 80 9360
2 3 16 18 39 65 80 90 9360
2 3 16 18 39 65 80 117 9360
2 3 16 18 39 72 91 112 13104
2 3 16 18 39 78 80 90 9360
2 3 16 18 39 78 112 126 13104
2 3 16 18 39 80 90 104 9360
2 3 16 18 39 80 90 117 9360
2 3 16 18 39 80 117 120 9360
2 3 16 18 39 84 112 117 13104
2 3 16 18 39 91 112 117 13104
2 3 16 18 39 91 112 126 13104
2 3 16 18 39 104 112 126 13104
2 3 16 18 39 112 117 126 13104
2 3 16 18 40 42 45 112 5040
2 3 16 18 40 42 63 80 5040
2 3 16 18 40 42 80 126 5040
2 3 16 18 40 42 90 112 5040
2 3 16 18 40 44 80 99 7920
2 3 16 18 40 45 48 60 720
2 3 16 18 40 45 48 72 720
2 3 16 18 40 45 48 80 720
2 3 16 18 40 45 48 90 720
2 3 16 18 40 45 48 120 720
2 3 16 18 40 45 56 112 5040
2 3 16 18 40 45 60 80 720
2 3 16 18 40 45 63 112 5040
2 3 16 18 40 45 70 112 5040
2 3 16 18 40 45 72 80 720
2 3 16 18 40 45 80 90 720
2 3 16 18 40 45 80 120 720
2 3 16 18 40 45 84 112 5040
2 3 16 18 40 45 105 112 5040
2 3 16 18 40 45 112 126 5040
2 3 16 18 40 48 55 99 7920
2 3 16 18 40 48 60 72 720
2 3 16 18 40 48 60 90 720
2 3 16 18 40 48 63 70 5040
2 3 16 18 40 48 63 105 5040
2 3 16 18 40 48 65 117 9360
2 3 16 18 40 48 70 126 5040
2 3 16 18 40 48 72 80 720
2 3 16 18 40 48 72 90 720
2 3 16 18 40 48 72 120 720
2 3 16 18 40 48 80 90 720
2 3 16 18 40 48 90 120 720
2 3 16 18 40 48 99 110 7920
2 3 16 18 40 48 105 126 5040
2 3 16 18 40 52 80 117 9360
2 3 16 18 40 54 80 108 2160
2 3 16 18 40 55 80 99 7920
2 3 16 18 40 56 63 80 5040
2 3 16 18 40 56 80 126 5040
2 3 16 18 40 56 90 112 5040
2 3 16 18 40 60 63 112 5040
2 3 16 18 40 60 72 80 720
2 3 16 18 40 60 80 90 720
2 3 16 18 40 60 112 126 5040
2 3 16 18 40 63 70 80 5040
2 3 16 18 40 63 70 112 5040
2 3 16 18 40 63 80 84 5040
2 3 16 18 40 63 80 105 5040
2 3 16 18 40 63 80 112 5040
2 3 16 18 40 63 80 126 5040
2 3 16 18 40 63 90 112 5040
2 3 16 18 40 63 105 112 5040
2 3 16 18 40 63 112 120 5040
2 3 16 18 40 65 80 117 9360
2 3 16 18 40 66 80 99 7920
2 3 16 18 40 70 72 112 5040
2 3 16 18 40 70 80 126 5040
2 3 16 18 40 70 90 112 5040
2 3 16 18 40 70 112 126 5040
2 3 16 18 40 72 80 90 720
2 3 16 18 40 72 80 120 720
2 3 16 18 40 72 105 112 5040
2 3 16 18 40 78 80 117 9360
2 3 16 18 40 80 84 126 5040
2 3 16 18 40 80 88 99 7920
2 3 16 18 40 80 90 120 720
2 3 16 18 40 80 99 110 7920
2 3 16 18 40 80 104 117 9360
2 3 16 18 40 80 105 126 5040
2 3 16 18 40 80 112 126 5040
2 3 16 18 40 84 90 112 5040
2 3 16 18 40 90 105 112 5040
2 3 16 18 40 90 112 126 5040
2 3 16 18 40 105 112 126 5040
2 3 16 18 40 112 120 126 5040
2 3 16 18 41 45 80 82 29520
2 3 16 18 41 45 80 123 29520
2 3 16 18 41 48 72 82 5904
2 3 16 18 41 48 72 123 5904
2 3 16 18 41 63 82 112 41328
2 3 16 18 41 63 112 123 41328
2 3 16 18 41 80 82 90 29520
2 3 16 18 41 80 90 123 29520
2 3 16 18 41 82 112 126 41328
2 3 16 18 41 112 123 126 41328
2 3 16 18 42 44 99 112 11088
2 3 16 18 42 45 48 70 5040
2 3 16 18 42 45 48 105 5040
2 3 16 18 42 45 56 80 5040
2 3 16 18 42 45 60 112 5040
2 3 16 18 42 45 63 80 5040
2 3 16 18 42 45 70 80 5040
2 3 16 18 42 45 70 112 5040
2 3 16 18 42 45 80 84 5040
2 3 16 18 42 45 80 105 5040
2 3 16 18 42 45 80 112 5040
2 3 16 18 42 45 80 126 5040
2 3 16 18 42 45 90 112 5040
2 3 16 18 42 45 105 112 5040
2 3 16 18 42 45 112 120 5040
2 3 16 18 42 48 56 63 1008
2 3 16 18 42 48 56 72 1008
2 3 16 18 42 48 56 126 1008
2 3 16 18 42 48 63 72 1008
2 3 16 18 42 48 63 84 1008
2 3 16 18 42 48 63 112 1008
2 3 16 18 42 48 63 126 1008
2 3 16 18 42 48 70 90 5040
2 3 16 18 42 48 72 84 1008
2 3 16 18 42 48 72 112 1008
2 3 16 18 42 48 72 126 1008
2 3 16 18 42 48 77 99 11088
2 3 16 18 42 48 84 126 1008
2 3 16 18 42 48 90 105 5040
2 3 16 18 42 48 91 117 13104
2 3 16 18 42 48 112 126 1008
2 3 16 18 42 52 112 117 13104
2 3 16 18 42 54 108 112 3024
2 3 16 18 42 56 63 112 1008
2 3 16 18 42 56 72 112 1008
2 3 16 18 42 56 80 90 5040
2 3 16 18 42 56 112 126 1008
2 3 16 18 42 60 63 80 5040
2 3 16 18 42 60 80 126 5040
2 3 16 18 42 60 90 112 5040
2 3 16 18 42 63 70 80 5040
2 3 16 18 42 63 72 112 1008
2 3 16 18 42 63 80 90 5040
2 3 16 18 42 63 80 105 5040
2 3 16 18 42 63 80 120 5040
2 3 16 18 42 63 84 112 1008
2 3 16 18 42 63 112 126 1008
2 3 16 18 42 66 99 112 11088
2 3 16 18 42 70 72 80 5040
2 3 16 18 42 70 80 90 5040
2 3 16 18 42 70 80 126 5040
2 3 16 18 42 70 90 112 5040
2 3 16 18 42 72 80 105 5040
2 3 16 18 42 72 84 112 1008
2 3 16 18 42 72 112 126 1008
2 3 16 18 42 77 99 112 11088
2 3 16 18 42 78 112 117 13104
2 3 16 18 42 80 84 90 5040
2 3 16 18 42 80 90 105 5040
2 3 16 18 42 80 90 112 5040
2 3 16 18 42 80 90 126 5040
2 3 16 18 42 80 105 126 5040
2 3 16 18 42 80 120 126 5040
2 3 16 18 42 84 112 126 1008
2 3 16 18 42 88 99 112 11088
2 3 16 18 42 90 105 112 5040
2 3 16 18 42 90 112 120 5040
2 3 16 18 42 91 112 117 13104
2 3 16 18 42 104 112 117 13104
2 3 16 18 43 45 80 86 30960
2 3 16 18 43 48 72 86 6192
2 3 16 18 43 63 86 112 43344
2 3 16 18 43 80 86 90 30960
2 3 16 18 43 86 112 126 43344
2 3 16 18 44 45 48 55 7920
2 3 16 18 44 45 48 110 7920
2 3 16 18 44 45 55 80 7920
2 3 16 18 44 45 66 80 7920
2 3 16 18 44 45 80 88 7920
2 3 16 18 44 45 80 99 7920
2 3 16 18 44 45 80 110 7920
2 3 16 18 44 48 55 90 7920
2 3 16 18 44 48 63 77 11088
2 3 16 18 44 48 66 72 1584
2 3 16 18 44 48 66 99 1584
2 3 16 18 44 48 72 88 1584
2 3 16 18 44 48 72 99 1584
2 3 16 18 44 48 77 126 11088
2 3 16 18 44 48 88 99 1584
2 3 16 18 44 48 90 110 7920
2 3 16 18 44 55 72 80 7920
2 3 16 18 44 55 80 90 7920
2 3 16 18 44 55 80 99 7920
2 3 16 18 44 56 99 112 11088
2 3 16 18 44 60 80 99 7920
2 3 16 18 44 63 66 112 11088
2 3 16 18 44 63 77 112 11088
2 3 16 18 44 63 88 112 11088
2 3 16 18 44 63 99 112 11088
2 3 16 18 44 66 80 90 7920
2 3 16 18 44 66 112 126 11088
2 3 16 18 44 72 77 112 11088
2 3 16 18 44 72 80 110 7920
2 3 16 18 44 77 99 112 11088
2 3 16 18 44 77 112 126 11088
2 3 16 18 44 80 88 90 7920
2 3 16 18 44 80 90 99 7920
2 3 16 18 44 80 90 110 7920
2 3 16 18 44 80 99 110 7920
2 3 16 18 44 80 99 120 7920
2 3 16 18 44 84 99 112 11088
2 3 16 18 44 88 112 126 11088
2 3 16 18 44 99 112 126 11088
2 3 16 18 45 46 48 115 16560
2 3 16 18 45 46 69 80 16560
2 3 16 18 45 46 80 92 16560
2 3 16 18 45 46 80 115 16560
2 3 16 18 45 47 80 94 33840
2 3 16 18 45 48 50 75 3600
2 3 16 18 45 48 50 100 3600
2 3 16 18 45 48 51 85 12240
2 3 16 18 45 48 52 65 9360
2 3 16 18 45 48 55 66 7920
2 3 16 18 45 48 55 88 7920
2 3 16 18 45 48 55 99 7920
2 3 16 18 45 48 55 110 7920
2 3 16 18 45 48 56 70 5040
2 3 16 18 45 48 56 105 5040
2 3 16 18 45 48 57 95 13680
2 3 16 18 45 48 60 72 720
2 3 16 18 45 48 60 80 720
2 3 16 18 45 48 60 90 720
2 3 16 18 45 48 60 120 720
2 3 16 18 45 48 63 70 5040
2 3 16 18 45 48 63 105 5040
2 3 16 18 45 48 65 78 9360
2 3 16 18 45 48 65 104 9360
2 3 16 18 45 48 65 117 9360
2 3 16 18 45 48 66 110 7920
2 3 16 18 45 48 68 85 12240
2 3 16 18 45 48 69 115 16560
2 3 16 18 45 48 70 84 5040
2 3 16 18 45 48 70 105 5040
2 3 16 18 45 48 70 112 5040
2 3 16 18 45 48 70 126 5040
2 3 16 18 45 48 72 80 720
2 3 16 18 45 48 72 90 720
2 3 16 18 45 48 72 120 720
2 3 16 18 45 48 75 100 3600
2 3 16 18 45 48 76 95 13680
2 3 16 18 45 48 80 90 720
2 3 16 18 45 48 80 120 720
2 3 16 18 45 48 84 105 5040
2 3 16 18 45 48 85 102 12240
2 3 16 18 45 48 88 110 7920
2 3 16 18 45 48 90 120 720
2 3 16 18 45 48 92 115 16560
2 3 16 18 45 48 95 114 13680
2 3 16 18 45 48 99 110 7920
2 3 16 18 45 48 105 112 5040
2 3 16 18 45 48 105 126 5040
2 3 16 18 45 49 80 98 35280
2 3 16 18 45 50 75 80 3600
2 3 16 18 45 50 80 100 3600
2 3 16 18 45 51 68 80 12240
2 3 16 18 45 51 80 85 12240
2 3 16 18 45 51 80 102 12240
2 3 16 18 45 52 65 80 9360
2 3 16 18 45 52 78 80 9360
2 3 16 18 45 52 80 104 9360
2 3 16 18 45 52 80 117 9360
2 3 16 18 45 53 80 106 38160
2 3 16 18 45 54 80 108 2160
2 3 16 18 45 55 66 80 7920
2 3 16 18 45 55 77 112 55440
2 3 16 18 45 55 80 88 7920
2 3 16 18 45 55 80 99 7920
2 3 16 18 45 55 80 110 7920
2 3 16 18 45 56 60 112 5040
2 3 16 18 45 56 63 80 5040
2 3 16 18 45 56 70 80 5040
2 3 16 18 45 56 70 112 5040
2 3 16 18 45 56 80 84 5040
2 3 16 18 45 56 80 105 5040
2 3 16 18 45 56 80 112 5040
2 3 16 18 45 56 80 126 5040
2 3 16 18 45 56 90 112 5040
2 3 16 18 45 56 105 112 5040
2 3 16 18 45 56 112 120 5040
2 3 16 18 45 57 76 80 13680
2 3 16 18 45 57 80 95 13680
2 3 16 18 45 57 80 114 13680
2 3 16 18 45 58 80 87 20880
2 3 16 18 45 58 80 116 20880
2 3 16 18 45 59 80 118 42480
2 3 16 18 45 60 63 112 5040
2 3 16 18 45 60 70 112 5040
2 3 16 18 45 60 72 80 720
2 3 16 18 45 60 80 90 720
2 3 16 18 45 60 80 120 720
2 3 16 18 45 60 84 112 5040
2 3 16 18 45 60 105 112 5040
2 3 16 18 45 60 112 126 5040
2 3 16 18 45 61 80 122 43920
2 3 16 18 45 62 80 93 22320
2 3 16 18 45 62 80 124 22320
2 3 16 18 45 63 70 80 5040
2 3 16 18 45 63 70 112 5040
2 3 16 18 45 63 80 84 5040
2 3 16 18 45 63 80 105 5040
2 3 16 18 45 63 80 112 5040
2 3 16 18 45 63 80 126 5040
2 3 16 18 45 63 90 112 5040
2 3 16 18 45 63 105 112 5040
2 3 16 18 45 63 112 120 5040
2 3 16 18 45 65 78 80 9360
2 3 16 18 45 65 80 104 9360
2 3 16 18 45 65 80 117 9360
2 3 16 18 45 65 91 112 65520
2 3 16 18 45 66 80 88 7920
2 3 16 18 45 66 80 99 7920
2 3 16 18 45 66 80 110 7920
2 3 16 18 45 68 80 85 12240
2 3 16 18 45 68 80 102 12240
2 3 16 18 45 69 80 92 16560
2 3 16 18 45 69 80 115 16560
2 3 16 18 45 70 72 112 5040
2 3 16 18 45 70 80 84 5040
2 3 16 18 45 70 80 105 5040
2 3 16 18 45 70 80 112 5040
2 3 16 18 45 70 80 126 5040
2 3 16 18 45 70 84 112 5040
2 3 16 18 45 70 90 112 5040
2 3 16 18 45 70 105 112 5040
2 3 16 18 45 70 112 120 5040
2 3 16 18 45 70 112 126 5040
2 3 16 18 45 72 80 90 720
2 3 16 18 45 72 80 120 720
2 3 16 18 45 72 105 112 5040
2 3 16 18 45 74 80 111 26640
2 3 16 18 45 75 80 100 3600
2 3 16 18 45 76 80 95 13680
2 3 16 18 45 76 80 114 13680
2 3 16 18 45 77 110 112 55440
2 3 16 18 45 78 80 104 9360
2 3 16 18 45 78 80 117 9360
2 3 16 18 45 80 82 123 29520
2 3 16 18 45 80 84 105 5040
2 3 16 18 45 80 84 112 5040
2 3 16 18 45 80 84 126 5040
2 3 16 18 45 80 85 102 12240
2 3 16 18 45 80 87 116 20880
2 3 16 18 45 80 88 99 7920
2 3 16 18 45 80 88 110 7920
2 3 16 18 45 80 90 120 720
2 3 16 18 45 80 92 115 16560
2 3 16 18 45 80 93 124 22320
2 3 16 18 45 80 95 114 13680
2 3 16 18 45 80 99 110 7920
2 3 16 18 45 80 104 117 9360
2 3 16 18 45 80 105 112 5040
2 3 16 18 45 80 105 126 5040
2 3 16 18 45 80 112 126 5040
2 3 16 18 45 84 90 112 5040
2 3 16 18 45 84 105 112 5040
2 3 16 18 45 84 112 120 5040
2 3 16 18 45 85 112 119 85680
2 3 16 18 45 90 105 112 5040
2 3 16 18 45 90 112 126 5040
2 3 16 18 45 105 112 120 5040
2 3 16 18 46 48 69 72 3312
2 3 16 18 46 48 72 92 3312
2 3 16 18 46 48 90 115 16560
2 3 16 18 46 63 69 112 23184
2 3 16 18 46 63 92 112 23184
2 3 16 18 46 69 80 90 16560
2 3 16 18 46 69 112 126 23184
2 3 16 18 46 72 80 115 16560
2 3 16 18 46 80 90 92 16560
2 3 16 18 46 80 90 115 16560
2 3 16 18 46 92 112 126 23184
2 3 16 18 47 48 72 94 6768
2 3 16 18 47 63 94 112 47376
2 3 16 18 47 80 90 94 33840
2 3 16 18 47 94 112 126 47376
2 3 16 18 48 49 63 98 7056
2 3 16 18 48 49 72 98 7056
2 3 16 18 48 49 98 126 7056
2 3 16 18 48 50 72 75 3600
2 3 16 18 48 50 72 100 3600
2 3 16 18 48 50 75 90 3600
2 3 16 18 48 50 90 100 3600
2 3 16 18 48 51 63 119 17136
2 3 16 18 48 51 68 72 2448
2 3 16 18 48 51 72 102 2448
2 3 16 18 48 51 85 90 12240
2 3 16 18 48 51 119 126 17136
2 3 16 18 48 52 63 91 13104
2 3 16 18 48 52 65 90 9360
2 3 16 18 48 52 72 78 1872
2 3 16 18 48 52 72 104 1872
2 3 16 18 48 52 72 117 1872
2 3 16 18 48 52 78 117 1872
2 3 16 18 48 52 91 126 13104
2 3 16 18 48 52 104 117 1872
2 3 16 18 48 53 72 106 7632
2 3 16 18 48 54 72 108 432
2 3 16 18 48 55 60 99 7920
2 3 16 18 48 55 66 90 7920
2 3 16 18 48 55 72 110 7920
2 3 16 18 48 55 80 99 7920
2 3 16 18 48 55 88 90 7920
2 3 16 18 48 55 90 99 7920
2 3 16 18 48 55 90 110 7920
2 3 16 18 48 55 99 110 7920
2 3 16 18 48 55 99 120 7920
2 3 16 18 48 56 63 72 1008
2 3 16 18 48 56 63 84 1008
2 3 16 18 48 56 63 112 1008
2 3 16 18 48 56 63 126 1008
2 3 16 18 48 56 70 90 5040
2 3 16 18 48 56 72 84 1008
2 3 16 18 48 56 72 112 1008
2 3 16 18 48 56 72 126 1008
2 3 16 18 48 56 77 99 11088
2 3 16 18 48 56 84 126 1008
2 3 16 18 48 56 90 105 5040
2 3 16 18 48 56 91 117 13104
2 3 16 18 48 56 112 126 1008
2 3 16 18 48 57 72 76 2736
2 3 16 18 48 57 72 114 2736
2 3 16 18 48 57 90 95 13680
2 3 16 18 48 58 72 87 4176
2 3 16 18 48 58 72 116 4176
2 3 16 18 48 59 72 118 8496
2 3 16 18 48 60 63 70 5040
2 3 16 18 48 60 63 105 5040
2 3 16 18 48 60 65 117 9360
2 3 16 18 48 60 70 126 5040
2 3 16 18 48 60 72 80 720
2 3 16 18 48 60 72 90 720
2 3 16 18 48 60 72 120 720
2 3 16 18 48 60 80 90 720
2 3 16 18 48 60 90 120 720
2 3 16 18 48 60 99 110 7920
2 3 16 18 48 60 105 126 5040
2 3 16 18 48 61 72 122 8784
2 3 16 18 48 62 72 93 4464
2 3 16 18 48 62 72 124 4464
2 3 16 18 48 63 66 77 11088
2 3 16 18 48 63 68 119 17136
2 3 16 18 48 63 70 80 5040
2 3 16 18 48 63 70 90 5040
2 3 16 18 48 63 70 105 5040
2 3 16 18 48 63 70 120 5040
2 3 16 18 48 63 72 84 1008
2 3 16 18 48 63 72 112 1008
2 3 16 18 48 63 72 126 1008
2 3 16 18 48 63 77 88 11088
2 3 16 18 48 63 77 99 11088
2 3 16 18 48 63 78 91 13104
2 3 16 18 48 63 80 105 5040
2 3 16 18 48 63 84 112 1008
2 3 16 18 48 63 84 126 1008
2 3 16 18 48 63 90 105 5040
2 3 16 18 48 63 91 104 13104
2 3 16 18 48 63 91 117 13104
2 3 16 18 48 63 102 119 17136
2 3 16 18 48 63 105 120 5040
2 3 16 18 48 63 112 126 1008
2 3 16 18 48 65 78 90 9360
2 3 16 18 48 65 80 117 9360
2 3 16 18 48 65 90 104 9360
2 3 16 18 48 65 90 117 9360
2 3 16 18 48 65 117 120 9360
2 3 16 18 48 66 72 88 1584
2 3 16 18 48 66 72 99 1584
2 3 16 18 48 66 77 126 11088
2 3 16 18 48 66 88 99 1584
2 3 16 18 48 66 90 110 7920
2 3 16 18 48 68 72 102 2448
2 3 16 18 48 68 85 90 12240
2 3 16 18 48 68 119 126 17136
2 3 16 18 48 69 72 92 3312
2 3 16 18 48 69 90 115 16560
2 3 16 18 48 70 72 105 5040
2 3 16 18 48 70 80 126 5040
2 3 16 18 48 70 84 90 5040
2 3 16 18 48 70 90 105 5040
2 3 16 18 48 70 90 112 5040
2 3 16 18 48 70 90 126 5040
2 3 16 18 48 70 105 126 5040
2 3 16 18 48 70 120 126 5040
2 3 16 18 48 72 74 111 5328
2 3 16 18 48 72 75 100 3600
2 3 16 18 48 72 76 114 2736
2 3 16 18 48 72 78 104 1872
2 3 16 18 48 72 78 117 1872
2 3 16 18 48 72 80 90 720
2 3 16 18 48 72 80 120 720
2 3 16 18 48 72 82 123 5904
2 3 16 18 48 72 84 112 1008
2 3 16 18 48 72 84 126 1008
2 3 16 18 48 72 87 116 4176
2 3 16 18 48 72 88 99 1584
2 3 16 18 48 72 90 120 720
2 3 16 18 48 72 93 124 4464
2 3 16 18 48 72 104 117 1872
2 3 16 18 48 72 112 126 1008
2 3 16 18 48 75 90 100 3600
2 3 16 18 48 76 90 95 13680
2 3 16 18 48 77 84 99 11088
2 3 16 18 48 77 88 126 11088
2 3 16 18 48 77 99 112 11088
2 3 16 18 48 77 99 126 11088
2 3 16 18 48 78 91 126 13104
2 3 16 18 48 78 104 117 1872
2 3 16 18 48 80 90 120 720
2 3 16 18 48 80 99 110 7920
2 3 16 18 48 80 105 126 5040
2 3 16 18 48 84 90 105 5040
2 3 16 18 48 84 91 117 13104
2 3 16 18 48 84 112 126 1008
2 3 16 18 48 85 90 102 12240
2 3 16 18 48 88 90 110 7920
2 3 16 18 48 90 92 115 16560
2 3 16 18 48 90 95 114 13680
2 3 16 18 48 90 99 110 7920
2 3 16 18 48 90 105 112 5040
2 3 16 18 48 90 105 126 5040
2 3 16 18 48 91 104 126 13104
2 3 16 18 48 91 112 117 13104
2 3 16 18 49 63 98 112 7056
2 3 16 18 49 72 98 112 7056
2 3 16 18 49 80 90 98 35280
2 3 16 18 50 63 75 112 25200
2 3 16 18 50 63 100 112 25200
2 3 16 18 50 72 75 80 3600
2 3 16 18 50 72 80 100 3600
2 3 16 18 50 75 80 90 3600
2 3 16 18 50 75 112 126 25200
2 3 16 18 50 80 90 100 3600
2 3 16 18 51 63 68 112 17136
2 3 16 18 51 63 102 112 17136
2 3 16 18 51 63 112 119 17136
2 3 16 18 51 68 80 90 12240
2 3 16 18 51 68 112 126 17136
2 3 16 18 51 72 80 85 12240
2 3 16 18 51 72 112 119 17136
2 3 16 18 51 80 85 90 12240
2 3 16 18 51 80 90 102 12240
2 3 16 18 52 56 112 117 13104
2 3 16 18 52 60 80 117 9360
2 3 16 18 52 63 78 112 13104
2 3 16 18 52 63 91 112 13104
2 3 16 18 52 63 104 112 13104
2 3 16 18 52 63 112 117 13104
2 3 16 18 52 65 72 80 9360
2 3 16 18 52 65 80 90 9360
2 3 16 18 52 65 80 117 9360
2 3 16 18 52 72 91 112 13104
2 3 16 18 52 78 80 90 9360
2 3 16 18 52 78 112 126 13104
2 3 16 18 52 80 90 104 9360
2 3 16 18 52 80 90 117 9360
2 3 16 18 53 63 106 112 53424
2 3 16 18 53 80 90 106 38160
2 3 16 18 54 56 108 112 3024
2 3 16 18 54 60 80 108 2160
2 3 16 18 54 63 108 112 3024
2 3 16 18 54 80 90 108 2160
2 3 16 18 55 60 80 99 7920
2 3 16 18 55 63 77 80 55440
2 3 16 18 55 63 110 112 55440
2 3 16 18 55 66 72 80 7920
2 3 16 18 55 66 80 90 7920
2 3 16 18 55 66 80 99 7920
2 3 16 18 55 70 99 112 55440
2 3 16 18 55 72 80 88 7920
2 3 16 18 55 72 80 99 7920
2 3 16 18 55 72 80 110 7920
2 3 16 18 55 77 80 126 55440
2 3 16 18 55 77 90 112 55440
2 3 16 18 55 80 88 90 7920
2 3 16 18 55 80 88 99 7920
2 3 16 18 55 80 90 99 7920
2 3 16 18 55 80 90 110 7920
2 3 16 18 55 80 99 110 7920
2 3 16 18 55 80 99 120 7920
2 3 16 18 56 60 63 80 5040
2 3 16 18 56 60 80 126 5040
2 3 16 18 56 60 90 112 5040
2 3 16 18 56 63 70 80 5040
2 3 16 18 56 63 72 112 1008
2 3 16 18 56 63 80 90 5040
2 3 16 18 56 63 80 105 5040
2 3 16 18 56 63 80 120 5040
2 3 16 18 56 63 84 112 1008
2 3 16 18 56 63 112 126 1008
2 3 16 18 56 66 99 112 11088
2 3 16 18 56 70 72 80 5040
2 3 16 18 56 70 80 90 5040
2 3 16 18 56 70 80 126 5040
2 3 16 18 56 70 90 112 5040
2 3 16 18 56 72 80 105 5040
2 3 16 18 56 72 84 112 1008
2 3 16 18 56 77 99 112 11088
2 3 16 18 56 80 84 90 5040
2 3 16 18 56 80 90 105 5040
2 3 16 18 56 80 90 112 5040
2 3 16 18 56 80 90 126 5040
2 3 16 18 57 63 76 112 19152
2 3 16 18 57 63 112 114 19152
2 3 16 18 57 72 80 95 13680
2 3 16 18 57 76 80 90 13680
2 3 16 18 57 80 90 95 13680
2 3 16 18 57 80 90 114 13680
2 3 16 18 58 63 87 112 29232
2 3 16 18 58 63 112 116 29232
2 3 16 18 58 80 87 90 20880
2 3 16 18 58 80 90 116 20880
2 3 16 18 59 63 112 118 59472
2 3 16 18 59 80 90 118 42480
2 3 16 18 60 63 70 80 5040
2 3 16 18 60 63 70 112 5040
2 3 16 18 60 63 80 84 5040
2 3 16 18 60 63 80 105 5040
2 3 16 18 60 63 80 112 5040
2 3 16 18 60 63 80 126 5040
2 3 16 18 60 63 90 112 5040
2 3 16 18 60 63 105 112 5040
2 3 16 18 60 63 112 120 5040
2 3 16 18 60 65 80 117 9360
2 3 16 18 60 66 80 99 7920
2 3 16 18 60 70 72 112 5040
2 3 16 18 60 70 80 126 5040
2 3 16 18 60 70 90 112 5040
2 3 16 18 60 72 80 90 720
2 3 16 18 60 72 80 120 720
2 3 16 18 60 72 105 112 5040
2 3 16 18 60 78 80 117 9360
2 3 16 18 60 80 84 126 5040
2 3 16 18 60 80 88 99 7920
2 3 16 18 61 63 112 122 61488
2 3 16 18 62 63 93 112 31248
2 3 16 18 62 63 112 124 31248
2 3 16 18 62 80 90 93 22320
2 3 16 18 63 65 80 91 65520
2 3 16 18 63 66 77 112 11088
2 3 16 18 63 66 88 112 11088
2 3 16 18 63 66 99 112 11088
2 3 16 18 63 68 102 112 17136
2 3 16 18 63 69 92 112 23184
2 3 16 18 63 70 72 80 5040
2 3 16 18 63 70 80 84 5040
2 3 16 18 63 70 80 90 5040
2 3 16 18 63 70 80 105 5040
2 3 16 18 63 70 80 112 5040
2 3 16 18 63 70 80 120 5040
2 3 16 18 63 70 80 126 5040
2 3 16 18 63 70 90 112 5040
2 3 16 18 63 72 80 105 5040
2 3 16 18 63 72 84 112 1008
2 3 16 18 63 77 80 110 55440
2 3 16 18 63 77 88 112 11088
2 3 16 18 63 80 84 90 5040
2 3 16 18 63 80 84 105 5040
2 3 16 18 63 80 90 105 5040
2 3 16 18 65 72 78 80 9360
2 3 16 18 65 72 80 104 9360
2 3 16 18 65 72 80 117 9360
2 3 16 18 65 78 80 90 9360
2 3 16 18 65 78 80 117 9360
2 3 16 18 66 72 77 112 11088
2 3 16 18 66 72 80 110 7920
2 3 16 18 66 80 88 90 7920
2 3 16 18 66 80 90 99 7920
2 3 16 18 68 72 80 85 12240
2 3 16 18 68 80 85 90 12240
2 3 16 18 69 72 80 115 16560
2 3 16 18 69 80 90 92 16560
2 3 16 18 70 72 80 84 5040
2 3 16 18 70 72 80 105 5040
2 3 16 18 70 72 80 112 5040
2 3 16 18 70 77 80 99 55440
2 3 16 18 70 80 84 90 5040
2 3 16 18 72 75 80 100 3600
2 3 16 18 72 76 80 95 13680
2 3 16 19 20 21 95 112 31920
2 3 16 19 20 24 38 80 4560
2 3 16 19 20 24 48 95 4560
2 3 16 19 20 24 57 80 4560
2 3 16 19 20 24 76 80 4560
2 3 16 19 20 24 80 95 4560
2 3 16 19 20 24 80 114 4560
2 3 16 19 20 30 38 48 4560
2 3 16 19 20 30 38 80 4560
2 3 16 19 20 30 48 57 4560
2 3 16 19 20 30 48 76 4560
2 3 16 19 20 30 48 95 4560
2 3 16 19 20 30 48 114 4560
2 3 16 19 20 30 57 80 4560
2 3 16 19 20 30 76 80 4560
2 3 16 19 20 30 80 95 4560
2 3 16 19 20 30 80 114 4560
2 3 16 19 20 32 95 96 9120
2 3 16 19 20 35 57 112 31920
2 3 16 19 20 35 112 114 31920
2 3 16 19 20 38 40 48 4560
2 3 16 19 20 38 48 60 4560
2 3 16 19 20 38 48 80 4560
2 3 16 19 20 38 48 95 4560
2 3 16 19 20 38 48 120 4560
2 3 16 19 20 38 57 80 4560
2 3 16 19 20 38 60 80 4560
2 3 16 19 20 38 80 114 4560
2 3 16 19 20 38 80 120 4560
2 3 16 19 20 38 105 112 31920
2 3 16 19 20 40 48 57 4560
2 3 16 19 20 40 48 76 4560
2 3 16 19 20 40 48 95 4560
2 3 16 19 20 40 48 114 4560
2 3 16 19 20 40 57 80 4560
2 3 16 19 20 40 80 114 4560
2 3 16 19 20 42 95 112 31920
2 3 16 19 20 48 57 60 4560
2 3 16 19 20 48 57 80 4560
2 3 16 19 20 48 57 95 4560
2 3 16 19 20 48 57 120 4560
2 3 16 19 20 48 60 76 4560
2 3 16 19 20 48 60 95 4560
2 3 16 19 20 48 60 114 4560
2 3 16 19 20 48 76 80 4560
2 3 16 19 20 48 76 95 4560
2 3 16 19 20 48 76 120 4560
2 3 16 19 20 48 80 95 4560
2 3 16 19 20 48 80 114 4560
2 3 16 19 20 48 95 114 4560
2 3 16 19 20 48 95 120 4560
2 3 16 19 20 48 114 120 4560
2 3 16 19 20 57 60 80 4560
2 3 16 19 20 57 70 112 31920
2 3 16 19 20 57 76 80 4560
2 3 16 19 20 57 80 95 4560
2 3 16 19 20 57 80 114 4560
2 3 16 19 20 57 80 120 4560
2 3 16 19 20 57 105 112 31920
2 3 16 19 20 60 76 80 4560
2 3 16 19 20 60 80 95 4560
2 3 16 19 20 60 80 114 4560
2 3 16 19 20 70 112 114 31920
2 3 16 19 20 76 80 114 4560
2 3 16 19 20 76 80 120 4560
2 3 16 19 20 76 105 112 31920
2 3 16 19 20 80 95 114 4560
2 3 16 19 20 80 95 120 4560
2 3 16 19 20 80 114 120 4560
2 3 16 19 20 84 95 112 31920
2 3 16 19 20 95 105 112 31920
2 3 16 19 20 105 112 114 31920
2 3 16 19 21 24 38 112 6384
2 3 16 19 21 24 57 112 6384
2 3 16 19 21 24 76 112 6384
2 3 16 19 21 24 112 114 6384
2 3 16 19 21 28 38 48 6384
2 3 16 19 21 28 38 112 6384
2 3 16 19 21 28 48 57 6384
2 3 16 19 21 28 48 76 6384
2 3 16 19 21 28 48 114 6384
2 3 16 19 21 28 57 112 6384
2 3 16 19 21 28 76 112 6384
2 3 16 19 21 28 80 95 31920
2 3 16 19 21 28 112 114 6384
2 3 16 19 21 30 95 112 31920
2 3 16 19 21 35 38 80 31920
2 3 16 19 21 35 48 95 31920
2 3 16 19 21 35 57 80 31920
2 3 16 19 21 35 76 80 31920
2 3 16 19 21 35 80 95 31920
2 3 16 19 21 35 80 114 31920
2 3 16 19 21 35 95 112 31920
2 3 16 19 21 38 42 48 6384
2 3 16 19 21 38 42 112 6384
2 3 16 19 21 38 48 56 6384
2 3 16 19 21 38 48 84 6384
2 3 16 19 21 38 48 112 6384
2 3 16 19 21 38 56 112 6384
2 3 16 19 21 38 57 112 6384
2 3 16 19 21 38 70 80 31920
2 3 16 19 21 38 76 112 6384
2 3 16 19 21 38 80 105 31920
2 3 16 19 21 38 84 112 6384
2 3 16 19 21 38 112 114 6384
2 3 16 19 21 40 95 112 31920
2 3 16 19 21 42 48 57 6384
2 3 16 19 21 42 48 76 6384
2 3 16 19 21 42 48 114 6384
2 3 16 19 21 42 57 112 6384
2 3 16 19 21 42 76 112 6384
2 3 16 19 21 42 80 95 31920
2 3 16 19 21 42 112 114 6384
2 3 16 19 21 48 56 57 6384
2 3 16 19 21 48 56 76 6384
2 3 16 19 21 48 56 114 6384
2 3 16 19 21 48 57 84 6384
2 3 16 19 21 48 57 112 6384
2 3 16 19 21 48 70 95 31920
2 3 16 19 21 48 76 84 6384
2 3 16 19 21 48 76 112 6384
2 3 16 19 21 48 84 114 6384
2 3 16 19 21 48 95 105 31920
2 3 16 19 21 48 112 114 6384
2 3 16 19 21 56 57 112 6384
2 3 16 19 21 56 76 112 6384
2 3 16 19 21 56 80 95 31920
2 3 16 19 21 56 112 114 6384
2 3 16 19 21 57 70 80 31920
2 3 16 19 21 57 76 112 6384
2 3 16 19 21 57 80 105 31920
2 3 16 19 21 57 84 112 6384
2 3 16 19 21 57 112 114 6384
2 3 16 19 21 60 95 112 31920
2 3 16 19 21 70 76 80 31920
2 3 16 19 21 70 80 95 31920
2 3 16 19 21 70 80 114 31920
2 3 16 19 21 70 95 112 31920
2 3 16 19 21 76 80 105 31920
2 3 16 19 21 76 84 112 6384
2 3 16 19 21 76 112 114 6384
2 3 16 19 21 80 84 95 31920
2 3 16 19 21 80 95 105 31920
2 3 16 19 21 80 95 112 31920
2 3 16 19 21 80 105 114 31920
2 3 16 19 21 84 112 114 6384
2 3 16 19 21 95 105 112 31920
2 3 16 19 21 95 112 120 31920
2 3 16 19 22 33 38 48 10032
2 3 16 19 22 33 48 57 10032
2 3 16 19 22 33 48 76 10032
2 3 16 19 22 33 48 114 10032
2 3 16 19 22 33 80 95 50160
2 3 16 19 22 38 44 48 10032
2 3 16 19 22 38 48 66 10032
2 3 16 19 22 38 48 88 10032
2 3 16 19 22 44 48 57 10032
2 3 16 19 22 44 48 76 10032
2 3 16 19 22 44 48 114 10032
2 3 16 19 22 48 55 95 50160
2 3 16 19 22 48 57 66 10032
2 3 16 19 22 48 57 88 10032
2 3 16 19 22 48 66 76 10032
2 3 16 19 22 48 66 114 10032
2 3 16 19 22 48 76 88 10032
2 3 16 19 22 48 88 114 10032
2 3 16 19 22 48 95 110 50160
2 3 16 19 22 55 57 80 50160
2 3 16 19 22 55 80 114 50160
2 3 16 19 22 57 77 112 70224
2 3 16 19 22 57 80 110 50160
2 3 16 19 22 66 80 95 50160
2 3 16 19 22 77 112 114 70224
2 3 16 19 22 80 110 114 50160
2 3 16 19 23 38 46 48 20976
2 3 16 19 23 38 48 69 20976
2 3 16 19 23 38 48 92 20976
2 3 16 19 23 46 48 57 20976
2 3 16 19 23 46 48 76 20976
2 3 16 19 23 46 48 114 20976
2 3 16 19 23 48 57 69 20976
2 3 16 19 23 48 57 92 20976
2 3 16 19 23 48 69 76 20976
2 3 16 19 23 48 69 114 20976
2 3 16 19 23 48 76 92 20976
2 3 16 19 23 48 92 114 20976
2 3 16 19 23 48 95 115 104880
2 3 16 19 23 57 80 115 104880
2 3 16 19 23 69 80 95 104880
2 3 16 19 23 80 114 115 104880
2 3 16 19 24 28 38 112 6384
2 3 16 19 24 28 57 112 6384
2 3 16 19 24 28 76 112 6384
2 3 16 19 24 28 112 114 6384
2 3 16 19 24 30 38 80 4560
2 3 16 19 24 30 48 95 4560
2 3 16 19 24 30 57 80 4560
2 3 16 19 24 30 76 80 4560
2 3 16 19 24 30 80 95 4560
2 3 16 19 24 30 80 114 4560
2 3 16 19 24 32 38 96 1824
2 3 16 19 24 32 57 96 1824
2 3 16 19 24 32 76 96 1824
2 3 16 19 24 32 96 114 1824
2 3 16 19 24 35 95 112 31920
2 3 16 19 24 38 40 80 4560
2 3 16 19 24 38 42 112 6384
2 3 16 19 24 38 48 57 912
2 3 16 19 24 38 48 76 912
2 3 16 19 24 38 48 114 912
2 3 16 19 24 38 56 112 6384
2 3 16 19 24 38 60 80 4560
2 3 16 19 24 38 80 95 4560
2 3 16 19 24 38 80 120 4560
2 3 16 19 24 38 84 112 6384
2 3 16 19 24 40 48 95 4560
2 3 16 19 24 40 57 80 4560
2 3 16 19 24 40 76 80 4560
2 3 16 19 24 40 80 95 4560
2 3 16 19 24 40 80 114 4560
2 3 16 19 24 42 57 112 6384
2 3 16 19 24 42 76 112 6384
2 3 16 19 24 42 112 114 6384
2 3 16 19 24 48 57 76 912
2 3 16 19 24 48 57 114 912
2 3 16 19 24 48 60 95 4560
2 3 16 19 24 48 76 114 912
2 3 16 19 24 48 80 95 4560
2 3 16 19 24 48 95 120 4560
2 3 16 19 24 56 57 112 6384
2 3 16 19 24 56 76 112 6384
2 3 16 19 24 56 112 114 6384
2 3 16 19 24 57 60 80 4560
2 3 16 19 24 57 80 95 4560
2 3 16 19 24 57 80 120 4560
2 3 16 19 24 57 84 112 6384
2 3 16 19 24 60 76 80 4560
2 3 16 19 24 60 80 95 4560
2 3 16 19 24 60 80 114 4560
2 3 16 19 24 70 95 112 31920
2 3 16 19 24 76 80 95 4560
2 3 16 19 24 76 80 120 4560
2 3 16 19 24 76 84 112 6384
2 3 16 19 24 80 95 114 4560
2 3 16 19 24 80 95 120 4560
2 3 16 19 24 80 114 120 4560
2 3 16 19 24 84 112 114 6384
2 3 16 19 24 95 105 112 31920
2 3 16 19 25 38 48 50 22800
2 3 16 19 25 38 48 75 22800
2 3 16 19 25 38 48 100 22800
2 3 16 19 25 38 75 80 22800
2 3 16 19 25 48 50 57 22800
2 3 16 19 25 48 50 76 22800
2 3 16 19 25 48 50 95 22800
2 3 16 19 25 48 50 114 22800
2 3 16 19 25 48 57 75 22800
2 3 16 19 25 48 57 100 22800
2 3 16 19 25 48 75 76 22800
2 3 16 19 25 48 75 95 22800
2 3 16 19 25 48 75 114 22800
2 3 16 19 25 48 76 100 22800
2 3 16 19 25 48 95 100 22800
2 3 16 19 25 48 100 114 22800
2 3 16 19 25 50 57 80 22800
2 3 16 19 25 50 80 114 22800
2 3 16 19 25 57 75 80 22800
2 3 16 19 25 57 80 100 22800
2 3 16 19 25 75 76 80 22800
2 3 16 19 25 75 80 95 22800
2 3 16 19 25 75 80 114 22800
2 3 16 19 25 80 100 114 22800
2 3 16 19 26 38 39 48 11856
2 3 16 19 26 38 48 52 11856
2 3 16 19 26 38 48 78 11856
2 3 16 19 26 38 48 104 11856
2 3 16 19 26 39 48 57 11856
2 3 16 19 26 39 48 76 11856
2 3 16 19 26 39 48 114 11856
2 3 16 19 26 39 80 95 59280
2 3 16 19 26 48 52 57 11856
2 3 16 19 26 48 52 76 11856
2 3 16 19 26 48 52 114 11856
2 3 16 19 26 48 57 78 11856
2 3 16 19 26 48 57 104 11856
2 3 16 19 26 48 65 95 59280
2 3 16 19 26 48 76 78 11856
2 3 16 19 26 48 76 104 11856
2 3 16 19 26 48 78 114 11856
2 3 16 19 26 48 104 114 11856
2 3 16 19 26 57 65 80 59280
2 3 16 19 26 57 91 112 82992
2 3 16 19 26 65 80 114 59280
2 3 16 19 26 78 80 95 59280
2 3 16 19 26 91 112 114 82992
2 3 16 19 27 38 48 54 8208
2 3 16 19 27 38 48 108 8208
2 3 16 19 27 48 54 57 8208
2 3 16 19 27 48 54 76 8208
2 3 16 19 27 48 54 114 8208
2 3 16 19 27 48 57 108 8208
2 3 16 19 27 48 76 108 8208
2 3 16 19 27 48 108 114 8208
2 3 16 19 27 54 80 95 41040
2 3 16 19 27 80 95 108 41040
2 3 16 19 28 30 95 112 31920
2 3 16 19 28 35 48 95 31920
2 3 16 19 28 35 57 80 31920
2 3 16 19 28 35 80 114 31920
2 3 16 19 28 38 42 48 6384
2 3 16 19 28 38 42 112 6384
2 3 16 19 28 38 48 56 6384
2 3 16 19 28 38 48 84 6384
2 3 16 19 28 38 48 112 6384
2 3 16 19 28 38 57 112 6384
2 3 16 19 28 38 80 105 31920
2 3 16 19 28 38 84 112 6384
2 3 16 19 28 38 112 114 6384
2 3 16 19 28 42 48 57 6384
2 3 16 19 28 42 48 76 6384
2 3 16 19 28 42 48 114 6384
2 3 16 19 28 42 57 112 6384
2 3 16 19 28 42 76 112 6384
2 3 16 19 28 42 80 95 31920
2 3 16 19 28 42 112 114 6384
2 3 16 19 28 48 56 57 6384
2 3 16 19 28 48 56 76 6384
2 3 16 19 28 48 56 114 6384
2 3 16 19 28 48 57 84 6384
2 3 16 19 28 48 57 112 6384
2 3 16 19 28 48 70 95 31920
2 3 16 19 28 48 76 84 6384
2 3 16 19 28 48 76 112 6384
2 3 16 19 28 48 84 114 6384
2 3 16 19 28 48 95 105 31920
2 3 16 19 28 48 112 114 6384
2 3 16 19 28 56 57 112 6384
2 3 16 19 28 56 112 114 6384
2 3 16 19 28 57 70 80 31920
2 3 16 19 28 57 76 112 6384
2 3 16 19 28 57 80 105 31920
2 3 16 19 28 57 84 112 6384
2 3 16 19 28 57 112 114 6384
2 3 16 19 28 60 95 112 31920
2 3 16 19 28 70 80 114 31920
2 3 16 19 28 76 80 105 31920
2 3 16 19 28 76 84 112 6384
2 3 16 19 28 76 112 114 6384
2 3 16 19 28 80 84 95 31920
2 3 16 19 28 80 95 105 31920
2 3 16 19 28 80 105 114 31920
2 3 16 19 28 84 112 114 6384
2 3 16 19 28 95 105 112 31920
2 3 16 19 28 95 112 120 31920
2 3 16 19 29 38 48 58 26448
2 3 16 19 29 38 48 87 26448
2 3 16 19 29 38 48 116 26448
2 3 16 19 29 48 57 58 26448
2 3 16 19 29 48 57 87 26448
2 3 16 19 29 48 57 116 26448
2 3 16 19 29 48 58 76 26448
2 3 16 19 29 48 58 114 26448
2 3 16 19 29 48 76 87 26448
2 3 16 19 29 48 76 116 26448
2 3 16 19 29 48 87 114 26448
2 3 16 19 29 48 114 116 26448
2 3 16 19 29 80 87 95 132240
2 3 16 19 30 32 95 96 9120
2 3 16 19 30 35 38 112 31920
2 3 16 19 30 35 57 112 31920
2 3 16 19 30 35 76 112 31920
2 3 16 19 30 35 95 112 31920
2 3 16 19 30 35 112 114 31920
2 3 16 19 30 38 40 48 4560
2 3 16 19 30 38 40 80 4560
2 3 16 19 30 38 48 60 4560
2 3 16 19 30 38 48 80 4560
2 3 16 19 30 38 48 95 4560
2 3 16 19 30 38 48 120 4560
2 3 16 19 30 38 57 80 4560
2 3 16 19 30 38 60 80 4560
2 3 16 19 30 38 70 112 31920
2 3 16 19 30 38 76 80 4560
2 3 16 19 30 38 80 95 4560
2 3 16 19 30 38 80 114 4560
2 3 16 19 30 38 80 120 4560
2 3 16 19 30 38 105 112 31920
2 3 16 19 30 40 48 57 4560
2 3 16 19 30 40 48 76 4560
2 3 16 19 30 40 48 95 4560
2 3 16 19 30 40 48 114 4560
2 3 16 19 30 40 57 80 4560
2 3 16 19 30 40 76 80 4560
2 3 16 19 30 40 80 95 4560
2 3 16 19 30 40 80 114 4560
2 3 16 19 30 42 95 112 31920
2 3 16 19 30 48 57 60 4560
2 3 16 19 30 48 57 80 4560
2 3 16 19 30 48 57 95 4560
2 3 16 19 30 48 57 120 4560
2 3 16 19 30 48 60 76 4560
2 3 16 19 30 48 60 95 4560
2 3 16 19 30 48 60 114 4560
2 3 16 19 30 48 76 80 4560
2 3 16 19 30 48 76 95 4560
2 3 16 19 30 48 76 120 4560
2 3 16 19 30 48 80 95 4560
2 3 16 19 30 48 80 114 4560
2 3 16 19 30 48 95 114 4560
2 3 16 19 30 48 95 120 4560
2 3 16 19 30 48 114 120 4560
2 3 16 19 30 56 95 112 31920
2 3 16 19 30 57 60 80 4560
2 3 16 19 30 57 70 112 31920
2 3 16 19 30 57 76 80 4560
2 3 16 19 30 57 80 95 4560
2 3 16 19 30 57 80 114 4560
2 3 16 19 30 57 80 120 4560
2 3 16 19 30 57 105 112 31920
2 3 16 19 30 60 76 80 4560
2 3 16 19 30 60 80 95 4560
2 3 16 19 30 60 80 114 4560
2 3 16 19 30 70 76 112 31920
2 3 16 19 30 70 95 112 31920
2 3 16 19 30 70 112 114 31920
2 3 16 19 30 76 80 95 4560
2 3 16 19 30 76 80 114 4560
2 3 16 19 30 76 80 120 4560
2 3 16 19 30 76 105 112 31920
2 3 16 19 30 80 95 114 4560
2 3 16 19 30 80 95 120 4560
2 3 16 19 30 80 114 120 4560
2 3 16 19 30 84 95 112 31920
2 3 16 19 30 95 105 112 31920
2 3 16 19 30 105 112 114 31920
2 3 16 19 31 38 48 62 28272
2 3 16 19 31 38 48 93 28272
2 3 16 19 31 38 48 124 28272
2 3 16 19 31 48 57 62 28272
2 3 16 19 31 48 57 93 28272
2 3 16 19 31 48 57 124 28272
2 3 16 19 31 48 62 76 28272
2 3 16 19 31 48 62 114 28272
2 3 16 19 31 48 76 93 28272
2 3 16 19 31 48 76 124 28272
2 3 16 19 31 48 93 114 28272
2 3 16 19 31 48 114 124 28272
2 3 16 19 31 80 93 95 141360
2 3 16 19 32 38 48 96 1824
2 3 16 19 32 38 57 96 1824
2 3 16 19 32 38 76 96 1824
2 3 16 19 32 38 96 114 1824
2 3 16 19 32 40 95 96 9120
2 3 16 19 32 48 57 96 1824
2 3 16 19 32 48 76 96 1824
2 3 16 19 32 48 96 114 1824
2 3 16 19 32 57 76 96 1824
2 3 16 19 32 57 96 114 1824
2 3 16 19 32 60 95 96 9120
2 3 16 19 32 76 96 114 1824
2 3 16 19 32 80 95 96 9120
2 3 16 19 32 95 96 120 9120
2 3 16 19 33 38 44 48 10032
2 3 16 19 33 38 48 66 10032
2 3 16 19 33 38 48 88 10032
2 3 16 19 33 38 55 80 50160
2 3 16 19 33 38 77 112 70224
2 3 16 19 33 38 80 110 50160
2 3 16 19 33 44 48 57 10032
2 3 16 19 33 44 48 76 10032
2 3 16 19 33 44 48 114 10032
2 3 16 19 33 44 80 95 50160
2 3 16 19 33 48 55 95 50160
2 3 16 19 33 48 57 66 10032
2 3 16 19 33 48 57 88 10032
2 3 16 19 33 48 66 76 10032
2 3 16 19 33 48 66 114 10032
2 3 16 19 33 48 76 88 10032
2 3 16 19 33 48 88 114 10032
2 3 16 19 33 48 95 110 50160
2 3 16 19 33 55 57 80 50160
2 3 16 19 33 55 76 80 50160
2 3 16 19 33 55 80 95 50160
2 3 16 19 33 55 80 114 50160
2 3 16 19 33 57 77 112 70224
2 3 16 19 33 57 80 110 50160
2 3 16 19 33 66 80 95 50160
2 3 16 19 33 76 77 112 70224
2 3 16 19 33 76 80 110 50160
2 3 16 19 33 77 112 114 70224
2 3 16 19 33 80 88 95 50160
2 3 16 19 33 80 95 110 50160
2 3 16 19 33 80 110 114 50160
2 3 16 19 34 38 48 51 15504
2 3 16 19 34 38 48 68 15504
2 3 16 19 34 38 48 102 15504
2 3 16 19 34 48 51 57 15504
2 3 16 19 34 48 51 76 15504
2 3 16 19 34 48 51 114 15504
2 3 16 19 34 48 57 68 15504
2 3 16 19 34 48 57 102 15504
2 3 16 19 34 48 68 76 15504
2 3 16 19 34 48 68 114 15504
2 3 16 19 34 48 76 102 15504
2 3 16 19 34 48 85 95 77520
2 3 16 19 34 48 102 114 15504
2 3 16 19 34 51 80 95 77520
2 3 16 19 34 57 80 85 77520
2 3 16 19 34 57 112 119 108528
2 3 16 19 34 80 85 114 77520
2 3 16 19 34 80 95 102 77520
2 3 16 19 34 112 114 119 108528
2 3 16 19 35 38 42 80 31920
2 3 16 19 35 38 48 70 31920
2 3 16 19 35 38 48 105 31920
2 3 16 19 35 38 60 112 31920
2 3 16 19 35 38 80 84 31920
2 3 16 19 35 38 80 105 31920
2 3 16 19 35 38 105 112 31920
2 3 16 19 35 38 112 120 31920
2 3 16 19 35 40 57 112 31920
2 3 16 19 35 40 112 114 31920
2 3 16 19 35 42 48 95 31920
2 3 16 19 35 42 57 80 31920
2 3 16 19 35 42 76 80 31920
2 3 16 19 35 42 80 95 31920
2 3 16 19 35 42 80 114 31920
2 3 16 19 35 42 95 112 31920
2 3 16 19 35 48 56 95 31920
2 3 16 19 35 48 57 70 31920
2 3 16 19 35 48 57 105 31920
2 3 16 19 35 48 70 76 31920
2 3 16 19 35 48 70 95 31920
2 3 16 19 35 48 70 114 31920
2 3 16 19 35 48 76 105 31920
2 3 16 19 35 48 84 95 31920
2 3 16 19 35 48 95 105 31920
2 3 16 19 35 48 95 112 31920
2 3 16 19 35 48 105 114 31920
2 3 16 19 35 56 57 80 31920
2 3 16 19 35 56 80 114 31920
2 3 16 19 35 57 60 112 31920
2 3 16 19 35 57 70 80 31920
2 3 16 19 35 57 70 112 31920
2 3 16 19 35 57 80 84 31920
2 3 16 19 35 57 80 105 31920
2 3 16 19 35 57 80 112 31920
2 3 16 19 35 57 95 112 31920
2 3 16 19 35 57 105 112 31920
2 3 16 19 35 57 112 120 31920
2 3 16 19 35 60 76 112 31920
2 3 16 19 35 60 95 112 31920
2 3 16 19 35 60 112 114 31920
2 3 16 19 35 70 80 114 31920
2 3 16 19 35 70 112 114 31920
2 3 16 19 35 76 80 84 31920
2 3 16 19 35 76 80 105 31920
2 3 16 19 35 76 105 112 31920
2 3 16 19 35 76 112 120 31920
2 3 16 19 35 80 84 95 31920
2 3 16 19 35 80 84 114 31920
2 3 16 19 35 80 95 105 31920
2 3 16 19 35 80 105 114 31920
2 3 16 19 35 80 112 114 31920
2 3 16 19 35 84 95 112 31920
2 3 16 19 35 95 105 112 31920
2 3 16 19 35 95 112 114 31920
2 3 16 19 35 95 112 120 31920
2 3 16 19 35 105 112 114 31920
2 3 16 19 35 112 114 120 31920
2 3 16 19 36 38 45 80 13680
2 3 16 19 36 38 48 72 2736
2 3 16 19 36 38 63 112 19152
2 3 16 19 36 38 80 90 13680
2 3 16 19 36 38 112 126 19152
2 3 16 19 36 45 48 95 13680
2 3 16 19 36 45 57 80 13680
2 3 16 19 36 45 76 80 13680
2 3 16 19 36 45 80 95 13680
2 3 16 19 36 45 80 114 13680
2 3 16 19 36 48 57 72 2736
2 3 16 19 36 48 72 76 2736
2 3 16 19 36 48 72 114 2736
2 3 16 19 36 48 90 95 13680
2 3 16 19 36 57 63 112 19152
2 3 16 19 36 57 80 90 13680
2 3 16 19 36 57 112 126 19152
2 3 16 19 36 63 76 112 19152
2 3 16 19 36 63 112 114 19152
2 3 16 19 36 72 80 95 13680
2 3 16 19 36 76 80 90 13680
2 3 16 19 36 76 112 126 19152
2 3 16 19 36 80 90 95 13680
2 3 16 19 36 80 90 114 13680
2 3 16 19 36 112 114 126 19152
2 3 16 19 37 38 48 74 33744
2 3 16 19 37 38 48 111 33744
2 3 16 19 37 48 57 74 33744
2 3 16 19 37 48 57 111 33744
2 3 16 19 37 48 74 76 33744
2 3 16 19 37 48 74 114 33744
2 3 16 19 37 48 76 111 33744
2 3 16 19 37 48 111 114 33744
2 3 16 19 37 80 95 111 168720
2 3 16 19 38 39 48 52 11856
2 3 16 19 38 39 48 78 11856
2 3 16 19 38 39 48 104 11856
2 3 16 19 38 39 65 80 59280
2 3 16 19 38 39 91 112 82992
2 3 16 19 38 40 48 60 4560
2 3 16 19 38 40 48 80 4560
2 3 16 19 38 40 48 95 4560
2 3 16 19 38 40 48 120 4560
2 3 16 19 38 40 57 80 4560
2 3 16 19 38 40 60 80 4560
2 3 16 19 38 40 80 114 4560
2 3 16 19 38 40 80 120 4560
2 3 16 19 38 40 105 112 31920
2 3 16 19 38 41 48 82 37392
2 3 16 19 38 41 48 123 37392
2 3 16 19 38 42 48 56 6384
2 3 16 19 38 42 48 84 6384
2 3 16 19 38 42 48 112 6384
2 3 16 19 38 42 56 112 6384
2 3 16 19 38 42 57 112 6384
2 3 16 19 38 42 70 80 31920
2 3 16 19 38 42 76 112 6384
2 3 16 19 38 42 80 105 31920
2 3 16 19 38 42 84 112 6384
2 3 16 19 38 42 112 114 6384
2 3 16 19 38 43 48 86 39216
2 3 16 19 38 44 48 66 10032
2 3 16 19 38 44 48 88 10032
2 3 16 19 38 45 48 90 13680
2 3 16 19 38 45 72 80 13680
2 3 16 19 38 45 80 90 13680
2 3 16 19 38 46 48 69 20976
2 3 16 19 38 46 48 92 20976
2 3 16 19 38 47 48 94 42864
2 3 16 19 38 48 49 98 44688
2 3 16 19 38 48 50 75 22800
2 3 16 19 38 48 50 100 22800
2 3 16 19 38 48 51 68 15504
2 3 16 19 38 48 51 102 15504
2 3 16 19 38 48 52 78 11856
2 3 16 19 38 48 52 104 11856
2 3 16 19 38 48 53 106 48336
2 3 16 19 38 48 54 108 8208
2 3 16 19 38 48 55 110 50160
2 3 16 19 38 48 56 84 6384
2 3 16 19 38 48 56 112 6384
2 3 16 19 38 48 57 76 912
2 3 16 19 38 48 57 114 912
2 3 16 19 38 48 58 87 26448
2 3 16 19 38 48 58 116 26448
2 3 16 19 38 48 59 118 53808
2 3 16 19 38 48 60 80 4560
2 3 16 19 38 48 60 95 4560
2 3 16 19 38 48 60 120 4560
2 3 16 19 38 48 61 122 55632
2 3 16 19 38 48 62 93 28272
2 3 16 19 38 48 62 124 28272
2 3 16 19 38 48 63 126 19152
2 3 16 19 38 48 66 88 10032
2 3 16 19 38 48 68 102 15504
2 3 16 19 38 48 69 92 20976
2 3 16 19 38 48 70 105 31920
2 3 16 19 38 48 74 111 33744
2 3 16 19 38 48 75 100 22800
2 3 16 19 38 48 76 114 912
2 3 16 19 38 48 78 104 11856
2 3 16 19 38 48 80 95 4560
2 3 16 19 38 48 80 120 4560
2 3 16 19 38 48 82 123 37392
2 3 16 19 38 48 84 112 6384
2 3 16 19 38 48 87 116 26448
2 3 16 19 38 48 93 124 28272
2 3 16 19 38 48 95 120 4560
2 3 16 19 38 50 75 80 22800
2 3 16 19 38 51 80 85 77520
2 3 16 19 38 51 112 119 108528
2 3 16 19 38 55 66 80 50160
2 3 16 19 38 56 57 112 6384
2 3 16 19 38 56 80 105 31920
2 3 16 19 38 56 84 112 6384
2 3 16 19 38 56 112 114 6384
2 3 16 19 38 57 60 80 4560
2 3 16 19 38 57 80 95 4560
2 3 16 19 38 57 80 120 4560
2 3 16 19 38 57 84 112 6384
2 3 16 19 38 60 70 112 31920
2 3 16 19 38 60 76 80 4560
2 3 16 19 38 60 80 95 4560
2 3 16 19 38 60 80 114 4560
2 3 16 19 38 60 80 120 4560
2 3 16 19 38 60 105 112 31920
2 3 16 19 38 63 72 112 19152
2 3 16 19 38 63 112 126 19152
2 3 16 19 38 65 78 80 59280
2 3 16 19 38 66 77 112 70224
2 3 16 19 38 66 80 110 50160
2 3 16 19 38 69 80 115 104880
2 3 16 19 38 70 80 84 31920
2 3 16 19 38 70 80 105 31920
2 3 16 19 38 70 105 112 31920
2 3 16 19 38 70 112 120 31920
2 3 16 19 38 72 80 90 13680
2 3 16 19 38 72 112 126 19152
2 3 16 19 38 75 80 100 22800
2 3 16 19 38 76 80 120 4560
2 3 16 19 38 76 84 112 6384
2 3 16 19 38 78 91 112 82992
2 3 16 19 38 80 84 105 31920
2 3 16 19 38 80 85 102 77520
2 3 16 19 38 80 95 114 4560
2 3 16 19 38 80 95 120 4560
2 3 16 19 38 80 105 112 31920
2 3 16 19 38 80 114 120 4560
2 3 16 19 38 84 112 114 6384
2 3 16 19 38 95 105 112 31920
2 3 16 19 38 102 112 119 108528
2 3 16 19 38 105 112 120 31920
2 3 16 19 39 48 52 57 11856
2 3 16 19 39 48 52 76 11856
2 3 16 19 39 48 52 114 11856
2 3 16 19 39 48 57 78 11856
2 3 16 19 39 48 57 104 11856
2 3 16 19 39 48 65 95 59280
2 3 16 19 39 48 76 78 11856
2 3 16 19 39 48 76 104 11856
2 3 16 19 39 48 78 114 11856
2 3 16 19 39 48 104 114 11856
2 3 16 19 39 52 80 95 59280
2 3 16 19 39 57 65 80 59280
2 3 16 19 39 57 91 112 82992
2 3 16 19 39 65 76 80 59280
2 3 16 19 39 65 80 95 59280
2 3 16 19 39 65 80 114 59280
2 3 16 19 39 76 91 112 82992
2 3 16 19 39 78 80 95 59280
2 3 16 19 39 80 95 104 59280
2 3 16 19 39 91 112 114 82992
2 3 16 19 40 42 95 112 31920
2 3 16 19 40 48 57 60 4560
2 3 16 19 40 48 57 80 4560
2 3 16 19 40 48 57 95 4560
2 3 16 19 40 48 57 120 4560
2 3 16 19 40 48 60 76 4560
2 3 16 19 40 48 60 95 4560
2 3 16 19 40 48 60 114 4560
2 3 16 19 40 48 76 80 4560
2 3 16 19 40 48 76 95 4560
2 3 16 19 40 48 76 120 4560
2 3 16 19 40 48 80 95 4560
2 3 16 19 40 48 80 114 4560
2 3 16 19 40 48 95 114 4560
2 3 16 19 40 48 95 120 4560
2 3 16 19 40 48 114 120 4560
2 3 16 19 40 57 60 80 4560
2 3 16 19 40 57 70 112 31920
2 3 16 19 40 57 76 80 4560
2 3 16 19 40 57 80 95 4560
2 3 16 19 40 57 80 114 4560
2 3 16 19 40 57 80 120 4560
2 3 16 19 40 57 105 112 31920
2 3 16 19 40 60 76 80 4560
2 3 16 19 40 60 80 95 4560
2 3 16 19 40 60 80 114 4560
2 3 16 19 40 70 112 114 31920
2 3 16 19 40 76 80 114 4560
2 3 16 19 40 76 80 120 4560
2 3 16 19 40 76 105 112 31920
2 3 16 19 40 80 95 114 4560
2 3 16 19 40 80 95 120 4560
2 3 16 19 40 80 114 120 4560
2 3 16 19 40 84 95 112 31920
2 3 16 19 40 95 105 112 31920
2 3 16 19 40 105 112 114 31920
2 3 16 19 41 48 57 82 37392
2 3 16 19 41 48 57 123 37392
2 3 16 19 41 48 76 82 37392
2 3 16 19 41 48 76 123 37392
2 3 16 19 41 48 82 114 37392
2 3 16 19 41 48 114 123 37392
2 3 16 19 41 80 95 123 186960
2 3 16 19 42 48 56 57 6384
2 3 16 19 42 48 56 76 6384
2 3 16 19 42 48 56 114 6384
2 3 16 19 42 48 57 84 6384
2 3 16 19 42 48 57 112 6384
2 3 16 19 42 48 70 95 31920
2 3 16 19 42 48 76 84 6384
2 3 16 19 42 48 76 112 6384
2 3 16 19 42 48 84 114 6384
2 3 16 19 42 48 95 105 31920
2 3 16 19 42 48 112 114 6384
2 3 16 19 42 56 57 112 6384
2 3 16 19 42 56 76 112 6384
2 3 16 19 42 56 80 95 31920
2 3 16 19 42 56 112 114 6384
2 3 16 19 42 57 70 80 31920
2 3 16 19 42 57 76 112 6384
2 3 16 19 42 57 80 105 31920
2 3 16 19 42 57 84 112 6384
2 3 16 19 42 57 112 114 6384
2 3 16 19 42 60 95 112 31920
2 3 16 19 42 70 76 80 31920
2 3 16 19 42 70 80 95 31920
2 3 16 19 42 70 80 114 31920
2 3 16 19 42 70 95 112 31920
2 3 16 19 42 76 80 105 31920
2 3 16 19 42 76 84 112 6384
2 3 16 19 42 76 112 114 6384
2 3 16 19 42 80 84 95 31920
2 3 16 19 42 80 95 105 31920
2 3 16 19 42 80 95 112 31920
2 3 16 19 42 80 105 114 31920
2 3 16 19 42 84 112 114 6384
2 3 16 19 42 95 105 112 31920
2 3 16 19 42 95 112 120 31920
2 3 16 19 43 48 57 86 39216
2 3 16 19 43 48 76 86 39216
2 3 16 19 43 48 86 114 39216
2 3 16 19 44 48 55 95 50160
2 3 16 19 44 48 57 66 10032
2 3 16 19 44 48 57 88 10032
2 3 16 19 44 48 66 76 10032
2 3 16 19 44 48 66 114 10032
2 3 16 19 44 48 76 88 10032
2 3 16 19 44 48 88 114 10032
2 3 16 19 44 48 95 110 50160
2 3 16 19 44 55 57 80 50160
2 3 16 19 44 55 80 114 50160
2 3 16 19 44 57 77 112 70224
2 3 16 19 44 57 80 110 50160
2 3 16 19 44 66 80 95 50160
2 3 16 19 44 77 112 114 70224
2 3 16 19 44 80 110 114 50160
2 3 16 19 45 48 57 90 13680
2 3 16 19 45 48 72 95 13680
2 3 16 19 45 48 76 90 13680
2 3 16 19 45 48 90 95 13680
2 3 16 19 45 48 90 114 13680
2 3 16 19 45 57 72 80 13680
2 3 16 19 45 57 80 90 13680
2 3 16 19 45 63 95 112 95760
2 3 16 19 45 72 76 80 13680
2 3 16 19 45 72 80 95 13680
2 3 16 19 45 72 80 114 13680
2 3 16 19 45 76 80 90 13680
2 3 16 19 45 80 90 95 13680
2 3 16 19 45 80 90 114 13680
2 3 16 19 46 48 57 69 20976
2 3 16 19 46 48 57 92 20976
2 3 16 19 46 48 69 76 20976
2 3 16 19 46 48 69 114 20976
2 3 16 19 46 48 76 92 20976
2 3 16 19 46 48 92 114 20976
2 3 16 19 46 48 95 115 104880
2 3 16 19 46 57 80 115 104880
2 3 16 19 46 69 80 95 104880
2 3 16 19 46 80 114 115 104880
2 3 16 19 47 48 57 94 42864
2 3 16 19 47 48 76 94 42864
2 3 16 19 47 48 94 114 42864
2 3 16 19 48 49 57 98 44688
2 3 16 19 48 49 76 98 44688
2 3 16 19 48 49 98 114 44688
2 3 16 19 48 50 57 75 22800
2 3 16 19 48 50 57 100 22800
2 3 16 19 48 50 75 76 22800
2 3 16 19 48 50 75 95 22800
2 3 16 19 48 50 75 114 22800
2 3 16 19 48 50 76 100 22800
2 3 16 19 48 50 95 100 22800
2 3 16 19 48 50 100 114 22800
2 3 16 19 48 51 57 68 15504
2 3 16 19 48 51 57 102 15504
2 3 16 19 48 51 68 76 15504
2 3 16 19 48 51 68 114 15504
2 3 16 19 48 51 76 102 15504
2 3 16 19 48 51 85 95 77520
2 3 16 19 48 51 102 114 15504
2 3 16 19 48 52 57 78 11856
2 3 16 19 48 52 57 104 11856
2 3 16 19 48 52 65 95 59280
2 3 16 19 48 52 76 78 11856
2 3 16 19 48 52 76 104 11856
2 3 16 19 48 52 78 114 11856
2 3 16 19 48 52 104 114 11856
2 3 16 19 48 53 57 106 48336
2 3 16 19 48 53 76 106 48336
2 3 16 19 48 53 106 114 48336
2 3 16 19 48 54 57 108 8208
2 3 16 19 48 54 76 108 8208
2 3 16 19 48 54 108 114 8208
2 3 16 19 48 55 57 110 50160
2 3 16 19 48 55 66 95 50160
2 3 16 19 48 55 76 110 50160
2 3 16 19 48 55 88 95 50160
2 3 16 19 48 55 95 110 50160
2 3 16 19 48 55 110 114 50160
2 3 16 19 48 56 57 84 6384
2 3 16 19 48 56 57 112 6384
2 3 16 19 48 56 70 95 31920
2 3 16 19 48 56 76 84 6384
2 3 16 19 48 56 76 112 6384
2 3 16 19 48 56 84 114 6384
2 3 16 19 48 56 95 105 31920
2 3 16 19 48 56 112 114 6384
2 3 16 19 48 57 58 87 26448
2 3 16 19 48 57 58 116 26448
2 3 16 19 48 57 59 118 53808
2 3 16 19 48 57 60 80 4560
2 3 16 19 48 57 60 95 4560
2 3 16 19 48 57 60 120 4560
2 3 16 19 48 57 61 122 55632
2 3 16 19 48 57 62 93 28272
2 3 16 19 48 57 62 124 28272
2 3 16 19 48 57 63 126 19152
2 3 16 19 48 57 66 88 10032
2 3 16 19 48 57 68 102 15504
2 3 16 19 48 57 69 92 20976
2 3 16 19 48 57 70 105 31920
2 3 16 19 48 57 74 111 33744
2 3 16 19 48 57 75 100 22800
2 3 16 19 48 57 76 114 912
2 3 16 19 48 57 78 104 11856
2 3 16 19 48 57 80 95 4560
2 3 16 19 48 57 80 120 4560
2 3 16 19 48 57 82 123 37392
2 3 16 19 48 57 84 112 6384
2 3 16 19 48 57 87 116 26448
2 3 16 19 48 57 93 124 28272
2 3 16 19 48 57 95 120 4560
2 3 16 19 48 58 76 87 26448
2 3 16 19 48 58 76 116 26448
2 3 16 19 48 58 87 114 26448
2 3 16 19 48 58 114 116 26448
2 3 16 19 48 59 76 118 53808
2 3 16 19 48 59 114 118 53808
2 3 16 19 48 60 76 80 4560
2 3 16 19 48 60 76 95 4560
2 3 16 19 48 60 76 120 4560
2 3 16 19 48 60 80 95 4560
2 3 16 19 48 60 80 114 4560
2 3 16 19 48 60 95 114 4560
2 3 16 19 48 60 95 120 4560
2 3 16 19 48 60 114 120 4560
2 3 16 19 48 61 76 122 55632
2 3 16 19 48 61 114 122 55632
2 3 16 19 48 62 76 93 28272
2 3 16 19 48 62 76 124 28272
2 3 16 19 48 62 93 114 28272
2 3 16 19 48 62 114 124 28272
2 3 16 19 48 63 76 126 19152
2 3 16 19 48 63 114 126 19152
2 3 16 19 48 65 78 95 59280
2 3 16 19 48 65 95 104 59280
2 3 16 19 48 66 76 88 10032
2 3 16 19 48 66 88 114 10032
2 3 16 19 48 66 95 110 50160
2 3 16 19 48 68 76 102 15504
2 3 16 19 48 68 85 95 77520
2 3 16 19 48 68 102 114 15504
2 3 16 19 48 69 76 92 20976
2 3 16 19 48 69 92 114 20976
2 3 16 19 48 69 95 115 104880
2 3 16 19 48 70 76 105 31920
2 3 16 19 48 70 84 95 31920
2 3 16 19 48 70 95 105 31920
2 3 16 19 48 70 95 112 31920
2 3 16 19 48 70 105 114 31920
2 3 16 19 48 72 90 95 13680
2 3 16 19 48 74 76 111 33744
2 3 16 19 48 74 111 114 33744
2 3 16 19 48 75 76 100 22800
2 3 16 19 48 75 95 100 22800
2 3 16 19 48 75 100 114 22800
2 3 16 19 48 76 78 104 11856
2 3 16 19 48 76 80 95 4560
2 3 16 19 48 76 80 120 4560
2 3 16 19 48 76 82 123 37392
2 3 16 19 48 76 84 112 6384
2 3 16 19 48 76 87 116 26448
2 3 16 19 48 76 93 124 28272
2 3 16 19 48 76 95 120 4560
2 3 16 19 48 78 104 114 11856
2 3 16 19 48 80 95 114 4560
2 3 16 19 48 80 95 120 4560
2 3 16 19 48 84 95 105 31920
2 3 16 19 48 85 95 102 77520
2 3 16 19 48 88 95 110 50160
2 3 16 19 49 57 98 112 44688
2 3 16 19 50 57 75 80 22800
2 3 16 19 50 57 80 100 22800
2 3 16 19 50 75 76 80 22800
2 3 16 19 50 75 80 95 22800
2 3 16 19 50 75 80 114 22800
2 3 16 19 51 57 80 85 77520
2 3 16 19 51 57 112 119 108528
2 3 16 19 51 68 80 95 77520
2 3 16 19 51 76 80 85 77520
2 3 16 19 51 80 85 95 77520
2 3 16 19 51 80 85 114 77520
2 3 16 19 51 80 95 102 77520
2 3 16 19 52 57 65 80 59280
2 3 16 19 52 57 91 112 82992
2 3 16 19 52 65 80 114 59280
2 3 16 19 52 78 80 95 59280
2 3 16 19 55 57 66 80 50160
2 3 16 19 55 57 80 88 50160
2 3 16 19 55 57 80 110 50160
2 3 16 19 55 66 76 80 50160
2 3 16 19 55 66 80 95 50160
2 3 16 19 55 66 80 114 50160
2 3 16 19 56 57 70 80 31920
2 3 16 19 56 57 76 112 6384
2 3 16 19 56 57 80 105 31920
2 3 16 19 56 57 84 112 6384
2 3 16 19 56 57 112 114 6384
2 3 16 19 56 60 95 112 31920
2 3 16 19 56 70 80 114 31920
2 3 16 19 56 76 80 105 31920
2 3 16 19 56 76 84 112 6384
2 3 16 19 56 80 84 95 31920
2 3 16 19 57 60 70 112 31920
2 3 16 19 57 60 76 80 4560
2 3 16 19 57 60 80 95 4560
2 3 16 19 57 60 80 114 4560
2 3 16 19 57 60 80 120 4560
2 3 16 19 57 60 105 112 31920
2 3 16 19 57 63 72 112 19152
2 3 16 19 57 65 78 80 59280
2 3 16 19 57 65 80 104 59280
2 3 16 19 57 66 77 112 70224
2 3 16 19 57 66 80 110 50160
2 3 16 19 57 68 80 85 77520
2 3 16 19 57 69 80 115 104880
2 3 16 19 57 70 80 84 31920
2 3 16 19 57 70 80 105 31920
2 3 16 19 57 70 80 112 31920
2 3 16 19 57 72 80 90 13680
2 3 16 19 57 75 80 100 22800
2 3 16 19 57 76 80 95 4560
2 3 16 19 57 80 85 102 77520
2 3 16 19 58 80 87 95 132240
2 3 16 19 60 70 76 112 31920
2 3 16 19 60 76 80 95 4560
2 3 16 19 63 72 76 112 19152
2 3 16 19 65 76 78 80 59280
2 3 16 19 70 76 80 84 31920
2 3 16 20 21 22 55 112 18480
2 3 16 20 21 22 77 80 18480
2 3 16 20 21 22 110 112 18480
2 3 16 20 21 23 112 115 38640
2 3 16 20 21 24 28 80 1680
2 3 16 20 21 24 30 112 1680
2 3 16 20 21 24 35 48 1680
2 3 16 20 21 24 35 80 1680
2 3 16 20 21 24 35 112 1680
2 3 16 20 21 24 40 112 1680
2 3 16 20 21 24 42 80 1680
2 3 16 20 21 24 48 70 1680
2 3 16 20 21 24 48 105 1680
2 3 16 20 21 24 56 80 1680
2 3 16 20 21 24 60 112 1680
2 3 16 20 21 24 70 80 1680
2 3 16 20 21 24 70 112 1680
2 3 16 20 21 24 80 84 1680
2 3 16 20 21 24 80 105 1680
2 3 16 20 21 24 80 112 1680
2 3 16 20 21 24 105 112 1680
2 3 16 20 21 24 112 120 1680
2 3 16 20 21 25 50 112 8400
2 3 16 20 21 25 75 112 8400
2 3 16 20 21 25 100 112 8400
2 3 16 20 21 26 65 112 21840
2 3 16 20 21 26 80 91 21840
2 3 16 20 21 28 30 48 1680
2 3 16 20 21 28 30 80 1680
2 3 16 20 21 28 30 112 1680
2 3 16 20 21 28 35 48 1680
2 3 16 20 21 28 35 80 1680
2 3 16 20 21 28 35 112 1680
2 3 16 20 21 28 40 48 1680
2 3 16 20 21 28 40 80 1680
2 3 16 20 21 28 40 112 1680
2 3 16 20 21 28 42 80 1680
2 3 16 20 21 28 48 60 1680
2 3 16 20 21 28 48 70 1680
2 3 16 20 21 28 48 80 1680
2 3 16 20 21 28 48 105 1680
2 3 16 20 21 28 48 120 1680
2 3 16 20 21 28 56 80 1680
2 3 16 20 21 28 60 80 1680
2 3 16 20 21 28 60 112 1680
2 3 16 20 21 28 70 80 1680
2 3 16 20 21 28 70 112 1680
2 3 16 20 21 28 80 84 1680
2 3 16 20 21 28 80 105 1680
2 3 16 20 21 28 80 112 1680
2 3 16 20 21 28 80 120 1680
2 3 16 20 21 28 105 112 1680
2 3 16 20 21 28 112 120 1680
2 3 16 20 21 30 35 48 1680
2 3 16 20 21 30 35 80 1680
2 3 16 20 21 30 35 112 1680
2 3 16 20 21 30 40 112 1680
2 3 16 20 21 30 42 48 1680
2 3 16 20 21 30 42 80 1680
2 3 16 20 21 30 42 112 1680
2 3 16 20 21 30 48 56 1680
2 3 16 20 21 30 48 70 1680
2 3 16 20 21 30 48 84 1680
2 3 16 20 21 30 48 105 1680
2 3 16 20 21 30 48 112 1680
2 3 16 20 21 30 56 80 1680
2 3 16 20 21 30 56 112 1680
2 3 16 20 21 30 60 112 1680
2 3 16 20 21 30 70 80 1680
2 3 16 20 21 30 70 112 1680
2 3 16 20 21 30 80 84 1680
2 3 16 20 21 30 80 105 1680
2 3 16 20 21 30 80 112 1680
2 3 16 20 21 30 84 112 1680
2 3 16 20 21 30 105 112 1680
2 3 16 20 21 30 112 120 1680
2 3 16 20 21 32 35 96 3360
2 3 16 20 21 32 70 96 3360
2 3 16 20 21 32 96 105 3360
2 3 16 20 21 33 55 112 18480
2 3 16 20 21 33 77 80 18480
2 3 16 20 21 33 110 112 18480
2 3 16 20 21 34 80 119 28560
2 3 16 20 21 34 85 112 28560
2 3 16 20 21 35 40 48 1680
2 3 16 20 21 35 40 80 1680
2 3 16 20 21 35 40 112 1680
2 3 16 20 21 35 42 48 1680
2 3 16 20 21 35 42 80 1680
2 3 16 20 21 35 42 112 1680
2 3 16 20 21 35 48 56 1680
2 3 16 20 21 35 48 60 1680
2 3 16 20 21 35 48 70 1680
2 3 16 20 21 35 48 80 1680
2 3 16 20 21 35 48 84 1680
2 3 16 20 21 35 48 105 1680
2 3 16 20 21 35 48 112 1680
2 3 16 20 21 35 48 120 1680
2 3 16 20 21 35 56 80 1680
2 3 16 20 21 35 56 112 1680
2 3 16 20 21 35 60 80 1680
2 3 16 20 21 35 60 112 1680
2 3 16 20 21 35 70 80 1680
2 3 16 20 21 35 70 112 1680
2 3 16 20 21 35 80 84 1680
2 3 16 20 21 35 80 105 1680
2 3 16 20 21 35 80 112 1680
2 3 16 20 21 35 80 120 1680
2 3 16 20 21 35 84 112 1680
2 3 16 20 21 35 105 112 1680
2 3 16 20 21 35 112 120 1680
2 3 16 20 21 36 45 112 5040
2 3 16 20 21 36 63 80 5040
2 3 16 20 21 36 80 126 5040
2 3 16 20 21 36 90 112 5040
2 3 16 20 21 38 95 112 31920
2 3 16 20 21 39 65 112 21840
2 3 16 20 21 39 80 91 21840
2 3 16 20 21 40 42 48 1680
2 3 16 20 21 40 42 80 1680
2 3 16 20 21 40 42 112 1680
2 3 16 20 21 40 48 56 1680
2 3 16 20 21 40 48 70 1680
2 3 16 20 21 40 48 84 1680
2 3 16 20 21 40 48 105 1680
2 3 16 20 21 40 48 112 1680
2 3 16 20 21 40 56 80 1680
2 3 16 20 21 40 56 112 1680
2 3 16 20 21 40 60 112 1680
2 3 16 20 21 40 70 80 1680
2 3 16 20 21 40 70 112 1680
2 3 16 20 21 40 80 84 1680
2 3 16 20 21 40 80 105 1680
2 3 16 20 21 40 80 112 1680
2 3 16 20 21 40 84 112 1680
2 3 16 20 21 40 105 112 1680
2 3 16 20 21 40 112 120 1680
2 3 16 20 21 42 48 60 1680
2 3 16 20 21 42 48 70 1680
2 3 16 20 21 42 48 80 1680
2 3 16 20 21 42 48 105 1680
2 3 16 20 21 42 48 120 1680
2 3 16 20 21 42 56 80 1680
2 3 16 20 21 42 60 80 1680
2 3 16 20 21 42 60 112 1680
2 3 16 20 21 42 70 80 1680
2 3 16 20 21 42 70 112 1680
2 3 16 20 21 42 80 84 1680
2 3 16 20 21 42 80 105 1680
2 3 16 20 21 42 80 112 1680
2 3 16 20 21 42 80 120 1680
2 3 16 20 21 42 105 112 1680
2 3 16 20 21 42 112 120 1680
2 3 16 20 21 44 55 112 18480
2 3 16 20 21 44 77 80 18480
2 3 16 20 21 44 110 112 18480
2 3 16 20 21 45 48 63 5040
2 3 16 20 21 45 48 126 5040
2 3 16 20 21 45 63 80 5040
2 3 16 20 21 45 63 112 5040
2 3 16 20 21 45 72 112 5040
2 3 16 20 21 45 80 126 5040
2 3 16 20 21 45 90 112 5040
2 3 16 20 21 45 112 126 5040
2 3 16 20 21 46 112 115 38640
2 3 16 20 21 48 55 77 18480
2 3 16 20 21 48 56 60 1680
2 3 16 20 21 48 56 70 1680
2 3 16 20 21 48 56 80 1680
2 3 16 20 21 48 56 105 1680
2 3 16 20 21 48 56 120 1680
2 3 16 20 21 48 60 70 1680
2 3 16 20 21 48 60 84 1680
2 3 16 20 21 48 60 105 1680
2 3 16 20 21 48 60 112 1680
2 3 16 20 21 48 63 90 5040
2 3 16 20 21 48 65 91 21840
2 3 16 20 21 48 70 80 1680
2 3 16 20 21 48 70 84 1680
2 3 16 20 21 48 70 105 1680
2 3 16 20 21 48 70 112 1680
2 3 16 20 21 48 70 120 1680
2 3 16 20 21 48 77 110 18480
2 3 16 20 21 48 80 84 1680
2 3 16 20 21 48 80 105 1680
2 3 16 20 21 48 80 112 1680
2 3 16 20 21 48 84 105 1680
2 3 16 20 21 48 84 120 1680
2 3 16 20 21 48 85 119 28560
2 3 16 20 21 48 90 126 5040
2 3 16 20 21 48 105 112 1680
2 3 16 20 21 48 105 120 1680
2 3 16 20 21 48 112 120 1680
2 3 16 20 21 49 80 98 11760
2 3 16 20 21 50 75 112 8400
2 3 16 20 21 50 100 112 8400
2 3 16 20 21 51 80 119 28560
2 3 16 20 21 51 85 112 28560
2 3 16 20 21 52 65 112 21840
2 3 16 20 21 52 80 91 21840
2 3 16 20 21 55 66 112 18480
2 3 16 20 21 55 77 80 18480
2 3 16 20 21 55 77 112 18480
2 3 16 20 21 55 88 112 18480
2 3 16 20 21 55 110 112 18480
2 3 16 20 21 56 60 80 1680
2 3 16 20 21 56 60 112 1680
2 3 16 20 21 56 70 80 1680
2 3 16 20 21 56 70 112 1680
2 3 16 20 21 56 80 84 1680
2 3 16 20 21 56 80 105 1680
2 3 16 20 21 56 80 112 1680
2 3 16 20 21 56 80 120 1680
2 3 16 20 21 56 105 112 1680
2 3 16 20 21 56 112 120 1680
2 3 16 20 21 57 95 112 31920
2 3 16 20 21 60 70 80 1680
2 3 16 20 21 60 70 112 1680
2 3 16 20 21 60 80 84 1680
2 3 16 20 21 60 80 105 1680
2 3 16 20 21 60 80 112 1680
2 3 16 20 21 60 84 112 1680
2 3 16 20 21 60 105 112 1680
2 3 16 20 21 60 112 120 1680
2 3 16 20 21 63 72 80 5040
2 3 16 20 21 63 80 90 5040
2 3 16 20 21 63 80 126 5040
2 3 16 20 21 63 90 112 5040
2 3 16 20 21 65 78 112 21840
2 3 16 20 21 65 80 91 21840
2 3 16 20 21 65 91 112 21840
2 3 16 20 21 65 104 112 21840
2 3 16 20 21 66 77 80 18480
2 3 16 20 21 66 110 112 18480
2 3 16 20 21 68 80 119 28560
2 3 16 20 21 68 85 112 28560
2 3 16 20 21 69 112 115 38640
2 3 16 20 21 70 80 84 1680
2 3 16 20 21 70 80 105 1680
2 3 16 20 21 70 80 112 1680
2 3 16 20 21 70 80 120 1680
2 3 16 20 21 70 84 112 1680
2 3 16 20 21 70 105 112 1680
2 3 16 20 21 70 112 120 1680
2 3 16 20 21 72 80 126 5040
2 3 16 20 21 72 90 112 5040
2 3 16 20 21 75 100 112 8400
2 3 16 20 21 76 95 112 31920
2 3 16 20 21 77 80 88 18480
2 3 16 20 21 77 80 110 18480
2 3 16 20 21 77 110 112 18480
2 3 16 20 21 78 80 91 21840
2 3 16 20 21 80 84 105 1680
2 3 16 20 21 80 84 112 1680
2 3 16 20 21 80 84 120 1680
2 3 16 20 21 80 85 119 28560
2 3 16 20 21 80 90 126 5040
2 3 16 20 21 80 91 104 21840
2 3 16 20 21 80 102 119 28560
2 3 16 20 21 80 105 112 1680
2 3 16 20 21 80 105 120 1680
2 3 16 20 21 80 112 120 1680
2 3 16 20 21 84 105 112 1680
2 3 16 20 21 84 112 120 1680
2 3 16 20 21 85 102 112 28560
2 3 16 20 21 85 112 119 28560
2 3 16 20 21 88 110 112 18480
2 3 16 20 21 90 112 126 5040
2 3 16 20 21 92 112 115 38640
2 3 16 20 21 95 112 114 31920
2 3 16 20 21 105 112 120 1680
2 3 16 20 22 24 33 80 2640
2 3 16 20 22 24 44 80 2640
2 3 16 20 22 24 48 55 2640
2 3 16 20 22 24 48 110 2640
2 3 16 20 22 24 55 80 2640
2 3 16 20 22 24 66 80 2640
2 3 16 20 22 24 80 88 2640
2 3 16 20 22 24 80 110 2640
2 3 16 20 22 30 33 48 2640
2 3 16 20 22 30 33 80 2640
2 3 16 20 22 30 44 48 2640
2 3 16 20 22 30 44 80 2640
2 3 16 20 22 30 48 55 2640
2 3 16 20 22 30 48 66 2640
2 3 16 20 22 30 48 88 2640
2 3 16 20 22 30 48 110 2640
2 3 16 20 22 30 55 80 2640
2 3 16 20 22 30 66 80 2640
2 3 16 20 22 30 77 112 18480
2 3 16 20 22 30 80 88 2640
2 3 16 20 22 30 80 110 2640
2 3 16 20 22 32 55 96 5280
2 3 16 20 22 32 96 110 5280
2 3 16 20 22 33 35 112 18480
2 3 16 20 22 33 40 48 2640
2 3 16 20 22 33 40 80 2640
2 3 16 20 22 33 44 80 2640
2 3 16 20 22 33 48 55 2640
2 3 16 20 22 33 48 60 2640
2 3 16 20 22 33 48 80 2640
2 3 16 20 22 33 48 110 2640
2 3 16 20 22 33 48 120 2640
2 3 16 20 22 33 55 80 2640
2 3 16 20 22 33 60 80 2640
2 3 16 20 22 33 66 80 2640
2 3 16 20 22 33 70 112 18480
2 3 16 20 22 33 80 88 2640
2 3 16 20 22 33 80 110 2640
2 3 16 20 22 33 80 120 2640
2 3 16 20 22 33 105 112 18480
2 3 16 20 22 35 48 77 18480
2 3 16 20 22 35 66 112 18480
2 3 16 20 22 36 80 99 7920
2 3 16 20 22 40 44 48 2640
2 3 16 20 22 40 48 55 2640
2 3 16 20 22 40 48 66 2640
2 3 16 20 22 40 48 88 2640
2 3 16 20 22 40 48 110 2640
2 3 16 20 22 40 66 80 2640
2 3 16 20 22 42 55 112 18480
2 3 16 20 22 42 77 80 18480
2 3 16 20 22 42 110 112 18480
2 3 16 20 22 44 48 55 2640
2 3 16 20 22 44 48 60 2640
2 3 16 20 22 44 48 80 2640
2 3 16 20 22 44 48 110 2640
2 3 16 20 22 44 48 120 2640
2 3 16 20 22 44 60 80 2640
2 3 16 20 22 44 66 80 2640
2 3 16 20 22 44 80 120 2640
2 3 16 20 22 44 105 112 18480
2 3 16 20 22 45 48 99 7920
2 3 16 20 22 45 80 99 7920
2 3 16 20 22 48 55 60 2640
2 3 16 20 22 48 55 66 2640
2 3 16 20 22 48 55 80 2640
2 3 16 20 22 48 55 88 2640
2 3 16 20 22 48 55 110 2640
2 3 16 20 22 48 55 120 2640
2 3 16 20 22 48 60 66 2640
2 3 16 20 22 48 60 88 2640
2 3 16 20 22 48 60 110 2640
2 3 16 20 22 48 66 80 2640
2 3 16 20 22 48 66 110 2640
2 3 16 20 22 48 66 120 2640
2 3 16 20 22 48 70 77 18480
2 3 16 20 22 48 77 105 18480
2 3 16 20 22 48 80 88 2640
2 3 16 20 22 48 80 110 2640
2 3 16 20 22 48 88 110 2640
2 3 16 20 22 48 88 120 2640
2 3 16 20 22 48 90 99 7920
2 3 16 20 22 48 110 120 2640
2 3 16 20 22 55 60 80 2640
2 3 16 20 22 55 66 80 2640
2 3 16 20 22 55 80 120 2640
2 3 16 20 22 55 84 112 18480
2 3 16 20 22 55 105 112 18480
2 3 16 20 22 60 66 80 2640
2 3 16 20 22 60 77 112 18480
2 3 16 20 22 60 80 88 2640
2 3 16 20 22 60 80 110 2640
2 3 16 20 22 66 70 112 18480
2 3 16 20 22 66 80 88 2640
2 3 16 20 22 66 80 110 2640
2 3 16 20 22 66 80 120 2640
2 3 16 20 22 66 105 112 18480
2 3 16 20 22 72 80 99 7920
2 3 16 20 22 77 80 84 18480
2 3 16 20 22 77 80 105 18480
2 3 16 20 22 77 105 112 18480
2 3 16 20 22 77 112 120 18480
2 3 16 20 22 80 88 120 2640
2 3 16 20 22 80 90 99 7920
2 3 16 20 22 80 110 120 2640
2 3 16 20 22 84 110 112 18480
2 3 16 20 22 88 105 112 18480
2 3 16 20 22 105 110 112 18480
2 3 16 20 23 24 46 80 5520
2 3 16 20 23 24 48 115 5520
2 3 16 20 23 24 69 80 5520
2 3 16 20 23 24 80 92 5520
2 3 16 20 23 24 80 115 5520
2 3 16 20 23 30 46 48 5520
2 3 16 20 23 30 46 80 5520
2 3 16 20 23 30 48 69 5520
2 3 16 20 23 30 48 92 5520
2 3 16 20 23 30 48 115 5520
2 3 16 20 23 30 69 80 5520
2 3 16 20 23 30 80 92 5520
2 3 16 20 23 30 80 115 5520
2 3 16 20 23 32 96 115 11040
2 3 16 20 23 35 69 112 38640
2 3 16 20 23 40 46 48 5520
2 3 16 20 23 40 48 69 5520
2 3 16 20 23 40 48 92 5520
2 3 16 20 23 40 48 115 5520
2 3 16 20 23 40 69 80 5520
2 3 16 20 23 42 112 115 38640
2 3 16 20 23 46 48 60 5520
2 3 16 20 23 46 48 80 5520
2 3 16 20 23 46 48 115 5520
2 3 16 20 23 46 48 120 5520
2 3 16 20 23 46 60 80 5520
2 3 16 20 23 46 69 80 5520
2 3 16 20 23 46 80 120 5520
2 3 16 20 23 46 105 112 38640
2 3 16 20 23 48 60 69 5520
2 3 16 20 23 48 60 92 5520
2 3 16 20 23 48 60 115 5520
2 3 16 20 23 48 69 80 5520
2 3 16 20 23 48 69 115 5520
2 3 16 20 23 48 69 120 5520
2 3 16 20 23 48 80 92 5520
2 3 16 20 23 48 80 115 5520
2 3 16 20 23 48 92 115 5520
2 3 16 20 23 48 92 120 5520
2 3 16 20 23 48 115 120 5520
2 3 16 20 23 60 69 80 5520
2 3 16 20 23 60 80 92 5520
2 3 16 20 23 60 80 115 5520
2 3 16 20 23 69 70 112 38640
2 3 16 20 23 69 80 92 5520
2 3 16 20 23 69 80 115 5520
2 3 16 20 23 69 80 120 5520
2 3 16 20 23 69 105 112 38640
2 3 16 20 23 80 92 120 5520
2 3 16 20 23 80 115 120 5520
2 3 16 20 23 84 112 115 38640
2 3 16 20 23 92 105 112 38640
2 3 16 20 23 105 112 115 38640
2 3 16 20 24 25 48 50 1200
2 3 16 20 24 25 48 75 1200
2 3 16 20 24 25 48 100 1200
2 3 16 20 24 25 50 80 1200
2 3 16 20 24 25 75 80 1200
2 3 16 20 24 25 80 100 1200
2 3 16 20 24 26 39 80 3120
2 3 16 20 24 26 48 65 3120
2 3 16 20 24 26 52 80 3120
2 3 16 20 24 26 65 80 3120
2 3 16 20 24 26 78 80 3120
2 3 16 20 24 26 80 104 3120
2 3 16 20 24 27 54 80 2160
2 3 16 20 24 27 80 108 2160
2 3 16 20 24 28 30 112 1680
2 3 16 20 24 28 35 48 1680
2 3 16 20 24 28 35 80 1680
2 3 16 20 24 28 35 112 1680
2 3 16 20 24 28 40 112 1680
2 3 16 20 24 28 42 80 1680
2 3 16 20 24 28 48 70 1680
2 3 16 20 24 28 48 105 1680
2 3 16 20 24 28 56 80 1680
2 3 16 20 24 28 60 112 1680
2 3 16 20 24 28 70 80 1680
2 3 16 20 24 28 70 112 1680
2 3 16 20 24 28 80 84 1680
2 3 16 20 24 28 80 105 1680
2 3 16 20 24 28 80 112 1680
2 3 16 20 24 28 105 112 1680
2 3 16 20 24 28 112 120 1680
2 3 16 20 24 29 58 80 6960
2 3 16 20 24 29 80 87 6960
2 3 16 20 24 29 80 116 6960
2 3 16 20 24 30 32 96 480
2 3 16 20 24 30 35 112 1680
2 3 16 20 24 30 40 48 240
2 3 16 20 24 30 40 80 240
2 3 16 20 24 30 42 112 1680
2 3 16 20 24 30 48 60 240
2 3 16 20 24 30 48 80 240
2 3 16 20 24 30 48 120 240
2 3 16 20 24 30 56 112 1680
2 3 16 20 24 30 60 80 240
2 3 16 20 24 30 70 112 1680
2 3 16 20 24 30 80 120 240
2 3 16 20 24 30 84 112 1680
2 3 16 20 24 30 105 112 1680
2 3 16 20 24 31 62 80 7440
2 3 16 20 24 31 80 93 7440
2 3 16 20 24 31 80 124 7440
2 3 16 20 24 32 40 96 480
2 3 16 20 24 32 60 96 480
2 3 16 20 24 32 80 96 480
2 3 16 20 24 32 96 120 480
2 3 16 20 24 33 44 80 2640
2 3 16 20 24 33 48 55 2640
2 3 16 20 24 33 48 110 2640
2 3 16 20 24 33 55 80 2640
2 3 16 20 24 33 66 80 2640
2 3 16 20 24 33 80 88 2640
2 3 16 20 24 33 80 110 2640
2 3 16 20 24 34 48 85 4080
2 3 16 20 24 34 51 80 4080
2 3 16 20 24 34 68 80 4080
2 3 16 20 24 34 80 85 4080
2 3 16 20 24 34 80 102 4080
2 3 16 20 24 35 40 112 1680
2 3 16 20 24 35 42 48 1680
2 3 16 20 24 35 42 80 1680
2 3 16 20 24 35 42 112 1680
2 3 16 20 24 35 48 56 1680
2 3 16 20 24 35 48 70 1680
2 3 16 20 24 35 48 84 1680
2 3 16 20 24 35 48 105 1680
2 3 16 20 24 35 48 112 1680
2 3 16 20 24 35 56 80 1680
2 3 16 20 24 35 56 112 1680
2 3 16 20 24 35 60 112 1680
2 3 16 20 24 35 70 80 1680
2 3 16 20 24 35 70 112 1680
2 3 16 20 24 35 80 84 1680
2 3 16 20 24 35 80 105 1680
2 3 16 20 24 35 80 112 1680
2 3 16 20 24 35 84 112 1680
2 3 16 20 24 35 105 112 1680
2 3 16 20 24 35 112 120 1680
2 3 16 20 24 36 45 48 720
2 3 16 20 24 36 45 80 720
2 3 16 20 24 36 48 90 720
2 3 16 20 24 36 72 80 720
2 3 16 20 24 36 80 90 720
2 3 16 20 24 37 74 80 8880
2 3 16 20 24 37 80 111 8880
2 3 16 20 24 38 48 95 4560
2 3 16 20 24 38 57 80 4560
2 3 16 20 24 38 76 80 4560
2 3 16 20 24 38 80 95 4560
2 3 16 20 24 38 80 114 4560
2 3 16 20 24 39 48 65 3120
2 3 16 20 24 39 52 80 3120
2 3 16 20 24 39 65 80 3120
2 3 16 20 24 39 78 80 3120
2 3 16 20 24 39 80 104 3120
2 3 16 20 24 40 42 112 1680
2 3 16 20 24 40 48 60 240
2 3 16 20 24 40 48 80 240
2 3 16 20 24 40 48 120 240
2 3 16 20 24 40 56 112 1680
2 3 16 20 24 40 60 80 240
2 3 16 20 24 40 70 112 1680
2 3 16 20 24 40 80 120 240
2 3 16 20 24 40 84 112 1680
2 3 16 20 24 40 105 112 1680
2 3 16 20 24 41 80 82 9840
2 3 16 20 24 41 80 123 9840
2 3 16 20 24 42 48 70 1680
2 3 16 20 24 42 48 105 1680
2 3 16 20 24 42 56 80 1680
2 3 16 20 24 42 60 112 1680
2 3 16 20 24 42 70 80 1680
2 3 16 20 24 42 70 112 1680
2 3 16 20 24 42 80 84 1680
2 3 16 20 24 42 80 105 1680
2 3 16 20 24 42 80 112 1680
2 3 16 20 24 42 105 112 1680
2 3 16 20 24 42 112 120 1680
2 3 16 20 24 43 80 86 10320
2 3 16 20 24 44 48 55 2640
2 3 16 20 24 44 48 110 2640
2 3 16 20 24 44 55 80 2640
2 3 16 20 24 44 66 80 2640
2 3 16 20 24 44 80 88 2640
2 3 16 20 24 44 80 110 2640
2 3 16 20 24 45 48 72 720
2 3 16 20 24 45 48 90 720
2 3 16 20 24 45 63 112 5040
2 3 16 20 24 45 72 80 720
2 3 16 20 24 45 80 90 720
2 3 16 20 24 45 112 126 5040
2 3 16 20 24 46 48 115 5520
2 3 16 20 24 46 69 80 5520
2 3 16 20 24 46 80 92 5520
2 3 16 20 24 46 80 115 5520
2 3 16 20 24 47 80 94 11280
2 3 16 20 24 48 50 75 1200
2 3 16 20 24 48 50 100 1200
2 3 16 20 24 48 51 85 4080
2 3 16 20 24 48 52 65 3120
2 3 16 20 24 48 55 66 2640
2 3 16 20 24 48 55 88 2640
2 3 16 20 24 48 55 110 2640
2 3 16 20 24 48 56 70 1680
2 3 16 20 24 48 56 105 1680
2 3 16 20 24 48 57 95 4560
2 3 16 20 24 48 60 80 240
2 3 16 20 24 48 60 120 240
2 3 16 20 24 48 65 78 3120
2 3 16 20 24 48 65 104 3120
2 3 16 20 24 48 66 110 2640
2 3 16 20 24 48 68 85 4080
2 3 16 20 24 48 69 115 5520
2 3 16 20 24 48 70 84 1680
2 3 16 20 24 48 70 105 1680
2 3 16 20 24 48 70 112 1680
2 3 16 20 24 48 72 90 720
2 3 16 20 24 48 75 100 1200
2 3 16 20 24 48 76 95 4560
2 3 16 20 24 48 80 120 240
2 3 16 20 24 48 84 105 1680
2 3 16 20 24 48 85 102 4080
2 3 16 20 24 48 88 110 2640
2 3 16 20 24 48 92 115 5520
2 3 16 20 24 48 95 114 4560
2 3 16 20 24 48 105 112 1680
2 3 16 20 24 49 80 98 11760
2 3 16 20 24 50 75 80 1200
2 3 16 20 24 50 80 100 1200
2 3 16 20 24 51 68 80 4080
2 3 16 20 24 51 80 85 4080
2 3 16 20 24 51 80 102 4080
2 3 16 20 24 52 65 80 3120
2 3 16 20 24 52 78 80 3120
2 3 16 20 24 52 80 104 3120
2 3 16 20 24 53 80 106 12720
2 3 16 20 24 54 80 108 2160
2 3 16 20 24 55 66 80 2640
2 3 16 20 24 55 77 112 18480
2 3 16 20 24 55 80 88 2640
2 3 16 20 24 55 80 110 2640
2 3 16 20 24 56 60 112 1680
2 3 16 20 24 56 70 80 1680
2 3 16 20 24 56 70 112 1680
2 3 16 20 24 56 80 84 1680
2 3 16 20 24 56 80 105 1680
2 3 16 20 24 56 80 112 1680
2 3 16 20 24 56 105 112 1680
2 3 16 20 24 56 112 120 1680
2 3 16 20 24 57 76 80 4560
2 3 16 20 24 57 80 95 4560
2 3 16 20 24 57 80 114 4560
2 3 16 20 24 58 80 87 6960
2 3 16 20 24 58 80 116 6960
2 3 16 20 24 59 80 118 14160
2 3 16 20 24 60 70 112 1680
2 3 16 20 24 60 80 120 240
2 3 16 20 24 60 84 112 1680
2 3 16 20 24 60 105 112 1680
2 3 16 20 24 61 80 122 14640
2 3 16 20 24 62 80 93 7440
2 3 16 20 24 62 80 124 7440
2 3 16 20 24 63 80 126 5040
2 3 16 20 24 63 90 112 5040
2 3 16 20 24 65 78 80 3120
2 3 16 20 24 65 80 104 3120
2 3 16 20 24 65 91 112 21840
2 3 16 20 24 66 80 88 2640
2 3 16 20 24 66 80 110 2640
2 3 16 20 24 68 80 85 4080
2 3 16 20 24 68 80 102 4080
2 3 16 20 24 69 80 92 5520
2 3 16 20 24 69 80 115 5520
2 3 16 20 24 70 80 84 1680
2 3 16 20 24 70 80 105 1680
2 3 16 20 24 70 80 112 1680
2 3 16 20 24 70 84 112 1680
2 3 16 20 24 70 105 112 1680
2 3 16 20 24 70 112 120 1680
2 3 16 20 24 72 80 90 720
2 3 16 20 24 74 80 111 8880
2 3 16 20 24 75 80 100 1200
2 3 16 20 24 76 80 95 4560
2 3 16 20 24 76 80 114 4560
2 3 16 20 24 77 110 112 18480
2 3 16 20 24 78 80 104 3120
2 3 16 20 24 80 82 123 9840
2 3 16 20 24 80 84 105 1680
2 3 16 20 24 80 84 112 1680
2 3 16 20 24 80 85 102 4080
2 3 16 20 24 80 87 116 6960
2 3 16 20 24 80 88 110 2640
2 3 16 20 24 80 92 115 5520
2 3 16 20 24 80 93 124 7440
2 3 16 20 24 80 95 114 4560
2 3 16 20 24 80 105 112 1680
2 3 16 20 24 84 105 112 1680
2 3 16 20 24 84 112 120 1680
2 3 16 20 24 85 112 119 28560
2 3 16 20 24 90 112 126 5040
2 3 16 20 24 105 112 120 1680
2 3 16 20 25 28 75 112 8400
2 3 16 20 25 30 48 50 1200
2 3 16 20 25 30 48 75 1200
2 3 16 20 25 30 48 100 1200
2 3 16 20 25 30 50 80 1200
2 3 16 20 25 30 75 80 1200
2 3 16 20 25 30 80 100 1200
2 3 16 20 25 32 50 96 2400
2 3 16 20 25 32 75 96 2400
2 3 16 20 25 32 96 100 2400
2 3 16 20 25 35 75 112 8400
2 3 16 20 25 40 48 50 1200
2 3 16 20 25 40 48 75 1200
2 3 16 20 25 40 48 100 1200
2 3 16 20 25 40 75 80 1200
2 3 16 20 25 42 50 112 8400
2 3 16 20 25 42 75 112 8400
2 3 16 20 25 42 100 112 8400
2 3 16 20 25 48 50 60 1200
2 3 16 20 25 48 50 75 1200
2 3 16 20 25 48 50 80 1200
2 3 16 20 25 48 50 100 1200
2 3 16 20 25 48 50 120 1200
2 3 16 20 25 48 60 75 1200
2 3 16 20 25 48 60 100 1200
2 3 16 20 25 48 75 80 1200
2 3 16 20 25 48 75 100 1200
2 3 16 20 25 48 75 120 1200
2 3 16 20 25 48 80 100 1200
2 3 16 20 25 48 100 120 1200
2 3 16 20 25 50 60 80 1200
2 3 16 20 25 50 75 80 1200
2 3 16 20 25 50 80 120 1200
2 3 16 20 25 50 84 112 8400
2 3 16 20 25 50 105 112 8400
2 3 16 20 25 56 75 112 8400
2 3 16 20 25 60 75 80 1200
2 3 16 20 25 60 80 100 1200
2 3 16 20 25 70 75 112 8400
2 3 16 20 25 75 80 100 1200
2 3 16 20 25 75 80 120 1200
2 3 16 20 25 75 84 112 8400
2 3 16 20 25 75 105 112 8400
2 3 16 20 25 80 100 120 1200
2 3 16 20 25 84 100 112 8400
2 3 16 20 25 100 105 112 8400
2 3 16 20 26 30 39 48 3120
2 3 16 20 26 30 39 80 3120
2 3 16 20 26 30 48 52 3120
2 3 16 20 26 30 48 65 3120
2 3 16 20 26 30 48 78 3120
2 3 16 20 26 30 48 104 3120
2 3 16 20 26 30 52 80 3120
2 3 16 20 26 30 65 80 3120
2 3 16 20 26 30 78 80 3120
2 3 16 20 26 30 80 104 3120
2 3 16 20 26 30 91 112 21840
2 3 16 20 26 32 65 96 6240
2 3 16 20 26 35 39 112 21840
2 3 16 20 26 35 48 91 21840
2 3 16 20 26 35 78 112 21840
2 3 16 20 26 36 80 117 9360
2 3 16 20 26 39 40 48 3120
2 3 16 20 26 39 40 80 3120
2 3 16 20 26 39 48 60 3120
2 3 16 20 26 39 48 65 3120
2 3 16 20 26 39 48 80 3120
2 3 16 20 26 39 48 120 3120
2 3 16 20 26 39 52 80 3120
2 3 16 20 26 39 60 80 3120
2 3 16 20 26 39 65 80 3120
2 3 16 20 26 39 70 112 21840
2 3 16 20 26 39 78 80 3120
2 3 16 20 26 39 80 104 3120
2 3 16 20 26 39 80 120 3120
2 3 16 20 26 39 105 112 21840
2 3 16 20 26 40 48 52 3120
2 3 16 20 26 40 48 65 3120
2 3 16 20 26 40 48 78 3120
2 3 16 20 26 40 48 104 3120
2 3 16 20 26 40 78 80 3120
2 3 16 20 26 42 65 112 21840
2 3 16 20 26 42 80 91 21840
2 3 16 20 26 45 48 117 9360
2 3 16 20 26 45 80 117 9360
2 3 16 20 26 48 52 60 3120
2 3 16 20 26 48 52 65 3120
2 3 16 20 26 48 52 80 3120
2 3 16 20 26 48 52 120 3120
2 3 16 20 26 48 60 65 3120
2 3 16 20 26 48 60 78 3120
2 3 16 20 26 48 60 104 3120
2 3 16 20 26 48 65 78 3120
2 3 16 20 26 48 65 80 3120
2 3 16 20 26 48 65 104 3120
2 3 16 20 26 48 65 120 3120
2 3 16 20 26 48 70 91 21840
2 3 16 20 26 48 78 80 3120
2 3 16 20 26 48 78 120 3120
2 3 16 20 26 48 80 104 3120
2 3 16 20 26 48 90 117 9360
2 3 16 20 26 48 91 105 21840
2 3 16 20 26 48 104 120 3120
2 3 16 20 26 52 60 80 3120
2 3 16 20 26 52 78 80 3120
2 3 16 20 26 52 80 120 3120
2 3 16 20 26 52 105 112 21840
2 3 16 20 26 60 65 80 3120
2 3 16 20 26 60 78 80 3120
2 3 16 20 26 60 80 104 3120
2 3 16 20 26 60 91 112 21840
2 3 16 20 26 65 78 80 3120
2 3 16 20 26 65 80 120 3120
2 3 16 20 26 65 84 112 21840
2 3 16 20 26 65 105 112 21840
2 3 16 20 26 70 78 112 21840
2 3 16 20 26 72 80 117 9360
2 3 16 20 26 78 80 104 3120
2 3 16 20 26 78 80 120 3120
2 3 16 20 26 78 105 112 21840
2 3 16 20 26 80 84 91 21840
2 3 16 20 26 80 90 117 9360
2 3 16 20 26 80 91 105 21840
2 3 16 20 26 80 104 120 3120
2 3 16 20 26 91 105 112 21840
2 3 16 20 26 91 112 120 21840
2 3 16 20 26 104 105 112 21840
2 3 16 20 27 30 48 54 2160
2 3 16 20 27 30 48 108 2160
2 3 16 20 27 30 54 80 2160
2 3 16 20 27 30 80 108 2160
2 3 16 20 27 35 54 112 15120
2 3 16 20 27 35 108 112 15120
2 3 16 20 27 36 54 80 2160
2 3 16 20 27 36 80 108 2160
2 3 16 20 27 40 48 54 2160
2 3 16 20 27 40 48 108 2160
2 3 16 20 27 40 54 80 2160
2 3 16 20 27 40 80 108 2160
2 3 16 20 27 45 48 54 2160
2 3 16 20 27 45 48 108 2160
2 3 16 20 27 45 54 80 2160
2 3 16 20 27 45 80 108 2160
2 3 16 20 27 48 54 60 2160
2 3 16 20 27 48 54 80 2160
2 3 16 20 27 48 54 90 2160
2 3 16 20 27 48 54 120 2160
2 3 16 20 27 48 60 108 2160
2 3 16 20 27 48 80 108 2160
2 3 16 20 27 48 90 108 2160
2 3 16 20 27 48 108 120 2160
2 3 16 20 27 54 60 80 2160
2 3 16 20 27 54 70 112 15120
2 3 16 20 27 54 72 80 2160
2 3 16 20 27 54 80 90 2160
2 3 16 20 27 54 80 108 2160
2 3 16 20 27 54 80 120 2160
2 3 16 20 27 54 105 112 15120
2 3 16 20 27 60 80 108 2160
2 3 16 20 27 70 108 112 15120
2 3 16 20 27 72 80 108 2160
2 3 16 20 27 80 90 108 2160
2 3 16 20 27 80 108 120 2160
2 3 16 20 27 105 108 112 15120
2 3 16 20 28 30 35 48 1680
2 3 16 20 28 30 35 80 1680
2 3 16 20 28 30 35 112 1680
2 3 16 20 28 30 40 112 1680
2 3 16 20 28 30 42 48 1680
2 3 16 20 28 30 42 80 1680
2 3 16 20 28 30 42 112 1680
2 3 16 20 28 30 48 56 1680
2 3 16 20 28 30 48 70 1680
2 3 16 20 28 30 48 84 1680
2 3 16 20 28 30 48 105 1680
2 3 16 20 28 30 48 112 1680
2 3 16 20 28 30 56 80 1680
2 3 16 20 28 30 56 112 1680
2 3 16 20 28 30 60 112 1680
2 3 16 20 28 30 70 80 1680
2 3 16 20 28 30 70 112 1680
2 3 16 20 28 30 80 84 1680
2 3 16 20 28 30 80 105 1680
2 3 16 20 28 30 80 112 1680
2 3 16 20 28 30 84 112 1680
2 3 16 20 28 30 105 112 1680
2 3 16 20 28 30 112 120 1680
2 3 16 20 28 32 35 96 3360
2 3 16 20 28 32 70 96 3360
2 3 16 20 28 32 96 105 3360
2 3 16 20 28 33 55 112 18480
2 3 16 20 28 33 77 80 18480
2 3 16 20 28 33 110 112 18480
2 3 16 20 28 35 40 48 1680
2 3 16 20 28 35 42 48 1680
2 3 16 20 28 35 42 80 1680
2 3 16 20 28 35 42 112 1680
2 3 16 20 28 35 48 56 1680
2 3 16 20 28 35 48 60 1680
2 3 16 20 28 35 48 70 1680
2 3 16 20 28 35 48 80 1680
2 3 16 20 28 35 48 84 1680
2 3 16 20 28 35 48 105 1680
2 3 16 20 28 35 48 112 1680
2 3 16 20 28 35 48 120 1680
2 3 16 20 28 35 60 80 1680
2 3 16 20 28 35 60 112 1680
2 3 16 20 28 35 80 84 1680
2 3 16 20 28 35 80 105 1680
2 3 16 20 28 35 80 120 1680
2 3 16 20 28 35 84 112 1680
2 3 16 20 28 35 105 112 1680
2 3 16 20 28 35 112 120 1680
2 3 16 20 28 36 45 112 5040
2 3 16 20 28 36 63 80 5040
2 3 16 20 28 36 80 126 5040
2 3 16 20 28 36 90 112 5040
2 3 16 20 28 39 65 112 21840
2 3 16 20 28 39 80 91 21840
2 3 16 20 28 40 42 48 1680
2 3 16 20 28 40 42 80 1680
2 3 16 20 28 40 42 112 1680
2 3 16 20 28 40 48 56 1680
2 3 16 20 28 40 48 70 1680
2 3 16 20 28 40 48 84 1680
2 3 16 20 28 40 48 105 1680
2 3 16 20 28 40 48 112 1680
2 3 16 20 28 40 60 112 1680
2 3 16 20 28 40 80 84 1680
2 3 16 20 28 40 80 105 1680
2 3 16 20 28 40 84 112 1680
2 3 16 20 28 40 105 112 1680
2 3 16 20 28 40 112 120 1680
2 3 16 20 28 42 48 60 1680
2 3 16 20 28 42 48 70 1680
2 3 16 20 28 42 48 80 1680
2 3 16 20 28 42 48 105 1680
2 3 16 20 28 42 48 120 1680
2 3 16 20 28 42 56 80 1680
2 3 16 20 28 42 60 80 1680
2 3 16 20 28 42 60 112 1680
2 3 16 20 28 42 70 80 1680
2 3 16 20 28 42 70 112 1680
2 3 16 20 28 42 80 84 1680
2 3 16 20 28 42 80 105 1680
2 3 16 20 28 42 80 112 1680
2 3 16 20 28 42 80 120 1680
2 3 16 20 28 42 105 112 1680
2 3 16 20 28 42 112 120 1680
2 3 16 20 28 45 48 63 5040
2 3 16 20 28 45 48 126 5040
2 3 16 20 28 45 63 80 5040
2 3 16 20 28 45 63 112 5040
2 3 16 20 28 45 72 112 5040
2 3 16 20 28 45 80 126 5040
2 3 16 20 28 45 90 112 5040
2 3 16 20 28 45 112 126 5040
2 3 16 20 28 48 55 77 18480
2 3 16 20 28 48 56 60 1680
2 3 16 20 28 48 56 70 1680
2 3 16 20 28 48 56 80 1680
2 3 16 20 28 48 56 105 1680
2 3 16 20 28 48 56 120 1680
2 3 16 20 28 48 60 70 1680
2 3 16 20 28 48 60 84 1680
2 3 16 20 28 48 60 105 1680
2 3 16 20 28 48 60 112 1680
2 3 16 20 28 48 63 90 5040
2 3 16 20 28 48 65 91 21840
2 3 16 20 28 48 70 80 1680
2 3 16 20 28 48 70 84 1680
2 3 16 20 28 48 70 105 1680
2 3 16 20 28 48 70 112 1680
2 3 16 20 28 48 70 120 1680
2 3 16 20 28 48 77 110 18480
2 3 16 20 28 48 80 84 1680
2 3 16 20 28 48 80 105 1680
2 3 16 20 28 48 80 112 1680
2 3 16 20 28 48 84 105 1680
2 3 16 20 28 48 84 120 1680
2 3 16 20 28 48 85 119 28560
2 3 16 20 28 48 90 126 5040
2 3 16 20 28 48 105 112 1680
2 3 16 20 28 48 105 120 1680
2 3 16 20 28 48 112 120 1680
2 3 16 20 28 50 75 112 8400
2 3 16 20 28 51 80 119 28560
2 3 16 20 28 51 85 112 28560
2 3 16 20 28 55 66 112 18480
2 3 16 20 28 56 60 80 1680
2 3 16 20 28 56 60 112 1680
2 3 16 20 28 56 80 84 1680
2 3 16 20 28 56 80 105 1680
2 3 16 20 28 56 80 120 1680
2 3 16 20 28 56 105 112 1680
2 3 16 20 28 56 112 120 1680
2 3 16 20 28 57 95 112 31920
2 3 16 20 28 60 70 80 1680
2 3 16 20 28 60 70 112 1680
2 3 16 20 28 60 80 84 1680
2 3 16 20 28 60 80 105 1680
2 3 16 20 28 60 80 112 1680
2 3 16 20 28 60 84 112 1680
2 3 16 20 28 60 105 112 1680
2 3 16 20 28 60 112 120 1680
2 3 16 20 28 63 72 80 5040
2 3 16 20 28 63 80 90 5040
2 3 16 20 28 63 80 126 5040
2 3 16 20 28 63 90 112 5040
2 3 16 20 28 65 78 112 21840
2 3 16 20 28 66 77 80 18480
2 3 16 20 28 66 110 112 18480
2 3 16 20 28 69 112 115 38640
2 3 16 20 28 70 80 84 1680
2 3 16 20 28 70 80 105 1680
2 3 16 20 28 70 80 120 1680
2 3 16 20 28 70 84 112 1680
2 3 16 20 28 70 105 112 1680
2 3 16 20 28 70 112 120 1680
2 3 16 20 28 72 80 126 5040
2 3 16 20 28 72 90 112 5040
2 3 16 20 28 75 100 112 8400
2 3 16 20 28 78 80 91 21840
2 3 16 20 28 80 84 105 1680
2 3 16 20 28 80 84 112 1680
2 3 16 20 28 80 84 120 1680
2 3 16 20 28 80 90 126 5040
2 3 16 20 28 80 102 119 28560
2 3 16 20 28 80 105 112 1680
2 3 16 20 28 80 105 120 1680
2 3 16 20 28 80 112 120 1680
2 3 16 20 28 84 105 112 1680
2 3 16 20 28 84 112 120 1680
2 3 16 20 28 85 102 112 28560
2 3 16 20 28 90 112 126 5040
2 3 16 20 28 95 112 114 31920
2 3 16 20 28 105 112 120 1680
2 3 16 20 29 30 48 58 6960
2 3 16 20 29 30 48 87 6960
2 3 16 20 29 30 48 116 6960
2 3 16 20 29 30 58 80 6960
2 3 16 20 29 30 80 87 6960
2 3 16 20 29 30 80 116 6960
2 3 16 20 29 35 87 112 48720
2 3 16 20 29 40 48 58 6960
2 3 16 20 29 40 48 87 6960
2 3 16 20 29 40 48 116 6960
2 3 16 20 29 40 80 87 6960
2 3 16 20 29 48 58 60 6960
2 3 16 20 29 48 58 80 6960
2 3 16 20 29 48 58 120 6960
2 3 16 20 29 48 60 87 6960
2 3 16 20 29 48 60 116 6960
2 3 16 20 29 48 80 87 6960
2 3 16 20 29 48 80 116 6960
2 3 16 20 29 48 87 120 6960
2 3 16 20 29 48 116 120 6960
2 3 16 20 29 58 60 80 6960
2 3 16 20 29 58 80 87 6960
2 3 16 20 29 58 80 120 6960
2 3 16 20 29 58 105 112 48720
2 3 16 20 29 60 80 87 6960
2 3 16 20 29 60 80 116 6960
2 3 16 20 29 70 87 112 48720
2 3 16 20 29 80 87 116 6960
2 3 16 20 29 80 87 120 6960
2 3 16 20 29 80 116 120 6960
2 3 16 20 29 87 105 112 48720
2 3 16 20 29 105 112 116 48720
2 3 16 20 30 31 48 62 7440
2 3 16 20 30 31 48 93 7440
2 3 16 20 30 31 48 124 7440
2 3 16 20 30 31 62 80 7440
2 3 16 20 30 31 80 93 7440
2 3 16 20 30 31 80 124 7440
2 3 16 20 30 32 40 96 480
2 3 16 20 30 32 48 96 480
2 3 16 20 30 32 60 96 480
2 3 16 20 30 32 80 96 480
2 3 16 20 30 32 96 120 480
2 3 16 20 30 33 44 48 2640
2 3 16 20 30 33 44 80 2640
2 3 16 20 30 33 48 55 2640
2 3 16 20 30 33 48 66 2640
2 3 16 20 30 33 48 88 2640
2 3 16 20 30 33 48 110 2640
2 3 16 20 30 33 55 80 2640
2 3 16 20 30 33 66 80 2640
2 3 16 20 30 33 77 112 18480
2 3 16 20 30 33 80 88 2640
2 3 16 20 30 33 80 110 2640
2 3 16 20 30 34 48 51 4080
2 3 16 20 30 34 48 68 4080
2 3 16 20 30 34 48 85 4080
2 3 16 20 30 34 48 102 4080
2 3 16 20 30 34 51 80 4080
2 3 16 20 30 34 68 80 4080
2 3 16 20 30 34 80 85 4080
2 3 16 20 30 34 80 102 4080
2 3 16 20 30 34 112 119 28560
2 3 16 20 30 35 40 112 1680
2 3 16 20 30 35 42 48 1680
2 3 16 20 30 35 42 80 1680
2 3 16 20 30 35 42 112 1680
2 3 16 20 30 35 48 56 1680
2 3 16 20 30 35 48 70 1680
2 3 16 20 30 35 48 84 1680
2 3 16 20 30 35 48 105 1680
2 3 16 20 30 35 48 112 1680
2 3 16 20 30 35 56 80 1680
2 3 16 20 30 35 56 112 1680
2 3 16 20 30 35 60 112 1680
2 3 16 20 30 35 70 80 1680
2 3 16 20 30 35 70 112 1680
2 3 16 20 30 35 80 84 1680
2 3 16 20 30 35 80 105 1680
2 3 16 20 30 35 80 112 1680
2 3 16 20 30 35 84 112 1680
2 3 16 20 30 35 105 112 1680
2 3 16 20 30 35 112 120 1680
2 3 16 20 30 36 45 48 720
2 3 16 20 30 36 45 80 720
2 3 16 20 30 36 48 72 720
2 3 16 20 30 36 48 90 720
2 3 16 20 30 36 63 112 5040
2 3 16 20 30 36 72 80 720
2 3 16 20 30 36 80 90 720
2 3 16 20 30 36 112 126 5040
2 3 16 20 30 37 48 74 8880
2 3 16 20 30 37 48 111 8880
2 3 16 20 30 37 74 80 8880
2 3 16 20 30 37 80 111 8880
2 3 16 20 30 38 48 57 4560
2 3 16 20 30 38 48 76 4560
2 3 16 20 30 38 48 95 4560
2 3 16 20 30 38 48 114 4560
2 3 16 20 30 38 57 80 4560
2 3 16 20 30 38 76 80 4560
2 3 16 20 30 38 80 95 4560
2 3 16 20 30 38 80 114 4560
2 3 16 20 30 39 48 52 3120
2 3 16 20 30 39 48 65 3120
2 3 16 20 30 39 48 78 3120
2 3 16 20 30 39 48 104 3120
2 3 16 20 30 39 52 80 3120
2 3 16 20 30 39 65 80 3120
2 3 16 20 30 39 78 80 3120
2 3 16 20 30 39 80 104 3120
2 3 16 20 30 39 91 112 21840
2 3 16 20 30 40 42 112 1680
2 3 16 20 30 40 48 60 240
2 3 16 20 30 40 48 80 240
2 3 16 20 30 40 48 120 240
2 3 16 20 30 40 56 112 1680
2 3 16 20 30 40 60 80 240
2 3 16 20 30 40 70 112 1680
2 3 16 20 30 40 80 120 240
2 3 16 20 30 40 84 112 1680
2 3 16 20 30 40 105 112 1680
2 3 16 20 30 41 48 82 9840
2 3 16 20 30 41 48 123 9840
2 3 16 20 30 41 80 82 9840
2 3 16 20 30 41 80 123 9840
2 3 16 20 30 42 48 56 1680
2 3 16 20 30 42 48 70 1680
2 3 16 20 30 42 48 84 1680
2 3 16 20 30 42 48 105 1680
2 3 16 20 30 42 48 112 1680
2 3 16 20 30 42 56 80 1680
2 3 16 20 30 42 56 112 1680
2 3 16 20 30 42 60 112 1680
2 3 16 20 30 42 70 80 1680
2 3 16 20 30 42 70 112 1680
2 3 16 20 30 42 80 84 1680
2 3 16 20 30 42 80 105 1680
2 3 16 20 30 42 80 112 1680
2 3 16 20 30 42 84 112 1680
2 3 16 20 30 42 105 112 1680
2 3 16 20 30 42 112 120 1680
2 3 16 20 30 43 48 86 10320
2 3 16 20 30 43 80 86 10320
2 3 16 20 30 44 48 55 2640
2 3 16 20 30 44 48 66 2640
2 3 16 20 30 44 48 88 2640
2 3 16 20 30 44 48 110 2640
2 3 16 20 30 44 55 80 2640
2 3 16 20 30 44 66 80 2640
2 3 16 20 30 44 77 112 18480
2 3 16 20 30 44 80 88 2640
2 3 16 20 30 44 80 110 2640
2 3 16 20 30 45 48 72 720
2 3 16 20 30 45 48 90 720
2 3 16 20 30 45 63 112 5040
2 3 16 20 30 45 72 80 720
2 3 16 20 30 45 80 90 720
2 3 16 20 30 45 112 126 5040
2 3 16 20 30 46 48 69 5520
2 3 16 20 30 46 48 92 5520
2 3 16 20 30 46 48 115 5520
2 3 16 20 30 46 69 80 5520
2 3 16 20 30 46 80 92 5520
2 3 16 20 30 46 80 115 5520
2 3 16 20 30 47 48 94 11280
2 3 16 20 30 47 80 94 11280
2 3 16 20 30 48 49 98 11760
2 3 16 20 30 48 50 75 1200
2 3 16 20 30 48 50 100 1200
2 3 16 20 30 48 51 68 4080
2 3 16 20 30 48 51 85 4080
2 3 16 20 30 48 51 102 4080
2 3 16 20 30 48 52 65 3120
2 3 16 20 30 48 52 78 3120
2 3 16 20 30 48 52 104 3120
2 3 16 20 30 48 53 106 12720
2 3 16 20 30 48 54 108 2160
2 3 16 20 30 48 55 66 2640
2 3 16 20 30 48 55 88 2640
2 3 16 20 30 48 55 110 2640
2 3 16 20 30 48 56 70 1680
2 3 16 20 30 48 56 84 1680
2 3 16 20 30 48 56 105 1680
2 3 16 20 30 48 56 112 1680
2 3 16 20 30 48 57 76 4560
2 3 16 20 30 48 57 95 4560
2 3 16 20 30 48 57 114 4560
2 3 16 20 30 48 58 87 6960
2 3 16 20 30 48 58 116 6960
2 3 16 20 30 48 59 118 14160
2 3 16 20 30 48 60 80 240
2 3 16 20 30 48 60 120 240
2 3 16 20 30 48 61 122 14640
2 3 16 20 30 48 62 93 7440
2 3 16 20 30 48 62 124 7440
2 3 16 20 30 48 63 126 5040
2 3 16 20 30 48 65 78 3120
2 3 16 20 30 48 65 104 3120
2 3 16 20 30 48 66 88 2640
2 3 16 20 30 48 66 110 2640
2 3 16 20 30 48 68 85 4080
2 3 16 20 30 48 68 102 4080
2 3 16 20 30 48 69 92 5520
2 3 16 20 30 48 69 115 5520
2 3 16 20 30 48 70 84 1680
2 3 16 20 30 48 70 105 1680
2 3 16 20 30 48 70 112 1680
2 3 16 20 30 48 72 90 720
2 3 16 20 30 48 74 111 8880
2 3 16 20 30 48 75 100 1200
2 3 16 20 30 48 76 95 4560
2 3 16 20 30 48 76 114 4560
2 3 16 20 30 48 78 104 3120
2 3 16 20 30 48 80 120 240
2 3 16 20 30 48 82 123 9840
2 3 16 20 30 48 84 105 1680
2 3 16 20 30 48 84 112 1680
2 3 16 20 30 48 85 102 4080
2 3 16 20 30 48 87 116 6960
2 3 16 20 30 48 88 110 2640
2 3 16 20 30 48 92 115 5520
2 3 16 20 30 48 93 124 7440
2 3 16 20 30 48 95 114 4560
2 3 16 20 30 48 105 112 1680
2 3 16 20 30 49 80 98 11760
2 3 16 20 30 49 98 112 11760
2 3 16 20 30 50 75 80 1200
2 3 16 20 30 50 80 100 1200
2 3 16 20 30 51 68 80 4080
2 3 16 20 30 51 80 85 4080
2 3 16 20 30 51 80 102 4080
2 3 16 20 30 51 112 119 28560
2 3 16 20 30 52 65 80 3120
2 3 16 20 30 52 78 80 3120
2 3 16 20 30 52 80 104 3120
2 3 16 20 30 52 91 112 21840
2 3 16 20 30 53 80 106 12720
2 3 16 20 30 54 80 108 2160
2 3 16 20 30 55 66 80 2640
2 3 16 20 30 55 77 112 18480
2 3 16 20 30 55 80 88 2640
2 3 16 20 30 55 80 110 2640
2 3 16 20 30 56 60 112 1680
2 3 16 20 30 56 70 80 1680
2 3 16 20 30 56 70 112 1680
2 3 16 20 30 56 80 84 1680
2 3 16 20 30 56 80 105 1680
2 3 16 20 30 56 80 112 1680
2 3 16 20 30 56 84 112 1680
2 3 16 20 30 56 105 112 1680
2 3 16 20 30 56 112 120 1680
2 3 16 20 30 57 76 80 4560
2 3 16 20 30 57 80 95 4560
2 3 16 20 30 57 80 114 4560
2 3 16 20 30 58 80 87 6960
2 3 16 20 30 58 80 116 6960
2 3 16 20 30 59 80 118 14160
2 3 16 20 30 60 70 112 1680
2 3 16 20 30 60 80 120 240
2 3 16 20 30 60 84 112 1680
2 3 16 20 30 60 105 112 1680
2 3 16 20 30 61 80 122 14640
2 3 16 20 30 62 80 93 7440
2 3 16 20 30 62 80 124 7440
2 3 16 20 30 63 72 112 5040
2 3 16 20 30 63 80 126 5040
2 3 16 20 30 63 90 112 5040
2 3 16 20 30 63 112 126 5040
2 3 16 20 30 65 78 80 3120
2 3 16 20 30 65 80 104 3120
2 3 16 20 30 65 91 112 21840
2 3 16 20 30 66 77 112 18480
2 3 16 20 30 66 80 88 2640
2 3 16 20 30 66 80 110 2640
2 3 16 20 30 68 80 85 4080
2 3 16 20 30 68 80 102 4080
2 3 16 20 30 68 112 119 28560
2 3 16 20 30 69 80 92 5520
2 3 16 20 30 69 80 115 5520
2 3 16 20 30 70 80 84 1680
2 3 16 20 30 70 80 105 1680
2 3 16 20 30 70 80 112 1680
2 3 16 20 30 70 84 112 1680
2 3 16 20 30 70 105 112 1680
2 3 16 20 30 70 112 120 1680
2 3 16 20 30 72 80 90 720
2 3 16 20 30 72 112 126 5040
2 3 16 20 30 74 80 111 8880
2 3 16 20 30 75 80 100 1200
2 3 16 20 30 76 80 95 4560
2 3 16 20 30 76 80 114 4560
2 3 16 20 30 77 88 112 18480
2 3 16 20 30 77 110 112 18480
2 3 16 20 30 78 80 104 3120
2 3 16 20 30 78 91 112 21840
2 3 16 20 30 80 82 123 9840
2 3 16 20 30 80 84 105 1680
2 3 16 20 30 80 84 112 1680
2 3 16 20 30 80 85 102 4080
2 3 16 20 30 80 87 116 6960
2 3 16 20 30 80 88 110 2640
2 3 16 20 30 80 92 115 5520
2 3 16 20 30 80 93 124 7440
2 3 16 20 30 80 95 114 4560
2 3 16 20 30 80 105 112 1680
2 3 16 20 30 84 105 112 1680
2 3 16 20 30 84 112 120 1680
2 3 16 20 30 85 112 119 28560
2 3 16 20 30 90 112 126 5040
2 3 16 20 30 91 104 112 21840
2 3 16 20 30 102 112 119 28560
2 3 16 20 30 105 112 120 1680
2 3 16 20 31 35 93 112 52080
2 3 16 20 31 40 48 62 7440
2 3 16 20 31 40 48 93 7440
2 3 16 20 31 40 48 124 7440
2 3 16 20 31 40 80 93 7440
2 3 16 20 31 48 60 62 7440
2 3 16 20 31 48 60 93 7440
2 3 16 20 31 48 60 124 7440
2 3 16 20 31 48 62 80 7440
2 3 16 20 31 48 62 120 7440
2 3 16 20 31 48 80 93 7440
2 3 16 20 31 48 80 124 7440
2 3 16 20 31 48 93 120 7440
2 3 16 20 31 48 120 124 7440
2 3 16 20 31 60 62 80 7440
2 3 16 20 31 60 80 93 7440
2 3 16 20 31 60 80 124 7440
2 3 16 20 31 62 80 93 7440
2 3 16 20 31 62 80 120 7440
2 3 16 20 31 62 105 112 52080
2 3 16 20 31 70 93 112 52080
2 3 16 20 31 80 93 120 7440
2 3 16 20 31 80 93 124 7440
2 3 16 20 31 80 120 124 7440
2 3 16 20 31 93 105 112 52080
2 3 16 20 31 105 112 124 52080
2 3 16 20 32 33 55 96 5280
2 3 16 20 32 33 96 110 5280
2 3 16 20 32 34 85 96 8160
2 3 16 20 32 35 42 96 3360
2 3 16 20 32 35 56 96 3360
2 3 16 20 32 35 70 96 3360
2 3 16 20 32 35 84 96 3360
2 3 16 20 32 35 96 105 3360
2 3 16 20 32 35 96 112 3360
2 3 16 20 32 36 45 96 1440
2 3 16 20 32 36 90 96 1440
2 3 16 20 32 38 95 96 9120
2 3 16 20 32 39 65 96 6240
2 3 16 20 32 40 48 96 480
2 3 16 20 32 40 60 96 480
2 3 16 20 32 40 80 96 480
2 3 16 20 32 40 96 120 480
2 3 16 20 32 42 70 96 3360
2 3 16 20 32 42 96 105 3360
2 3 16 20 32 44 55 96 5280
2 3 16 20 32 44 96 110 5280
2 3 16 20 32 45 72 96 1440
2 3 16 20 32 45 90 96 1440
2 3 16 20 32 46 96 115 11040
2 3 16 20 32 48 60 96 480
2 3 16 20 32 48 80 96 480
2 3 16 20 32 48 96 120 480
2 3 16 20 32 50 75 96 2400
2 3 16 20 32 50 96 100 2400
2 3 16 20 32 51 85 96 8160
2 3 16 20 32 52 65 96 6240
2 3 16 20 32 55 66 96 5280
2 3 16 20 32 55 88 96 5280
2 3 16 20 32 55 96 110 5280
2 3 16 20 32 56 70 96 3360
2 3 16 20 32 56 96 105 3360
2 3 16 20 32 57 95 96 9120
2 3 16 20 32 60 80 96 480
2 3 16 20 32 60 96 120 480
2 3 16 20 32 65 78 96 6240
2 3 16 20 32 65 96 104 6240
2 3 16 20 32 66 96 110 5280
2 3 16 20 32 68 85 96 8160
2 3 16 20 32 69 96 115 11040
2 3 16 20 32 70 84 96 3360
2 3 16 20 32 70 96 105 3360
2 3 16 20 32 70 96 112 3360
2 3 16 20 32 72 90 96 1440
2 3 16 20 32 75 96 100 2400
2 3 16 20 32 76 95 96 9120
2 3 16 20 32 80 96 120 480
2 3 16 20 32 84 96 105 3360
2 3 16 20 32 85 96 102 8160
2 3 16 20 32 88 96 110 5280
2 3 16 20 32 92 96 115 11040
2 3 16 20 32 95 96 114 9120
2 3 16 20 32 96 105 112 3360
2 3 16 20 33 35 44 112 18480
2 3 16 20 33 35 48 77 18480
2 3 16 20 33 35 55 112 18480
2 3 16 20 33 35 66 112 18480
2 3 16 20 33 35 77 80 18480
2 3 16 20 33 35 77 112 18480
2 3 16 20 33 35 88 112 18480
2 3 16 20 33 35 110 112 18480
2 3 16 20 33 36 80 99 7920
2 3 16 20 33 40 44 48 2640
2 3 16 20 33 40 44 80 2640
2 3 16 20 33 40 48 55 2640
2 3 16 20 33 40 48 66 2640
2 3 16 20 33 40 48 88 2640
2 3 16 20 33 40 48 110 2640
2 3 16 20 33 40 55 80 2640
2 3 16 20 33 40 66 80 2640
2 3 16 20 33 40 77 112 18480
2 3 16 20 33 40 80 88 2640
2 3 16 20 33 40 80 110 2640
2 3 16 20 33 42 55 112 18480
2 3 16 20 33 42 77 80 18480
2 3 16 20 33 42 110 112 18480
2 3 16 20 33 44 48 55 2640
2 3 16 20 33 44 48 60 2640
2 3 16 20 33 44 48 80 2640
2 3 16 20 33 44 48 110 2640
2 3 16 20 33 44 48 120 2640
2 3 16 20 33 44 55 80 2640
2 3 16 20 33 44 60 80 2640
2 3 16 20 33 44 66 80 2640
2 3 16 20 33 44 70 112 18480
2 3 16 20 33 44 80 88 2640
2 3 16 20 33 44 80 110 2640
2 3 16 20 33 44 80 120 2640
2 3 16 20 33 44 105 112 18480
2 3 16 20 33 45 48 99 7920
2 3 16 20 33 45 80 99 7920
2 3 16 20 33 48 55 60 2640
2 3 16 20 33 48 55 66 2640
2 3 16 20 33 48 55 80 2640
2 3 16 20 33 48 55 88 2640
2 3 16 20 33 48 55 110 2640
2 3 16 20 33 48 55 120 2640
2 3 16 20 33 48 60 66 2640
2 3 16 20 33 48 60 88 2640
2 3 16 20 33 48 60 110 2640
2 3 16 20 33 48 66 80 2640
2 3 16 20 33 48 66 110 2640
2 3 16 20 33 48 66 120 2640
2 3 16 20 33 48 70 77 18480
2 3 16 20 33 48 77 105 18480
2 3 16 20 33 48 80 88 2640
2 3 16 20 33 48 80 110 2640
2 3 16 20 33 48 88 110 2640
2 3 16 20 33 48 88 120 2640
2 3 16 20 33 48 90 99 7920
2 3 16 20 33 48 110 120 2640
2 3 16 20 33 55 56 112 18480
2 3 16 20 33 55 60 80 2640
2 3 16 20 33 55 66 80 2640
2 3 16 20 33 55 70 112 18480
2 3 16 20 33 55 77 112 18480
2 3 16 20 33 55 80 88 2640
2 3 16 20 33 55 80 110 2640
2 3 16 20 33 55 80 120 2640
2 3 16 20 33 55 84 112 18480
2 3 16 20 33 55 105 112 18480
2 3 16 20 33 56 77 80 18480
2 3 16 20 33 56 110 112 18480
2 3 16 20 33 60 66 80 2640
2 3 16 20 33 60 77 112 18480
2 3 16 20 33 60 80 88 2640
2 3 16 20 33 60 80 110 2640
2 3 16 20 33 66 70 112 18480
2 3 16 20 33 66 80 88 2640
2 3 16 20 33 66 80 110 2640
2 3 16 20 33 66 80 120 2640
2 3 16 20 33 66 105 112 18480
2 3 16 20 33 70 77 80 18480
2 3 16 20 33 70 77 112 18480
2 3 16 20 33 70 88 112 18480
2 3 16 20 33 70 110 112 18480
2 3 16 20 33 72 80 99 7920
2 3 16 20 33 77 80 84 18480
2 3 16 20 33 77 80 105 18480
2 3 16 20 33 77 80 112 18480
2 3 16 20 33 77 105 112 18480
2 3 16 20 33 77 110 112 18480
2 3 16 20 33 77 112 120 18480
2 3 16 20 33 80 88 110 2640
2 3 16 20 33 80 88 120 2640
2 3 16 20 33 80 90 99 7920
2 3 16 20 33 80 110 120 2640
2 3 16 20 33 84 110 112 18480
2 3 16 20 33 88 105 112 18480
2 3 16 20 33 105 110 112 18480
2 3 16 20 34 35 48 119 28560
2 3 16 20 34 35 51 112 28560
2 3 16 20 34 35 102 112 28560
2 3 16 20 34 40 48 51 4080
2 3 16 20 34 40 48 68 4080
2 3 16 20 34 40 48 85 4080
2 3 16 20 34 40 48 102 4080
2 3 16 20 34 40 51 80 4080
2 3 16 20 34 40 80 102 4080
2 3 16 20 34 42 80 119 28560
2 3 16 20 34 42 85 112 28560
2 3 16 20 34 48 51 60 4080
2 3 16 20 34 48 51 80 4080
2 3 16 20 34 48 51 85 4080
2 3 16 20 34 48 51 120 4080
2 3 16 20 34 48 60 68 4080
2 3 16 20 34 48 60 85 4080
2 3 16 20 34 48 60 102 4080
2 3 16 20 34 48 68 80 4080
2 3 16 20 34 48 68 85 4080
2 3 16 20 34 48 68 120 4080
2 3 16 20 34 48 70 119 28560
2 3 16 20 34 48 80 85 4080
2 3 16 20 34 48 80 102 4080
2 3 16 20 34 48 85 102 4080
2 3 16 20 34 48 85 120 4080
2 3 16 20 34 48 102 120 4080
2 3 16 20 34 48 105 119 28560
2 3 16 20 34 51 60 80 4080
2 3 16 20 34 51 68 80 4080
2 3 16 20 34 51 70 112 28560
2 3 16 20 34 51 80 85 4080
2 3 16 20 34 51 80 102 4080
2 3 16 20 34 51 80 120 4080
2 3 16 20 34 51 105 112 28560
2 3 16 20 34 60 68 80 4080
2 3 16 20 34 60 80 85 4080
2 3 16 20 34 60 80 102 4080
2 3 16 20 34 60 112 119 28560
2 3 16 20 34 68 80 102 4080
2 3 16 20 34 68 80 120 4080
2 3 16 20 34 68 105 112 28560
2 3 16 20 34 70 102 112 28560
2 3 16 20 34 80 84 119 28560
2 3 16 20 34 80 85 102 4080
2 3 16 20 34 80 85 120 4080
2 3 16 20 34 80 102 120 4080
2 3 16 20 34 80 105 119 28560
2 3 16 20 34 84 85 112 28560
2 3 16 20 34 85 105 112 28560
2 3 16 20 34 102 105 112 28560
2 3 16 20 34 105 112 119 28560
2 3 16 20 34 112 119 120 28560
2 3 16 20 35 36 45 112 5040
2 3 16 20 35 36 48 63 5040
2 3 16 20 35 36 48 126 5040
2 3 16 20 35 36 63 80 5040
2 3 16 20 35 36 63 112 5040
2 3 16 20 35 36 72 112 5040
2 3 16 20 35 36 80 126 5040
2 3 16 20 35 36 90 112 5040
2 3 16 20 35 36 112 126 5040
2 3 16 20 35 37 111 112 62160
2 3 16 20 35 38 57 112 31920
2 3 16 20 35 38 112 114 31920
2 3 16 20 35 39 48 91 21840
2 3 16 20 35 39 52 112 21840
2 3 16 20 35 39 65 112 21840
2 3 16 20 35 39 78 112 21840
2 3 16 20 35 39 80 91 21840
2 3 16 20 35 39 91 112 21840
2 3 16 20 35 39 104 112 21840
2 3 16 20 35 40 42 48 1680
2 3 16 20 35 40 42 80 1680
2 3 16 20 35 40 42 112 1680
2 3 16 20 35 40 48 56 1680
2 3 16 20 35 40 48 70 1680
2 3 16 20 35 40 48 84 1680
2 3 16 20 35 40 48 105 1680
2 3 16 20 35 40 48 112 1680
2 3 16 20 35 40 60 112 1680
2 3 16 20 35 40 80 84 1680
2 3 16 20 35 40 80 105 1680
2 3 16 20 35 40 84 112 1680
2 3 16 20 35 40 105 112 1680
2 3 16 20 35 40 112 120 1680
2 3 16 20 35 41 112 123 68880
2 3 16 20 35 42 48 56 1680
2 3 16 20 35 42 48 60 1680
2 3 16 20 35 42 48 70 1680
2 3 16 20 35 42 48 80 1680
2 3 16 20 35 42 48 84 1680
2 3 16 20 35 42 48 105 1680
2 3 16 20 35 42 48 112 1680
2 3 16 20 35 42 48 120 1680
2 3 16 20 35 42 56 80 1680
2 3 16 20 35 42 56 112 1680
2 3 16 20 35 42 60 80 1680
2 3 16 20 35 42 60 112 1680
2 3 16 20 35 42 70 80 1680
2 3 16 20 35 42 70 112 1680
2 3 16 20 35 42 80 84 1680
2 3 16 20 35 42 80 105 1680
2 3 16 20 35 42 80 112 1680
2 3 16 20 35 42 80 120 1680
2 3 16 20 35 42 84 112 1680
2 3 16 20 35 42 105 112 1680
2 3 16 20 35 42 112 120 1680
2 3 16 20 35 44 48 77 18480
2 3 16 20 35 44 66 112 18480
2 3 16 20 35 45 48 63 5040
2 3 16 20 35 45 48 126 5040
2 3 16 20 35 45 63 80 5040
2 3 16 20 35 45 63 112 5040
2 3 16 20 35 45 72 112 5040
2 3 16 20 35 45 80 126 5040
2 3 16 20 35 45 90 112 5040
2 3 16 20 35 45 112 126 5040
2 3 16 20 35 46 69 112 38640
2 3 16 20 35 48 49 98 11760
2 3 16 20 35 48 51 119 28560
2 3 16 20 35 48 52 91 21840
2 3 16 20 35 48 55 77 18480
2 3 16 20 35 48 56 60 1680
2 3 16 20 35 48 56 70 1680
2 3 16 20 35 48 56 80 1680
2 3 16 20 35 48 56 84 1680
2 3 16 20 35 48 56 105 1680
2 3 16 20 35 48 56 112 1680
2 3 16 20 35 48 56 120 1680
2 3 16 20 35 48 60 70 1680
2 3 16 20 35 48 60 84 1680
2 3 16 20 35 48 60 105 1680
2 3 16 20 35 48 60 112 1680
2 3 16 20 35 48 63 72 5040
2 3 16 20 35 48 63 90 5040
2 3 16 20 35 48 63 126 5040
2 3 16 20 35 48 65 91 21840
2 3 16 20 35 48 66 77 18480
2 3 16 20 35 48 68 119 28560
2 3 16 20 35 48 70 80 1680
2 3 16 20 35 48 70 84 1680
2 3 16 20 35 48 70 105 1680
2 3 16 20 35 48 70 112 1680
2 3 16 20 35 48 70 120 1680
2 3 16 20 35 48 72 126 5040
2 3 16 20 35 48 77 88 18480
2 3 16 20 35 48 77 110 18480
2 3 16 20 35 48 78 91 21840
2 3 16 20 35 48 80 84 1680
2 3 16 20 35 48 80 105 1680
2 3 16 20 35 48 80 112 1680
2 3 16 20 35 48 84 105 1680
2 3 16 20 35 48 84 112 1680
2 3 16 20 35 48 84 120 1680
2 3 16 20 35 48 85 119 28560
2 3 16 20 35 48 90 126 5040
2 3 16 20 35 48 91 104 21840
2 3 16 20 35 48 102 119 28560
2 3 16 20 35 48 105 112 1680
2 3 16 20 35 48 105 120 1680
2 3 16 20 35 48 112 120 1680
2 3 16 20 35 50 75 112 8400
2 3 16 20 35 51 68 112 28560
2 3 16 20 35 51 80 119 28560
2 3 16 20 35 51 85 112 28560
2 3 16 20 35 51 102 112 28560
2 3 16 20 35 51 112 119 28560
2 3 16 20 35 52 78 112 21840
2 3 16 20 35 54 108 112 15120
2 3 16 20 35 55 66 112 18480
2 3 16 20 35 56 60 80 1680
2 3 16 20 35 56 60 112 1680
2 3 16 20 35 56 80 84 1680
2 3 16 20 35 56 80 105 1680
2 3 16 20 35 56 80 120 1680
2 3 16 20 35 56 84 112 1680
2 3 16 20 35 56 105 112 1680
2 3 16 20 35 56 112 120 1680
2 3 16 20 35 57 76 112 31920
2 3 16 20 35 57 95 112 31920
2 3 16 20 35 57 112 114 31920
2 3 16 20 35 58 87 112 48720
2 3 16 20 35 60 70 80 1680
2 3 16 20 35 60 70 112 1680
2 3 16 20 35 60 80 84 1680
2 3 16 20 35 60 80 105 1680
2 3 16 20 35 60 80 112 1680
2 3 16 20 35 60 84 112 1680
2 3 16 20 35 60 105 112 1680
2 3 16 20 35 60 112 120 1680
2 3 16 20 35 62 93 112 52080
2 3 16 20 35 63 72 80 5040
2 3 16 20 35 63 72 112 5040
2 3 16 20 35 63 80 90 5040
2 3 16 20 35 63 80 126 5040
2 3 16 20 35 63 90 112 5040
2 3 16 20 35 63 112 126 5040
2 3 16 20 35 65 78 112 21840
2 3 16 20 35 66 77 80 18480
2 3 16 20 35 66 77 112 18480
2 3 16 20 35 66 88 112 18480
2 3 16 20 35 66 110 112 18480
2 3 16 20 35 68 102 112 28560
2 3 16 20 35 69 92 112 38640
2 3 16 20 35 69 112 115 38640
2 3 16 20 35 70 80 84 1680
2 3 16 20 35 70 80 105 1680
2 3 16 20 35 70 80 120 1680
2 3 16 20 35 70 84 112 1680
2 3 16 20 35 70 105 112 1680
2 3 16 20 35 70 112 120 1680
2 3 16 20 35 72 80 126 5040
2 3 16 20 35 72 90 112 5040
2 3 16 20 35 72 112 126 5040
2 3 16 20 35 74 111 112 62160
2 3 16 20 35 75 100 112 8400
2 3 16 20 35 76 112 114 31920
2 3 16 20 35 78 80 91 21840
2 3 16 20 35 78 91 112 21840
2 3 16 20 35 78 104 112 21840
2 3 16 20 35 80 84 105 1680
2 3 16 20 35 80 84 112 1680
2 3 16 20 35 80 84 120 1680
2 3 16 20 35 80 90 126 5040
2 3 16 20 35 80 102 119 28560
2 3 16 20 35 80 105 112 1680
2 3 16 20 35 80 105 120 1680
2 3 16 20 35 80 112 120 1680
2 3 16 20 35 82 112 123 68880
2 3 16 20 35 84 105 112 1680
2 3 16 20 35 84 112 120 1680
2 3 16 20 35 85 102 112 28560
2 3 16 20 35 87 112 116 48720
2 3 16 20 35 90 112 126 5040
2 3 16 20 35 93 112 124 52080
2 3 16 20 35 95 112 114 31920
2 3 16 20 35 102 112 119 28560
2 3 16 20 35 105 112 120 1680
2 3 16 20 36 39 80 117 9360
2 3 16 20 36 40 45 48 720
2 3 16 20 36 40 45 80 720
2 3 16 20 36 40 48 72 720
2 3 16 20 36 40 48 90 720
2 3 16 20 36 40 63 112 5040
2 3 16 20 36 40 72 80 720
2 3 16 20 36 40 80 90 720
2 3 16 20 36 40 112 126 5040
2 3 16 20 36 42 45 112 5040
2 3 16 20 36 42 63 80 5040
2 3 16 20 36 42 80 126 5040
2 3 16 20 36 42 90 112 5040
2 3 16 20 36 44 80 99 7920
2 3 16 20 36 45 48 60 720
2 3 16 20 36 45 48 72 720
2 3 16 20 36 45 48 80 720
2 3 16 20 36 45 48 90 720
2 3 16 20 36 45 48 120 720
2 3 16 20 36 45 56 112 5040
2 3 16 20 36 45 60 80 720
2 3 16 20 36 45 63 112 5040
2 3 16 20 36 45 70 112 5040
2 3 16 20 36 45 72 80 720
2 3 16 20 36 45 80 90 720
2 3 16 20 36 45 80 120 720
2 3 16 20 36 45 84 112 5040
2 3 16 20 36 45 105 112 5040
2 3 16 20 36 45 112 126 5040
2 3 16 20 36 48 55 99 7920
2 3 16 20 36 48 60 72 720
2 3 16 20 36 48 60 90 720
2 3 16 20 36 48 63 70 5040
2 3 16 20 36 48 63 105 5040
2 3 16 20 36 48 65 117 9360
2 3 16 20 36 48 70 126 5040
2 3 16 20 36 48 72 80 720
2 3 16 20 36 48 72 90 720
2 3 16 20 36 48 72 120 720
2 3 16 20 36 48 80 90 720
2 3 16 20 36 48 90 120 720
2 3 16 20 36 48 99 110 7920
2 3 16 20 36 48 105 126 5040
2 3 16 20 36 52 80 117 9360
2 3 16 20 36 54 80 108 2160
2 3 16 20 36 55 80 99 7920
2 3 16 20 36 56 63 80 5040
2 3 16 20 36 56 80 126 5040
2 3 16 20 36 56 90 112 5040
2 3 16 20 36 60 63 112 5040
2 3 16 20 36 60 72 80 720
2 3 16 20 36 60 80 90 720
2 3 16 20 36 60 112 126 5040
2 3 16 20 36 63 70 80 5040
2 3 16 20 36 63 70 112 5040
2 3 16 20 36 63 80 84 5040
2 3 16 20 36 63 80 105 5040
2 3 16 20 36 63 80 112 5040
2 3 16 20 36 63 80 126 5040
2 3 16 20 36 63 90 112 5040
2 3 16 20 36 63 105 112 5040
2 3 16 20 36 63 112 120 5040
2 3 16 20 36 65 80 117 9360
2 3 16 20 36 66 80 99 7920
2 3 16 20 36 70 72 112 5040
2 3 16 20 36 70 80 126 5040
2 3 16 20 36 70 90 112 5040
2 3 16 20 36 70 112 126 5040
2 3 16 20 36 72 80 90 720
2 3 16 20 36 72 80 120 720
2 3 16 20 36 72 105 112 5040
2 3 16 20 36 78 80 117 9360
2 3 16 20 36 80 84 126 5040
2 3 16 20 36 80 88 99 7920
2 3 16 20 36 80 90 120 720
2 3 16 20 36 80 99 110 7920
2 3 16 20 36 80 104 117 9360
2 3 16 20 36 80 105 126 5040
2 3 16 20 36 80 112 126 5040
2 3 16 20 36 84 90 112 5040
2 3 16 20 36 90 105 112 5040
2 3 16 20 36 90 112 126 5040
2 3 16 20 37 40 48 74 8880
2 3 16 20 37 40 48 111 8880
2 3 16 20 37 40 80 111 8880
2 3 16 20 37 48 60 74 8880
2 3 16 20 37 48 60 111 8880
2 3 16 20 37 48 74 80 8880
2 3 16 20 37 48 74 120 8880
2 3 16 20 37 48 80 111 8880
2 3 16 20 37 48 111 120 8880
2 3 16 20 37 60 74 80 8880
2 3 16 20 37 60 80 111 8880
2 3 16 20 37 70 111 112 62160
2 3 16 20 37 74 80 111 8880
2 3 16 20 37 74 80 120 8880
2 3 16 20 37 74 105 112 62160
2 3 16 20 37 80 111 120 8880
2 3 16 20 37 105 111 112 62160
2 3 16 20 38 40 48 57 4560
2 3 16 20 38 40 48 76 4560
2 3 16 20 38 40 48 95 4560
2 3 16 20 38 40 48 114 4560
2 3 16 20 38 40 57 80 4560
2 3 16 20 38 40 80 114 4560
2 3 16 20 38 42 95 112 31920
2 3 16 20 38 48 57 60 4560
2 3 16 20 38 48 57 80 4560
2 3 16 20 38 48 57 95 4560
2 3 16 20 38 48 57 120 4560
2 3 16 20 38 48 60 76 4560
2 3 16 20 38 48 60 95 4560
2 3 16 20 38 48 60 114 4560
2 3 16 20 38 48 76 80 4560
2 3 16 20 38 48 76 95 4560
2 3 16 20 38 48 76 120 4560
2 3 16 20 38 48 80 95 4560
2 3 16 20 38 48 80 114 4560
2 3 16 20 38 48 95 114 4560
2 3 16 20 38 48 95 120 4560
2 3 16 20 38 48 114 120 4560
2 3 16 20 38 57 60 80 4560
2 3 16 20 38 57 70 112 31920
2 3 16 20 38 57 76 80 4560
2 3 16 20 38 57 80 95 4560
2 3 16 20 38 57 80 114 4560
2 3 16 20 38 57 80 120 4560
2 3 16 20 38 57 105 112 31920
2 3 16 20 38 60 76 80 4560
2 3 16 20 38 60 80 95 4560
2 3 16 20 38 60 80 114 4560
2 3 16 20 38 70 112 114 31920
2 3 16 20 38 76 80 114 4560
2 3 16 20 38 76 80 120 4560
2 3 16 20 38 76 105 112 31920
2 3 16 20 38 80 95 114 4560
2 3 16 20 38 80 95 120 4560
2 3 16 20 38 80 114 120 4560
2 3 16 20 38 84 95 112 31920
2 3 16 20 38 95 105 112 31920
2 3 16 20 39 40 48 52 3120
2 3 16 20 39 40 48 65 3120
2 3 16 20 39 40 48 78 3120
2 3 16 20 39 40 48 104 3120
2 3 16 20 39 40 52 80 3120
2 3 16 20 39 40 65 80 3120
2 3 16 20 39 40 78 80 3120
2 3 16 20 39 40 80 104 3120
2 3 16 20 39 40 91 112 21840
2 3 16 20 39 42 65 112 21840
2 3 16 20 39 42 80 91 21840
2 3 16 20 39 45 48 117 9360
2 3 16 20 39 45 80 117 9360
2 3 16 20 39 48 52 60 3120
2 3 16 20 39 48 52 65 3120
2 3 16 20 39 48 52 80 3120
2 3 16 20 39 48 52 120 3120
2 3 16 20 39 48 60 65 3120
2 3 16 20 39 48 60 78 3120
2 3 16 20 39 48 60 104 3120
2 3 16 20 39 48 65 78 3120
2 3 16 20 39 48 65 80 3120
2 3 16 20 39 48 65 104 3120
2 3 16 20 39 48 65 120 3120
2 3 16 20 39 48 70 91 21840
2 3 16 20 39 48 78 80 3120
2 3 16 20 39 48 78 120 3120
2 3 16 20 39 48 80 104 3120
2 3 16 20 39 48 90 117 9360
2 3 16 20 39 48 91 105 21840
2 3 16 20 39 48 104 120 3120
2 3 16 20 39 52 60 80 3120
2 3 16 20 39 52 65 80 3120
2 3 16 20 39 52 70 112 21840
2 3 16 20 39 52 78 80 3120
2 3 16 20 39 52 80 104 3120
2 3 16 20 39 52 80 120 3120
2 3 16 20 39 52 105 112 21840
2 3 16 20 39 56 65 112 21840
2 3 16 20 39 56 80 91 21840
2 3 16 20 39 60 65 80 3120
2 3 16 20 39 60 78 80 3120
2 3 16 20 39 60 80 104 3120
2 3 16 20 39 60 91 112 21840
2 3 16 20 39 65 70 112 21840
2 3 16 20 39 65 78 80 3120
2 3 16 20 39 65 80 104 3120
2 3 16 20 39 65 80 120 3120
2 3 16 20 39 65 84 112 21840
2 3 16 20 39 65 91 112 21840
2 3 16 20 39 65 105 112 21840
2 3 16 20 39 70 78 112 21840
2 3 16 20 39 70 80 91 21840
2 3 16 20 39 70 91 112 21840
2 3 16 20 39 70 104 112 21840
2 3 16 20 39 72 80 117 9360
2 3 16 20 39 78 80 104 3120
2 3 16 20 39 78 80 120 3120
2 3 16 20 39 78 105 112 21840
2 3 16 20 39 80 84 91 21840
2 3 16 20 39 80 90 117 9360
2 3 16 20 39 80 91 105 21840
2 3 16 20 39 80 91 112 21840
2 3 16 20 39 80 104 120 3120
2 3 16 20 39 91 105 112 21840
2 3 16 20 40 41 48 82 9840
2 3 16 20 40 41 48 123 9840
2 3 16 20 40 41 80 123 9840
2 3 16 20 40 42 48 56 1680
2 3 16 20 40 42 48 70 1680
2 3 16 20 40 42 48 84 1680
2 3 16 20 40 42 48 105 1680
2 3 16 20 40 42 48 112 1680
2 3 16 20 40 42 56 80 1680
2 3 16 20 40 42 56 112 1680
2 3 16 20 40 42 60 112 1680
2 3 16 20 40 42 70 80 1680
2 3 16 20 40 42 70 112 1680
2 3 16 20 40 42 80 84 1680
2 3 16 20 40 42 80 105 1680
2 3 16 20 40 42 80 112 1680
2 3 16 20 40 42 84 112 1680
2 3 16 20 40 42 105 112 1680
2 3 16 20 40 42 112 120 1680
2 3 16 20 40 43 48 86 10320
2 3 16 20 40 44 48 55 2640
2 3 16 20 40 44 48 66 2640
2 3 16 20 40 44 48 88 2640
2 3 16 20 40 44 48 110 2640
2 3 16 20 40 44 66 80 2640
2 3 16 20 40 45 48 72 720
2 3 16 20 40 45 48 90 720
2 3 16 20 40 45 63 112 5040
2 3 16 20 40 45 72 80 720
2 3 16 20 40 45 80 90 720
2 3 16 20 40 45 112 126 5040
2 3 16 20 40 46 48 69 5520
2 3 16 20 40 46 48 92 5520
2 3 16 20 40 46 48 115 5520
2 3 16 20 40 46 69 80 5520
2 3 16 20 40 47 48 94 11280
2 3 16 20 40 48 49 98 11760
2 3 16 20 40 48 50 75 1200
2 3 16 20 40 48 50 100 1200
2 3 16 20 40 48 51 68 4080
2 3 16 20 40 48 51 85 4080
2 3 16 20 40 48 51 102 4080
2 3 16 20 40 48 52 65 3120
2 3 16 20 40 48 52 78 3120
2 3 16 20 40 48 52 104 3120
2 3 16 20 40 48 53 106 12720
2 3 16 20 40 48 54 108 2160
2 3 16 20 40 48 55 66 2640
2 3 16 20 40 48 55 88 2640
2 3 16 20 40 48 55 110 2640
2 3 16 20 40 48 56 70 1680
2 3 16 20 40 48 56 84 1680
2 3 16 20 40 48 56 105 1680
2 3 16 20 40 48 56 112 1680
2 3 16 20 40 48 57 76 4560
2 3 16 20 40 48 57 95 4560
2 3 16 20 40 48 57 114 4560
2 3 16 20 40 48 58 87 6960
2 3 16 20 40 48 58 116 6960
2 3 16 20 40 48 59 118 14160
2 3 16 20 40 48 60 80 240
2 3 16 20 40 48 60 120 240
2 3 16 20 40 48 61 122 14640
2 3 16 20 40 48 62 93 7440
2 3 16 20 40 48 62 124 7440
2 3 16 20 40 48 63 126 5040
2 3 16 20 40 48 65 78 3120
2 3 16 20 40 48 65 104 3120
2 3 16 20 40 48 66 88 2640
2 3 16 20 40 48 66 110 2640
2 3 16 20 40 48 68 85 4080
2 3 16 20 40 48 68 102 4080
2 3 16 20 40 48 69 92 5520
2 3 16 20 40 48 69 115 5520
2 3 16 20 40 48 70 84 1680
2 3 16 20 40 48 70 105 1680
2 3 16 20 40 48 70 112 1680
2 3 16 20 40 48 72 90 720
2 3 16 20 40 48 74 111 8880
2 3 16 20 40 48 75 100 1200
2 3 16 20 40 48 76 95 4560
2 3 16 20 40 48 76 114 4560
2 3 16 20 40 48 78 104 3120
2 3 16 20 40 48 80 120 240
2 3 16 20 40 48 82 123 9840
2 3 16 20 40 48 84 105 1680
2 3 16 20 40 48 84 112 1680
2 3 16 20 40 48 85 102 4080
2 3 16 20 40 48 87 116 6960
2 3 16 20 40 48 88 110 2640
2 3 16 20 40 48 92 115 5520
2 3 16 20 40 48 93 124 7440
2 3 16 20 40 48 95 114 4560
2 3 16 20 40 48 105 112 1680
2 3 16 20 40 50 75 80 1200
2 3 16 20 40 51 68 80 4080
2 3 16 20 40 51 80 85 4080
2 3 16 20 40 51 80 102 4080
2 3 16 20 40 51 112 119 28560
2 3 16 20 40 52 78 80 3120
2 3 16 20 40 54 80 108 2160
2 3 16 20 40 55 66 80 2640
2 3 16 20 40 56 60 112 1680
2 3 16 20 40 56 80 84 1680
2 3 16 20 40 56 80 105 1680
2 3 16 20 40 56 84 112 1680
2 3 16 20 40 56 105 112 1680
2 3 16 20 40 56 112 120 1680
2 3 16 20 40 57 76 80 4560
2 3 16 20 40 57 80 95 4560
2 3 16 20 40 57 80 114 4560
2 3 16 20 40 58 80 87 6960
2 3 16 20 40 60 70 112 1680
2 3 16 20 40 60 80 120 240
2 3 16 20 40 60 84 112 1680
2 3 16 20 40 60 105 112 1680
2 3 16 20 40 62 80 93 7440
2 3 16 20 40 63 72 112 5040
2 3 16 20 40 63 80 126 5040
2 3 16 20 40 63 90 112 5040
2 3 16 20 40 63 112 126 5040
2 3 16 20 40 65 78 80 3120
2 3 16 20 40 66 77 112 18480
2 3 16 20 40 66 80 88 2640
2 3 16 20 40 66 80 110 2640
2 3 16 20 40 68 80 102 4080
2 3 16 20 40 69 80 92 5520
2 3 16 20 40 69 80 115 5520
2 3 16 20 40 70 80 84 1680
2 3 16 20 40 70 80 105 1680
2 3 16 20 40 70 84 112 1680
2 3 16 20 40 70 105 112 1680
2 3 16 20 40 70 112 120 1680
2 3 16 20 40 72 80 90 720
2 3 16 20 40 72 112 126 5040
2 3 16 20 40 74 80 111 8880
2 3 16 20 40 75 80 100 1200
2 3 16 20 40 76 80 114 4560
2 3 16 20 40 78 80 104 3120
2 3 16 20 40 78 91 112 21840
2 3 16 20 40 80 82 123 9840
2 3 16 20 40 80 84 105 1680
2 3 16 20 40 80 84 112 1680
2 3 16 20 40 80 85 102 4080
2 3 16 20 40 80 87 116 6960
2 3 16 20 40 80 93 124 7440
2 3 16 20 40 80 95 114 4560
2 3 16 20 40 80 105 112 1680
2 3 16 20 40 84 105 112 1680
2 3 16 20 41 48 60 82 9840
2 3 16 20 41 48 60 123 9840
2 3 16 20 41 48 80 82 9840
2 3 16 20 41 48 80 123 9840
2 3 16 20 41 48 82 120 9840
2 3 16 20 41 48 120 123 9840
2 3 16 20 41 60 80 82 9840
2 3 16 20 41 60 80 123 9840
2 3 16 20 41 70 112 123 68880
2 3 16 20 41 80 82 120 9840
2 3 16 20 41 80 82 123 9840
2 3 16 20 41 82 105 112 68880
2 3 16 20 42 44 55 112 18480
2 3 16 20 42 44 77 80 18480
2 3 16 20 42 44 110 112 18480
2 3 16 20 42 45 48 63 5040
2 3 16 20 42 45 48 126 5040
2 3 16 20 42 45 63 80 5040
2 3 16 20 42 45 63 112 5040
2 3 16 20 42 45 72 112 5040
2 3 16 20 42 45 80 126 5040
2 3 16 20 42 45 90 112 5040
2 3 16 20 42 45 112 126 5040
2 3 16 20 42 46 112 115 38640
2 3 16 20 42 48 55 77 18480
2 3 16 20 42 48 56 60 1680
2 3 16 20 42 48 56 70 1680
2 3 16 20 42 48 56 80 1680
2 3 16 20 42 48 56 105 1680
2 3 16 20 42 48 56 120 1680
2 3 16 20 42 48 60 70 1680
2 3 16 20 42 48 60 84 1680
2 3 16 20 42 48 60 105 1680
2 3 16 20 42 48 60 112 1680
2 3 16 20 42 48 63 90 5040
2 3 16 20 42 48 65 91 21840
2 3 16 20 42 48 70 80 1680
2 3 16 20 42 48 70 84 1680
2 3 16 20 42 48 70 105 1680
2 3 16 20 42 48 70 112 1680
2 3 16 20 42 48 70 120 1680
2 3 16 20 42 48 77 110 18480
2 3 16 20 42 48 80 84 1680
2 3 16 20 42 48 80 105 1680
2 3 16 20 42 48 80 112 1680
2 3 16 20 42 48 84 105 1680
2 3 16 20 42 48 84 120 1680
2 3 16 20 42 48 85 119 28560
2 3 16 20 42 48 90 126 5040
2 3 16 20 42 48 105 112 1680
2 3 16 20 42 48 105 120 1680
2 3 16 20 42 48 112 120 1680
2 3 16 20 42 49 80 98 11760
2 3 16 20 42 50 75 112 8400
2 3 16 20 42 50 100 112 8400
2 3 16 20 42 51 80 119 28560
2 3 16 20 42 51 85 112 28560
2 3 16 20 42 52 65 112 21840
2 3 16 20 42 52 80 91 21840
2 3 16 20 42 55 66 112 18480
2 3 16 20 42 55 77 80 18480
2 3 16 20 42 55 77 112 18480
2 3 16 20 42 55 88 112 18480
2 3 16 20 42 55 110 112 18480
2 3 16 20 42 56 60 80 1680
2 3 16 20 42 56 60 112 1680
2 3 16 20 42 56 70 80 1680
2 3 16 20 42 56 70 112 1680
2 3 16 20 42 56 80 84 1680
2 3 16 20 42 56 80 105 1680
2 3 16 20 42 56 80 112 1680
2 3 16 20 42 56 80 120 1680
2 3 16 20 42 56 105 112 1680
2 3 16 20 42 56 112 120 1680
2 3 16 20 42 57 95 112 31920
2 3 16 20 42 60 70 80 1680
2 3 16 20 42 60 70 112 1680
2 3 16 20 42 60 80 84 1680
2 3 16 20 42 60 80 105 1680
2 3 16 20 42 60 80 112 1680
2 3 16 20 42 60 84 112 1680
2 3 16 20 42 60 105 112 1680
2 3 16 20 42 60 112 120 1680
2 3 16 20 42 63 72 80 5040
2 3 16 20 42 63 80 90 5040
2 3 16 20 42 63 80 126 5040
2 3 16 20 42 63 90 112 5040
2 3 16 20 42 65 78 112 21840
2 3 16 20 42 65 80 91 21840
2 3 16 20 42 65 91 112 21840
2 3 16 20 42 65 104 112 21840
2 3 16 20 42 66 77 80 18480
2 3 16 20 42 66 110 112 18480
2 3 16 20 42 68 80 119 28560
2 3 16 20 42 68 85 112 28560
2 3 16 20 42 69 112 115 38640
2 3 16 20 42 70 80 84 1680
2 3 16 20 42 70 80 105 1680
2 3 16 20 42 70 80 112 1680
2 3 16 20 42 70 80 120 1680
2 3 16 20 42 70 84 112 1680
2 3 16 20 42 70 105 112 1680
2 3 16 20 42 70 112 120 1680
2 3 16 20 42 72 80 126 5040
2 3 16 20 42 72 90 112 5040
2 3 16 20 42 75 100 112 8400
2 3 16 20 42 76 95 112 31920
2 3 16 20 42 77 80 88 18480
2 3 16 20 42 77 80 110 18480
2 3 16 20 42 77 110 112 18480
2 3 16 20 42 78 80 91 21840
2 3 16 20 42 80 84 105 1680
2 3 16 20 42 80 84 112 1680
2 3 16 20 42 80 84 120 1680
2 3 16 20 42 80 85 119 28560
2 3 16 20 42 80 90 126 5040
2 3 16 20 42 80 91 104 21840
2 3 16 20 42 80 102 119 28560
2 3 16 20 42 80 105 112 1680
2 3 16 20 42 85 102 112 28560
2 3 16 20 43 48 60 86 10320
2 3 16 20 43 48 80 86 10320
2 3 16 20 43 48 86 120 10320
2 3 16 20 43 60 80 86 10320
2 3 16 20 43 80 86 120 10320
2 3 16 20 44 45 48 99 7920
2 3 16 20 44 45 80 99 7920
2 3 16 20 44 48 55 60 2640
2 3 16 20 44 48 55 66 2640
2 3 16 20 44 48 55 80 2640
2 3 16 20 44 48 55 88 2640
2 3 16 20 44 48 55 110 2640
2 3 16 20 44 48 55 120 2640
2 3 16 20 44 48 60 66 2640
2 3 16 20 44 48 60 88 2640
2 3 16 20 44 48 60 110 2640
2 3 16 20 44 48 66 80 2640
2 3 16 20 44 48 66 110 2640
2 3 16 20 44 48 66 120 2640
2 3 16 20 44 48 70 77 18480
2 3 16 20 44 48 77 105 18480
2 3 16 20 44 48 80 88 2640
2 3 16 20 44 48 80 110 2640
2 3 16 20 44 48 88 110 2640
2 3 16 20 44 48 88 120 2640
2 3 16 20 44 48 90 99 7920
2 3 16 20 44 48 110 120 2640
2 3 16 20 44 55 60 80 2640
2 3 16 20 44 55 66 80 2640
2 3 16 20 44 55 80 120 2640
2 3 16 20 44 55 84 112 18480
2 3 16 20 44 55 105 112 18480
2 3 16 20 44 60 66 80 2640
2 3 16 20 44 60 77 112 18480
2 3 16 20 44 60 80 88 2640
2 3 16 20 44 60 80 110 2640
2 3 16 20 44 66 70 112 18480
2 3 16 20 44 66 80 88 2640
2 3 16 20 44 66 80 110 2640
2 3 16 20 44 66 80 120 2640
2 3 16 20 44 66 105 112 18480
2 3 16 20 44 72 80 99 7920
2 3 16 20 44 77 80 84 18480
2 3 16 20 44 77 80 105 18480
2 3 16 20 44 80 88 120 2640
2 3 16 20 44 80 90 99 7920
2 3 16 20 45 48 52 117 9360
2 3 16 20 45 48 54 108 2160
2 3 16 20 45 48 55 99 7920
2 3 16 20 45 48 56 63 5040
2 3 16 20 45 48 56 126 5040
2 3 16 20 45 48 60 72 720
2 3 16 20 45 48 60 90 720
2 3 16 20 45 48 63 70 5040
2 3 16 20 45 48 63 84 5040
2 3 16 20 45 48 63 105 5040
2 3 16 20 45 48 63 112 5040
2 3 16 20 45 48 63 126 5040
2 3 16 20 45 48 65 117 9360
2 3 16 20 45 48 66 99 7920
2 3 16 20 45 48 70 126 5040
2 3 16 20 45 48 72 80 720
2 3 16 20 45 48 72 90 720
2 3 16 20 45 48 72 120 720
2 3 16 20 45 48 78 117 9360
2 3 16 20 45 48 80 90 720
2 3 16 20 45 48 84 126 5040
2 3 16 20 45 48 88 99 7920
2 3 16 20 45 48 90 120 720
2 3 16 20 45 48 99 110 7920
2 3 16 20 45 48 104 117 9360
2 3 16 20 45 48 105 126 5040
2 3 16 20 45 48 112 126 5040
2 3 16 20 45 52 80 117 9360
2 3 16 20 45 54 80 108 2160
2 3 16 20 45 55 80 99 7920
2 3 16 20 45 56 63 80 5040
2 3 16 20 45 56 63 112 5040
2 3 16 20 45 56 72 112 5040
2 3 16 20 45 56 80 126 5040
2 3 16 20 45 56 90 112 5040
2 3 16 20 45 56 112 126 5040
2 3 16 20 45 60 63 112 5040
2 3 16 20 45 60 72 80 720
2 3 16 20 45 60 80 90 720
2 3 16 20 45 60 112 126 5040
2 3 16 20 45 63 70 80 5040
2 3 16 20 45 63 70 112 5040
2 3 16 20 45 63 72 112 5040
2 3 16 20 45 63 80 84 5040
2 3 16 20 45 63 80 105 5040
2 3 16 20 45 63 80 112 5040
2 3 16 20 45 63 80 126 5040
2 3 16 20 45 63 84 112 5040
2 3 16 20 45 63 90 112 5040
2 3 16 20 45 63 105 112 5040
2 3 16 20 45 63 112 120 5040
2 3 16 20 45 63 112 126 5040
2 3 16 20 45 65 80 117 9360
2 3 16 20 45 66 80 99 7920
2 3 16 20 45 70 72 112 5040
2 3 16 20 45 70 80 126 5040
2 3 16 20 45 70 90 112 5040
2 3 16 20 45 72 80 90 720
2 3 16 20 45 72 80 120 720
2 3 16 20 45 72 84 112 5040
2 3 16 20 45 72 105 112 5040
2 3 16 20 45 77 99 112 55440
2 3 16 20 45 78 80 117 9360
2 3 16 20 45 80 84 126 5040
2 3 16 20 45 80 88 99 7920
2 3 16 20 46 48 60 69 5520
2 3 16 20 46 48 60 92 5520
2 3 16 20 46 48 60 115 5520
2 3 16 20 46 48 69 80 5520
2 3 16 20 46 48 69 115 5520
2 3 16 20 46 48 69 120 5520
2 3 16 20 46 48 80 92 5520
2 3 16 20 46 48 80 115 5520
2 3 16 20 46 48 92 115 5520
2 3 16 20 46 48 92 120 5520
2 3 16 20 46 48 115 120 5520
2 3 16 20 46 60 69 80 5520
2 3 16 20 46 60 80 92 5520
2 3 16 20 46 60 80 115 5520
2 3 16 20 46 69 70 112 38640
2 3 16 20 46 69 80 92 5520
2 3 16 20 46 69 80 115 5520
2 3 16 20 46 69 80 120 5520
2 3 16 20 46 69 105 112 38640
2 3 16 20 47 48 60 94 11280
2 3 16 20 47 48 80 94 11280
2 3 16 20 47 48 94 120 11280
2 3 16 20 47 60 80 94 11280
2 3 16 20 48 49 60 98 11760
2 3 16 20 48 49 70 98 11760
2 3 16 20 48 49 80 98 11760
2 3 16 20 48 49 98 105 11760
2 3 16 20 48 49 98 120 11760
2 3 16 20 48 50 60 75 1200
2 3 16 20 48 50 60 100 1200
2 3 16 20 48 50 75 80 1200
2 3 16 20 48 50 75 100 1200
2 3 16 20 48 50 75 120 1200
2 3 16 20 48 50 80 100 1200
2 3 16 20 48 50 100 120 1200
2 3 16 20 48 51 60 68 4080
2 3 16 20 48 51 60 85 4080
2 3 16 20 48 51 60 102 4080
2 3 16 20 48 51 68 80 4080
2 3 16 20 48 51 68 85 4080
2 3 16 20 48 51 68 120 4080
2 3 16 20 48 51 70 119 28560
2 3 16 20 48 51 80 85 4080
2 3 16 20 48 51 80 102 4080
2 3 16 20 48 51 85 102 4080
2 3 16 20 48 51 85 120 4080
2 3 16 20 48 51 102 120 4080
2 3 16 20 48 51 105 119 28560
2 3 16 20 48 52 60 65 3120
2 3 16 20 48 52 60 78 3120
2 3 16 20 48 52 60 104 3120
2 3 16 20 48 52 65 78 3120
2 3 16 20 48 52 65 80 3120
2 3 16 20 48 52 65 104 3120
2 3 16 20 48 52 65 120 3120
2 3 16 20 48 52 70 91 21840
2 3 16 20 48 52 78 80 3120
2 3 16 20 48 52 78 120 3120
2 3 16 20 48 52 80 104 3120
2 3 16 20 48 52 90 117 9360
2 3 16 20 48 52 91 105 21840
2 3 16 20 48 52 104 120 3120
2 3 16 20 48 53 60 106 12720
2 3 16 20 48 53 80 106 12720
2 3 16 20 48 53 106 120 12720
2 3 16 20 48 54 60 108 2160
2 3 16 20 48 54 80 108 2160
2 3 16 20 48 54 90 108 2160
2 3 16 20 48 54 108 120 2160
2 3 16 20 48 55 56 77 18480
2 3 16 20 48 55 60 66 2640
2 3 16 20 48 55 60 88 2640
2 3 16 20 48 55 60 110 2640
2 3 16 20 48 55 66 80 2640
2 3 16 20 48 55 66 88 2640
2 3 16 20 48 55 66 110 2640
2 3 16 20 48 55 66 120 2640
2 3 16 20 48 55 70 77 18480
2 3 16 20 48 55 72 99 7920
2 3 16 20 48 55 77 84 18480
2 3 16 20 48 55 77 105 18480
2 3 16 20 48 55 77 112 18480
2 3 16 20 48 55 80 88 2640
2 3 16 20 48 55 80 110 2640
2 3 16 20 48 55 88 110 2640
2 3 16 20 48 55 88 120 2640
2 3 16 20 48 55 90 99 7920
2 3 16 20 48 55 110 120 2640
2 3 16 20 48 56 60 70 1680
2 3 16 20 48 56 60 84 1680
2 3 16 20 48 56 60 105 1680
2 3 16 20 48 56 60 112 1680
2 3 16 20 48 56 63 90 5040
2 3 16 20 48 56 65 91 21840
2 3 16 20 48 56 70 80 1680
2 3 16 20 48 56 70 84 1680
2 3 16 20 48 56 70 105 1680
2 3 16 20 48 56 70 112 1680
2 3 16 20 48 56 70 120 1680
2 3 16 20 48 56 77 110 18480
2 3 16 20 48 56 80 84 1680
2 3 16 20 48 56 80 105 1680
2 3 16 20 48 56 80 112 1680
2 3 16 20 48 56 84 105 1680
2 3 16 20 48 56 84 120 1680
2 3 16 20 48 56 85 119 28560
2 3 16 20 48 56 90 126 5040
2 3 16 20 48 56 105 112 1680
2 3 16 20 48 56 105 120 1680
2 3 16 20 48 56 112 120 1680
2 3 16 20 48 57 60 76 4560
2 3 16 20 48 57 60 95 4560
2 3 16 20 48 57 60 114 4560
2 3 16 20 48 57 76 80 4560
2 3 16 20 48 57 76 95 4560
2 3 16 20 48 57 76 120 4560
2 3 16 20 48 57 80 95 4560
2 3 16 20 48 57 80 114 4560
2 3 16 20 48 57 95 114 4560
2 3 16 20 48 57 95 120 4560
2 3 16 20 48 57 114 120 4560
2 3 16 20 48 58 60 87 6960
2 3 16 20 48 58 60 116 6960
2 3 16 20 48 58 80 87 6960
2 3 16 20 48 58 80 116 6960
2 3 16 20 48 58 87 120 6960
2 3 16 20 48 58 116 120 6960
2 3 16 20 48 59 60 118 14160
2 3 16 20 48 59 80 118 14160
2 3 16 20 48 59 118 120 14160
2 3 16 20 48 60 61 122 14640
2 3 16 20 48 60 62 93 7440
2 3 16 20 48 60 62 124 7440
2 3 16 20 48 60 63 126 5040
2 3 16 20 48 60 65 78 3120
2 3 16 20 48 60 65 104 3120
2 3 16 20 48 60 66 88 2640
2 3 16 20 48 60 66 110 2640
2 3 16 20 48 60 68 85 4080
2 3 16 20 48 60 68 102 4080
2 3 16 20 48 60 69 92 5520
2 3 16 20 48 60 69 115 5520
2 3 16 20 48 60 70 84 1680
2 3 16 20 48 60 70 105 1680
2 3 16 20 48 60 70 112 1680
2 3 16 20 48 60 72 90 720
2 3 16 20 48 60 74 111 8880
2 3 16 20 48 60 75 100 1200
2 3 16 20 48 60 76 95 4560
2 3 16 20 48 60 76 114 4560
2 3 16 20 48 60 78 104 3120
2 3 16 20 48 60 80 120 240
2 3 16 20 48 60 82 123 9840
2 3 16 20 48 60 84 105 1680
2 3 16 20 48 60 84 112 1680
2 3 16 20 48 60 85 102 4080
2 3 16 20 48 60 87 116 6960
2 3 16 20 48 60 88 110 2640
2 3 16 20 48 60 92 115 5520
2 3 16 20 48 60 93 124 7440
2 3 16 20 48 60 95 114 4560
2 3 16 20 48 60 105 112 1680
2 3 16 20 48 61 80 122 14640
2 3 16 20 48 62 80 93 7440
2 3 16 20 48 62 80 124 7440
2 3 16 20 48 62 93 120 7440
2 3 16 20 48 63 70 72 5040
2 3 16 20 48 63 70 90 5040
2 3 16 20 48 63 70 126 5040
2 3 16 20 48 63 72 105 5040
2 3 16 20 48 63 80 126 5040
2 3 16 20 48 63 84 90 5040
2 3 16 20 48 63 90 105 5040
2 3 16 20 48 63 90 112 5040
2 3 16 20 48 63 90 126 5040
2 3 16 20 48 65 70 91 21840
2 3 16 20 48 65 72 117 9360
2 3 16 20 48 65 78 80 3120
2 3 16 20 48 65 78 104 3120
2 3 16 20 48 65 78 120 3120
2 3 16 20 48 65 80 104 3120
2 3 16 20 48 65 84 91 21840
2 3 16 20 48 65 90 117 9360
2 3 16 20 48 65 91 105 21840
2 3 16 20 48 65 91 112 21840
2 3 16 20 48 66 70 77 18480
2 3 16 20 48 66 77 105 18480
2 3 16 20 48 66 80 88 2640
2 3 16 20 48 66 80 110 2640
2 3 16 20 48 66 88 110 2640
2 3 16 20 48 66 88 120 2640
2 3 16 20 48 66 90 99 7920
2 3 16 20 48 68 70 119 28560
2 3 16 20 48 68 80 85 4080
2 3 16 20 48 68 80 102 4080
2 3 16 20 48 68 85 102 4080
2 3 16 20 48 68 85 120 4080
2 3 16 20 48 69 80 92 5520
2 3 16 20 48 69 80 115 5520
2 3 16 20 48 69 92 115 5520
2 3 16 20 48 69 92 120 5520
2 3 16 20 48 70 72 126 5040
2 3 16 20 48 70 77 88 18480
2 3 16 20 48 70 77 110 18480
2 3 16 20 48 70 78 91 21840
2 3 16 20 48 70 80 84 1680
2 3 16 20 48 70 80 105 1680
2 3 16 20 48 70 80 112 1680
2 3 16 20 48 70 84 105 1680
2 3 16 20 48 70 84 112 1680
2 3 16 20 48 70 84 120 1680
2 3 16 20 48 70 85 119 28560
2 3 16 20 48 70 91 104 21840
2 3 16 20 48 72 80 90 720
2 3 16 20 48 74 80 111 8880
2 3 16 20 48 75 80 100 1200
2 3 16 20 48 76 80 95 4560
2 3 16 20 48 76 80 114 4560
2 3 16 20 48 77 84 110 18480
2 3 16 20 48 77 88 105 18480
2 3 16 20 48 78 80 104 3120
2 3 16 20 48 80 84 105 1680
2 3 16 20 48 80 85 102 4080
2 3 16 20 49 60 80 98 11760
2 3 16 20 49 60 98 112 11760
2 3 16 20 49 80 84 98 11760
2 3 16 20 50 56 75 112 8400
2 3 16 20 50 60 75 80 1200
2 3 16 20 50 60 80 100 1200
2 3 16 20 50 70 75 112 8400
2 3 16 20 50 75 80 100 1200
2 3 16 20 51 56 80 119 28560
2 3 16 20 51 56 85 112 28560
2 3 16 20 51 60 68 80 4080
2 3 16 20 51 60 80 85 4080
2 3 16 20 51 60 80 102 4080
2 3 16 20 51 68 70 112 28560
2 3 16 20 51 68 80 85 4080
2 3 16 20 51 68 80 102 4080
2 3 16 20 51 68 80 120 4080
2 3 16 20 51 70 80 119 28560
2 3 16 20 51 70 85 112 28560
2 3 16 20 52 60 65 80 3120
2 3 16 20 52 60 78 80 3120
2 3 16 20 52 60 80 104 3120
2 3 16 20 52 60 91 112 21840
2 3 16 20 52 65 78 80 3120
2 3 16 20 52 65 80 120 3120
2 3 16 20 52 65 84 112 21840
2 3 16 20 52 70 78 112 21840
2 3 16 20 52 80 84 91 21840
2 3 16 20 53 60 80 106 12720
2 3 16 20 54 60 80 108 2160
2 3 16 20 55 56 66 112 18480
2 3 16 20 55 60 66 80 2640
2 3 16 20 55 60 77 112 18480
2 3 16 20 55 60 80 88 2640
2 3 16 20 55 60 80 110 2640
2 3 16 20 55 66 70 112 18480
2 3 16 20 55 66 77 112 18480
2 3 16 20 55 66 80 88 2640
2 3 16 20 55 66 80 110 2640
2 3 16 20 55 72 80 99 7920
2 3 16 20 55 77 80 84 18480
2 3 16 20 56 57 95 112 31920
2 3 16 20 56 60 70 80 1680
2 3 16 20 56 60 70 112 1680
2 3 16 20 56 60 80 84 1680
2 3 16 20 56 60 80 105 1680
2 3 16 20 56 60 80 112 1680
2 3 16 20 56 60 84 112 1680
2 3 16 20 56 63 72 80 5040
2 3 16 20 56 63 80 90 5040
2 3 16 20 56 65 78 112 21840
2 3 16 20 56 66 77 80 18480
2 3 16 20 56 70 80 84 1680
2 3 16 20 57 60 76 80 4560
2 3 16 20 57 60 80 95 4560
2 3 16 20 57 60 80 114 4560
2 3 16 20 58 60 80 87 6960
2 3 16 20 58 60 80 116 6960
2 3 16 20 59 60 80 118 14160
2 3 16 20 60 62 80 93 7440
2 3 16 20 60 63 72 112 5040
2 3 16 20 60 65 78 80 3120
2 3 16 20 60 66 80 88 2640
2 3 16 20 60 68 80 85 4080
2 3 16 20 60 69 80 92 5520
2 3 16 20 60 70 80 84 1680
2 3 16 20 63 70 72 80 5040
2 3 16 20 66 70 77 80 18480
2 3 16 21 22 24 33 112 3696
2 3 16 21 22 24 44 112 3696
2 3 16 21 22 24 48 77 3696
2 3 16 21 22 24 66 112 3696
2 3 16 21 22 24 77 112 3696
2 3 16 21 22 24 88 112 3696
2 3 16 21 22 28 33 48 3696
2 3 16 21 22 28 33 112 3696
2 3 16 21 22 28 44 48 3696
2 3 16 21 22 28 44 112 3696
2 3 16 21 22 28 48 66 3696
2 3 16 21 22 28 48 77 3696
2 3 16 21 22 28 48 88 3696
2 3 16 21 22 28 55 80 18480
2 3 16 21 22 28 66 112 3696
2 3 16 21 22 28 77 112 3696
2 3 16 21 22 28 80 110 18480
2 3 16 21 22 28 88 112 3696
2 3 16 21 22 30 55 112 18480
2 3 16 21 22 30 77 80 18480
2 3 16 21 22 30 110 112 18480
2 3 16 21 22 32 77 96 7392
2 3 16 21 22 33 35 80 18480
2 3 16 21 22 33 42 48 3696
2 3 16 21 22 33 42 112 3696
2 3 16 21 22 33 44 112 3696
2 3 16 21 22 33 48 56 3696
2 3 16 21 22 33 48 77 3696
2 3 16 21 22 33 48 84 3696
2 3 16 21 22 33 48 112 3696
2 3 16 21 22 33 56 112 3696
2 3 16 21 22 33 66 112 3696
2 3 16 21 22 33 70 80 18480
2 3 16 21 22 33 77 112 3696
2 3 16 21 22 33 80 105 18480
2 3 16 21 22 33 84 112 3696
2 3 16 21 22 33 88 112 3696
2 3 16 21 22 35 44 80 18480
2 3 16 21 22 35 48 55 18480
2 3 16 21 22 35 48 110 18480
2 3 16 21 22 35 55 80 18480
2 3 16 21 22 35 55 112 18480
2 3 16 21 22 35 66 80 18480
2 3 16 21 22 35 77 80 18480
2 3 16 21 22 35 80 88 18480
2 3 16 21 22 35 80 110 18480
2 3 16 21 22 35 110 112 18480
2 3 16 21 22 36 99 112 11088
2 3 16 21 22 40 55 112 18480
2 3 16 21 22 40 77 80 18480
2 3 16 21 22 40 110 112 18480
2 3 16 21 22 42 44 48 3696
2 3 16 21 22 42 44 112 3696
2 3 16 21 22 42 48 66 3696
2 3 16 21 22 42 48 77 3696
2 3 16 21 22 42 48 88 3696
2 3 16 21 22 42 55 80 18480
2 3 16 21 22 42 66 112 3696
2 3 16 21 22 42 77 112 3696
2 3 16 21 22 42 80 110 18480
2 3 16 21 22 42 88 112 3696
2 3 16 21 22 44 48 56 3696
2 3 16 21 22 44 48 77 3696
2 3 16 21 22 44 48 84 3696
2 3 16 21 22 44 48 112 3696
2 3 16 21 22 44 56 112 3696
2 3 16 21 22 44 66 112 3696
2 3 16 21 22 44 70 80 18480
2 3 16 21 22 44 77 112 3696
2 3 16 21 22 44 80 105 18480
2 3 16 21 22 44 84 112 3696
2 3 16 21 22 44 88 112 3696
2 3 16 21 22 48 55 70 18480
2 3 16 21 22 48 55 105 18480
2 3 16 21 22 48 56 66 3696
2 3 16 21 22 48 56 77 3696
2 3 16 21 22 48 56 88 3696
2 3 16 21 22 48 63 99 11088
2 3 16 21 22 48 66 77 3696
2 3 16 21 22 48 66 84 3696
2 3 16 21 22 48 66 112 3696
2 3 16 21 22 48 70 110 18480
2 3 16 21 22 48 77 84 3696
2 3 16 21 22 48 77 88 3696
2 3 16 21 22 48 77 112 3696
2 3 16 21 22 48 84 88 3696
2 3 16 21 22 48 88 112 3696
2 3 16 21 22 48 99 126 11088
2 3 16 21 22 48 105 110 18480
2 3 16 21 22 55 56 80 18480
2 3 16 21 22 55 60 112 18480
2 3 16 21 22 55 70 80 18480
2 3 16 21 22 55 70 112 18480
2 3 16 21 22 55 77 80 18480
2 3 16 21 22 55 80 84 18480
2 3 16 21 22 55 80 105 18480
2 3 16 21 22 55 80 112 18480
2 3 16 21 22 55 105 112 18480
2 3 16 21 22 55 110 112 18480
2 3 16 21 22 55 112 120 18480
2 3 16 21 22 56 66 112 3696
2 3 16 21 22 56 77 112 3696
2 3 16 21 22 56 80 110 18480
2 3 16 21 22 56 88 112 3696
2 3 16 21 22 60 77 80 18480
2 3 16 21 22 60 110 112 18480
2 3 16 21 22 63 99 112 11088
2 3 16 21 22 66 70 80 18480
2 3 16 21 22 66 77 112 3696
2 3 16 21 22 66 80 105 18480
2 3 16 21 22 66 84 112 3696
2 3 16 21 22 66 88 112 3696
2 3 16 21 22 70 77 80 18480
2 3 16 21 22 70 80 88 18480
2 3 16 21 22 70 80 110 18480
2 3 16 21 22 70 110 112 18480
2 3 16 21 22 72 99 112 11088
2 3 16 21 22 77 80 105 18480
2 3 16 21 22 77 80 110 18480
2 3 16 21 22 77 80 120 18480
2 3 16 21 22 77 84 112 3696
2 3 16 21 22 77 88 112 3696
2 3 16 21 22 80 84 110 18480
2 3 16 21 22 80 88 105 18480
2 3 16 21 22 80 105 110 18480
2 3 16 21 22 80 110 112 18480
2 3 16 21 22 84 88 112 3696
2 3 16 21 22 99 112 126 11088
2 3 16 21 22 105 110 112 18480
2 3 16 21 22 110 112 120 18480
2 3 16 21 23 24 46 112 7728
2 3 16 21 23 24 69 112 7728
2 3 16 21 23 24 92 112 7728
2 3 16 21 23 28 46 48 7728
2 3 16 21 23 28 46 112 7728
2 3 16 21 23 28 48 69 7728
2 3 16 21 23 28 48 92 7728
2 3 16 21 23 28 69 112 7728
2 3 16 21 23 28 80 115 38640
2 3 16 21 23 28 92 112 7728
2 3 16 21 23 30 112 115 38640
2 3 16 21 23 35 46 80 38640
2 3 16 21 23 35 48 115 38640
2 3 16 21 23 35 69 80 38640
2 3 16 21 23 35 80 92 38640
2 3 16 21 23 35 80 115 38640
2 3 16 21 23 35 112 115 38640
2 3 16 21 23 40 112 115 38640
2 3 16 21 23 42 46 48 7728
2 3 16 21 23 42 46 112 7728
2 3 16 21 23 42 48 69 7728
2 3 16 21 23 42 48 92 7728
2 3 16 21 23 42 69 112 7728
2 3 16 21 23 42 80 115 38640
2 3 16 21 23 42 92 112 7728
2 3 16 21 23 46 48 56 7728
2 3 16 21 23 46 48 84 7728
2 3 16 21 23 46 48 112 7728
2 3 16 21 23 46 56 112 7728
2 3 16 21 23 46 69 112 7728
2 3 16 21 23 46 70 80 38640
2 3 16 21 23 46 80 105 38640
2 3 16 21 23 46 84 112 7728
2 3 16 21 23 46 92 112 7728
2 3 16 21 23 48 56 69 7728
2 3 16 21 23 48 56 92 7728
2 3 16 21 23 48 69 84 7728
2 3 16 21 23 48 69 112 7728
2 3 16 21 23 48 70 115 38640
2 3 16 21 23 48 84 92 7728
2 3 16 21 23 48 92 112 7728
2 3 16 21 23 48 105 115 38640
2 3 16 21 23 56 69 112 7728
2 3 16 21 23 56 80 115 38640
2 3 16 21 23 56 92 112 7728
2 3 16 21 23 60 112 115 38640
2 3 16 21 23 69 70 80 38640
2 3 16 21 23 69 80 105 38640
2 3 16 21 23 69 84 112 7728
2 3 16 21 23 69 92 112 7728
2 3 16 21 23 70 80 92 38640
2 3 16 21 23 70 80 115 38640
2 3 16 21 23 70 112 115 38640
2 3 16 21 23 80 84 115 38640
2 3 16 21 23 80 92 105 38640
2 3 16 21 23 80 105 115 38640
2 3 16 21 23 80 112 115 38640
2 3 16 21 23 84 92 112 7728
2 3 16 21 23 105 112 115 38640
2 3 16 21 23 112 115 120 38640
2 3 16 21 24 25 50 112 8400
2 3 16 21 24 25 75 112 8400
2 3 16 21 24 25 100 112 8400
2 3 16 21 24 26 39 112 4368
2 3 16 21 24 26 48 91 4368
2 3 16 21 24 26 52 112 4368
2 3 16 21 24 26 78 112 4368
2 3 16 21 24 26 91 112 4368
2 3 16 21 24 26 104 112 4368
2 3 16 21 24 27 54 112 3024
2 3 16 21 24 27 108 112 3024
2 3 16 21 24 28 30 80 1680
2 3 16 21 24 28 32 96 672
2 3 16 21 24 28 35 80 1680
2 3 16 21 24 28 40 80 1680
2 3 16 21 24 28 42 48 336
2 3 16 21 24 28 42 112 336
2 3 16 21 24 28 48 56 336
2 3 16 21 24 28 48 84 336
2 3 16 21 24 28 48 112 336
2 3 16 21 24 28 56 112 336
2 3 16 21 24 28 60 80 1680
2 3 16 21 24 28 70 80 1680
2 3 16 21 24 28 80 105 1680
2 3 16 21 24 28 80 120 1680
2 3 16 21 24 28 84 112 336
2 3 16 21 24 29 58 112 9744
2 3 16 21 24 29 87 112 9744
2 3 16 21 24 29 112 116 9744
2 3 16 21 24 30 35 48 1680
2 3 16 21 24 30 35 80 1680
2 3 16 21 24 30 35 112 1680
2 3 16 21 24 30 40 112 1680
2 3 16 21 24 30 42 80 1680
2 3 16 21 24 30 48 70 1680
2 3 16 21 24 30 48 105 1680
2 3 16 21 24 30 56 80 1680
2 3 16 21 24 30 60 112 1680
2 3 16 21 24 30 70 80 1680
2 3 16 21 24 30 70 112 1680
2 3 16 21 24 30 80 84 1680
2 3 16 21 24 30 80 105 1680
2 3 16 21 24 30 80 112 1680
2 3 16 21 24 30 105 112 1680
2 3 16 21 24 30 112 120 1680
2 3 16 21 24 31 62 112 10416
2 3 16 21 24 31 93 112 10416
2 3 16 21 24 31 112 124 10416
2 3 16 21 24 32 42 96 672
2 3 16 21 24 32 56 96 672
2 3 16 21 24 32 84 96 672
2 3 16 21 24 32 96 112 672
2 3 16 21 24 33 44 112 3696
2 3 16 21 24 33 48 77 3696
2 3 16 21 24 33 66 112 3696
2 3 16 21 24 33 77 112 3696
2 3 16 21 24 33 88 112 3696
2 3 16 21 24 34 48 119 5712
2 3 16 21 24 34 51 112 5712
2 3 16 21 24 34 68 112 5712
2 3 16 21 24 34 102 112 5712
2 3 16 21 24 34 112 119 5712
2 3 16 21 24 35 40 48 1680
2 3 16 21 24 35 40 80 1680
2 3 16 21 24 35 40 112 1680
2 3 16 21 24 35 42 80 1680
2 3 16 21 24 35 48 60 1680
2 3 16 21 24 35 48 70 1680
2 3 16 21 24 35 48 80 1680
2 3 16 21 24 35 48 105 1680
2 3 16 21 24 35 48 120 1680
2 3 16 21 24 35 56 80 1680
2 3 16 21 24 35 60 80 1680
2 3 16 21 24 35 60 112 1680
2 3 16 21 24 35 70 80 1680
2 3 16 21 24 35 70 112 1680
2 3 16 21 24 35 80 84 1680
2 3 16 21 24 35 80 105 1680
2 3 16 21 24 35 80 112 1680
2 3 16 21 24 35 80 120 1680
2 3 16 21 24 35 105 112 1680
2 3 16 21 24 35 112 120 1680
2 3 16 21 24 36 48 63 1008
2 3 16 21 24 36 48 126 1008
2 3 16 21 24 36 63 112 1008
2 3 16 21 24 36 72 112 1008
2 3 16 21 24 36 112 126 1008
2 3 16 21 24 37 74 112 12432
2 3 16 21 24 37 111 112 12432
2 3 16 21 24 38 57 112 6384
2 3 16 21 24 38 76 112 6384
2 3 16 21 24 38 112 114 6384
2 3 16 21 24 39 48 91 4368
2 3 16 21 24 39 52 112 4368
2 3 16 21 24 39 78 112 4368
2 3 16 21 24 39 91 112 4368
2 3 16 21 24 39 104 112 4368
2 3 16 21 24 40 42 80 1680
2 3 16 21 24 40 48 70 1680
2 3 16 21 24 40 48 105 1680
2 3 16 21 24 40 56 80 1680
2 3 16 21 24 40 60 112 1680
2 3 16 21 24 40 70 80 1680
2 3 16 21 24 40 70 112 1680
2 3 16 21 24 40 80 84 1680
2 3 16 21 24 40 80 105 1680
2 3 16 21 24 40 80 112 1680
2 3 16 21 24 40 105 112 1680
2 3 16 21 24 40 112 120 1680
2 3 16 21 24 41 82 112 13776
2 3 16 21 24 41 112 123 13776
2 3 16 21 24 42 48 56 336
2 3 16 21 24 42 48 84 336
2 3 16 21 24 42 48 112 336
2 3 16 21 24 42 56 112 336
2 3 16 21 24 42 60 80 1680
2 3 16 21 24 42 70 80 1680
2 3 16 21 24 42 80 105 1680
2 3 16 21 24 42 80 120 1680
2 3 16 21 24 42 84 112 336
2 3 16 21 24 43 86 112 14448
2 3 16 21 24 44 48 77 3696
2 3 16 21 24 44 66 112 3696
2 3 16 21 24 44 77 112 3696
2 3 16 21 24 44 88 112 3696
2 3 16 21 24 45 63 80 5040
2 3 16 21 24 45 80 126 5040
2 3 16 21 24 45 90 112 5040
2 3 16 21 24 46 69 112 7728
2 3 16 21 24 46 92 112 7728
2 3 16 21 24 47 94 112 15792
2 3 16 21 24 48 49 98 2352
2 3 16 21 24 48 51 119 5712
2 3 16 21 24 48 52 91 4368
2 3 16 21 24 48 56 84 336
2 3 16 21 24 48 56 112 336
2 3 16 21 24 48 60 70 1680
2 3 16 21 24 48 60 105 1680
2 3 16 21 24 48 63 72 1008
2 3 16 21 24 48 63 126 1008
2 3 16 21 24 48 66 77 3696
2 3 16 21 24 48 68 119 5712
2 3 16 21 24 48 70 80 1680
2 3 16 21 24 48 70 105 1680
2 3 16 21 24 48 70 120 1680
2 3 16 21 24 48 72 126 1008
2 3 16 21 24 48 77 88 3696
2 3 16 21 24 48 78 91 4368
2 3 16 21 24 48 80 105 1680
2 3 16 21 24 48 84 112 336
2 3 16 21 24 48 91 104 4368
2 3 16 21 24 48 102 119 5712
2 3 16 21 24 48 105 120 1680
2 3 16 21 24 49 98 112 2352
2 3 16 21 24 50 75 112 8400
2 3 16 21 24 50 100 112 8400
2 3 16 21 24 51 68 112 5712
2 3 16 21 24 51 102 112 5712
2 3 16 21 24 51 112 119 5712
2 3 16 21 24 52 78 112 4368
2 3 16 21 24 52 91 112 4368
2 3 16 21 24 52 104 112 4368
2 3 16 21 24 53 106 112 17808
2 3 16 21 24 54 108 112 3024
2 3 16 21 24 55 77 80 18480
2 3 16 21 24 55 110 112 18480
2 3 16 21 24 56 60 80 1680
2 3 16 21 24 56 70 80 1680
2 3 16 21 24 56 80 105 1680
2 3 16 21 24 56 80 120 1680
2 3 16 21 24 56 84 112 336
2 3 16 21 24 57 76 112 6384
2 3 16 21 24 57 112 114 6384
2 3 16 21 24 58 87 112 9744
2 3 16 21 24 58 112 116 9744
2 3 16 21 24 59 112 118 19824
2 3 16 21 24 60 70 80 1680
2 3 16 21 24 60 70 112 1680
2 3 16 21 24 60 80 84 1680
2 3 16 21 24 60 80 105 1680
2 3 16 21 24 60 80 112 1680
2 3 16 21 24 60 105 112 1680
2 3 16 21 24 60 112 120 1680
2 3 16 21 24 61 112 122 20496
2 3 16 21 24 62 93 112 10416
2 3 16 21 24 62 112 124 10416
2 3 16 21 24 63 72 112 1008
2 3 16 21 24 63 80 90 5040
2 3 16 21 24 63 112 126 1008
2 3 16 21 24 65 80 91 21840
2 3 16 21 24 66 77 112 3696
2 3 16 21 24 66 88 112 3696
2 3 16 21 24 68 102 112 5712
2 3 16 21 24 68 112 119 5712
2 3 16 21 24 69 92 112 7728
2 3 16 21 24 70 80 84 1680
2 3 16 21 24 70 80 105 1680
2 3 16 21 24 70 80 112 1680
2 3 16 21 24 70 80 120 1680
2 3 16 21 24 70 105 112 1680
2 3 16 21 24 70 112 120 1680
2 3 16 21 24 72 112 126 1008
2 3 16 21 24 74 111 112 12432
2 3 16 21 24 75 100 112 8400
2 3 16 21 24 76 112 114 6384
2 3 16 21 24 77 80 110 18480
2 3 16 21 24 77 88 112 3696
2 3 16 21 24 78 91 112 4368
2 3 16 21 24 78 104 112 4368
2 3 16 21 24 80 84 105 1680
2 3 16 21 24 80 84 120 1680
2 3 16 21 24 80 85 119 28560
2 3 16 21 24 80 90 126 5040
2 3 16 21 24 80 105 112 1680
2 3 16 21 24 80 105 120 1680
2 3 16 21 24 80 112 120 1680
2 3 16 21 24 82 112 123 13776
2 3 16 21 24 87 112 116 9744
2 3 16 21 24 91 104 112 4368
2 3 16 21 24 93 112 124 10416
2 3 16 21 24 102 112 119 5712
2 3 16 21 24 105 112 120 1680
2 3 16 21 25 28 48 50 8400
2 3 16 21 25 28 48 75 8400
2 3 16 21 25 28 48 100 8400
2 3 16 21 25 28 50 80 8400
2 3 16 21 25 28 50 112 8400
2 3 16 21 25 28 75 80 8400
2 3 16 21 25 28 75 112 8400
2 3 16 21 25 28 80 100 8400
2 3 16 21 25 28 100 112 8400
2 3 16 21 25 30 50 112 8400
2 3 16 21 25 30 75 112 8400
2 3 16 21 25 30 100 112 8400
2 3 16 21 25 35 48 50 8400
2 3 16 21 25 35 48 75 8400
2 3 16 21 25 35 48 100 8400
2 3 16 21 25 35 50 80 8400
2 3 16 21 25 35 50 112 8400
2 3 16 21 25 35 75 80 8400
2 3 16 21 25 35 75 112 8400
2 3 16 21 25 35 80 100 8400
2 3 16 21 25 35 100 112 8400
2 3 16 21 25 40 50 112 8400
2 3 16 21 25 40 75 112 8400
2 3 16 21 25 40 100 112 8400
2 3 16 21 25 42 48 50 8400
2 3 16 21 25 42 48 75 8400
2 3 16 21 25 42 48 100 8400
2 3 16 21 25 42 50 80 8400
2 3 16 21 25 42 50 112 8400
2 3 16 21 25 42 75 80 8400
2 3 16 21 25 42 75 112 8400
2 3 16 21 25 42 80 100 8400
2 3 16 21 25 42 100 112 8400
2 3 16 21 25 48 50 56 8400
2 3 16 21 25 48 50 70 8400
2 3 16 21 25 48 50 84 8400
2 3 16 21 25 48 50 105 8400
2 3 16 21 25 48 50 112 8400
2 3 16 21 25 48 56 75 8400
2 3 16 21 25 48 56 100 8400
2 3 16 21 25 48 70 75 8400
2 3 16 21 25 48 70 100 8400
2 3 16 21 25 48 75 84 8400
2 3 16 21 25 48 75 105 8400
2 3 16 21 25 48 75 112 8400
2 3 16 21 25 48 84 100 8400
2 3 16 21 25 48 100 105 8400
2 3 16 21 25 48 100 112 8400
2 3 16 21 25 50 56 80 8400
2 3 16 21 25 50 56 112 8400
2 3 16 21 25 50 60 112 8400
2 3 16 21 25 50 70 80 8400
2 3 16 21 25 50 70 112 8400
2 3 16 21 25 50 75 112 8400
2 3 16 21 25 50 80 84 8400
2 3 16 21 25 50 80 105 8400
2 3 16 21 25 50 80 112 8400
2 3 16 21 25 50 84 112 8400
2 3 16 21 25 50 100 112 8400
2 3 16 21 25 50 105 112 8400
2 3 16 21 25 50 112 120 8400
2 3 16 21 25 56 75 80 8400
2 3 16 21 25 56 75 112 8400
2 3 16 21 25 56 80 100 8400
2 3 16 21 25 56 100 112 8400
2 3 16 21 25 60 75 112 8400
2 3 16 21 25 60 100 112 8400
2 3 16 21 25 70 75 80 8400
2 3 16 21 25 70 75 112 8400
2 3 16 21 25 70 80 100 8400
2 3 16 21 25 70 100 112 8400
2 3 16 21 25 75 80 84 8400
2 3 16 21 25 75 80 105 8400
2 3 16 21 25 75 80 112 8400
2 3 16 21 25 75 84 112 8400
2 3 16 21 25 75 100 112 8400
2 3 16 21 25 75 105 112 8400
2 3 16 21 25 75 112 120 8400
2 3 16 21 25 80 84 100 8400
2 3 16 21 25 80 100 105 8400
2 3 16 21 25 80 100 112 8400
2 3 16 21 25 84 100 112 8400
2 3 16 21 25 100 105 112 8400
2 3 16 21 25 100 112 120 8400
2 3 16 21 26 28 39 48 4368
2 3 16 21 26 28 39 112 4368
2 3 16 21 26 28 48 52 4368
2 3 16 21 26 28 48 78 4368
2 3 16 21 26 28 48 91 4368
2 3 16 21 26 28 48 104 4368
2 3 16 21 26 28 52 112 4368
2 3 16 21 26 28 65 80 21840
2 3 16 21 26 28 78 112 4368
2 3 16 21 26 28 91 112 4368
2 3 16 21 26 28 104 112 4368
2 3 16 21 26 30 65 112 21840
2 3 16 21 26 30 80 91 21840
2 3 16 21 26 32 91 96 8736
2 3 16 21 26 35 39 80 21840
2 3 16 21 26 35 48 65 21840
2 3 16 21 26 35 52 80 21840
2 3 16 21 26 35 65 80 21840
2 3 16 21 26 35 65 112 21840
2 3 16 21 26 35 78 80 21840
2 3 16 21 26 35 80 91 21840
2 3 16 21 26 35 80 104 21840
2 3 16 21 26 36 112 117 13104
2 3 16 21 26 39 42 48 4368
2 3 16 21 26 39 42 112 4368
2 3 16 21 26 39 48 56 4368
2 3 16 21 26 39 48 84 4368
2 3 16 21 26 39 48 91 4368
2 3 16 21 26 39 48 112 4368
2 3 16 21 26 39 52 112 4368
2 3 16 21 26 39 56 112 4368
2 3 16 21 26 39 70 80 21840
2 3 16 21 26 39 78 112 4368
2 3 16 21 26 39 80 105 21840
2 3 16 21 26 39 84 112 4368
2 3 16 21 26 39 91 112 4368
2 3 16 21 26 39 104 112 4368
2 3 16 21 26 40 65 112 21840
2 3 16 21 26 40 80 91 21840
2 3 16 21 26 42 48 52 4368
2 3 16 21 26 42 48 78 4368
2 3 16 21 26 42 48 91 4368
2 3 16 21 26 42 48 104 4368
2 3 16 21 26 42 52 112 4368
2 3 16 21 26 42 65 80 21840
2 3 16 21 26 42 78 112 4368
2 3 16 21 26 42 91 112 4368
2 3 16 21 26 42 104 112 4368
2 3 16 21 26 48 52 56 4368
2 3 16 21 26 48 52 84 4368
2 3 16 21 26 48 52 91 4368
2 3 16 21 26 48 52 112 4368
2 3 16 21 26 48 56 78 4368
2 3 16 21 26 48 56 91 4368
2 3 16 21 26 48 56 104 4368
2 3 16 21 26 48 63 117 13104
2 3 16 21 26 48 65 70 21840
2 3 16 21 26 48 65 105 21840
2 3 16 21 26 48 78 84 4368
2 3 16 21 26 48 78 91 4368
2 3 16 21 26 48 78 112 4368
2 3 16 21 26 48 84 91 4368
2 3 16 21 26 48 84 104 4368
2 3 16 21 26 48 91 104 4368
2 3 16 21 26 48 91 112 4368
2 3 16 21 26 48 104 112 4368
2 3 16 21 26 48 117 126 13104
2 3 16 21 26 52 56 112 4368
2 3 16 21 26 52 70 80 21840
2 3 16 21 26 52 78 112 4368
2 3 16 21 26 52 80 105 21840
2 3 16 21 26 52 84 112 4368
2 3 16 21 26 52 91 112 4368
2 3 16 21 26 52 104 112 4368
2 3 16 21 26 56 65 80 21840
2 3 16 21 26 56 78 112 4368
2 3 16 21 26 56 91 112 4368
2 3 16 21 26 56 104 112 4368
2 3 16 21 26 60 65 112 21840
2 3 16 21 26 60 80 91 21840
2 3 16 21 26 63 112 117 13104
2 3 16 21 26 65 70 80 21840
2 3 16 21 26 65 70 112 21840
2 3 16 21 26 65 80 84 21840
2 3 16 21 26 65 80 91 21840
2 3 16 21 26 65 80 105 21840
2 3 16 21 26 65 80 112 21840
2 3 16 21 26 65 105 112 21840
2 3 16 21 26 65 112 120 21840
2 3 16 21 26 70 78 80 21840
2 3 16 21 26 70 80 91 21840
2 3 16 21 26 70 80 104 21840
2 3 16 21 26 72 112 117 13104
2 3 16 21 26 78 80 105 21840
2 3 16 21 26 78 84 112 4368
2 3 16 21 26 78 91 112 4368
2 3 16 21 26 78 104 112 4368
2 3 16 21 26 80 91 105 21840
2 3 16 21 26 80 91 120 21840
2 3 16 21 26 80 104 105 21840
2 3 16 21 26 84 91 112 4368
2 3 16 21 26 84 104 112 4368
2 3 16 21 26 91 104 112 4368
2 3 16 21 26 112 117 126 13104
2 3 16 21 27 28 48 54 3024
2 3 16 21 27 28 48 108 3024
2 3 16 21 27 28 54 112 3024
2 3 16 21 27 28 108 112 3024
2 3 16 21 27 35 54 80 15120
2 3 16 21 27 35 80 108 15120
2 3 16 21 27 36 54 112 3024
2 3 16 21 27 36 108 112 3024
2 3 16 21 27 42 48 54 3024
2 3 16 21 27 42 48 108 3024
2 3 16 21 27 42 54 112 3024
2 3 16 21 27 42 108 112 3024
2 3 16 21 27 48 54 56 3024
2 3 16 21 27 48 54 63 3024
2 3 16 21 27 48 54 84 3024
2 3 16 21 27 48 54 112 3024
2 3 16 21 27 48 54 126 3024
2 3 16 21 27 48 56 108 3024
2 3 16 21 27 48 63 108 3024
2 3 16 21 27 48 84 108 3024
2 3 16 21 27 48 108 112 3024
2 3 16 21 27 48 108 126 3024
2 3 16 21 27 54 56 112 3024
2 3 16 21 27 54 63 112 3024
2 3 16 21 27 54 70 80 15120
2 3 16 21 27 54 72 112 3024
2 3 16 21 27 54 80 105 15120
2 3 16 21 27 54 84 112 3024
2 3 16 21 27 54 108 112 3024
2 3 16 21 27 54 112 126 3024
2 3 16 21 27 56 108 112 3024
2 3 16 21 27 63 108 112 3024
2 3 16 21 27 70 80 108 15120
2 3 16 21 27 72 108 112 3024
2 3 16 21 27 80 105 108 15120
2 3 16 21 27 84 108 112 3024
2 3 16 21 27 108 112 126 3024
2 3 16 21 28 29 48 58 9744
2 3 16 21 28 29 48 87 9744
2 3 16 21 28 29 48 116 9744
2 3 16 21 28 29 58 112 9744
2 3 16 21 28 29 87 112 9744
2 3 16 21 28 29 112 116 9744
2 3 16 21 28 30 35 48 1680
2 3 16 21 28 30 35 80 1680
2 3 16 21 28 30 35 112 1680
2 3 16 21 28 30 40 48 1680
2 3 16 21 28 30 40 80 1680
2 3 16 21 28 30 40 112 1680
2 3 16 21 28 30 42 80 1680
2 3 16 21 28 30 48 60 1680
2 3 16 21 28 30 48 70 1680
2 3 16 21 28 30 48 80 1680
2 3 16 21 28 30 48 105 1680
2 3 16 21 28 30 48 120 1680
2 3 16 21 28 30 56 80 1680
2 3 16 21 28 30 60 80 1680
2 3 16 21 28 30 60 112 1680
2 3 16 21 28 30 70 80 1680
2 3 16 21 28 30 70 112 1680
2 3 16 21 28 30 80 84 1680
2 3 16 21 28 30 80 105 1680
2 3 16 21 28 30 80 112 1680
2 3 16 21 28 30 80 120 1680
2 3 16 21 28 30 105 112 1680
2 3 16 21 28 30 112 120 1680
2 3 16 21 28 31 48 62 10416
2 3 16 21 28 31 48 93 10416
2 3 16 21 28 31 48 124 10416
2 3 16 21 28 31 62 112 10416
2 3 16 21 28 31 93 112 10416
2 3 16 21 28 31 112 124 10416
2 3 16 21 28 32 42 96 672
2 3 16 21 28 32 48 96 672
2 3 16 21 28 32 56 96 672
2 3 16 21 28 32 84 96 672
2 3 16 21 28 32 96 112 672
2 3 16 21 28 33 44 48 3696
2 3 16 21 28 33 44 112 3696
2 3 16 21 28 33 48 66 3696
2 3 16 21 28 33 48 77 3696
2 3 16 21 28 33 48 88 3696
2 3 16 21 28 33 55 80 18480
2 3 16 21 28 33 66 112 3696
2 3 16 21 28 33 77 112 3696
2 3 16 21 28 33 80 110 18480
2 3 16 21 28 33 88 112 3696
2 3 16 21 28 34 48 51 5712
2 3 16 21 28 34 48 68 5712
2 3 16 21 28 34 48 102 5712
2 3 16 21 28 34 48 119 5712
2 3 16 21 28 34 51 112 5712
2 3 16 21 28 34 68 112 5712
2 3 16 21 28 34 80 85 28560
2 3 16 21 28 34 102 112 5712
2 3 16 21 28 34 112 119 5712
2 3 16 21 28 35 40 48 1680
2 3 16 21 28 35 40 80 1680
2 3 16 21 28 35 40 112 1680
2 3 16 21 28 35 42 80 1680
2 3 16 21 28 35 48 60 1680
2 3 16 21 28 35 48 70 1680
2 3 16 21 28 35 48 80 1680
2 3 16 21 28 35 48 105 1680
2 3 16 21 28 35 48 120 1680
2 3 16 21 28 35 56 80 1680
2 3 16 21 28 35 60 80 1680
2 3 16 21 28 35 60 112 1680
2 3 16 21 28 35 70 80 1680
2 3 16 21 28 35 70 112 1680
2 3 16 21 28 35 80 84 1680
2 3 16 21 28 35 80 105 1680
2 3 16 21 28 35 80 112 1680
2 3 16 21 28 35 80 120 1680
2 3 16 21 28 35 105 112 1680
2 3 16 21 28 35 112 120 1680
2 3 16 21 28 36 45 80 5040
2 3 16 21 28 36 48 63 1008
2 3 16 21 28 36 48 72 1008
2 3 16 21 28 36 48 126 1008
2 3 16 21 28 36 63 112 1008
2 3 16 21 28 36 72 112 1008
2 3 16 21 28 36 80 90 5040
2 3 16 21 28 36 112 126 1008
2 3 16 21 28 37 48 74 12432
2 3 16 21 28 37 48 111 12432
2 3 16 21 28 37 74 112 12432
2 3 16 21 28 37 111 112 12432
2 3 16 21 28 38 48 57 6384
2 3 16 21 28 38 48 76 6384
2 3 16 21 28 38 48 114 6384
2 3 16 21 28 38 57 112 6384
2 3 16 21 28 38 76 112 6384
2 3 16 21 28 38 80 95 31920
2 3 16 21 28 38 112 114 6384
2 3 16 21 28 39 48 52 4368
2 3 16 21 28 39 48 78 4368
2 3 16 21 28 39 48 91 4368
2 3 16 21 28 39 48 104 4368
2 3 16 21 28 39 52 112 4368
2 3 16 21 28 39 65 80 21840
2 3 16 21 28 39 78 112 4368
2 3 16 21 28 39 91 112 4368
2 3 16 21 28 39 104 112 4368
2 3 16 21 28 40 42 80 1680
2 3 16 21 28 40 48 60 1680
2 3 16 21 28 40 48 70 1680
2 3 16 21 28 40 48 80 1680
2 3 16 21 28 40 48 105 1680
2 3 16 21 28 40 48 120 1680
2 3 16 21 28 40 56 80 1680
2 3 16 21 28 40 60 80 1680
2 3 16 21 28 40 60 112 1680
2 3 16 21 28 40 70 80 1680
2 3 16 21 28 40 70 112 1680
2 3 16 21 28 40 80 84 1680
2 3 16 21 28 40 80 105 1680
2 3 16 21 28 40 80 112 1680
2 3 16 21 28 40 80 120 1680
2 3 16 21 28 40 105 112 1680
2 3 16 21 28 40 112 120 1680
2 3 16 21 28 41 48 82 13776
2 3 16 21 28 41 48 123 13776
2 3 16 21 28 41 82 112 13776
2 3 16 21 28 41 112 123 13776
2 3 16 21 28 42 48 56 336
2 3 16 21 28 42 48 84 336
2 3 16 21 28 42 48 112 336
2 3 16 21 28 42 56 112 336
2 3 16 21 28 42 60 80 1680
2 3 16 21 28 42 70 80 1680
2 3 16 21 28 42 80 105 1680
2 3 16 21 28 42 80 120 1680
2 3 16 21 28 42 84 112 336
2 3 16 21 28 43 48 86 14448
2 3 16 21 28 43 86 112 14448
2 3 16 21 28 44 48 66 3696
2 3 16 21 28 44 48 77 3696
2 3 16 21 28 44 48 88 3696
2 3 16 21 28 44 55 80 18480
2 3 16 21 28 44 66 112 3696
2 3 16 21 28 44 77 112 3696
2 3 16 21 28 44 80 110 18480
2 3 16 21 28 44 88 112 3696
2 3 16 21 28 45 48 90 5040
2 3 16 21 28 45 63 80 5040
2 3 16 21 28 45 72 80 5040
2 3 16 21 28 45 80 90 5040
2 3 16 21 28 45 80 126 5040
2 3 16 21 28 45 90 112 5040
2 3 16 21 28 46 48 69 7728
2 3 16 21 28 46 48 92 7728
2 3 16 21 28 46 69 112 7728
2 3 16 21 28 46 80 115 38640
2 3 16 21 28 46 92 112 7728
2 3 16 21 28 47 48 94 15792
2 3 16 21 28 47 94 112 15792
2 3 16 21 28 48 49 98 2352
2 3 16 21 28 48 50 75 8400
2 3 16 21 28 48 50 100 8400
2 3 16 21 28 48 51 68 5712
2 3 16 21 28 48 51 102 5712
2 3 16 21 28 48 51 119 5712
2 3 16 21 28 48 52 78 4368
2 3 16 21 28 48 52 91 4368
2 3 16 21 28 48 52 104 4368
2 3 16 21 28 48 53 106 17808
2 3 16 21 28 48 54 108 3024
2 3 16 21 28 48 55 110 18480
2 3 16 21 28 48 56 84 336
2 3 16 21 28 48 56 112 336
2 3 16 21 28 48 57 76 6384
2 3 16 21 28 48 57 114 6384
2 3 16 21 28 48 58 87 9744
2 3 16 21 28 48 58 116 9744
2 3 16 21 28 48 59 118 19824
2 3 16 21 28 48 60 70 1680
2 3 16 21 28 48 60 80 1680
2 3 16 21 28 48 60 105 1680
2 3 16 21 28 48 60 120 1680
2 3 16 21 28 48 61 122 20496
2 3 16 21 28 48 62 93 10416
2 3 16 21 28 48 62 124 10416
2 3 16 21 28 48 63 72 1008
2 3 16 21 28 48 63 126 1008
2 3 16 21 28 48 66 77 3696
2 3 16 21 28 48 66 88 3696
2 3 16 21 28 48 68 102 5712
2 3 16 21 28 48 68 119 5712
2 3 16 21 28 48 69 92 7728
2 3 16 21 28 48 70 80 1680
2 3 16 21 28 48 70 105 1680
2 3 16 21 28 48 70 120 1680
2 3 16 21 28 48 72 126 1008
2 3 16 21 28 48 74 111 12432
2 3 16 21 28 48 75 100 8400
2 3 16 21 28 48 76 114 6384
2 3 16 21 28 48 77 88 3696
2 3 16 21 28 48 78 91 4368
2 3 16 21 28 48 78 104 4368
2 3 16 21 28 48 80 105 1680
2 3 16 21 28 48 80 120 1680
2 3 16 21 28 48 82 123 13776
2 3 16 21 28 48 84 112 336
2 3 16 21 28 48 87 116 9744
2 3 16 21 28 48 91 104 4368
2 3 16 21 28 48 93 124 10416
2 3 16 21 28 48 102 119 5712
2 3 16 21 28 48 105 120 1680
2 3 16 21 28 49 98 112 2352
2 3 16 21 28 50 75 80 8400
2 3 16 21 28 50 75 112 8400
2 3 16 21 28 50 80 100 8400
2 3 16 21 28 50 100 112 8400
2 3 16 21 28 51 68 112 5712
2 3 16 21 28 51 80 85 28560
2 3 16 21 28 51 102 112 5712
2 3 16 21 28 51 112 119 5712
2 3 16 21 28 52 65 80 21840
2 3 16 21 28 52 78 112 4368
2 3 16 21 28 52 91 112 4368
2 3 16 21 28 52 104 112 4368
2 3 16 21 28 53 106 112 17808
2 3 16 21 28 54 108 112 3024
2 3 16 21 28 55 66 80 18480
2 3 16 21 28 55 77 80 18480
2 3 16 21 28 55 80 88 18480
2 3 16 21 28 55 80 110 18480
2 3 16 21 28 55 110 112 18480
2 3 16 21 28 56 60 80 1680
2 3 16 21 28 56 70 80 1680
2 3 16 21 28 56 80 105 1680
2 3 16 21 28 56 80 120 1680
2 3 16 21 28 56 84 112 336
2 3 16 21 28 57 76 112 6384
2 3 16 21 28 57 80 95 31920
2 3 16 21 28 57 112 114 6384
2 3 16 21 28 58 87 112 9744
2 3 16 21 28 58 112 116 9744
2 3 16 21 28 59 112 118 19824
2 3 16 21 28 60 70 80 1680
2 3 16 21 28 60 70 112 1680
2 3 16 21 28 60 80 84 1680
2 3 16 21 28 60 80 105 1680
2 3 16 21 28 60 80 112 1680
2 3 16 21 28 60 80 120 1680
2 3 16 21 28 60 105 112 1680
2 3 16 21 28 60 112 120 1680
2 3 16 21 28 61 112 122 20496
2 3 16 21 28 62 93 112 10416
2 3 16 21 28 62 112 124 10416
2 3 16 21 28 63 72 112 1008
2 3 16 21 28 63 80 90 5040
2 3 16 21 28 63 112 126 1008
2 3 16 21 28 65 78 80 21840
2 3 16 21 28 65 80 91 21840
2 3 16 21 28 65 80 104 21840
2 3 16 21 28 66 77 112 3696
2 3 16 21 28 66 80 110 18480
2 3 16 21 28 66 88 112 3696
2 3 16 21 28 68 80 85 28560
2 3 16 21 28 68 102 112 5712
2 3 16 21 28 68 112 119 5712
2 3 16 21 28 69 80 115 38640
2 3 16 21 28 69 92 112 7728
2 3 16 21 28 70 80 84 1680
2 3 16 21 28 70 80 105 1680
2 3 16 21 28 70 80 112 1680
2 3 16 21 28 70 80 120 1680
2 3 16 21 28 70 105 112 1680
2 3 16 21 28 70 112 120 1680
2 3 16 21 28 72 80 90 5040
2 3 16 21 28 72 112 126 1008
2 3 16 21 28 74 111 112 12432
2 3 16 21 28 75 80 100 8400
2 3 16 21 28 75 100 112 8400
2 3 16 21 28 76 80 95 31920
2 3 16 21 28 76 112 114 6384
2 3 16 21 28 77 80 110 18480
2 3 16 21 28 77 88 112 3696
2 3 16 21 28 78 91 112 4368
2 3 16 21 28 78 104 112 4368
2 3 16 21 28 80 84 105 1680
2 3 16 21 28 80 84 120 1680
2 3 16 21 28 80 85 102 28560
2 3 16 21 28 80 85 119 28560
2 3 16 21 28 80 88 110 18480
2 3 16 21 28 80 90 126 5040
2 3 16 21 28 80 92 115 38640
2 3 16 21 28 80 95 114 31920
2 3 16 21 28 80 105 112 1680
2 3 16 21 28 80 105 120 1680
2 3 16 21 28 80 112 120 1680
2 3 16 21 28 82 112 123 13776
2 3 16 21 28 87 112 116 9744
2 3 16 21 28 91 104 112 4368
2 3 16 21 28 93 112 124 10416
2 3 16 21 28 102 112 119 5712
2 3 16 21 28 105 112 120 1680
2 3 16 21 29 35 58 80 48720
2 3 16 21 29 35 80 87 48720
2 3 16 21 29 35 80 116 48720
2 3 16 21 29 42 48 58 9744
2 3 16 21 29 42 48 87 9744
2 3 16 21 29 42 48 116 9744
2 3 16 21 29 42 58 112 9744
2 3 16 21 29 42 87 112 9744
2 3 16 21 29 42 112 116 9744
2 3 16 21 29 48 56 58 9744
2 3 16 21 29 48 56 87 9744
2 3 16 21 29 48 56 116 9744
2 3 16 21 29 48 58 84 9744
2 3 16 21 29 48 58 112 9744
2 3 16 21 29 48 84 87 9744
2 3 16 21 29 48 84 116 9744
2 3 16 21 29 48 87 112 9744
2 3 16 21 29 48 112 116 9744
2 3 16 21 29 56 58 112 9744
2 3 16 21 29 56 87 112 9744
2 3 16 21 29 56 112 116 9744
2 3 16 21 29 58 70 80 48720
2 3 16 21 29 58 80 105 48720
2 3 16 21 29 58 84 112 9744
2 3 16 21 29 58 87 112 9744
2 3 16 21 29 58 112 116 9744
2 3 16 21 29 70 80 87 48720
2 3 16 21 29 70 80 116 48720
2 3 16 21 29 80 87 105 48720
2 3 16 21 29 80 105 116 48720
2 3 16 21 29 84 87 112 9744
2 3 16 21 29 84 112 116 9744
2 3 16 21 29 87 112 116 9744
2 3 16 21 30 32 35 96 3360
2 3 16 21 30 32 70 96 3360
2 3 16 21 30 32 96 105 3360
2 3 16 21 30 33 55 112 18480
2 3 16 21 30 33 77 80 18480
2 3 16 21 30 33 110 112 18480
2 3 16 21 30 34 80 119 28560
2 3 16 21 30 34 85 112 28560
2 3 16 21 30 35 40 48 1680
2 3 16 21 30 35 40 80 1680
2 3 16 21 30 35 40 112 1680
2 3 16 21 30 35 42 48 1680
2 3 16 21 30 35 42 80 1680
2 3 16 21 30 35 42 112 1680
2 3 16 21 30 35 48 56 1680
2 3 16 21 30 35 48 60 1680
2 3 16 21 30 35 48 70 1680
2 3 16 21 30 35 48 80 1680
2 3 16 21 30 35 48 84 1680
2 3 16 21 30 35 48 105 1680
2 3 16 21 30 35 48 112 1680
2 3 16 21 30 35 48 120 1680
2 3 16 21 30 35 56 80 1680
2 3 16 21 30 35 56 112 1680
2 3 16 21 30 35 60 80 1680
2 3 16 21 30 35 60 112 1680
2 3 16 21 30 35 70 80 1680
2 3 16 21 30 35 70 112 1680
2 3 16 21 30 35 80 84 1680
2 3 16 21 30 35 80 105 1680
2 3 16 21 30 35 80 112 1680
2 3 16 21 30 35 80 120 1680
2 3 16 21 30 35 84 112 1680
2 3 16 21 30 35 105 112 1680
2 3 16 21 30 35 112 120 1680
2 3 16 21 30 36 45 112 5040
2 3 16 21 30 36 63 80 5040
2 3 16 21 30 36 80 126 5040
2 3 16 21 30 36 90 112 5040
2 3 16 21 30 38 95 112 31920
2 3 16 21 30 39 65 112 21840
2 3 16 21 30 39 80 91 21840
2 3 16 21 30 40 42 48 1680
2 3 16 21 30 40 42 80 1680
2 3 16 21 30 40 42 112 1680
2 3 16 21 30 40 48 56 1680
2 3 16 21 30 40 48 70 1680
2 3 16 21 30 40 48 84 1680
2 3 16 21 30 40 48 105 1680
2 3 16 21 30 40 48 112 1680
2 3 16 21 30 40 56 80 1680
2 3 16 21 30 40 56 112 1680
2 3 16 21 30 40 60 112 1680
2 3 16 21 30 40 70 80 1680
2 3 16 21 30 40 70 112 1680
2 3 16 21 30 40 80 84 1680
2 3 16 21 30 40 80 105 1680
2 3 16 21 30 40 80 112 1680
2 3 16 21 30 40 84 112 1680
2 3 16 21 30 40 105 112 1680
2 3 16 21 30 40 112 120 1680
2 3 16 21 30 42 48 60 1680
2 3 16 21 30 42 48 70 1680
2 3 16 21 30 42 48 80 1680
2 3 16 21 30 42 48 105 1680
2 3 16 21 30 42 48 120 1680
2 3 16 21 30 42 56 80 1680
2 3 16 21 30 42 60 80 1680
2 3 16 21 30 42 60 112 1680
2 3 16 21 30 42 70 80 1680
2 3 16 21 30 42 70 112 1680
2 3 16 21 30 42 80 84 1680
2 3 16 21 30 42 80 105 1680
2 3 16 21 30 42 80 112 1680
2 3 16 21 30 42 80 120 1680
2 3 16 21 30 42 105 112 1680
2 3 16 21 30 42 112 120 1680
2 3 16 21 30 44 55 112 18480
2 3 16 21 30 44 77 80 18480
2 3 16 21 30 44 110 112 18480
2 3 16 21 30 45 48 63 5040
2 3 16 21 30 45 48 126 5040
2 3 16 21 30 45 63 80 5040
2 3 16 21 30 45 63 112 5040
2 3 16 21 30 45 72 112 5040
2 3 16 21 30 45 80 126 5040
2 3 16 21 30 45 90 112 5040
2 3 16 21 30 45 112 126 5040
2 3 16 21 30 46 112 115 38640
2 3 16 21 30 48 55 77 18480
2 3 16 21 30 48 56 60 1680
2 3 16 21 30 48 56 70 1680
2 3 16 21 30 48 56 80 1680
2 3 16 21 30 48 56 105 1680
2 3 16 21 30 48 56 120 1680
2 3 16 21 30 48 60 70 1680
2 3 16 21 30 48 60 84 1680
2 3 16 21 30 48 60 105 1680
2 3 16 21 30 48 60 112 1680
2 3 16 21 30 48 63 90 5040
2 3 16 21 30 48 65 91 21840
2 3 16 21 30 48 70 80 1680
2 3 16 21 30 48 70 84 1680
2 3 16 21 30 48 70 105 1680
2 3 16 21 30 48 70 112 1680
2 3 16 21 30 48 70 120 1680
2 3 16 21 30 48 77 110 18480
2 3 16 21 30 48 80 84 1680
2 3 16 21 30 48 80 105 1680
2 3 16 21 30 48 80 112 1680
2 3 16 21 30 48 84 105 1680
2 3 16 21 30 48 84 120 1680
2 3 16 21 30 48 85 119 28560
2 3 16 21 30 48 90 126 5040
2 3 16 21 30 48 105 112 1680
2 3 16 21 30 48 105 120 1680
2 3 16 21 30 48 112 120 1680
2 3 16 21 30 49 80 98 11760
2 3 16 21 30 50 75 112 8400
2 3 16 21 30 50 100 112 8400
2 3 16 21 30 51 80 119 28560
2 3 16 21 30 51 85 112 28560
2 3 16 21 30 52 65 112 21840
2 3 16 21 30 52 80 91 21840
2 3 16 21 30 55 66 112 18480
2 3 16 21 30 55 77 80 18480
2 3 16 21 30 55 77 112 18480
2 3 16 21 30 55 88 112 18480
2 3 16 21 30 55 110 112 18480
2 3 16 21 30 56 60 80 1680
2 3 16 21 30 56 60 112 1680
2 3 16 21 30 56 70 80 1680
2 3 16 21 30 56 70 112 1680
2 3 16 21 30 56 80 84 1680
2 3 16 21 30 56 80 105 1680
2 3 16 21 30 56 80 112 1680
2 3 16 21 30 56 80 120 1680
2 3 16 21 30 56 105 112 1680
2 3 16 21 30 56 112 120 1680
2 3 16 21 30 57 95 112 31920
2 3 16 21 30 60 70 80 1680
2 3 16 21 30 60 70 112 1680
2 3 16 21 30 60 80 84 1680
2 3 16 21 30 60 80 105 1680
2 3 16 21 30 60 80 112 1680
2 3 16 21 30 60 84 112 1680
2 3 16 21 30 60 105 112 1680
2 3 16 21 30 60 112 120 1680
2 3 16 21 30 63 72 80 5040
2 3 16 21 30 63 80 90 5040
2 3 16 21 30 63 80 126 5040
2 3 16 21 30 63 90 112 5040
2 3 16 21 30 65 78 112 21840
2 3 16 21 30 65 80 91 21840
2 3 16 21 30 65 91 112 21840
2 3 16 21 30 65 104 112 21840
2 3 16 21 30 66 77 80 18480
2 3 16 21 30 66 110 112 18480
2 3 16 21 30 68 80 119 28560
2 3 16 21 30 68 85 112 28560
2 3 16 21 30 69 112 115 38640
2 3 16 21 30 70 80 84 1680
2 3 16 21 30 70 80 105 1680
2 3 16 21 30 70 80 112 1680
2 3 16 21 30 70 80 120 1680
2 3 16 21 30 70 84 112 1680
2 3 16 21 30 70 105 112 1680
2 3 16 21 30 70 112 120 1680
2 3 16 21 30 72 80 126 5040
2 3 16 21 30 72 90 112 5040
2 3 16 21 30 75 100 112 8400
2 3 16 21 30 76 95 112 31920
2 3 16 21 30 77 80 88 18480
2 3 16 21 30 77 80 110 18480
2 3 16 21 30 77 110 112 18480
2 3 16 21 30 78 80 91 21840
2 3 16 21 30 80 84 105 1680
2 3 16 21 30 80 84 112 1680
2 3 16 21 30 80 84 120 1680
2 3 16 21 30 80 85 119 28560
2 3 16 21 30 80 90 126 5040
2 3 16 21 30 80 91 104 21840
2 3 16 21 30 80 102 119 28560
2 3 16 21 30 80 105 112 1680
2 3 16 21 30 80 105 120 1680
2 3 16 21 30 80 112 120 1680
2 3 16 21 30 84 105 112 1680
2 3 16 21 30 84 112 120 1680
2 3 16 21 30 85 102 112 28560
2 3 16 21 30 85 112 119 28560
2 3 16 21 30 88 110 112 18480
2 3 16 21 30 90 112 126 5040
2 3 16 21 30 92 112 115 38640
2 3 16 21 30 95 112 114 31920
2 3 16 21 30 105 112 120 1680
2 3 16 21 31 35 62 80 52080
2 3 16 21 31 35 80 93 52080
2 3 16 21 31 35 80 124 52080
2 3 16 21 31 42 48 62 10416
2 3 16 21 31 42 48 93 10416
2 3 16 21 31 42 48 124 10416
2 3 16 21 31 42 62 112 10416
2 3 16 21 31 42 93 112 10416
2 3 16 21 31 42 112 124 10416
2 3 16 21 31 48 56 62 10416
2 3 16 21 31 48 56 93 10416
2 3 16 21 31 48 56 124 10416
2 3 16 21 31 48 62 84 10416
2 3 16 21 31 48 62 112 10416
2 3 16 21 31 48 84 93 10416
2 3 16 21 31 48 84 124 10416
2 3 16 21 31 48 93 112 10416
2 3 16 21 31 48 112 124 10416
2 3 16 21 31 56 62 112 10416
2 3 16 21 31 56 93 112 10416
2 3 16 21 31 56 112 124 10416
2 3 16 21 31 62 70 80 52080
2 3 16 21 31 62 80 105 52080
2 3 16 21 31 62 84 112 10416
2 3 16 21 31 62 93 112 10416
2 3 16 21 31 62 112 124 10416
2 3 16 21 31 70 80 93 52080
2 3 16 21 31 70 80 124 52080
2 3 16 21 31 80 93 105 52080
2 3 16 21 31 80 105 124 52080
2 3 16 21 31 84 93 112 10416
2 3 16 21 31 84 112 124 10416
2 3 16 21 31 93 112 124 10416
2 3 16 21 32 33 77 96 7392
2 3 16 21 32 34 96 119 11424
2 3 16 21 32 35 40 96 3360
2 3 16 21 32 35 60 96 3360
2 3 16 21 32 35 70 96 3360
2 3 16 21 32 35 80 96 3360
2 3 16 21 32 35 96 105 3360
2 3 16 21 32 35 96 120 3360
2 3 16 21 32 36 63 96 2016
2 3 16 21 32 36 96 126 2016
2 3 16 21 32 39 91 96 8736
2 3 16 21 32 40 70 96 3360
2 3 16 21 32 40 96 105 3360
2 3 16 21 32 42 48 96 672
2 3 16 21 32 42 56 96 672
2 3 16 21 32 42 84 96 672
2 3 16 21 32 42 96 112 672
2 3 16 21 32 44 77 96 7392
2 3 16 21 32 48 56 96 672
2 3 16 21 32 48 84 96 672
2 3 16 21 32 48 96 112 672
2 3 16 21 32 49 96 98 4704
2 3 16 21 32 51 96 119 11424
2 3 16 21 32 52 91 96 8736
2 3 16 21 32 56 84 96 672
2 3 16 21 32 56 96 112 672
2 3 16 21 32 60 70 96 3360
2 3 16 21 32 60 96 105 3360
2 3 16 21 32 63 72 96 2016
2 3 16 21 32 63 96 126 2016
2 3 16 21 32 66 77 96 7392
2 3 16 21 32 68 96 119 11424
2 3 16 21 32 70 80 96 3360
2 3 16 21 32 70 96 105 3360
2 3 16 21 32 70 96 120 3360
2 3 16 21 32 72 96 126 2016
2 3 16 21 32 77 88 96 7392
2 3 16 21 32 78 91 96 8736
2 3 16 21 32 80 96 105 3360
2 3 16 21 32 84 96 112 672
2 3 16 21 32 91 96 104 8736
2 3 16 21 32 96 102 119 11424
2 3 16 21 32 96 105 120 3360
2 3 16 21 33 35 44 80 18480
2 3 16 21 33 35 48 55 18480
2 3 16 21 33 35 48 110 18480
2 3 16 21 33 35 55 80 18480
2 3 16 21 33 35 55 112 18480
2 3 16 21 33 35 66 80 18480
2 3 16 21 33 35 77 80 18480
2 3 16 21 33 35 80 88 18480
2 3 16 21 33 35 80 110 18480
2 3 16 21 33 35 110 112 18480
2 3 16 21 33 36 99 112 11088
2 3 16 21 33 40 55 112 18480
2 3 16 21 33 40 77 80 18480
2 3 16 21 33 40 110 112 18480
2 3 16 21 33 42 44 48 3696
2 3 16 21 33 42 44 112 3696
2 3 16 21 33 42 48 66 3696
2 3 16 21 33 42 48 77 3696
2 3 16 21 33 42 48 88 3696
2 3 16 21 33 42 55 80 18480
2 3 16 21 33 42 66 112 3696
2 3 16 21 33 42 77 112 3696
2 3 16 21 33 42 80 110 18480
2 3 16 21 33 42 88 112 3696
2 3 16 21 33 44 48 56 3696
2 3 16 21 33 44 48 77 3696
2 3 16 21 33 44 48 84 3696
2 3 16 21 33 44 48 112 3696
2 3 16 21 33 44 56 112 3696
2 3 16 21 33 44 66 112 3696
2 3 16 21 33 44 70 80 18480
2 3 16 21 33 44 77 112 3696
2 3 16 21 33 44 80 105 18480
2 3 16 21 33 44 84 112 3696
2 3 16 21 33 44 88 112 3696
2 3 16 21 33 48 55 70 18480
2 3 16 21 33 48 55 105 18480
2 3 16 21 33 48 56 66 3696
2 3 16 21 33 48 56 77 3696
2 3 16 21 33 48 56 88 3696
2 3 16 21 33 48 63 99 11088
2 3 16 21 33 48 66 77 3696
2 3 16 21 33 48 66 84 3696
2 3 16 21 33 48 66 112 3696
2 3 16 21 33 48 70 110 18480
2 3 16 21 33 48 77 84 3696
2 3 16 21 33 48 77 88 3696
2 3 16 21 33 48 77 112 3696
2 3 16 21 33 48 84 88 3696
2 3 16 21 33 48 88 112 3696
2 3 16 21 33 48 99 126 11088
2 3 16 21 33 48 105 110 18480
2 3 16 21 33 55 56 80 18480
2 3 16 21 33 55 60 112 18480
2 3 16 21 33 55 70 80 18480
2 3 16 21 33 55 70 112 18480
2 3 16 21 33 55 77 80 18480
2 3 16 21 33 55 80 84 18480
2 3 16 21 33 55 80 105 18480
2 3 16 21 33 55 80 112 18480
2 3 16 21 33 55 105 112 18480
2 3 16 21 33 55 110 112 18480
2 3 16 21 33 55 112 120 18480
2 3 16 21 33 56 66 112 3696
2 3 16 21 33 56 77 112 3696
2 3 16 21 33 56 80 110 18480
2 3 16 21 33 56 88 112 3696
2 3 16 21 33 60 77 80 18480
2 3 16 21 33 60 110 112 18480
2 3 16 21 33 63 99 112 11088
2 3 16 21 33 66 70 80 18480
2 3 16 21 33 66 77 112 3696
2 3 16 21 33 66 80 105 18480
2 3 16 21 33 66 84 112 3696
2 3 16 21 33 66 88 112 3696
2 3 16 21 33 70 77 80 18480
2 3 16 21 33 70 80 88 18480
2 3 16 21 33 70 80 110 18480
2 3 16 21 33 70 110 112 18480
2 3 16 21 33 72 99 112 11088
2 3 16 21 33 77 80 105 18480
2 3 16 21 33 77 80 110 18480
2 3 16 21 33 77 80 120 18480
2 3 16 21 33 77 84 112 3696
2 3 16 21 33 77 88 112 3696
2 3 16 21 33 80 84 110 18480
2 3 16 21 33 80 88 105 18480
2 3 16 21 33 80 105 110 18480
2 3 16 21 33 80 110 112 18480
2 3 16 21 33 84 88 112 3696
2 3 16 21 33 99 112 126 11088
2 3 16 21 33 105 110 112 18480
2 3 16 21 33 110 112 120 18480
2 3 16 21 34 35 48 85 28560
2 3 16 21 34 35 51 80 28560
2 3 16 21 34 35 68 80 28560
2 3 16 21 34 35 80 85 28560
2 3 16 21 34 35 80 102 28560
2 3 16 21 34 35 80 119 28560
2 3 16 21 34 35 85 112 28560
2 3 16 21 34 40 80 119 28560
2 3 16 21 34 40 85 112 28560
2 3 16 21 34 42 48 51 5712
2 3 16 21 34 42 48 68 5712
2 3 16 21 34 42 48 102 5712
2 3 16 21 34 42 48 119 5712
2 3 16 21 34 42 51 112 5712
2 3 16 21 34 42 68 112 5712
2 3 16 21 34 42 80 85 28560
2 3 16 21 34 42 102 112 5712
2 3 16 21 34 42 112 119 5712
2 3 16 21 34 48 51 56 5712
2 3 16 21 34 48 51 84 5712
2 3 16 21 34 48 51 112 5712
2 3 16 21 34 48 51 119 5712
2 3 16 21 34 48 56 68 5712
2 3 16 21 34 48 56 102 5712
2 3 16 21 34 48 56 119 5712
2 3 16 21 34 48 68 84 5712
2 3 16 21 34 48 68 112 5712
2 3 16 21 34 48 68 119 5712
2 3 16 21 34 48 70 85 28560
2 3 16 21 34 48 84 102 5712
2 3 16 21 34 48 84 119 5712
2 3 16 21 34 48 85 105 28560
2 3 16 21 34 48 102 112 5712
2 3 16 21 34 48 102 119 5712
2 3 16 21 34 48 112 119 5712
2 3 16 21 34 51 56 112 5712
2 3 16 21 34 51 68 112 5712
2 3 16 21 34 51 70 80 28560
2 3 16 21 34 51 80 105 28560
2 3 16 21 34 51 84 112 5712
2 3 16 21 34 51 102 112 5712
2 3 16 21 34 51 112 119 5712
2 3 16 21 34 56 68 112 5712
2 3 16 21 34 56 80 85 28560
2 3 16 21 34 56 102 112 5712
2 3 16 21 34 56 112 119 5712
2 3 16 21 34 60 80 119 28560
2 3 16 21 34 60 85 112 28560
2 3 16 21 34 68 70 80 28560
2 3 16 21 34 68 80 105 28560
2 3 16 21 34 68 84 112 5712
2 3 16 21 34 68 102 112 5712
2 3 16 21 34 68 112 119 5712
2 3 16 21 34 70 80 85 28560
2 3 16 21 34 70 80 102 28560
2 3 16 21 34 70 80 119 28560
2 3 16 21 34 70 85 112 28560
2 3 16 21 34 80 84 85 28560
2 3 16 21 34 80 85 105 28560
2 3 16 21 34 80 85 112 28560
2 3 16 21 34 80 85 119 28560
2 3 16 21 34 80 102 105 28560
2 3 16 21 34 80 105 119 28560
2 3 16 21 34 80 119 120 28560
2 3 16 21 34 84 102 112 5712
2 3 16 21 34 84 112 119 5712
2 3 16 21 34 85 105 112 28560
2 3 16 21 34 85 112 120 28560
2 3 16 21 35 36 45 48 5040
2 3 16 21 35 36 45 80 5040
2 3 16 21 35 36 45 112 5040
2 3 16 21 35 36 48 90 5040
2 3 16 21 35 36 63 80 5040
2 3 16 21 35 36 72 80 5040
2 3 16 21 35 36 80 90 5040
2 3 16 21 35 36 80 126 5040
2 3 16 21 35 36 90 112 5040
2 3 16 21 35 37 74 80 62160
2 3 16 21 35 37 80 111 62160
2 3 16 21 35 38 48 95 31920
2 3 16 21 35 38 57 80 31920
2 3 16 21 35 38 76 80 31920
2 3 16 21 35 38 80 95 31920
2 3 16 21 35 38 80 114 31920
2 3 16 21 35 38 95 112 31920
2 3 16 21 35 39 48 65 21840
2 3 16 21 35 39 52 80 21840
2 3 16 21 35 39 65 80 21840
2 3 16 21 35 39 65 112 21840
2 3 16 21 35 39 78 80 21840
2 3 16 21 35 39 80 91 21840
2 3 16 21 35 39 80 104 21840
2 3 16 21 35 40 42 48 1680
2 3 16 21 35 40 42 80 1680
2 3 16 21 35 40 42 112 1680
2 3 16 21 35 40 48 56 1680
2 3 16 21 35 40 48 60 1680
2 3 16 21 35 40 48 70 1680
2 3 16 21 35 40 48 80 1680
2 3 16 21 35 40 48 84 1680
2 3 16 21 35 40 48 105 1680
2 3 16 21 35 40 48 112 1680
2 3 16 21 35 40 48 120 1680
2 3 16 21 35 40 56 80 1680
2 3 16 21 35 40 56 112 1680
2 3 16 21 35 40 60 80 1680
2 3 16 21 35 40 60 112 1680
2 3 16 21 35 40 70 80 1680
2 3 16 21 35 40 70 112 1680
2 3 16 21 35 40 80 84 1680
2 3 16 21 35 40 80 105 1680
2 3 16 21 35 40 80 112 1680
2 3 16 21 35 40 80 120 1680
2 3 16 21 35 40 84 112 1680
2 3 16 21 35 40 105 112 1680
2 3 16 21 35 40 112 120 1680
2 3 16 21 35 41 80 82 68880
2 3 16 21 35 41 80 123 68880
2 3 16 21 35 42 48 60 1680
2 3 16 21 35 42 48 70 1680
2 3 16 21 35 42 48 80 1680
2 3 16 21 35 42 48 105 1680
2 3 16 21 35 42 48 120 1680
2 3 16 21 35 42 56 80 1680
2 3 16 21 35 42 60 80 1680
2 3 16 21 35 42 60 112 1680
2 3 16 21 35 42 70 80 1680
2 3 16 21 35 42 70 112 1680
2 3 16 21 35 42 80 84 1680
2 3 16 21 35 42 80 105 1680
2 3 16 21 35 42 80 112 1680
2 3 16 21 35 42 80 120 1680
2 3 16 21 35 42 105 112 1680
2 3 16 21 35 42 112 120 1680
2 3 16 21 35 43 80 86 72240
2 3 16 21 35 44 48 55 18480
2 3 16 21 35 44 48 110 18480
2 3 16 21 35 44 55 80 18480
2 3 16 21 35 44 55 112 18480
2 3 16 21 35 44 66 80 18480
2 3 16 21 35 44 77 80 18480
2 3 16 21 35 44 80 88 18480
2 3 16 21 35 44 80 110 18480
2 3 16 21 35 44 110 112 18480
2 3 16 21 35 45 48 63 5040
2 3 16 21 35 45 48 72 5040
2 3 16 21 35 45 48 90 5040
2 3 16 21 35 45 48 126 5040
2 3 16 21 35 45 63 80 5040
2 3 16 21 35 45 63 112 5040
2 3 16 21 35 45 72 80 5040
2 3 16 21 35 45 72 112 5040
2 3 16 21 35 45 80 90 5040
2 3 16 21 35 45 80 126 5040
2 3 16 21 35 45 90 112 5040
2 3 16 21 35 45 112 126 5040
2 3 16 21 35 46 48 115 38640
2 3 16 21 35 46 69 80 38640
2 3 16 21 35 46 80 92 38640
2 3 16 21 35 46 80 115 38640
2 3 16 21 35 46 112 115 38640
2 3 16 21 35 47 80 94 78960
2 3 16 21 35 48 50 75 8400
2 3 16 21 35 48 50 100 8400
2 3 16 21 35 48 51 85 28560
2 3 16 21 35 48 52 65 21840
2 3 16 21 35 48 55 66 18480
2 3 16 21 35 48 55 77 18480
2 3 16 21 35 48 55 88 18480
2 3 16 21 35 48 55 110 18480
2 3 16 21 35 48 56 60 1680
2 3 16 21 35 48 56 70 1680
2 3 16 21 35 48 56 80 1680
2 3 16 21 35 48 56 105 1680
2 3 16 21 35 48 56 120 1680
2 3 16 21 35 48 57 95 31920
2 3 16 21 35 48 60 70 1680
2 3 16 21 35 48 60 80 1680
2 3 16 21 35 48 60 84 1680
2 3 16 21 35 48 60 105 1680
2 3 16 21 35 48 60 112 1680
2 3 16 21 35 48 60 120 1680
2 3 16 21 35 48 63 90 5040
2 3 16 21 35 48 65 78 21840
2 3 16 21 35 48 65 91 21840
2 3 16 21 35 48 65 104 21840
2 3 16 21 35 48 66 110 18480
2 3 16 21 35 48 68 85 28560
2 3 16 21 35 48 69 115 38640
2 3 16 21 35 48 70 80 1680
2 3 16 21 35 48 70 84 1680
2 3 16 21 35 48 70 105 1680
2 3 16 21 35 48 70 112 1680
2 3 16 21 35 48 70 120 1680
2 3 16 21 35 48 72 90 5040
2 3 16 21 35 48 75 100 8400
2 3 16 21 35 48 76 95 31920
2 3 16 21 35 48 77 110 18480
2 3 16 21 35 48 80 84 1680
2 3 16 21 35 48 80 105 1680
2 3 16 21 35 48 80 112 1680
2 3 16 21 35 48 80 120 1680
2 3 16 21 35 48 84 105 1680
2 3 16 21 35 48 84 120 1680
2 3 16 21 35 48 85 102 28560
2 3 16 21 35 48 85 119 28560
2 3 16 21 35 48 88 110 18480
2 3 16 21 35 48 90 126 5040
2 3 16 21 35 48 92 115 38640
2 3 16 21 35 48 95 114 31920
2 3 16 21 35 48 105 112 1680
2 3 16 21 35 48 105 120 1680
2 3 16 21 35 48 112 120 1680
2 3 16 21 35 49 80 98 11760
2 3 16 21 35 50 75 80 8400
2 3 16 21 35 50 75 112 8400
2 3 16 21 35 50 80 100 8400
2 3 16 21 35 50 100 112 8400
2 3 16 21 35 51 68 80 28560
2 3 16 21 35 51 80 85 28560
2 3 16 21 35 51 80 102 28560
2 3 16 21 35 51 80 119 28560
2 3 16 21 35 51 85 112 28560
2 3 16 21 35 52 65 80 21840
2 3 16 21 35 52 65 112 21840
2 3 16 21 35 52 78 80 21840
2 3 16 21 35 52 80 91 21840
2 3 16 21 35 52 80 104 21840
2 3 16 21 35 53 80 106 89040
2 3 16 21 35 54 80 108 15120
2 3 16 21 35 55 66 80 18480
2 3 16 21 35 55 66 112 18480
2 3 16 21 35 55 77 80 18480
2 3 16 21 35 55 77 112 18480
2 3 16 21 35 55 80 88 18480
2 3 16 21 35 55 80 110 18480
2 3 16 21 35 55 88 112 18480
2 3 16 21 35 55 110 112 18480
2 3 16 21 35 56 60 80 1680
2 3 16 21 35 56 60 112 1680
2 3 16 21 35 56 70 80 1680
2 3 16 21 35 56 70 112 1680
2 3 16 21 35 56 80 84 1680
2 3 16 21 35 56 80 105 1680
2 3 16 21 35 56 80 112 1680
2 3 16 21 35 56 80 120 1680
2 3 16 21 35 56 105 112 1680
2 3 16 21 35 56 112 120 1680
2 3 16 21 35 57 76 80 31920
2 3 16 21 35 57 80 95 31920
2 3 16 21 35 57 80 114 31920
2 3 16 21 35 57 95 112 31920
2 3 16 21 35 58 80 87 48720
2 3 16 21 35 58 80 116 48720
2 3 16 21 35 59 80 118 99120
2 3 16 21 35 60 70 80 1680
2 3 16 21 35 60 70 112 1680
2 3 16 21 35 60 80 84 1680
2 3 16 21 35 60 80 105 1680
2 3 16 21 35 60 80 112 1680
2 3 16 21 35 60 80 120 1680
2 3 16 21 35 60 84 112 1680
2 3 16 21 35 60 105 112 1680
2 3 16 21 35 60 112 120 1680
2 3 16 21 35 61 80 122 102480
2 3 16 21 35 62 80 93 52080
2 3 16 21 35 62 80 124 52080
2 3 16 21 35 63 72 80 5040
2 3 16 21 35 63 80 90 5040
2 3 16 21 35 63 80 126 5040
2 3 16 21 35 63 90 112 5040
2 3 16 21 35 65 78 80 21840
2 3 16 21 35 65 78 112 21840
2 3 16 21 35 65 80 91 21840
2 3 16 21 35 65 80 104 21840
2 3 16 21 35 65 91 112 21840
2 3 16 21 35 65 104 112 21840
2 3 16 21 35 66 77 80 18480
2 3 16 21 35 66 80 88 18480
2 3 16 21 35 66 80 110 18480
2 3 16 21 35 66 110 112 18480
2 3 16 21 35 68 80 85 28560
2 3 16 21 35 68 80 102 28560
2 3 16 21 35 68 80 119 28560
2 3 16 21 35 68 85 112 28560
2 3 16 21 35 69 80 92 38640
2 3 16 21 35 69 80 115 38640
2 3 16 21 35 69 112 115 38640
2 3 16 21 35 70 80 84 1680
2 3 16 21 35 70 80 105 1680
2 3 16 21 35 70 80 112 1680
2 3 16 21 35 70 80 120 1680
2 3 16 21 35 70 84 112 1680
2 3 16 21 35 70 105 112 1680
2 3 16 21 35 70 112 120 1680
2 3 16 21 35 72 80 90 5040
2 3 16 21 35 72 80 126 5040
2 3 16 21 35 72 90 112 5040
2 3 16 21 35 74 80 111 62160
2 3 16 21 35 75 80 100 8400
2 3 16 21 35 75 100 112 8400
2 3 16 21 35 76 80 95 31920
2 3 16 21 35 76 80 114 31920
2 3 16 21 35 76 95 112 31920
2 3 16 21 35 77 80 88 18480
2 3 16 21 35 77 80 110 18480
2 3 16 21 35 77 110 112 18480
2 3 16 21 35 78 80 91 21840
2 3 16 21 35 78 80 104 21840
2 3 16 21 35 80 82 123 68880
2 3 16 21 35 80 84 105 1680
2 3 16 21 35 80 84 112 1680
2 3 16 21 35 80 84 120 1680
2 3 16 21 35 80 85 102 28560
2 3 16 21 35 80 85 119 28560
2 3 16 21 35 80 87 116 48720
2 3 16 21 35 80 88 110 18480
2 3 16 21 35 80 90 126 5040
2 3 16 21 35 80 91 104 21840
2 3 16 21 35 80 92 115 38640
2 3 16 21 35 80 93 124 52080
2 3 16 21 35 80 95 114 31920
2 3 16 21 35 80 102 119 28560
2 3 16 21 35 80 105 112 1680
2 3 16 21 35 80 105 120 1680
2 3 16 21 35 80 112 120 1680
2 3 16 21 35 84 105 112 1680
2 3 16 21 35 84 112 120 1680
2 3 16 21 35 85 102 112 28560
2 3 16 21 35 85 112 119 28560
2 3 16 21 35 88 110 112 18480
2 3 16 21 35 92 112 115 38640
2 3 16 21 35 95 112 114 31920
2 3 16 21 36 39 112 117 13104
2 3 16 21 36 40 45 112 5040
2 3 16 21 36 40 63 80 5040
2 3 16 21 36 40 80 126 5040
2 3 16 21 36 40 90 112 5040
2 3 16 21 36 42 45 80 5040
2 3 16 21 36 42 48 63 1008
2 3 16 21 36 42 48 72 1008
2 3 16 21 36 42 48 126 1008
2 3 16 21 36 42 63 112 1008
2 3 16 21 36 42 72 112 1008
2 3 16 21 36 42 80 90 5040
2 3 16 21 36 42 112 126 1008
2 3 16 21 36 44 99 112 11088
2 3 16 21 36 45 48 70 5040
2 3 16 21 36 45 48 105 5040
2 3 16 21 36 45 56 80 5040
2 3 16 21 36 45 60 112 5040
2 3 16 21 36 45 63 80 5040
2 3 16 21 36 45 70 80 5040
2 3 16 21 36 45 70 112 5040
2 3 16 21 36 45 80 84 5040
2 3 16 21 36 45 80 105 5040
2 3 16 21 36 45 80 112 5040
2 3 16 21 36 45 80 126 5040
2 3 16 21 36 45 90 112 5040
2 3 16 21 36 45 105 112 5040
2 3 16 21 36 45 112 120 5040
2 3 16 21 36 48 56 63 1008
2 3 16 21 36 48 56 72 1008
2 3 16 21 36 48 56 126 1008
2 3 16 21 36 48 63 72 1008
2 3 16 21 36 48 63 84 1008
2 3 16 21 36 48 63 112 1008
2 3 16 21 36 48 63 126 1008
2 3 16 21 36 48 70 90 5040
2 3 16 21 36 48 72 84 1008
2 3 16 21 36 48 72 112 1008
2 3 16 21 36 48 72 126 1008
2 3 16 21 36 48 77 99 11088
2 3 16 21 36 48 84 126 1008
2 3 16 21 36 48 90 105 5040
2 3 16 21 36 48 91 117 13104
2 3 16 21 36 48 112 126 1008
2 3 16 21 36 52 112 117 13104
2 3 16 21 36 54 108 112 3024
2 3 16 21 36 56 63 112 1008
2 3 16 21 36 56 72 112 1008
2 3 16 21 36 56 80 90 5040
2 3 16 21 36 56 112 126 1008
2 3 16 21 36 60 63 80 5040
2 3 16 21 36 60 80 126 5040
2 3 16 21 36 60 90 112 5040
2 3 16 21 36 63 70 80 5040
2 3 16 21 36 63 72 112 1008
2 3 16 21 36 63 80 90 5040
2 3 16 21 36 63 80 105 5040
2 3 16 21 36 63 80 120 5040
2 3 16 21 36 63 84 112 1008
2 3 16 21 36 63 112 126 1008
2 3 16 21 36 66 99 112 11088
2 3 16 21 36 70 72 80 5040
2 3 16 21 36 70 80 90 5040
2 3 16 21 36 70 80 126 5040
2 3 16 21 36 70 90 112 5040
2 3 16 21 36 72 80 105 5040
2 3 16 21 36 72 84 112 1008
2 3 16 21 36 72 112 126 1008
2 3 16 21 36 77 99 112 11088
2 3 16 21 36 78 112 117 13104
2 3 16 21 36 80 84 90 5040
2 3 16 21 36 80 90 105 5040
2 3 16 21 36 80 90 112 5040
2 3 16 21 36 80 90 126 5040
2 3 16 21 36 80 105 126 5040
2 3 16 21 36 88 99 112 11088
2 3 16 21 36 90 105 112 5040
2 3 16 21 37 42 48 74 12432
2 3 16 21 37 42 48 111 12432
2 3 16 21 37 42 74 112 12432
2 3 16 21 37 42 111 112 12432
2 3 16 21 37 48 56 74 12432
2 3 16 21 37 48 56 111 12432
2 3 16 21 37 48 74 84 12432
2 3 16 21 37 48 74 112 12432
2 3 16 21 37 48 84 111 12432
2 3 16 21 37 48 111 112 12432
2 3 16 21 37 56 74 112 12432
2 3 16 21 37 56 111 112 12432
2 3 16 21 37 70 74 80 62160
2 3 16 21 37 70 80 111 62160
2 3 16 21 37 74 80 105 62160
2 3 16 21 37 74 84 112 12432
2 3 16 21 37 74 111 112 12432
2 3 16 21 37 80 105 111 62160
2 3 16 21 37 84 111 112 12432
2 3 16 21 38 40 95 112 31920
2 3 16 21 38 42 48 57 6384
2 3 16 21 38 42 48 76 6384
2 3 16 21 38 42 48 114 6384
2 3 16 21 38 42 57 112 6384
2 3 16 21 38 42 76 112 6384
2 3 16 21 38 42 80 95 31920
2 3 16 21 38 42 112 114 6384
2 3 16 21 38 48 56 57 6384
2 3 16 21 38 48 56 76 6384
2 3 16 21 38 48 56 114 6384
2 3 16 21 38 48 57 84 6384
2 3 16 21 38 48 57 112 6384
2 3 16 21 38 48 70 95 31920
2 3 16 21 38 48 76 84 6384
2 3 16 21 38 48 76 112 6384
2 3 16 21 38 48 84 114 6384
2 3 16 21 38 48 95 105 31920
2 3 16 21 38 48 112 114 6384
2 3 16 21 38 56 57 112 6384
2 3 16 21 38 56 76 112 6384
2 3 16 21 38 56 80 95 31920
2 3 16 21 38 56 112 114 6384
2 3 16 21 38 57 70 80 31920
2 3 16 21 38 57 76 112 6384
2 3 16 21 38 57 80 105 31920
2 3 16 21 38 57 84 112 6384
2 3 16 21 38 57 112 114 6384
2 3 16 21 38 60 95 112 31920
2 3 16 21 38 70 76 80 31920
2 3 16 21 38 70 80 95 31920
2 3 16 21 38 70 80 114 31920
2 3 16 21 38 70 95 112 31920
2 3 16 21 38 76 80 105 31920
2 3 16 21 38 76 84 112 6384
2 3 16 21 38 76 112 114 6384
2 3 16 21 38 80 84 95 31920
2 3 16 21 38 80 95 105 31920
2 3 16 21 38 80 95 112 31920
2 3 16 21 38 80 105 114 31920
2 3 16 21 39 40 65 112 21840
2 3 16 21 39 40 80 91 21840
2 3 16 21 39 42 48 52 4368
2 3 16 21 39 42 48 78 4368
2 3 16 21 39 42 48 91 4368
2 3 16 21 39 42 48 104 4368
2 3 16 21 39 42 52 112 4368
2 3 16 21 39 42 65 80 21840
2 3 16 21 39 42 78 112 4368
2 3 16 21 39 42 91 112 4368
2 3 16 21 39 42 104 112 4368
2 3 16 21 39 48 52 56 4368
2 3 16 21 39 48 52 84 4368
2 3 16 21 39 48 52 91 4368
2 3 16 21 39 48 52 112 4368
2 3 16 21 39 48 56 78 4368
2 3 16 21 39 48 56 91 4368
2 3 16 21 39 48 56 104 4368
2 3 16 21 39 48 63 117 13104
2 3 16 21 39 48 65 70 21840
2 3 16 21 39 48 65 105 21840
2 3 16 21 39 48 78 84 4368
2 3 16 21 39 48 78 91 4368
2 3 16 21 39 48 78 112 4368
2 3 16 21 39 48 84 91 4368
2 3 16 21 39 48 84 104 4368
2 3 16 21 39 48 91 104 4368
2 3 16 21 39 48 91 112 4368
2 3 16 21 39 48 104 112 4368
2 3 16 21 39 48 117 126 13104
2 3 16 21 39 52 56 112 4368
2 3 16 21 39 52 70 80 21840
2 3 16 21 39 52 78 112 4368
2 3 16 21 39 52 80 105 21840
2 3 16 21 39 52 84 112 4368
2 3 16 21 39 52 91 112 4368
2 3 16 21 39 52 104 112 4368
2 3 16 21 39 56 65 80 21840
2 3 16 21 39 56 78 112 4368
2 3 16 21 39 56 91 112 4368
2 3 16 21 39 56 104 112 4368
2 3 16 21 39 60 65 112 21840
2 3 16 21 39 60 80 91 21840
2 3 16 21 39 63 112 117 13104
2 3 16 21 39 65 70 80 21840
2 3 16 21 39 65 70 112 21840
2 3 16 21 39 65 80 84 21840
2 3 16 21 39 65 80 91 21840
2 3 16 21 39 65 80 105 21840
2 3 16 21 39 65 80 112 21840
2 3 16 21 39 65 105 112 21840
2 3 16 21 39 65 112 120 21840
2 3 16 21 39 70 78 80 21840
2 3 16 21 39 70 80 91 21840
2 3 16 21 39 70 80 104 21840
2 3 16 21 39 72 112 117 13104
2 3 16 21 39 78 80 105 21840
2 3 16 21 39 78 84 112 4368
2 3 16 21 39 78 91 112 4368
2 3 16 21 39 78 104 112 4368
2 3 16 21 39 80 91 105 21840
2 3 16 21 39 80 91 120 21840
2 3 16 21 39 80 104 105 21840
2 3 16 21 39 84 91 112 4368
2 3 16 21 40 42 48 60 1680
2 3 16 21 40 42 48 70 1680
2 3 16 21 40 42 48 80 1680
2 3 16 21 40 42 48 105 1680
2 3 16 21 40 42 48 120 1680
2 3 16 21 40 42 56 80 1680
2 3 16 21 40 42 60 80 1680
2 3 16 21 40 42 60 112 1680
2 3 16 21 40 42 70 80 1680
2 3 16 21 40 42 70 112 1680
2 3 16 21 40 42 80 84 1680
2 3 16 21 40 42 80 105 1680
2 3 16 21 40 42 80 112 1680
2 3 16 21 40 42 80 120 1680
2 3 16 21 40 42 105 112 1680
2 3 16 21 40 42 112 120 1680
2 3 16 21 40 44 55 112 18480
2 3 16 21 40 44 77 80 18480
2 3 16 21 40 44 110 112 18480
2 3 16 21 40 45 48 63 5040
2 3 16 21 40 45 48 126 5040
2 3 16 21 40 45 63 80 5040
2 3 16 21 40 45 63 112 5040
2 3 16 21 40 45 72 112 5040
2 3 16 21 40 45 80 126 5040
2 3 16 21 40 45 90 112 5040
2 3 16 21 40 45 112 126 5040
2 3 16 21 40 46 112 115 38640
2 3 16 21 40 48 55 77 18480
2 3 16 21 40 48 56 60 1680
2 3 16 21 40 48 56 70 1680
2 3 16 21 40 48 56 80 1680
2 3 16 21 40 48 56 105 1680
2 3 16 21 40 48 56 120 1680
2 3 16 21 40 48 60 70 1680
2 3 16 21 40 48 60 84 1680
2 3 16 21 40 48 60 105 1680
2 3 16 21 40 48 60 112 1680
2 3 16 21 40 48 63 90 5040
2 3 16 21 40 48 65 91 21840
2 3 16 21 40 48 70 80 1680
2 3 16 21 40 48 70 84 1680
2 3 16 21 40 48 70 105 1680
2 3 16 21 40 48 70 112 1680
2 3 16 21 40 48 70 120 1680
2 3 16 21 40 48 77 110 18480
2 3 16 21 40 48 80 84 1680
2 3 16 21 40 48 80 105 1680
2 3 16 21 40 48 80 112 1680
2 3 16 21 40 48 84 105 1680
2 3 16 21 40 48 84 120 1680
2 3 16 21 40 48 85 119 28560
2 3 16 21 40 48 90 126 5040
2 3 16 21 40 48 105 112 1680
2 3 16 21 40 48 105 120 1680
2 3 16 21 40 48 112 120 1680
2 3 16 21 40 49 80 98 11760
2 3 16 21 40 50 75 112 8400
2 3 16 21 40 50 100 112 8400
2 3 16 21 40 51 80 119 28560
2 3 16 21 40 51 85 112 28560
2 3 16 21 40 52 65 112 21840
2 3 16 21 40 52 80 91 21840
2 3 16 21 40 55 66 112 18480
2 3 16 21 40 55 77 80 18480
2 3 16 21 40 55 77 112 18480
2 3 16 21 40 55 88 112 18480
2 3 16 21 40 55 110 112 18480
2 3 16 21 40 56 60 80 1680
2 3 16 21 40 56 60 112 1680
2 3 16 21 40 56 70 80 1680
2 3 16 21 40 56 70 112 1680
2 3 16 21 40 56 80 84 1680
2 3 16 21 40 56 80 105 1680
2 3 16 21 40 56 80 112 1680
2 3 16 21 40 56 80 120 1680
2 3 16 21 40 56 105 112 1680
2 3 16 21 40 56 112 120 1680
2 3 16 21 40 57 95 112 31920
2 3 16 21 40 60 70 80 1680
2 3 16 21 40 60 70 112 1680
2 3 16 21 40 60 80 84 1680
2 3 16 21 40 60 80 105 1680
2 3 16 21 40 60 80 112 1680
2 3 16 21 40 60 84 112 1680
2 3 16 21 40 60 105 112 1680
2 3 16 21 40 60 112 120 1680
2 3 16 21 40 63 72 80 5040
2 3 16 21 40 63 80 90 5040
2 3 16 21 40 63 80 126 5040
2 3 16 21 40 63 90 112 5040
2 3 16 21 40 65 78 112 21840
2 3 16 21 40 65 80 91 21840
2 3 16 21 40 65 91 112 21840
2 3 16 21 40 65 104 112 21840
2 3 16 21 40 66 77 80 18480
2 3 16 21 40 66 110 112 18480
2 3 16 21 40 68 80 119 28560
2 3 16 21 40 68 85 112 28560
2 3 16 21 40 69 112 115 38640
2 3 16 21 40 70 80 84 1680
2 3 16 21 40 70 80 105 1680
2 3 16 21 40 70 80 112 1680
2 3 16 21 40 70 80 120 1680
2 3 16 21 40 70 84 112 1680
2 3 16 21 40 70 105 112 1680
2 3 16 21 40 72 80 126 5040
2 3 16 21 40 72 90 112 5040
2 3 16 21 40 75 100 112 8400
2 3 16 21 40 76 95 112 31920
2 3 16 21 40 77 80 88 18480
2 3 16 21 40 77 80 110 18480
2 3 16 21 40 78 80 91 21840
2 3 16 21 40 80 84 105 1680
2 3 16 21 40 80 84 112 1680
2 3 16 21 40 80 84 120 1680
2 3 16 21 40 80 85 119 28560
2 3 16 21 40 80 91 104 21840
2 3 16 21 41 42 48 82 13776
2 3 16 21 41 42 48 123 13776
2 3 16 21 41 42 82 112 13776
2 3 16 21 41 42 112 123 13776
2 3 16 21 41 48 56 82 13776
2 3 16 21 41 48 56 123 13776
2 3 16 21 41 48 82 84 13776
2 3 16 21 41 48 82 112 13776
2 3 16 21 41 48 84 123 13776
2 3 16 21 41 48 112 123 13776
2 3 16 21 41 56 82 112 13776
2 3 16 21 41 56 112 123 13776
2 3 16 21 41 70 80 82 68880
2 3 16 21 41 70 80 123 68880
2 3 16 21 41 80 82 105 68880
2 3 16 21 41 82 84 112 13776
2 3 16 21 42 43 48 86 14448
2 3 16 21 42 43 86 112 14448
2 3 16 21 42 44 48 66 3696
2 3 16 21 42 44 48 77 3696
2 3 16 21 42 44 48 88 3696
2 3 16 21 42 44 55 80 18480
2 3 16 21 42 44 66 112 3696
2 3 16 21 42 44 77 112 3696
2 3 16 21 42 44 80 110 18480
2 3 16 21 42 44 88 112 3696
2 3 16 21 42 45 48 90 5040
2 3 16 21 42 45 63 80 5040
2 3 16 21 42 45 72 80 5040
2 3 16 21 42 45 80 90 5040
2 3 16 21 42 45 80 126 5040
2 3 16 21 42 45 90 112 5040
2 3 16 21 42 46 48 69 7728
2 3 16 21 42 46 48 92 7728
2 3 16 21 42 46 69 112 7728
2 3 16 21 42 46 80 115 38640
2 3 16 21 42 46 92 112 7728
2 3 16 21 42 47 48 94 15792
2 3 16 21 42 47 94 112 15792
2 3 16 21 42 48 49 98 2352
2 3 16 21 42 48 50 75 8400
2 3 16 21 42 48 50 100 8400
2 3 16 21 42 48 51 68 5712
2 3 16 21 42 48 51 102 5712
2 3 16 21 42 48 51 119 5712
2 3 16 21 42 48 52 78 4368
2 3 16 21 42 48 52 91 4368
2 3 16 21 42 48 52 104 4368
2 3 16 21 42 48 53 106 17808
2 3 16 21 42 48 54 108 3024
2 3 16 21 42 48 55 110 18480
2 3 16 21 42 48 56 84 336
2 3 16 21 42 48 56 112 336
2 3 16 21 42 48 57 76 6384
2 3 16 21 42 48 57 114 6384
2 3 16 21 42 48 58 87 9744
2 3 16 21 42 48 58 116 9744
2 3 16 21 42 48 59 118 19824
2 3 16 21 42 48 60 70 1680
2 3 16 21 42 48 60 80 1680
2 3 16 21 42 48 60 105 1680
2 3 16 21 42 48 60 120 1680
2 3 16 21 42 48 61 122 20496
2 3 16 21 42 48 62 93 10416
2 3 16 21 42 48 62 124 10416
2 3 16 21 42 48 63 72 1008
2 3 16 21 42 48 63 126 1008
2 3 16 21 42 48 66 77 3696
2 3 16 21 42 48 66 88 3696
2 3 16 21 42 48 68 102 5712
2 3 16 21 42 48 68 119 5712
2 3 16 21 42 48 69 92 7728
2 3 16 21 42 48 70 80 1680
2 3 16 21 42 48 70 105 1680
2 3 16 21 42 48 70 120 1680
2 3 16 21 42 48 72 126 1008
2 3 16 21 42 48 74 111 12432
2 3 16 21 42 48 75 100 8400
2 3 16 21 42 48 76 114 6384
2 3 16 21 42 48 77 88 3696
2 3 16 21 42 48 78 91 4368
2 3 16 21 42 48 78 104 4368
2 3 16 21 42 48 80 105 1680
2 3 16 21 42 48 80 120 1680
2 3 16 21 42 48 82 123 13776
2 3 16 21 42 48 84 112 336
2 3 16 21 42 48 87 116 9744
2 3 16 21 42 48 91 104 4368
2 3 16 21 42 48 93 124 10416
2 3 16 21 42 48 102 119 5712
2 3 16 21 42 48 105 120 1680
2 3 16 21 42 49 98 112 2352
2 3 16 21 42 50 75 80 8400
2 3 16 21 42 50 75 112 8400
2 3 16 21 42 50 80 100 8400
2 3 16 21 42 50 100 112 8400
2 3 16 21 42 51 68 112 5712
2 3 16 21 42 51 80 85 28560
2 3 16 21 42 51 102 112 5712
2 3 16 21 42 51 112 119 5712
2 3 16 21 42 52 65 80 21840
2 3 16 21 42 52 78 112 4368
2 3 16 21 42 52 91 112 4368
2 3 16 21 42 52 104 112 4368
2 3 16 21 42 53 106 112 17808
2 3 16 21 42 54 108 112 3024
2 3 16 21 42 55 66 80 18480
2 3 16 21 42 55 77 80 18480
2 3 16 21 42 55 80 88 18480
2 3 16 21 42 55 80 110 18480
2 3 16 21 42 55 110 112 18480
2 3 16 21 42 56 60 80 1680
2 3 16 21 42 56 70 80 1680
2 3 16 21 42 56 80 105 1680
2 3 16 21 42 56 80 120 1680
2 3 16 21 42 56 84 112 336
2 3 16 21 42 57 76 112 6384
2 3 16 21 42 57 80 95 31920
2 3 16 21 42 57 112 114 6384
2 3 16 21 42 58 87 112 9744
2 3 16 21 42 58 112 116 9744
2 3 16 21 42 59 112 118 19824
2 3 16 21 42 60 70 80 1680
2 3 16 21 42 60 70 112 1680
2 3 16 21 42 60 80 84 1680
2 3 16 21 42 60 80 105 1680
2 3 16 21 42 60 80 112 1680
2 3 16 21 42 60 80 120 1680
2 3 16 21 42 60 105 112 1680
2 3 16 21 42 60 112 120 1680
2 3 16 21 42 61 112 122 20496
2 3 16 21 42 62 93 112 10416
2 3 16 21 42 62 112 124 10416
2 3 16 21 42 63 72 112 1008
2 3 16 21 42 63 80 90 5040
2 3 16 21 42 65 78 80 21840
2 3 16 21 42 65 80 91 21840
2 3 16 21 42 65 80 104 21840
2 3 16 21 42 66 77 112 3696
2 3 16 21 42 66 80 110 18480
2 3 16 21 42 66 88 112 3696
2 3 16 21 42 68 80 85 28560
2 3 16 21 42 68 102 112 5712
2 3 16 21 42 69 80 115 38640
2 3 16 21 42 69 92 112 7728
2 3 16 21 42 70 80 84 1680
2 3 16 21 42 70 80 105 1680
2 3 16 21 42 70 80 112 1680
2 3 16 21 42 70 80 120 1680
2 3 16 21 42 72 80 90 5040
2 3 16 21 42 75 80 100 8400
2 3 16 21 42 76 80 95 31920
2 3 16 21 42 77 80 110 18480
2 3 16 21 42 77 88 112 3696
2 3 16 21 42 80 84 105 1680
2 3 16 21 42 80 85 102 28560
2 3 16 21 42 80 88 110 18480
2 3 16 21 43 48 56 86 14448
2 3 16 21 43 48 84 86 14448
2 3 16 21 43 48 86 112 14448
2 3 16 21 43 56 86 112 14448
2 3 16 21 43 70 80 86 72240
2 3 16 21 43 80 86 105 72240
2 3 16 21 44 48 55 70 18480
2 3 16 21 44 48 55 105 18480
2 3 16 21 44 48 56 66 3696
2 3 16 21 44 48 56 77 3696
2 3 16 21 44 48 56 88 3696
2 3 16 21 44 48 63 99 11088
2 3 16 21 44 48 66 77 3696
2 3 16 21 44 48 66 84 3696
2 3 16 21 44 48 66 112 3696
2 3 16 21 44 48 70 110 18480
2 3 16 21 44 48 77 84 3696
2 3 16 21 44 48 77 88 3696
2 3 16 21 44 48 77 112 3696
2 3 16 21 44 48 84 88 3696
2 3 16 21 44 48 88 112 3696
2 3 16 21 44 48 99 126 11088
2 3 16 21 44 48 105 110 18480
2 3 16 21 44 55 56 80 18480
2 3 16 21 44 55 60 112 18480
2 3 16 21 44 55 70 80 18480
2 3 16 21 44 55 70 112 18480
2 3 16 21 44 55 77 80 18480
2 3 16 21 44 55 80 84 18480
2 3 16 21 44 55 80 105 18480
2 3 16 21 44 55 80 112 18480
2 3 16 21 44 55 105 112 18480
2 3 16 21 44 55 110 112 18480
2 3 16 21 44 55 112 120 18480
2 3 16 21 44 56 66 112 3696
2 3 16 21 44 56 77 112 3696
2 3 16 21 44 56 80 110 18480
2 3 16 21 44 56 88 112 3696
2 3 16 21 44 60 77 80 18480
2 3 16 21 44 60 110 112 18480
2 3 16 21 44 63 99 112 11088
2 3 16 21 44 66 70 80 18480
2 3 16 21 44 66 77 112 3696
2 3 16 21 44 66 80 105 18480
2 3 16 21 44 66 84 112 3696
2 3 16 21 44 66 88 112 3696
2 3 16 21 44 70 77 80 18480
2 3 16 21 44 70 80 88 18480
2 3 16 21 44 70 80 110 18480
2 3 16 21 44 77 80 105 18480
2 3 16 21 44 77 80 110 18480
2 3 16 21 45 48 56 90 5040
2 3 16 21 45 48 60 63 5040
2 3 16 21 45 48 60 126 5040
2 3 16 21 45 48 63 70 5040
2 3 16 21 45 48 63 80 5040
2 3 16 21 45 48 63 90 5040
2 3 16 21 45 48 63 105 5040
2 3 16 21 45 48 63 120 5040
2 3 16 21 45 48 70 72 5040
2 3 16 21 45 48 70 90 5040
2 3 16 21 45 48 70 126 5040
2 3 16 21 45 48 72 105 5040
2 3 16 21 45 48 80 126 5040
2 3 16 21 45 48 84 90 5040
2 3 16 21 45 48 90 105 5040
2 3 16 21 45 48 90 112 5040
2 3 16 21 45 48 90 126 5040
2 3 16 21 45 48 105 126 5040
2 3 16 21 45 48 120 126 5040
2 3 16 21 45 55 99 112 55440
2 3 16 21 45 56 63 80 5040
2 3 16 21 45 56 72 80 5040
2 3 16 21 45 56 80 90 5040
2 3 16 21 45 56 80 126 5040
2 3 16 21 45 56 90 112 5040
2 3 16 21 45 60 63 80 5040
2 3 16 21 45 60 63 112 5040
2 3 16 21 45 60 72 112 5040
2 3 16 21 45 60 80 126 5040
2 3 16 21 45 60 90 112 5040
2 3 16 21 45 63 70 80 5040
2 3 16 21 45 63 70 112 5040
2 3 16 21 45 63 72 80 5040
2 3 16 21 45 63 80 84 5040
2 3 16 21 45 63 80 90 5040
2 3 16 21 45 63 80 105 5040
2 3 16 21 45 63 80 112 5040
2 3 16 21 45 63 80 120 5040
2 3 16 21 45 63 80 126 5040
2 3 16 21 45 63 90 112 5040
2 3 16 21 45 70 72 80 5040
2 3 16 21 45 70 72 112 5040
2 3 16 21 45 70 80 90 5040
2 3 16 21 45 70 80 126 5040
2 3 16 21 45 72 80 84 5040
2 3 16 21 45 72 80 105 5040
2 3 16 21 45 72 80 112 5040
2 3 16 21 45 77 80 99 55440
2 3 16 21 45 80 84 90 5040
2 3 16 21 46 48 56 69 7728
2 3 16 21 46 48 56 92 7728
2 3 16 21 46 48 69 84 7728
2 3 16 21 46 48 69 112 7728
2 3 16 21 46 48 70 115 38640
2 3 16 21 46 48 84 92 7728
2 3 16 21 46 48 92 112 7728
2 3 16 21 46 48 105 115 38640
2 3 16 21 46 56 69 112 7728
2 3 16 21 46 56 80 115 38640
2 3 16 21 46 56 92 112 7728
2 3 16 21 46 69 70 80 38640
2 3 16 21 46 69 80 105 38640
2 3 16 21 46 69 84 112 7728
2 3 16 21 46 70 80 92 38640
2 3 16 21 46 70 80 115 38640
2 3 16 21 47 48 56 94 15792
2 3 16 21 47 48 84 94 15792
2 3 16 21 47 48 94 112 15792
2 3 16 21 47 56 94 112 15792
2 3 16 21 47 70 80 94 78960
2 3 16 21 48 49 56 98 2352
2 3 16 21 48 49 84 98 2352
2 3 16 21 48 49 98 112 2352
2 3 16 21 48 50 56 75 8400
2 3 16 21 48 50 56 100 8400
2 3 16 21 48 50 70 75 8400
2 3 16 21 48 50 70 100 8400
2 3 16 21 48 50 75 84 8400
2 3 16 21 48 50 75 105 8400
2 3 16 21 48 50 75 112 8400
2 3 16 21 48 50 84 100 8400
2 3 16 21 48 50 100 105 8400
2 3 16 21 48 50 100 112 8400
2 3 16 21 48 51 56 68 5712
2 3 16 21 48 51 56 102 5712
2 3 16 21 48 51 56 119 5712
2 3 16 21 48 51 68 84 5712
2 3 16 21 48 51 68 112 5712
2 3 16 21 48 51 68 119 5712
2 3 16 21 48 51 70 85 28560
2 3 16 21 48 51 84 102 5712
2 3 16 21 48 51 84 119 5712
2 3 16 21 48 51 85 105 28560
2 3 16 21 48 51 102 112 5712
2 3 16 21 48 51 102 119 5712
2 3 16 21 48 51 112 119 5712
2 3 16 21 48 52 56 78 4368
2 3 16 21 48 52 56 91 4368
2 3 16 21 48 52 56 104 4368
2 3 16 21 48 52 63 117 13104
2 3 16 21 48 52 65 70 21840
2 3 16 21 48 52 65 105 21840
2 3 16 21 48 52 78 84 4368
2 3 16 21 48 52 78 91 4368
2 3 16 21 48 52 78 112 4368
2 3 16 21 48 52 84 91 4368
2 3 16 21 48 52 84 104 4368
2 3 16 21 48 52 91 104 4368
2 3 16 21 48 52 91 112 4368
2 3 16 21 48 52 104 112 4368
2 3 16 21 48 53 56 106 17808
2 3 16 21 48 53 84 106 17808
2 3 16 21 48 53 106 112 17808
2 3 16 21 48 54 56 108 3024
2 3 16 21 48 54 63 108 3024
2 3 16 21 48 54 84 108 3024
2 3 16 21 48 54 108 112 3024
2 3 16 21 48 55 56 110 18480
2 3 16 21 48 55 60 77 18480
2 3 16 21 48 55 66 70 18480
2 3 16 21 48 55 66 105 18480
2 3 16 21 48 55 70 77 18480
2 3 16 21 48 55 70 88 18480
2 3 16 21 48 55 70 110 18480
2 3 16 21 48 55 77 80 18480
2 3 16 21 48 55 77 105 18480
2 3 16 21 48 55 77 110 18480
2 3 16 21 48 55 77 120 18480
2 3 16 21 48 55 84 110 18480
2 3 16 21 48 55 88 105 18480
2 3 16 21 48 55 105 110 18480
2 3 16 21 48 55 110 112 18480
2 3 16 21 48 56 57 76 6384
2 3 16 21 48 56 57 114 6384
2 3 16 21 48 56 58 87 9744
2 3 16 21 48 56 58 116 9744
2 3 16 21 48 56 59 118 19824
2 3 16 21 48 56 60 70 1680
2 3 16 21 48 56 60 80 1680
2 3 16 21 48 56 60 105 1680
2 3 16 21 48 56 60 120 1680
2 3 16 21 48 56 61 122 20496
2 3 16 21 48 56 62 93 10416
2 3 16 21 48 56 62 124 10416
2 3 16 21 48 56 63 72 1008
2 3 16 21 48 56 63 126 1008
2 3 16 21 48 56 66 77 3696
2 3 16 21 48 56 66 88 3696
2 3 16 21 48 56 68 102 5712
2 3 16 21 48 56 68 119 5712
2 3 16 21 48 56 69 92 7728
2 3 16 21 48 56 70 80 1680
2 3 16 21 48 56 70 105 1680
2 3 16 21 48 56 70 120 1680
2 3 16 21 48 56 72 126 1008
2 3 16 21 48 56 74 111 12432
2 3 16 21 48 56 75 100 8400
2 3 16 21 48 56 76 114 6384
2 3 16 21 48 56 77 88 3696
2 3 16 21 48 56 78 91 4368
2 3 16 21 48 56 78 104 4368
2 3 16 21 48 56 80 105 1680
2 3 16 21 48 56 80 120 1680
2 3 16 21 48 56 82 123 13776
2 3 16 21 48 56 84 112 336
2 3 16 21 48 56 87 116 9744
2 3 16 21 48 56 91 104 4368
2 3 16 21 48 56 93 124 10416
2 3 16 21 48 56 102 119 5712
2 3 16 21 48 57 70 95 31920
2 3 16 21 48 57 76 84 6384
2 3 16 21 48 57 76 112 6384
2 3 16 21 48 57 84 114 6384
2 3 16 21 48 57 95 105 31920
2 3 16 21 48 58 84 87 9744
2 3 16 21 48 58 84 116 9744
2 3 16 21 48 58 87 112 9744
2 3 16 21 48 59 84 118 19824
2 3 16 21 48 60 63 90 5040
2 3 16 21 48 60 65 91 21840
2 3 16 21 48 60 70 80 1680
2 3 16 21 48 60 70 84 1680
2 3 16 21 48 60 70 105 1680
2 3 16 21 48 60 70 112 1680
2 3 16 21 48 60 70 120 1680
2 3 16 21 48 60 77 110 18480
2 3 16 21 48 60 80 84 1680
2 3 16 21 48 60 80 105 1680
2 3 16 21 48 60 80 112 1680
2 3 16 21 48 60 84 105 1680
2 3 16 21 48 60 84 120 1680
2 3 16 21 48 60 85 119 28560
2 3 16 21 48 61 84 122 20496
2 3 16 21 48 62 84 93 10416
2 3 16 21 48 62 84 124 10416
2 3 16 21 48 62 93 112 10416
2 3 16 21 48 63 66 99 11088
2 3 16 21 48 63 70 90 5040
2 3 16 21 48 63 72 84 1008
2 3 16 21 48 63 72 112 1008
2 3 16 21 48 63 72 126 1008
2 3 16 21 48 63 77 99 11088
2 3 16 21 48 63 78 117 13104
2 3 16 21 48 63 80 90 5040
2 3 16 21 48 63 88 99 11088
2 3 16 21 48 63 90 105 5040
2 3 16 21 48 65 70 78 21840
2 3 16 21 48 65 70 91 21840
2 3 16 21 48 65 70 104 21840
2 3 16 21 48 65 78 105 21840
2 3 16 21 48 65 80 91 21840
2 3 16 21 48 65 91 105 21840
2 3 16 21 48 66 70 110 18480
2 3 16 21 48 66 77 84 3696
2 3 16 21 48 66 77 88 3696
2 3 16 21 48 66 77 112 3696
2 3 16 21 48 66 84 88 3696
2 3 16 21 48 68 70 85 28560
2 3 16 21 48 68 84 102 5712
2 3 16 21 48 68 85 105 28560
2 3 16 21 48 69 70 115 38640
2 3 16 21 48 69 84 92 7728
2 3 16 21 48 70 72 90 5040
2 3 16 21 48 70 75 100 8400
2 3 16 21 48 70 76 95 31920
2 3 16 21 48 70 77 110 18480
2 3 16 21 48 70 80 84 1680
2 3 16 21 48 70 80 105 1680
2 3 16 21 48 70 85 102 28560
2 3 16 21 48 72 77 99 11088
2 3 16 21 48 77 84 88 3696
2 3 16 21 49 56 98 112 2352
2 3 16 21 49 60 80 98 11760
2 3 16 21 49 70 80 98 11760
2 3 16 21 50 56 75 80 8400
2 3 16 21 50 56 75 112 8400
2 3 16 21 50 56 80 100 8400
2 3 16 21 50 56 100 112 8400
2 3 16 21 50 60 75 112 8400
2 3 16 21 50 70 75 80 8400
2 3 16 21 50 70 80 100 8400
2 3 16 21 50 75 80 84 8400
2 3 16 21 51 56 68 112 5712
2 3 16 21 51 56 80 85 28560
2 3 16 21 51 60 80 119 28560
2 3 16 21 51 60 85 112 28560
2 3 16 21 51 68 70 80 28560
2 3 16 21 51 70 80 85 28560
2 3 16 21 52 56 65 80 21840
2 3 16 21 52 56 78 112 4368
2 3 16 21 52 56 91 112 4368
2 3 16 21 52 60 65 112 21840
2 3 16 21 52 60 80 91 21840
2 3 16 21 52 65 70 80 21840
2 3 16 21 52 65 70 112 21840
2 3 16 21 52 65 80 84 21840
2 3 16 21 52 65 80 91 21840
2 3 16 21 52 65 80 105 21840
2 3 16 21 52 70 78 80 21840
2 3 16 21 52 70 80 91 21840
2 3 16 21 55 56 66 80 18480
2 3 16 21 55 56 77 80 18480
2 3 16 21 55 56 80 88 18480
2 3 16 21 55 56 80 110 18480
2 3 16 21 55 60 66 112 18480
2 3 16 21 55 60 77 80 18480
2 3 16 21 55 60 77 112 18480
2 3 16 21 55 63 80 99 55440
2 3 16 21 55 66 70 80 18480
2 3 16 21 55 66 77 80 18480
2 3 16 21 55 66 80 84 18480
2 3 16 21 55 70 77 80 18480
2 3 16 21 56 57 76 112 6384
2 3 16 21 56 57 80 95 31920
2 3 16 21 56 60 70 80 1680
2 3 16 21 56 60 70 112 1680
2 3 16 21 56 60 80 84 1680
2 3 16 21 56 63 80 90 5040
2 3 16 21 56 65 78 80 21840
2 3 16 21 56 65 80 91 21840
2 3 16 21 56 68 80 85 28560
2 3 16 21 57 70 76 80 31920
2 3 16 21 60 63 72 80 5040
2 3 16 21 60 66 77 80 18480
2 3 16 22 23 33 46 48 12144
2 3 16 22 23 33 48 69 12144
2 3 16 22 23 33 48 92 12144
2 3 16 22 23 33 80 115 60720
2 3 16 22 23 44 46 48 12144
2 3 16 22 23 44 48 69 12144
2 3 16 22 23 44 48 92 12144
2 3 16 22 23 46 48 66 12144
2 3 16 22 23 46 48 88 12144
2 3 16 22 23 48 55 115 60720
2 3 16 22 23 48 66 69 12144
2 3 16 22 23 48 66 92 12144
2 3 16 22 23 48 69 88 12144
2 3 16 22 23 48 88 92 12144
2 3 16 22 23 48 110 115 60720
2 3 16 22 23 55 69 80 60720
2 3 16 22 23 66 80 115 60720
2 3 16 22 23 69 77 112 85008
2 3 16 22 23 69 80 110 60720
2 3 16 22 24 28 33 112 3696
2 3 16 22 24 28 44 112 3696
2 3 16 22 24 28 48 77 3696
2 3 16 22 24 28 66 112 3696
2 3 16 22 24 28 77 112 3696
2 3 16 22 24 28 88 112 3696
2 3 16 22 24 30 33 80 2640
2 3 16 22 24 30 44 80 2640
2 3 16 22 24 30 48 55 2640
2 3 16 22 24 30 48 110 2640
2 3 16 22 24 30 55 80 2640
2 3 16 22 24 30 66 80 2640
2 3 16 22 24 30 80 88 2640
2 3 16 22 24 30 80 110 2640
2 3 16 22 24 32 33 96 1056
2 3 16 22 24 32 44 96 1056
2 3 16 22 24 32 66 96 1056
2 3 16 22 24 32 88 96 1056
2 3 16 22 24 33 40 80 2640
2 3 16 22 24 33 42 112 3696
2 3 16 22 24 33 44 48 528
2 3 16 22 24 33 48 66 528
2 3 16 22 24 33 48 88 528
2 3 16 22 24 33 55 80 2640
2 3 16 22 24 33 56 112 3696
2 3 16 22 24 33 60 80 2640
2 3 16 22 24 33 77 112 3696
2 3 16 22 24 33 80 110 2640
2 3 16 22 24 33 80 120 2640
2 3 16 22 24 33 84 112 3696
2 3 16 22 24 35 55 112 18480
2 3 16 22 24 35 77 80 18480
2 3 16 22 24 35 110 112 18480
2 3 16 22 24 36 48 99 1584
2 3 16 22 24 40 44 80 2640
2 3 16 22 24 40 48 55 2640
2 3 16 22 24 40 48 110 2640
2 3 16 22 24 40 55 80 2640
2 3 16 22 24 40 66 80 2640
2 3 16 22 24 40 80 88 2640
2 3 16 22 24 40 80 110 2640
2 3 16 22 24 42 44 112 3696
2 3 16 22 24 42 48 77 3696
2 3 16 22 24 42 66 112 3696
2 3 16 22 24 42 77 112 3696
2 3 16 22 24 42 88 112 3696
2 3 16 22 24 44 48 66 528
2 3 16 22 24 44 48 88 528
2 3 16 22 24 44 55 80 2640
2 3 16 22 24 44 56 112 3696
2 3 16 22 24 44 60 80 2640
2 3 16 22 24 44 77 112 3696
2 3 16 22 24 44 80 110 2640
2 3 16 22 24 44 80 120 2640
2 3 16 22 24 44 84 112 3696
2 3 16 22 24 45 80 99 7920
2 3 16 22 24 48 55 60 2640
2 3 16 22 24 48 55 80 2640
2 3 16 22 24 48 55 110 2640
2 3 16 22 24 48 55 120 2640
2 3 16 22 24 48 56 77 3696
2 3 16 22 24 48 60 110 2640
2 3 16 22 24 48 66 88 528
2 3 16 22 24 48 72 99 1584
2 3 16 22 24 48 77 84 3696
2 3 16 22 24 48 77 112 3696
2 3 16 22 24 48 80 110 2640
2 3 16 22 24 48 110 120 2640
2 3 16 22 24 55 60 80 2640
2 3 16 22 24 55 66 80 2640
2 3 16 22 24 55 70 112 18480
2 3 16 22 24 55 80 88 2640
2 3 16 22 24 55 80 110 2640
2 3 16 22 24 55 80 120 2640
2 3 16 22 24 55 105 112 18480
2 3 16 22 24 56 66 112 3696
2 3 16 22 24 56 77 112 3696
2 3 16 22 24 56 88 112 3696
2 3 16 22 24 60 66 80 2640
2 3 16 22 24 60 80 88 2640
2 3 16 22 24 60 80 110 2640
2 3 16 22 24 63 99 112 11088
2 3 16 22 24 66 77 112 3696
2 3 16 22 24 66 80 110 2640
2 3 16 22 24 66 80 120 2640
2 3 16 22 24 66 84 112 3696
2 3 16 22 24 70 77 80 18480
2 3 16 22 24 70 110 112 18480
2 3 16 22 24 77 80 105 18480
2 3 16 22 24 77 84 112 3696
2 3 16 22 24 77 88 112 3696
2 3 16 22 24 80 88 110 2640
2 3 16 22 24 80 88 120 2640
2 3 16 22 24 80 90 99 7920
2 3 16 22 24 80 110 120 2640
2 3 16 22 24 84 88 112 3696
2 3 16 22 24 99 112 126 11088
2 3 16 22 24 105 110 112 18480
2 3 16 22 25 33 48 50 13200
2 3 16 22 25 33 48 75 13200
2 3 16 22 25 33 48 100 13200
2 3 16 22 25 33 50 80 13200
2 3 16 22 25 33 75 80 13200
2 3 16 22 25 33 80 100 13200
2 3 16 22 25 44 48 50 13200
2 3 16 22 25 44 48 75 13200
2 3 16 22 25 44 48 100 13200
2 3 16 22 25 44 75 80 13200
2 3 16 22 25 48 50 55 13200
2 3 16 22 25 48 50 66 13200
2 3 16 22 25 48 50 88 13200
2 3 16 22 25 48 50 110 13200
2 3 16 22 25 48 55 75 13200
2 3 16 22 25 48 55 100 13200
2 3 16 22 25 48 66 75 13200
2 3 16 22 25 48 66 100 13200
2 3 16 22 25 48 75 88 13200
2 3 16 22 25 48 75 110 13200
2 3 16 22 25 48 88 100 13200
2 3 16 22 25 48 100 110 13200
2 3 16 22 25 50 66 80 13200
2 3 16 22 25 55 75 80 13200
2 3 16 22 25 66 75 80 13200
2 3 16 22 25 66 80 100 13200
2 3 16 22 25 75 77 112 92400
2 3 16 22 25 75 80 88 13200
2 3 16 22 25 75 80 110 13200
2 3 16 22 26 33 39 48 6864
2 3 16 22 26 33 48 52 6864
2 3 16 22 26 33 48 78 6864
2 3 16 22 26 33 48 104 6864
2 3 16 22 26 33 65 80 34320
2 3 16 22 26 33 91 112 48048
2 3 16 22 26 39 44 48 6864
2 3 16 22 26 39 48 66 6864
2 3 16 22 26 39 48 88 6864
2 3 16 22 26 39 55 80 34320
2 3 16 22 26 39 77 112 48048
2 3 16 22 26 39 80 110 34320
2 3 16 22 26 44 48 52 6864
2 3 16 22 26 44 48 78 6864
2 3 16 22 26 44 48 104 6864
2 3 16 22 26 48 52 66 6864
2 3 16 22 26 48 52 88 6864
2 3 16 22 26 48 55 65 34320
2 3 16 22 26 48 65 110 34320
2 3 16 22 26 48 66 78 6864
2 3 16 22 26 48 66 104 6864
2 3 16 22 26 48 77 91 48048
2 3 16 22 26 48 78 88 6864
2 3 16 22 26 48 88 104 6864
2 3 16 22 26 48 99 117 20592
2 3 16 22 26 55 78 80 34320
2 3 16 22 26 65 66 80 34320
2 3 16 22 26 66 91 112 48048
2 3 16 22 26 77 78 112 48048
2 3 16 22 26 78 80 110 34320
2 3 16 22 27 33 48 54 4752
2 3 16 22 27 33 48 108 4752
2 3 16 22 27 44 48 54 4752
2 3 16 22 27 44 48 108 4752
2 3 16 22 27 48 54 66 4752
2 3 16 22 27 48 54 88 4752
2 3 16 22 27 48 54 99 4752
2 3 16 22 27 48 66 108 4752
2 3 16 22 27 48 88 108 4752
2 3 16 22 27 48 99 108 4752
2 3 16 22 27 54 55 80 23760
2 3 16 22 27 54 77 112 33264
2 3 16 22 27 54 80 110 23760
2 3 16 22 27 55 80 108 23760
2 3 16 22 27 77 108 112 33264
2 3 16 22 27 80 108 110 23760
2 3 16 22 28 30 55 112 18480
2 3 16 22 28 30 77 80 18480
2 3 16 22 28 30 110 112 18480
2 3 16 22 28 32 77 96 7392
2 3 16 22 28 33 35 80 18480
2 3 16 22 28 33 42 48 3696
2 3 16 22 28 33 42 112 3696
2 3 16 22 28 33 44 112 3696
2 3 16 22 28 33 48 56 3696
2 3 16 22 28 33 48 77 3696
2 3 16 22 28 33 48 84 3696
2 3 16 22 28 33 48 112 3696
2 3 16 22 28 33 56 112 3696
2 3 16 22 28 33 66 112 3696
2 3 16 22 28 33 70 80 18480
2 3 16 22 28 33 77 112 3696
2 3 16 22 28 33 80 105 18480
2 3 16 22 28 33 84 112 3696
2 3 16 22 28 33 88 112 3696
2 3 16 22 28 35 48 55 18480
2 3 16 22 28 35 48 110 18480
2 3 16 22 28 35 66 80 18480
2 3 16 22 28 36 99 112 11088
2 3 16 22 28 42 44 48 3696
2 3 16 22 28 42 44 112 3696
2 3 16 22 28 42 48 66 3696
2 3 16 22 28 42 48 77 3696
2 3 16 22 28 42 48 88 3696
2 3 16 22 28 42 55 80 18480
2 3 16 22 28 42 66 112 3696
2 3 16 22 28 42 77 112 3696
2 3 16 22 28 42 80 110 18480
2 3 16 22 28 42 88 112 3696
2 3 16 22 28 44 48 56 3696
2 3 16 22 28 44 48 77 3696
2 3 16 22 28 44 48 84 3696
2 3 16 22 28 44 48 112 3696
2 3 16 22 28 44 66 112 3696
2 3 16 22 28 44 80 105 18480
2 3 16 22 28 44 84 112 3696
2 3 16 22 28 48 55 70 18480
2 3 16 22 28 48 55 105 18480
2 3 16 22 28 48 56 66 3696
2 3 16 22 28 48 56 77 3696
2 3 16 22 28 48 56 88 3696
2 3 16 22 28 48 63 99 11088
2 3 16 22 28 48 66 77 3696
2 3 16 22 28 48 66 84 3696
2 3 16 22 28 48 66 112 3696
2 3 16 22 28 48 70 110 18480
2 3 16 22 28 48 77 84 3696
2 3 16 22 28 48 77 88 3696
2 3 16 22 28 48 77 112 3696
2 3 16 22 28 48 84 88 3696
2 3 16 22 28 48 88 112 3696
2 3 16 22 28 48 99 126 11088
2 3 16 22 28 48 105 110 18480
2 3 16 22 28 55 60 112 18480
2 3 16 22 28 55 80 84 18480
2 3 16 22 28 55 80 105 18480
2 3 16 22 28 55 105 112 18480
2 3 16 22 28 55 112 120 18480
2 3 16 22 28 56 66 112 3696
2 3 16 22 28 60 77 80 18480
2 3 16 22 28 60 110 112 18480
2 3 16 22 28 63 99 112 11088
2 3 16 22 28 66 70 80 18480
2 3 16 22 28 66 77 112 3696
2 3 16 22 28 66 80 105 18480
2 3 16 22 28 66 84 112 3696
2 3 16 22 28 66 88 112 3696
2 3 16 22 28 72 99 112 11088
2 3 16 22 28 77 80 105 18480
2 3 16 22 28 77 80 120 18480
2 3 16 22 28 77 84 112 3696
2 3 16 22 28 80 84 110 18480
2 3 16 22 28 80 88 105 18480
2 3 16 22 28 80 105 110 18480
2 3 16 22 28 84 88 112 3696
2 3 16 22 28 99 112 126 11088
2 3 16 22 28 105 110 112 18480
2 3 16 22 28 110 112 120 18480
2 3 16 22 29 33 48 58 15312
2 3 16 22 29 33 48 87 15312
2 3 16 22 29 33 48 116 15312
2 3 16 22 29 44 48 58 15312
2 3 16 22 29 44 48 87 15312
2 3 16 22 29 44 48 116 15312
2 3 16 22 29 48 58 66 15312
2 3 16 22 29 48 58 88 15312
2 3 16 22 29 48 66 87 15312
2 3 16 22 29 48 66 116 15312
2 3 16 22 29 48 87 88 15312
2 3 16 22 29 48 88 116 15312
2 3 16 22 29 55 80 87 76560
2 3 16 22 29 77 87 112 107184
2 3 16 22 29 80 87 110 76560
2 3 16 22 30 32 55 96 5280
2 3 16 22 30 32 96 110 5280
2 3 16 22 30 33 35 112 18480
2 3 16 22 30 33 40 48 2640
2 3 16 22 30 33 40 80 2640
2 3 16 22 30 33 44 80 2640
2 3 16 22 30 33 48 55 2640
2 3 16 22 30 33 48 60 2640
2 3 16 22 30 33 48 80 2640
2 3 16 22 30 33 48 110 2640
2 3 16 22 30 33 48 120 2640
2 3 16 22 30 33 55 80 2640
2 3 16 22 30 33 60 80 2640
2 3 16 22 30 33 66 80 2640
2 3 16 22 30 33 70 112 18480
2 3 16 22 30 33 80 88 2640
2 3 16 22 30 33 80 110 2640
2 3 16 22 30 33 80 120 2640
2 3 16 22 30 33 105 112 18480
2 3 16 22 30 35 44 112 18480
2 3 16 22 30 35 48 77 18480
2 3 16 22 30 35 55 112 18480
2 3 16 22 30 35 66 112 18480
2 3 16 22 30 35 77 80 18480
2 3 16 22 30 35 77 112 18480
2 3 16 22 30 35 88 112 18480
2 3 16 22 30 35 110 112 18480
2 3 16 22 30 36 80 99 7920
2 3 16 22 30 40 44 48 2640
2 3 16 22 30 40 44 80 2640
2 3 16 22 30 40 48 55 2640
2 3 16 22 30 40 48 66 2640
2 3 16 22 30 40 48 88 2640
2 3 16 22 30 40 48 110 2640
2 3 16 22 30 40 55 80 2640
2 3 16 22 30 40 66 80 2640
2 3 16 22 30 40 77 112 18480
2 3 16 22 30 40 80 88 2640
2 3 16 22 30 40 80 110 2640
2 3 16 22 30 42 55 112 18480
2 3 16 22 30 42 77 80 18480
2 3 16 22 30 42 110 112 18480
2 3 16 22 30 44 48 55 2640
2 3 16 22 30 44 48 60 2640
2 3 16 22 30 44 48 80 2640
2 3 16 22 30 44 48 110 2640
2 3 16 22 30 44 48 120 2640
2 3 16 22 30 44 55 80 2640
2 3 16 22 30 44 60 80 2640
2 3 16 22 30 44 66 80 2640
2 3 16 22 30 44 70 112 18480
2 3 16 22 30 44 80 88 2640
2 3 16 22 30 44 80 110 2640
2 3 16 22 30 44 80 120 2640
2 3 16 22 30 44 105 112 18480
2 3 16 22 30 45 48 99 7920
2 3 16 22 30 45 80 99 7920
2 3 16 22 30 48 55 60 2640
2 3 16 22 30 48 55 66 2640
2 3 16 22 30 48 55 80 2640
2 3 16 22 30 48 55 88 2640
2 3 16 22 30 48 55 110 2640
2 3 16 22 30 48 55 120 2640
2 3 16 22 30 48 60 66 2640
2 3 16 22 30 48 60 88 2640
2 3 16 22 30 48 60 110 2640
2 3 16 22 30 48 66 80 2640
2 3 16 22 30 48 66 110 2640
2 3 16 22 30 48 66 120 2640
2 3 16 22 30 48 70 77 18480
2 3 16 22 30 48 77 105 18480
2 3 16 22 30 48 80 88 2640
2 3 16 22 30 48 80 110 2640
2 3 16 22 30 48 88 110 2640
2 3 16 22 30 48 88 120 2640
2 3 16 22 30 48 90 99 7920
2 3 16 22 30 48 110 120 2640
2 3 16 22 30 55 56 112 18480
2 3 16 22 30 55 60 80 2640
2 3 16 22 30 55 66 80 2640
2 3 16 22 30 55 70 112 18480
2 3 16 22 30 55 77 112 18480
2 3 16 22 30 55 80 88 2640
2 3 16 22 30 55 80 110 2640
2 3 16 22 30 55 80 120 2640
2 3 16 22 30 55 84 112 18480
2 3 16 22 30 55 105 112 18480
2 3 16 22 30 56 77 80 18480
2 3 16 22 30 56 110 112 18480
2 3 16 22 30 60 66 80 2640
2 3 16 22 30 60 77 112 18480
2 3 16 22 30 60 80 88 2640
2 3 16 22 30 60 80 110 2640
2 3 16 22 30 66 70 112 18480
2 3 16 22 30 66 80 88 2640
2 3 16 22 30 66 80 110 2640
2 3 16 22 30 66 80 120 2640
2 3 16 22 30 66 105 112 18480
2 3 16 22 30 70 77 80 18480
2 3 16 22 30 70 77 112 18480
2 3 16 22 30 70 88 112 18480
2 3 16 22 30 70 110 112 18480
2 3 16 22 30 72 80 99 7920
2 3 16 22 30 77 80 84 18480
2 3 16 22 30 77 80 105 18480
2 3 16 22 30 77 80 112 18480
2 3 16 22 30 77 105 112 18480
2 3 16 22 30 77 110 112 18480
2 3 16 22 30 77 112 120 18480
2 3 16 22 30 80 88 110 2640
2 3 16 22 30 80 88 120 2640
2 3 16 22 30 80 90 99 7920
2 3 16 22 30 80 110 120 2640
2 3 16 22 30 84 110 112 18480
2 3 16 22 30 88 105 112 18480
2 3 16 22 30 105 110 112 18480
2 3 16 22 31 33 48 62 16368
2 3 16 22 31 33 48 93 16368
2 3 16 22 31 33 48 124 16368
2 3 16 22 31 44 48 62 16368
2 3 16 22 31 44 48 93 16368
2 3 16 22 31 44 48 124 16368
2 3 16 22 31 48 62 66 16368
2 3 16 22 31 48 62 88 16368
2 3 16 22 31 48 66 93 16368
2 3 16 22 31 48 66 124 16368
2 3 16 22 31 48 88 93 16368
2 3 16 22 31 48 88 124 16368
2 3 16 22 31 55 80 93 81840
2 3 16 22 31 77 93 112 114576
2 3 16 22 31 80 93 110 81840
2 3 16 22 32 33 44 96 1056
2 3 16 22 32 33 48 96 1056
2 3 16 22 32 33 66 96 1056
2 3 16 22 32 33 88 96 1056
2 3 16 22 32 36 96 99 3168
2 3 16 22 32 40 55 96 5280
2 3 16 22 32 40 96 110 5280
2 3 16 22 32 42 77 96 7392
2 3 16 22 32 44 48 96 1056
2 3 16 22 32 44 66 96 1056
2 3 16 22 32 44 88 96 1056
2 3 16 22 32 48 66 96 1056
2 3 16 22 32 48 88 96 1056
2 3 16 22 32 55 60 96 5280
2 3 16 22 32 55 80 96 5280
2 3 16 22 32 55 96 110 5280
2 3 16 22 32 55 96 120 5280
2 3 16 22 32 56 77 96 7392
2 3 16 22 32 60 96 110 5280
2 3 16 22 32 66 88 96 1056
2 3 16 22 32 72 96 99 3168
2 3 16 22 32 77 84 96 7392
2 3 16 22 32 77 96 112 7392
2 3 16 22 32 80 96 110 5280
2 3 16 22 32 96 110 120 5280
2 3 16 22 33 34 48 51 8976
2 3 16 22 33 34 48 68 8976
2 3 16 22 33 34 48 102 8976
2 3 16 22 33 34 80 85 44880
2 3 16 22 33 34 112 119 62832
2 3 16 22 33 35 40 112 18480
2 3 16 22 33 35 42 80 18480
2 3 16 22 33 35 48 70 18480
2 3 16 22 33 35 48 105 18480
2 3 16 22 33 35 55 112 18480
2 3 16 22 33 35 56 80 18480
2 3 16 22 33 35 60 112 18480
2 3 16 22 33 35 70 80 18480
2 3 16 22 33 35 70 112 18480
2 3 16 22 33 35 77 80 18480
2 3 16 22 33 35 80 84 18480
2 3 16 22 33 35 80 105 18480
2 3 16 22 33 35 80 112 18480
2 3 16 22 33 35 105 112 18480
2 3 16 22 33 35 110 112 18480
2 3 16 22 33 35 112 120 18480
2 3 16 22 33 36 45 80 7920
2 3 16 22 33 36 48 72 1584
2 3 16 22 33 36 48 99 1584
2 3 16 22 33 36 63 112 11088
2 3 16 22 33 36 80 90 7920
2 3 16 22 33 36 112 126 11088
2 3 16 22 33 37 48 74 19536
2 3 16 22 33 37 48 111 19536
2 3 16 22 33 38 48 57 10032
2 3 16 22 33 38 48 76 10032
2 3 16 22 33 38 48 114 10032
2 3 16 22 33 38 80 95 50160
2 3 16 22 33 39 48 52 6864
2 3 16 22 33 39 48 78 6864
2 3 16 22 33 39 48 104 6864
2 3 16 22 33 39 65 80 34320
2 3 16 22 33 39 91 112 48048
2 3 16 22 33 40 44 80 2640
2 3 16 22 33 40 48 55 2640
2 3 16 22 33 40 48 60 2640
2 3 16 22 33 40 48 80 2640
2 3 16 22 33 40 48 110 2640
2 3 16 22 33 40 48 120 2640
2 3 16 22 33 40 55 80 2640
2 3 16 22 33 40 60 80 2640
2 3 16 22 33 40 66 80 2640
2 3 16 22 33 40 70 112 18480
2 3 16 22 33 40 80 88 2640
2 3 16 22 33 40 80 110 2640
2 3 16 22 33 40 80 120 2640
2 3 16 22 33 40 105 112 18480
2 3 16 22 33 41 48 82 21648
2 3 16 22 33 41 48 123 21648
2 3 16 22 33 42 44 112 3696
2 3 16 22 33 42 48 56 3696
2 3 16 22 33 42 48 77 3696
2 3 16 22 33 42 48 84 3696
2 3 16 22 33 42 48 112 3696
2 3 16 22 33 42 56 112 3696
2 3 16 22 33 42 66 112 3696
2 3 16 22 33 42 70 80 18480
2 3 16 22 33 42 77 112 3696
2 3 16 22 33 42 80 105 18480
2 3 16 22 33 42 84 112 3696
2 3 16 22 33 42 88 112 3696
2 3 16 22 33 43 48 86 22704
2 3 16 22 33 44 48 66 528
2 3 16 22 33 44 48 88 528
2 3 16 22 33 44 55 80 2640
2 3 16 22 33 44 56 112 3696
2 3 16 22 33 44 60 80 2640
2 3 16 22 33 44 77 112 3696
2 3 16 22 33 44 80 110 2640
2 3 16 22 33 44 80 120 2640
2 3 16 22 33 44 84 112 3696
2 3 16 22 33 45 48 90 7920
2 3 16 22 33 45 72 80 7920
2 3 16 22 33 45 80 90 7920
2 3 16 22 33 45 80 99 7920
2 3 16 22 33 46 48 69 12144
2 3 16 22 33 46 48 92 12144
2 3 16 22 33 46 80 115 60720
2 3 16 22 33 47 48 94 24816
2 3 16 22 33 48 49 98 25872
2 3 16 22 33 48 50 75 13200
2 3 16 22 33 48 50 100 13200
2 3 16 22 33 48 51 68 8976
2 3 16 22 33 48 51 102 8976
2 3 16 22 33 48 52 78 6864
2 3 16 22 33 48 52 104 6864
2 3 16 22 33 48 53 106 27984
2 3 16 22 33 48 54 108 4752
2 3 16 22 33 48 55 60 2640
2 3 16 22 33 48 55 80 2640
2 3 16 22 33 48 55 110 2640
2 3 16 22 33 48 55 120 2640
2 3 16 22 33 48 56 77 3696
2 3 16 22 33 48 56 84 3696
2 3 16 22 33 48 56 112 3696
2 3 16 22 33 48 57 76 10032
2 3 16 22 33 48 57 114 10032
2 3 16 22 33 48 58 87 15312
2 3 16 22 33 48 58 116 15312
2 3 16 22 33 48 59 118 31152
2 3 16 22 33 48 60 80 2640
2 3 16 22 33 48 60 110 2640
2 3 16 22 33 48 60 120 2640
2 3 16 22 33 48 61 122 32208
2 3 16 22 33 48 62 93 16368
2 3 16 22 33 48 62 124 16368
2 3 16 22 33 48 63 126 11088
2 3 16 22 33 48 66 88 528
2 3 16 22 33 48 68 102 8976
2 3 16 22 33 48 69 92 12144
2 3 16 22 33 48 70 105 18480
2 3 16 22 33 48 72 99 1584
2 3 16 22 33 48 74 111 19536
2 3 16 22 33 48 75 100 13200
2 3 16 22 33 48 76 114 10032
2 3 16 22 33 48 77 84 3696
2 3 16 22 33 48 77 112 3696
2 3 16 22 33 48 78 104 6864
2 3 16 22 33 48 80 110 2640
2 3 16 22 33 48 80 120 2640
2 3 16 22 33 48 82 123 21648
2 3 16 22 33 48 84 112 3696
2 3 16 22 33 48 87 116 15312
2 3 16 22 33 48 93 124 16368
2 3 16 22 33 48 110 120 2640
2 3 16 22 33 49 98 112 25872
2 3 16 22 33 50 75 80 13200
2 3 16 22 33 50 80 100 13200
2 3 16 22 33 51 80 85 44880
2 3 16 22 33 51 112 119 62832
2 3 16 22 33 52 65 80 34320
2 3 16 22 33 52 91 112 48048
2 3 16 22 33 55 60 80 2640
2 3 16 22 33 55 66 80 2640
2 3 16 22 33 55 70 112 18480
2 3 16 22 33 55 80 88 2640
2 3 16 22 33 55 80 110 2640
2 3 16 22 33 55 80 120 2640
2 3 16 22 33 55 105 112 18480
2 3 16 22 33 56 66 112 3696
2 3 16 22 33 56 70 80 18480
2 3 16 22 33 56 77 112 3696
2 3 16 22 33 56 80 105 18480
2 3 16 22 33 56 84 112 3696
2 3 16 22 33 56 88 112 3696
2 3 16 22 33 57 80 95 50160
2 3 16 22 33 60 66 80 2640
2 3 16 22 33 60 70 112 18480
2 3 16 22 33 60 80 88 2640
2 3 16 22 33 60 80 110 2640
2 3 16 22 33 60 80 120 2640
2 3 16 22 33 60 105 112 18480
2 3 16 22 33 63 72 112 11088
2 3 16 22 33 63 99 112 11088
2 3 16 22 33 63 112 126 11088
2 3 16 22 33 65 78 80 34320
2 3 16 22 33 65 80 104 34320
2 3 16 22 33 66 77 112 3696
2 3 16 22 33 66 80 110 2640
2 3 16 22 33 66 80 120 2640
2 3 16 22 33 66 84 112 3696
2 3 16 22 33 68 80 85 44880
2 3 16 22 33 68 112 119 62832
2 3 16 22 33 69 80 115 60720
2 3 16 22 33 70 77 80 18480
2 3 16 22 33 70 80 84 18480
2 3 16 22 33 70 80 105 18480
2 3 16 22 33 70 80 112 18480
2 3 16 22 33 70 105 112 18480
2 3 16 22 33 70 110 112 18480
2 3 16 22 33 70 112 120 18480
2 3 16 22 33 72 80 90 7920
2 3 16 22 33 72 112 126 11088
2 3 16 22 33 75 80 100 13200
2 3 16 22 33 76 80 95 50160
2 3 16 22 33 77 80 105 18480
2 3 16 22 33 77 84 112 3696
2 3 16 22 33 77 88 112 3696
2 3 16 22 33 78 91 112 48048
2 3 16 22 33 80 84 105 18480
2 3 16 22 33 80 85 102 44880
2 3 16 22 33 80 88 110 2640
2 3 16 22 33 80 88 120 2640
2 3 16 22 33 80 90 99 7920
2 3 16 22 33 80 92 115 60720
2 3 16 22 33 80 95 114 50160
2 3 16 22 33 80 105 112 18480
2 3 16 22 33 80 110 120 2640
2 3 16 22 33 84 88 112 3696
2 3 16 22 33 91 104 112 48048
2 3 16 22 34 44 48 51 8976
2 3 16 22 34 44 48 68 8976
2 3 16 22 34 44 48 102 8976
2 3 16 22 34 48 51 66 8976
2 3 16 22 34 48 51 88 8976
2 3 16 22 34 48 55 85 44880
2 3 16 22 34 48 66 68 8976
2 3 16 22 34 48 66 102 8976
2 3 16 22 34 48 68 88 8976
2 3 16 22 34 48 77 119 62832
2 3 16 22 34 48 85 110 44880
2 3 16 22 34 48 88 102 8976
2 3 16 22 34 51 55 80 44880
2 3 16 22 34 51 77 112 62832
2 3 16 22 34 51 80 110 44880
2 3 16 22 34 55 80 102 44880
2 3 16 22 34 66 80 85 44880
2 3 16 22 34 66 112 119 62832
2 3 16 22 34 77 102 112 62832
2 3 16 22 34 80 102 110 44880
2 3 16 22 35 40 48 77 18480
2 3 16 22 35 40 66 112 18480
2 3 16 22 35 42 44 80 18480
2 3 16 22 35 42 48 55 18480
2 3 16 22 35 42 48 110 18480
2 3 16 22 35 42 55 80 18480
2 3 16 22 35 42 55 112 18480
2 3 16 22 35 42 66 80 18480
2 3 16 22 35 42 77 80 18480
2 3 16 22 35 42 80 88 18480
2 3 16 22 35 42 80 110 18480
2 3 16 22 35 42 110 112 18480
2 3 16 22 35 44 48 70 18480
2 3 16 22 35 44 48 105 18480
2 3 16 22 35 44 60 112 18480
2 3 16 22 35 44 80 84 18480
2 3 16 22 35 44 80 105 18480
2 3 16 22 35 44 105 112 18480
2 3 16 22 35 44 112 120 18480
2 3 16 22 35 45 99 112 55440
2 3 16 22 35 48 55 56 18480
2 3 16 22 35 48 55 70 18480
2 3 16 22 35 48 55 77 18480
2 3 16 22 35 48 55 84 18480
2 3 16 22 35 48 55 105 18480
2 3 16 22 35 48 55 112 18480
2 3 16 22 35 48 56 110 18480
2 3 16 22 35 48 60 77 18480
2 3 16 22 35 48 66 70 18480
2 3 16 22 35 48 66 105 18480
2 3 16 22 35 48 70 77 18480
2 3 16 22 35 48 70 88 18480
2 3 16 22 35 48 70 110 18480
2 3 16 22 35 48 77 80 18480
2 3 16 22 35 48 77 105 18480
2 3 16 22 35 48 77 110 18480
2 3 16 22 35 48 77 120 18480
2 3 16 22 35 48 84 110 18480
2 3 16 22 35 48 88 105 18480
2 3 16 22 35 48 105 110 18480
2 3 16 22 35 48 110 112 18480
2 3 16 22 35 55 60 112 18480
2 3 16 22 35 55 66 112 18480
2 3 16 22 35 55 80 84 18480
2 3 16 22 35 55 80 105 18480
2 3 16 22 35 55 84 112 18480
2 3 16 22 35 55 105 112 18480
2 3 16 22 35 55 112 120 18480
2 3 16 22 35 56 66 80 18480
2 3 16 22 35 60 66 112 18480
2 3 16 22 35 60 77 80 18480
2 3 16 22 35 60 77 112 18480
2 3 16 22 35 60 88 112 18480
2 3 16 22 35 60 110 112 18480
2 3 16 22 35 63 80 99 55440
2 3 16 22 35 66 70 80 18480
2 3 16 22 35 66 70 112 18480
2 3 16 22 35 66 77 80 18480
2 3 16 22 35 66 80 84 18480
2 3 16 22 35 66 80 105 18480
2 3 16 22 35 66 80 112 18480
2 3 16 22 35 66 105 112 18480
2 3 16 22 35 66 110 112 18480
2 3 16 22 35 66 112 120 18480
2 3 16 22 35 77 80 84 18480
2 3 16 22 35 77 80 105 18480
2 3 16 22 35 77 80 120 18480
2 3 16 22 35 77 105 112 18480
2 3 16 22 35 77 112 120 18480
2 3 16 22 35 80 84 88 18480
2 3 16 22 35 80 84 110 18480
2 3 16 22 35 80 88 105 18480
2 3 16 22 35 80 99 126 55440
2 3 16 22 35 80 105 110 18480
2 3 16 22 36 40 80 99 7920
2 3 16 22 36 42 99 112 11088
2 3 16 22 36 44 45 80 7920
2 3 16 22 36 44 48 72 1584
2 3 16 22 36 44 48 99 1584
2 3 16 22 36 44 63 112 11088
2 3 16 22 36 44 80 90 7920
2 3 16 22 36 44 112 126 11088
2 3 16 22 36 45 48 55 7920
2 3 16 22 36 45 48 110 7920
2 3 16 22 36 45 55 80 7920
2 3 16 22 36 45 66 80 7920
2 3 16 22 36 45 80 88 7920
2 3 16 22 36 45 80 99 7920
2 3 16 22 36 45 80 110 7920
2 3 16 22 36 48 55 90 7920
2 3 16 22 36 48 63 77 11088
2 3 16 22 36 48 66 72 1584
2 3 16 22 36 48 66 99 1584
2 3 16 22 36 48 72 88 1584
2 3 16 22 36 48 72 99 1584
2 3 16 22 36 48 77 126 11088
2 3 16 22 36 48 88 99 1584
2 3 16 22 36 48 90 110 7920
2 3 16 22 36 55 72 80 7920
2 3 16 22 36 55 80 90 7920
2 3 16 22 36 55 80 99 7920
2 3 16 22 36 56 99 112 11088
2 3 16 22 36 60 80 99 7920
2 3 16 22 36 63 66 112 11088
2 3 16 22 36 63 77 112 11088
2 3 16 22 36 63 88 112 11088
2 3 16 22 36 63 99 112 11088
2 3 16 22 36 66 80 90 7920
2 3 16 22 36 66 112 126 11088
2 3 16 22 36 72 77 112 11088
2 3 16 22 36 72 80 110 7920
2 3 16 22 36 77 99 112 11088
2 3 16 22 36 80 88 90 7920
2 3 16 22 36 80 90 99 7920
2 3 16 22 36 80 90 110 7920
2 3 16 22 36 80 99 110 7920
2 3 16 22 37 44 48 74 19536
2 3 16 22 37 44 48 111 19536
2 3 16 22 37 48 66 74 19536
2 3 16 22 37 48 66 111 19536
2 3 16 22 37 48 74 88 19536
2 3 16 22 37 48 88 111 19536
2 3 16 22 37 55 80 111 97680
2 3 16 22 38 44 48 57 10032
2 3 16 22 38 44 48 76 10032
2 3 16 22 38 44 48 114 10032
2 3 16 22 38 48 55 95 50160
2 3 16 22 38 48 57 66 10032
2 3 16 22 38 48 57 88 10032
2 3 16 22 38 48 66 76 10032
2 3 16 22 38 48 66 114 10032
2 3 16 22 38 48 76 88 10032
2 3 16 22 38 48 88 114 10032
2 3 16 22 38 48 95 110 50160
2 3 16 22 38 55 57 80 50160
2 3 16 22 38 55 80 114 50160
2 3 16 22 38 57 77 112 70224
2 3 16 22 38 57 80 110 50160
2 3 16 22 38 66 80 95 50160
2 3 16 22 39 44 48 52 6864
2 3 16 22 39 44 48 78 6864
2 3 16 22 39 44 48 104 6864
2 3 16 22 39 44 65 80 34320
2 3 16 22 39 44 91 112 48048
2 3 16 22 39 48 52 66 6864
2 3 16 22 39 48 52 88 6864
2 3 16 22 39 48 55 65 34320
2 3 16 22 39 48 65 110 34320
2 3 16 22 39 48 66 78 6864
2 3 16 22 39 48 66 104 6864
2 3 16 22 39 48 77 91 48048
2 3 16 22 39 48 78 88 6864
2 3 16 22 39 48 88 104 6864
2 3 16 22 39 48 99 117 20592
2 3 16 22 39 52 55 80 34320
2 3 16 22 39 52 77 112 48048
2 3 16 22 39 52 80 110 34320
2 3 16 22 39 55 65 80 34320
2 3 16 22 39 55 78 80 34320
2 3 16 22 39 55 80 104 34320
2 3 16 22 39 65 66 80 34320
2 3 16 22 39 65 80 88 34320
2 3 16 22 39 65 80 110 34320
2 3 16 22 39 66 91 112 48048
2 3 16 22 39 77 78 112 48048
2 3 16 22 39 78 80 110 34320
2 3 16 22 40 42 55 112 18480
2 3 16 22 40 42 77 80 18480
2 3 16 22 40 42 110 112 18480
2 3 16 22 40 44 48 55 2640
2 3 16 22 40 44 48 60 2640
2 3 16 22 40 44 48 80 2640
2 3 16 22 40 44 48 110 2640
2 3 16 22 40 44 48 120 2640
2 3 16 22 40 44 60 80 2640
2 3 16 22 40 44 66 80 2640
2 3 16 22 40 44 80 120 2640
2 3 16 22 40 44 105 112 18480
2 3 16 22 40 45 48 99 7920
2 3 16 22 40 45 80 99 7920
2 3 16 22 40 48 55 60 2640
2 3 16 22 40 48 55 66 2640
2 3 16 22 40 48 55 80 2640
2 3 16 22 40 48 55 88 2640
2 3 16 22 40 48 55 110 2640
2 3 16 22 40 48 55 120 2640
2 3 16 22 40 48 60 66 2640
2 3 16 22 40 48 60 88 2640
2 3 16 22 40 48 60 110 2640
2 3 16 22 40 48 66 80 2640
2 3 16 22 40 48 66 110 2640
2 3 16 22 40 48 66 120 2640
2 3 16 22 40 48 70 77 18480
2 3 16 22 40 48 77 105 18480
2 3 16 22 40 48 80 88 2640
2 3 16 22 40 48 80 110 2640
2 3 16 22 40 48 88 110 2640
2 3 16 22 40 48 88 120 2640
2 3 16 22 40 48 90 99 7920
2 3 16 22 40 48 110 120 2640
2 3 16 22 40 55 60 80 2640
2 3 16 22 40 55 66 80 2640
2 3 16 22 40 55 80 120 2640
2 3 16 22 40 55 84 112 18480
2 3 16 22 40 55 105 112 18480
2 3 16 22 40 60 66 80 2640
2 3 16 22 40 60 77 112 18480
2 3 16 22 40 60 80 88 2640
2 3 16 22 40 60 80 110 2640
2 3 16 22 40 66 70 112 18480
2 3 16 22 40 66 80 88 2640
2 3 16 22 40 66 80 110 2640
2 3 16 22 40 66 80 120 2640
2 3 16 22 40 72 80 99 7920
2 3 16 22 40 77 80 84 18480
2 3 16 22 40 77 80 105 18480
2 3 16 22 41 44 48 82 21648
2 3 16 22 41 44 48 123 21648
2 3 16 22 41 48 66 82 21648
2 3 16 22 41 48 66 123 21648
2 3 16 22 41 48 82 88 21648
2 3 16 22 41 48 88 123 21648
2 3 16 22 41 55 80 123 108240
2 3 16 22 42 44 48 56 3696
2 3 16 22 42 44 48 77 3696
2 3 16 22 42 44 48 84 3696
2 3 16 22 42 44 48 112 3696
2 3 16 22 42 44 56 112 3696
2 3 16 22 42 44 66 112 3696
2 3 16 22 42 44 70 80 18480
2 3 16 22 42 44 77 112 3696
2 3 16 22 42 44 80 105 18480
2 3 16 22 42 44 84 112 3696
2 3 16 22 42 44 88 112 3696
2 3 16 22 42 48 55 70 18480
2 3 16 22 42 48 55 105 18480
2 3 16 22 42 48 56 66 3696
2 3 16 22 42 48 56 77 3696
2 3 16 22 42 48 56 88 3696
2 3 16 22 42 48 63 99 11088
2 3 16 22 42 48 66 77 3696
2 3 16 22 42 48 66 84 3696
2 3 16 22 42 48 66 112 3696
2 3 16 22 42 48 70 110 18480
2 3 16 22 42 48 77 84 3696
2 3 16 22 42 48 77 88 3696
2 3 16 22 42 48 77 112 3696
2 3 16 22 42 48 84 88 3696
2 3 16 22 42 48 88 112 3696
2 3 16 22 42 48 99 126 11088
2 3 16 22 42 48 105 110 18480
2 3 16 22 42 55 56 80 18480
2 3 16 22 42 55 60 112 18480
2 3 16 22 42 55 70 80 18480
2 3 16 22 42 55 70 112 18480
2 3 16 22 42 55 77 80 18480
2 3 16 22 42 55 80 84 18480
2 3 16 22 42 55 80 105 18480
2 3 16 22 42 55 80 112 18480
2 3 16 22 42 55 105 112 18480
2 3 16 22 42 55 110 112 18480
2 3 16 22 42 55 112 120 18480
2 3 16 22 42 56 66 112 3696
2 3 16 22 42 56 77 112 3696
2 3 16 22 42 56 80 110 18480
2 3 16 22 42 56 88 112 3696
2 3 16 22 42 60 77 80 18480
2 3 16 22 42 66 70 80 18480
2 3 16 22 42 66 77 112 3696
2 3 16 22 42 66 80 105 18480
2 3 16 22 42 66 84 112 3696
2 3 16 22 42 66 88 112 3696
2 3 16 22 42 70 77 80 18480
2 3 16 22 42 70 80 88 18480
2 3 16 22 42 70 80 110 18480
2 3 16 22 42 77 80 105 18480
2 3 16 22 43 44 48 86 22704
2 3 16 22 43 48 66 86 22704
2 3 16 22 43 48 86 88 22704
2 3 16 22 44 45 48 90 7920
2 3 16 22 44 45 72 80 7920
2 3 16 22 44 45 80 90 7920
2 3 16 22 44 45 80 99 7920
2 3 16 22 44 46 48 69 12144
2 3 16 22 44 46 48 92 12144
2 3 16 22 44 47 48 94 24816
2 3 16 22 44 48 49 98 25872
2 3 16 22 44 48 50 75 13200
2 3 16 22 44 48 50 100 13200
2 3 16 22 44 48 51 68 8976
2 3 16 22 44 48 51 102 8976
2 3 16 22 44 48 52 78 6864
2 3 16 22 44 48 52 104 6864
2 3 16 22 44 48 53 106 27984
2 3 16 22 44 48 54 108 4752
2 3 16 22 44 48 55 60 2640
2 3 16 22 44 48 55 80 2640
2 3 16 22 44 48 55 110 2640
2 3 16 22 44 48 55 120 2640
2 3 16 22 44 48 56 77 3696
2 3 16 22 44 48 56 84 3696
2 3 16 22 44 48 56 112 3696
2 3 16 22 44 48 57 76 10032
2 3 16 22 44 48 57 114 10032
2 3 16 22 44 48 58 87 15312
2 3 16 22 44 48 58 116 15312
2 3 16 22 44 48 59 118 31152
2 3 16 22 44 48 60 80 2640
2 3 16 22 44 48 60 110 2640
2 3 16 22 44 48 60 120 2640
2 3 16 22 44 48 61 122 32208
2 3 16 22 44 48 62 93 16368
2 3 16 22 44 48 62 124 16368
2 3 16 22 44 48 63 126 11088
2 3 16 22 44 48 66 88 528
2 3 16 22 44 48 68 102 8976
2 3 16 22 44 48 69 92 12144
2 3 16 22 44 48 70 105 18480
2 3 16 22 44 48 72 99 1584
2 3 16 22 44 48 74 111 19536
2 3 16 22 44 48 75 100 13200
2 3 16 22 44 48 76 114 10032
2 3 16 22 44 48 77 84 3696
2 3 16 22 44 48 77 112 3696
2 3 16 22 44 48 78 104 6864
2 3 16 22 44 48 80 110 2640
2 3 16 22 44 48 80 120 2640
2 3 16 22 44 48 82 123 21648
2 3 16 22 44 48 84 112 3696
2 3 16 22 44 48 87 116 15312
2 3 16 22 44 48 93 124 16368
2 3 16 22 44 48 110 120 2640
2 3 16 22 44 50 75 80 13200
2 3 16 22 44 51 80 85 44880
2 3 16 22 44 51 112 119 62832
2 3 16 22 44 55 60 80 2640
2 3 16 22 44 55 66 80 2640
2 3 16 22 44 55 80 120 2640
2 3 16 22 44 55 105 112 18480
2 3 16 22 44 56 66 112 3696
2 3 16 22 44 56 80 105 18480
2 3 16 22 44 56 84 112 3696
2 3 16 22 44 57 80 95 50160
2 3 16 22 44 60 66 80 2640
2 3 16 22 44 60 70 112 18480
2 3 16 22 44 60 80 88 2640
2 3 16 22 44 60 80 110 2640
2 3 16 22 44 60 80 120 2640
2 3 16 22 44 63 72 112 11088
2 3 16 22 44 65 78 80 34320
2 3 16 22 44 66 77 112 3696
2 3 16 22 44 66 80 110 2640
2 3 16 22 44 70 80 84 18480
2 3 16 22 44 70 80 105 18480
2 3 16 22 44 72 80 90 7920
2 3 16 22 45 48 55 72 7920
2 3 16 22 45 48 55 90 7920
2 3 16 22 45 48 55 99 7920
2 3 16 22 45 48 60 99 7920
2 3 16 22 45 48 66 90 7920
2 3 16 22 45 48 72 110 7920
2 3 16 22 45 48 80 99 7920
2 3 16 22 45 48 88 90 7920
2 3 16 22 45 48 90 99 7920
2 3 16 22 45 48 90 110 7920
2 3 16 22 45 48 99 110 7920
2 3 16 22 45 48 99 120 7920
2 3 16 22 45 55 63 112 55440
2 3 16 22 45 55 72 80 7920
2 3 16 22 45 55 80 90 7920
2 3 16 22 45 55 80 99 7920
2 3 16 22 45 60 80 99 7920
2 3 16 22 45 63 77 80 55440
2 3 16 22 45 66 72 80 7920
2 3 16 22 45 66 80 90 7920
2 3 16 22 45 66 80 99 7920
2 3 16 22 45 72 80 88 7920
2 3 16 22 46 48 55 115 60720
2 3 16 22 46 48 66 69 12144
2 3 16 22 46 48 66 92 12144
2 3 16 22 46 48 69 88 12144
2 3 16 22 46 48 88 92 12144
2 3 16 22 46 48 110 115 60720
2 3 16 22 46 55 69 80 60720
2 3 16 22 47 48 66 94 24816
2 3 16 22 47 48 88 94 24816
2 3 16 22 48 49 66 98 25872
2 3 16 22 48 49 77 98 25872
2 3 16 22 48 49 88 98 25872
2 3 16 22 48 50 55 75 13200
2 3 16 22 48 50 55 100 13200
2 3 16 22 48 50 66 75 13200
2 3 16 22 48 50 66 100 13200
2 3 16 22 48 50 75 88 13200
2 3 16 22 48 50 75 110 13200
2 3 16 22 48 50 88 100 13200
2 3 16 22 48 50 100 110 13200
2 3 16 22 48 51 55 85 44880
2 3 16 22 48 51 66 68 8976
2 3 16 22 48 51 66 102 8976
2 3 16 22 48 51 68 88 8976
2 3 16 22 48 51 77 119 62832
2 3 16 22 48 51 85 110 44880
2 3 16 22 48 51 88 102 8976
2 3 16 22 48 52 55 65 34320
2 3 16 22 48 52 65 110 34320
2 3 16 22 48 52 66 78 6864
2 3 16 22 48 52 66 104 6864
2 3 16 22 48 52 77 91 48048
2 3 16 22 48 52 78 88 6864
2 3 16 22 48 52 88 104 6864
2 3 16 22 48 53 66 106 27984
2 3 16 22 48 53 88 106 27984
2 3 16 22 48 54 66 108 4752
2 3 16 22 48 54 88 108 4752
2 3 16 22 48 55 56 70 18480
2 3 16 22 48 55 56 105 18480
2 3 16 22 48 55 57 95 50160
2 3 16 22 48 55 60 66 2640
2 3 16 22 48 55 60 80 2640
2 3 16 22 48 55 60 88 2640
2 3 16 22 48 55 60 110 2640
2 3 16 22 48 55 60 120 2640
2 3 16 22 48 55 65 78 34320
2 3 16 22 48 55 65 104 34320
2 3 16 22 48 55 66 80 2640
2 3 16 22 48 55 66 110 2640
2 3 16 22 48 55 66 120 2640
2 3 16 22 48 55 68 85 44880
2 3 16 22 48 55 69 115 60720
2 3 16 22 48 55 70 77 18480
2 3 16 22 48 55 70 84 18480
2 3 16 22 48 55 70 105 18480
2 3 16 22 48 55 70 112 18480
2 3 16 22 48 55 72 90 7920
2 3 16 22 48 55 75 100 13200
2 3 16 22 48 55 76 95 50160
2 3 16 22 48 55 77 105 18480
2 3 16 22 48 55 80 88 2640
2 3 16 22 48 55 80 110 2640
2 3 16 22 48 55 80 120 2640
2 3 16 22 48 55 84 105 18480
2 3 16 22 48 55 85 102 44880
2 3 16 22 48 55 88 110 2640
2 3 16 22 48 55 90 99 7920
2 3 16 22 48 56 63 99 11088
2 3 16 22 48 56 66 77 3696
2 3 16 22 48 56 66 84 3696
2 3 16 22 48 56 66 112 3696
2 3 16 22 48 56 70 110 18480
2 3 16 22 48 56 77 84 3696
2 3 16 22 48 56 77 88 3696
2 3 16 22 48 56 77 112 3696
2 3 16 22 48 56 84 88 3696
2 3 16 22 48 56 88 112 3696
2 3 16 22 48 57 66 76 10032
2 3 16 22 48 57 66 114 10032
2 3 16 22 48 57 76 88 10032
2 3 16 22 48 58 66 87 15312
2 3 16 22 48 58 66 116 15312
2 3 16 22 48 58 87 88 15312
2 3 16 22 48 59 66 118 31152
2 3 16 22 48 60 66 80 2640
2 3 16 22 48 60 66 110 2640
2 3 16 22 48 60 66 120 2640
2 3 16 22 48 60 70 77 18480
2 3 16 22 48 60 77 105 18480
2 3 16 22 48 60 80 88 2640
2 3 16 22 48 60 80 110 2640
2 3 16 22 48 61 66 122 32208
2 3 16 22 48 62 66 93 16368
2 3 16 22 48 62 66 124 16368
2 3 16 22 48 62 88 93 16368
2 3 16 22 48 63 66 126 11088
2 3 16 22 48 63 72 77 11088
2 3 16 22 48 63 77 99 11088
2 3 16 22 48 66 68 102 8976
2 3 16 22 48 66 69 92 12144
2 3 16 22 48 66 70 105 18480
2 3 16 22 48 66 72 99 1584
2 3 16 22 48 66 75 100 13200
2 3 16 22 48 66 77 84 3696
2 3 16 22 48 70 77 80 18480
2 3 16 22 50 55 75 80 13200
2 3 16 22 50 66 75 80 13200
2 3 16 22 51 55 68 80 44880
2 3 16 22 51 55 80 85 44880
2 3 16 22 51 55 80 102 44880
2 3 16 22 51 66 80 85 44880
2 3 16 22 52 55 78 80 34320
2 3 16 22 52 65 66 80 34320
2 3 16 22 55 56 60 112 18480
2 3 16 22 55 56 80 84 18480
2 3 16 22 55 57 76 80 50160
2 3 16 22 55 57 80 95 50160
2 3 16 22 55 58 80 87 76560
2 3 16 22 55 60 66 80 2640
2 3 16 22 55 65 78 80 34320
2 3 16 22 56 60 77 80 18480
2 3 16 22 56 66 70 80 18480
2 3 16 23 24 28 46 112 7728
2 3 16 23 24 28 69 112 7728
2 3 16 23 24 28 92 112 7728
2 3 16 23 24 30 46 80 5520
2 3 16 23 24 30 48 115 5520
2 3 16 23 24 30 69 80 5520
2 3 16 23 24 30 80 92 5520
2 3 16 23 24 30 80 115 5520
2 3 16 23 24 32 46 96 2208
2 3 16 23 24 32 69 96 2208
2 3 16 23 24 32 92 96 2208
2 3 16 23 24 35 112 115 38640
2 3 16 23 24 40 46 80 5520
2 3 16 23 24 40 48 115 5520
2 3 16 23 24 40 69 80 5520
2 3 16 23 24 40 80 92 5520
2 3 16 23 24 40 80 115 5520
2 3 16 23 24 42 46 112 7728
2 3 16 23 24 42 69 112 7728
2 3 16 23 24 42 92 112 7728
2 3 16 23 24 46 48 69 1104
2 3 16 23 24 46 48 92 1104
2 3 16 23 24 46 56 112 7728
2 3 16 23 24 46 60 80 5520
2 3 16 23 24 46 80 115 5520
2 3 16 23 24 46 80 120 5520
2 3 16 23 24 46 84 112 7728
2 3 16 23 24 48 60 115 5520
2 3 16 23 24 48 69 92 1104
2 3 16 23 24 48 80 115 5520
2 3 16 23 24 48 115 120 5520
2 3 16 23 24 56 69 112 7728
2 3 16 23 24 56 92 112 7728
2 3 16 23 24 60 69 80 5520
2 3 16 23 24 60 80 92 5520
2 3 16 23 24 60 80 115 5520
2 3 16 23 24 69 80 115 5520
2 3 16 23 24 69 80 120 5520
2 3 16 23 24 69 84 112 7728
2 3 16 23 24 70 112 115 38640
2 3 16 23 24 80 92 115 5520
2 3 16 23 24 80 92 120 5520
2 3 16 23 24 80 115 120 5520
2 3 16 23 24 84 92 112 7728
2 3 16 23 24 105 112 115 38640
2 3 16 23 25 46 48 50 27600
2 3 16 23 25 46 48 75 27600
2 3 16 23 25 46 48 100 27600
2 3 16 23 25 46 75 80 27600
2 3 16 23 25 48 50 69 27600
2 3 16 23 25 48 50 92 27600
2 3 16 23 25 48 50 115 27600
2 3 16 23 25 48 69 75 27600
2 3 16 23 25 48 69 100 27600
2 3 16 23 25 48 75 92 27600
2 3 16 23 25 48 75 115 27600
2 3 16 23 25 48 92 100 27600
2 3 16 23 25 48 100 115 27600
2 3 16 23 25 50 69 80 27600
2 3 16 23 25 69 75 80 27600
2 3 16 23 25 69 80 100 27600
2 3 16 23 25 75 80 92 27600
2 3 16 23 25 75 80 115 27600
2 3 16 23 26 39 46 48 14352
2 3 16 23 26 39 48 69 14352
2 3 16 23 26 39 48 92 14352
2 3 16 23 26 39 80 115 71760
2 3 16 23 26 46 48 52 14352
2 3 16 23 26 46 48 78 14352
2 3 16 23 26 46 48 104 14352
2 3 16 23 26 48 52 69 14352
2 3 16 23 26 48 52 92 14352
2 3 16 23 26 48 65 115 71760
2 3 16 23 26 48 69 78 14352
2 3 16 23 26 48 69 104 14352
2 3 16 23 26 48 78 92 14352
2 3 16 23 26 48 92 104 14352
2 3 16 23 26 65 69 80 71760
2 3 16 23 26 69 91 112 100464
2 3 16 23 26 78 80 115 71760
2 3 16 23 27 46 48 54 9936
2 3 16 23 27 46 48 108 9936
2 3 16 23 27 48 54 69 9936
2 3 16 23 27 48 54 92 9936
2 3 16 23 27 48 69 108 9936
2 3 16 23 27 48 92 108 9936
2 3 16 23 27 54 80 115 49680
2 3 16 23 27 80 108 115 49680
2 3 16 23 28 30 112 115 38640
2 3 16 23 28 35 48 115 38640
2 3 16 23 28 35 69 80 38640
2 3 16 23 28 42 46 48 7728
2 3 16 23 28 42 46 112 7728
2 3 16 23 28 42 48 69 7728
2 3 16 23 28 42 48 92 7728
2 3 16 23 28 42 69 112 7728
2 3 16 23 28 42 80 115 38640
2 3 16 23 28 42 92 112 7728
2 3 16 23 28 46 48 56 7728
2 3 16 23 28 46 48 84 7728
2 3 16 23 28 46 48 112 7728
2 3 16 23 28 46 69 112 7728
2 3 16 23 28 46 80 105 38640
2 3 16 23 28 46 84 112 7728
2 3 16 23 28 48 56 69 7728
2 3 16 23 28 48 56 92 7728
2 3 16 23 28 48 69 84 7728
2 3 16 23 28 48 69 112 7728
2 3 16 23 28 48 70 115 38640
2 3 16 23 28 48 84 92 7728
2 3 16 23 28 48 92 112 7728
2 3 16 23 28 48 105 115 38640
2 3 16 23 28 56 69 112 7728
2 3 16 23 28 60 112 115 38640
2 3 16 23 28 69 70 80 38640
2 3 16 23 28 69 80 105 38640
2 3 16 23 28 69 84 112 7728
2 3 16 23 28 69 92 112 7728
2 3 16 23 28 80 84 115 38640
2 3 16 23 28 80 92 105 38640
2 3 16 23 28 80 105 115 38640
2 3 16 23 28 84 92 112 7728
2 3 16 23 28 105 112 115 38640
2 3 16 23 28 112 115 120 38640
2 3 16 23 29 46 48 58 32016
2 3 16 23 29 46 48 87 32016
2 3 16 23 29 46 48 116 32016
2 3 16 23 29 48 58 69 32016
2 3 16 23 29 48 58 92 32016
2 3 16 23 29 48 69 87 32016
2 3 16 23 29 48 69 116 32016
2 3 16 23 29 48 87 92 32016
2 3 16 23 29 48 92 116 32016
2 3 16 23 29 80 87 115 160080
2 3 16 23 30 32 96 115 11040
2 3 16 23 30 35 46 112 38640
2 3 16 23 30 35 69 112 38640
2 3 16 23 30 35 92 112 38640
2 3 16 23 30 35 112 115 38640
2 3 16 23 30 40 46 48 5520
2 3 16 23 30 40 46 80 5520
2 3 16 23 30 40 48 69 5520
2 3 16 23 30 40 48 92 5520
2 3 16 23 30 40 48 115 5520
2 3 16 23 30 40 69 80 5520
2 3 16 23 30 40 80 92 5520
2 3 16 23 30 40 80 115 5520
2 3 16 23 30 42 112 115 38640
2 3 16 23 30 46 48 60 5520
2 3 16 23 30 46 48 80 5520
2 3 16 23 30 46 48 115 5520
2 3 16 23 30 46 48 120 5520
2 3 16 23 30 46 60 80 5520
2 3 16 23 30 46 69 80 5520
2 3 16 23 30 46 70 112 38640
2 3 16 23 30 46 80 92 5520
2 3 16 23 30 46 80 115 5520
2 3 16 23 30 46 80 120 5520
2 3 16 23 30 46 105 112 38640
2 3 16 23 30 48 60 69 5520
2 3 16 23 30 48 60 92 5520
2 3 16 23 30 48 60 115 5520
2 3 16 23 30 48 69 80 5520
2 3 16 23 30 48 69 115 5520
2 3 16 23 30 48 69 120 5520
2 3 16 23 30 48 80 92 5520
2 3 16 23 30 48 80 115 5520
2 3 16 23 30 48 92 115 5520
2 3 16 23 30 48 92 120 5520
2 3 16 23 30 48 115 120 5520
2 3 16 23 30 56 112 115 38640
2 3 16 23 30 60 69 80 5520
2 3 16 23 30 60 80 92 5520
2 3 16 23 30 60 80 115 5520
2 3 16 23 30 69 70 112 38640
2 3 16 23 30 69 80 92 5520
2 3 16 23 30 69 80 115 5520
2 3 16 23 30 69 80 120 5520
2 3 16 23 30 69 105 112 38640
2 3 16 23 30 70 92 112 38640
2 3 16 23 30 70 112 115 38640
2 3 16 23 30 80 92 115 5520
2 3 16 23 30 80 92 120 5520
2 3 16 23 30 80 115 120 5520
2 3 16 23 30 84 112 115 38640
2 3 16 23 30 92 105 112 38640
2 3 16 23 31 46 48 62 34224
2 3 16 23 31 46 48 93 34224
2 3 16 23 31 46 48 124 34224
2 3 16 23 31 48 62 69 34224
2 3 16 23 31 48 62 92 34224
2 3 16 23 31 48 69 93 34224
2 3 16 23 31 48 69 124 34224
2 3 16 23 31 48 92 93 34224
2 3 16 23 31 48 92 124 34224
2 3 16 23 31 80 93 115 171120
2 3 16 23 32 40 96 115 11040
2 3 16 23 32 46 48 96 2208
2 3 16 23 32 46 69 96 2208
2 3 16 23 32 46 92 96 2208
2 3 16 23 32 48 69 96 2208
2 3 16 23 32 48 92 96 2208
2 3 16 23 32 60 96 115 11040
2 3 16 23 32 69 92 96 2208
2 3 16 23 32 80 96 115 11040
2 3 16 23 33 44 46 48 12144
2 3 16 23 33 44 48 69 12144
2 3 16 23 33 44 48 92 12144
2 3 16 23 33 44 80 115 60720
2 3 16 23 33 46 48 66 12144
2 3 16 23 33 46 48 88 12144
2 3 16 23 33 46 55 80 60720
2 3 16 23 33 46 77 112 85008
2 3 16 23 33 46 80 110 60720
2 3 16 23 33 48 55 115 60720
2 3 16 23 33 48 66 69 12144
2 3 16 23 33 48 66 92 12144
2 3 16 23 33 48 69 88 12144
2 3 16 23 33 48 88 92 12144
2 3 16 23 33 48 110 115 60720
2 3 16 23 33 55 69 80 60720
2 3 16 23 33 55 80 92 60720
2 3 16 23 33 55 80 115 60720
2 3 16 23 33 66 80 115 60720
2 3 16 23 33 69 77 112 85008
2 3 16 23 33 69 80 110 60720
2 3 16 23 33 77 92 112 85008
2 3 16 23 33 80 88 115 60720
2 3 16 23 33 80 92 110 60720
2 3 16 23 34 46 48 51 18768
2 3 16 23 34 46 48 68 18768
2 3 16 23 34 46 48 102 18768
2 3 16 23 34 48 51 69 18768
2 3 16 23 34 48 51 92 18768
2 3 16 23 34 48 68 69 18768
2 3 16 23 34 48 68 92 18768
2 3 16 23 34 48 69 102 18768
2 3 16 23 34 48 85 115 93840
2 3 16 23 34 48 92 102 18768
2 3 16 23 34 51 80 115 93840
2 3 16 23 34 69 80 85 93840
2 3 16 23 34 69 112 119 131376
2 3 16 23 35 40 69 112 38640
2 3 16 23 35 42 46 80 38640
2 3 16 23 35 42 48 115 38640
2 3 16 23 35 42 69 80 38640
2 3 16 23 35 42 80 92 38640
2 3 16 23 35 42 80 115 38640
2 3 16 23 35 42 112 115 38640
2 3 16 23 35 46 48 70 38640
2 3 16 23 35 46 48 105 38640
2 3 16 23 35 46 60 112 38640
2 3 16 23 35 46 80 84 38640
2 3 16 23 35 46 80 105 38640
2 3 16 23 35 46 105 112 38640
2 3 16 23 35 46 112 120 38640
2 3 16 23 35 48 56 115 38640
2 3 16 23 35 48 69 70 38640
2 3 16 23 35 48 69 105 38640
2 3 16 23 35 48 70 92 38640
2 3 16 23 35 48 70 115 38640
2 3 16 23 35 48 84 115 38640
2 3 16 23 35 48 92 105 38640
2 3 16 23 35 48 105 115 38640
2 3 16 23 35 48 112 115 38640
2 3 16 23 35 56 69 80 38640
2 3 16 23 35 60 69 112 38640
2 3 16 23 35 60 92 112 38640
2 3 16 23 35 60 112 115 38640
2 3 16 23 35 69 70 80 38640
2 3 16 23 35 69 70 112 38640
2 3 16 23 35 69 80 84 38640
2 3 16 23 35 69 80 105 38640
2 3 16 23 35 69 80 112 38640
2 3 16 23 35 69 105 112 38640
2 3 16 23 35 80 84 92 38640
2 3 16 23 35 80 84 115 38640
2 3 16 23 35 80 92 105 38640
2 3 16 23 36 45 46 80 16560
2 3 16 23 36 45 48 115 16560
2 3 16 23 36 45 69 80 16560
2 3 16 23 36 45 80 92 16560
2 3 16 23 36 45 80 115 16560
2 3 16 23 36 46 48 72 3312
2 3 16 23 36 46 63 112 23184
2 3 16 23 36 46 80 90 16560
2 3 16 23 36 46 112 126 23184
2 3 16 23 36 48 69 72 3312
2 3 16 23 36 48 72 92 3312
2 3 16 23 36 48 90 115 16560
2 3 16 23 36 63 69 112 23184
2 3 16 23 36 63 92 112 23184
2 3 16 23 36 69 80 90 16560
2 3 16 23 36 72 80 115 16560
2 3 16 23 36 80 90 92 16560
2 3 16 23 37 46 48 74 40848
2 3 16 23 37 46 48 111 40848
2 3 16 23 37 48 69 74 40848
2 3 16 23 37 48 69 111 40848
2 3 16 23 37 48 74 92 40848
2 3 16 23 37 48 92 111 40848
2 3 16 23 38 46 48 57 20976
2 3 16 23 38 46 48 76 20976
2 3 16 23 38 46 48 114 20976
2 3 16 23 38 48 57 69 20976
2 3 16 23 38 48 57 92 20976
2 3 16 23 38 48 69 76 20976
2 3 16 23 38 48 69 114 20976
2 3 16 23 38 48 76 92 20976
2 3 16 23 38 48 92 114 20976
2 3 16 23 38 48 95 115 104880
2 3 16 23 38 57 80 115 104880
2 3 16 23 38 69 80 95 104880
2 3 16 23 39 46 48 52 14352
2 3 16 23 39 46 48 78 14352
2 3 16 23 39 46 48 104 14352
2 3 16 23 39 46 65 80 71760
2 3 16 23 39 46 91 112 100464
2 3 16 23 39 48 52 69 14352
2 3 16 23 39 48 52 92 14352
2 3 16 23 39 48 65 115 71760
2 3 16 23 39 48 69 78 14352
2 3 16 23 39 48 69 104 14352
2 3 16 23 39 48 78 92 14352
2 3 16 23 39 48 92 104 14352
2 3 16 23 39 52 80 115 71760
2 3 16 23 39 65 69 80 71760
2 3 16 23 39 65 80 92 71760
2 3 16 23 39 65 80 115 71760
2 3 16 23 40 42 112 115 38640
2 3 16 23 40 46 48 60 5520
2 3 16 23 40 46 48 80 5520
2 3 16 23 40 46 48 115 5520
2 3 16 23 40 46 48 120 5520
2 3 16 23 40 46 60 80 5520
2 3 16 23 40 46 69 80 5520
2 3 16 23 40 46 80 120 5520
2 3 16 23 40 46 105 112 38640
2 3 16 23 40 48 60 69 5520
2 3 16 23 40 48 60 92 5520
2 3 16 23 40 48 60 115 5520
2 3 16 23 40 48 69 80 5520
2 3 16 23 40 48 69 115 5520
2 3 16 23 40 48 69 120 5520
2 3 16 23 40 48 80 92 5520
2 3 16 23 40 48 80 115 5520
2 3 16 23 40 48 92 115 5520
2 3 16 23 40 48 92 120 5520
2 3 16 23 40 48 115 120 5520
2 3 16 23 40 60 69 80 5520
2 3 16 23 40 60 80 92 5520
2 3 16 23 40 60 80 115 5520
2 3 16 23 40 69 70 112 38640
2 3 16 23 40 69 80 92 5520
2 3 16 23 41 46 48 82 45264
2 3 16 23 41 46 48 123 45264
2 3 16 23 41 48 69 82 45264
2 3 16 23 41 48 69 123 45264
2 3 16 23 41 48 82 92 45264
2 3 16 23 41 48 92 123 45264
2 3 16 23 42 46 48 56 7728
2 3 16 23 42 46 48 84 7728
2 3 16 23 42 46 48 112 7728
2 3 16 23 42 46 56 112 7728
2 3 16 23 42 46 69 112 7728
2 3 16 23 42 46 70 80 38640
2 3 16 23 42 46 80 105 38640
2 3 16 23 42 46 84 112 7728
2 3 16 23 42 46 92 112 7728
2 3 16 23 42 48 56 69 7728
2 3 16 23 42 48 56 92 7728
2 3 16 23 42 48 69 84 7728
2 3 16 23 42 48 69 112 7728
2 3 16 23 42 48 70 115 38640
2 3 16 23 42 48 84 92 7728
2 3 16 23 42 48 92 112 7728
2 3 16 23 42 48 105 115 38640
2 3 16 23 42 56 69 112 7728
2 3 16 23 42 56 80 115 38640
2 3 16 23 42 56 92 112 7728
2 3 16 23 42 69 70 80 38640
2 3 16 23 42 70 80 92 38640
2 3 16 23 43 46 48 86 47472
2 3 16 23 43 48 69 86 47472
2 3 16 23 43 48 86 92 47472
2 3 16 23 44 46 48 66 12144
2 3 16 23 44 46 48 88 12144
2 3 16 23 44 48 55 115 60720
2 3 16 23 44 48 66 69 12144
2 3 16 23 44 48 66 92 12144
2 3 16 23 44 48 69 88 12144
2 3 16 23 44 48 88 92 12144
2 3 16 23 44 48 110 115 60720
2 3 16 23 44 55 69 80 60720
2 3 16 23 45 46 48 90 16560
2 3 16 23 45 46 72 80 16560
2 3 16 23 45 46 80 90 16560
2 3 16 23 45 48 69 90 16560
2 3 16 23 45 48 72 115 16560
2 3 16 23 45 48 90 92 16560
2 3 16 23 45 48 90 115 16560
2 3 16 23 45 69 72 80 16560
2 3 16 23 46 47 48 94 51888
2 3 16 23 46 48 49 98 54096
2 3 16 23 46 48 50 75 27600
2 3 16 23 46 48 50 100 27600
2 3 16 23 46 48 51 68 18768
2 3 16 23 46 48 51 102 18768
2 3 16 23 46 48 52 78 14352
2 3 16 23 46 48 52 104 14352
2 3 16 23 46 48 53 106 58512
2 3 16 23 46 48 54 108 9936
2 3 16 23 46 48 55 110 60720
2 3 16 23 46 48 56 84 7728
2 3 16 23 46 48 56 112 7728
2 3 16 23 46 48 57 76 20976
2 3 16 23 46 48 57 114 20976
2 3 16 23 46 48 58 87 32016
2 3 16 23 46 48 58 116 32016
2 3 16 23 46 48 59 118 65136
2 3 16 23 46 48 60 80 5520
2 3 16 23 46 48 60 115 5520
2 3 16 23 46 48 60 120 5520
2 3 16 23 46 48 61 122 67344
2 3 16 23 46 48 62 93 34224
2 3 16 23 46 48 62 124 34224
2 3 16 23 46 48 63 126 23184
2 3 16 23 46 48 66 88 12144
2 3 16 23 46 48 68 102 18768
2 3 16 23 46 48 69 92 1104
2 3 16 23 46 48 70 105 38640
2 3 16 23 46 48 74 111 40848
2 3 16 23 46 48 75 100 27600
2 3 16 23 46 48 76 114 20976
2 3 16 23 46 48 78 104 14352
2 3 16 23 46 48 80 115 5520
2 3 16 23 46 48 80 120 5520
2 3 16 23 46 48 82 123 45264
2 3 16 23 46 48 84 112 7728
2 3 16 23 46 48 87 116 32016
2 3 16 23 46 48 93 124 34224
2 3 16 23 46 50 75 80 27600
2 3 16 23 46 51 80 85 93840
2 3 16 23 46 55 66 80 60720
2 3 16 23 46 56 69 112 7728
2 3 16 23 46 56 80 105 38640
2 3 16 23 46 57 80 95 104880
2 3 16 23 46 60 69 80 5520
2 3 16 23 46 60 70 112 38640
2 3 16 23 46 60 80 92 5520
2 3 16 23 46 65 78 80 71760
2 3 16 23 47 48 69 94 51888
2 3 16 23 47 48 92 94 51888
2 3 16 23 48 49 69 98 54096
2 3 16 23 48 49 92 98 54096
2 3 16 23 48 50 69 75 27600
2 3 16 23 48 50 69 100 27600
2 3 16 23 48 50 75 92 27600
2 3 16 23 48 50 75 115 27600
2 3 16 23 48 50 92 100 27600
2 3 16 23 48 51 68 69 18768
2 3 16 23 48 51 68 92 18768
2 3 16 23 48 51 69 102 18768
2 3 16 23 48 51 85 115 93840
2 3 16 23 48 51 92 102 18768
2 3 16 23 48 52 65 115 71760
2 3 16 23 48 52 69 78 14352
2 3 16 23 48 52 69 104 14352
2 3 16 23 48 52 78 92 14352
2 3 16 23 48 53 69 106 58512
2 3 16 23 48 54 69 108 9936
2 3 16 23 48 55 66 115 60720
2 3 16 23 48 55 69 110 60720
2 3 16 23 48 56 69 84 7728
2 3 16 23 48 56 69 112 7728
2 3 16 23 48 56 70 115 38640
2 3 16 23 48 56 84 92 7728
2 3 16 23 48 57 69 76 20976
2 3 16 23 48 57 69 114 20976
2 3 16 23 48 57 76 92 20976
2 3 16 23 48 58 69 87 32016
2 3 16 23 48 58 69 116 32016
2 3 16 23 48 59 69 118 65136
2 3 16 23 48 60 69 80 5520
2 3 16 23 48 60 80 92 5520
2 3 16 23 48 62 69 93 34224
2 3 16 23 48 66 69 88 12144
2 3 16 23 52 65 69 80 71760
2 3 16 24 25 28 50 112 8400
2 3 16 24 25 28 75 112 8400
2 3 16 24 25 28 100 112 8400
2 3 16 24 25 30 48 50 1200
2 3 16 24 25 30 48 75 1200
2 3 16 24 25 30 48 100 1200
2 3 16 24 25 30 50 80 1200
2 3 16 24 25 30 75 80 1200
2 3 16 24 25 30 80 100 1200
2 3 16 24 25 32 50 96 2400
2 3 16 24 25 32 75 96 2400
2 3 16 24 25 32 96 100 2400
2 3 16 24 25 35 50 112 8400
2 3 16 24 25 35 75 112 8400
2 3 16 24 25 35 100 112 8400
2 3 16 24 25 40 48 50 1200
2 3 16 24 25 40 48 75 1200
2 3 16 24 25 40 48 100 1200
2 3 16 24 25 40 50 80 1200
2 3 16 24 25 40 75 80 1200
2 3 16 24 25 40 80 100 1200
2 3 16 24 25 42 50 112 8400
2 3 16 24 25 42 75 112 8400
2 3 16 24 25 42 100 112 8400
2 3 16 24 25 48 50 60 1200
2 3 16 24 25 48 50 75 1200
2 3 16 24 25 48 50 80 1200
2 3 16 24 25 48 50 100 1200
2 3 16 24 25 48 50 120 1200
2 3 16 24 25 48 60 75 1200
2 3 16 24 25 48 60 100 1200
2 3 16 24 25 48 75 80 1200
2 3 16 24 25 48 75 100 1200
2 3 16 24 25 48 75 120 1200
2 3 16 24 25 48 80 100 1200
2 3 16 24 25 48 100 120 1200
2 3 16 24 25 50 56 112 8400
2 3 16 24 25 50 60 80 1200
2 3 16 24 25 50 70 112 8400
2 3 16 24 25 50 75 80 1200
2 3 16 24 25 50 80 100 1200
2 3 16 24 25 50 80 120 1200
2 3 16 24 25 50 84 112 8400
2 3 16 24 25 50 105 112 8400
2 3 16 24 25 56 75 112 8400
2 3 16 24 25 56 100 112 8400
2 3 16 24 25 60 75 80 1200
2 3 16 24 25 60 80 100 1200
2 3 16 24 25 70 75 112 8400
2 3 16 24 25 70 100 112 8400
2 3 16 24 25 75 80 100 1200
2 3 16 24 25 75 80 120 1200
2 3 16 24 25 75 84 112 8400
2 3 16 24 25 75 105 112 8400
2 3 16 24 25 80 100 120 1200
2 3 16 24 25 84 100 112 8400
2 3 16 24 25 100 105 112 8400
2 3 16 24 26 28 39 112 4368
2 3 16 24 26 28 48 91 4368
2 3 16 24 26 28 52 112 4368
2 3 16 24 26 28 78 112 4368
2 3 16 24 26 28 91 112 4368
2 3 16 24 26 28 104 112 4368
2 3 16 24 26 30 39 80 3120
2 3 16 24 26 30 48 65 3120
2 3 16 24 26 30 52 80 3120
2 3 16 24 26 30 65 80 3120
2 3 16 24 26 30 78 80 3120
2 3 16 24 26 30 80 104 3120
2 3 16 24 26 32 39 96 1248
2 3 16 24 26 32 52 96 1248
2 3 16 24 26 32 78 96 1248
2 3 16 24 26 32 96 104 1248
2 3 16 24 26 35 65 112 21840
2 3 16 24 26 35 80 91 21840
2 3 16 24 26 36 48 117 1872
2 3 16 24 26 39 40 80 3120
2 3 16 24 26 39 42 112 4368
2 3 16 24 26 39 48 52 624
2 3 16 24 26 39 48 78 624
2 3 16 24 26 39 48 104 624
2 3 16 24 26 39 56 112 4368
2 3 16 24 26 39 60 80 3120
2 3 16 24 26 39 65 80 3120
2 3 16 24 26 39 80 120 3120
2 3 16 24 26 39 84 112 4368
2 3 16 24 26 39 91 112 4368
2 3 16 24 26 40 48 65 3120
2 3 16 24 26 40 52 80 3120
2 3 16 24 26 40 65 80 3120
2 3 16 24 26 40 78 80 3120
2 3 16 24 26 40 80 104 3120
2 3 16 24 26 42 48 91 4368
2 3 16 24 26 42 52 112 4368
2 3 16 24 26 42 78 112 4368
2 3 16 24 26 42 91 112 4368
2 3 16 24 26 42 104 112 4368
2 3 16 24 26 45 80 117 9360
2 3 16 24 26 48 52 78 624
2 3 16 24 26 48 52 104 624
2 3 16 24 26 48 56 91 4368
2 3 16 24 26 48 60 65 3120
2 3 16 24 26 48 65 80 3120
2 3 16 24 26 48 65 120 3120
2 3 16 24 26 48 72 117 1872
2 3 16 24 26 48 78 104 624
2 3 16 24 26 48 84 91 4368
2 3 16 24 26 48 91 112 4368
2 3 16 24 26 52 56 112 4368
2 3 16 24 26 52 60 80 3120
2 3 16 24 26 52 65 80 3120
2 3 16 24 26 52 80 120 3120
2 3 16 24 26 52 84 112 4368
2 3 16 24 26 52 91 112 4368
2 3 16 24 26 56 78 112 4368
2 3 16 24 26 56 91 112 4368
2 3 16 24 26 56 104 112 4368
2 3 16 24 26 60 65 80 3120
2 3 16 24 26 60 78 80 3120
2 3 16 24 26 60 80 104 3120
2 3 16 24 26 63 112 117 13104
2 3 16 24 26 65 70 112 21840
2 3 16 24 26 65 78 80 3120
2 3 16 24 26 65 80 104 3120
2 3 16 24 26 65 80 120 3120
2 3 16 24 26 65 105 112 21840
2 3 16 24 26 70 80 91 21840
2 3 16 24 26 78 80 120 3120
2 3 16 24 26 78 84 112 4368
2 3 16 24 26 78 91 112 4368
2 3 16 24 26 80 90 117 9360
2 3 16 24 26 80 91 105 21840
2 3 16 24 26 80 104 120 3120
2 3 16 24 26 84 91 112 4368
2 3 16 24 26 84 104 112 4368
2 3 16 24 26 91 104 112 4368
2 3 16 24 26 112 117 126 13104
2 3 16 24 27 28 54 112 3024
2 3 16 24 27 28 108 112 3024
2 3 16 24 27 30 54 80 2160
2 3 16 24 27 30 80 108 2160
2 3 16 24 27 32 54 96 864
2 3 16 24 27 32 96 108 864
2 3 16 24 27 36 48 54 432
2 3 16 24 27 36 48 108 432
2 3 16 24 27 40 54 80 2160
2 3 16 24 27 40 80 108 2160
2 3 16 24 27 42 54 112 3024
2 3 16 24 27 42 108 112 3024
2 3 16 24 27 45 54 80 2160
2 3 16 24 27 45 80 108 2160
2 3 16 24 27 48 54 72 432
2 3 16 24 27 48 54 108 432
2 3 16 24 27 48 72 108 432
2 3 16 24 27 54 56 112 3024
2 3 16 24 27 54 60 80 2160
2 3 16 24 27 54 63 112 3024
2 3 16 24 27 54 80 90 2160
2 3 16 24 27 54 80 120 2160
2 3 16 24 27 54 84 112 3024
2 3 16 24 27 54 112 126 3024
2 3 16 24 27 56 108 112 3024
2 3 16 24 27 60 80 108 2160
2 3 16 24 27 63 108 112 3024
2 3 16 24 27 80 90 108 2160
2 3 16 24 27 80 108 120 2160
2 3 16 24 27 84 108 112 3024
2 3 16 24 27 108 112 126 3024
2 3 16 24 28 29 58 112 9744
2 3 16 24 28 29 87 112 9744
2 3 16 24 28 29 112 116 9744
2 3 16 24 28 30 35 48 1680
2 3 16 24 28 30 35 80 1680
2 3 16 24 28 30 35 112 1680
2 3 16 24 28 30 40 112 1680
2 3 16 24 28 30 42 80 1680
2 3 16 24 28 30 48 70 1680
2 3 16 24 28 30 48 105 1680
2 3 16 24 28 30 56 80 1680
2 3 16 24 28 30 60 112 1680
2 3 16 24 28 30 70 80 1680
2 3 16 24 28 30 70 112 1680
2 3 16 24 28 30 80 84 1680
2 3 16 24 28 30 80 105 1680
2 3 16 24 28 30 80 112 1680
2 3 16 24 28 30 105 112 1680
2 3 16 24 28 30 112 120 1680
2 3 16 24 28 31 62 112 10416
2 3 16 24 28 31 93 112 10416
2 3 16 24 28 31 112 124 10416
2 3 16 24 28 32 42 96 672
2 3 16 24 28 32 56 96 672
2 3 16 24 28 32 84 96 672
2 3 16 24 28 32 96 112 672
2 3 16 24 28 33 44 112 3696
2 3 16 24 28 33 48 77 3696
2 3 16 24 28 33 66 112 3696
2 3 16 24 28 33 77 112 3696
2 3 16 24 28 33 88 112 3696
2 3 16 24 28 34 48 119 5712
2 3 16 24 28 34 51 112 5712
2 3 16 24 28 34 68 112 5712
2 3 16 24 28 34 102 112 5712
2 3 16 24 28 34 112 119 5712
2 3 16 24 28 35 40 48 1680
2 3 16 24 28 35 40 80 1680
2 3 16 24 28 35 40 112 1680
2 3 16 24 28 35 42 80 1680
2 3 16 24 28 35 48 60 1680
2 3 16 24 28 35 48 70 1680
2 3 16 24 28 35 48 80 1680
2 3 16 24 28 35 48 105 1680
2 3 16 24 28 35 48 120 1680
2 3 16 24 28 35 56 80 1680
2 3 16 24 28 35 60 80 1680
2 3 16 24 28 35 60 112 1680
2 3 16 24 28 35 70 80 1680
2 3 16 24 28 35 70 112 1680
2 3 16 24 28 35 80 84 1680
2 3 16 24 28 35 80 105 1680
2 3 16 24 28 35 80 112 1680
2 3 16 24 28 35 80 120 1680
2 3 16 24 28 35 105 112 1680
2 3 16 24 28 35 112 120 1680
2 3 16 24 28 36 48 63 1008
2 3 16 24 28 36 48 126 1008
2 3 16 24 28 36 63 112 1008
2 3 16 24 28 36 72 112 1008
2 3 16 24 28 36 112 126 1008
2 3 16 24 28 37 74 112 12432
2 3 16 24 28 37 111 112 12432
2 3 16 24 28 38 57 112 6384
2 3 16 24 28 38 76 112 6384
2 3 16 24 28 38 112 114 6384
2 3 16 24 28 39 48 91 4368
2 3 16 24 28 39 52 112 4368
2 3 16 24 28 39 78 112 4368
2 3 16 24 28 39 91 112 4368
2 3 16 24 28 39 104 112 4368
2 3 16 24 28 40 42 80 1680
2 3 16 24 28 40 48 70 1680
2 3 16 24 28 40 48 105 1680
2 3 16 24 28 40 56 80 1680
2 3 16 24 28 40 60 112 1680
2 3 16 24 28 40 70 80 1680
2 3 16 24 28 40 70 112 1680
2 3 16 24 28 40 80 84 1680
2 3 16 24 28 40 80 105 1680
2 3 16 24 28 40 80 112 1680
2 3 16 24 28 40 105 112 1680
2 3 16 24 28 40 112 120 1680
2 3 16 24 28 41 82 112 13776
2 3 16 24 28 41 112 123 13776
2 3 16 24 28 42 48 56 336
2 3 16 24 28 42 48 84 336
2 3 16 24 28 42 48 112 336
2 3 16 24 28 42 56 112 336
2 3 16 24 28 42 60 80 1680
2 3 16 24 28 42 70 80 1680
2 3 16 24 28 42 80 105 1680
2 3 16 24 28 42 80 120 1680
2 3 16 24 28 42 84 112 336
2 3 16 24 28 43 86 112 14448
2 3 16 24 28 44 48 77 3696
2 3 16 24 28 44 66 112 3696
2 3 16 24 28 44 77 112 3696
2 3 16 24 28 44 88 112 3696
2 3 16 24 28 45 63 80 5040
2 3 16 24 28 45 80 126 5040
2 3 16 24 28 45 90 112 5040
2 3 16 24 28 46 69 112 7728
2 3 16 24 28 46 92 112 7728
2 3 16 24 28 47 94 112 15792
2 3 16 24 28 48 49 98 2352
2 3 16 24 28 48 51 119 5712
2 3 16 24 28 48 52 91 4368
2 3 16 24 28 48 56 84 336
2 3 16 24 28 48 56 112 336
2 3 16 24 28 48 60 70 1680
2 3 16 24 28 48 60 105 1680
2 3 16 24 28 48 63 72 1008
2 3 16 24 28 48 63 126 1008
2 3 16 24 28 48 66 77 3696
2 3 16 24 28 48 68 119 5712
2 3 16 24 28 48 70 80 1680
2 3 16 24 28 48 70 105 1680
2 3 16 24 28 48 70 120 1680
2 3 16 24 28 48 72 126 1008
2 3 16 24 28 48 77 88 3696
2 3 16 24 28 48 78 91 4368
2 3 16 24 28 48 80 105 1680
2 3 16 24 28 48 84 112 336
2 3 16 24 28 48 91 104 4368
2 3 16 24 28 48 102 119 5712
2 3 16 24 28 48 105 120 1680
2 3 16 24 28 49 98 112 2352
2 3 16 24 28 50 75 112 8400
2 3 16 24 28 50 100 112 8400
2 3 16 24 28 51 68 112 5712
2 3 16 24 28 51 102 112 5712
2 3 16 24 28 51 112 119 5712
2 3 16 24 28 52 78 112 4368
2 3 16 24 28 52 91 112 4368
2 3 16 24 28 52 104 112 4368
2 3 16 24 28 53 106 112 17808
2 3 16 24 28 54 108 112 3024
2 3 16 24 28 55 77 80 18480
2 3 16 24 28 55 110 112 18480
2 3 16 24 28 56 60 80 1680
2 3 16 24 28 56 70 80 1680
2 3 16 24 28 56 80 105 1680
2 3 16 24 28 56 80 120 1680
2 3 16 24 28 56 84 112 336
2 3 16 24 28 57 76 112 6384
2 3 16 24 28 57 112 114 6384
2 3 16 24 28 58 87 112 9744
2 3 16 24 28 58 112 116 9744
2 3 16 24 28 59 112 118 19824
2 3 16 24 28 60 70 80 1680
2 3 16 24 28 60 70 112 1680
2 3 16 24 28 60 80 84 1680
2 3 16 24 28 60 80 105 1680
2 3 16 24 28 60 80 112 1680
2 3 16 24 28 60 105 112 1680
2 3 16 24 28 60 112 120 1680
2 3 16 24 28 61 112 122 20496
2 3 16 24 28 62 93 112 10416
2 3 16 24 28 62 112 124 10416
2 3 16 24 28 63 72 112 1008
2 3 16 24 28 63 80 90 5040
2 3 16 24 28 63 112 126 1008
2 3 16 24 28 65 80 91 21840
2 3 16 24 28 66 77 112 3696
2 3 16 24 28 66 88 112 3696
2 3 16 24 28 68 102 112 5712
2 3 16 24 28 68 112 119 5712
2 3 16 24 28 69 92 112 7728
2 3 16 24 28 70 80 84 1680
2 3 16 24 28 70 80 105 1680
2 3 16 24 28 70 80 112 1680
2 3 16 24 28 70 80 120 1680
2 3 16 24 28 70 105 112 1680
2 3 16 24 28 70 112 120 1680
2 3 16 24 28 72 112 126 1008
2 3 16 24 28 74 111 112 12432
2 3 16 24 28 75 100 112 8400
2 3 16 24 28 76 112 114 6384
2 3 16 24 28 77 80 110 18480
2 3 16 24 28 77 88 112 3696
2 3 16 24 28 78 91 112 4368
2 3 16 24 28 78 104 112 4368
2 3 16 24 28 80 84 105 1680
2 3 16 24 28 80 84 120 1680
2 3 16 24 28 80 85 119 28560
2 3 16 24 28 80 90 126 5040
2 3 16 24 28 80 105 112 1680
2 3 16 24 28 80 105 120 1680
2 3 16 24 28 80 112 120 1680
2 3 16 24 28 82 112 123 13776
2 3 16 24 28 87 112 116 9744
2 3 16 24 28 91 104 112 4368
2 3 16 24 28 93 112 124 10416
2 3 16 24 28 102 112 119 5712
2 3 16 24 29 30 58 80 6960
2 3 16 24 29 30 80 87 6960
2 3 16 24 29 30 80 116 6960
2 3 16 24 29 32 58 96 2784
2 3 16 24 29 32 87 96 2784
2 3 16 24 29 32 96 116 2784
2 3 16 24 29 40 58 80 6960
2 3 16 24 29 40 80 87 6960
2 3 16 24 29 40 80 116 6960
2 3 16 24 29 42 58 112 9744
2 3 16 24 29 42 87 112 9744
2 3 16 24 29 42 112 116 9744
2 3 16 24 29 48 58 87 1392
2 3 16 24 29 48 58 116 1392
2 3 16 24 29 48 87 116 1392
2 3 16 24 29 56 58 112 9744
2 3 16 24 29 56 87 112 9744
2 3 16 24 29 56 112 116 9744
2 3 16 24 29 58 60 80 6960
2 3 16 24 29 58 80 120 6960
2 3 16 24 29 58 84 112 9744
2 3 16 24 29 60 80 87 6960
2 3 16 24 29 60 80 116 6960
2 3 16 24 29 80 87 120 6960
2 3 16 24 29 80 116 120 6960
2 3 16 24 29 84 87 112 9744
2 3 16 24 29 84 112 116 9744
2 3 16 24 30 31 62 80 7440
2 3 16 24 30 31 80 93 7440
2 3 16 24 30 31 80 124 7440
2 3 16 24 30 32 40 96 480
2 3 16 24 30 32 60 96 480
2 3 16 24 30 32 80 96 480
2 3 16 24 30 32 96 120 480
2 3 16 24 30 33 44 80 2640
2 3 16 24 30 33 48 55 2640
2 3 16 24 30 33 48 110 2640
2 3 16 24 30 33 55 80 2640
2 3 16 24 30 33 66 80 2640
2 3 16 24 30 33 80 88 2640
2 3 16 24 30 33 80 110 2640
2 3 16 24 30 34 48 85 4080
2 3 16 24 30 34 51 80 4080
2 3 16 24 30 34 68 80 4080
2 3 16 24 30 34 80 85 4080
2 3 16 24 30 34 80 102 4080
2 3 16 24 30 35 40 112 1680
2 3 16 24 30 35 42 48 1680
2 3 16 24 30 35 42 80 1680
2 3 16 24 30 35 42 112 1680
2 3 16 24 30 35 48 56 1680
2 3 16 24 30 35 48 70 1680
2 3 16 24 30 35 48 84 1680
2 3 16 24 30 35 48 105 1680
2 3 16 24 30 35 48 112 1680
2 3 16 24 30 35 56 80 1680
2 3 16 24 30 35 56 112 1680
2 3 16 24 30 35 60 112 1680
2 3 16 24 30 35 70 80 1680
2 3 16 24 30 35 70 112 1680
2 3 16 24 30 35 80 84 1680
2 3 16 24 30 35 80 105 1680
2 3 16 24 30 35 80 112 1680
2 3 16 24 30 35 84 112 1680
2 3 16 24 30 35 105 112 1680
2 3 16 24 30 35 112 120 1680
2 3 16 24 30 36 45 48 720
2 3 16 24 30 36 45 80 720
2 3 16 24 30 36 48 90 720
2 3 16 24 30 36 72 80 720
2 3 16 24 30 36 80 90 720
2 3 16 24 30 37 74 80 8880
2 3 16 24 30 37 80 111 8880
2 3 16 24 30 38 48 95 4560
2 3 16 24 30 38 57 80 4560
2 3 16 24 30 38 76 80 4560
2 3 16 24 30 38 80 95 4560
2 3 16 24 30 38 80 114 4560
2 3 16 24 30 39 48 65 3120
2 3 16 24 30 39 52 80 3120
2 3 16 24 30 39 65 80 3120
2 3 16 24 30 39 78 80 3120
2 3 16 24 30 39 80 104 3120
2 3 16 24 30 40 42 112 1680
2 3 16 24 30 40 48 60 240
2 3 16 24 30 40 48 80 240
2 3 16 24 30 40 48 120 240
2 3 16 24 30 40 56 112 1680
2 3 16 24 30 40 60 80 240
2 3 16 24 30 40 70 112 1680
2 3 16 24 30 40 80 120 240
2 3 16 24 30 40 84 112 1680
2 3 16 24 30 40 105 112 1680
2 3 16 24 30 41 80 82 9840
2 3 16 24 30 41 80 123 9840
2 3 16 24 30 42 48 70 1680
2 3 16 24 30 42 48 105 1680
2 3 16 24 30 42 56 80 1680
2 3 16 24 30 42 60 112 1680
2 3 16 24 30 42 70 80 1680
2 3 16 24 30 42 70 112 1680
2 3 16 24 30 42 80 84 1680
2 3 16 24 30 42 80 105 1680
2 3 16 24 30 42 80 112 1680
2 3 16 24 30 42 105 112 1680
2 3 16 24 30 42 112 120 1680
2 3 16 24 30 43 80 86 10320
2 3 16 24 30 44 48 55 2640
2 3 16 24 30 44 48 110 2640
2 3 16 24 30 44 55 80 2640
2 3 16 24 30 44 66 80 2640
2 3 16 24 30 44 80 88 2640
2 3 16 24 30 44 80 110 2640
2 3 16 24 30 45 48 72 720
2 3 16 24 30 45 48 90 720
2 3 16 24 30 45 63 112 5040
2 3 16 24 30 45 72 80 720
2 3 16 24 30 45 80 90 720
2 3 16 24 30 45 112 126 5040
2 3 16 24 30 46 48 115 5520
2 3 16 24 30 46 69 80 5520
2 3 16 24 30 46 80 92 5520
2 3 16 24 30 46 80 115 5520
2 3 16 24 30 47 80 94 11280
2 3 16 24 30 48 50 75 1200
2 3 16 24 30 48 50 100 1200
2 3 16 24 30 48 51 85 4080
2 3 16 24 30 48 52 65 3120
2 3 16 24 30 48 55 66 2640
2 3 16 24 30 48 55 88 2640
2 3 16 24 30 48 55 110 2640
2 3 16 24 30 48 56 70 1680
2 3 16 24 30 48 56 105 1680
2 3 16 24 30 48 57 95 4560
2 3 16 24 30 48 60 80 240
2 3 16 24 30 48 60 120 240
2 3 16 24 30 48 65 78 3120
2 3 16 24 30 48 65 104 3120
2 3 16 24 30 48 66 110 2640
2 3 16 24 30 48 68 85 4080
2 3 16 24 30 48 69 115 5520
2 3 16 24 30 48 70 84 1680
2 3 16 24 30 48 70 105 1680
2 3 16 24 30 48 70 112 1680
2 3 16 24 30 48 72 90 720
2 3 16 24 30 48 75 100 1200
2 3 16 24 30 48 76 95 4560
2 3 16 24 30 48 80 120 240
2 3 16 24 30 48 84 105 1680
2 3 16 24 30 48 85 102 4080
2 3 16 24 30 48 88 110 2640
2 3 16 24 30 48 92 115 5520
2 3 16 24 30 48 95 114 4560
2 3 16 24 30 48 105 112 1680
2 3 16 24 30 49 80 98 11760
2 3 16 24 30 50 75 80 1200
2 3 16 24 30 50 80 100 1200
2 3 16 24 30 51 68 80 4080
2 3 16 24 30 51 80 85 4080
2 3 16 24 30 51 80 102 4080
2 3 16 24 30 52 65 80 3120
2 3 16 24 30 52 78 80 3120
2 3 16 24 30 52 80 104 3120
2 3 16 24 30 53 80 106 12720
2 3 16 24 30 54 80 108 2160
2 3 16 24 30 55 66 80 2640
2 3 16 24 30 55 77 112 18480
2 3 16 24 30 55 80 88 2640
2 3 16 24 30 55 80 110 2640
2 3 16 24 30 56 60 112 1680
2 3 16 24 30 56 70 80 1680
2 3 16 24 30 56 70 112 1680
2 3 16 24 30 56 80 84 1680
2 3 16 24 30 56 80 105 1680
2 3 16 24 30 56 80 112 1680
2 3 16 24 30 56 105 112 1680
2 3 16 24 30 56 112 120 1680
2 3 16 24 30 57 76 80 4560
2 3 16 24 30 57 80 95 4560
2 3 16 24 30 57 80 114 4560
2 3 16 24 30 58 80 87 6960
2 3 16 24 30 58 80 116 6960
2 3 16 24 30 59 80 118 14160
2 3 16 24 30 60 70 112 1680
2 3 16 24 30 60 80 120 240
2 3 16 24 30 60 84 112 1680
2 3 16 24 30 60 105 112 1680
2 3 16 24 30 61 80 122 14640
2 3 16 24 30 62 80 93 7440
2 3 16 24 30 62 80 124 7440
2 3 16 24 30 63 80 126 5040
2 3 16 24 30 63 90 112 5040
2 3 16 24 30 65 78 80 3120
2 3 16 24 30 65 80 104 3120
2 3 16 24 30 65 91 112 21840
2 3 16 24 30 66 80 88 2640
2 3 16 24 30 66 80 110 2640
2 3 16 24 30 68 80 85 4080
2 3 16 24 30 68 80 102 4080
2 3 16 24 30 69 80 92 5520
2 3 16 24 30 69 80 115 5520
2 3 16 24 30 70 80 84 1680
2 3 16 24 30 70 80 105 1680
2 3 16 24 30 70 80 112 1680
2 3 16 24 30 70 84 112 1680
2 3 16 24 30 70 105 112 1680
2 3 16 24 30 70 112 120 1680
2 3 16 24 30 72 80 90 720
2 3 16 24 30 74 80 111 8880
2 3 16 24 30 75 80 100 1200
2 3 16 24 30 76 80 95 4560
2 3 16 24 30 76 80 114 4560
2 3 16 24 30 77 110 112 18480
2 3 16 24 30 78 80 104 3120
2 3 16 24 30 80 82 123 9840
2 3 16 24 30 80 84 105 1680
2 3 16 24 30 80 84 112 1680
2 3 16 24 30 80 85 102 4080
2 3 16 24 30 80 87 116 6960
2 3 16 24 30 80 88 110 2640
2 3 16 24 30 80 92 115 5520
2 3 16 24 30 80 93 124 7440
2 3 16 24 30 80 95 114 4560
2 3 16 24 30 80 105 112 1680
2 3 16 24 30 84 105 112 1680
2 3 16 24 31 32 62 96 2976
2 3 16 24 31 32 93 96 2976
2 3 16 24 31 32 96 124 2976
2 3 16 24 31 40 62 80 7440
2 3 16 24 31 40 80 93 7440
2 3 16 24 31 40 80 124 7440
2 3 16 24 31 42 62 112 10416
2 3 16 24 31 42 93 112 10416
2 3 16 24 31 42 112 124 10416
2 3 16 24 31 48 62 93 1488
2 3 16 24 31 48 62 124 1488
2 3 16 24 31 48 93 124 1488
2 3 16 24 31 56 62 112 10416
2 3 16 24 31 56 93 112 10416
2 3 16 24 31 56 112 124 10416
2 3 16 24 31 60 62 80 7440
2 3 16 24 31 60 80 93 7440
2 3 16 24 31 60 80 124 7440
2 3 16 24 31 62 80 120 7440
2 3 16 24 31 62 84 112 10416
2 3 16 24 31 80 93 120 7440
2 3 16 24 31 84 93 112 10416
2 3 16 24 32 33 44 96 1056
2 3 16 24 32 33 66 96 1056
2 3 16 24 32 33 88 96 1056
2 3 16 24 32 34 51 96 1632
2 3 16 24 32 34 68 96 1632
2 3 16 24 32 34 96 102 1632
2 3 16 24 32 35 70 96 3360
2 3 16 24 32 35 96 105 3360
2 3 16 24 32 36 72 96 288
2 3 16 24 32 37 74 96 3552
2 3 16 24 32 37 96 111 3552
2 3 16 24 32 38 57 96 1824
2 3 16 24 32 38 76 96 1824
2 3 16 24 32 38 96 114 1824
2 3 16 24 32 39 52 96 1248
2 3 16 24 32 39 78 96 1248
2 3 16 24 32 39 96 104 1248
2 3 16 24 32 40 60 96 480
2 3 16 24 32 40 80 96 480
2 3 16 24 32 40 96 120 480
2 3 16 24 32 41 82 96 3936
2 3 16 24 32 41 96 123 3936
2 3 16 24 32 42 56 96 672
2 3 16 24 32 42 84 96 672
2 3 16 24 32 42 96 112 672
2 3 16 24 32 43 86 96 4128
2 3 16 24 32 44 66 96 1056
2 3 16 24 32 44 88 96 1056
2 3 16 24 32 45 90 96 1440
2 3 16 24 32 46 69 96 2208
2 3 16 24 32 46 92 96 2208
2 3 16 24 32 47 94 96 4512
2 3 16 24 32 49 96 98 4704
2 3 16 24 32 50 75 96 2400
2 3 16 24 32 50 96 100 2400
2 3 16 24 32 51 68 96 1632
2 3 16 24 32 51 96 102 1632
2 3 16 24 32 52 78 96 1248
2 3 16 24 32 52 96 104 1248
2 3 16 24 32 53 96 106 5088
2 3 16 24 32 54 96 108 864
2 3 16 24 32 55 96 110 5280
2 3 16 24 32 56 84 96 672
2 3 16 24 32 56 96 112 672
2 3 16 24 32 57 76 96 1824
2 3 16 24 32 57 96 114 1824
2 3 16 24 32 58 87 96 2784
2 3 16 24 32 58 96 116 2784
2 3 16 24 32 59 96 118 5664
2 3 16 24 32 60 80 96 480
2 3 16 24 32 60 96 120 480
2 3 16 24 32 61 96 122 5856
2 3 16 24 32 62 93 96 2976
2 3 16 24 32 62 96 124 2976
2 3 16 24 32 63 96 126 2016
2 3 16 24 32 66 88 96 1056
2 3 16 24 32 68 96 102 1632
2 3 16 24 32 69 92 96 2208
2 3 16 24 32 70 96 105 3360
2 3 16 24 32 74 96 111 3552
2 3 16 24 32 75 96 100 2400
2 3 16 24 32 76 96 114 1824
2 3 16 24 32 78 96 104 1248
2 3 16 24 33 35 55 112 18480
2 3 16 24 33 35 77 80 18480
2 3 16 24 33 35 110 112 18480
2 3 16 24 33 36 48 99 1584
2 3 16 24 33 40 44 80 2640
2 3 16 24 33 40 48 55 2640
2 3 16 24 33 40 48 110 2640
2 3 16 24 33 40 55 80 2640
2 3 16 24 33 40 66 80 2640
2 3 16 24 33 40 80 88 2640
2 3 16 24 33 40 80 110 2640
2 3 16 24 33 42 44 112 3696
2 3 16 24 33 42 48 77 3696
2 3 16 24 33 42 66 112 3696
2 3 16 24 33 42 77 112 3696
2 3 16 24 33 42 88 112 3696
2 3 16 24 33 44 48 66 528
2 3 16 24 33 44 48 88 528
2 3 16 24 33 44 55 80 2640
2 3 16 24 33 44 56 112 3696
2 3 16 24 33 44 60 80 2640
2 3 16 24 33 44 77 112 3696
2 3 16 24 33 44 80 110 2640
2 3 16 24 33 44 80 120 2640
2 3 16 24 33 44 84 112 3696
2 3 16 24 33 45 80 99 7920
2 3 16 24 33 48 55 60 2640
2 3 16 24 33 48 55 80 2640
2 3 16 24 33 48 55 110 2640
2 3 16 24 33 48 55 120 2640
2 3 16 24 33 48 56 77 3696
2 3 16 24 33 48 60 110 2640
2 3 16 24 33 48 66 88 528
2 3 16 24 33 48 72 99 1584
2 3 16 24 33 48 77 84 3696
2 3 16 24 33 48 77 112 3696
2 3 16 24 33 48 80 110 2640
2 3 16 24 33 48 110 120 2640
2 3 16 24 33 55 60 80 2640
2 3 16 24 33 55 66 80 2640
2 3 16 24 33 55 70 112 18480
2 3 16 24 33 55 80 88 2640
2 3 16 24 33 55 80 110 2640
2 3 16 24 33 55 80 120 2640
2 3 16 24 33 55 105 112 18480
2 3 16 24 33 56 66 112 3696
2 3 16 24 33 56 77 112 3696
2 3 16 24 33 56 88 112 3696
2 3 16 24 33 60 66 80 2640
2 3 16 24 33 60 80 88 2640
2 3 16 24 33 60 80 110 2640
2 3 16 24 33 63 99 112 11088
2 3 16 24 33 66 77 112 3696
2 3 16 24 33 66 80 110 2640
2 3 16 24 33 66 80 120 2640
2 3 16 24 33 66 84 112 3696
2 3 16 24 33 70 77 80 18480
2 3 16 24 33 70 110 112 18480
2 3 16 24 33 77 80 105 18480
2 3 16 24 33 77 84 112 3696
2 3 16 24 33 77 88 112 3696
2 3 16 24 33 80 88 110 2640
2 3 16 24 33 80 90 99 7920
2 3 16 24 34 35 80 119 28560
2 3 16 24 34 35 85 112 28560
2 3 16 24 34 40 48 85 4080
2 3 16 24 34 40 51 80 4080
2 3 16 24 34 40 68 80 4080
2 3 16 24 34 40 80 85 4080
2 3 16 24 34 40 80 102 4080
2 3 16 24 34 42 48 119 5712
2 3 16 24 34 42 51 112 5712
2 3 16 24 34 42 68 112 5712
2 3 16 24 34 42 102 112 5712
2 3 16 24 34 42 112 119 5712
2 3 16 24 34 48 51 68 816
2 3 16 24 34 48 51 102 816
2 3 16 24 34 48 56 119 5712
2 3 16 24 34 48 60 85 4080
2 3 16 24 34 48 68 102 816
2 3 16 24 34 48 80 85 4080
2 3 16 24 34 48 84 119 5712
2 3 16 24 34 48 85 120 4080
2 3 16 24 34 48 112 119 5712
2 3 16 24 34 51 56 112 5712
2 3 16 24 34 51 60 80 4080
2 3 16 24 34 51 80 85 4080
2 3 16 24 34 51 80 120 4080
2 3 16 24 34 51 84 112 5712
2 3 16 24 34 51 112 119 5712
2 3 16 24 34 56 68 112 5712
2 3 16 24 34 56 102 112 5712
2 3 16 24 34 56 112 119 5712
2 3 16 24 34 60 68 80 4080
2 3 16 24 34 60 80 85 4080
2 3 16 24 34 60 80 102 4080
2 3 16 24 34 68 80 85 4080
2 3 16 24 34 68 80 120 4080
2 3 16 24 34 68 84 112 5712
2 3 16 24 34 70 80 119 28560
2 3 16 24 34 70 85 112 28560
2 3 16 24 34 80 85 102 4080
2 3 16 24 35 36 45 112 5040
2 3 16 24 35 36 63 80 5040
2 3 16 24 35 36 80 126 5040
2 3 16 24 35 36 90 112 5040
2 3 16 24 35 38 95 112 31920
2 3 16 24 35 39 65 112 21840
2 3 16 24 35 39 80 91 21840
2 3 16 24 35 40 42 48 1680
2 3 16 24 35 40 42 80 1680
2 3 16 24 35 40 42 112 1680
2 3 16 24 35 40 48 56 1680
2 3 16 24 35 40 48 70 1680
2 3 16 24 35 40 48 84 1680
2 3 16 24 35 40 48 105 1680
2 3 16 24 35 40 48 112 1680
2 3 16 24 35 40 56 80 1680
2 3 16 24 35 40 56 112 1680
2 3 16 24 35 40 60 112 1680
2 3 16 24 35 40 70 80 1680
2 3 16 24 35 40 70 112 1680
2 3 16 24 35 40 80 84 1680
2 3 16 24 35 40 80 105 1680
2 3 16 24 35 40 80 112 1680
2 3 16 24 35 40 84 112 1680
2 3 16 24 35 40 105 112 1680
2 3 16 24 35 40 112 120 1680
2 3 16 24 35 42 48 60 1680
2 3 16 24 35 42 48 70 1680
2 3 16 24 35 42 48 80 1680
2 3 16 24 35 42 48 105 1680
2 3 16 24 35 42 48 120 1680
2 3 16 24 35 42 56 80 1680
2 3 16 24 35 42 60 80 1680
2 3 16 24 35 42 60 112 1680
2 3 16 24 35 42 70 80 1680
2 3 16 24 35 42 70 112 1680
2 3 16 24 35 42 80 84 1680
2 3 16 24 35 42 80 105 1680
2 3 16 24 35 42 80 112 1680
2 3 16 24 35 42 80 120 1680
2 3 16 24 35 42 105 112 1680
2 3 16 24 35 42 112 120 1680
2 3 16 24 35 44 55 112 18480
2 3 16 24 35 44 77 80 18480
2 3 16 24 35 44 110 112 18480
2 3 16 24 35 45 48 63 5040
2 3 16 24 35 45 48 126 5040
2 3 16 24 35 45 63 80 5040
2 3 16 24 35 45 63 112 5040
2 3 16 24 35 45 72 112 5040
2 3 16 24 35 45 80 126 5040
2 3 16 24 35 45 90 112 5040
2 3 16 24 35 45 112 126 5040
2 3 16 24 35 46 112 115 38640
2 3 16 24 35 48 55 77 18480
2 3 16 24 35 48 56 60 1680
2 3 16 24 35 48 56 70 1680
2 3 16 24 35 48 56 80 1680
2 3 16 24 35 48 56 105 1680
2 3 16 24 35 48 56 120 1680
2 3 16 24 35 48 60 70 1680
2 3 16 24 35 48 60 84 1680
2 3 16 24 35 48 60 105 1680
2 3 16 24 35 48 60 112 1680
2 3 16 24 35 48 63 90 5040
2 3 16 24 35 48 65 91 21840
2 3 16 24 35 48 70 80 1680
2 3 16 24 35 48 70 84 1680
2 3 16 24 35 48 70 105 1680
2 3 16 24 35 48 70 112 1680
2 3 16 24 35 48 70 120 1680
2 3 16 24 35 48 77 110 18480
2 3 16 24 35 48 80 84 1680
2 3 16 24 35 48 80 105 1680
2 3 16 24 35 48 80 112 1680
2 3 16 24 35 48 84 105 1680
2 3 16 24 35 48 84 120 1680
2 3 16 24 35 48 85 119 28560
2 3 16 24 35 48 90 126 5040
2 3 16 24 35 48 105 112 1680
2 3 16 24 35 48 105 120 1680
2 3 16 24 35 48 112 120 1680
2 3 16 24 35 49 80 98 11760
2 3 16 24 35 50 75 112 8400
2 3 16 24 35 50 100 112 8400
2 3 16 24 35 51 80 119 28560
2 3 16 24 35 51 85 112 28560
2 3 16 24 35 52 65 112 21840
2 3 16 24 35 52 80 91 21840
2 3 16 24 35 55 66 112 18480
2 3 16 24 35 55 77 80 18480
2 3 16 24 35 55 77 112 18480
2 3 16 24 35 55 88 112 18480
2 3 16 24 35 55 110 112 18480
2 3 16 24 35 56 60 80 1680
2 3 16 24 35 56 60 112 1680
2 3 16 24 35 56 70 80 1680
2 3 16 24 35 56 70 112 1680
2 3 16 24 35 56 80 84 1680
2 3 16 24 35 56 80 105 1680
2 3 16 24 35 56 80 112 1680
2 3 16 24 35 56 80 120 1680
2 3 16 24 35 56 105 112 1680
2 3 16 24 35 56 112 120 1680
2 3 16 24 35 57 95 112 31920
2 3 16 24 35 60 70 80 1680
2 3 16 24 35 60 70 112 1680
2 3 16 24 35 60 80 84 1680
2 3 16 24 35 60 80 105 1680
2 3 16 24 35 60 80 112 1680
2 3 16 24 35 60 84 112 1680
2 3 16 24 35 60 105 112 1680
2 3 16 24 35 63 72 80 5040
2 3 16 24 35 63 80 90 5040
2 3 16 24 35 63 80 126 5040
2 3 16 24 35 63 90 112 5040
2 3 16 24 35 65 78 112 21840
2 3 16 24 35 65 80 91 21840
2 3 16 24 35 65 91 112 21840
2 3 16 24 35 66 77 80 18480
2 3 16 24 35 68 80 119 28560
2 3 16 24 35 68 85 112 28560
2 3 16 24 35 70 80 84 1680
2 3 16 24 35 70 80 105 1680
2 3 16 24 35 70 80 112 1680
2 3 16 24 35 70 80 120 1680
2 3 16 24 35 70 84 112 1680
2 3 16 24 35 72 80 126 5040
2 3 16 24 35 77 80 88 18480
2 3 16 24 35 77 80 110 18480
2 3 16 24 35 78 80 91 21840
2 3 16 24 36 39 48 117 1872
2 3 16 24 36 40 45 48 720
2 3 16 24 36 40 45 80 720
2 3 16 24 36 40 48 90 720
2 3 16 24 36 40 72 80 720
2 3 16 24 36 40 80 90 720
2 3 16 24 36 42 48 63 1008
2 3 16 24 36 42 48 126 1008
2 3 16 24 36 42 63 112 1008
2 3 16 24 36 42 72 112 1008
2 3 16 24 36 42 112 126 1008
2 3 16 24 36 44 48 99 1584
2 3 16 24 36 45 48 60 720
2 3 16 24 36 45 48 80 720
2 3 16 24 36 45 48 90 720
2 3 16 24 36 45 48 120 720
2 3 16 24 36 45 60 80 720
2 3 16 24 36 45 70 112 5040
2 3 16 24 36 45 72 80 720
2 3 16 24 36 45 80 90 720
2 3 16 24 36 45 80 120 720
2 3 16 24 36 45 105 112 5040
2 3 16 24 36 48 52 117 1872
2 3 16 24 36 48 54 108 432
2 3 16 24 36 48 56 63 1008
2 3 16 24 36 48 56 126 1008
2 3 16 24 36 48 60 90 720
2 3 16 24 36 48 63 84 1008
2 3 16 24 36 48 63 112 1008
2 3 16 24 36 48 63 126 1008
2 3 16 24 36 48 66 99 1584
2 3 16 24 36 48 78 117 1872
2 3 16 24 36 48 80 90 720
2 3 16 24 36 48 84 126 1008
2 3 16 24 36 48 88 99 1584
2 3 16 24 36 48 90 120 720
2 3 16 24 36 48 104 117 1872
2 3 16 24 36 48 112 126 1008
2 3 16 24 36 55 80 99 7920
2 3 16 24 36 56 63 112 1008
2 3 16 24 36 56 72 112 1008
2 3 16 24 36 60 72 80 720
2 3 16 24 36 60 80 90 720
2 3 16 24 36 63 70 80 5040
2 3 16 24 36 63 72 112 1008
2 3 16 24 36 63 80 105 5040
2 3 16 24 36 63 84 112 1008
2 3 16 24 36 65 80 117 9360
2 3 16 24 36 72 80 90 720
2 3 16 24 37 40 74 80 8880
2 3 16 24 37 40 80 111 8880
2 3 16 24 37 42 74 112 12432
2 3 16 24 37 42 111 112 12432
2 3 16 24 37 48 74 111 1776
2 3 16 24 37 56 74 112 12432
2 3 16 24 37 56 111 112 12432
2 3 16 24 37 60 74 80 8880
2 3 16 24 37 60 80 111 8880
2 3 16 24 38 40 48 95 4560
2 3 16 24 38 40 57 80 4560
2 3 16 24 38 40 76 80 4560
2 3 16 24 38 40 80 95 4560
2 3 16 24 38 40 80 114 4560
2 3 16 24 38 42 57 112 6384
2 3 16 24 38 42 76 112 6384
2 3 16 24 38 42 112 114 6384
2 3 16 24 38 48 57 76 912
2 3 16 24 38 48 57 114 912
2 3 16 24 38 48 60 95 4560
2 3 16 24 38 48 76 114 912
2 3 16 24 38 48 80 95 4560
2 3 16 24 38 48 95 120 4560
2 3 16 24 38 56 57 112 6384
2 3 16 24 38 56 76 112 6384
2 3 16 24 38 57 60 80 4560
2 3 16 24 38 57 80 95 4560
2 3 16 24 38 57 80 120 4560
2 3 16 24 38 57 84 112 6384
2 3 16 24 38 60 76 80 4560
2 3 16 24 38 60 80 95 4560
2 3 16 24 38 60 80 114 4560
2 3 16 24 39 40 48 65 3120
2 3 16 24 39 40 52 80 3120
2 3 16 24 39 40 65 80 3120
2 3 16 24 39 40 78 80 3120
2 3 16 24 39 40 80 104 3120
2 3 16 24 39 42 48 91 4368
2 3 16 24 39 42 52 112 4368
2 3 16 24 39 42 78 112 4368
2 3 16 24 39 42 91 112 4368
2 3 16 24 39 42 104 112 4368
2 3 16 24 39 45 80 117 9360
2 3 16 24 39 48 52 78 624
2 3 16 24 39 48 52 104 624
2 3 16 24 39 48 56 91 4368
2 3 16 24 39 48 60 65 3120
2 3 16 24 39 48 65 80 3120
2 3 16 24 39 48 65 120 3120
2 3 16 24 39 48 72 117 1872
2 3 16 24 39 48 78 104 624
2 3 16 24 39 48 84 91 4368
2 3 16 24 39 48 91 112 4368
2 3 16 24 39 52 56 112 4368
2 3 16 24 39 52 60 80 3120
2 3 16 24 39 52 65 80 3120
2 3 16 24 39 52 80 120 3120
2 3 16 24 39 52 84 112 4368
2 3 16 24 39 52 91 112 4368
2 3 16 24 39 56 78 112 4368
2 3 16 24 39 56 91 112 4368
2 3 16 24 39 60 65 80 3120
2 3 16 24 39 60 78 80 3120
2 3 16 24 39 60 80 104 3120
2 3 16 24 39 65 70 112 21840
2 3 16 24 39 65 78 80 3120
2 3 16 24 39 65 80 104 3120
2 3 16 24 39 70 80 91 21840
2 3 16 24 40 41 80 82 9840
2 3 16 24 40 41 80 123 9840
2 3 16 24 40 42 48 70 1680
2 3 16 24 40 42 48 105 1680
2 3 16 24 40 42 56 80 1680
2 3 16 24 40 42 60 112 1680
2 3 16 24 40 42 70 80 1680
2 3 16 24 40 42 70 112 1680
2 3 16 24 40 42 80 84 1680
2 3 16 24 40 42 80 105 1680
2 3 16 24 40 42 80 112 1680
2 3 16 24 40 42 105 112 1680
2 3 16 24 40 42 112 120 1680
2 3 16 24 40 43 80 86 10320
2 3 16 24 40 44 48 55 2640
2 3 16 24 40 44 48 110 2640
2 3 16 24 40 44 55 80 2640
2 3 16 24 40 44 66 80 2640
2 3 16 24 40 44 80 88 2640
2 3 16 24 40 44 80 110 2640
2 3 16 24 40 45 48 72 720
2 3 16 24 40 45 48 90 720
2 3 16 24 40 45 63 112 5040
2 3 16 24 40 45 72 80 720
2 3 16 24 40 45 80 90 720
2 3 16 24 40 45 112 126 5040
2 3 16 24 40 46 48 115 5520
2 3 16 24 40 46 69 80 5520
2 3 16 24 40 46 80 92 5520
2 3 16 24 40 46 80 115 5520
2 3 16 24 40 47 80 94 11280
2 3 16 24 40 48 50 75 1200
2 3 16 24 40 48 50 100 1200
2 3 16 24 40 48 51 85 4080
2 3 16 24 40 48 52 65 3120
2 3 16 24 40 48 55 66 2640
2 3 16 24 40 48 55 88 2640
2 3 16 24 40 48 55 110 2640
2 3 16 24 40 48 56 70 1680
2 3 16 24 40 48 56 105 1680
2 3 16 24 40 48 57 95 4560
2 3 16 24 40 48 60 80 240
2 3 16 24 40 48 60 120 240
2 3 16 24 40 48 65 78 3120
2 3 16 24 40 48 65 104 3120
2 3 16 24 40 48 66 110 2640
2 3 16 24 40 48 68 85 4080
2 3 16 24 40 48 69 115 5520
2 3 16 24 40 48 70 84 1680
2 3 16 24 40 48 70 105 1680
2 3 16 24 40 48 70 112 1680
2 3 16 24 40 48 72 90 720
2 3 16 24 40 48 75 100 1200
2 3 16 24 40 48 76 95 4560
2 3 16 24 40 48 80 120 240
2 3 16 24 40 48 84 105 1680
2 3 16 24 40 48 85 102 4080
2 3 16 24 40 48 88 110 2640
2 3 16 24 40 48 92 115 5520
2 3 16 24 40 48 95 114 4560
2 3 16 24 40 48 105 112 1680
2 3 16 24 40 49 80 98 11760
2 3 16 24 40 50 75 80 1200
2 3 16 24 40 50 80 100 1200
2 3 16 24 40 51 68 80 4080
2 3 16 24 40 51 80 85 4080
2 3 16 24 40 51 80 102 4080
2 3 16 24 40 52 65 80 3120
2 3 16 24 40 52 78 80 3120
2 3 16 24 40 52 80 104 3120
2 3 16 24 40 53 80 106 12720
2 3 16 24 40 54 80 108 2160
2 3 16 24 40 55 66 80 2640
2 3 16 24 40 55 77 112 18480
2 3 16 24 40 55 80 88 2640
2 3 16 24 40 55 80 110 2640
2 3 16 24 40 56 60 112 1680
2 3 16 24 40 56 70 80 1680
2 3 16 24 40 56 70 112 1680
2 3 16 24 40 56 80 84 1680
2 3 16 24 40 56 80 105 1680
2 3 16 24 40 56 80 112 1680
2 3 16 24 40 57 76 80 4560
2 3 16 24 40 57 80 95 4560
2 3 16 24 40 57 80 114 4560
2 3 16 24 40 58 80 87 6960
2 3 16 24 40 58 80 116 6960
2 3 16 24 40 59 80 118 14160
2 3 16 24 40 60 70 112 1680
2 3 16 24 40 62 80 93 7440
2 3 16 24 40 65 78 80 3120
2 3 16 24 40 66 80 88 2640
2 3 16 24 40 68 80 85 4080
2 3 16 24 40 69 80 92 5520
2 3 16 24 40 70 80 84 1680
2 3 16 24 41 42 82 112 13776
2 3 16 24 41 42 112 123 13776
2 3 16 24 41 48 82 123 1968
2 3 16 24 41 56 82 112 13776
2 3 16 24 41 60 80 82 9840
2 3 16 24 42 43 86 112 14448
2 3 16 24 42 44 48 77 3696
2 3 16 24 42 44 66 112 3696
2 3 16 24 42 44 77 112 3696
2 3 16 24 42 44 88 112 3696
2 3 16 24 42 45 63 80 5040
2 3 16 24 42 45 80 126 5040
2 3 16 24 42 45 90 112 5040
2 3 16 24 42 46 69 112 7728
2 3 16 24 42 46 92 112 7728
2 3 16 24 42 47 94 112 15792
2 3 16 24 42 48 49 98 2352
2 3 16 24 42 48 51 119 5712
2 3 16 24 42 48 52 91 4368
2 3 16 24 42 48 56 84 336
2 3 16 24 42 48 56 112 336
2 3 16 24 42 48 60 70 1680
2 3 16 24 42 48 60 105 1680
2 3 16 24 42 48 63 72 1008
2 3 16 24 42 48 63 126 1008
2 3 16 24 42 48 66 77 3696
2 3 16 24 42 48 68 119 5712
2 3 16 24 42 48 70 80 1680
2 3 16 24 42 48 70 105 1680
2 3 16 24 42 48 70 120 1680
2 3 16 24 42 48 72 126 1008
2 3 16 24 42 48 77 88 3696
2 3 16 24 42 48 78 91 4368
2 3 16 24 42 48 80 105 1680
2 3 16 24 42 48 84 112 336
2 3 16 24 42 48 91 104 4368
2 3 16 24 42 48 102 119 5712
2 3 16 24 42 49 98 112 2352
2 3 16 24 42 50 75 112 8400
2 3 16 24 42 50 100 112 8400
2 3 16 24 42 51 68 112 5712
2 3 16 24 42 52 78 112 4368
2 3 16 24 42 52 91 112 4368
2 3 16 24 42 55 77 80 18480
2 3 16 24 42 56 60 80 1680
2 3 16 24 42 56 70 80 1680
2 3 16 24 42 56 80 105 1680
2 3 16 24 42 57 76 112 6384
2 3 16 24 42 60 70 80 1680
2 3 16 24 42 60 70 112 1680
2 3 16 24 42 60 80 84 1680
2 3 16 24 42 63 80 90 5040
2 3 16 24 42 65 80 91 21840
2 3 16 24 43 60 80 86 10320
2 3 16 24 44 45 80 99 7920
2 3 16 24 44 48 55 60 2640
2 3 16 24 44 48 55 80 2640
2 3 16 24 44 48 55 110 2640
2 3 16 24 44 48 55 120 2640
2 3 16 24 44 48 56 77 3696
2 3 16 24 44 48 60 110 2640
2 3 16 24 44 48 66 88 528
2 3 16 24 44 48 72 99 1584
2 3 16 24 44 48 77 84 3696
2 3 16 24 44 48 77 112 3696
2 3 16 24 44 48 80 110 2640
2 3 16 24 44 55 60 80 2640
2 3 16 24 44 55 66 80 2640
2 3 16 24 44 55 70 112 18480
2 3 16 24 44 55 80 88 2640
2 3 16 24 44 56 66 112 3696
2 3 16 24 44 60 66 80 2640
2 3 16 24 44 60 80 88 2640
2 3 16 24 45 48 55 99 7920
2 3 16 24 45 48 60 72 720
2 3 16 24 45 48 60 90 720
2 3 16 24 45 48 63 70 5040
2 3 16 24 45 48 63 105 5040
2 3 16 24 45 48 65 117 9360
2 3 16 24 45 48 70 126 5040
2 3 16 24 45 48 72 80 720
2 3 16 24 45 48 72 90 720
2 3 16 24 45 48 72 120 720
2 3 16 24 45 48 80 90 720
2 3 16 24 45 55 80 99 7920
2 3 16 24 45 56 63 80 5040
2 3 16 24 45 60 63 112 5040
2 3 16 24 45 60 72 80 720
2 3 16 24 45 63 70 80 5040
2 3 16 24 46 48 60 115 5520
2 3 16 24 46 48 69 92 1104
2 3 16 24 46 48 80 115 5520
2 3 16 24 46 56 69 112 7728
2 3 16 24 46 60 69 80 5520
2 3 16 24 48 49 56 98 2352
2 3 16 24 48 49 84 98 2352
2 3 16 24 48 50 60 75 1200
2 3 16 24 48 50 60 100 1200
2 3 16 24 48 50 75 80 1200
2 3 16 24 48 50 75 100 1200
2 3 16 24 48 50 80 100 1200
2 3 16 24 48 51 56 119 5712
2 3 16 24 48 51 60 85 4080
2 3 16 24 48 51 68 102 816
2 3 16 24 48 51 80 85 4080
2 3 16 24 48 52 56 91 4368
2 3 16 24 48 52 60 65 3120
2 3 16 24 48 52 65 80 3120
2 3 16 24 48 52 65 120 3120
2 3 16 24 48 52 84 91 4368
2 3 16 24 48 55 60 66 2640
2 3 16 24 48 55 60 88 2640
2 3 16 24 48 55 60 110 2640
2 3 16 24 48 55 66 80 2640
2 3 16 24 48 55 66 110 2640
2 3 16 24 48 55 70 77 18480
2 3 16 24 48 55 80 88 2640
2 3 16 24 48 56 60 70 1680
2 3 16 24 48 56 60 105 1680
2 3 16 24 48 56 63 72 1008
2 3 16 24 48 56 66 77 3696
2 3 16 24 48 56 70 80 1680
2 3 16 24 48 56 77 88 3696
2 3 16 24 48 57 60 95 4560
2 3 16 24 48 60 65 78 3120
2 3 16 24 48 60 68 85 4080
2 3 16 24 48 60 70 84 1680
2 3 16 24 51 60 68 80 4080
2 3 16 24 52 60 65 80 3120
2 3 16 25 26 39 48 50 15600
2 3 16 25 26 39 48 75 15600
2 3 16 25 26 39 48 100 15600
2 3 16 25 26 39 50 80 15600
2 3 16 25 26 39 75 80 15600
2 3 16 25 26 39 80 100 15600
2 3 16 25 26 48 50 52 15600
2 3 16 25 26 48 50 65 15600
2 3 16 25 26 48 50 78 15600
2 3 16 25 26 48 50 104 15600
2 3 16 25 26 48 52 75 15600
2 3 16 25 26 48 52 100 15600
2 3 16 25 26 48 65 75 15600
2 3 16 25 26 48 65 100 15600
2 3 16 25 26 48 75 78 15600
2 3 16 25 26 48 75 104 15600
2 3 16 25 26 48 78 100 15600
2 3 16 25 26 48 100 104 15600
2 3 16 25 26 50 78 80 15600
2 3 16 25 26 52 75 80 15600
2 3 16 25 26 65 75 80 15600
2 3 16 25 26 75 78 80 15600
2 3 16 25 26 75 80 104 15600
2 3 16 25 26 75 91 112 109200
2 3 16 25 26 78 80 100 15600
2 3 16 25 27 48 50 54 10800
2 3 16 25 27 48 50 108 10800
2 3 16 25 27 48 54 75 10800
2 3 16 25 27 48 54 100 10800
2 3 16 25 27 48 75 108 10800
2 3 16 25 27 48 100 108 10800
2 3 16 25 27 50 54 80 10800
2 3 16 25 27 50 80 108 10800
2 3 16 25 27 54 75 80 10800
2 3 16 25 27 54 80 100 10800
2 3 16 25 27 75 80 108 10800
2 3 16 25 27 80 100 108 10800
2 3 16 25 28 30 50 112 8400
2 3 16 25 28 30 75 112 8400
2 3 16 25 28 30 100 112 8400
2 3 16 25 28 35 48 50 8400
2 3 16 25 28 35 48 75 8400
2 3 16 25 28 35 48 100 8400
2 3 16 25 28 35 75 80 8400
2 3 16 25 28 35 75 112 8400
2 3 16 25 28 40 75 112 8400
2 3 16 25 28 42 48 50 8400
2 3 16 25 28 42 48 75 8400
2 3 16 25 28 42 48 100 8400
2 3 16 25 28 42 50 80 8400
2 3 16 25 28 42 50 112 8400
2 3 16 25 28 42 75 80 8400
2 3 16 25 28 42 75 112 8400
2 3 16 25 28 42 80 100 8400
2 3 16 25 28 42 100 112 8400
2 3 16 25 28 48 50 56 8400
2 3 16 25 28 48 50 70 8400
2 3 16 25 28 48 50 84 8400
2 3 16 25 28 48 50 105 8400
2 3 16 25 28 48 50 112 8400
2 3 16 25 28 48 56 75 8400
2 3 16 25 28 48 56 100 8400
2 3 16 25 28 48 70 75 8400
2 3 16 25 28 48 70 100 8400
2 3 16 25 28 48 75 84 8400
2 3 16 25 28 48 75 105 8400
2 3 16 25 28 48 75 112 8400
2 3 16 25 28 48 84 100 8400
2 3 16 25 28 48 100 105 8400
2 3 16 25 28 48 100 112 8400
2 3 16 25 28 50 60 112 8400
2 3 16 25 28 50 75 112 8400
2 3 16 25 28 50 80 84 8400
2 3 16 25 28 50 80 105 8400
2 3 16 25 28 50 84 112 8400
2 3 16 25 28 50 105 112 8400
2 3 16 25 28 50 112 120 8400
2 3 16 25 28 56 75 80 8400
2 3 16 25 28 56 75 112 8400
2 3 16 25 28 60 75 112 8400
2 3 16 25 28 60 100 112 8400
2 3 16 25 28 70 75 80 8400
2 3 16 25 28 70 75 112 8400
2 3 16 25 28 75 80 84 8400
2 3 16 25 28 75 80 105 8400
2 3 16 25 28 75 80 112 8400
2 3 16 25 28 75 84 112 8400
2 3 16 25 28 75 100 112 8400
2 3 16 25 28 75 105 112 8400
2 3 16 25 28 75 112 120 8400
2 3 16 25 28 80 84 100 8400
2 3 16 25 28 80 100 105 8400
2 3 16 25 28 84 100 112 8400
2 3 16 25 29 48 50 58 34800
2 3 16 25 29 48 50 87 34800
2 3 16 25 29 48 50 116 34800
2 3 16 25 29 48 58 75 34800
2 3 16 25 29 48 58 100 34800
2 3 16 25 29 48 75 87 34800
2 3 16 25 29 48 75 116 34800
2 3 16 25 29 48 87 100 34800
2 3 16 25 29 48 100 116 34800
2 3 16 25 29 50 80 87 34800
2 3 16 25 29 58 75 80 34800
2 3 16 25 29 75 80 87 34800
2 3 16 25 29 75 80 116 34800
2 3 16 25 29 80 87 100 34800
2 3 16 25 30 32 50 96 2400
2 3 16 25 30 32 75 96 2400
2 3 16 25 30 32 96 100 2400
2 3 16 25 30 35 50 112 8400
2 3 16 25 30 35 75 112 8400
2 3 16 25 30 35 100 112 8400
2 3 16 25 30 40 48 50 1200
2 3 16 25 30 40 48 75 1200
2 3 16 25 30 40 48 100 1200
2 3 16 25 30 40 50 80 1200
2 3 16 25 30 40 75 80 1200
2 3 16 25 30 40 80 100 1200
2 3 16 25 30 42 50 112 8400
2 3 16 25 30 42 75 112 8400
2 3 16 25 30 42 100 112 8400
2 3 16 25 30 48 50 60 1200
2 3 16 25 30 48 50 75 1200
2 3 16 25 30 48 50 80 1200
2 3 16 25 30 48 50 100 1200
2 3 16 25 30 48 50 120 1200
2 3 16 25 30 48 60 75 1200
2 3 16 25 30 48 60 100 1200
2 3 16 25 30 48 75 80 1200
2 3 16 25 30 48 75 100 1200
2 3 16 25 30 48 75 120 1200
2 3 16 25 30 48 80 100 1200
2 3 16 25 30 48 100 120 1200
2 3 16 25 30 50 56 112 8400
2 3 16 25 30 50 60 80 1200
2 3 16 25 30 50 70 112 8400
2 3 16 25 30 50 75 80 1200
2 3 16 25 30 50 80 100 1200
2 3 16 25 30 50 80 120 1200
2 3 16 25 30 50 84 112 8400
2 3 16 25 30 50 105 112 8400
2 3 16 25 30 56 75 112 8400
2 3 16 25 30 56 100 112 8400
2 3 16 25 30 60 75 80 1200
2 3 16 25 30 60 80 100 1200
2 3 16 25 30 70 75 112 8400
2 3 16 25 30 70 100 112 8400
2 3 16 25 30 75 80 100 1200
2 3 16 25 30 75 80 120 1200
2 3 16 25 30 75 84 112 8400
2 3 16 25 30 75 105 112 8400
2 3 16 25 31 48 50 62 37200
2 3 16 25 31 48 50 93 37200
2 3 16 25 31 48 50 124 37200
2 3 16 25 31 48 62 75 37200
2 3 16 25 31 48 62 100 37200
2 3 16 25 31 48 75 93 37200
2 3 16 25 31 48 75 124 37200
2 3 16 25 31 48 93 100 37200
2 3 16 25 31 48 100 124 37200
2 3 16 25 31 50 80 93 37200
2 3 16 25 31 62 75 80 37200
2 3 16 25 31 75 80 93 37200
2 3 16 25 31 75 80 124 37200
2 3 16 25 31 80 93 100 37200
2 3 16 25 32 40 50 96 2400
2 3 16 25 32 40 75 96 2400
2 3 16 25 32 40 96 100 2400
2 3 16 25 32 48 50 96 2400
2 3 16 25 32 48 75 96 2400
2 3 16 25 32 48 96 100 2400
2 3 16 25 32 50 60 96 2400
2 3 16 25 32 50 75 96 2400
2 3 16 25 32 50 80 96 2400
2 3 16 25 32 50 96 100 2400
2 3 16 25 32 50 96 120 2400
2 3 16 25 32 60 75 96 2400
2 3 16 25 32 60 96 100 2400
2 3 16 25 32 75 80 96 2400
2 3 16 25 32 75 96 100 2400
2 3 16 25 33 44 48 50 13200
2 3 16 25 33 44 48 75 13200
2 3 16 25 33 44 48 100 13200
2 3 16 25 33 44 50 80 13200
2 3 16 25 33 44 75 80 13200
2 3 16 25 33 44 80 100 13200
2 3 16 25 33 48 50 55 13200
2 3 16 25 33 48 50 66 13200
2 3 16 25 33 48 50 88 13200
2 3 16 25 33 48 50 110 13200
2 3 16 25 33 48 55 75 13200
2 3 16 25 33 48 55 100 13200
2 3 16 25 33 48 66 75 13200
2 3 16 25 33 48 66 100 13200
2 3 16 25 33 48 75 88 13200
2 3 16 25 33 48 75 110 13200
2 3 16 25 33 48 88 100 13200
2 3 16 25 33 48 100 110 13200
2 3 16 25 33 50 55 80 13200
2 3 16 25 33 50 66 80 13200
2 3 16 25 33 50 77 112 92400
2 3 16 25 33 50 80 88 13200
2 3 16 25 33 50 80 110 13200
2 3 16 25 33 55 75 80 13200
2 3 16 25 33 55 80 100 13200
2 3 16 25 33 66 75 80 13200
2 3 16 25 33 66 80 100 13200
2 3 16 25 33 75 77 112 92400
2 3 16 25 33 75 80 88 13200
2 3 16 25 33 75 80 110 13200
2 3 16 25 34 48 50 51 20400
2 3 16 25 34 48 50 68 20400
2 3 16 25 34 48 50 85 20400
2 3 16 25 34 48 50 102 20400
2 3 16 25 34 48 51 75 20400
2 3 16 25 34 48 51 100 20400
2 3 16 25 34 48 68 75 20400
2 3 16 25 34 48 68 100 20400
2 3 16 25 34 48 75 85 20400
2 3 16 25 34 48 75 102 20400
2 3 16 25 34 48 85 100 20400
2 3 16 25 34 48 100 102 20400
2 3 16 25 34 50 51 80 20400
2 3 16 25 34 50 80 102 20400
2 3 16 25 34 51 75 80 20400
2 3 16 25 34 51 80 100 20400
2 3 16 25 34 68 75 80 20400
2 3 16 25 34 75 80 85 20400
2 3 16 25 34 75 80 102 20400
2 3 16 25 35 40 75 112 8400
2 3 16 25 35 42 48 50 8400
2 3 16 25 35 42 48 75 8400
2 3 16 25 35 42 48 100 8400
2 3 16 25 35 42 50 80 8400
2 3 16 25 35 42 50 112 8400
2 3 16 25 35 42 75 80 8400
2 3 16 25 35 42 75 112 8400
2 3 16 25 35 42 80 100 8400
2 3 16 25 35 42 100 112 8400
2 3 16 25 35 48 50 56 8400
2 3 16 25 35 48 50 70 8400
2 3 16 25 35 48 50 84 8400
2 3 16 25 35 48 50 105 8400
2 3 16 25 35 48 50 112 8400
2 3 16 25 35 48 56 75 8400
2 3 16 25 35 48 56 100 8400
2 3 16 25 35 48 70 75 8400
2 3 16 25 35 48 70 100 8400
2 3 16 25 35 48 75 84 8400
2 3 16 25 35 48 75 105 8400
2 3 16 25 35 48 75 112 8400
2 3 16 25 35 48 84 100 8400
2 3 16 25 35 48 100 105 8400
2 3 16 25 35 48 100 112 8400
2 3 16 25 35 50 60 112 8400
2 3 16 25 35 50 75 112 8400
2 3 16 25 35 50 80 84 8400
2 3 16 25 35 50 80 105 8400
2 3 16 25 35 50 84 112 8400
2 3 16 25 35 50 105 112 8400
2 3 16 25 35 50 112 120 8400
2 3 16 25 35 56 75 80 8400
2 3 16 25 35 56 75 112 8400
2 3 16 25 35 60 75 112 8400
2 3 16 25 35 70 75 80 8400
2 3 16 25 35 70 75 112 8400
2 3 16 25 35 75 80 84 8400
2 3 16 25 36 45 48 50 3600
2 3 16 25 36 45 48 75 3600
2 3 16 25 36 45 48 100 3600
2 3 16 25 36 45 50 80 3600
2 3 16 25 36 45 75 80 3600
2 3 16 25 36 45 80 100 3600
2 3 16 25 36 48 50 72 3600
2 3 16 25 36 48 50 90 3600
2 3 16 25 36 48 72 75 3600
2 3 16 25 36 48 72 100 3600
2 3 16 25 36 48 75 90 3600
2 3 16 25 36 48 90 100 3600
2 3 16 25 36 50 63 112 25200
2 3 16 25 36 50 72 80 3600
2 3 16 25 36 50 80 90 3600
2 3 16 25 36 50 112 126 25200
2 3 16 25 36 63 75 112 25200
2 3 16 25 36 72 75 80 3600
2 3 16 25 36 75 80 90 3600
2 3 16 25 37 48 50 74 44400
2 3 16 25 37 48 50 111 44400
2 3 16 25 37 48 74 75 44400
2 3 16 25 37 48 74 100 44400
2 3 16 25 37 48 75 111 44400
2 3 16 25 37 48 100 111 44400
2 3 16 25 37 50 80 111 44400
2 3 16 25 37 74 75 80 44400
2 3 16 25 38 48 50 57 22800
2 3 16 25 38 48 50 76 22800
2 3 16 25 38 48 50 95 22800
2 3 16 25 38 48 50 114 22800
2 3 16 25 38 48 57 75 22800
2 3 16 25 38 48 57 100 22800
2 3 16 25 38 48 75 76 22800
2 3 16 25 38 48 75 95 22800
2 3 16 25 38 48 75 114 22800
2 3 16 25 38 48 76 100 22800
2 3 16 25 38 48 95 100 22800
2 3 16 25 38 48 100 114 22800
2 3 16 25 38 50 57 80 22800
2 3 16 25 38 50 80 114 22800
2 3 16 25 38 57 75 80 22800
2 3 16 25 38 57 80 100 22800
2 3 16 25 38 75 76 80 22800
2 3 16 25 39 48 50 52 15600
2 3 16 25 39 48 50 65 15600
2 3 16 25 39 48 50 78 15600
2 3 16 25 39 48 50 104 15600
2 3 16 25 39 48 52 75 15600
2 3 16 25 39 48 52 100 15600
2 3 16 25 39 48 65 75 15600
2 3 16 25 39 48 65 100 15600
2 3 16 25 39 48 75 78 15600
2 3 16 25 39 48 75 104 15600
2 3 16 25 39 48 78 100 15600
2 3 16 25 39 48 100 104 15600
2 3 16 25 39 50 52 80 15600
2 3 16 25 39 50 65 80 15600
2 3 16 25 39 50 78 80 15600
2 3 16 25 39 50 80 104 15600
2 3 16 25 39 50 91 112 109200
2 3 16 25 39 52 75 80 15600
2 3 16 25 39 52 80 100 15600
2 3 16 25 39 65 75 80 15600
2 3 16 25 39 75 78 80 15600
2 3 16 25 40 42 50 112 8400
2 3 16 25 40 42 75 112 8400
2 3 16 25 40 42 100 112 8400
2 3 16 25 40 48 50 60 1200
2 3 16 25 40 48 50 75 1200
2 3 16 25 40 48 50 80 1200
2 3 16 25 40 48 50 100 1200
2 3 16 25 40 48 50 120 1200
2 3 16 25 40 48 60 75 1200
2 3 16 25 40 48 60 100 1200
2 3 16 25 40 48 75 80 1200
2 3 16 25 40 48 75 100 1200
2 3 16 25 40 48 75 120 1200
2 3 16 25 40 48 80 100 1200
2 3 16 25 40 50 60 80 1200
2 3 16 25 40 50 75 80 1200
2 3 16 25 40 50 80 120 1200
2 3 16 25 40 50 84 112 8400
2 3 16 25 40 56 75 112 8400
2 3 16 25 40 60 75 80 1200
2 3 16 25 41 48 50 82 49200
2 3 16 25 41 48 50 123 49200
2 3 16 25 41 48 75 82 49200
2 3 16 25 41 48 75 123 49200
2 3 16 25 41 48 82 100 49200
2 3 16 25 41 50 80 123 49200
2 3 16 25 42 48 50 56 8400
2 3 16 25 42 48 50 70 8400
2 3 16 25 42 48 50 84 8400
2 3 16 25 42 48 50 105 8400
2 3 16 25 42 48 50 112 8400
2 3 16 25 42 48 56 75 8400
2 3 16 25 42 48 56 100 8400
2 3 16 25 42 48 70 75 8400
2 3 16 25 42 48 70 100 8400
2 3 16 25 42 48 75 84 8400
2 3 16 25 42 48 75 105 8400
2 3 16 25 42 48 75 112 8400
2 3 16 25 42 48 84 100 8400
2 3 16 25 42 50 56 80 8400
2 3 16 25 42 50 56 112 8400
2 3 16 25 42 50 60 112 8400
2 3 16 25 42 50 70 80 8400
2 3 16 25 42 50 70 112 8400
2 3 16 25 42 50 75 112 8400
2 3 16 25 42 50 80 84 8400
2 3 16 25 42 50 80 105 8400
2 3 16 25 42 50 80 112 8400
2 3 16 25 42 50 84 112 8400
2 3 16 25 42 56 75 80 8400
2 3 16 25 43 48 50 86 51600
2 3 16 25 43 48 75 86 51600
2 3 16 25 43 48 86 100 51600
2 3 16 25 44 48 50 55 13200
2 3 16 25 44 48 50 66 13200
2 3 16 25 44 48 50 88 13200
2 3 16 25 44 48 50 110 13200
2 3 16 25 44 48 55 75 13200
2 3 16 25 44 48 55 100 13200
2 3 16 25 44 48 66 75 13200
2 3 16 25 44 48 66 100 13200
2 3 16 25 44 48 75 88 13200
2 3 16 25 44 48 75 110 13200
2 3 16 25 44 48 88 100 13200
2 3 16 25 44 50 66 80 13200
2 3 16 25 44 55 75 80 13200
2 3 16 25 45 48 50 72 3600
2 3 16 25 45 48 50 90 3600
2 3 16 25 45 48 72 75 3600
2 3 16 25 45 48 72 100 3600
2 3 16 25 45 48 75 90 3600
2 3 16 25 45 50 63 112 25200
2 3 16 25 45 50 72 80 3600
2 3 16 25 45 50 80 90 3600
2 3 16 25 46 48 50 69 27600
2 3 16 25 46 48 50 92 27600
2 3 16 25 46 48 50 115 27600
2 3 16 25 46 48 69 75 27600
2 3 16 25 46 48 69 100 27600
2 3 16 25 46 48 75 92 27600
2 3 16 25 46 48 75 115 27600
2 3 16 25 46 50 69 80 27600
2 3 16 25 47 48 50 94 56400
2 3 16 25 47 48 75 94 56400
2 3 16 25 48 49 50 98 58800
2 3 16 25 48 49 75 98 58800
2 3 16 25 48 50 51 68 20400
2 3 16 25 48 50 51 85 20400
2 3 16 25 48 50 51 102 20400
2 3 16 25 48 50 52 65 15600
2 3 16 25 48 50 52 78 15600
2 3 16 25 48 50 52 104 15600
2 3 16 25 48 50 53 106 63600
2 3 16 25 48 50 54 108 10800
2 3 16 25 48 50 55 66 13200
2 3 16 25 48 50 55 88 13200
2 3 16 25 48 50 55 110 13200
2 3 16 25 48 50 56 70 8400
2 3 16 25 48 50 56 84 8400
2 3 16 25 48 50 56 105 8400
2 3 16 25 48 50 56 112 8400
2 3 16 25 48 50 57 76 22800
2 3 16 25 48 50 57 95 22800
2 3 16 25 48 50 57 114 22800
2 3 16 25 48 50 58 87 34800
2 3 16 25 48 50 58 116 34800
2 3 16 25 48 50 59 118 70800
2 3 16 25 48 50 60 75 1200
2 3 16 25 48 50 60 80 1200
2 3 16 25 48 50 60 100 1200
2 3 16 25 48 50 60 120 1200
2 3 16 25 48 50 61 122 73200
2 3 16 25 48 50 62 93 37200
2 3 16 25 48 50 62 124 37200
2 3 16 25 48 50 63 126 25200
2 3 16 25 48 50 65 78 15600
2 3 16 25 48 50 65 104 15600
2 3 16 25 48 50 66 88 13200
2 3 16 25 48 50 66 110 13200
2 3 16 25 48 50 68 85 20400
2 3 16 25 48 50 68 102 20400
2 3 16 25 48 50 69 92 27600
2 3 16 25 48 50 70 84 8400
2 3 16 25 48 50 70 105 8400
2 3 16 25 48 50 72 90 3600
2 3 16 25 48 50 75 80 1200
2 3 16 25 48 50 76 95 22800
2 3 16 25 48 51 68 75 20400
2 3 16 25 48 51 68 100 20400
2 3 16 25 48 51 75 85 20400
2 3 16 25 48 52 65 75 15600
2 3 16 25 48 52 65 100 15600
2 3 16 25 48 52 75 78 15600
2 3 16 25 48 55 66 75 13200
2 3 16 25 48 56 70 75 8400
2 3 16 25 48 57 75 76 22800
2 3 16 25 50 51 68 80 20400
2 3 16 25 50 52 78 80 15600
2 3 16 25 50 55 66 80 13200
2 3 16 26 27 39 48 54 5616
2 3 16 26 27 39 48 108 5616
2 3 16 26 27 48 52 54 5616
2 3 16 26 27 48 52 108 5616
2 3 16 26 27 48 54 78 5616
2 3 16 26 27 48 54 104 5616
2 3 16 26 27 48 54 117 5616
2 3 16 26 27 48 78 108 5616
2 3 16 26 27 48 104 108 5616
2 3 16 26 27 48 108 117 5616
2 3 16 26 27 54 65 80 28080
2 3 16 26 27 54 91 112 39312
2 3 16 26 27 65 80 108 28080
2 3 16 26 27 91 108 112 39312
2 3 16 26 28 30 65 112 21840
2 3 16 26 28 30 80 91 21840
2 3 16 26 28 32 91 96 8736
2 3 16 26 28 35 39 80 21840
2 3 16 26 28 35 48 65 21840
2 3 16 26 28 35 78 80 21840
2 3 16 26 28 36 112 117 13104
2 3 16 26 28 39 42 48 4368
2 3 16 26 28 39 42 112 4368
2 3 16 26 28 39 48 56 4368
2 3 16 26 28 39 48 84 4368
2 3 16 26 28 39 48 91 4368
2 3 16 26 28 39 48 112 4368
2 3 16 26 28 39 52 112 4368
2 3 16 26 28 39 56 112 4368
2 3 16 26 28 39 70 80 21840
2 3 16 26 28 39 78 112 4368
2 3 16 26 28 39 80 105 21840
2 3 16 26 28 39 84 112 4368
2 3 16 26 28 39 91 112 4368
2 3 16 26 28 39 104 112 4368
2 3 16 26 28 42 48 52 4368
2 3 16 26 28 42 48 78 4368
2 3 16 26 28 42 48 91 4368
2 3 16 26 28 42 48 104 4368
2 3 16 26 28 42 52 112 4368
2 3 16 26 28 42 65 80 21840
2 3 16 26 28 42 78 112 4368
2 3 16 26 28 42 91 112 4368
2 3 16 26 28 42 104 112 4368
2 3 16 26 28 48 52 56 4368
2 3 16 26 28 48 52 84 4368
2 3 16 26 28 48 52 91 4368
2 3 16 26 28 48 52 112 4368
2 3 16 26 28 48 56 78 4368
2 3 16 26 28 48 56 91 4368
2 3 16 26 28 48 56 104 4368
2 3 16 26 28 48 63 117 13104
2 3 16 26 28 48 65 70 21840
2 3 16 26 28 48 65 105 21840
2 3 16 26 28 48 78 84 4368
2 3 16 26 28 48 78 91 4368
2 3 16 26 28 48 78 112 4368
2 3 16 26 28 48 84 91 4368
2 3 16 26 28 48 84 104 4368
2 3 16 26 28 48 91 104 4368
2 3 16 26 28 48 91 112 4368
2 3 16 26 28 48 104 112 4368
2 3 16 26 28 48 117 126 13104
2 3 16 26 28 52 78 112 4368
2 3 16 26 28 52 80 105 21840
2 3 16 26 28 52 84 112 4368
2 3 16 26 28 56 78 112 4368
2 3 16 26 28 60 65 112 21840
2 3 16 26 28 60 80 91 21840
2 3 16 26 28 63 112 117 13104
2 3 16 26 28 65 80 84 21840
2 3 16 26 28 65 80 105 21840
2 3 16 26 28 65 105 112 21840
2 3 16 26 28 65 112 120 21840
2 3 16 26 28 70 78 80 21840
2 3 16 26 28 72 112 117 13104
2 3 16 26 28 78 80 105 21840
2 3 16 26 28 78 84 112 4368
2 3 16 26 28 78 91 112 4368
2 3 16 26 28 78 104 112 4368
2 3 16 26 28 80 91 105 21840
2 3 16 26 28 80 91 120 21840
2 3 16 26 28 80 104 105 21840
2 3 16 26 28 84 91 112 4368
2 3 16 26 28 84 104 112 4368
2 3 16 26 29 39 48 58 18096
2 3 16 26 29 39 48 87 18096
2 3 16 26 29 39 48 116 18096
2 3 16 26 29 48 52 58 18096
2 3 16 26 29 48 52 87 18096
2 3 16 26 29 48 52 116 18096
2 3 16 26 29 48 58 78 18096
2 3 16 26 29 48 58 104 18096
2 3 16 26 29 48 78 87 18096
2 3 16 26 29 48 78 116 18096
2 3 16 26 29 48 87 104 18096
2 3 16 26 29 48 104 116 18096
2 3 16 26 29 65 80 87 90480
2 3 16 26 29 87 91 112 126672
2 3 16 26 30 32 65 96 6240
2 3 16 26 30 35 39 112 21840
2 3 16 26 30 35 48 91 21840
2 3 16 26 30 35 52 112 21840
2 3 16 26 30 35 65 112 21840
2 3 16 26 30 35 78 112 21840
2 3 16 26 30 35 80 91 21840
2 3 16 26 30 35 91 112 21840
2 3 16 26 30 35 104 112 21840
2 3 16 26 30 36 80 117 9360
2 3 16 26 30 39 40 48 3120
2 3 16 26 30 39 40 80 3120
2 3 16 26 30 39 48 60 3120
2 3 16 26 30 39 48 65 3120
2 3 16 26 30 39 48 80 3120
2 3 16 26 30 39 48 120 3120
2 3 16 26 30 39 52 80 3120
2 3 16 26 30 39 60 80 3120
2 3 16 26 30 39 65 80 3120
2 3 16 26 30 39 70 112 21840
2 3 16 26 30 39 78 80 3120
2 3 16 26 30 39 80 104 3120
2 3 16 26 30 39 80 120 3120
2 3 16 26 30 39 105 112 21840
2 3 16 26 30 40 48 52 3120
2 3 16 26 30 40 48 65 3120
2 3 16 26 30 40 48 78 3120
2 3 16 26 30 40 48 104 3120
2 3 16 26 30 40 52 80 3120
2 3 16 26 30 40 65 80 3120
2 3 16 26 30 40 78 80 3120
2 3 16 26 30 40 80 104 3120
2 3 16 26 30 40 91 112 21840
2 3 16 26 30 42 65 112 21840
2 3 16 26 30 42 80 91 21840
2 3 16 26 30 45 48 117 9360
2 3 16 26 30 45 80 117 9360
2 3 16 26 30 48 52 60 3120
2 3 16 26 30 48 52 65 3120
2 3 16 26 30 48 52 80 3120
2 3 16 26 30 48 52 120 3120
2 3 16 26 30 48 60 65 3120
2 3 16 26 30 48 60 78 3120
2 3 16 26 30 48 60 104 3120
2 3 16 26 30 48 65 78 3120
2 3 16 26 30 48 65 80 3120
2 3 16 26 30 48 65 104 3120
2 3 16 26 30 48 65 120 3120
2 3 16 26 30 48 70 91 21840
2 3 16 26 30 48 78 80 3120
2 3 16 26 30 48 78 120 3120
2 3 16 26 30 48 80 104 3120
2 3 16 26 30 48 90 117 9360
2 3 16 26 30 48 91 105 21840
2 3 16 26 30 48 104 120 3120
2 3 16 26 30 52 60 80 3120
2 3 16 26 30 52 65 80 3120
2 3 16 26 30 52 70 112 21840
2 3 16 26 30 52 78 80 3120
2 3 16 26 30 52 80 104 3120
2 3 16 26 30 52 80 120 3120
2 3 16 26 30 52 105 112 21840
2 3 16 26 30 56 65 112 21840
2 3 16 26 30 56 80 91 21840
2 3 16 26 30 60 65 80 3120
2 3 16 26 30 60 78 80 3120
2 3 16 26 30 60 80 104 3120
2 3 16 26 30 60 91 112 21840
2 3 16 26 30 65 70 112 21840
2 3 16 26 30 65 78 80 3120
2 3 16 26 30 65 80 104 3120
2 3 16 26 30 65 80 120 3120
2 3 16 26 30 65 84 112 21840
2 3 16 26 30 65 91 112 21840
2 3 16 26 30 65 105 112 21840
2 3 16 26 30 70 78 112 21840
2 3 16 26 30 70 80 91 21840
2 3 16 26 30 70 91 112 21840
2 3 16 26 30 70 104 112 21840
2 3 16 26 30 72 80 117 9360
2 3 16 26 30 78 80 104 3120
2 3 16 26 30 78 80 120 3120
2 3 16 26 30 80 84 91 21840
2 3 16 26 30 80 91 105 21840
2 3 16 26 30 80 91 112 21840
2 3 16 26 31 39 48 62 19344
2 3 16 26 31 39 48 93 19344
2 3 16 26 31 39 48 124 19344
2 3 16 26 31 48 52 62 19344
2 3 16 26 31 48 52 93 19344
2 3 16 26 31 48 52 124 19344
2 3 16 26 31 48 62 78 19344
2 3 16 26 31 48 62 104 19344
2 3 16 26 31 48 78 93 19344
2 3 16 26 31 48 78 124 19344
2 3 16 26 31 48 93 104 19344
2 3 16 26 31 48 104 124 19344
2 3 16 26 31 65 80 93 96720
2 3 16 26 32 36 96 117 3744
2 3 16 26 32 39 48 96 1248
2 3 16 26 32 39 52 96 1248
2 3 16 26 32 39 78 96 1248
2 3 16 26 32 39 96 104 1248
2 3 16 26 32 40 65 96 6240
2 3 16 26 32 42 91 96 8736
2 3 16 26 32 48 52 96 1248
2 3 16 26 32 48 78 96 1248
2 3 16 26 32 48 96 104 1248
2 3 16 26 32 52 78 96 1248
2 3 16 26 32 52 96 104 1248
2 3 16 26 32 56 91 96 8736
2 3 16 26 32 60 65 96 6240
2 3 16 26 32 65 80 96 6240
2 3 16 26 33 39 44 48 6864
2 3 16 26 33 39 48 66 6864
2 3 16 26 33 39 48 88 6864
2 3 16 26 33 39 55 80 34320
2 3 16 26 33 39 77 112 48048
2 3 16 26 33 39 80 110 34320
2 3 16 26 33 44 48 52 6864
2 3 16 26 33 44 48 78 6864
2 3 16 26 33 44 48 104 6864
2 3 16 26 33 44 65 80 34320
2 3 16 26 33 44 91 112 48048
2 3 16 26 33 48 52 66 6864
2 3 16 26 33 48 52 88 6864
2 3 16 26 33 48 55 65 34320
2 3 16 26 33 48 65 110 34320
2 3 16 26 33 48 66 78 6864
2 3 16 26 33 48 66 104 6864
2 3 16 26 33 48 77 91 48048
2 3 16 26 33 48 78 88 6864
2 3 16 26 33 48 88 104 6864
2 3 16 26 33 48 99 117 20592
2 3 16 26 33 52 55 80 34320
2 3 16 26 33 52 77 112 48048
2 3 16 26 33 52 80 110 34320
2 3 16 26 33 55 65 80 34320
2 3 16 26 33 55 78 80 34320
2 3 16 26 33 55 80 104 34320
2 3 16 26 33 65 66 80 34320
2 3 16 26 33 65 80 88 34320
2 3 16 26 33 65 80 110 34320
2 3 16 26 34 39 48 51 10608
2 3 16 26 34 39 48 68 10608
2 3 16 26 34 39 48 102 10608
2 3 16 26 34 39 80 85 53040
2 3 16 26 34 39 112 119 74256
2 3 16 26 34 48 51 52 10608
2 3 16 26 34 48 51 78 10608
2 3 16 26 34 48 51 104 10608
2 3 16 26 34 48 52 68 10608
2 3 16 26 34 48 52 102 10608
2 3 16 26 34 48 65 85 53040
2 3 16 26 34 48 68 78 10608
2 3 16 26 34 48 68 104 10608
2 3 16 26 34 48 78 102 10608
2 3 16 26 34 48 91 119 74256
2 3 16 26 34 48 102 104 10608
2 3 16 26 34 51 65 80 53040
2 3 16 26 34 51 91 112 74256
2 3 16 26 34 65 80 102 53040
2 3 16 26 34 78 80 85 53040
2 3 16 26 35 39 40 112 21840
2 3 16 26 35 39 42 80 21840
2 3 16 26 35 39 48 70 21840
2 3 16 26 35 39 48 105 21840
2 3 16 26 35 39 56 80 21840
2 3 16 26 35 39 60 112 21840
2 3 16 26 35 39 65 112 21840
2 3 16 26 35 39 70 80 21840
2 3 16 26 35 39 70 112 21840
2 3 16 26 35 39 80 84 21840
2 3 16 26 35 39 80 91 21840
2 3 16 26 35 39 80 105 21840
2 3 16 26 35 39 80 112 21840
2 3 16 26 35 39 105 112 21840
2 3 16 26 35 39 112 120 21840
2 3 16 26 35 40 48 91 21840
2 3 16 26 35 40 78 112 21840
2 3 16 26 35 42 48 65 21840
2 3 16 26 35 42 52 80 21840
2 3 16 26 35 42 65 80 21840
2 3 16 26 35 42 65 112 21840
2 3 16 26 35 42 78 80 21840
2 3 16 26 35 42 80 91 21840
2 3 16 26 35 42 80 104 21840
2 3 16 26 35 45 112 117 65520
2 3 16 26 35 48 52 70 21840
2 3 16 26 35 48 52 105 21840
2 3 16 26 35 48 56 65 21840
2 3 16 26 35 48 60 91 21840
2 3 16 26 35 48 65 70 21840
2 3 16 26 35 48 65 84 21840
2 3 16 26 35 48 65 91 21840
2 3 16 26 35 48 65 105 21840
2 3 16 26 35 48 65 112 21840
2 3 16 26 35 48 70 78 21840
2 3 16 26 35 48 70 91 21840
2 3 16 26 35 48 70 104 21840
2 3 16 26 35 48 78 105 21840
2 3 16 26 35 48 80 91 21840
2 3 16 26 35 48 91 105 21840
2 3 16 26 35 48 91 120 21840
2 3 16 26 35 48 104 105 21840
2 3 16 26 35 52 60 112 21840
2 3 16 26 35 52 80 84 21840
2 3 16 26 35 52 80 105 21840
2 3 16 26 35 52 105 112 21840
2 3 16 26 35 56 78 80 21840
2 3 16 26 35 60 65 112 21840
2 3 16 26 35 60 78 112 21840
2 3 16 26 35 60 80 91 21840
2 3 16 26 35 65 80 84 21840
2 3 16 26 35 65 80 105 21840
2 3 16 26 35 70 78 80 21840
2 3 16 26 35 78 80 84 21840
2 3 16 26 36 39 45 80 9360
2 3 16 26 36 39 48 72 1872
2 3 16 26 36 39 48 117 1872
2 3 16 26 36 39 63 112 13104
2 3 16 26 36 39 80 90 9360
2 3 16 26 36 39 112 126 13104
2 3 16 26 36 40 80 117 9360
2 3 16 26 36 42 112 117 13104
2 3 16 26 36 45 48 65 9360
2 3 16 26 36 45 52 80 9360
2 3 16 26 36 45 65 80 9360
2 3 16 26 36 45 78 80 9360
2 3 16 26 36 45 80 104 9360
2 3 16 26 36 45 80 117 9360
2 3 16 26 36 48 52 72 1872
2 3 16 26 36 48 52 117 1872
2 3 16 26 36 48 63 91 13104
2 3 16 26 36 48 65 90 9360
2 3 16 26 36 48 72 78 1872
2 3 16 26 36 48 72 104 1872
2 3 16 26 36 48 72 117 1872
2 3 16 26 36 48 78 117 1872
2 3 16 26 36 48 91 126 13104
2 3 16 26 36 48 104 117 1872
2 3 16 26 36 52 63 112 13104
2 3 16 26 36 52 80 90 9360
2 3 16 26 36 65 72 80 9360
2 3 16 26 36 65 80 90 9360
2 3 16 26 37 39 48 74 23088
2 3 16 26 37 39 48 111 23088
2 3 16 26 37 48 52 74 23088
2 3 16 26 37 48 52 111 23088
2 3 16 26 37 48 74 78 23088
2 3 16 26 37 48 74 104 23088
2 3 16 26 37 48 78 111 23088
2 3 16 26 37 48 104 111 23088
2 3 16 26 38 39 48 57 11856
2 3 16 26 38 39 48 76 11856
2 3 16 26 38 39 48 114 11856
2 3 16 26 38 39 80 95 59280
2 3 16 26 38 48 52 57 11856
2 3 16 26 38 48 52 76 11856
2 3 16 26 38 48 52 114 11856
2 3 16 26 38 48 57 78 11856
2 3 16 26 38 48 57 104 11856
2 3 16 26 38 48 65 95 59280
2 3 16 26 38 48 76 78 11856
2 3 16 26 38 48 76 104 11856
2 3 16 26 38 48 78 114 11856
2 3 16 26 38 57 65 80 59280
2 3 16 26 39 40 48 60 3120
2 3 16 26 39 40 48 65 3120
2 3 16 26 39 40 48 80 3120
2 3 16 26 39 40 48 120 3120
2 3 16 26 39 40 52 80 3120
2 3 16 26 39 40 60 80 3120
2 3 16 26 39 40 65 80 3120
2 3 16 26 39 40 70 112 21840
2 3 16 26 39 40 78 80 3120
2 3 16 26 39 40 80 104 3120
2 3 16 26 39 40 80 120 3120
2 3 16 26 39 40 105 112 21840
2 3 16 26 39 41 48 82 25584
2 3 16 26 39 41 48 123 25584
2 3 16 26 39 42 48 56 4368
2 3 16 26 39 42 48 84 4368
2 3 16 26 39 42 48 91 4368
2 3 16 26 39 42 48 112 4368
2 3 16 26 39 42 52 112 4368
2 3 16 26 39 42 56 112 4368
2 3 16 26 39 42 70 80 21840
2 3 16 26 39 42 78 112 4368
2 3 16 26 39 42 80 105 21840
2 3 16 26 39 42 84 112 4368
2 3 16 26 39 42 91 112 4368
2 3 16 26 39 42 104 112 4368
2 3 16 26 39 43 48 86 26832
2 3 16 26 39 44 48 66 6864
2 3 16 26 39 44 48 88 6864
2 3 16 26 39 44 55 80 34320
2 3 16 26 39 44 77 112 48048
2 3 16 26 39 44 80 110 34320
2 3 16 26 39 45 48 90 9360
2 3 16 26 39 45 72 80 9360
2 3 16 26 39 45 80 90 9360
2 3 16 26 39 45 80 117 9360
2 3 16 26 39 46 48 69 14352
2 3 16 26 39 46 48 92 14352
2 3 16 26 39 46 80 115 71760
2 3 16 26 39 47 48 94 29328
2 3 16 26 39 48 49 98 30576
2 3 16 26 39 48 50 75 15600
2 3 16 26 39 48 50 100 15600
2 3 16 26 39 48 51 68 10608
2 3 16 26 39 48 51 102 10608
2 3 16 26 39 48 52 78 624
2 3 16 26 39 48 52 104 624
2 3 16 26 39 48 53 106 33072
2 3 16 26 39 48 54 108 5616
2 3 16 26 39 48 55 110 34320
2 3 16 26 39 48 56 84 4368
2 3 16 26 39 48 56 91 4368
2 3 16 26 39 48 56 112 4368
2 3 16 26 39 48 57 76 11856
2 3 16 26 39 48 57 114 11856
2 3 16 26 39 48 58 87 18096
2 3 16 26 39 48 58 116 18096
2 3 16 26 39 48 59 118 36816
2 3 16 26 39 48 60 65 3120
2 3 16 26 39 48 60 80 3120
2 3 16 26 39 48 60 120 3120
2 3 16 26 39 48 61 122 38064
2 3 16 26 39 48 62 93 19344
2 3 16 26 39 48 62 124 19344
2 3 16 26 39 48 63 126 13104
2 3 16 26 39 48 65 80 3120
2 3 16 26 39 48 65 120 3120
2 3 16 26 39 48 66 88 6864
2 3 16 26 39 48 68 102 10608
2 3 16 26 39 48 69 92 14352
2 3 16 26 39 48 70 105 21840
2 3 16 26 39 48 72 117 1872
2 3 16 26 39 48 74 111 23088
2 3 16 26 39 48 75 100 15600
2 3 16 26 39 48 76 114 11856
2 3 16 26 39 48 78 104 624
2 3 16 26 39 48 80 120 3120
2 3 16 26 39 48 82 123 25584
2 3 16 26 39 48 84 91 4368
2 3 16 26 39 48 84 112 4368
2 3 16 26 39 48 87 116 18096
2 3 16 26 39 48 91 112 4368
2 3 16 26 39 50 75 80 15600
2 3 16 26 39 50 80 100 15600
2 3 16 26 39 51 80 85 53040
2 3 16 26 39 52 56 112 4368
2 3 16 26 39 52 60 80 3120
2 3 16 26 39 52 65 80 3120
2 3 16 26 39 55 66 80 34320
2 3 16 26 39 55 80 88 34320
2 3 16 26 39 56 70 80 21840
2 3 16 26 39 57 80 95 59280
2 3 16 26 39 60 65 80 3120
2 3 16 26 39 60 78 80 3120
2 3 16 26 39 65 78 80 3120
2 3 16 26 40 42 65 112 21840
2 3 16 26 40 42 80 91 21840
2 3 16 26 40 45 48 117 9360
2 3 16 26 40 45 80 117 9360
2 3 16 26 40 48 52 60 3120
2 3 16 26 40 48 52 65 3120
2 3 16 26 40 48 52 80 3120
2 3 16 26 40 48 52 120 3120
2 3 16 26 40 48 60 65 3120
2 3 16 26 40 48 60 78 3120
2 3 16 26 40 48 60 104 3120
2 3 16 26 40 48 65 78 3120
2 3 16 26 40 48 65 80 3120
2 3 16 26 40 48 65 104 3120
2 3 16 26 40 48 65 120 3120
2 3 16 26 40 48 70 91 21840
2 3 16 26 40 48 78 80 3120
2 3 16 26 40 48 78 120 3120
2 3 16 26 40 48 80 104 3120
2 3 16 26 40 48 91 105 21840
2 3 16 26 40 52 60 80 3120
2 3 16 26 40 52 78 80 3120
2 3 16 26 40 60 65 80 3120
2 3 16 26 40 60 78 80 3120
2 3 16 26 41 48 52 82 25584
2 3 16 26 41 48 52 123 25584
2 3 16 26 41 48 78 82 25584
2 3 16 26 41 48 78 123 25584
2 3 16 26 41 48 82 104 25584
2 3 16 26 42 48 52 56 4368
2 3 16 26 42 48 52 84 4368
2 3 16 26 42 48 52 91 4368
2 3 16 26 42 48 52 112 4368
2 3 16 26 42 48 56 78 4368
2 3 16 26 42 48 56 91 4368
2 3 16 26 42 48 56 104 4368
2 3 16 26 42 48 63 117 13104
2 3 16 26 42 48 65 70 21840
2 3 16 26 42 48 65 105 21840
2 3 16 26 42 48 78 84 4368
2 3 16 26 42 48 78 91 4368
2 3 16 26 42 48 78 112 4368
2 3 16 26 42 48 84 91 4368
2 3 16 26 42 48 84 104 4368
2 3 16 26 42 52 56 112 4368
2 3 16 26 42 52 70 80 21840
2 3 16 26 42 56 65 80 21840
2 3 16 26 42 65 70 80 21840
2 3 16 26 43 48 52 86 26832
2 3 16 26 43 48 78 86 26832
2 3 16 26 44 48 52 66 6864
2 3 16 26 44 48 52 88 6864
2 3 16 26 44 48 55 65 34320
2 3 16 26 44 48 65 110 34320
2 3 16 26 44 48 66 78 6864
2 3 16 26 44 48 66 104 6864
2 3 16 26 44 48 77 91 48048
2 3 16 26 44 48 78 88 6864
2 3 16 26 44 55 78 80 34320
2 3 16 26 44 65 66 80 34320
2 3 16 26 45 48 52 90 9360
2 3 16 26 45 48 60 117 9360
2 3 16 26 45 48 65 72 9360
2 3 16 26 45 48 65 90 9360
2 3 16 26 45 48 65 117 9360
2 3 16 26 45 48 78 90 9360
2 3 16 26 45 52 72 80 9360
2 3 16 26 46 48 52 69 14352
2 3 16 26 46 48 52 92 14352
2 3 16 26 46 48 65 115 71760
2 3 16 26 46 48 69 78 14352
2 3 16 26 46 48 69 104 14352
2 3 16 26 46 48 78 92 14352
2 3 16 26 47 48 52 94 29328
2 3 16 26 48 49 52 98 30576
2 3 16 26 48 50 52 75 15600
2 3 16 26 48 50 52 100 15600
2 3 16 26 48 50 65 75 15600
2 3 16 26 48 50 65 100 15600
2 3 16 26 48 50 75 78 15600
2 3 16 26 48 51 52 68 10608
2 3 16 26 48 51 52 102 10608
2 3 16 26 48 51 65 85 53040
2 3 16 26 48 51 68 78 10608
2 3 16 26 48 52 53 106 33072
2 3 16 26 48 52 54 108 5616
2 3 16 26 48 52 55 110 34320
2 3 16 26 48 52 56 84 4368
2 3 16 26 48 52 56 91 4368
2 3 16 26 48 52 56 112 4368
2 3 16 26 48 52 57 76 11856
2 3 16 26 48 52 57 114 11856
2 3 16 26 48 52 58 87 18096
2 3 16 26 48 52 58 116 18096
2 3 16 26 48 52 60 65 3120
2 3 16 26 48 52 60 80 3120
2 3 16 26 48 52 62 93 19344
2 3 16 26 48 52 65 80 3120
2 3 16 26 48 52 66 88 6864
2 3 16 26 48 55 65 66 34320
2 3 16 26 48 55 65 88 34320
2 3 16 26 48 56 65 70 21840
2 3 16 27 28 35 54 80 15120
2 3 16 27 28 35 80 108 15120
2 3 16 27 28 36 54 112 3024
2 3 16 27 28 36 108 112 3024
2 3 16 27 28 42 48 54 3024
2 3 16 27 28 42 48 108 3024
2 3 16 27 28 42 54 112 3024
2 3 16 27 28 42 108 112 3024
2 3 16 27 28 48 54 56 3024
2 3 16 27 28 48 54 63 3024
2 3 16 27 28 48 54 84 3024
2 3 16 27 28 48 54 112 3024
2 3 16 27 28 48 54 126 3024
2 3 16 27 28 48 56 108 3024
2 3 16 27 28 48 63 108 3024
2 3 16 27 28 48 84 108 3024
2 3 16 27 28 48 108 112 3024
2 3 16 27 28 48 108 126 3024
2 3 16 27 28 54 56 112 3024
2 3 16 27 28 54 63 112 3024
2 3 16 27 28 54 70 80 15120
2 3 16 27 28 54 72 112 3024
2 3 16 27 28 54 80 105 15120
2 3 16 27 28 54 84 112 3024
2 3 16 27 28 54 108 112 3024
2 3 16 27 28 54 112 126 3024
2 3 16 27 28 56 108 112 3024
2 3 16 27 28 63 108 112 3024
2 3 16 27 28 70 80 108 15120
2 3 16 27 28 72 108 112 3024
2 3 16 27 29 48 54 58 12528
2 3 16 27 29 48 54 87 12528
2 3 16 27 29 48 54 116 12528
2 3 16 27 29 48 58 108 12528
2 3 16 27 29 48 87 108 12528
2 3 16 27 29 48 108 116 12528
2 3 16 27 30 35 54 112 15120
2 3 16 27 30 35 108 112 15120
2 3 16 27 30 36 54 80 2160
2 3 16 27 30 36 80 108 2160
2 3 16 27 30 40 48 54 2160
2 3 16 27 30 40 48 108 2160
2 3 16 27 30 40 54 80 2160
2 3 16 27 30 40 80 108 2160
2 3 16 27 30 45 48 54 2160
2 3 16 27 30 45 48 108 2160
2 3 16 27 30 45 54 80 2160
2 3 16 27 30 45 80 108 2160
2 3 16 27 30 48 54 60 2160
2 3 16 27 30 48 54 80 2160
2 3 16 27 30 48 54 90 2160
2 3 16 27 30 48 54 120 2160
2 3 16 27 30 48 60 108 2160
2 3 16 27 30 48 80 108 2160
2 3 16 27 30 48 90 108 2160
2 3 16 27 30 48 108 120 2160
2 3 16 27 30 54 60 80 2160
2 3 16 27 30 54 70 112 15120
2 3 16 27 30 54 72 80 2160
2 3 16 27 30 54 80 90 2160
2 3 16 27 30 54 80 108 2160
2 3 16 27 30 54 80 120 2160
2 3 16 27 30 54 105 112 15120
2 3 16 27 30 60 80 108 2160
2 3 16 27 30 72 80 108 2160
2 3 16 27 31 48 54 62 13392
2 3 16 27 31 48 54 93 13392
2 3 16 27 31 48 54 124 13392
2 3 16 27 31 48 62 108 13392
2 3 16 27 31 48 93 108 13392
2 3 16 27 31 48 108 124 13392
2 3 16 27 32 36 54 96 864
2 3 16 27 32 36 96 108 864
2 3 16 27 32 48 54 96 864
2 3 16 27 32 48 96 108 864
2 3 16 27 32 54 72 96 864
2 3 16 27 32 54 96 108 864
2 3 16 27 33 44 48 54 4752
2 3 16 27 33 44 48 108 4752
2 3 16 27 33 48 54 66 4752
2 3 16 27 33 48 54 88 4752
2 3 16 27 33 48 54 99 4752
2 3 16 27 33 48 66 108 4752
2 3 16 27 33 48 88 108 4752
2 3 16 27 33 48 99 108 4752
2 3 16 27 33 54 55 80 23760
2 3 16 27 33 54 77 112 33264
2 3 16 27 33 54 80 110 23760
2 3 16 27 33 55 80 108 23760
2 3 16 27 34 48 51 54 7344
2 3 16 27 34 48 51 108 7344
2 3 16 27 34 48 54 68 7344
2 3 16 27 34 48 54 102 7344
2 3 16 27 34 48 68 108 7344
2 3 16 27 34 48 102 108 7344
2 3 16 27 34 54 80 85 36720
2 3 16 27 35 40 54 112 15120
2 3 16 27 35 40 108 112 15120
2 3 16 27 35 42 54 80 15120
2 3 16 27 35 42 80 108 15120
2 3 16 27 35 45 54 112 15120
2 3 16 27 35 45 108 112 15120
2 3 16 27 35 48 54 70 15120
2 3 16 27 35 48 54 105 15120
2 3 16 27 35 48 70 108 15120
2 3 16 27 35 48 105 108 15120
2 3 16 27 35 54 56 80 15120
2 3 16 27 35 54 60 112 15120
2 3 16 27 35 54 63 80 15120
2 3 16 27 35 54 70 80 15120
2 3 16 27 35 54 70 112 15120
2 3 16 27 35 54 80 84 15120
2 3 16 27 35 54 80 105 15120
2 3 16 27 35 54 80 112 15120
2 3 16 27 35 54 80 126 15120
2 3 16 27 35 56 80 108 15120
2 3 16 27 36 40 54 80 2160
2 3 16 27 36 40 80 108 2160
2 3 16 27 36 42 54 112 3024
2 3 16 27 36 42 108 112 3024
2 3 16 27 36 45 54 80 2160
2 3 16 27 36 45 80 108 2160
2 3 16 27 36 48 54 72 432
2 3 16 27 36 48 54 108 432
2 3 16 27 36 48 72 108 432
2 3 16 27 36 54 56 112 3024
2 3 16 27 36 54 60 80 2160
2 3 16 27 36 54 63 112 3024
2 3 16 27 36 54 80 90 2160
2 3 16 27 37 48 54 74 15984
2 3 16 27 37 48 54 111 15984
2 3 16 27 37 48 74 108 15984
2 3 16 27 38 48 54 57 8208
2 3 16 27 38 48 54 76 8208
2 3 16 27 38 48 54 114 8208
2 3 16 27 38 48 57 108 8208
2 3 16 27 38 48 76 108 8208
2 3 16 27 38 54 80 95 41040
2 3 16 27 39 48 52 54 5616
2 3 16 27 39 48 52 108 5616
2 3 16 27 39 48 54 78 5616
2 3 16 27 39 48 54 104 5616
2 3 16 27 39 48 54 117 5616
2 3 16 27 39 48 78 108 5616
2 3 16 27 39 54 65 80 28080
2 3 16 27 40 45 48 54 2160
2 3 16 27 40 45 48 108 2160
2 3 16 27 40 45 54 80 2160
2 3 16 27 40 45 80 108 2160
2 3 16 27 40 48 54 60 2160
2 3 16 27 40 48 54 80 2160
2 3 16 27 40 48 54 90 2160
2 3 16 27 40 48 54 120 2160
2 3 16 27 40 48 60 108 2160
2 3 16 27 40 48 80 108 2160
2 3 16 27 40 54 60 80 2160
2 3 16 27 40 54 72 80 2160
2 3 16 27 41 48 54 82 17712
2 3 16 27 41 48 54 123 17712
2 3 16 27 42 48 54 56 3024
2 3 16 27 42 48 54 63 3024
2 3 16 27 42 48 54 84 3024
2 3 16 27 42 48 54 112 3024
2 3 16 27 42 48 54 126 3024
2 3 16 27 42 48 56 108 3024
2 3 16 27 42 48 63 108 3024
2 3 16 27 42 54 56 112 3024
2 3 16 27 42 54 70 80 15120
2 3 16 27 43 48 54 86 18576
2 3 16 27 44 48 54 66 4752
2 3 16 27 44 48 54 88 4752
2 3 16 27 44 48 54 99 4752
2 3 16 27 44 48 66 108 4752
2 3 16 27 44 54 55 80 23760
2 3 16 27 45 48 54 60 2160
2 3 16 27 45 48 54 80 2160
2 3 16 27 45 48 54 90 2160
2 3 16 27 45 48 54 120 2160
2 3 16 27 45 48 60 108 2160
2 3 16 27 45 54 60 80 2160
2 3 16 27 46 48 54 69 9936
2 3 16 27 46 48 54 92 9936
2 3 16 27 47 48 54 94 20304
2 3 16 27 48 49 54 98 21168
2 3 16 27 48 50 54 75 10800
2 3 16 27 48 50 54 100 10800
2 3 16 27 48 51 54 68 7344
2 3 16 27 48 51 54 102 7344
2 3 16 27 48 52 54 78 5616
2 3 16 27 48 52 54 104 5616
2 3 16 27 48 53 54 106 22896
2 3 16 27 48 54 56 63 3024
2 3 16 27 48 54 56 84 3024
2 3 16 27 48 54 57 76 8208
2 3 16 27 48 54 58 87 12528
2 3 16 27 48 54 60 80 2160
2 3 16 28 29 35 80 87 48720
2 3 16 28 29 42 48 58 9744
2 3 16 28 29 42 48 87 9744
2 3 16 28 29 42 48 116 9744
2 3 16 28 29 42 58 112 9744
2 3 16 28 29 42 87 112 9744
2 3 16 28 29 42 112 116 9744
2 3 16 28 29 48 56 58 9744
2 3 16 28 29 48 56 87 9744
2 3 16 28 29 48 56 116 9744
2 3 16 28 29 48 58 84 9744
2 3 16 28 29 48 58 112 9744
2 3 16 28 29 48 84 87 9744
2 3 16 28 29 48 84 116 9744
2 3 16 28 29 48 87 112 9744
2 3 16 28 29 48 112 116 9744
2 3 16 28 29 56 87 112 9744
2 3 16 28 29 58 80 105 48720
2 3 16 28 29 58 84 112 9744
2 3 16 28 29 58 87 112 9744
2 3 16 28 29 70 80 87 48720
2 3 16 28 30 32 35 96 3360
2 3 16 28 30 32 70 96 3360
2 3 16 28 30 32 96 105 3360
2 3 16 28 30 33 55 112 18480
2 3 16 28 30 33 77 80 18480
2 3 16 28 30 33 110 112 18480
2 3 16 28 30 34 80 119 28560
2 3 16 28 30 34 85 112 28560
2 3 16 28 30 35 40 48 1680
2 3 16 28 30 35 40 80 1680
2 3 16 28 30 35 40 112 1680
2 3 16 28 30 35 42 48 1680
2 3 16 28 30 35 42 80 1680
2 3 16 28 30 35 42 112 1680
2 3 16 28 30 35 48 56 1680
2 3 16 28 30 35 48 60 1680
2 3 16 28 30 35 48 70 1680
2 3 16 28 30 35 48 80 1680
2 3 16 28 30 35 48 84 1680
2 3 16 28 30 35 48 105 1680
2 3 16 28 30 35 48 112 1680
2 3 16 28 30 35 48 120 1680
2 3 16 28 30 35 56 80 1680
2 3 16 28 30 35 56 112 1680
2 3 16 28 30 35 60 80 1680
2 3 16 28 30 35 60 112 1680
2 3 16 28 30 35 70 80 1680
2 3 16 28 30 35 70 112 1680
2 3 16 28 30 35 80 84 1680
2 3 16 28 30 35 80 105 1680
2 3 16 28 30 35 80 112 1680
2 3 16 28 30 35 80 120 1680
2 3 16 28 30 35 84 112 1680
2 3 16 28 30 35 105 112 1680
2 3 16 28 30 35 112 120 1680
2 3 16 28 30 36 45 112 5040
2 3 16 28 30 36 63 80 5040
2 3 16 28 30 36 80 126 5040
2 3 16 28 30 36 90 112 5040
2 3 16 28 30 38 95 112 31920
2 3 16 28 30 39 65 112 21840
2 3 16 28 30 39 80 91 21840
2 3 16 28 30 40 42 48 1680
2 3 16 28 30 40 42 80 1680
2 3 16 28 30 40 42 112 1680
2 3 16 28 30 40 48 56 1680
2 3 16 28 30 40 48 70 1680
2 3 16 28 30 40 48 84 1680
2 3 16 28 30 40 48 105 1680
2 3 16 28 30 40 48 112 1680
2 3 16 28 30 40 56 80 1680
2 3 16 28 30 40 56 112 1680
2 3 16 28 30 40 60 112 1680
2 3 16 28 30 40 70 80 1680
2 3 16 28 30 40 70 112 1680
2 3 16 28 30 40 80 84 1680
2 3 16 28 30 40 80 105 1680
2 3 16 28 30 40 80 112 1680
2 3 16 28 30 40 84 112 1680
2 3 16 28 30 40 105 112 1680
2 3 16 28 30 40 112 120 1680
2 3 16 28 30 42 48 60 1680
2 3 16 28 30 42 48 70 1680
2 3 16 28 30 42 48 80 1680
2 3 16 28 30 42 48 105 1680
2 3 16 28 30 42 48 120 1680
2 3 16 28 30 42 56 80 1680
2 3 16 28 30 42 60 80 1680
2 3 16 28 30 42 60 112 1680
2 3 16 28 30 42 70 80 1680
2 3 16 28 30 42 70 112 1680
2 3 16 28 30 42 80 84 1680
2 3 16 28 30 42 80 105 1680
2 3 16 28 30 42 80 112 1680
2 3 16 28 30 42 80 120 1680
2 3 16 28 30 42 105 112 1680
2 3 16 28 30 42 112 120 1680
2 3 16 28 30 44 55 112 18480
2 3 16 28 30 44 77 80 18480
2 3 16 28 30 44 110 112 18480
2 3 16 28 30 45 48 63 5040
2 3 16 28 30 45 48 126 5040
2 3 16 28 30 45 63 80 5040
2 3 16 28 30 45 63 112 5040
2 3 16 28 30 45 72 112 5040
2 3 16 28 30 45 80 126 5040
2 3 16 28 30 45 90 112 5040
2 3 16 28 30 45 112 126 5040
2 3 16 28 30 46 112 115 38640
2 3 16 28 30 48 55 77 18480
2 3 16 28 30 48 56 60 1680
2 3 16 28 30 48 56 70 1680
2 3 16 28 30 48 56 80 1680
2 3 16 28 30 48 56 105 1680
2 3 16 28 30 48 56 120 1680
2 3 16 28 30 48 60 70 1680
2 3 16 28 30 48 60 84 1680
2 3 16 28 30 48 60 105 1680
2 3 16 28 30 48 60 112 1680
2 3 16 28 30 48 63 90 5040
2 3 16 28 30 48 65 91 21840
2 3 16 28 30 48 70 80 1680
2 3 16 28 30 48 70 84 1680
2 3 16 28 30 48 70 105 1680
2 3 16 28 30 48 70 112 1680
2 3 16 28 30 48 70 120 1680
2 3 16 28 30 48 77 110 18480
2 3 16 28 30 48 80 84 1680
2 3 16 28 30 48 80 105 1680
2 3 16 28 30 48 80 112 1680
2 3 16 28 30 48 84 105 1680
2 3 16 28 30 48 84 120 1680
2 3 16 28 30 48 85 119 28560
2 3 16 28 30 48 90 126 5040
2 3 16 28 30 48 105 112 1680
2 3 16 28 30 48 105 120 1680
2 3 16 28 30 48 112 120 1680
2 3 16 28 30 49 80 98 11760
2 3 16 28 30 50 75 112 8400
2 3 16 28 30 50 100 112 8400
2 3 16 28 30 51 80 119 28560
2 3 16 28 30 51 85 112 28560
2 3 16 28 30 52 65 112 21840
2 3 16 28 30 52 80 91 21840
2 3 16 28 30 55 66 112 18480
2 3 16 28 30 55 77 80 18480
2 3 16 28 30 55 77 112 18480
2 3 16 28 30 55 88 112 18480
2 3 16 28 30 55 110 112 18480
2 3 16 28 30 56 60 80 1680
2 3 16 28 30 56 60 112 1680
2 3 16 28 30 56 70 80 1680
2 3 16 28 30 56 70 112 1680
2 3 16 28 30 56 80 84 1680
2 3 16 28 30 56 80 105 1680
2 3 16 28 30 56 80 112 1680
2 3 16 28 30 56 80 120 1680
2 3 16 28 30 56 105 112 1680
2 3 16 28 30 57 95 112 31920
2 3 16 28 30 60 70 80 1680
2 3 16 28 30 60 70 112 1680
2 3 16 28 30 60 80 84 1680
2 3 16 28 30 60 80 105 1680
2 3 16 28 30 60 80 112 1680
2 3 16 28 30 60 84 112 1680
2 3 16 28 30 63 72 80 5040
2 3 16 28 30 63 80 90 5040
2 3 16 28 30 63 80 126 5040
2 3 16 28 30 63 90 112 5040
2 3 16 28 30 65 78 112 21840
2 3 16 28 30 65 80 91 21840
2 3 16 28 30 65 91 112 21840
2 3 16 28 30 66 77 80 18480
2 3 16 28 30 68 80 119 28560
2 3 16 28 30 68 85 112 28560
2 3 16 28 30 70 80 84 1680
2 3 16 28 30 70 80 105 1680
2 3 16 28 30 70 80 112 1680
2 3 16 28 30 77 80 88 18480
2 3 16 28 30 78 80 91 21840
2 3 16 28 31 35 80 93 52080
2 3 16 28 31 42 48 62 10416
2 3 16 28 31 42 48 93 10416
2 3 16 28 31 42 48 124 10416
2 3 16 28 31 42 62 112 10416
2 3 16 28 31 42 93 112 10416
2 3 16 28 31 42 112 124 10416
2 3 16 28 31 48 56 62 10416
2 3 16 28 31 48 56 93 10416
2 3 16 28 31 48 56 124 10416
2 3 16 28 31 48 62 84 10416
2 3 16 28 31 48 62 112 10416
2 3 16 28 31 48 84 93 10416
2 3 16 28 31 48 84 124 10416
2 3 16 28 31 48 93 112 10416
2 3 16 28 31 48 112 124 10416
2 3 16 28 31 56 93 112 10416
2 3 16 28 31 62 80 105 52080
2 3 16 28 31 62 84 112 10416
2 3 16 28 31 70 80 93 52080
2 3 16 28 32 33 77 96 7392
2 3 16 28 32 34 96 119 11424
2 3 16 28 32 35 40 96 3360
2 3 16 28 32 35 60 96 3360
2 3 16 28 32 35 70 96 3360
2 3 16 28 32 35 80 96 3360
2 3 16 28 32 35 96 105 3360
2 3 16 28 32 35 96 120 3360
2 3 16 28 32 36 63 96 2016
2 3 16 28 32 36 96 126 2016
2 3 16 28 32 39 91 96 8736
2 3 16 28 32 40 70 96 3360
2 3 16 28 32 40 96 105 3360
2 3 16 28 32 42 48 96 672
2 3 16 28 32 42 56 96 672
2 3 16 28 32 42 84 96 672
2 3 16 28 32 42 96 112 672
2 3 16 28 32 44 77 96 7392
2 3 16 28 32 48 56 96 672
2 3 16 28 32 48 84 96 672
2 3 16 28 32 48 96 112 672
2 3 16 28 32 49 96 98 4704
2 3 16 28 32 51 96 119 11424
2 3 16 28 32 52 91 96 8736
2 3 16 28 32 56 84 96 672
2 3 16 28 32 60 70 96 3360
2 3 16 28 32 63 72 96 2016
2 3 16 28 32 66 77 96 7392
2 3 16 28 33 35 44 80 18480
2 3 16 28 33 35 48 55 18480
2 3 16 28 33 35 48 110 18480
2 3 16 28 33 35 55 80 18480
2 3 16 28 33 35 55 112 18480
2 3 16 28 33 35 66 80 18480
2 3 16 28 33 35 77 80 18480
2 3 16 28 33 35 80 88 18480
2 3 16 28 33 35 80 110 18480
2 3 16 28 33 35 110 112 18480
2 3 16 28 33 36 99 112 11088
2 3 16 28 33 40 55 112 18480
2 3 16 28 33 40 77 80 18480
2 3 16 28 33 40 110 112 18480
2 3 16 28 33 42 44 48 3696
2 3 16 28 33 42 44 112 3696
2 3 16 28 33 42 48 66 3696
2 3 16 28 33 42 48 77 3696
2 3 16 28 33 42 48 88 3696
2 3 16 28 33 42 55 80 18480
2 3 16 28 33 42 66 112 3696
2 3 16 28 33 42 77 112 3696
2 3 16 28 33 42 80 110 18480
2 3 16 28 33 42 88 112 3696
2 3 16 28 33 44 48 56 3696
2 3 16 28 33 44 48 77 3696
2 3 16 28 33 44 48 84 3696
2 3 16 28 33 44 48 112 3696
2 3 16 28 33 44 56 112 3696
2 3 16 28 33 44 66 112 3696
2 3 16 28 33 44 70 80 18480
2 3 16 28 33 44 77 112 3696
2 3 16 28 33 44 80 105 18480
2 3 16 28 33 44 84 112 3696
2 3 16 28 33 44 88 112 3696
2 3 16 28 33 48 55 70 18480
2 3 16 28 33 48 55 105 18480
2 3 16 28 33 48 56 66 3696
2 3 16 28 33 48 56 77 3696
2 3 16 28 33 48 56 88 3696
2 3 16 28 33 48 63 99 11088
2 3 16 28 33 48 66 77 3696
2 3 16 28 33 48 66 84 3696
2 3 16 28 33 48 66 112 3696
2 3 16 28 33 48 70 110 18480
2 3 16 28 33 48 77 84 3696
2 3 16 28 33 48 77 88 3696
2 3 16 28 33 48 77 112 3696
2 3 16 28 33 48 84 88 3696
2 3 16 28 33 48 88 112 3696
2 3 16 28 33 48 99 126 11088
2 3 16 28 33 48 105 110 18480
2 3 16 28 33 55 56 80 18480
2 3 16 28 33 55 60 112 18480
2 3 16 28 33 55 70 80 18480
2 3 16 28 33 55 70 112 18480
2 3 16 28 33 55 77 80 18480
2 3 16 28 33 55 80 84 18480
2 3 16 28 33 55 80 105 18480
2 3 16 28 33 55 80 112 18480
2 3 16 28 33 56 66 112 3696
2 3 16 28 33 56 77 112 3696
2 3 16 28 33 56 80 110 18480
2 3 16 28 33 60 77 80 18480
2 3 16 28 33 66 70 80 18480
2 3 16 28 33 70 77 80 18480
2 3 16 28 34 35 48 85 28560
2 3 16 28 34 35 51 80 28560
2 3 16 28 34 35 80 102 28560
2 3 16 28 34 42 48 51 5712
2 3 16 28 34 42 48 68 5712
2 3 16 28 34 42 48 102 5712
2 3 16 28 34 42 48 119 5712
2 3 16 28 34 42 51 112 5712
2 3 16 28 34 42 68 112 5712
2 3 16 28 34 42 80 85 28560
2 3 16 28 34 42 102 112 5712
2 3 16 28 34 42 112 119 5712
2 3 16 28 34 48 51 56 5712
2 3 16 28 34 48 51 84 5712
2 3 16 28 34 48 51 112 5712
2 3 16 28 34 48 51 119 5712
2 3 16 28 34 48 56 68 5712
2 3 16 28 34 48 56 102 5712
2 3 16 28 34 48 56 119 5712
2 3 16 28 34 48 68 84 5712
2 3 16 28 34 48 68 112 5712
2 3 16 28 34 48 68 119 5712
2 3 16 28 34 48 70 85 28560
2 3 16 28 34 48 84 102 5712
2 3 16 28 34 48 84 119 5712
2 3 16 28 34 48 85 105 28560
2 3 16 28 34 48 102 112 5712
2 3 16 28 34 51 56 112 5712
2 3 16 28 34 51 68 112 5712
2 3 16 28 34 51 70 80 28560
2 3 16 28 34 51 80 105 28560
2 3 16 28 34 51 84 112 5712
2 3 16 28 35 36 45 48 5040
2 3 16 28 35 36 45 80 5040
2 3 16 28 35 36 45 112 5040
2 3 16 28 35 36 48 90 5040
2 3 16 28 35 36 63 80 5040
2 3 16 28 35 36 72 80 5040
2 3 16 28 35 36 80 90 5040
2 3 16 28 35 36 80 126 5040
2 3 16 28 35 36 90 112 5040
2 3 16 28 35 37 80 111 62160
2 3 16 28 35 38 48 95 31920
2 3 16 28 35 38 57 80 31920
2 3 16 28 35 38 80 114 31920
2 3 16 28 35 39 48 65 21840
2 3 16 28 35 39 52 80 21840
2 3 16 28 35 39 65 80 21840
2 3 16 28 35 39 65 112 21840
2 3 16 28 35 39 78 80 21840
2 3 16 28 35 39 80 91 21840
2 3 16 28 35 39 80 104 21840
2 3 16 28 35 40 42 48 1680
2 3 16 28 35 40 42 80 1680
2 3 16 28 35 40 42 112 1680
2 3 16 28 35 40 48 56 1680
2 3 16 28 35 40 48 60 1680
2 3 16 28 35 40 48 70 1680
2 3 16 28 35 40 48 80 1680
2 3 16 28 35 40 48 84 1680
2 3 16 28 35 40 48 105 1680
2 3 16 28 35 40 48 112 1680
2 3 16 28 35 40 48 120 1680
2 3 16 28 35 40 60 80 1680
2 3 16 28 35 40 60 112 1680
2 3 16 28 35 40 80 84 1680
2 3 16 28 35 40 80 105 1680
2 3 16 28 35 40 80 120 1680
2 3 16 28 35 40 84 112 1680
2 3 16 28 35 40 105 112 1680
2 3 16 28 35 40 112 120 1680
2 3 16 28 35 41 80 123 68880
2 3 16 28 35 42 48 60 1680
2 3 16 28 35 42 48 70 1680
2 3 16 28 35 42 48 80 1680
2 3 16 28 35 42 48 105 1680
2 3 16 28 35 42 48 120 1680
2 3 16 28 35 42 56 80 1680
2 3 16 28 35 42 60 80 1680
2 3 16 28 35 42 60 112 1680
2 3 16 28 35 42 70 80 1680
2 3 16 28 35 42 70 112 1680
2 3 16 28 35 42 80 84 1680
2 3 16 28 35 42 80 105 1680
2 3 16 28 35 42 80 112 1680
2 3 16 28 35 42 80 120 1680
2 3 16 28 35 42 105 112 1680
2 3 16 28 35 42 112 120 1680
2 3 16 28 35 44 48 55 18480
2 3 16 28 35 44 48 110 18480
2 3 16 28 35 44 66 80 18480
2 3 16 28 35 45 48 63 5040
2 3 16 28 35 45 48 72 5040
2 3 16 28 35 45 48 90 5040
2 3 16 28 35 45 48 126 5040
2 3 16 28 35 45 63 80 5040
2 3 16 28 35 45 63 112 5040
2 3 16 28 35 45 72 80 5040
2 3 16 28 35 45 72 112 5040
2 3 16 28 35 45 80 90 5040
2 3 16 28 35 45 80 126 5040
2 3 16 28 35 45 90 112 5040
2 3 16 28 35 46 48 115 38640
2 3 16 28 35 46 69 80 38640
2 3 16 28 35 48 50 75 8400
2 3 16 28 35 48 50 100 8400
2 3 16 28 35 48 51 85 28560
2 3 16 28 35 48 52 65 21840
2 3 16 28 35 48 55 66 18480
2 3 16 28 35 48 55 77 18480
2 3 16 28 35 48 55 88 18480
2 3 16 28 35 48 55 110 18480
2 3 16 28 35 48 56 60 1680
2 3 16 28 35 48 56 70 1680
2 3 16 28 35 48 56 80 1680
2 3 16 28 35 48 56 105 1680
2 3 16 28 35 48 56 120 1680
2 3 16 28 35 48 57 95 31920
2 3 16 28 35 48 60 70 1680
2 3 16 28 35 48 60 80 1680
2 3 16 28 35 48 60 84 1680
2 3 16 28 35 48 60 105 1680
2 3 16 28 35 48 60 112 1680
2 3 16 28 35 48 60 120 1680
2 3 16 28 35 48 63 90 5040
2 3 16 28 35 48 65 78 21840
2 3 16 28 35 48 65 91 21840
2 3 16 28 35 48 65 104 21840
2 3 16 28 35 48 66 110 18480
2 3 16 28 35 48 68 85 28560
2 3 16 28 35 48 69 115 38640
2 3 16 28 35 48 70 80 1680
2 3 16 28 35 48 70 84 1680
2 3 16 28 35 48 70 105 1680
2 3 16 28 35 48 70 112 1680
2 3 16 28 35 48 70 120 1680
2 3 16 28 35 48 72 90 5040
2 3 16 28 35 48 75 100 8400
2 3 16 28 35 48 76 95 31920
2 3 16 28 35 48 77 110 18480
2 3 16 28 35 48 80 84 1680
2 3 16 28 35 48 80 105 1680
2 3 16 28 35 48 80 112 1680
2 3 16 28 35 48 80 120 1680
2 3 16 28 35 48 84 105 1680
2 3 16 28 35 48 84 120 1680
2 3 16 28 35 48 85 102 28560
2 3 16 28 35 48 85 119 28560
2 3 16 28 35 48 88 110 18480
2 3 16 28 35 48 92 115 38640
2 3 16 28 35 48 95 114 31920
2 3 16 28 35 50 75 80 8400
2 3 16 28 35 50 75 112 8400
2 3 16 28 35 51 68 80 28560
2 3 16 28 35 51 80 85 28560
2 3 16 28 35 51 80 102 28560
2 3 16 28 35 51 80 119 28560
2 3 16 28 35 51 85 112 28560
2 3 16 28 35 52 78 80 21840
2 3 16 28 35 54 80 108 15120
2 3 16 28 35 55 66 80 18480
2 3 16 28 35 55 66 112 18480
2 3 16 28 35 56 60 80 1680
2 3 16 28 35 56 60 112 1680
2 3 16 28 35 56 80 84 1680
2 3 16 28 35 57 76 80 31920
2 3 16 28 35 57 80 95 31920
2 3 16 28 35 58 80 87 48720
2 3 16 28 35 60 70 80 1680
2 3 16 28 35 60 80 84 1680
2 3 16 28 35 63 72 80 5040
2 3 16 28 35 65 78 80 21840
2 3 16 28 35 66 77 80 18480
2 3 16 28 36 39 112 117 13104
2 3 16 28 36 40 45 112 5040
2 3 16 28 36 40 63 80 5040
2 3 16 28 36 40 80 126 5040
2 3 16 28 36 40 90 112 5040
2 3 16 28 36 42 45 80 5040
2 3 16 28 36 42 48 63 1008
2 3 16 28 36 42 48 72 1008
2 3 16 28 36 42 48 126 1008
2 3 16 28 36 42 63 112 1008
2 3 16 28 36 42 72 112 1008
2 3 16 28 36 42 80 90 5040
2 3 16 28 36 44 99 112 11088
2 3 16 28 36 45 48 70 5040
2 3 16 28 36 45 48 105 5040
2 3 16 28 36 45 56 80 5040
2 3 16 28 36 45 60 112 5040
2 3 16 28 36 45 63 80 5040
2 3 16 28 36 45 70 80 5040
2 3 16 28 36 45 70 112 5040
2 3 16 28 36 45 80 84 5040
2 3 16 28 36 45 80 105 5040
2 3 16 28 36 45 80 112 5040
2 3 16 28 36 45 80 126 5040
2 3 16 28 36 45 90 112 5040
2 3 16 28 36 48 56 63 1008
2 3 16 28 36 48 56 72 1008
2 3 16 28 36 48 56 126 1008
2 3 16 28 36 48 63 72 1008
2 3 16 28 36 48 63 84 1008
2 3 16 28 36 48 63 112 1008
2 3 16 28 36 48 63 126 1008
2 3 16 28 36 48 70 90 5040
2 3 16 28 36 48 72 84 1008
2 3 16 28 36 48 72 112 1008
2 3 16 28 36 48 72 126 1008
2 3 16 28 36 48 77 99 11088
2 3 16 28 36 48 90 105 5040
2 3 16 28 36 56 63 112 1008
2 3 16 28 36 56 80 90 5040
2 3 16 28 36 60 63 80 5040
2 3 16 28 36 63 70 80 5040
2 3 16 28 37 42 48 74 12432
2 3 16 28 37 42 48 111 12432
2 3 16 28 37 42 74 112 12432
2 3 16 28 37 42 111 112 12432
2 3 16 28 37 48 56 74 12432
2 3 16 28 37 48 56 111 12432
2 3 16 28 37 48 74 84 12432
2 3 16 28 37 48 74 112 12432
2 3 16 28 37 48 84 111 12432
2 3 16 28 38 42 48 57 6384
2 3 16 28 38 42 48 76 6384
2 3 16 28 38 42 48 114 6384
2 3 16 28 38 42 57 112 6384
2 3 16 28 38 42 76 112 6384
2 3 16 28 38 42 80 95 31920
2 3 16 28 38 48 56 57 6384
2 3 16 28 38 48 56 76 6384
2 3 16 28 38 48 56 114 6384
2 3 16 28 38 48 57 84 6384
2 3 16 28 38 48 57 112 6384
2 3 16 28 38 48 70 95 31920
2 3 16 28 38 48 76 84 6384
2 3 16 28 38 48 76 112 6384
2 3 16 28 38 56 57 112 6384
2 3 16 28 38 57 70 80 31920
2 3 16 28 39 40 65 112 21840
2 3 16 28 39 40 80 91 21840
2 3 16 28 39 42 48 52 4368
2 3 16 28 39 42 48 78 4368
2 3 16 28 39 42 48 91 4368
2 3 16 28 39 42 48 104 4368
2 3 16 28 39 42 52 112 4368
2 3 16 28 39 42 65 80 21840
2 3 16 28 39 42 78 112 4368
2 3 16 28 39 42 91 112 4368
2 3 16 28 39 48 52 56 4368
2 3 16 28 39 48 52 84 4368
2 3 16 28 39 48 52 91 4368
2 3 16 28 39 48 52 112 4368
2 3 16 28 39 48 56 78 4368
2 3 16 28 39 48 56 91 4368
2 3 16 28 39 48 56 104 4368
2 3 16 28 39 48 63 117 13104
2 3 16 28 39 48 65 70 21840
2 3 16 28 39 48 65 105 21840
2 3 16 28 39 48 78 84 4368
2 3 16 28 39 48 78 91 4368
2 3 16 28 39 48 84 91 4368
2 3 16 28 39 52 56 112 4368
2 3 16 28 39 52 70 80 21840
2 3 16 28 39 56 65 80 21840
2 3 16 28 40 42 48 60 1680
2 3 16 28 40 42 48 70 1680
2 3 16 28 40 42 48 80 1680
2 3 16 28 40 42 48 105 1680
2 3 16 28 40 42 48 120 1680
2 3 16 28 40 42 56 80 1680
2 3 16 28 40 42 60 80 1680
2 3 16 28 40 42 60 112 1680
2 3 16 28 40 42 70 80 1680
2 3 16 28 40 42 70 112 1680
2 3 16 28 40 42 80 84 1680
2 3 16 28 40 42 80 105 1680
2 3 16 28 40 42 80 112 1680
2 3 16 28 40 42 80 120 1680
2 3 16 28 40 45 48 63 5040
2 3 16 28 40 45 48 126 5040
2 3 16 28 40 45 63 80 5040
2 3 16 28 40 45 63 112 5040
2 3 16 28 40 45 72 112 5040
2 3 16 28 40 48 55 77 18480
2 3 16 28 40 48 56 60 1680
2 3 16 28 40 48 56 70 1680
2 3 16 28 40 48 56 80 1680
2 3 16 28 40 48 56 105 1680
2 3 16 28 40 48 56 120 1680
2 3 16 28 40 48 60 70 1680
2 3 16 28 40 48 60 84 1680
2 3 16 28 40 48 60 105 1680
2 3 16 28 40 48 60 112 1680
2 3 16 28 40 48 63 90 5040
2 3 16 28 40 48 65 91 21840
2 3 16 28 40 48 70 80 1680
2 3 16 28 40 48 70 84 1680
2 3 16 28 40 48 70 105 1680
2 3 16 28 40 48 70 112 1680
2 3 16 28 40 48 80 84 1680
2 3 16 28 40 56 60 80 1680
2 3 16 28 41 42 48 82 13776
2 3 16 28 41 42 48 123 13776
2 3 16 28 41 42 82 112 13776
2 3 16 28 41 48 56 82 13776
2 3 16 28 41 48 56 123 13776
2 3 16 28 41 48 82 84 13776
2 3 16 28 42 43 48 86 14448
2 3 16 28 42 44 48 66 3696
2 3 16 28 42 44 48 77 3696
2 3 16 28 42 44 48 88 3696
2 3 16 28 42 44 55 80 18480
2 3 16 28 42 44 66 112 3696
2 3 16 28 42 45 48 90 5040
2 3 16 28 42 45 63 80 5040
2 3 16 28 42 45 72 80 5040
2 3 16 28 42 45 80 90 5040
2 3 16 28 42 46 48 69 7728
2 3 16 28 42 46 48 92 7728
2 3 16 28 42 46 69 112 7728
2 3 16 28 42 47 48 94 15792
2 3 16 28 42 48 49 98 2352
2 3 16 28 42 48 50 75 8400
2 3 16 28 42 48 50 100 8400
2 3 16 28 42 48 51 68 5712
2 3 16 28 42 48 51 102 5712
2 3 16 28 42 48 51 119 5712
2 3 16 28 42 48 52 78 4368
2 3 16 28 42 48 52 91 4368
2 3 16 28 42 48 52 104 4368
2 3 16 28 42 48 53 106 17808
2 3 16 28 42 48 54 108 3024
2 3 16 28 42 48 55 110 18480
2 3 16 28 42 48 56 84 336
2 3 16 28 42 48 56 112 336
2 3 16 28 42 48 57 76 6384
2 3 16 28 42 48 57 114 6384
2 3 16 28 42 48 58 87 9744
2 3 16 28 42 48 58 116 9744
2 3 16 28 42 48 59 118 19824
2 3 16 28 42 48 60 70 1680
2 3 16 28 42 48 60 80 1680
2 3 16 28 42 48 60 105 1680
2 3 16 28 42 48 60 120 1680
2 3 16 28 42 48 61 122 20496
2 3 16 28 42 48 62 93 10416
2 3 16 28 42 48 62 124 10416
2 3 16 28 42 48 63 72 1008
2 3 16 28 42 48 66 77 3696
2 3 16 28 42 48 66 88 3696
2 3 16 28 42 48 68 102 5712
2 3 16 28 42 48 69 92 7728
2 3 16 28 42 48 70 80 1680
2 3 16 28 42 48 77 88 3696
2 3 16 28 42 50 75 80 8400
2 3 16 28 42 52 65 80 21840
2 3 16 28 42 55 66 80 18480
2 3 16 28 42 56 60 80 1680
2 3 16 28 43 48 56 86 14448
2 3 16 28 44 48 55 70 18480
2 3 16 28 44 48 55 105 18480
2 3 16 28 44 48 56 66 3696
2 3 16 28 44 48 56 77 3696
2 3 16 28 44 48 56 88 3696
2 3 16 28 44 48 63 99 11088
2 3 16 28 44 48 66 77 3696
2 3 16 28 44 48 66 84 3696
2 3 16 28 45 48 56 90 5040
2 3 16 28 45 48 60 63 5040
2 3 16 28 45 48 63 70 5040
2 3 16 28 45 48 63 80 5040
2 3 16 28 45 48 63 90 5040
2 3 16 28 45 48 70 72 5040
2 3 16 28 46 48 56 69 7728
2 3 16 28 46 48 56 92 7728
2 3 16 28 46 48 69 84 7728
2 3 16 28 47 48 56 94 15792
2 3 16 28 48 49 56 98 2352
2 3 16 28 48 50 56 75 8400
2 3 16 28 48 50 56 100 8400
2 3 16 28 48 51 56 68 5712
2 3 16 28 48 52 56 78 4368
2 3 16 28 48 52 56 91 4368
2 3 16 28 48 52 65 70 21840
2 3 16 28 48 55 60 77 18480
2 3 16 28 48 56 57 76 6384
2 3 16 28 48 56 60 70 1680
2 3 16 29 30 35 58 112 48720
2 3 16 29 30 35 87 112 48720
2 3 16 29 30 35 112 116 48720
2 3 16 29 30 40 48 58 6960
2 3 16 29 30 40 48 87 6960
2 3 16 29 30 40 48 116 6960
2 3 16 29 30 40 58 80 6960
2 3 16 29 30 40 80 87 6960
2 3 16 29 30 40 80 116 6960
2 3 16 29 30 48 58 60 6960
2 3 16 29 30 48 58 80 6960
2 3 16 29 30 48 58 120 6960
2 3 16 29 30 48 60 87 6960
2 3 16 29 30 48 60 116 6960
2 3 16 29 30 48 80 87 6960
2 3 16 29 30 48 80 116 6960
2 3 16 29 30 48 87 120 6960
2 3 16 29 30 48 116 120 6960
2 3 16 29 30 58 60 80 6960
2 3 16 29 30 58 70 112 48720
2 3 16 29 30 58 80 87 6960
2 3 16 29 30 58 80 116 6960
2 3 16 29 30 58 80 120 6960
2 3 16 29 30 60 80 87 6960
2 3 16 29 30 60 80 116 6960
2 3 16 29 31 48 58 62 43152
2 3 16 29 31 48 58 93 43152
2 3 16 29 31 48 58 124 43152
2 3 16 29 31 48 62 87 43152
2 3 16 29 31 48 62 116 43152
2 3 16 29 31 48 87 93 43152
2 3 16 29 31 48 87 124 43152
2 3 16 29 31 48 93 116 43152
2 3 16 29 31 48 116 124 43152
2 3 16 29 32 48 58 96 2784
2 3 16 29 32 48 87 96 2784
2 3 16 29 32 48 96 116 2784
2 3 16 29 32 58 87 96 2784
2 3 16 29 33 44 48 58 15312
2 3 16 29 33 44 48 87 15312
2 3 16 29 33 44 48 116 15312
2 3 16 29 33 48 58 66 15312
2 3 16 29 33 48 58 88 15312
2 3 16 29 33 48 66 87 15312
2 3 16 29 33 48 66 116 15312
2 3 16 29 33 48 87 88 15312
2 3 16 29 33 48 88 116 15312
2 3 16 29 33 55 58 80 76560
2 3 16 29 33 55 80 87 76560
2 3 16 29 34 48 51 58 23664
2 3 16 29 34 48 51 87 23664
2 3 16 29 34 48 51 116 23664
2 3 16 29 34 48 58 68 23664
2 3 16 29 34 48 58 102 23664
2 3 16 29 34 48 68 87 23664
2 3 16 29 34 48 68 116 23664
2 3 16 29 34 48 87 102 23664
2 3 16 29 35 40 87 112 48720
2 3 16 29 35 42 58 80 48720
2 3 16 29 35 42 80 87 48720
2 3 16 29 35 42 80 116 48720
2 3 16 29 35 48 58 70 48720
2 3 16 29 35 48 58 105 48720
2 3 16 29 35 48 70 87 48720
2 3 16 29 35 48 70 116 48720
2 3 16 29 35 48 87 105 48720
2 3 16 29 35 56 80 87 48720
2 3 16 29 35 58 60 112 48720
2 3 16 29 35 58 80 84 48720
2 3 16 29 36 45 58 80 20880
2 3 16 29 36 45 80 87 20880
2 3 16 29 36 45 80 116 20880
2 3 16 29 36 48 58 72 4176
2 3 16 29 36 48 72 87 4176
2 3 16 29 36 48 72 116 4176
2 3 16 29 36 58 63 112 29232
2 3 16 29 37 48 58 74 51504
2 3 16 29 37 48 58 111 51504
2 3 16 29 37 48 74 87 51504
2 3 16 29 37 48 74 116 51504
2 3 16 29 38 48 57 58 26448
2 3 16 29 38 48 57 87 26448
2 3 16 29 38 48 57 116 26448
2 3 16 29 38 48 58 76 26448
2 3 16 29 38 48 58 114 26448
2 3 16 29 38 48 76 87 26448
2 3 16 29 39 48 52 58 18096
2 3 16 29 39 48 52 87 18096
2 3 16 29 39 48 52 116 18096
2 3 16 29 39 48 58 78 18096
2 3 16 29 39 48 58 104 18096
2 3 16 29 39 48 78 87 18096
2 3 16 29 39 58 65 80 90480
2 3 16 29 40 48 58 60 6960
2 3 16 29 40 48 58 80 6960
2 3 16 29 40 48 58 120 6960
2 3 16 29 40 48 60 87 6960
2 3 16 29 40 48 60 116 6960
2 3 16 29 40 48 80 87 6960
2 3 16 29 40 58 60 80 6960
2 3 16 29 41 48 58 82 57072
2 3 16 29 41 48 58 123 57072
2 3 16 29 42 48 56 58 9744
2 3 16 29 42 48 56 87 9744
2 3 16 29 42 48 56 116 9744
2 3 16 29 42 48 58 84 9744
2 3 16 29 42 48 58 112 9744
2 3 16 29 43 48 58 86 59856
2 3 16 29 44 48 58 66 15312
2 3 16 29 44 48 58 88 15312
2 3 16 29 44 48 66 87 15312
2 3 16 29 45 48 58 90 20880
2 3 16 29 46 48 58 69 32016
2 3 16 29 46 48 58 92 32016
2 3 16 29 47 48 58 94 65424
2 3 16 29 48 50 58 75 34800
2 3 16 29 48 51 58 68 23664
2 3 16 29 48 52 58 78 18096
2 3 16 30 31 35 62 112 52080
2 3 16 30 31 35 93 112 52080
2 3 16 30 31 35 112 124 52080
2 3 16 30 31 40 48 62 7440
2 3 16 30 31 40 48 93 7440
2 3 16 30 31 40 48 124 7440
2 3 16 30 31 40 62 80 7440
2 3 16 30 31 40 80 93 7440
2 3 16 30 31 40 80 124 7440
2 3 16 30 31 48 60 62 7440
2 3 16 30 31 48 60 93 7440
2 3 16 30 31 48 60 124 7440
2 3 16 30 31 48 62 80 7440
2 3 16 30 31 48 62 120 7440
2 3 16 30 31 48 80 93 7440
2 3 16 30 31 48 80 124 7440
2 3 16 30 31 48 93 120 7440
2 3 16 30 31 60 62 80 7440
2 3 16 30 31 60 80 93 7440
2 3 16 30 31 62 70 112 52080
2 3 16 30 31 62 80 93 7440
2 3 16 30 32 33 55 96 5280
2 3 16 30 32 33 96 110 5280
2 3 16 30 32 34 85 96 8160
2 3 16 30 32 35 42 96 3360
2 3 16 30 32 35 56 96 3360
2 3 16 30 32 35 70 96 3360
2 3 16 30 32 35 84 96 3360
2 3 16 30 32 35 96 105 3360
2 3 16 30 32 35 96 112 3360
2 3 16 30 32 36 45 96 1440
2 3 16 30 32 36 90 96 1440
2 3 16 30 32 38 95 96 9120
2 3 16 30 32 39 65 96 6240
2 3 16 30 32 40 48 96 480
2 3 16 30 32 40 60 96 480
2 3 16 30 32 40 80 96 480
2 3 16 30 32 40 96 120 480
2 3 16 30 32 42 70 96 3360
2 3 16 30 32 42 96 105 3360
2 3 16 30 32 44 55 96 5280
2 3 16 30 32 44 96 110 5280
2 3 16 30 32 45 72 96 1440
2 3 16 30 32 45 90 96 1440
2 3 16 30 32 46 96 115 11040
2 3 16 30 32 48 60 96 480
2 3 16 30 32 48 80 96 480
2 3 16 30 32 50 75 96 2400
2 3 16 30 32 50 96 100 2400
2 3 16 30 32 51 85 96 8160
2 3 16 30 32 52 65 96 6240
2 3 16 30 32 55 66 96 5280
2 3 16 30 32 55 88 96 5280
2 3 16 30 32 56 70 96 3360
2 3 16 30 33 35 44 112 18480
2 3 16 30 33 35 48 77 18480
2 3 16 30 33 35 55 112 18480
2 3 16 30 33 35 66 112 18480
2 3 16 30 33 35 77 80 18480
2 3 16 30 33 35 77 112 18480
2 3 16 30 33 35 88 112 18480
2 3 16 30 33 35 110 112 18480
2 3 16 30 33 36 80 99 7920
2 3 16 30 33 40 44 48 2640
2 3 16 30 33 40 44 80 2640
2 3 16 30 33 40 48 55 2640
2 3 16 30 33 40 48 66 2640
2 3 16 30 33 40 48 88 2640
2 3 16 30 33 40 48 110 2640
2 3 16 30 33 40 55 80 2640
2 3 16 30 33 40 66 80 2640
2 3 16 30 33 40 77 112 18480
2 3 16 30 33 40 80 88 2640
2 3 16 30 33 40 80 110 2640
2 3 16 30 33 42 55 112 18480
2 3 16 30 33 42 77 80 18480
2 3 16 30 33 42 110 112 18480
2 3 16 30 33 44 48 55 2640
2 3 16 30 33 44 48 60 2640
2 3 16 30 33 44 48 80 2640
2 3 16 30 33 44 48 110 2640
2 3 16 30 33 44 48 120 2640
2 3 16 30 33 44 55 80 2640
2 3 16 30 33 44 60 80 2640
2 3 16 30 33 44 66 80 2640
2 3 16 30 33 44 70 112 18480
2 3 16 30 33 44 80 88 2640
2 3 16 30 33 44 80 110 2640
2 3 16 30 33 44 80 120 2640
2 3 16 30 33 44 105 112 18480
2 3 16 30 33 45 48 99 7920
2 3 16 30 33 45 80 99 7920
2 3 16 30 33 48 55 60 2640
2 3 16 30 33 48 55 66 2640
2 3 16 30 33 48 55 80 2640
2 3 16 30 33 48 55 88 2640
2 3 16 30 33 48 55 110 2640
2 3 16 30 33 48 55 120 2640
2 3 16 30 33 48 60 66 2640
2 3 16 30 33 48 60 88 2640
2 3 16 30 33 48 60 110 2640
2 3 16 30 33 48 66 80 2640
2 3 16 30 33 48 66 110 2640
2 3 16 30 33 48 66 120 2640
2 3 16 30 33 48 70 77 18480
2 3 16 30 33 48 77 105 18480
2 3 16 30 33 48 80 88 2640
2 3 16 30 33 48 80 110 2640
2 3 16 30 33 48 88 110 2640
2 3 16 30 33 48 90 99 7920
2 3 16 30 33 55 56 112 18480
2 3 16 30 33 55 60 80 2640
2 3 16 30 33 55 66 80 2640
2 3 16 30 33 55 70 112 18480
2 3 16 30 33 55 80 88 2640
2 3 16 30 33 56 77 80 18480
2 3 16 30 33 60 66 80 2640
2 3 16 30 34 35 48 119 28560
2 3 16 30 34 35 51 112 28560
2 3 16 30 34 35 68 112 28560
2 3 16 30 34 35 80 119 28560
2 3 16 30 34 35 85 112 28560
2 3 16 30 34 35 102 112 28560
2 3 16 30 34 35 112 119 28560
2 3 16 30 34 40 48 51 4080
2 3 16 30 34 40 48 68 4080
2 3 16 30 34 40 48 85 4080
2 3 16 30 34 40 48 102 4080
2 3 16 30 34 40 51 80 4080
2 3 16 30 34 40 68 80 4080
2 3 16 30 34 40 80 85 4080
2 3 16 30 34 40 80 102 4080
2 3 16 30 34 40 112 119 28560
2 3 16 30 34 42 80 119 28560
2 3 16 30 34 42 85 112 28560
2 3 16 30 34 48 51 60 4080
2 3 16 30 34 48 51 80 4080
2 3 16 30 34 48 51 85 4080
2 3 16 30 34 48 51 120 4080
2 3 16 30 34 48 60 68 4080
2 3 16 30 34 48 60 85 4080
2 3 16 30 34 48 60 102 4080
2 3 16 30 34 48 68 80 4080
2 3 16 30 34 48 68 85 4080
2 3 16 30 34 48 68 120 4080
2 3 16 30 34 48 70 119 28560
2 3 16 30 34 48 80 85 4080
2 3 16 30 34 48 80 102 4080
2 3 16 30 34 48 85 102 4080
2 3 16 30 34 51 60 80 4080
2 3 16 30 34 51 68 80 4080
2 3 16 30 34 51 70 112 28560
2 3 16 30 34 51 80 85 4080
2 3 16 30 34 51 80 102 4080
2 3 16 30 34 60 68 80 4080
2 3 16 30 35 36 45 112 5040
2 3 16 30 35 36 48 63 5040
2 3 16 30 35 36 48 126 5040
2 3 16 30 35 36 63 80 5040
2 3 16 30 35 36 63 112 5040
2 3 16 30 35 36 72 112 5040
2 3 16 30 35 36 80 126 5040
2 3 16 30 35 36 90 112 5040
2 3 16 30 35 36 112 126 5040
2 3 16 30 35 37 74 112 62160
2 3 16 30 35 37 111 112 62160
2 3 16 30 35 38 57 112 31920
2 3 16 30 35 38 76 112 31920
2 3 16 30 35 38 95 112 31920
2 3 16 30 35 38 112 114 31920
2 3 16 30 35 39 48 91 21840
2 3 16 30 35 39 52 112 21840
2 3 16 30 35 39 65 112 21840
2 3 16 30 35 39 78 112 21840
2 3 16 30 35 39 80 91 21840
2 3 16 30 35 39 91 112 21840
2 3 16 30 35 39 104 112 21840
2 3 16 30 35 40 42 48 1680
2 3 16 30 35 40 42 80 1680
2 3 16 30 35 40 42 112 1680
2 3 16 30 35 40 48 56 1680
2 3 16 30 35 40 48 70 1680
2 3 16 30 35 40 48 84 1680
2 3 16 30 35 40 48 105 1680
2 3 16 30 35 40 48 112 1680
2 3 16 30 35 40 56 80 1680
2 3 16 30 35 40 56 112 1680
2 3 16 30 35 40 60 112 1680
2 3 16 30 35 40 70 80 1680
2 3 16 30 35 40 70 112 1680
2 3 16 30 35 40 80 84 1680
2 3 16 30 35 40 80 105 1680
2 3 16 30 35 40 80 112 1680
2 3 16 30 35 40 84 112 1680
2 3 16 30 35 40 105 112 1680
2 3 16 30 35 41 82 112 68880
2 3 16 30 35 42 48 56 1680
2 3 16 30 35 42 48 60 1680
2 3 16 30 35 42 48 70 1680
2 3 16 30 35 42 48 80 1680
2 3 16 30 35 42 48 84 1680
2 3 16 30 35 42 48 105 1680
2 3 16 30 35 42 48 112 1680
2 3 16 30 35 42 48 120 1680
2 3 16 30 35 42 56 80 1680
2 3 16 30 35 42 56 112 1680
2 3 16 30 35 42 60 80 1680
2 3 16 30 35 42 60 112 1680
2 3 16 30 35 42 70 80 1680
2 3 16 30 35 42 70 112 1680
2 3 16 30 35 42 80 84 1680
2 3 16 30 35 42 80 105 1680
2 3 16 30 35 42 80 112 1680
2 3 16 30 35 42 80 120 1680
2 3 16 30 35 42 84 112 1680
2 3 16 30 35 43 86 112 72240
2 3 16 30 35 44 48 77 18480
2 3 16 30 35 44 55 112 18480
2 3 16 30 35 44 66 112 18480
2 3 16 30 35 44 77 80 18480
2 3 16 30 35 44 77 112 18480
2 3 16 30 35 44 88 112 18480
2 3 16 30 35 45 48 63 5040
2 3 16 30 35 45 48 126 5040
2 3 16 30 35 45 63 80 5040
2 3 16 30 35 45 63 112 5040
2 3 16 30 35 45 72 112 5040
2 3 16 30 35 45 80 126 5040
2 3 16 30 35 46 69 112 38640
2 3 16 30 35 48 49 98 11760
2 3 16 30 35 48 51 119 28560
2 3 16 30 35 48 52 91 21840
2 3 16 30 35 48 55 77 18480
2 3 16 30 35 48 56 60 1680
2 3 16 30 35 48 56 70 1680
2 3 16 30 35 48 56 80 1680
2 3 16 30 35 48 56 84 1680
2 3 16 30 35 48 56 105 1680
2 3 16 30 35 48 56 112 1680
2 3 16 30 35 48 56 120 1680
2 3 16 30 35 48 60 70 1680
2 3 16 30 35 48 60 84 1680
2 3 16 30 35 48 60 105 1680
2 3 16 30 35 48 60 112 1680
2 3 16 30 35 48 63 72 5040
2 3 16 30 35 48 63 90 5040
2 3 16 30 35 48 63 126 5040
2 3 16 30 35 48 65 91 21840
2 3 16 30 35 48 66 77 18480
2 3 16 30 35 48 68 119 28560
2 3 16 30 35 48 70 80 1680
2 3 16 30 35 48 70 84 1680
2 3 16 30 35 48 70 105 1680
2 3 16 30 35 48 70 112 1680
2 3 16 30 35 48 70 120 1680
2 3 16 30 35 48 72 126 5040
2 3 16 30 35 48 77 88 18480
2 3 16 30 35 48 77 110 18480
2 3 16 30 35 48 78 91 21840
2 3 16 30 35 48 80 84 1680
2 3 16 30 35 48 80 105 1680
2 3 16 30 35 49 80 98 11760
2 3 16 30 35 51 68 112 28560
2 3 16 30 35 52 65 112 21840
2 3 16 30 35 52 80 91 21840
2 3 16 30 35 55 77 80 18480
2 3 16 30 35 56 60 80 1680
2 3 16 30 35 56 60 112 1680
2 3 16 30 35 56 70 80 1680
2 3 16 30 35 60 70 80 1680
2 3 16 30 36 39 80 117 9360
2 3 16 30 36 40 45 48 720
2 3 16 30 36 40 45 80 720
2 3 16 30 36 40 48 72 720
2 3 16 30 36 40 48 90 720
2 3 16 30 36 40 63 112 5040
2 3 16 30 36 40 72 80 720
2 3 16 30 36 40 80 90 720
2 3 16 30 36 42 45 112 5040
2 3 16 30 36 42 63 80 5040
2 3 16 30 36 42 80 126 5040
2 3 16 30 36 42 90 112 5040
2 3 16 30 36 44 80 99 7920
2 3 16 30 36 45 48 60 720
2 3 16 30 36 45 48 72 720
2 3 16 30 36 45 48 80 720
2 3 16 30 36 45 48 90 720
2 3 16 30 36 45 48 120 720
2 3 16 30 36 45 56 112 5040
2 3 16 30 36 45 60 80 720
2 3 16 30 36 45 63 112 5040
2 3 16 30 36 45 70 112 5040
2 3 16 30 36 45 72 80 720
2 3 16 30 36 45 80 90 720
2 3 16 30 36 48 55 99 7920
2 3 16 30 36 48 60 72 720
2 3 16 30 36 48 60 90 720
2 3 16 30 36 48 63 70 5040
2 3 16 30 36 48 63 105 5040
2 3 16 30 36 48 65 117 9360
2 3 16 30 36 48 72 80 720
2 3 16 30 36 48 72 90 720
2 3 16 30 36 48 80 90 720
2 3 16 30 36 56 63 80 5040
2 3 16 30 37 40 48 74 8880
2 3 16 30 37 40 48 111 8880
2 3 16 30 37 40 74 80 8880
2 3 16 30 37 40 80 111 8880
2 3 16 30 37 48 60 74 8880
2 3 16 30 37 48 60 111 8880
2 3 16 30 37 48 74 80 8880
2 3 16 30 38 40 48 57 4560
2 3 16 30 38 40 48 76 4560
2 3 16 30 38 40 48 95 4560
2 3 16 30 38 40 48 114 4560
2 3 16 30 38 40 57 80 4560
2 3 16 30 38 40 76 80 4560
2 3 16 30 38 40 80 95 4560
2 3 16 30 38 40 80 114 4560
2 3 16 30 38 48 57 60 4560
2 3 16 30 38 48 57 80 4560
2 3 16 30 38 48 57 95 4560
2 3 16 30 38 48 57 120 4560
2 3 16 30 38 48 60 76 4560
2 3 16 30 38 48 60 95 4560
2 3 16 30 38 48 60 114 4560
2 3 16 30 38 48 76 80 4560
2 3 16 30 38 57 60 80 4560
2 3 16 30 39 40 48 52 3120
2 3 16 30 39 40 48 65 3120
2 3 16 30 39 40 48 78 3120
2 3 16 30 39 40 48 104 3120
2 3 16 30 39 40 52 80 3120
2 3 16 30 39 40 65 80 3120
2 3 16 30 39 40 78 80 3120
2 3 16 30 39 40 80 104 3120
2 3 16 30 39 42 65 112 21840
2 3 16 30 39 42 80 91 21840
2 3 16 30 39 45 48 117 9360
2 3 16 30 39 48 52 60 3120
2 3 16 30 39 48 52 65 3120
2 3 16 30 39 48 52 80 3120
2 3 16 30 39 48 52 120 3120
2 3 16 30 39 48 60 65 3120
2 3 16 30 39 48 60 78 3120
2 3 16 30 39 48 60 104 3120
2 3 16 30 39 48 65 78 3120
2 3 16 30 39 48 65 80 3120
2 3 16 30 39 48 65 104 3120
2 3 16 30 39 48 70 91 21840
2 3 16 30 39 48 78 80 3120
2 3 16 30 39 52 60 80 3120
2 3 16 30 39 52 65 80 3120
2 3 16 30 40 41 48 82 9840
2 3 16 30 40 41 48 123 9840
2 3 16 30 40 41 80 82 9840
2 3 16 30 40 42 48 56 1680
2 3 16 30 40 42 48 70 1680
2 3 16 30 40 42 48 84 1680
2 3 16 30 40 42 48 105 1680
2 3 16 30 40 42 48 112 1680
2 3 16 30 40 42 56 80 1680
2 3 16 30 40 42 56 112 1680
2 3 16 30 40 42 60 112 1680
2 3 16 30 40 42 70 80 1680
2 3 16 30 40 42 70 112 1680
2 3 16 30 40 42 80 84 1680
2 3 16 30 40 43 48 86 10320
2 3 16 30 40 43 80 86 10320
2 3 16 30 40 44 48 55 2640
2 3 16 30 40 44 48 66 2640
2 3 16 30 40 44 48 88 2640
2 3 16 30 40 44 48 110 2640
2 3 16 30 40 44 55 80 2640
2 3 16 30 40 44 66 80 2640
2 3 16 30 40 44 80 88 2640
2 3 16 30 40 45 48 72 720
2 3 16 30 40 45 48 90 720
2 3 16 30 40 45 63 112 5040
2 3 16 30 40 45 72 80 720
2 3 16 30 40 46 48 69 5520
2 3 16 30 40 46 48 92 5520
2 3 16 30 40 46 48 115 5520
2 3 16 30 40 46 69 80 5520
2 3 16 30 40 47 48 94 11280
2 3 16 30 40 48 49 98 11760
2 3 16 30 40 48 50 75 1200
2 3 16 30 40 48 50 100 1200
2 3 16 30 40 48 51 68 4080
2 3 16 30 40 48 51 85 4080
2 3 16 30 40 48 51 102 4080
2 3 16 30 40 48 52 65 3120
2 3 16 30 40 48 52 78 3120
2 3 16 30 40 48 52 104 3120
2 3 16 30 40 48 53 106 12720
2 3 16 30 40 48 54 108 2160
2 3 16 30 40 48 55 66 2640
2 3 16 30 40 48 55 88 2640
2 3 16 30 40 48 55 110 2640
2 3 16 30 40 48 56 70 1680
2 3 16 30 40 48 56 84 1680
2 3 16 30 40 48 56 105 1680
2 3 16 30 40 48 56 112 1680
2 3 16 30 40 48 57 76 4560
2 3 16 30 40 48 57 95 4560
2 3 16 30 40 48 57 114 4560
2 3 16 30 40 48 58 87 6960
2 3 16 30 40 48 58 116 6960
2 3 16 30 40 48 59 118 14160
2 3 16 30 40 48 60 80 240
2 3 16 30 40 48 62 93 7440
2 3 16 30 40 48 65 78 3120
2 3 16 30 40 48 66 88 2640
2 3 16 30 40 48 68 85 4080
2 3 16 30 40 48 69 92 5520
2 3 16 30 40 48 70 84 1680
2 3 16 30 40 51 68 80 4080
2 3 16 30 40 52 65 80 3120
2 3 16 30 41 48 60 82 9840
2 3 16 30 42 44 55 112 18480
2 3 16 30 42 44 77 80 18480
2 3 16 30 42 45 48 63 5040
2 3 16 30 42 45 48 126 5040
2 3 16 30 42 45 63 80 5040
2 3 16 30 42 48 55 77 18480
2 3 16 30 42 48 56 60 1680
2 3 16 30 42 48 56 70 1680
2 3 16 30 42 48 56 80 1680
2 3 16 30 42 48 56 105 1680
2 3 16 30 42 48 60 70 1680
2 3 16 30 42 48 60 84 1680
2 3 16 30 42 48 63 90 5040
2 3 16 30 42 48 65 91 21840
2 3 16 30 42 48 70 80 1680
2 3 16 30 43 48 60 86 10320
2 3 16 30 44 45 48 99 7920
2 3 16 30 44 48 55 60 2640
2 3 16 30 44 48 55 66 2640
2 3 16 30 44 48 55 80 2640
2 3 16 30 44 48 55 88 2640
2 3 16 30 44 48 60 66 2640
2 3 16 30 44 48 60 88 2640
2 3 16 30 44 48 66 80 2640
2 3 16 30 45 48 55 99 7920
2 3 16 30 45 48 56 63 5040
2 3 16 30 45 48 60 72 720
2 3 16 30 45 48 63 70 5040
2 3 16 30 46 48 60 69 5520
2 3 16 30 48 51 60 68 4080
2 3 16 30 48 52 60 65 3120
2 3 16 31 32 48 62 96 2976
2 3 16 31 32 48 93 96 2976
2 3 16 31 33 44 48 62 16368
2 3 16 31 33 44 48 93 16368
2 3 16 31 33 44 48 124 16368
2 3 16 31 33 48 62 66 16368
2 3 16 31 33 48 62 88 16368
2 3 16 31 33 48 66 93 16368
2 3 16 31 33 48 66 124 16368
2 3 16 31 33 48 88 93 16368
2 3 16 31 33 55 62 80 81840
2 3 16 31 34 48 51 62 25296
2 3 16 31 34 48 51 93 25296
2 3 16 31 34 48 51 124 25296
2 3 16 31 34 48 62 68 25296
2 3 16 31 34 48 62 102 25296
2 3 16 31 34 48 68 93 25296
2 3 16 31 34 48 68 124 25296
2 3 16 31 35 40 93 112 52080
2 3 16 31 35 42 62 80 52080
2 3 16 31 35 42 80 93 52080
2 3 16 31 35 42 80 124 52080
2 3 16 31 35 48 62 70 52080
2 3 16 31 35 48 62 105 52080
2 3 16 31 35 48 70 93 52080
2 3 16 31 36 45 62 80 22320
2 3 16 31 36 45 80 93 22320
2 3 16 31 36 48 62 72 4464
2 3 16 31 36 48 72 93 4464
2 3 16 31 37 48 62 74 55056
2 3 16 31 37 48 62 111 55056
2 3 16 31 37 48 74 93 55056
2 3 16 31 38 48 57 62 28272
2 3 16 31 38 48 57 93 28272
2 3 16 31 38 48 57 124 28272
2 3 16 31 38 48 62 76 28272
2 3 16 31 38 48 62 114 28272
2 3 16 31 39 48 52 62 19344
2 3 16 31 39 48 52 93 19344
2 3 16 31 39 48 52 124 19344
2 3 16 31 39 48 62 78 19344
2 3 16 31 39 48 62 104 19344
2 3 16 31 40 48 60 62 7440
2 3 16 31 40 48 60 93 7440
2 3 16 31 40 48 62 80 7440
2 3 16 31 41 48 62 82 61008
2 3 16 31 42 48 56 62 10416
2 3 16 31 42 48 56 93 10416
2 3 16 31 42 48 62 84 10416
2 3 16 31 44 48 62 66 16368
2 3 16 31 46 48 62 69 34224
2 3 16 32 33 36 96 99 3168
2 3 16 32 33 40 55 96 5280
2 3 16 32 33 40 96 110 5280
2 3 16 32 33 42 77 96 7392
2 3 16 32 33 44 48 96 1056
2 3 16 32 33 44 66 96 1056
2 3 16 32 33 44 88 96 1056
2 3 16 32 33 48 66 96 1056
2 3 16 32 33 55 60 96 5280
2 3 16 32 34 40 85 96 8160
2 3 16 32 34 48 51 96 1632
2 3 16 32 34 48 68 96 1632
2 3 16 32 34 51 68 96 1632
2 3 16 32 35 40 42 96 3360
2 3 16 32 35 40 56 96 3360
2 3 16 32 35 40 70 96 3360
2 3 16 32 35 40 84 96 3360
2 3 16 32 35 40 96 105 3360
2 3 16 32 35 42 60 96 3360
2 3 16 32 35 42 70 96 3360
2 3 16 32 35 42 80 96 3360
2 3 16 32 35 45 63 96 10080
2 3 16 32 35 48 70 96 3360
2 3 16 32 35 56 60 96 3360
2 3 16 32 36 40 45 96 1440
2 3 16 32 36 40 90 96 1440
2 3 16 32 36 42 63 96 2016
2 3 16 32 36 45 60 96 1440
2 3 16 32 38 48 57 96 1824
2 3 16 32 39 40 65 96 6240
2 3 16 32 39 48 52 96 1248
2 3 16 32 40 42 70 96 3360
2 3 16 32 40 44 55 96 5280
2 3 16 33 34 44 48 51 8976
2 3 16 33 34 44 48 68 8976
2 3 16 33 34 44 48 102 8976
2 3 16 33 34 44 80 85 44880
2 3 16 33 34 48 51 66 8976
2 3 16 33 34 48 51 88 8976
2 3 16 33 34 48 55 85 44880
2 3 16 33 34 48 66 68 8976
2 3 16 33 34 48 66 102 8976
2 3 16 33 34 48 68 88 8976
2 3 16 33 34 51 55 80 44880
2 3 16 33 34 55 68 80 44880
2 3 16 33 35 40 44 112 18480
2 3 16 33 35 40 48 77 18480
2 3 16 33 35 40 55 112 18480
2 3 16 33 35 40 66 112 18480
2 3 16 33 35 40 77 80 18480
2 3 16 33 35 40 77 112 18480
2 3 16 33 35 42 44 80 18480
2 3 16 33 35 42 48 55 18480
2 3 16 33 35 42 48 110 18480
2 3 16 33 35 42 55 80 18480
2 3 16 33 35 42 55 112 18480
2 3 16 33 35 42 66 80 18480
2 3 16 33 35 42 77 80 18480
2 3 16 33 35 42 80 88 18480
2 3 16 33 35 42 80 110 18480
2 3 16 33 35 44 48 70 18480
2 3 16 33 35 44 48 105 18480
2 3 16 33 35 44 55 112 18480
2 3 16 33 35 44 56 80 18480
2 3 16 33 35 44 60 112 18480
2 3 16 33 35 44 70 80 18480
2 3 16 33 35 44 70 112 18480
2 3 16 33 35 44 77 80 18480
2 3 16 33 35 44 80 84 18480
2 3 16 33 35 48 55 56 18480
2 3 16 33 35 48 55 70 18480
2 3 16 33 35 48 55 77 18480
2 3 16 33 35 48 55 84 18480
2 3 16 33 35 48 55 105 18480
2 3 16 33 35 48 55 112 18480
2 3 16 33 35 48 56 110 18480
2 3 16 33 35 48 60 77 18480
2 3 16 33 35 48 66 70 18480
2 3 16 33 35 48 66 105 18480
2 3 16 33 35 48 70 77 18480
2 3 16 33 35 48 70 88 18480
2 3 16 33 35 48 77 80 18480
2 3 16 33 35 55 56 80 18480
2 3 16 33 35 56 66 80 18480
2 3 16 33 36 40 80 99 7920
2 3 16 33 36 44 45 80 7920
2 3 16 33 36 44 48 72 1584
2 3 16 33 36 44 48 99 1584
2 3 16 33 36 44 63 112 11088
2 3 16 33 36 44 80 90 7920
2 3 16 33 36 45 48 55 7920
2 3 16 33 36 45 48 110 7920
2 3 16 33 36 45 55 80 7920
2 3 16 33 36 45 66 80 7920
2 3 16 33 36 48 55 90 7920
2 3 16 33 36 48 63 77 11088
2 3 16 33 36 48 66 72 1584
2 3 16 33 37 44 48 74 19536
2 3 16 33 37 44 48 111 19536
2 3 16 33 37 48 66 74 19536
2 3 16 33 38 44 48 57 10032
2 3 16 33 38 44 48 76 10032
2 3 16 33 38 44 48 114 10032
2 3 16 33 38 48 55 95 50160
2 3 16 33 38 48 57 66 10032
2 3 16 33 38 48 57 88 10032
2 3 16 33 38 48 66 76 10032
2 3 16 33 38 55 57 80 50160
2 3 16 33 39 44 48 52 6864
2 3 16 33 39 44 48 78 6864
2 3 16 33 39 44 48 104 6864
2 3 16 33 39 44 65 80 34320
2 3 16 33 39 48 52 66 6864
2 3 16 33 39 48 52 88 6864
2 3 16 33 39 48 55 65 34320
2 3 16 33 39 48 66 78 6864
2 3 16 33 39 52 55 80 34320
2 3 16 33 40 42 55 112 18480
2 3 16 33 40 42 77 80 18480
2 3 16 33 40 44 48 55 2640
2 3 16 33 40 44 48 60 2640
2 3 16 33 40 44 48 80 2640
2 3 16 33 40 44 48 110 2640
2 3 16 33 40 44 48 120 2640
2 3 16 33 40 44 55 80 2640
2 3 16 33 40 44 60 80 2640
2 3 16 33 40 44 66 80 2640
2 3 16 33 40 45 48 99 7920
2 3 16 33 40 48 55 60 2640
2 3 16 33 40 48 55 66 2640
2 3 16 33 40 48 55 80 2640
2 3 16 33 40 48 55 88 2640
2 3 16 33 40 48 60 66 2640
2 3 16 33 41 44 48 82 21648
2 3 16 33 41 44 48 123 21648
2 3 16 33 42 44 48 56 3696
2 3 16 33 42 44 48 77 3696
2 3 16 33 42 44 48 84 3696
2 3 16 33 42 44 48 112 3696
2 3 16 33 42 48 55 70 18480
2 3 16 33 42 48 56 66 3696
2 3 16 33 42 48 56 77 3696
2 3 16 33 43 44 48 86 22704
2 3 16 33 44 45 48 90 7920
2 3 16 33 44 46 48 69 12144
2 3 16 33 44 46 48 92 12144
2 3 16 33 44 47 48 94 24816
2 3 16 33 44 48 49 98 25872
2 3 16 33 44 48 50 75 13200
2 3 16 33 44 48 51 68 8976
2 3 16 33 44 48 52 78 6864
2 3 16 33 44 48 55 60 2640
2 3 16 33 44 48 55 80 2640
2 3 16 33 44 48 56 77 3696
2 3 16 33 44 48 57 76 10032
2 3 16 33 45 48 55 72 7920
2 3 16 34 35 40 48 119 28560
2 3 16 34 35 40 51 112 28560
2 3 16 34 35 42 48 85 28560
2 3 16 34 35 42 51 80 28560
2 3 16 34 35 42 68 80 28560
2 3 16 34 35 42 80 85 28560
2 3 16 34 35 48 51 70 28560
2 3 16 34 35 48 51 105 28560
2 3 16 34 35 48 56 85 28560
2 3 16 34 35 48 68 70 28560
2 3 16 34 35 48 70 85 28560
2 3 16 34 35 51 56 80 28560
2 3 16 34 35 51 70 80 28560
2 3 16 34 36 45 48 85 12240
2 3 16 34 36 45 51 80 12240
2 3 16 34 36 45 68 80 12240
2 3 16 34 36 48 51 72 2448
2 3 16 34 36 48 68 72 2448
2 3 16 34 37 48 51 74 30192
2 3 16 34 37 48 51 111 30192
2 3 16 34 37 48 68 74 30192
2 3 16 34 38 48 51 57 15504
2 3 16 34 38 48 51 76 15504
2 3 16 34 38 48 51 114 15504
2 3 16 34 38 48 57 68 15504
2 3 16 34 38 48 68 76 15504
2 3 16 34 39 48 51 52 10608
2 3 16 34 39 48 51 78 10608
2 3 16 34 39 48 51 104 10608
2 3 16 34 39 48 52 68 10608
2 3 16 34 39 48 52 102 10608
2 3 16 34 40 48 51 60 4080
2 3 16 34 40 48 51 80 4080
2 3 16 34 40 48 51 85 4080
2 3 16 34 40 48 60 68 4080
2 3 16 34 41 48 51 82 33456
2 3 16 34 42 48 51 56 5712
2 3 16 34 42 48 51 84 5712
2 3 16 34 42 48 56 68 5712
2 3 16 34 43 48 51 86 35088
2 3 16 34 44 48 51 66 8976
2 3 16 34 46 48 51 69 18768
2 3 16 35 36 40 45 112 5040
2 3 16 35 36 40 48 63 5040
2 3 16 35 36 40 48 126 5040
2 3 16 35 36 40 63 80 5040
2 3 16 35 36 40 63 112 5040
2 3 16 35 36 42 45 48 5040
2 3 16 35 36 42 45 80 5040
2 3 16 35 36 42 45 112 5040
2 3 16 35 36 42 48 90 5040
2 3 16 35 36 42 63 80 5040
2 3 16 35 36 42 72 80 5040
2 3 16 35 36 45 48 56 5040
2 3 16 35 36 45 48 63 5040
2 3 16 35 36 45 48 70 5040
2 3 16 35 36 45 48 84 5040
2 3 16 35 36 45 48 105 5040
2 3 16 35 36 45 48 112 5040
2 3 16 35 36 45 48 126 5040
2 3 16 35 36 45 56 80 5040
2 3 16 35 36 45 56 112 5040
2 3 16 35 36 45 63 80 5040
2 3 16 35 36 45 70 80 5040
2 3 16 35 36 48 56 90 5040
2 3 16 35 36 48 60 63 5040
2 3 16 35 36 48 63 70 5040
2 3 16 35 36 48 63 80 5040
2 3 16 35 36 48 70 72 5040
2 3 16 35 37 42 74 80 62160
2 3 16 35 37 48 70 74 62160
2 3 16 35 38 40 57 112 31920
2 3 16 35 38 42 48 95 31920
2 3 16 35 38 42 57 80 31920
2 3 16 35 38 42 76 80 31920
2 3 16 35 38 48 57 70 31920
2 3 16 35 39 40 48 91 21840
2 3 16 35 39 40 52 112 21840
2 3 16 35 39 42 48 65 21840
2 3 16 35 39 42 52 80 21840
2 3 16 35 39 42 65 80 21840
2 3 16 35 39 48 52 70 21840
2 3 16 35 39 48 56 65 21840
2 3 16 35 39 48 65 70 21840
2 3 16 35 40 42 48 56 1680
2 3 16 35 40 42 48 60 1680
2 3 16 35 40 42 48 70 1680
2 3 16 35 40 42 48 80 1680
2 3 16 35 40 42 48 84 1680
2 3 16 35 40 42 48 105 1680
2 3 16 35 40 42 48 112 1680
2 3 16 35 40 42 48 120 1680
2 3 16 35 40 42 56 80 1680
2 3 16 35 40 42 60 80 1680
2 3 16 35 40 44 48 77 18480
2 3 16 35 40 45 48 63 5040
2 3 16 35 40 45 48 126 5040
2 3 16 35 40 48 49 98 11760
2 3 16 35 40 48 52 91 21840
2 3 16 35 40 48 55 77 18480
2 3 16 35 40 48 56 60 1680
2 3 16 35 40 48 56 70 1680
2 3 16 35 40 48 56 80 1680
2 3 16 35 40 48 60 70 1680
2 3 16 35 42 44 48 55 18480
2 3 16 35 42 44 48 110 18480
2 3 16 35 42 44 55 80 18480
2 3 16 35 42 45 48 63 5040
2 3 16 35 42 45 48 72 5040
2 3 16 35 42 45 48 90 5040
2 3 16 35 42 48 50 75 8400
2 3 16 35 42 48 51 85 28560
2 3 16 35 42 48 52 65 21840
2 3 16 35 42 48 55 66 18480
2 3 16 35 42 48 55 77 18480
2 3 16 35 42 48 56 60 1680
2 3 16 35 42 48 56 70 1680
2 3 16 35 44 48 55 56 18480
2 3 16 35 44 48 55 70 18480
2 3 16 35 45 48 56 63 5040
2 3 16 36 38 45 48 95 13680
2 3 16 36 38 45 57 80 13680
2 3 16 36 38 48 57 72 2736
2 3 16 36 39 45 48 65 9360
2 3 16 36 39 45 52 80 9360
2 3 16 36 39 48 52 72 1872
2 3 16 36 40 42 45 112 5040
2 3 16 36 40 42 63 80 5040
2 3 16 36 40 45 48 60 720
2 3 16 36 40 45 48 72 720
2 3 16 36 40 45 48 80 720
2 3 16 36 40 45 48 90 720
2 3 16 36 42 45 48 70 5040
2 3 16 36 42 48 56 63 1008
2 3 16 36 44 45 48 55 7920
2 3 16 36 45 48 52 65 9360
2 3 16 37 38 48 57 74 33744
2 3 16 37 39 48 52 74 23088
2 3 16 38 39 48 52 57 11856
2 3 16 38 39 48 52 76 11856
2 3 16 38 40 48 57 60 4560
2 3 16 38 42 48 56 57 6384
2 3 16 39 40 48 52 60 3120
2 3 16 39 40 48 52 65 3120
2 3 16 39 42 48 52 56 4368
2 3 16 40 42 45 48 63 5040
