2 3 21 22 23 28 33 92 21252
2 3 21 22 23 28 44 46 21252
2 3 21 22 23 28 44 69 21252
2 3 21 22 23 28 44 92 21252
2 3 21 22 23 28 66 92 21252
2 3 21 22 23 28 77 92 21252
2 3 21 22 23 30 77 115 53130
2 3 21 22 23 33 35 115 53130
2 3 21 22 23 33 42 46 10626
2 3 21 22 23 33 42 69 10626
2 3 21 22 23 33 46 77 10626
2 3 21 22 23 33 69 77 10626
2 3 21 22 23 33 70 115 53130
2 3 21 22 23 33 84 92 21252
2 3 21 22 23 33 105 115 53130
2 3 21 22 23 35 46 55 53130
2 3 21 22 23 35 46 110 53130
2 3 21 22 23 35 55 69 53130
2 3 21 22 23 35 55 115 53130
2 3 21 22 23 35 66 115 53130
2 3 21 22 23 35 69 110 53130
2 3 21 22 23 35 77 115 53130
2 3 21 22 23 35 110 115 53130
2 3 21 22 23 42 44 92 21252
2 3 21 22 23 42 46 66 10626
2 3 21 22 23 42 46 77 10626
2 3 21 22 23 42 55 115 53130
2 3 21 22 23 42 66 69 10626
2 3 21 22 23 42 69 77 10626
2 3 21 22 23 42 110 115 53130
2 3 21 22 23 44 46 84 21252
2 3 21 22 23 44 69 84 21252
2 3 21 22 23 44 77 92 21252
2 3 21 22 23 44 84 92 21252
2 3 21 22 23 46 55 70 53130
2 3 21 22 23 46 55 105 53130
2 3 21 22 23 46 56 88 42504
2 3 21 22 23 46 63 99 31878
2 3 21 22 23 46 66 77 10626
2 3 21 22 23 46 69 77 10626
2 3 21 22 23 46 70 110 53130
2 3 21 22 23 46 99 126 31878
2 3 21 22 23 46 105 110 53130
2 3 21 22 23 55 69 70 53130
2 3 21 22 23 55 69 105 53130
2 3 21 22 23 55 70 115 53130
2 3 21 22 23 55 77 115 53130
2 3 21 22 23 55 105 115 53130
2 3 21 22 23 56 69 88 42504
2 3 21 22 23 56 88 92 42504
2 3 21 22 23 63 69 99 31878
2 3 21 22 23 66 69 77 10626
2 3 21 22 23 66 70 115 53130
2 3 21 22 23 66 84 92 21252
2 3 21 22 23 66 105 115 53130
2 3 21 22 23 69 70 110 53130
2 3 21 22 23 69 99 126 31878
2 3 21 22 23 69 105 110 53130
2 3 21 22 23 70 77 115 53130
2 3 21 22 23 70 110 115 53130
2 3 21 22 23 77 84 92 21252
2 3 21 22 23 77 105 115 53130
2 3 21 22 23 77 110 115 53130
2 3 21 22 24 26 77 104 24024
2 3 21 22 24 26 88 91 24024
2 3 21 22 24 28 33 56 1848
2 3 21 22 24 28 33 88 1848
2 3 21 22 24 28 40 55 9240
2 3 21 22 24 28 40 110 9240
2 3 21 22 24 28 42 88 1848
2 3 21 22 24 28 44 56 1848
2 3 21 22 24 28 44 88 1848
2 3 21 22 24 28 55 120 9240
2 3 21 22 24 28 56 66 1848
2 3 21 22 24 28 56 77 1848
2 3 21 22 24 28 56 88 1848
2 3 21 22 24 28 66 88 1848
2 3 21 22 24 28 72 99 5544
2 3 21 22 24 28 77 88 1848
2 3 21 22 24 28 84 88 1848
2 3 21 22 24 28 110 120 9240
2 3 21 22 24 30 35 88 9240
2 3 21 22 24 30 40 77 9240
2 3 21 22 24 30 55 56 9240
2 3 21 22 24 30 56 110 9240
2 3 21 22 24 30 70 88 9240
2 3 21 22 24 30 77 120 9240
2 3 21 22 24 30 88 105 9240
2 3 21 22 24 32 77 96 7392
2 3 21 22 24 33 35 40 9240
2 3 21 22 24 33 35 120 9240
2 3 21 22 24 33 40 70 9240
2 3 21 22 24 33 40 105 9240
2 3 21 22 24 33 42 56 1848
2 3 21 22 24 33 42 88 1848
2 3 21 22 24 33 44 56 1848
2 3 21 22 24 33 48 112 3696
2 3 21 22 24 33 56 66 1848
2 3 21 22 24 33 56 77 1848
2 3 21 22 24 33 56 84 1848
2 3 21 22 24 33 56 88 1848
2 3 21 22 24 33 63 72 5544
2 3 21 22 24 33 70 120 9240
2 3 21 22 24 33 72 126 5544
2 3 21 22 24 33 77 88 1848
2 3 21 22 24 33 84 88 1848
2 3 21 22 24 33 91 104 24024
2 3 21 22 24 33 105 120 9240
2 3 21 22 24 34 88 119 31416
2 3 21 22 24 35 40 44 9240
2 3 21 22 24 35 40 55 9240
2 3 21 22 24 35 40 66 9240
2 3 21 22 24 35 40 77 9240
2 3 21 22 24 35 40 88 9240
2 3 21 22 24 35 40 110 9240
2 3 21 22 24 35 44 120 9240
2 3 21 22 24 35 55 56 9240
2 3 21 22 24 35 55 88 9240
2 3 21 22 24 35 55 120 9240
2 3 21 22 24 35 56 110 9240
2 3 21 22 24 35 60 88 9240
2 3 21 22 24 35 66 120 9240
2 3 21 22 24 35 70 88 9240
2 3 21 22 24 35 77 120 9240
2 3 21 22 24 35 88 105 9240
2 3 21 22 24 35 88 110 9240
2 3 21 22 24 35 88 120 9240
2 3 21 22 24 35 110 120 9240
2 3 21 22 24 36 56 99 5544
2 3 21 22 24 36 63 88 5544
2 3 21 22 24 36 72 77 5544
2 3 21 22 24 36 88 126 5544
2 3 21 22 24 39 77 104 24024
2 3 21 22 24 39 88 91 24024
2 3 21 22 24 40 42 55 9240
2 3 21 22 24 40 42 110 9240
2 3 21 22 24 40 44 70 9240
2 3 21 22 24 40 44 105 9240
2 3 21 22 24 40 55 56 9240
2 3 21 22 24 40 55 70 9240
2 3 21 22 24 40 55 77 9240
2 3 21 22 24 40 55 84 9240
2 3 21 22 24 40 55 105 9240
2 3 21 22 24 40 56 110 9240
2 3 21 22 24 40 60 77 9240
2 3 21 22 24 40 66 70 9240
2 3 21 22 24 40 66 105 9240
2 3 21 22 24 40 70 77 9240
2 3 21 22 24 40 70 88 9240
2 3 21 22 24 40 70 110 9240
2 3 21 22 24 40 77 105 9240
2 3 21 22 24 40 77 110 9240
2 3 21 22 24 40 77 120 9240
2 3 21 22 24 40 84 110 9240
2 3 21 22 24 40 88 105 9240
2 3 21 22 24 40 105 110 9240
2 3 21 22 24 42 44 56 1848
2 3 21 22 24 42 44 88 1848
2 3 21 22 24 42 55 120 9240
2 3 21 22 24 42 56 66 1848
2 3 21 22 24 42 56 77 1848
2 3 21 22 24 42 56 88 1848
2 3 21 22 24 42 66 88 1848
2 3 21 22 24 42 72 99 5544
2 3 21 22 24 42 77 88 1848
2 3 21 22 24 42 84 88 1848
2 3 21 22 24 42 110 120 9240
2 3 21 22 24 44 48 112 3696
2 3 21 22 24 44 56 66 1848
2 3 21 22 24 44 56 77 1848
2 3 21 22 24 44 56 84 1848
2 3 21 22 24 44 56 88 1848
2 3 21 22 24 44 63 72 5544
2 3 21 22 24 44 70 120 9240
2 3 21 22 24 44 72 126 5544
2 3 21 22 24 44 77 88 1848
2 3 21 22 24 44 84 88 1848
2 3 21 22 24 44 91 104 24024
2 3 21 22 24 44 105 120 9240
2 3 21 22 24 48 66 112 3696
2 3 21 22 24 48 77 112 3696
2 3 21 22 24 48 88 112 3696
2 3 21 22 24 49 88 98 12936
2 3 21 22 24 51 88 119 31416
2 3 21 22 24 52 77 104 24024
2 3 21 22 24 52 88 91 24024
2 3 21 22 24 55 56 60 9240
2 3 21 22 24 55 56 70 9240
2 3 21 22 24 55 56 105 9240
2 3 21 22 24 55 56 110 9240
2 3 21 22 24 55 56 120 9240
2 3 21 22 24 55 70 88 9240
2 3 21 22 24 55 70 120 9240
2 3 21 22 24 55 77 120 9240
2 3 21 22 24 55 80 112 18480
2 3 21 22 24 55 84 120 9240
2 3 21 22 24 55 88 105 9240
2 3 21 22 24 55 105 120 9240
2 3 21 22 24 56 60 110 9240
2 3 21 22 24 56 63 99 5544
2 3 21 22 24 56 66 77 1848
2 3 21 22 24 56 66 84 1848
2 3 21 22 24 56 66 88 1848
2 3 21 22 24 56 70 110 9240
2 3 21 22 24 56 72 99 5544
2 3 21 22 24 56 77 84 1848
2 3 21 22 24 56 77 88 1848
2 3 21 22 24 56 84 88 1848
2 3 21 22 24 56 99 126 5544
2 3 21 22 24 56 105 110 9240
2 3 21 22 24 56 110 120 9240
2 3 21 22 24 60 70 88 9240
2 3 21 22 24 60 77 120 9240
2 3 21 22 24 60 88 105 9240
2 3 21 22 24 63 66 72 5544
2 3 21 22 24 63 72 77 5544
2 3 21 22 24 63 72 88 5544
2 3 21 22 24 63 72 99 5544
2 3 21 22 24 63 88 99 5544
2 3 21 22 24 63 88 126 5544
2 3 21 22 24 66 70 120 9240
2 3 21 22 24 66 72 126 5544
2 3 21 22 24 66 77 88 1848
2 3 21 22 24 66 84 88 1848
2 3 21 22 24 66 91 104 24024
2 3 21 22 24 66 105 120 9240
2 3 21 22 24 68 88 119 31416
2 3 21 22 24 70 77 120 9240
2 3 21 22 24 70 88 105 9240
2 3 21 22 24 70 88 110 9240
2 3 21 22 24 70 88 120 9240
2 3 21 22 24 72 77 99 5544
2 3 21 22 24 72 77 126 5544
2 3 21 22 24 72 84 99 5544
2 3 21 22 24 72 88 126 5544
2 3 21 22 24 77 78 104 24024
2 3 21 22 24 77 84 88 1848
2 3 21 22 24 77 91 104 24024
2 3 21 22 24 78 88 91 24024
2 3 21 22 24 88 91 104 24024
2 3 21 22 25 28 33 100 23100
2 3 21 22 25 28 44 50 23100
2 3 21 22 25 28 44 75 23100
2 3 21 22 25 28 44 100 23100
2 3 21 22 25 28 55 100 23100
2 3 21 22 25 28 66 100 23100
2 3 21 22 25 28 77 100 23100
2 3 21 22 25 28 100 110 23100
2 3 21 22 25 30 50 77 11550
2 3 21 22 25 30 75 77 11550
2 3 21 22 25 33 35 50 11550
2 3 21 22 25 33 35 75 11550
2 3 21 22 25 33 42 50 11550
2 3 21 22 25 33 42 75 11550
2 3 21 22 25 33 50 70 11550
2 3 21 22 25 33 50 77 11550
2 3 21 22 25 33 50 105 11550
2 3 21 22 25 33 70 75 11550
2 3 21 22 25 33 75 77 11550
2 3 21 22 25 33 75 105 11550
2 3 21 22 25 33 84 100 23100
2 3 21 22 25 35 44 100 23100
2 3 21 22 25 35 50 55 11550
2 3 21 22 25 35 50 66 11550
2 3 21 22 25 35 50 77 11550
2 3 21 22 25 35 50 110 11550
2 3 21 22 25 35 55 75 11550
2 3 21 22 25 35 66 75 11550
2 3 21 22 25 35 75 77 11550
2 3 21 22 25 35 75 110 11550
2 3 21 22 25 42 44 100 23100
2 3 21 22 25 42 50 55 11550
2 3 21 22 25 42 50 66 11550
2 3 21 22 25 42 50 77 11550
2 3 21 22 25 42 50 110 11550
2 3 21 22 25 42 55 75 11550
2 3 21 22 25 42 66 75 11550
2 3 21 22 25 42 75 77 11550
2 3 21 22 25 42 75 110 11550
2 3 21 22 25 44 50 84 23100
2 3 21 22 25 44 70 100 23100
2 3 21 22 25 44 75 84 23100
2 3 21 22 25 44 77 100 23100
2 3 21 22 25 44 84 100 23100
2 3 21 22 25 44 100 105 23100
2 3 21 22 25 50 55 70 11550
2 3 21 22 25 50 55 77 11550
2 3 21 22 25 50 55 105 11550
2 3 21 22 25 50 56 88 46200
2 3 21 22 25 50 63 99 34650
2 3 21 22 25 50 66 70 11550
2 3 21 22 25 50 66 77 11550
2 3 21 22 25 50 66 105 11550
2 3 21 22 25 50 70 77 11550
2 3 21 22 25 50 70 110 11550
2 3 21 22 25 50 75 77 11550
2 3 21 22 25 50 77 105 11550
2 3 21 22 25 50 77 110 11550
2 3 21 22 25 50 99 126 34650
2 3 21 22 25 50 105 110 11550
2 3 21 22 25 55 70 75 11550
2 3 21 22 25 55 75 77 11550
2 3 21 22 25 55 75 105 11550
2 3 21 22 25 55 84 100 23100
2 3 21 22 25 56 75 88 46200
2 3 21 22 25 56 88 100 46200
2 3 21 22 25 60 77 100 23100
2 3 21 22 25 63 75 99 34650
2 3 21 22 25 66 70 75 11550
2 3 21 22 25 66 75 77 11550
2 3 21 22 25 66 75 105 11550
2 3 21 22 25 66 84 100 23100
2 3 21 22 25 70 75 77 11550
2 3 21 22 25 70 75 110 11550
2 3 21 22 25 75 77 105 11550
2 3 21 22 25 75 77 110 11550
2 3 21 22 25 77 84 100 23100
2 3 21 22 26 28 33 52 12012
2 3 21 22 26 28 39 44 12012
2 3 21 22 26 28 44 52 12012
2 3 21 22 26 28 44 78 12012
2 3 21 22 26 28 44 91 12012
2 3 21 22 26 28 52 66 12012
2 3 21 22 26 28 52 77 12012
2 3 21 22 26 28 88 104 24024
2 3 21 22 26 30 55 91 30030
2 3 21 22 26 30 65 77 30030
2 3 21 22 26 30 91 110 30030
2 3 21 22 26 33 35 65 30030
2 3 21 22 26 33 39 42 6006
2 3 21 22 26 33 39 77 6006
2 3 21 22 26 33 39 91 6006
2 3 21 22 26 33 42 78 6006
2 3 21 22 26 33 42 91 6006
2 3 21 22 26 33 52 84 12012
2 3 21 22 26 33 56 104 24024
2 3 21 22 26 33 63 117 18018
2 3 21 22 26 33 65 70 30030
2 3 21 22 26 33 65 105 30030
2 3 21 22 26 33 66 91 6006
2 3 21 22 26 33 77 78 6006
2 3 21 22 26 33 77 91 6006
2 3 21 22 26 33 78 91 6006
2 3 21 22 26 33 117 126 18018
2 3 21 22 26 35 39 55 30030
2 3 21 22 26 35 39 110 30030
2 3 21 22 26 35 55 65 30030
2 3 21 22 26 35 55 78 30030
2 3 21 22 26 35 55 91 30030
2 3 21 22 26 35 65 66 30030
2 3 21 22 26 35 65 77 30030
2 3 21 22 26 35 65 110 30030
2 3 21 22 26 35 78 110 30030
2 3 21 22 26 35 91 110 30030
2 3 21 22 26 39 42 66 6006
2 3 21 22 26 39 42 77 6006
2 3 21 22 26 39 44 84 12012
2 3 21 22 26 39 55 70 30030
2 3 21 22 26 39 55 105 30030
2 3 21 22 26 39 56 88 24024
2 3 21 22 26 39 63 99 18018
2 3 21 22 26 39 66 77 6006
2 3 21 22 26 39 66 91 6006
2 3 21 22 26 39 70 110 30030
2 3 21 22 26 39 77 78 6006
2 3 21 22 26 39 77 91 6006
2 3 21 22 26 39 99 126 18018
2 3 21 22 26 39 105 110 30030
2 3 21 22 26 42 44 52 12012
2 3 21 22 26 42 55 65 30030
2 3 21 22 26 42 65 110 30030
2 3 21 22 26 42 66 78 6006
2 3 21 22 26 42 66 91 6006
2 3 21 22 26 42 77 78 6006
2 3 21 22 26 42 77 91 6006
2 3 21 22 26 42 88 104 24024
2 3 21 22 26 42 99 117 18018
2 3 21 22 26 44 52 77 12012
2 3 21 22 26 44 52 84 12012
2 3 21 22 26 44 52 91 12012
2 3 21 22 26 44 56 104 24024
2 3 21 22 26 44 78 84 12012
2 3 21 22 26 44 84 91 12012
2 3 21 22 26 52 56 88 24024
2 3 21 22 26 52 66 84 12012
2 3 21 22 26 52 77 84 12012
2 3 21 22 26 55 65 70 30030
2 3 21 22 26 55 65 77 30030
2 3 21 22 26 55 65 91 30030
2 3 21 22 26 55 65 105 30030
2 3 21 22 26 55 70 78 30030
2 3 21 22 26 55 70 91 30030
2 3 21 22 26 55 78 105 30030
2 3 21 22 26 55 91 105 30030
2 3 21 22 26 55 91 110 30030
2 3 21 22 26 56 66 104 24024
2 3 21 22 26 56 77 104 24024
2 3 21 22 26 56 78 88 24024
2 3 21 22 26 56 88 91 24024
2 3 21 22 26 56 88 104 24024
2 3 21 22 26 63 66 117 18018
2 3 21 22 26 63 77 117 18018
2 3 21 22 26 63 78 99 18018
2 3 21 22 26 63 91 99 18018
2 3 21 22 26 65 66 70 30030
2 3 21 22 26 65 66 105 30030
2 3 21 22 26 65 70 77 30030
2 3 21 22 26 65 70 110 30030
2 3 21 22 26 65 77 105 30030
2 3 21 22 26 65 77 110 30030
2 3 21 22 26 65 91 110 30030
2 3 21 22 26 66 77 78 6006
2 3 21 22 26 66 77 91 6006
2 3 21 22 26 66 78 91 6006
2 3 21 22 26 70 78 110 30030
2 3 21 22 26 77 78 91 6006
2 3 21 22 27 28 33 108 8316
2 3 21 22 27 28 44 54 8316
2 3 21 22 27 28 44 108 8316
2 3 21 22 27 28 66 108 8316
2 3 21 22 27 28 77 108 8316
2 3 21 22 27 28 99 108 8316
2 3 21 22 27 33 42 54 4158
2 3 21 22 27 33 54 63 4158
2 3 21 22 27 33 54 77 4158
2 3 21 22 27 33 54 126 4158
2 3 21 22 27 33 84 108 8316
2 3 21 22 27 35 54 55 20790
2 3 21 22 27 35 54 110 20790
2 3 21 22 27 36 77 108 8316
2 3 21 22 27 42 44 108 8316
2 3 21 22 27 42 54 66 4158
2 3 21 22 27 42 54 77 4158
2 3 21 22 27 42 54 99 4158
2 3 21 22 27 44 54 84 8316
2 3 21 22 27 44 63 108 8316
2 3 21 22 27 44 77 108 8316
2 3 21 22 27 44 84 108 8316
2 3 21 22 27 44 108 126 8316
2 3 21 22 27 54 55 70 20790
2 3 21 22 27 54 55 105 20790
2 3 21 22 27 54 56 88 16632
2 3 21 22 27 54 63 66 4158
2 3 21 22 27 54 63 77 4158
2 3 21 22 27 54 63 99 4158
2 3 21 22 27 54 66 77 4158
2 3 21 22 27 54 66 126 4158
2 3 21 22 27 54 70 110 20790
2 3 21 22 27 54 77 99 4158
2 3 21 22 27 54 77 126 4158
2 3 21 22 27 54 105 110 20790
2 3 21 22 27 56 88 108 16632
2 3 21 22 28 29 33 116 26796
2 3 21 22 28 29 44 58 26796
2 3 21 22 28 29 44 87 26796
2 3 21 22 28 29 44 116 26796
2 3 21 22 28 29 66 116 26796
2 3 21 22 28 29 77 116 26796
2 3 21 22 28 30 33 60 4620
2 3 21 22 28 30 35 44 4620
2 3 21 22 28 30 40 88 9240
2 3 21 22 28 30 44 55 4620
2 3 21 22 28 30 44 60 4620
2 3 21 22 28 30 44 70 4620
2 3 21 22 28 30 44 105 4620
2 3 21 22 28 30 44 110 4620
2 3 21 22 28 30 55 60 4620
2 3 21 22 28 30 55 84 4620
2 3 21 22 28 30 60 66 4620
2 3 21 22 28 30 60 77 4620
2 3 21 22 28 30 60 110 4620
2 3 21 22 28 30 84 110 4620
2 3 21 22 28 30 88 120 9240
2 3 21 22 28 31 33 124 28644
2 3 21 22 28 31 44 62 28644
2 3 21 22 28 31 44 93 28644
2 3 21 22 28 31 44 124 28644
2 3 21 22 28 31 66 124 28644
2 3 21 22 28 31 77 124 28644
2 3 21 22 28 32 33 96 7392
2 3 21 22 28 32 44 96 7392
2 3 21 22 28 32 66 96 7392
2 3 21 22 28 32 77 96 7392
2 3 21 22 28 32 88 96 7392
2 3 21 22 28 33 34 68 15708
2 3 21 22 28 33 35 60 4620
2 3 21 22 28 33 36 63 2772
2 3 21 22 28 33 36 99 2772
2 3 21 22 28 33 36 126 2772
2 3 21 22 28 33 38 76 17556
2 3 21 22 28 33 39 52 12012
2 3 21 22 28 33 40 120 9240
2 3 21 22 28 33 42 44 924
2 3 21 22 28 33 42 84 924
2 3 21 22 28 33 44 66 924
2 3 21 22 28 33 44 77 924
2 3 21 22 28 33 44 84 924
2 3 21 22 28 33 46 92 21252
2 3 21 22 28 33 48 112 3696
2 3 21 22 28 33 50 100 23100
2 3 21 22 28 33 51 68 15708
2 3 21 22 28 33 52 78 12012
2 3 21 22 28 33 52 91 12012
2 3 21 22 28 33 54 108 8316
2 3 21 22 28 33 55 60 4620
2 3 21 22 28 33 56 88 1848
2 3 21 22 28 33 57 76 17556
2 3 21 22 28 33 58 116 26796
2 3 21 22 28 33 60 70 4620
2 3 21 22 28 33 60 105 4620
2 3 21 22 28 33 60 110 4620
2 3 21 22 28 33 62 124 28644
2 3 21 22 28 33 66 84 924
2 3 21 22 28 33 68 102 15708
2 3 21 22 28 33 68 119 15708
2 3 21 22 28 33 69 92 21252
2 3 21 22 28 33 75 100 23100
2 3 21 22 28 33 76 114 17556
2 3 21 22 28 33 77 84 924
2 3 21 22 28 33 87 116 26796
2 3 21 22 28 33 93 124 28644
2 3 21 22 28 34 44 51 15708
2 3 21 22 28 34 44 68 15708
2 3 21 22 28 34 44 102 15708
2 3 21 22 28 34 44 119 15708
2 3 21 22 28 34 66 68 15708
2 3 21 22 28 34 68 77 15708
2 3 21 22 28 35 40 88 9240
2 3 21 22 28 35 44 55 4620
2 3 21 22 28 35 44 60 4620
2 3 21 22 28 35 44 70 4620
2 3 21 22 28 35 44 105 4620
2 3 21 22 28 35 44 110 4620
2 3 21 22 28 35 55 60 4620
2 3 21 22 28 35 55 84 4620
2 3 21 22 28 35 60 66 4620
2 3 21 22 28 35 60 77 4620
2 3 21 22 28 35 60 110 4620
2 3 21 22 28 35 84 110 4620
2 3 21 22 28 35 88 120 9240
2 3 21 22 28 36 42 99 2772
2 3 21 22 28 36 44 63 2772
2 3 21 22 28 36 44 99 2772
2 3 21 22 28 36 44 126 2772
2 3 21 22 28 36 45 55 13860
2 3 21 22 28 36 45 110 13860
2 3 21 22 28 36 55 90 13860
2 3 21 22 28 36 63 66 2772
2 3 21 22 28 36 63 77 2772
2 3 21 22 28 36 63 99 2772
2 3 21 22 28 36 66 99 2772
2 3 21 22 28 36 66 126 2772
2 3 21 22 28 36 72 88 5544
2 3 21 22 28 36 77 99 2772
2 3 21 22 28 36 77 126 2772
2 3 21 22 28 36 84 99 2772
2 3 21 22 28 36 90 110 13860
2 3 21 22 28 36 99 126 2772
2 3 21 22 28 37 44 74 34188
2 3 21 22 28 37 44 111 34188
2 3 21 22 28 38 44 57 17556
2 3 21 22 28 38 44 76 17556
2 3 21 22 28 38 44 114 17556
2 3 21 22 28 38 66 76 17556
2 3 21 22 28 38 76 77 17556
2 3 21 22 28 39 44 52 12012
2 3 21 22 28 39 44 78 12012
2 3 21 22 28 39 44 91 12012
2 3 21 22 28 39 52 66 12012
2 3 21 22 28 39 52 77 12012
2 3 21 22 28 39 88 104 24024
2 3 21 22 28 40 44 120 9240
2 3 21 22 28 40 55 56 9240
2 3 21 22 28 40 55 88 9240
2 3 21 22 28 40 55 120 9240
2 3 21 22 28 40 56 110 9240
2 3 21 22 28 40 60 88 9240
2 3 21 22 28 40 66 120 9240
2 3 21 22 28 40 70 88 9240
2 3 21 22 28 40 77 120 9240
2 3 21 22 28 40 88 105 9240
2 3 21 22 28 40 88 110 9240
2 3 21 22 28 40 88 120 9240
2 3 21 22 28 40 110 120 9240
2 3 21 22 28 41 44 82 37884
2 3 21 22 28 41 44 123 37884
2 3 21 22 28 42 44 66 924
2 3 21 22 28 42 44 77 924
2 3 21 22 28 42 44 84 924
2 3 21 22 28 42 55 60 4620
2 3 21 22 28 42 56 88 1848
2 3 21 22 28 42 60 110 4620
2 3 21 22 28 42 66 84 924
2 3 21 22 28 42 77 84 924
2 3 21 22 28 43 44 86 39732
2 3 21 22 28 44 45 90 13860
2 3 21 22 28 44 46 69 21252
2 3 21 22 28 44 46 92 21252
2 3 21 22 28 44 47 94 43428
2 3 21 22 28 44 48 112 3696
2 3 21 22 28 44 49 98 6468
2 3 21 22 28 44 50 75 23100
2 3 21 22 28 44 50 100 23100
2 3 21 22 28 44 51 68 15708
2 3 21 22 28 44 51 102 15708
2 3 21 22 28 44 51 119 15708
2 3 21 22 28 44 52 78 12012
2 3 21 22 28 44 52 91 12012
2 3 21 22 28 44 53 106 48972
2 3 21 22 28 44 54 108 8316
2 3 21 22 28 44 55 60 4620
2 3 21 22 28 44 55 70 4620
2 3 21 22 28 44 55 105 4620
2 3 21 22 28 44 55 110 4620
2 3 21 22 28 44 56 88 1848
2 3 21 22 28 44 57 76 17556
2 3 21 22 28 44 57 114 17556
2 3 21 22 28 44 58 87 26796
2 3 21 22 28 44 58 116 26796
2 3 21 22 28 44 59 118 54516
2 3 21 22 28 44 60 70 4620
2 3 21 22 28 44 60 105 4620
2 3 21 22 28 44 60 110 4620
2 3 21 22 28 44 61 122 56364
2 3 21 22 28 44 62 93 28644
2 3 21 22 28 44 62 124 28644
2 3 21 22 28 44 63 99 2772
2 3 21 22 28 44 63 126 2772
2 3 21 22 28 44 66 77 924
2 3 21 22 28 44 66 84 924
2 3 21 22 28 44 68 102 15708
2 3 21 22 28 44 68 119 15708
2 3 21 22 28 44 69 92 21252
2 3 21 22 28 44 70 105 4620
2 3 21 22 28 44 70 110 4620
2 3 21 22 28 44 74 111 34188
2 3 21 22 28 44 75 100 23100
2 3 21 22 28 44 76 114 17556
2 3 21 22 28 44 77 84 924
2 3 21 22 28 44 78 91 12012
2 3 21 22 28 44 82 123 37884
2 3 21 22 28 44 87 116 26796
2 3 21 22 28 44 93 124 28644
2 3 21 22 28 44 99 126 2772
2 3 21 22 28 44 102 119 15708
2 3 21 22 28 44 105 110 4620
2 3 21 22 28 45 60 99 13860
2 3 21 22 28 46 66 92 21252
2 3 21 22 28 46 77 92 21252
2 3 21 22 28 48 55 80 18480
2 3 21 22 28 48 66 112 3696
2 3 21 22 28 48 77 112 3696
2 3 21 22 28 48 80 110 18480
2 3 21 22 28 48 88 112 3696
2 3 21 22 28 50 55 100 23100
2 3 21 22 28 50 66 100 23100
2 3 21 22 28 50 77 100 23100
2 3 21 22 28 50 100 110 23100
2 3 21 22 28 51 66 68 15708
2 3 21 22 28 51 68 77 15708
2 3 21 22 28 52 55 65 60060
2 3 21 22 28 52 65 110 60060
2 3 21 22 28 52 66 78 12012
2 3 21 22 28 52 66 91 12012
2 3 21 22 28 52 77 78 12012
2 3 21 22 28 52 77 91 12012
2 3 21 22 28 52 88 104 24024
2 3 21 22 28 54 66 108 8316
2 3 21 22 28 54 77 108 8316
2 3 21 22 28 55 56 120 9240
2 3 21 22 28 55 60 66 4620
2 3 21 22 28 55 60 70 4620
2 3 21 22 28 55 60 77 4620
2 3 21 22 28 55 60 84 4620
2 3 21 22 28 55 60 105 4620
2 3 21 22 28 55 60 110 4620
2 3 21 22 28 55 68 85 78540
2 3 21 22 28 55 70 84 4620
2 3 21 22 28 55 75 100 23100
2 3 21 22 28 55 76 95 87780
2 3 21 22 28 55 80 112 18480
2 3 21 22 28 55 84 105 4620
2 3 21 22 28 55 84 110 4620
2 3 21 22 28 56 66 88 1848
2 3 21 22 28 56 72 99 5544
2 3 21 22 28 56 77 88 1848
2 3 21 22 28 56 84 88 1848
2 3 21 22 28 57 66 76 17556
2 3 21 22 28 57 76 77 17556
2 3 21 22 28 58 66 116 26796
2 3 21 22 28 58 77 116 26796
2 3 21 22 28 60 66 70 4620
2 3 21 22 28 60 66 105 4620
2 3 21 22 28 60 66 110 4620
2 3 21 22 28 60 70 77 4620
2 3 21 22 28 60 70 110 4620
2 3 21 22 28 60 77 105 4620
2 3 21 22 28 60 77 110 4620
2 3 21 22 28 62 66 124 28644
2 3 21 22 28 63 72 88 5544
2 3 21 22 28 66 68 102 15708
2 3 21 22 28 66 68 119 15708
2 3 21 22 28 66 69 92 21252
2 3 21 22 28 66 75 100 23100
2 3 21 22 28 66 77 84 924
2 3 21 22 28 69 77 92 21252
2 3 21 22 29 33 42 58 13398
2 3 21 22 29 33 42 87 13398
2 3 21 22 29 33 58 77 13398
2 3 21 22 29 33 77 87 13398
2 3 21 22 29 33 84 116 26796
2 3 21 22 29 35 55 58 66990
2 3 21 22 29 35 55 87 66990
2 3 21 22 29 35 58 110 66990
2 3 21 22 29 35 87 110 66990
2 3 21 22 29 42 44 116 26796
2 3 21 22 29 42 58 66 13398
2 3 21 22 29 42 58 77 13398
2 3 21 22 29 42 66 87 13398
2 3 21 22 29 42 77 87 13398
2 3 21 22 29 44 58 84 26796
2 3 21 22 29 44 77 116 26796
2 3 21 22 29 44 84 87 26796
2 3 21 22 29 44 84 116 26796
2 3 21 22 29 55 58 70 66990
2 3 21 22 29 55 58 105 66990
2 3 21 22 29 55 70 87 66990
2 3 21 22 29 55 87 105 66990
2 3 21 22 29 56 58 88 53592
2 3 21 22 29 56 87 88 53592
2 3 21 22 29 58 63 99 40194
2 3 21 22 29 58 66 77 13398
2 3 21 22 29 58 70 110 66990
2 3 21 22 29 58 77 87 13398
2 3 21 22 29 66 77 87 13398
2 3 21 22 30 33 35 42 2310
2 3 21 22 30 33 35 55 2310
2 3 21 22 30 33 35 66 2310
2 3 21 22 30 33 35 70 2310
2 3 21 22 30 33 35 77 2310
2 3 21 22 30 33 35 105 2310
2 3 21 22 30 33 35 110 2310
2 3 21 22 30 33 40 56 9240
2 3 21 22 30 33 42 55 2310
2 3 21 22 30 33 42 70 2310
2 3 21 22 30 33 42 105 2310
2 3 21 22 30 33 42 110 2310
2 3 21 22 30 33 45 63 6930
2 3 21 22 30 33 45 126 6930
2 3 21 22 30 33 55 70 2310
2 3 21 22 30 33 55 77 2310
2 3 21 22 30 33 55 105 2310
2 3 21 22 30 33 56 120 9240
2 3 21 22 30 33 60 84 4620
2 3 21 22 30 33 63 90 6930
2 3 21 22 30 33 65 91 30030
2 3 21 22 30 33 66 70 2310
2 3 21 22 30 33 66 105 2310
2 3 21 22 30 33 70 77 2310
2 3 21 22 30 33 70 105 2310
2 3 21 22 30 33 70 110 2310
2 3 21 22 30 33 77 105 2310
2 3 21 22 30 33 77 110 2310
2 3 21 22 30 33 80 112 18480
2 3 21 22 30 33 85 119 39270
2 3 21 22 30 33 90 126 6930
2 3 21 22 30 33 105 110 2310
2 3 21 22 30 34 55 119 39270
2 3 21 22 30 34 77 85 39270
2 3 21 22 30 34 110 119 39270
2 3 21 22 30 35 40 88 9240
2 3 21 22 30 35 42 55 2310
2 3 21 22 30 35 42 66 2310
2 3 21 22 30 35 42 77 2310
2 3 21 22 30 35 42 110 2310
2 3 21 22 30 35 44 60 4620
2 3 21 22 30 35 44 84 4620
2 3 21 22 30 35 45 99 6930
2 3 21 22 30 35 55 66 2310
2 3 21 22 30 35 55 70 2310
2 3 21 22 30 35 55 77 2310
2 3 21 22 30 35 55 105 2310
2 3 21 22 30 35 55 110 2310
2 3 21 22 30 35 56 88 9240
2 3 21 22 30 35 63 99 6930
2 3 21 22 30 35 66 70 2310
2 3 21 22 30 35 66 77 2310
2 3 21 22 30 35 66 105 2310
2 3 21 22 30 35 66 110 2310
2 3 21 22 30 35 70 77 2310
2 3 21 22 30 35 70 110 2310
2 3 21 22 30 35 77 105 2310
2 3 21 22 30 35 77 110 2310
2 3 21 22 30 35 88 120 9240
2 3 21 22 30 35 90 99 6930
2 3 21 22 30 35 99 126 6930
2 3 21 22 30 35 105 110 2310
2 3 21 22 30 38 77 95 43890
2 3 21 22 30 39 55 91 30030
2 3 21 22 30 39 65 77 30030
2 3 21 22 30 39 91 110 30030
2 3 21 22 30 40 42 88 9240
2 3 21 22 30 40 44 56 9240
2 3 21 22 30 40 55 56 9240
2 3 21 22 30 40 56 66 9240
2 3 21 22 30 40 56 77 9240
2 3 21 22 30 40 56 88 9240
2 3 21 22 30 40 56 110 9240
2 3 21 22 30 40 70 88 9240
2 3 21 22 30 40 77 88 9240
2 3 21 22 30 40 77 120 9240
2 3 21 22 30 40 84 88 9240
2 3 21 22 30 40 88 105 9240
2 3 21 22 30 42 44 60 4620
2 3 21 22 30 42 45 99 6930
2 3 21 22 30 42 55 66 2310
2 3 21 22 30 42 55 70 2310
2 3 21 22 30 42 55 77 2310
2 3 21 22 30 42 55 105 2310
2 3 21 22 30 42 55 110 2310
2 3 21 22 30 42 66 70 2310
2 3 21 22 30 42 66 105 2310
2 3 21 22 30 42 66 110 2310
2 3 21 22 30 42 70 77 2310
2 3 21 22 30 42 70 110 2310
2 3 21 22 30 42 77 105 2310
2 3 21 22 30 42 77 110 2310
2 3 21 22 30 42 88 120 9240
2 3 21 22 30 42 90 99 6930
2 3 21 22 30 42 105 110 2310
2 3 21 22 30 44 55 84 4620
2 3 21 22 30 44 56 120 9240
2 3 21 22 30 44 60 70 4620
2 3 21 22 30 44 60 77 4620
2 3 21 22 30 44 60 84 4620
2 3 21 22 30 44 60 105 4620
2 3 21 22 30 44 70 84 4620
2 3 21 22 30 44 80 112 18480
2 3 21 22 30 44 84 105 4620
2 3 21 22 30 44 84 110 4620
2 3 21 22 30 45 55 63 6930
2 3 21 22 30 45 55 126 6930
2 3 21 22 30 45 63 66 6930
2 3 21 22 30 45 63 77 6930
2 3 21 22 30 45 63 99 6930
2 3 21 22 30 45 63 110 6930
2 3 21 22 30 45 66 126 6930
2 3 21 22 30 45 70 99 6930
2 3 21 22 30 45 77 90 6930
2 3 21 22 30 45 77 99 6930
2 3 21 22 30 45 77 126 6930
2 3 21 22 30 45 99 105 6930
2 3 21 22 30 46 77 115 53130
2 3 21 22 30 48 55 112 18480
2 3 21 22 30 48 77 80 18480
2 3 21 22 30 49 55 98 16170
2 3 21 22 30 50 75 77 11550
2 3 21 22 30 51 55 119 39270
2 3 21 22 30 51 77 85 39270
2 3 21 22 30 55 56 88 9240
2 3 21 22 30 55 56 120 9240
2 3 21 22 30 55 60 84 4620
2 3 21 22 30 55 63 90 6930
2 3 21 22 30 55 63 99 6930
2 3 21 22 30 55 63 126 6930
2 3 21 22 30 55 65 91 30030
2 3 21 22 30 55 66 70 2310
2 3 21 22 30 55 66 77 2310
2 3 21 22 30 55 66 105 2310
2 3 21 22 30 55 70 77 2310
2 3 21 22 30 55 70 105 2310
2 3 21 22 30 55 70 110 2310
2 3 21 22 30 55 77 105 2310
2 3 21 22 30 55 78 91 30030
2 3 21 22 30 56 60 88 9240
2 3 21 22 30 56 66 120 9240
2 3 21 22 30 56 70 88 9240
2 3 21 22 30 57 77 95 43890
2 3 21 22 30 60 66 84 4620
2 3 21 22 30 60 77 84 4620
2 3 21 22 30 63 66 90 6930
2 3 21 22 30 65 66 91 30030
2 3 21 22 30 65 77 78 30030
2 3 21 22 30 66 70 77 2310
2 3 21 22 31 33 42 62 14322
2 3 21 22 31 33 42 93 14322
2 3 21 22 31 33 62 77 14322
2 3 21 22 31 33 77 93 14322
2 3 21 22 31 33 84 124 28644
2 3 21 22 31 35 55 62 71610
2 3 21 22 31 35 55 93 71610
2 3 21 22 31 35 62 110 71610
2 3 21 22 31 35 93 110 71610
2 3 21 22 31 42 44 124 28644
2 3 21 22 31 42 62 66 14322
2 3 21 22 31 42 62 77 14322
2 3 21 22 31 42 66 93 14322
2 3 21 22 31 42 77 93 14322
2 3 21 22 31 44 62 84 28644
2 3 21 22 31 44 77 124 28644
2 3 21 22 31 44 84 93 28644
2 3 21 22 31 44 84 124 28644
2 3 21 22 31 55 62 70 71610
2 3 21 22 31 55 62 105 71610
2 3 21 22 31 55 70 93 71610
2 3 21 22 31 56 62 88 57288
2 3 21 22 31 62 63 99 42966
2 3 21 22 31 62 66 77 14322
2 3 21 22 32 33 42 96 7392
2 3 21 22 32 33 56 96 7392
2 3 21 22 32 33 77 96 7392
2 3 21 22 32 33 84 96 7392
2 3 21 22 32 33 96 112 7392
2 3 21 22 32 35 55 96 36960
2 3 21 22 32 35 96 110 36960
2 3 21 22 32 42 44 96 7392
2 3 21 22 32 42 66 96 7392
2 3 21 22 32 42 77 96 7392
2 3 21 22 32 42 88 96 7392
2 3 21 22 32 44 56 96 7392
2 3 21 22 32 44 77 96 7392
2 3 21 22 32 44 84 96 7392
2 3 21 22 32 48 77 96 7392
2 3 21 22 32 55 70 96 36960
2 3 21 22 32 56 66 96 7392
2 3 21 22 33 34 35 85 39270
2 3 21 22 33 34 42 51 7854
2 3 21 22 33 34 42 102 7854
2 3 21 22 33 34 42 119 7854
2 3 21 22 33 34 51 77 7854
2 3 21 22 33 34 51 119 7854
2 3 21 22 33 34 66 119 7854
2 3 21 22 33 34 68 84 15708
2 3 21 22 33 34 70 85 39270
2 3 21 22 33 34 77 102 7854
2 3 21 22 33 34 77 119 7854
2 3 21 22 33 34 85 105 39270
2 3 21 22 33 34 102 119 7854
2 3 21 22 33 35 38 95 43890
2 3 21 22 33 35 39 65 30030
2 3 21 22 33 35 40 56 9240
2 3 21 22 33 35 40 88 9240
2 3 21 22 33 35 40 120 9240
2 3 21 22 33 35 42 55 2310
2 3 21 22 33 35 42 70 2310
2 3 21 22 33 35 42 105 2310
2 3 21 22 33 35 42 110 2310
2 3 21 22 33 35 44 60 4620
2 3 21 22 33 35 45 63 6930
2 3 21 22 33 35 45 90 6930
2 3 21 22 33 35 45 99 6930
2 3 21 22 33 35 45 126 6930
2 3 21 22 33 35 46 115 53130
2 3 21 22 33 35 48 80 18480
2 3 21 22 33 35 50 75 11550
2 3 21 22 33 35 51 85 39270
2 3 21 22 33 35 55 66 2310
2 3 21 22 33 35 55 70 2310
2 3 21 22 33 35 55 77 2310
2 3 21 22 33 35 55 105 2310
2 3 21 22 33 35 55 110 2310
2 3 21 22 33 35 56 120 9240
2 3 21 22 33 35 57 95 43890
2 3 21 22 33 35 60 84 4620
2 3 21 22 33 35 63 90 6930
2 3 21 22 33 35 65 78 30030
2 3 21 22 33 35 65 91 30030
2 3 21 22 33 35 66 70 2310
2 3 21 22 33 35 66 105 2310
2 3 21 22 33 35 66 110 2310
2 3 21 22 33 35 69 115 53130
2 3 21 22 33 35 70 77 2310
2 3 21 22 33 35 70 105 2310
2 3 21 22 33 35 70 110 2310
2 3 21 22 33 35 77 105 2310
2 3 21 22 33 35 77 110 2310
2 3 21 22 33 35 80 112 18480
2 3 21 22 33 35 85 102 39270
2 3 21 22 33 35 85 119 39270
2 3 21 22 33 35 88 120 9240
2 3 21 22 33 35 90 99 6930
2 3 21 22 33 35 90 126 6930
2 3 21 22 33 35 95 114 43890
2 3 21 22 33 35 105 110 2310
2 3 21 22 33 36 44 63 2772
2 3 21 22 33 36 44 126 2772
2 3 21 22 33 36 56 72 5544
2 3 21 22 33 36 63 84 2772
2 3 21 22 33 36 84 99 2772
2 3 21 22 33 36 84 126 2772
2 3 21 22 33 37 42 74 17094
2 3 21 22 33 37 42 111 17094
2 3 21 22 33 37 74 77 17094
2 3 21 22 33 37 77 111 17094
2 3 21 22 33 38 42 57 8778
2 3 21 22 33 38 42 114 8778
2 3 21 22 33 38 57 77 8778
2 3 21 22 33 38 70 95 43890
2 3 21 22 33 38 76 84 17556
2 3 21 22 33 38 77 114 8778
2 3 21 22 33 38 95 105 43890
2 3 21 22 33 39 42 78 6006
2 3 21 22 33 39 42 91 6006
2 3 21 22 33 39 52 84 12012
2 3 21 22 33 39 56 104 24024
2 3 21 22 33 39 63 117 18018
2 3 21 22 33 39 65 70 30030
2 3 21 22 33 39 65 105 30030
2 3 21 22 33 39 66 91 6006
2 3 21 22 33 39 77 78 6006
2 3 21 22 33 39 77 91 6006
2 3 21 22 33 39 78 91 6006
2 3 21 22 33 40 42 120 9240
2 3 21 22 33 40 55 56 9240
2 3 21 22 33 40 56 60 9240
2 3 21 22 33 40 56 70 9240
2 3 21 22 33 40 56 105 9240
2 3 21 22 33 40 56 110 9240
2 3 21 22 33 40 56 120 9240
2 3 21 22 33 40 70 88 9240
2 3 21 22 33 40 70 120 9240
2 3 21 22 33 40 77 120 9240
2 3 21 22 33 40 80 112 18480
2 3 21 22 33 40 84 120 9240
2 3 21 22 33 40 88 105 9240
2 3 21 22 33 41 42 82 18942
2 3 21 22 33 41 42 123 18942
2 3 21 22 33 41 77 82 18942
2 3 21 22 33 41 77 123 18942
2 3 21 22 33 42 43 86 19866
2 3 21 22 33 42 44 84 924
2 3 21 22 33 42 45 90 6930
2 3 21 22 33 42 46 69 10626
2 3 21 22 33 42 47 94 21714
2 3 21 22 33 42 48 112 3696
2 3 21 22 33 42 49 98 3234
2 3 21 22 33 42 50 75 11550
2 3 21 22 33 42 51 102 7854
2 3 21 22 33 42 51 119 7854
2 3 21 22 33 42 53 106 24486
2 3 21 22 33 42 55 70 2310
2 3 21 22 33 42 55 105 2310
2 3 21 22 33 42 55 110 2310
2 3 21 22 33 42 56 88 1848
2 3 21 22 33 42 57 114 8778
2 3 21 22 33 42 58 87 13398
2 3 21 22 33 42 59 118 27258
2 3 21 22 33 42 61 122 28182
2 3 21 22 33 42 62 93 14322
2 3 21 22 33 42 63 99 1386
2 3 21 22 33 42 63 126 1386
2 3 21 22 33 42 66 77 462
2 3 21 22 33 42 70 105 2310
2 3 21 22 33 42 70 110 2310
2 3 21 22 33 42 74 111 17094
2 3 21 22 33 42 78 91 6006
2 3 21 22 33 42 82 123 18942
2 3 21 22 33 43 77 86 19866
2 3 21 22 33 44 48 112 3696
2 3 21 22 33 44 52 91 12012
2 3 21 22 33 44 56 88 1848
2 3 21 22 33 44 60 70 4620
2 3 21 22 33 44 60 105 4620
2 3 21 22 33 44 66 84 924
2 3 21 22 33 44 68 119 15708
2 3 21 22 33 44 77 84 924
2 3 21 22 33 45 55 63 6930
2 3 21 22 33 45 55 126 6930
2 3 21 22 33 45 63 70 6930
2 3 21 22 33 45 63 90 6930
2 3 21 22 33 45 63 105 6930
2 3 21 22 33 45 63 110 6930
2 3 21 22 33 45 70 90 6930
2 3 21 22 33 45 70 99 6930
2 3 21 22 33 45 70 126 6930
2 3 21 22 33 45 77 90 6930
2 3 21 22 33 46 69 77 10626
2 3 21 22 33 46 70 115 53130
2 3 21 22 33 46 84 92 21252
2 3 21 22 33 47 77 94 21714
2 3 21 22 33 48 56 112 3696
2 3 21 22 33 48 66 112 3696
2 3 21 22 33 48 70 80 18480
2 3 21 22 33 49 66 98 3234
2 3 21 22 33 49 77 98 3234
2 3 21 22 33 50 70 75 11550
2 3 21 22 33 50 75 77 11550
2 3 21 22 33 51 68 84 15708
2 3 21 22 33 51 70 85 39270
2 3 21 22 33 52 56 104 24024
2 3 21 22 33 52 78 84 12012
2 3 21 22 33 55 56 120 9240
2 3 21 22 33 55 60 84 4620
2 3 21 22 33 55 63 90 6930
2 3 21 22 33 55 65 91 30030
2 3 21 22 33 55 66 70 2310
2 3 21 22 33 55 70 77 2310
2 3 21 22 33 56 63 72 5544
2 3 21 22 33 56 66 88 1848
2 3 21 22 34 35 51 55 39270
2 3 21 22 34 35 51 110 39270
2 3 21 22 34 35 55 85 39270
2 3 21 22 34 35 55 102 39270
2 3 21 22 34 35 55 119 39270
2 3 21 22 34 35 66 85 39270
2 3 21 22 34 35 77 85 39270
2 3 21 22 34 35 85 110 39270
2 3 21 22 34 35 102 110 39270
2 3 21 22 34 35 110 119 39270
2 3 21 22 34 42 44 68 15708
2 3 21 22 34 42 51 66 7854
2 3 21 22 34 42 51 77 7854
2 3 21 22 34 42 55 85 39270
2 3 21 22 34 42 66 102 7854
2 3 21 22 34 42 66 119 7854
2 3 21 22 34 42 77 102 7854
2 3 21 22 34 42 77 119 7854
2 3 21 22 34 42 85 110 39270
2 3 21 22 34 44 51 84 15708
2 3 21 22 34 44 68 77 15708
2 3 21 22 34 44 68 84 15708
2 3 21 22 34 44 68 119 15708
2 3 21 22 34 44 84 102 15708
2 3 21 22 34 51 55 70 39270
2 3 21 22 34 51 55 105 39270
2 3 21 22 34 51 56 88 31416
2 3 21 22 34 51 63 99 23562
2 3 21 22 34 51 66 77 7854
2 3 21 22 34 55 70 85 39270
2 3 21 22 35 36 44 45 13860
2 3 21 22 35 36 44 90 13860
2 3 21 22 35 36 60 99 13860
2 3 21 22 35 37 55 74 85470
2 3 21 22 35 37 55 111 85470
2 3 21 22 35 37 74 110 85470
2 3 21 22 35 37 110 111 85470
2 3 21 22 35 38 55 57 43890
2 3 21 22 35 38 55 95 43890
2 3 21 22 35 38 55 114 43890
2 3 21 22 35 38 57 110 43890
2 3 21 22 35 38 66 95 43890
2 3 21 22 35 38 77 95 43890
2 3 21 22 35 38 95 110 43890
2 3 21 22 35 39 55 65 30030
2 3 21 22 35 39 55 78 30030
2 3 21 22 35 39 55 91 30030
2 3 21 22 35 39 65 66 30030
2 3 21 22 35 39 65 77 30030
2 3 21 22 35 39 65 110 30030
2 3 21 22 35 39 78 110 30030
2 3 21 22 35 39 91 110 30030
2 3 21 22 35 40 42 88 9240
2 3 21 22 35 40 44 56 9240
2 3 21 22 35 40 44 88 9240
2 3 21 22 35 40 44 120 9240
2 3 21 22 35 40 55 56 9240
2 3 21 22 35 40 55 88 9240
2 3 21 22 35 40 55 120 9240
2 3 21 22 35 40 56 66 9240
2 3 21 22 35 40 56 77 9240
2 3 21 22 35 40 56 88 9240
2 3 21 22 35 40 56 110 9240
2 3 21 22 35 40 60 88 9240
2 3 21 22 35 40 66 88 9240
2 3 21 22 35 40 66 120 9240
2 3 21 22 35 40 70 88 9240
2 3 21 22 35 40 72 99 27720
2 3 21 22 35 40 77 88 9240
2 3 21 22 35 40 77 120 9240
2 3 21 22 35 40 84 88 9240
2 3 21 22 35 40 88 105 9240
2 3 21 22 35 40 88 110 9240
2 3 21 22 35 41 55 82 94710
2 3 21 22 35 41 55 123 94710
2 3 21 22 35 41 82 110 94710
2 3 21 22 35 42 44 60 4620
2 3 21 22 35 42 45 99 6930
2 3 21 22 35 42 55 66 2310
2 3 21 22 35 42 55 70 2310
2 3 21 22 35 42 55 77 2310
2 3 21 22 35 42 55 105 2310
2 3 21 22 35 42 55 110 2310
2 3 21 22 35 42 66 70 2310
2 3 21 22 35 42 66 105 2310
2 3 21 22 35 42 66 110 2310
2 3 21 22 35 42 70 77 2310
2 3 21 22 35 42 70 110 2310
2 3 21 22 35 42 77 105 2310
2 3 21 22 35 42 77 110 2310
2 3 21 22 35 43 55 86 99330
2 3 21 22 35 44 48 80 18480
2 3 21 22 35 44 50 100 23100
2 3 21 22 35 44 52 65 60060
2 3 21 22 35 44 55 60 4620
2 3 21 22 35 44 55 84 4620
2 3 21 22 35 44 56 120 9240
2 3 21 22 35 44 60 66 4620
2 3 21 22 35 44 60 70 4620
2 3 21 22 35 44 60 77 4620
2 3 21 22 35 44 60 84 4620
2 3 21 22 35 44 60 105 4620
2 3 21 22 35 44 60 110 4620
2 3 21 22 35 44 68 85 78540
2 3 21 22 35 44 70 84 4620
2 3 21 22 35 44 75 100 23100
2 3 21 22 35 44 76 95 87780
2 3 21 22 35 45 55 63 6930
2 3 21 22 35 45 55 90 6930
2 3 21 22 35 45 55 99 6930
2 3 21 22 35 45 55 126 6930
2 3 21 22 35 45 63 66 6930
2 3 21 22 35 45 63 77 6930
2 3 21 22 35 45 63 99 6930
2 3 21 22 35 45 63 110 6930
2 3 21 22 35 45 66 90 6930
2 3 21 22 35 45 66 99 6930
2 3 21 22 35 45 66 126 6930
2 3 21 22 35 45 70 99 6930
2 3 21 22 35 45 72 88 27720
2 3 21 22 35 45 77 90 6930
2 3 21 22 35 45 77 99 6930
2 3 21 22 35 46 55 69 53130
2 3 21 22 35 46 55 115 53130
2 3 21 22 35 46 66 115 53130
2 3 21 22 35 46 69 110 53130
2 3 21 22 35 47 55 94 108570
2 3 21 22 35 48 55 80 18480
2 3 21 22 35 48 55 112 18480
2 3 21 22 35 48 66 80 18480
2 3 21 22 35 48 77 80 18480
2 3 21 22 35 49 55 98 16170
2 3 21 22 35 50 55 75 11550
2 3 21 22 35 50 66 75 11550
2 3 21 22 35 50 75 77 11550
2 3 21 22 35 51 55 85 39270
2 3 21 22 35 51 55 102 39270
2 3 21 22 35 51 55 119 39270
2 3 21 22 35 51 66 85 39270
2 3 21 22 35 53 55 106 122430
2 3 21 22 35 55 56 88 9240
2 3 21 22 35 55 57 95 43890
2 3 21 22 35 55 58 87 66990
2 3 21 22 35 55 60 84 4620
2 3 21 22 35 55 62 93 71610
2 3 21 22 35 55 63 90 6930
2 3 21 22 35 55 65 78 30030
2 3 21 22 35 55 66 70 2310
2 3 21 22 35 55 66 77 2310
2 3 21 22 35 55 70 77 2310
2 3 21 22 35 56 60 88 9240
2 3 21 22 36 42 44 63 2772
2 3 21 22 36 42 44 99 2772
2 3 21 22 36 42 44 126 2772
2 3 21 22 36 42 72 88 5544
2 3 21 22 36 44 45 70 13860
2 3 21 22 36 44 45 105 13860
2 3 21 22 36 44 56 72 5544
2 3 21 22 36 44 63 66 2772
2 3 21 22 36 44 63 77 2772
2 3 21 22 36 44 63 84 2772
2 3 21 22 36 44 63 99 2772
2 3 21 22 36 44 63 126 2772
2 3 21 22 36 44 70 90 13860
2 3 21 22 36 45 55 84 13860
2 3 21 22 36 45 60 77 13860
2 3 21 22 36 55 60 63 13860
2 3 21 22 36 56 66 72 5544
2 3 21 22 37 42 66 74 17094
2 3 21 22 37 42 66 111 17094
2 3 21 22 37 42 74 77 17094
2 3 21 22 37 44 74 84 34188
2 3 21 22 38 42 44 76 17556
2 3 21 22 38 42 55 95 43890
2 3 21 22 38 42 57 66 8778
2 3 21 22 38 42 57 77 8778
2 3 21 22 38 42 66 114 8778
2 3 21 22 38 44 57 84 17556
2 3 21 22 38 44 76 77 17556
2 3 21 22 38 44 76 84 17556
2 3 21 22 38 55 57 70 43890
2 3 21 22 39 42 44 52 12012
2 3 21 22 39 42 55 65 30030
2 3 21 22 39 42 65 110 30030
2 3 21 22 39 42 66 78 6006
2 3 21 22 39 42 66 91 6006
2 3 21 22 39 42 77 78 6006
2 3 21 22 39 44 52 77 12012
2 3 21 22 39 44 52 84 12012
2 3 21 22 39 44 52 91 12012
2 3 21 22 39 44 56 104 24024
2 3 21 22 39 52 56 88 24024
2 3 21 22 40 42 44 120 9240
2 3 21 22 40 42 55 56 9240
2 3 21 22 40 42 55 88 9240
2 3 21 22 40 42 55 120 9240
2 3 21 22 40 42 56 110 9240
2 3 21 22 40 42 60 88 9240
2 3 21 22 40 42 70 88 9240
2 3 21 22 40 44 55 56 9240
2 3 21 22 40 44 56 60 9240
2 3 21 22 40 44 56 70 9240
2 3 21 22 40 44 56 105 9240
2 3 21 22 40 44 56 110 9240
2 3 21 22 40 44 56 120 9240
2 3 21 22 40 45 56 99 27720
2 3 21 22 40 45 63 88 27720
2 3 21 22 40 45 72 77 27720
2 3 21 22 40 55 56 60 9240
2 3 21 22 40 55 56 66 9240
2 3 21 22 40 55 56 70 9240
2 3 21 22 40 55 56 77 9240
2 3 21 22 40 56 60 66 9240
2 3 21 22 41 42 66 82 18942
2 3 21 22 42 43 66 86 19866
2 3 21 22 42 44 46 92 21252
2 3 21 22 42 44 48 112 3696
2 3 21 22 42 44 50 100 23100
2 3 21 22 42 44 51 68 15708
2 3 21 22 42 44 52 78 12012
2 3 21 22 42 44 52 91 12012
2 3 21 22 42 44 54 108 8316
2 3 21 22 42 44 55 60 4620
2 3 21 22 42 44 56 88 1848
2 3 21 22 42 44 57 76 17556
2 3 21 22 42 44 60 70 4620
2 3 21 22 42 45 55 63 6930
2 3 21 22 42 45 55 90 6930
2 3 21 22 42 45 55 99 6930
2 3 21 22 42 46 66 69 10626
2 3 21 22 42 48 55 80 18480
2 3 21 22 42 50 55 75 11550
2 3 21 22 44 45 60 63 13860
2 3 21 23 24 28 40 115 19320
2 3 21 23 24 28 46 56 3864
2 3 21 23 24 28 56 69 3864
2 3 21 23 24 28 56 92 3864
2 3 21 23 24 28 115 120 19320
2 3 21 23 24 30 56 115 19320
2 3 21 23 24 35 40 46 19320
2 3 21 23 24 35 40 69 19320
2 3 21 23 24 35 40 92 19320
2 3 21 23 24 35 40 115 19320
2 3 21 23 24 35 46 120 19320
2 3 21 23 24 35 56 115 19320
2 3 21 23 24 35 69 120 19320
2 3 21 23 24 35 92 120 19320
2 3 21 23 24 35 115 120 19320
2 3 21 23 24 40 42 115 19320
2 3 21 23 24 40 46 70 19320
2 3 21 23 24 40 46 105 19320
2 3 21 23 24 40 56 115 19320
2 3 21 23 24 40 69 70 19320
2 3 21 23 24 40 69 105 19320
2 3 21 23 24 40 70 92 19320
2 3 21 23 24 40 70 115 19320
2 3 21 23 24 40 84 115 19320
2 3 21 23 24 40 92 105 19320
2 3 21 23 24 40 105 115 19320
2 3 21 23 24 42 46 56 3864
2 3 21 23 24 42 56 69 3864
2 3 21 23 24 42 56 92 3864
2 3 21 23 24 42 115 120 19320
2 3 21 23 24 46 48 112 7728
2 3 21 23 24 46 56 69 3864
2 3 21 23 24 46 56 84 3864
2 3 21 23 24 46 56 92 3864
2 3 21 23 24 46 63 72 11592
2 3 21 23 24 46 70 120 19320
2 3 21 23 24 46 72 126 11592
2 3 21 23 24 46 77 88 42504
2 3 21 23 24 46 91 104 50232
2 3 21 23 24 46 105 120 19320
2 3 21 23 24 48 69 112 7728
2 3 21 23 24 48 92 112 7728
2 3 21 23 24 56 60 115 19320
2 3 21 23 24 56 69 84 3864
2 3 21 23 24 56 69 92 3864
2 3 21 23 24 56 70 115 19320
2 3 21 23 24 56 84 92 3864
2 3 21 23 24 56 105 115 19320
2 3 21 23 24 56 115 120 19320
2 3 21 23 24 63 69 72 11592
2 3 21 23 24 63 72 92 11592
2 3 21 23 24 69 70 120 19320
2 3 21 23 24 69 72 126 11592
2 3 21 23 24 69 77 88 42504
2 3 21 23 24 69 91 104 50232
2 3 21 23 24 77 88 92 42504
2 3 21 23 25 28 46 100 48300
2 3 21 23 25 28 50 92 48300
2 3 21 23 25 28 69 100 48300
2 3 21 23 25 28 75 92 48300
2 3 21 23 25 28 92 100 48300
2 3 21 23 25 28 100 115 48300
2 3 21 23 25 35 46 50 24150
2 3 21 23 25 35 46 75 24150
2 3 21 23 25 35 50 69 24150
2 3 21 23 25 35 50 115 24150
2 3 21 23 25 35 92 100 48300
2 3 21 23 25 42 46 50 24150
2 3 21 23 25 42 46 75 24150
2 3 21 23 25 42 50 69 24150
2 3 21 23 25 42 50 115 24150
2 3 21 23 25 42 69 75 24150
2 3 21 23 25 42 75 115 24150
2 3 21 23 25 42 92 100 48300
2 3 21 23 25 46 50 70 24150
2 3 21 23 25 46 50 105 24150
2 3 21 23 25 46 70 75 24150
2 3 21 23 25 46 75 105 24150
2 3 21 23 25 46 84 100 48300
2 3 21 23 25 50 69 70 24150
2 3 21 23 25 50 69 105 24150
2 3 21 23 25 50 70 115 24150
2 3 21 23 25 50 84 92 48300
2 3 21 23 25 50 105 115 24150
2 3 21 23 25 69 70 75 24150
2 3 21 23 25 69 84 100 48300
2 3 21 23 25 70 75 115 24150
2 3 21 23 25 75 84 92 48300
2 3 21 23 26 28 39 92 25116
2 3 21 23 26 28 46 52 25116
2 3 21 23 26 28 52 69 25116
2 3 21 23 26 28 52 92 25116
2 3 21 23 26 28 78 92 25116
2 3 21 23 26 28 91 92 25116
2 3 21 23 26 30 91 115 62790
2 3 21 23 26 35 39 115 62790
2 3 21 23 26 35 46 65 62790
2 3 21 23 26 35 65 69 62790
2 3 21 23 26 35 65 115 62790
2 3 21 23 26 35 78 115 62790
2 3 21 23 26 35 91 115 62790
2 3 21 23 26 39 42 46 12558
2 3 21 23 26 39 42 69 12558
2 3 21 23 26 39 46 91 12558
2 3 21 23 26 39 69 91 12558
2 3 21 23 26 39 70 115 62790
2 3 21 23 26 39 84 92 25116
2 3 21 23 26 39 105 115 62790
2 3 21 23 26 42 46 78 12558
2 3 21 23 26 42 46 91 12558
2 3 21 23 26 42 52 92 25116
2 3 21 23 26 42 65 115 62790
2 3 21 23 26 42 69 78 12558
2 3 21 23 26 42 69 91 12558
2 3 21 23 26 46 52 84 25116
2 3 21 23 26 46 56 104 50232
2 3 21 23 26 46 63 117 37674
2 3 21 23 26 46 65 70 62790
2 3 21 23 26 46 65 105 62790
2 3 21 23 26 46 69 91 12558
2 3 21 23 26 46 78 91 12558
2 3 21 23 26 46 117 126 37674
2 3 21 23 26 52 69 84 25116
2 3 21 23 26 52 84 92 25116
2 3 21 23 26 52 91 92 25116
2 3 21 23 26 56 69 104 50232
2 3 21 23 26 56 92 104 50232
2 3 21 23 26 63 69 117 37674
2 3 21 23 26 65 69 70 62790
2 3 21 23 26 65 69 105 62790
2 3 21 23 26 65 70 115 62790
2 3 21 23 26 69 78 91 12558
2 3 21 23 27 28 46 108 17388
2 3 21 23 27 28 54 92 17388
2 3 21 23 27 28 69 108 17388
2 3 21 23 27 28 92 108 17388
2 3 21 23 27 35 54 115 43470
2 3 21 23 27 42 46 54 8694
2 3 21 23 27 42 54 69 8694
2 3 21 23 27 42 92 108 17388
2 3 21 23 27 46 54 63 8694
2 3 21 23 27 46 54 126 8694
2 3 21 23 27 46 84 108 17388
2 3 21 23 27 54 63 69 8694
2 3 21 23 27 54 69 126 8694
2 3 21 23 27 54 70 115 43470
2 3 21 23 27 54 84 92 17388
2 3 21 23 28 29 46 116 56028
2 3 21 23 28 29 58 92 56028
2 3 21 23 28 29 69 116 56028
2 3 21 23 28 29 87 92 56028
2 3 21 23 28 29 92 116 56028
2 3 21 23 28 30 35 92 9660
2 3 21 23 28 30 46 60 9660
2 3 21 23 28 30 60 69 9660
2 3 21 23 28 30 60 92 9660
2 3 21 23 28 30 60 115 9660
2 3 21 23 28 30 70 92 9660
2 3 21 23 28 30 84 115 9660
2 3 21 23 28 30 92 105 9660
2 3 21 23 28 30 92 115 9660
2 3 21 23 28 31 46 124 59892
2 3 21 23 28 31 62 92 59892
2 3 21 23 28 31 69 124 59892
2 3 21 23 28 31 92 93 59892
2 3 21 23 28 31 92 124 59892
2 3 21 23 28 32 46 96 15456
2 3 21 23 28 32 69 96 15456
2 3 21 23 28 32 92 96 15456
2 3 21 23 28 33 44 46 21252
2 3 21 23 28 33 44 69 21252
2 3 21 23 28 33 44 92 21252
2 3 21 23 28 33 66 92 21252
2 3 21 23 28 33 77 92 21252
2 3 21 23 28 34 46 68 32844
2 3 21 23 28 34 51 92 32844
2 3 21 23 28 34 68 69 32844
2 3 21 23 28 34 68 92 32844
2 3 21 23 28 34 92 102 32844
2 3 21 23 28 34 92 119 32844
2 3 21 23 28 35 46 60 9660
2 3 21 23 28 35 60 69 9660
2 3 21 23 28 35 60 92 9660
2 3 21 23 28 35 60 115 9660
2 3 21 23 28 35 70 92 9660
2 3 21 23 28 35 84 115 9660
2 3 21 23 28 35 92 105 9660
2 3 21 23 28 35 92 115 9660
2 3 21 23 28 36 45 115 28980
2 3 21 23 28 36 46 63 5796
2 3 21 23 28 36 46 126 5796
2 3 21 23 28 36 63 69 5796
2 3 21 23 28 36 63 92 5796
2 3 21 23 28 36 69 126 5796
2 3 21 23 28 36 90 115 28980
2 3 21 23 28 36 92 126 5796
2 3 21 23 28 37 74 92 71484
2 3 21 23 28 37 92 111 71484
2 3 21 23 28 38 46 76 36708
2 3 21 23 28 38 57 92 36708
2 3 21 23 28 38 69 76 36708
2 3 21 23 28 38 76 92 36708
2 3 21 23 28 38 92 114 36708
2 3 21 23 28 39 46 52 25116
2 3 21 23 28 39 52 69 25116
2 3 21 23 28 39 52 92 25116
2 3 21 23 28 39 78 92 25116
2 3 21 23 28 39 91 92 25116
2 3 21 23 28 40 46 120 19320
2 3 21 23 28 40 56 115 19320
2 3 21 23 28 40 69 120 19320
2 3 21 23 28 40 92 120 19320
2 3 21 23 28 40 115 120 19320
2 3 21 23 28 41 82 92 79212
2 3 21 23 28 41 92 123 79212
2 3 21 23 28 42 46 84 1932
2 3 21 23 28 42 46 92 1932
2 3 21 23 28 42 60 115 9660
2 3 21 23 28 42 69 84 1932
2 3 21 23 28 42 69 92 1932
2 3 21 23 28 42 84 92 1932
2 3 21 23 28 43 86 92 83076
2 3 21 23 28 44 46 66 21252
2 3 21 23 28 44 46 77 21252
2 3 21 23 28 44 55 115 106260
2 3 21 23 28 44 66 69 21252
2 3 21 23 28 44 66 92 21252
2 3 21 23 28 44 69 77 21252
2 3 21 23 28 44 77 92 21252
2 3 21 23 28 44 110 115 106260
2 3 21 23 28 45 90 92 28980
2 3 21 23 28 46 48 112 7728
2 3 21 23 28 46 50 100 48300
2 3 21 23 28 46 51 68 32844
2 3 21 23 28 46 52 78 25116
2 3 21 23 28 46 52 91 25116
2 3 21 23 28 46 54 108 17388
2 3 21 23 28 46 57 76 36708
2 3 21 23 28 46 58 116 56028
2 3 21 23 28 46 60 70 9660
2 3 21 23 28 46 60 105 9660
2 3 21 23 28 46 60 115 9660
2 3 21 23 28 46 62 124 59892
2 3 21 23 28 46 68 102 32844
2 3 21 23 28 46 68 119 32844
2 3 21 23 28 46 69 84 1932
2 3 21 23 28 46 69 92 1932
2 3 21 23 28 46 75 100 48300
2 3 21 23 28 46 76 114 36708
2 3 21 23 28 46 84 92 1932
2 3 21 23 28 46 87 116 56028
2 3 21 23 28 46 93 124 59892
2 3 21 23 28 47 92 94 90804
2 3 21 23 28 48 69 112 7728
2 3 21 23 28 48 80 115 38640
2 3 21 23 28 48 92 112 7728
2 3 21 23 28 49 92 98 13524
2 3 21 23 28 50 69 100 48300
2 3 21 23 28 50 75 92 48300
2 3 21 23 28 50 92 100 48300
2 3 21 23 28 51 68 69 32844
2 3 21 23 28 51 68 92 32844
2 3 21 23 28 51 92 102 32844
2 3 21 23 28 52 65 115 125580
2 3 21 23 28 52 69 78 25116
2 3 21 23 28 52 69 91 25116
2 3 21 23 28 52 78 92 25116
2 3 21 23 28 52 91 92 25116
2 3 21 23 28 54 69 108 17388
2 3 21 23 28 57 69 76 36708
2 3 21 23 28 57 76 92 36708
2 3 21 23 28 58 69 116 56028
2 3 21 23 28 60 69 70 9660
2 3 21 23 28 60 69 105 9660
2 3 21 23 28 60 70 92 9660
2 3 21 23 29 35 58 115 140070
2 3 21 23 29 42 46 58 28014
2 3 21 23 29 42 46 87 28014
2 3 21 23 29 42 58 69 28014
2 3 21 23 29 42 69 87 28014
2 3 21 23 29 42 92 116 56028
2 3 21 23 29 46 84 116 56028
2 3 21 23 30 33 77 115 53130
2 3 21 23 30 34 115 119 82110
2 3 21 23 30 35 42 46 4830
2 3 21 23 30 35 42 69 4830
2 3 21 23 30 35 42 115 4830
2 3 21 23 30 35 46 69 4830
2 3 21 23 30 35 46 70 4830
2 3 21 23 30 35 46 105 4830
2 3 21 23 30 35 46 115 4830
2 3 21 23 30 35 60 92 9660
2 3 21 23 30 35 69 70 4830
2 3 21 23 30 35 69 105 4830
2 3 21 23 30 35 69 115 4830
2 3 21 23 30 35 70 115 4830
2 3 21 23 30 35 84 92 9660
2 3 21 23 30 35 105 115 4830
2 3 21 23 30 39 91 115 62790
2 3 21 23 30 40 46 56 19320
2 3 21 23 30 40 56 69 19320
2 3 21 23 30 40 56 92 19320
2 3 21 23 30 40 56 115 19320
2 3 21 23 30 42 46 70 4830
2 3 21 23 30 42 46 105 4830
2 3 21 23 30 42 46 115 4830
2 3 21 23 30 42 60 92 9660
2 3 21 23 30 42 69 70 4830
2 3 21 23 30 42 69 105 4830
2 3 21 23 30 42 69 115 4830
2 3 21 23 30 42 70 115 4830
2 3 21 23 30 45 46 63 14490
2 3 21 23 30 45 46 126 14490
2 3 21 23 30 45 63 69 14490
2 3 21 23 30 45 63 115 14490
2 3 21 23 30 45 69 126 14490
2 3 21 23 30 46 55 77 53130
2 3 21 23 30 46 56 120 19320
2 3 21 23 30 46 60 84 9660
2 3 21 23 30 46 63 90 14490
2 3 21 23 30 46 65 91 62790
2 3 21 23 30 46 69 70 4830
2 3 21 23 30 46 69 105 4830
2 3 21 23 30 46 70 105 4830
2 3 21 23 30 46 70 115 4830
2 3 21 23 30 46 77 110 53130
2 3 21 23 30 46 80 112 38640
2 3 21 23 30 55 69 77 53130
2 3 21 23 30 60 69 84 9660
2 3 21 23 31 35 62 115 149730
2 3 21 23 31 42 46 62 29946
2 3 21 23 31 42 46 93 29946
2 3 21 23 31 42 62 69 29946
2 3 21 23 31 42 69 93 29946
2 3 21 23 32 35 96 115 77280
2 3 21 23 32 42 46 96 15456
2 3 21 23 32 42 69 96 15456
2 3 21 23 32 42 92 96 15456
2 3 21 23 32 46 56 96 15456
2 3 21 23 33 35 46 55 53130
2 3 21 23 33 35 46 110 53130
2 3 21 23 33 35 66 115 53130
2 3 21 23 33 35 69 110 53130
2 3 21 23 33 35 110 115 53130
2 3 21 23 33 42 44 92 21252
2 3 21 23 33 42 46 66 10626
2 3 21 23 33 42 46 77 10626
2 3 21 23 33 42 55 115 53130
2 3 21 23 33 42 66 69 10626
2 3 21 23 33 42 69 77 10626
2 3 21 23 33 44 46 84 21252
2 3 21 23 33 44 69 84 21252
2 3 21 23 33 44 77 92 21252
2 3 21 23 33 44 84 92 21252
2 3 21 23 33 46 55 70 53130
2 3 21 23 33 46 55 105 53130
2 3 21 23 33 46 56 88 42504
2 3 21 23 33 46 63 99 31878
2 3 21 23 33 46 66 77 10626
2 3 21 23 33 46 69 77 10626
2 3 21 23 33 55 69 70 53130
2 3 21 23 34 35 46 85 82110
2 3 21 23 34 35 51 115 82110
2 3 21 23 34 35 69 85 82110
2 3 21 23 34 35 85 115 82110
2 3 21 23 34 35 102 115 82110
2 3 21 23 34 42 46 51 16422
2 3 21 23 34 42 46 102 16422
2 3 21 23 34 42 46 119 16422
2 3 21 23 34 42 51 69 16422
2 3 21 23 34 42 68 92 32844
2 3 21 23 34 42 69 102 16422
2 3 21 23 34 42 69 119 16422
2 3 21 23 34 46 51 119 16422
2 3 21 23 34 46 68 84 32844
2 3 21 23 34 46 70 85 82110
2 3 21 23 35 36 45 92 28980
2 3 21 23 35 36 90 92 28980
2 3 21 23 35 37 74 115 178710
2 3 21 23 35 38 46 95 91770
2 3 21 23 35 38 57 115 91770
2 3 21 23 35 38 69 95 91770
2 3 21 23 35 39 46 65 62790
2 3 21 23 35 39 78 115 62790
2 3 21 23 35 40 46 56 19320
2 3 21 23 35 40 46 120 19320
2 3 21 23 35 40 56 69 19320
2 3 21 23 35 40 56 92 19320
2 3 21 23 35 40 56 115 19320
2 3 21 23 35 40 69 120 19320
2 3 21 23 35 42 46 70 4830
2 3 21 23 35 42 46 105 4830
2 3 21 23 35 42 46 115 4830
2 3 21 23 35 42 60 92 9660
2 3 21 23 35 42 69 70 4830
2 3 21 23 35 42 69 105 4830
2 3 21 23 35 44 55 92 106260
2 3 21 23 35 45 46 63 14490
2 3 21 23 35 45 46 90 14490
2 3 21 23 35 45 46 126 14490
2 3 21 23 35 45 69 90 14490
2 3 21 23 35 46 48 80 38640
2 3 21 23 35 46 50 75 24150
2 3 21 23 35 46 51 85 82110
2 3 21 23 35 46 55 66 53130
2 3 21 23 35 46 55 77 53130
2 3 21 23 35 46 55 110 53130
2 3 21 23 35 46 56 120 19320
2 3 21 23 35 46 57 95 91770
2 3 21 23 35 46 60 84 9660
2 3 21 23 35 46 60 92 9660
2 3 21 23 35 46 63 90 14490
2 3 21 23 35 46 65 78 62790
2 3 21 23 35 46 65 91 62790
2 3 21 23 35 46 69 70 4830
2 3 21 23 35 48 69 80 38640
2 3 21 23 35 50 69 75 24150
2 3 21 23 35 55 66 69 53130
2 3 21 23 36 42 63 92 5796
2 3 21 23 36 46 56 72 11592
2 3 21 23 36 46 63 84 5796
2 3 21 23 36 46 63 92 5796
2 3 21 23 37 42 46 74 35742
2 3 21 23 37 42 46 111 35742
2 3 21 23 37 42 69 74 35742
2 3 21 23 38 42 46 57 18354
2 3 21 23 38 42 46 114 18354
2 3 21 23 38 42 57 69 18354
2 3 21 23 39 42 46 78 12558
2 3 21 23 39 42 46 91 12558
2 3 21 23 39 42 52 92 25116
2 3 21 23 39 42 69 78 12558
2 3 21 23 39 46 52 84 25116
2 3 21 23 39 46 65 70 62790
2 3 21 23 40 42 46 120 19320
2 3 21 23 40 46 56 60 19320
2 3 21 23 40 46 56 70 19320
2 3 21 23 41 42 46 82 39606
2 3 21 23 41 42 46 123 39606
2 3 21 23 42 43 46 86 41538
2 3 21 23 42 45 46 90 14490
2 3 21 23 42 46 47 94 45402
2 3 21 23 42 46 49 98 6762
2 3 21 23 42 46 50 75 24150
2 3 21 24 25 28 40 50 4200
2 3 21 24 25 28 40 75 4200
2 3 21 24 25 28 40 100 4200
2 3 21 24 25 28 50 56 4200
2 3 21 24 25 28 50 120 4200
2 3 21 24 25 28 56 75 4200
2 3 21 24 25 28 56 100 4200
2 3 21 24 25 28 75 120 4200
2 3 21 24 25 28 100 120 4200
2 3 21 24 25 30 50 56 4200
2 3 21 24 25 30 56 75 4200
2 3 21 24 25 30 56 100 4200
2 3 21 24 25 35 40 50 4200
2 3 21 24 25 35 40 75 4200
2 3 21 24 25 35 40 100 4200
2 3 21 24 25 35 50 56 4200
2 3 21 24 25 35 50 120 4200
2 3 21 24 25 35 56 75 4200
2 3 21 24 25 35 56 100 4200
2 3 21 24 25 35 75 120 4200
2 3 21 24 25 35 100 120 4200
2 3 21 24 25 40 42 50 4200
2 3 21 24 25 40 42 75 4200
2 3 21 24 25 40 42 100 4200
2 3 21 24 25 40 50 56 4200
2 3 21 24 25 40 50 70 4200
2 3 21 24 25 40 50 84 4200
2 3 21 24 25 40 50 105 4200
2 3 21 24 25 40 56 75 4200
2 3 21 24 25 40 56 100 4200
2 3 21 24 25 40 70 75 4200
2 3 21 24 25 40 70 100 4200
2 3 21 24 25 40 75 84 4200
2 3 21 24 25 40 75 105 4200
2 3 21 24 25 40 84 100 4200
2 3 21 24 25 40 100 105 4200
2 3 21 24 25 42 50 56 4200
2 3 21 24 25 42 50 120 4200
2 3 21 24 25 42 56 75 4200
2 3 21 24 25 42 56 100 4200
2 3 21 24 25 42 75 120 4200
2 3 21 24 25 42 100 120 4200
2 3 21 24 25 48 50 112 8400
2 3 21 24 25 48 75 112 8400
2 3 21 24 25 48 100 112 8400
2 3 21 24 25 50 56 60 4200
2 3 21 24 25 50 56 70 4200
2 3 21 24 25 50 56 75 4200
2 3 21 24 25 50 56 84 4200
2 3 21 24 25 50 56 100 4200
2 3 21 24 25 50 56 105 4200
2 3 21 24 25 50 56 120 4200
2 3 21 24 25 50 63 72 12600
2 3 21 24 25 50 70 120 4200
2 3 21 24 25 50 72 126 12600
2 3 21 24 25 50 77 88 46200
2 3 21 24 25 50 80 112 8400
2 3 21 24 25 50 84 120 4200
2 3 21 24 25 50 91 104 54600
2 3 21 24 25 50 105 120 4200
2 3 21 24 25 56 60 75 4200
2 3 21 24 25 56 60 100 4200
2 3 21 24 25 56 70 75 4200
2 3 21 24 25 56 70 100 4200
2 3 21 24 25 56 75 84 4200
2 3 21 24 25 56 75 100 4200
2 3 21 24 25 56 75 105 4200
2 3 21 24 25 56 75 120 4200
2 3 21 24 25 56 84 100 4200
2 3 21 24 25 63 72 75 12600
2 3 21 24 25 63 72 100 12600
2 3 21 24 25 75 77 88 46200
2 3 21 24 26 28 39 56 2184
2 3 21 24 26 28 39 104 2184
2 3 21 24 26 28 40 65 10920
2 3 21 24 26 28 42 104 2184
2 3 21 24 26 28 52 56 2184
2 3 21 24 26 28 52 104 2184
2 3 21 24 26 28 56 78 2184
2 3 21 24 26 28 56 91 2184
2 3 21 24 26 28 56 104 2184
2 3 21 24 26 28 65 120 10920
2 3 21 24 26 28 72 117 6552
2 3 21 24 26 28 78 104 2184
2 3 21 24 26 28 84 104 2184
2 3 21 24 26 28 91 104 2184
2 3 21 24 26 30 35 104 10920
2 3 21 24 26 30 40 91 10920
2 3 21 24 26 30 56 65 10920
2 3 21 24 26 30 70 104 10920
2 3 21 24 26 30 91 120 10920
2 3 21 24 26 30 104 105 10920
2 3 21 24 26 32 91 96 8736
2 3 21 24 26 33 77 104 24024
2 3 21 24 26 33 88 91 24024
2 3 21 24 26 34 104 119 37128
2 3 21 24 26 35 39 40 10920
2 3 21 24 26 35 39 120 10920
2 3 21 24 26 35 40 52 10920
2 3 21 24 26 35 40 65 10920
2 3 21 24 26 35 40 78 10920
2 3 21 24 26 35 40 91 10920
2 3 21 24 26 35 40 104 10920
2 3 21 24 26 35 52 120 10920
2 3 21 24 26 35 56 65 10920
2 3 21 24 26 35 60 104 10920
2 3 21 24 26 35 65 104 10920
2 3 21 24 26 35 65 120 10920
2 3 21 24 26 35 70 104 10920
2 3 21 24 26 35 78 120 10920
2 3 21 24 26 35 91 120 10920
2 3 21 24 26 35 104 105 10920
2 3 21 24 26 35 104 120 10920
2 3 21 24 26 36 56 117 6552
2 3 21 24 26 36 63 104 6552
2 3 21 24 26 36 72 91 6552
2 3 21 24 26 36 104 126 6552
2 3 21 24 26 39 40 70 10920
2 3 21 24 26 39 40 105 10920
2 3 21 24 26 39 42 56 2184
2 3 21 24 26 39 42 104 2184
2 3 21 24 26 39 48 112 4368
2 3 21 24 26 39 52 56 2184
2 3 21 24 26 39 56 78 2184
2 3 21 24 26 39 56 84 2184
2 3 21 24 26 39 56 91 2184
2 3 21 24 26 39 56 104 2184
2 3 21 24 26 39 63 72 6552
2 3 21 24 26 39 70 120 10920
2 3 21 24 26 39 72 126 6552
2 3 21 24 26 39 77 88 24024
2 3 21 24 26 39 84 104 2184
2 3 21 24 26 39 91 104 2184
2 3 21 24 26 39 105 120 10920
2 3 21 24 26 40 42 65 10920
2 3 21 24 26 40 52 70 10920
2 3 21 24 26 40 52 105 10920
2 3 21 24 26 40 56 65 10920
2 3 21 24 26 40 60 91 10920
2 3 21 24 26 40 65 70 10920
2 3 21 24 26 40 65 84 10920
2 3 21 24 26 40 65 91 10920
2 3 21 24 26 40 65 105 10920
2 3 21 24 26 40 70 78 10920
2 3 21 24 26 40 70 91 10920
2 3 21 24 26 40 70 104 10920
2 3 21 24 26 40 78 105 10920
2 3 21 24 26 40 91 105 10920
2 3 21 24 26 40 91 120 10920
2 3 21 24 26 40 104 105 10920
2 3 21 24 26 42 52 56 2184
2 3 21 24 26 42 52 104 2184
2 3 21 24 26 42 56 78 2184
2 3 21 24 26 42 56 91 2184
2 3 21 24 26 42 56 104 2184
2 3 21 24 26 42 65 120 10920
2 3 21 24 26 42 72 117 6552
2 3 21 24 26 42 78 104 2184
2 3 21 24 26 42 84 104 2184
2 3 21 24 26 42 91 104 2184
2 3 21 24 26 44 77 104 24024
2 3 21 24 26 44 88 91 24024
2 3 21 24 26 48 52 112 4368
2 3 21 24 26 48 78 112 4368
2 3 21 24 26 48 91 112 4368
2 3 21 24 26 48 104 112 4368
2 3 21 24 26 49 98 104 15288
2 3 21 24 26 52 56 78 2184
2 3 21 24 26 52 56 84 2184
2 3 21 24 26 52 56 91 2184
2 3 21 24 26 52 56 104 2184
2 3 21 24 26 52 63 72 6552
2 3 21 24 26 52 70 120 10920
2 3 21 24 26 52 72 126 6552
2 3 21 24 26 52 77 88 24024
2 3 21 24 26 52 84 104 2184
2 3 21 24 26 52 91 104 2184
2 3 21 24 26 56 60 65 10920
2 3 21 24 26 56 63 117 6552
2 3 21 24 26 56 65 70 10920
2 3 21 24 26 56 65 105 10920
2 3 21 24 26 56 65 120 10920
2 3 21 24 26 56 72 117 6552
2 3 21 24 26 56 78 84 2184
2 3 21 24 26 56 78 91 2184
2 3 21 24 26 56 78 104 2184
2 3 21 24 26 56 84 91 2184
2 3 21 24 26 56 84 104 2184
2 3 21 24 26 60 70 104 10920
2 3 21 24 26 63 72 78 6552
2 3 21 24 26 63 72 91 6552
2 3 21 24 26 63 72 104 6552
2 3 21 24 26 65 70 104 10920
2 3 21 24 27 28 54 56 1512
2 3 21 24 27 28 54 72 1512
2 3 21 24 27 28 56 108 1512
2 3 21 24 27 28 72 108 1512
2 3 21 24 27 35 40 54 7560
2 3 21 24 27 35 40 108 7560
2 3 21 24 27 35 54 120 7560
2 3 21 24 27 35 108 120 7560
2 3 21 24 27 36 54 56 1512
2 3 21 24 27 36 56 108 1512
2 3 21 24 27 40 54 70 7560
2 3 21 24 27 40 54 105 7560
2 3 21 24 27 40 70 108 7560
2 3 21 24 27 40 105 108 7560
2 3 21 24 27 42 54 56 1512
2 3 21 24 27 42 54 72 1512
2 3 21 24 27 42 56 108 1512
2 3 21 24 27 42 72 108 1512
2 3 21 24 27 48 54 112 3024
2 3 21 24 27 54 56 63 1512
2 3 21 24 27 54 56 72 1512
2 3 21 24 27 54 56 84 1512
2 3 21 24 27 54 56 108 1512
2 3 21 24 27 54 56 126 1512
2 3 21 24 27 54 63 72 1512
2 3 21 24 27 54 70 120 7560
2 3 21 24 27 54 72 84 1512
2 3 21 24 27 54 77 88 16632
2 3 21 24 27 56 63 108 1512
2 3 21 24 27 56 72 108 1512
2 3 21 24 28 29 56 58 4872
2 3 21 24 28 29 56 87 4872
2 3 21 24 28 29 56 116 4872
2 3 21 24 28 30 35 40 840
2 3 21 24 28 30 35 56 840
2 3 21 24 28 30 35 120 840
2 3 21 24 28 30 40 42 840
2 3 21 24 28 30 40 56 840
2 3 21 24 28 30 40 60 840
2 3 21 24 28 30 40 70 840
2 3 21 24 28 30 40 84 840
2 3 21 24 28 30 40 105 840
2 3 21 24 28 30 40 120 840
2 3 21 24 28 30 42 120 840
2 3 21 24 28 30 45 72 2520
2 3 21 24 28 30 48 80 1680
2 3 21 24 28 30 55 88 9240
2 3 21 24 28 30 56 60 840
2 3 21 24 28 30 56 70 840
2 3 21 24 28 30 56 105 840
2 3 21 24 28 30 56 120 840
2 3 21 24 28 30 60 120 840
2 3 21 24 28 30 65 104 10920
2 3 21 24 28 30 70 120 840
2 3 21 24 28 30 72 90 2520
2 3 21 24 28 30 80 112 1680
2 3 21 24 28 30 84 120 840
2 3 21 24 28 30 88 110 9240
2 3 21 24 28 30 105 120 840
2 3 21 24 28 31 56 62 5208
2 3 21 24 28 31 56 93 5208
2 3 21 24 28 31 56 124 5208
2 3 21 24 28 32 42 96 672
2 3 21 24 28 32 48 96 672
2 3 21 24 28 32 56 96 672
2 3 21 24 28 32 84 96 672
2 3 21 24 28 32 96 112 672
2 3 21 24 28 33 40 55 9240
2 3 21 24 28 33 40 110 9240
2 3 21 24 28 33 42 88 1848
2 3 21 24 28 33 44 56 1848
2 3 21 24 28 33 44 88 1848
2 3 21 24 28 33 55 120 9240
2 3 21 24 28 33 56 66 1848
2 3 21 24 28 33 56 77 1848
2 3 21 24 28 33 56 88 1848
2 3 21 24 28 33 66 88 1848
2 3 21 24 28 33 72 99 5544
2 3 21 24 28 33 77 88 1848
2 3 21 24 28 33 84 88 1848
2 3 21 24 28 33 110 120 9240
2 3 21 24 28 34 40 85 14280
2 3 21 24 28 34 51 56 2856
2 3 21 24 28 34 56 68 2856
2 3 21 24 28 34 56 102 2856
2 3 21 24 28 34 56 119 2856
2 3 21 24 28 34 85 120 14280
2 3 21 24 28 35 40 42 840
2 3 21 24 28 35 40 56 840
2 3 21 24 28 35 40 60 840
2 3 21 24 28 35 40 70 840
2 3 21 24 28 35 40 84 840
2 3 21 24 28 35 40 105 840
2 3 21 24 28 35 40 120 840
2 3 21 24 28 35 42 120 840
2 3 21 24 28 35 45 72 2520
2 3 21 24 28 35 48 80 1680
2 3 21 24 28 35 55 88 9240
2 3 21 24 28 35 56 60 840
2 3 21 24 28 35 56 70 840
2 3 21 24 28 35 56 105 840
2 3 21 24 28 35 56 120 840
2 3 21 24 28 35 60 120 840
2 3 21 24 28 35 65 104 10920
2 3 21 24 28 35 70 120 840
2 3 21 24 28 35 72 90 2520
2 3 21 24 28 35 80 112 1680
2 3 21 24 28 35 84 120 840
2 3 21 24 28 35 88 110 9240
2 3 21 24 28 35 105 120 840
2 3 21 24 28 36 40 45 2520
2 3 21 24 28 36 40 90 2520
2 3 21 24 28 36 42 72 504
2 3 21 24 28 36 45 120 2520
2 3 21 24 28 36 56 63 504
2 3 21 24 28 36 56 72 504
2 3 21 24 28 36 56 126 504
2 3 21 24 28 36 63 72 504
2 3 21 24 28 36 72 84 504
2 3 21 24 28 36 72 126 504
2 3 21 24 28 36 88 99 5544
2 3 21 24 28 36 90 120 2520
2 3 21 24 28 36 104 117 6552
2 3 21 24 28 37 56 74 6216
2 3 21 24 28 37 56 111 6216
2 3 21 24 28 38 40 95 15960
2 3 21 24 28 38 56 57 3192
2 3 21 24 28 38 56 76 3192
2 3 21 24 28 38 56 114 3192
2 3 21 24 28 38 95 120 15960
2 3 21 24 28 39 40 65 10920
2 3 21 24 28 39 42 104 2184
2 3 21 24 28 39 52 56 2184
2 3 21 24 28 39 52 104 2184
2 3 21 24 28 39 56 78 2184
2 3 21 24 28 39 56 91 2184
2 3 21 24 28 39 56 104 2184
2 3 21 24 28 39 65 120 10920
2 3 21 24 28 39 72 117 6552
2 3 21 24 28 39 78 104 2184
2 3 21 24 28 39 84 104 2184
2 3 21 24 28 39 91 104 2184
2 3 21 24 28 40 42 60 840
2 3 21 24 28 40 42 70 840
2 3 21 24 28 40 42 105 840
2 3 21 24 28 40 42 120 840
2 3 21 24 28 40 44 55 9240
2 3 21 24 28 40 44 110 9240
2 3 21 24 28 40 45 63 2520
2 3 21 24 28 40 45 72 2520
2 3 21 24 28 40 45 90 2520
2 3 21 24 28 40 45 126 2520
2 3 21 24 28 40 46 115 19320
2 3 21 24 28 40 48 80 1680
2 3 21 24 28 40 50 75 4200
2 3 21 24 28 40 50 100 4200
2 3 21 24 28 40 51 85 14280
2 3 21 24 28 40 52 65 10920
2 3 21 24 28 40 55 66 9240
2 3 21 24 28 40 55 77 9240
2 3 21 24 28 40 55 88 9240
2 3 21 24 28 40 55 110 9240
2 3 21 24 28 40 56 60 840
2 3 21 24 28 40 56 70 840
2 3 21 24 28 40 56 105 840
2 3 21 24 28 40 56 120 840
2 3 21 24 28 40 57 95 15960
2 3 21 24 28 40 60 70 840
2 3 21 24 28 40 60 84 840
2 3 21 24 28 40 60 105 840
2 3 21 24 28 40 60 120 840
2 3 21 24 28 40 63 90 2520
2 3 21 24 28 40 65 78 10920
2 3 21 24 28 40 65 91 10920
2 3 21 24 28 40 65 104 10920
2 3 21 24 28 40 66 110 9240
2 3 21 24 28 40 68 85 14280
2 3 21 24 28 40 69 115 19320
2 3 21 24 28 40 70 84 840
2 3 21 24 28 40 70 105 840
2 3 21 24 28 40 70 120 840
2 3 21 24 28 40 72 90 2520
2 3 21 24 28 40 75 100 4200
2 3 21 24 28 40 76 95 15960
2 3 21 24 28 40 77 110 9240
2 3 21 24 28 40 80 112 1680
2 3 21 24 28 40 84 105 840
2 3 21 24 28 40 84 120 840
2 3 21 24 28 40 85 102 14280
2 3 21 24 28 40 85 119 14280
2 3 21 24 28 40 88 110 9240
2 3 21 24 28 40 90 126 2520
2 3 21 24 28 40 92 115 19320
2 3 21 24 28 40 95 114 15960
2 3 21 24 28 40 105 120 840
2 3 21 24 28 41 56 82 6888
2 3 21 24 28 41 56 123 6888
2 3 21 24 28 42 44 88 1848
2 3 21 24 28 42 48 112 336
2 3 21 24 28 42 52 104 2184
2 3 21 24 28 42 56 84 168
2 3 21 24 28 42 60 120 840
2 3 21 24 28 42 63 72 504
2 3 21 24 28 42 66 88 1848
2 3 21 24 28 42 70 120 840
2 3 21 24 28 42 72 126 504
2 3 21 24 28 42 77 88 1848
2 3 21 24 28 42 78 104 2184
2 3 21 24 28 42 91 104 2184
2 3 21 24 28 43 56 86 7224
2 3 21 24 28 44 55 120 9240
2 3 21 24 28 44 56 66 1848
2 3 21 24 28 44 56 77 1848
2 3 21 24 28 44 56 88 1848
2 3 21 24 28 44 66 88 1848
2 3 21 24 28 44 72 99 5544
2 3 21 24 28 44 77 88 1848
2 3 21 24 28 44 84 88 1848
2 3 21 24 28 45 56 90 2520
2 3 21 24 28 45 60 72 2520
2 3 21 24 28 45 63 120 2520
2 3 21 24 28 45 70 72 2520
2 3 21 24 28 45 72 90 2520
2 3 21 24 28 45 72 105 2520
2 3 21 24 28 45 72 120 2520
2 3 21 24 28 46 56 69 3864
2 3 21 24 28 46 56 92 3864
2 3 21 24 28 47 56 94 7896
2 3 21 24 28 48 56 112 336
2 3 21 24 28 48 60 80 1680
2 3 21 24 28 48 70 80 1680
2 3 21 24 28 48 80 105 1680
2 3 21 24 28 49 56 98 1176
2 3 21 24 28 50 56 75 4200
2 3 21 24 28 50 56 100 4200
2 3 21 24 28 51 56 68 2856
2 3 21 24 28 51 56 102 2856
2 3 21 24 28 51 56 119 2856
2 3 21 24 28 52 56 78 2184
2 3 21 24 28 52 56 91 2184
2 3 21 24 28 52 56 104 2184
2 3 21 24 28 52 65 120 10920
2 3 21 24 28 53 56 106 8904
2 3 21 24 28 54 56 108 1512
2 3 21 24 28 55 56 110 9240
2 3 21 24 28 55 60 88 9240
2 3 21 24 28 55 70 88 9240
2 3 21 24 28 56 57 76 3192
2 3 21 24 28 56 57 114 3192
2 3 21 24 28 56 58 87 4872
2 3 21 24 28 56 58 116 4872
2 3 21 24 28 56 59 118 9912
2 3 21 24 28 56 60 70 840
2 3 21 24 28 56 60 105 840
2 3 21 24 28 56 60 120 840
2 3 21 24 28 56 61 122 10248
2 3 21 24 28 56 62 93 5208
2 3 21 24 28 56 62 124 5208
2 3 21 24 28 56 63 72 504
2 3 21 24 28 56 66 77 1848
2 3 21 24 28 56 66 88 1848
2 3 21 24 28 56 68 102 2856
2 3 21 24 28 56 69 92 3864
2 3 21 24 28 56 77 88 1848
2 3 21 24 29 35 40 58 24360
2 3 21 24 29 35 40 87 24360
2 3 21 24 29 35 40 116 24360
2 3 21 24 29 35 58 120 24360
2 3 21 24 29 35 87 120 24360
2 3 21 24 29 35 116 120 24360
2 3 21 24 29 40 58 70 24360
2 3 21 24 29 40 58 105 24360
2 3 21 24 29 40 70 87 24360
2 3 21 24 29 40 70 116 24360
2 3 21 24 29 40 87 105 24360
2 3 21 24 29 40 105 116 24360
2 3 21 24 29 42 56 58 4872
2 3 21 24 29 42 56 87 4872
2 3 21 24 29 42 56 116 4872
2 3 21 24 29 48 58 112 9744
2 3 21 24 29 56 58 84 4872
2 3 21 24 29 56 58 87 4872
2 3 21 24 29 56 58 116 4872
2 3 21 24 29 58 63 72 14616
2 3 21 24 30 32 35 96 3360
2 3 21 24 30 32 70 96 3360
2 3 21 24 30 32 96 105 3360
2 3 21 24 30 33 35 88 9240
2 3 21 24 30 33 40 77 9240
2 3 21 24 30 33 55 56 9240
2 3 21 24 30 33 56 110 9240
2 3 21 24 30 33 70 88 9240
2 3 21 24 30 33 77 120 9240
2 3 21 24 30 33 88 105 9240
2 3 21 24 30 34 40 119 14280
2 3 21 24 30 34 56 85 14280
2 3 21 24 30 34 119 120 14280
2 3 21 24 30 35 36 72 2520
2 3 21 24 30 35 39 104 10920
2 3 21 24 30 35 40 42 840
2 3 21 24 30 35 40 56 840
2 3 21 24 30 35 40 60 840
2 3 21 24 30 35 40 70 840
2 3 21 24 30 35 40 84 840
2 3 21 24 30 35 40 105 840
2 3 21 24 30 35 40 120 840
2 3 21 24 30 35 42 56 840
2 3 21 24 30 35 42 120 840
2 3 21 24 30 35 44 88 9240
2 3 21 24 30 35 45 72 2520
2 3 21 24 30 35 48 80 1680
2 3 21 24 30 35 48 112 1680
2 3 21 24 30 35 52 104 10920
2 3 21 24 30 35 55 88 9240
2 3 21 24 30 35 56 60 840
2 3 21 24 30 35 56 70 840
2 3 21 24 30 35 56 84 840
2 3 21 24 30 35 56 105 840
2 3 21 24 30 35 56 120 840
2 3 21 24 30 35 60 120 840
2 3 21 24 30 35 63 72 2520
2 3 21 24 30 35 65 104 10920
2 3 21 24 30 35 66 88 9240
2 3 21 24 30 35 70 120 840
2 3 21 24 30 35 72 90 2520
2 3 21 24 30 35 72 126 2520
2 3 21 24 30 35 77 88 9240
2 3 21 24 30 35 78 104 10920
2 3 21 24 30 35 80 112 1680
2 3 21 24 30 35 84 120 840
2 3 21 24 30 35 88 110 9240
2 3 21 24 30 35 91 104 10920
2 3 21 24 30 35 105 120 840
2 3 21 24 30 36 40 63 2520
2 3 21 24 30 36 40 126 2520
2 3 21 24 30 36 45 56 2520
2 3 21 24 30 36 56 90 2520
2 3 21 24 30 36 63 120 2520
2 3 21 24 30 36 70 72 2520
2 3 21 24 30 36 72 105 2520
2 3 21 24 30 38 56 95 15960
2 3 21 24 30 39 40 91 10920
2 3 21 24 30 39 56 65 10920
2 3 21 24 30 39 70 104 10920
2 3 21 24 30 39 91 120 10920
2 3 21 24 30 39 104 105 10920
2 3 21 24 30 40 42 56 840
2 3 21 24 30 40 42 60 840
2 3 21 24 30 40 42 70 840
2 3 21 24 30 40 42 84 840
2 3 21 24 30 40 42 105 840
2 3 21 24 30 40 42 120 840
2 3 21 24 30 40 44 77 9240
2 3 21 24 30 40 45 63 2520
2 3 21 24 30 40 45 126 2520
2 3 21 24 30 40 48 112 1680
2 3 21 24 30 40 49 98 5880
2 3 21 24 30 40 51 119 14280
2 3 21 24 30 40 52 91 10920
2 3 21 24 30 40 55 77 9240
2 3 21 24 30 40 56 60 840
2 3 21 24 30 40 56 70 840
2 3 21 24 30 40 56 84 840
2 3 21 24 30 40 56 105 840
2 3 21 24 30 40 56 120 840
2 3 21 24 30 40 60 70 840
2 3 21 24 30 40 60 84 840
2 3 21 24 30 40 60 105 840
2 3 21 24 30 40 63 72 2520
2 3 21 24 30 40 63 90 2520
2 3 21 24 30 40 63 126 2520
2 3 21 24 30 40 65 91 10920
2 3 21 24 30 40 66 77 9240
2 3 21 24 30 40 68 119 14280
2 3 21 24 30 40 70 84 840
2 3 21 24 30 40 70 105 840
2 3 21 24 30 40 70 120 840
2 3 21 24 30 40 72 126 2520
2 3 21 24 30 40 77 88 9240
2 3 21 24 30 40 77 110 9240
2 3 21 24 30 40 78 91 10920
2 3 21 24 30 40 80 112 1680
2 3 21 24 30 40 84 105 840
2 3 21 24 30 40 84 120 840
2 3 21 24 30 40 85 119 14280
2 3 21 24 30 40 91 104 10920
2 3 21 24 30 42 45 72 2520
2 3 21 24 30 42 48 80 1680
2 3 21 24 30 42 55 88 9240
2 3 21 24 30 42 56 60 840
2 3 21 24 30 42 56 70 840
2 3 21 24 30 42 56 105 840
2 3 21 24 30 42 56 120 840
2 3 21 24 30 42 60 120 840
2 3 21 24 30 42 65 104 10920
2 3 21 24 30 42 70 120 840
2 3 21 24 30 42 72 90 2520
2 3 21 24 30 42 80 112 1680
2 3 21 24 30 42 88 110 9240
2 3 21 24 30 44 55 56 9240
2 3 21 24 30 44 56 110 9240
2 3 21 24 30 44 70 88 9240
2 3 21 24 30 45 56 63 2520
2 3 21 24 30 45 56 72 2520
2 3 21 24 30 45 56 90 2520
2 3 21 24 30 45 56 126 2520
2 3 21 24 30 45 63 72 2520
2 3 21 24 30 45 63 120 2520
2 3 21 24 30 45 70 72 2520
2 3 21 24 30 45 72 84 2520
2 3 21 24 30 45 72 105 2520
2 3 21 24 30 46 56 115 19320
2 3 21 24 30 48 56 80 1680
2 3 21 24 30 48 60 112 1680
2 3 21 24 30 48 70 80 1680
2 3 21 24 30 48 80 84 1680
2 3 21 24 30 50 56 75 4200
2 3 21 24 30 50 56 100 4200
2 3 21 24 30 51 56 85 14280
2 3 21 24 30 52 56 65 10920
2 3 21 24 30 55 56 66 9240
2 3 21 24 30 55 56 77 9240
2 3 21 24 30 55 56 88 9240
2 3 21 24 30 55 56 110 9240
2 3 21 24 30 56 57 95 15960
2 3 21 24 30 56 60 70 840
2 3 21 24 30 56 60 84 840
2 3 21 24 30 56 63 90 2520
2 3 21 24 30 56 65 78 10920
2 3 21 24 30 56 65 91 10920
2 3 21 24 30 56 68 85 14280
2 3 21 24 30 60 63 72 2520
2 3 21 24 31 35 40 62 26040
2 3 21 24 31 35 40 93 26040
2 3 21 24 31 35 40 124 26040
2 3 21 24 31 35 62 120 26040
2 3 21 24 31 35 93 120 26040
2 3 21 24 31 40 62 70 26040
2 3 21 24 31 40 62 105 26040
2 3 21 24 31 40 70 93 26040
2 3 21 24 31 40 70 124 26040
2 3 21 24 31 40 93 105 26040
2 3 21 24 31 42 56 62 5208
2 3 21 24 31 42 56 93 5208
2 3 21 24 31 42 56 124 5208
2 3 21 24 31 48 62 112 10416
2 3 21 24 31 56 62 84 5208
2 3 21 24 31 62 63 72 15624
2 3 21 24 32 33 77 96 7392
2 3 21 24 32 34 96 119 11424
2 3 21 24 32 35 40 96 3360
2 3 21 24 32 35 60 96 3360
2 3 21 24 32 35 70 96 3360
2 3 21 24 32 35 80 96 3360
2 3 21 24 32 35 96 105 3360
2 3 21 24 32 35 96 120 3360
2 3 21 24 32 36 63 96 2016
2 3 21 24 32 39 91 96 8736
2 3 21 24 32 40 70 96 3360
2 3 21 24 32 42 48 96 672
2 3 21 24 32 42 56 96 672
2 3 21 24 32 48 56 96 672
2 3 21 24 33 34 88 119 31416
2 3 21 24 33 35 40 44 9240
2 3 21 24 33 35 40 55 9240
2 3 21 24 33 35 40 66 9240
2 3 21 24 33 35 40 77 9240
2 3 21 24 33 35 40 88 9240
2 3 21 24 33 35 40 110 9240
2 3 21 24 33 35 44 120 9240
2 3 21 24 33 35 55 56 9240
2 3 21 24 33 35 55 88 9240
2 3 21 24 33 35 55 120 9240
2 3 21 24 33 35 56 110 9240
2 3 21 24 33 35 60 88 9240
2 3 21 24 33 35 66 120 9240
2 3 21 24 33 35 70 88 9240
2 3 21 24 33 35 77 120 9240
2 3 21 24 33 35 88 105 9240
2 3 21 24 33 35 88 110 9240
2 3 21 24 33 35 88 120 9240
2 3 21 24 33 36 56 99 5544
2 3 21 24 33 36 63 88 5544
2 3 21 24 33 36 72 77 5544
2 3 21 24 33 39 77 104 24024
2 3 21 24 33 39 88 91 24024
2 3 21 24 33 40 42 55 9240
2 3 21 24 33 40 42 110 9240
2 3 21 24 33 40 44 70 9240
2 3 21 24 33 40 44 105 9240
2 3 21 24 33 40 55 56 9240
2 3 21 24 33 40 55 70 9240
2 3 21 24 33 40 55 77 9240
2 3 21 24 33 40 55 84 9240
2 3 21 24 33 40 55 105 9240
2 3 21 24 33 40 56 110 9240
2 3 21 24 33 40 60 77 9240
2 3 21 24 33 40 66 70 9240
2 3 21 24 33 40 66 105 9240
2 3 21 24 33 40 70 77 9240
2 3 21 24 33 40 70 88 9240
2 3 21 24 33 40 70 110 9240
2 3 21 24 33 40 77 105 9240
2 3 21 24 33 42 44 56 1848
2 3 21 24 33 42 44 88 1848
2 3 21 24 33 42 55 120 9240
2 3 21 24 33 42 56 66 1848
2 3 21 24 33 42 56 77 1848
2 3 21 24 33 42 56 88 1848
2 3 21 24 33 42 66 88 1848
2 3 21 24 33 42 72 99 5544
2 3 21 24 33 42 77 88 1848
2 3 21 24 33 44 48 112 3696
2 3 21 24 33 44 56 66 1848
2 3 21 24 33 44 56 77 1848
2 3 21 24 33 44 56 84 1848
2 3 21 24 33 44 56 88 1848
2 3 21 24 33 44 63 72 5544
2 3 21 24 33 55 56 60 9240
2 3 21 24 33 55 56 70 9240
2 3 21 24 34 35 40 51 14280
2 3 21 24 34 35 40 68 14280
2 3 21 24 34 35 40 85 14280
2 3 21 24 34 35 40 102 14280
2 3 21 24 34 35 40 119 14280
2 3 21 24 34 35 51 120 14280
2 3 21 24 34 35 56 85 14280
2 3 21 24 34 35 68 120 14280
2 3 21 24 34 35 85 120 14280
2 3 21 24 34 36 72 119 8568
2 3 21 24 34 40 42 85 14280
2 3 21 24 34 40 51 70 14280
2 3 21 24 34 40 51 105 14280
2 3 21 24 34 40 56 85 14280
2 3 21 24 34 40 60 119 14280
2 3 21 24 34 40 68 70 14280
2 3 21 24 34 40 68 105 14280
2 3 21 24 34 40 70 85 14280
2 3 21 24 34 40 70 102 14280
2 3 21 24 34 40 84 85 14280
2 3 21 24 34 42 51 56 2856
2 3 21 24 34 42 56 68 2856
2 3 21 24 34 42 56 102 2856
2 3 21 24 34 42 56 119 2856
2 3 21 24 34 48 51 112 5712
2 3 21 24 34 51 56 68 2856
2 3 21 24 34 51 56 84 2856
2 3 21 24 34 51 63 72 8568
2 3 21 24 35 36 40 45 2520
2 3 21 24 35 36 40 63 2520
2 3 21 24 35 36 40 72 2520
2 3 21 24 35 36 40 90 2520
2 3 21 24 35 36 40 126 2520
2 3 21 24 35 36 45 56 2520
2 3 21 24 35 36 45 72 2520
2 3 21 24 35 36 45 120 2520
2 3 21 24 35 36 56 90 2520
2 3 21 24 35 36 60 72 2520
2 3 21 24 35 36 63 120 2520
2 3 21 24 35 36 70 72 2520
2 3 21 24 35 36 72 90 2520
2 3 21 24 35 36 72 105 2520
2 3 21 24 35 36 72 120 2520
2 3 21 24 35 37 40 74 31080
2 3 21 24 35 37 40 111 31080
2 3 21 24 35 37 74 120 31080
2 3 21 24 35 38 40 57 15960
2 3 21 24 35 38 40 76 15960
2 3 21 24 35 38 40 95 15960
2 3 21 24 35 38 40 114 15960
2 3 21 24 35 38 56 95 15960
2 3 21 24 35 38 57 120 15960
2 3 21 24 35 39 40 52 10920
2 3 21 24 35 39 40 65 10920
2 3 21 24 35 39 40 78 10920
2 3 21 24 35 39 40 91 10920
2 3 21 24 35 39 40 104 10920
2 3 21 24 35 39 52 120 10920
2 3 21 24 35 39 56 65 10920
2 3 21 24 35 39 60 104 10920
2 3 21 24 35 39 65 104 10920
2 3 21 24 35 39 65 120 10920
2 3 21 24 35 39 70 104 10920
2 3 21 24 35 40 41 82 34440
2 3 21 24 35 40 41 123 34440
2 3 21 24 35 40 42 56 840
2 3 21 24 35 40 42 60 840
2 3 21 24 35 40 42 70 840
2 3 21 24 35 40 42 84 840
2 3 21 24 35 40 42 105 840
2 3 21 24 35 40 42 120 840
2 3 21 24 35 40 43 86 36120
2 3 21 24 35 40 44 55 9240
2 3 21 24 35 40 44 66 9240
2 3 21 24 35 40 44 77 9240
2 3 21 24 35 40 44 88 9240
2 3 21 24 35 40 44 110 9240
2 3 21 24 35 40 45 63 2520
2 3 21 24 35 40 45 72 2520
2 3 21 24 35 40 45 90 2520
2 3 21 24 35 40 45 126 2520
2 3 21 24 35 40 46 69 19320
2 3 21 24 35 40 46 92 19320
2 3 21 24 35 40 46 115 19320
2 3 21 24 35 40 47 94 39480
2 3 21 24 35 40 48 80 1680
2 3 21 24 35 40 48 112 1680
2 3 21 24 35 40 49 98 5880
2 3 21 24 35 40 50 75 4200
2 3 21 24 35 40 50 100 4200
2 3 21 24 35 40 51 68 14280
2 3 21 24 35 40 51 85 14280
2 3 21 24 35 40 51 102 14280
2 3 21 24 35 40 51 119 14280
2 3 21 24 35 40 52 65 10920
2 3 21 24 35 40 52 78 10920
2 3 21 24 35 40 52 91 10920
2 3 21 24 35 40 52 104 10920
2 3 21 24 35 40 53 106 44520
2 3 21 24 35 40 54 108 7560
2 3 21 24 35 40 55 66 9240
2 3 21 24 35 40 55 77 9240
2 3 21 24 35 40 55 88 9240
2 3 21 24 35 40 55 110 9240
2 3 21 24 35 40 56 60 840
2 3 21 24 35 40 56 70 840
2 3 21 24 35 40 56 84 840
2 3 21 24 35 40 56 105 840
2 3 21 24 35 40 56 120 840
2 3 21 24 35 40 57 76 15960
2 3 21 24 35 40 57 95 15960
2 3 21 24 35 40 57 114 15960
2 3 21 24 35 40 58 87 24360
2 3 21 24 35 40 58 116 24360
2 3 21 24 35 40 59 118 49560
2 3 21 24 35 40 60 70 840
2 3 21 24 35 40 60 84 840
2 3 21 24 35 40 60 105 840
2 3 21 24 35 40 60 120 840
2 3 21 24 35 40 61 122 51240
2 3 21 24 35 40 62 93 26040
2 3 21 24 35 40 62 124 26040
2 3 21 24 35 40 63 72 2520
2 3 21 24 35 40 63 90 2520
2 3 21 24 35 40 65 78 10920
2 3 21 24 35 40 65 91 10920
2 3 21 24 35 40 65 104 10920
2 3 21 24 35 40 66 77 9240
2 3 21 24 35 40 66 88 9240
2 3 21 24 35 40 66 110 9240
2 3 21 24 35 40 68 85 14280
2 3 21 24 35 40 68 102 14280
2 3 21 24 35 40 69 92 19320
2 3 21 24 35 40 70 84 840
2 3 21 24 35 40 72 90 2520
2 3 21 24 35 40 77 88 9240
2 3 21 24 35 42 45 72 2520
2 3 21 24 35 42 48 80 1680
2 3 21 24 35 42 55 88 9240
2 3 21 24 35 42 56 60 840
2 3 21 24 35 42 56 70 840
2 3 21 24 35 42 56 105 840
2 3 21 24 35 42 56 120 840
2 3 21 24 35 44 55 56 9240
2 3 21 24 35 44 55 88 9240
2 3 21 24 35 44 55 120 9240
2 3 21 24 35 44 56 110 9240
2 3 21 24 35 44 60 88 9240
2 3 21 24 35 45 56 63 2520
2 3 21 24 35 45 56 72 2520
2 3 21 24 35 45 56 90 2520
2 3 21 24 35 45 60 72 2520
2 3 21 24 35 45 63 72 2520
2 3 21 24 35 45 70 72 2520
2 3 21 24 35 48 56 80 1680
2 3 21 24 35 48 60 80 1680
2 3 21 24 35 50 56 75 4200
2 3 21 24 35 51 56 85 14280
2 3 21 24 35 52 56 65 10920
2 3 21 24 35 55 56 66 9240
2 3 21 24 35 55 56 77 9240
2 3 21 24 36 39 56 117 6552
2 3 21 24 36 39 63 104 6552
2 3 21 24 36 39 72 91 6552
2 3 21 24 36 40 42 45 2520
2 3 21 24 36 40 42 90 2520
2 3 21 24 36 40 45 56 2520
2 3 21 24 36 40 45 63 2520
2 3 21 24 36 40 45 70 2520
2 3 21 24 36 40 45 84 2520
2 3 21 24 36 40 45 105 2520
2 3 21 24 36 40 45 126 2520
2 3 21 24 36 40 56 90 2520
2 3 21 24 36 40 60 63 2520
2 3 21 24 36 40 63 70 2520
2 3 21 24 36 40 63 90 2520
2 3 21 24 36 40 63 105 2520
2 3 21 24 36 40 70 72 2520
2 3 21 24 36 40 70 90 2520
2 3 21 24 36 42 45 120 2520
2 3 21 24 36 42 56 63 504
2 3 21 24 36 42 56 72 504
2 3 21 24 36 42 63 72 504
2 3 21 24 36 44 56 99 5544
2 3 21 24 36 44 63 88 5544
2 3 21 24 36 45 56 60 2520
2 3 21 24 36 45 56 70 2520
2 3 21 24 36 45 56 90 2520
2 3 21 24 36 45 70 72 2520
2 3 21 24 37 40 70 74 31080
2 3 21 24 37 42 56 74 6216
2 3 21 24 37 42 56 111 6216
2 3 21 24 38 40 42 95 15960
2 3 21 24 38 40 56 95 15960
2 3 21 24 38 40 57 70 15960
2 3 21 24 38 40 57 105 15960
2 3 21 24 38 40 70 76 15960
2 3 21 24 38 42 56 57 3192
2 3 21 24 38 42 56 76 3192
2 3 21 24 39 40 42 65 10920
2 3 21 24 39 40 52 70 10920
2 3 21 24 39 40 52 105 10920
2 3 21 24 39 40 56 65 10920
2 3 21 24 39 40 60 91 10920
2 3 21 24 39 40 65 70 10920
2 3 21 24 39 40 65 84 10920
2 3 21 24 39 40 70 78 10920
2 3 21 24 39 42 52 56 2184
2 3 21 24 39 42 52 104 2184
2 3 21 24 39 42 56 78 2184
2 3 21 24 39 42 56 91 2184
2 3 21 24 40 42 44 55 9240
2 3 21 24 40 42 44 110 9240
2 3 21 24 40 42 45 63 2520
2 3 21 24 40 42 45 72 2520
2 3 21 24 40 42 45 90 2520
2 3 21 24 40 42 45 126 2520
2 3 21 24 40 42 46 115 19320
2 3 21 24 40 42 48 80 1680
2 3 21 24 40 42 50 75 4200
2 3 21 24 40 42 50 100 4200
2 3 21 24 40 42 51 85 14280
2 3 21 24 40 42 52 65 10920
2 3 21 24 40 42 55 66 9240
2 3 21 24 40 42 55 77 9240
2 3 21 24 40 42 55 88 9240
2 3 21 24 40 42 56 60 840
2 3 21 24 40 42 56 70 840
2 3 21 24 40 42 60 70 840
2 3 21 24 40 44 55 56 9240
2 3 21 24 40 44 55 70 9240
2 3 21 24 40 44 55 77 9240
2 3 21 24 40 44 55 84 9240
2 3 21 24 40 45 56 63 2520
2 3 21 24 40 45 56 72 2520
2 3 21 24 40 45 60 63 2520
2 3 21 24 40 52 56 65 10920
2 3 21 24 41 42 56 82 6888
2 3 21 24 42 44 56 66 1848
2 3 21 24 42 46 56 69 3864
2 3 21 25 26 28 39 100 27300
2 3 21 25 26 28 50 52 27300
2 3 21 25 26 28 52 75 27300
2 3 21 25 26 28 52 100 27300
2 3 21 25 26 28 65 100 27300
2 3 21 25 26 28 78 100 27300
2 3 21 25 26 28 91 100 27300
2 3 21 25 26 30 50 91 13650
2 3 21 25 26 30 75 91 13650
2 3 21 25 26 35 39 50 13650
2 3 21 25 26 35 39 75 13650
2 3 21 25 26 35 50 65 13650
2 3 21 25 26 35 50 78 13650
2 3 21 25 26 35 50 91 13650
2 3 21 25 26 35 52 100 27300
2 3 21 25 26 35 65 75 13650
2 3 21 25 26 35 75 78 13650
2 3 21 25 26 35 75 91 13650
2 3 21 25 26 39 42 50 13650
2 3 21 25 26 39 42 75 13650
2 3 21 25 26 39 50 70 13650
2 3 21 25 26 39 50 91 13650
2 3 21 25 26 39 50 105 13650
2 3 21 25 26 39 70 75 13650
2 3 21 25 26 39 75 91 13650
2 3 21 25 26 39 75 105 13650
2 3 21 25 26 39 84 100 27300
2 3 21 25 26 42 50 65 13650
2 3 21 25 26 42 50 78 13650
2 3 21 25 26 42 50 91 13650
2 3 21 25 26 42 52 100 27300
2 3 21 25 26 42 65 75 13650
2 3 21 25 26 42 75 78 13650
2 3 21 25 26 42 75 91 13650
2 3 21 25 26 50 52 84 27300
2 3 21 25 26 50 56 104 54600
2 3 21 25 26 50 63 117 40950
2 3 21 25 26 50 65 70 13650
2 3 21 25 26 50 65 91 13650
2 3 21 25 26 50 65 105 13650
2 3 21 25 26 50 70 78 13650
2 3 21 25 26 50 70 91 13650
2 3 21 25 26 50 75 91 13650
2 3 21 25 26 50 78 91 13650
2 3 21 25 26 50 78 105 13650
2 3 21 25 26 52 70 100 27300
2 3 21 25 26 52 75 84 27300
2 3 21 25 26 52 84 100 27300
2 3 21 25 26 56 75 104 54600
2 3 21 25 26 65 70 75 13650
2 3 21 25 27 28 50 108 18900
2 3 21 25 27 28 54 100 18900
2 3 21 25 27 28 75 108 18900
2 3 21 25 27 28 100 108 18900
2 3 21 25 27 35 50 54 9450
2 3 21 25 27 35 54 75 9450
2 3 21 25 27 35 100 108 18900
2 3 21 25 27 42 50 54 9450
2 3 21 25 27 42 54 75 9450
2 3 21 25 27 42 100 108 18900
2 3 21 25 27 50 54 63 9450
2 3 21 25 27 50 54 70 9450
2 3 21 25 27 50 54 105 9450
2 3 21 25 27 50 54 126 9450
2 3 21 25 27 54 63 75 9450
2 3 21 25 27 54 70 75 9450
2 3 21 25 28 29 50 116 60900
2 3 21 25 28 29 58 100 60900
2 3 21 25 28 29 75 116 60900
2 3 21 25 28 29 87 100 60900
2 3 21 25 28 29 100 116 60900
2 3 21 25 28 30 35 100 2100
2 3 21 25 28 30 42 100 2100
2 3 21 25 28 30 50 60 2100
2 3 21 25 28 30 50 84 2100
2 3 21 25 28 30 50 100 2100
2 3 21 25 28 30 60 75 2100
2 3 21 25 28 30 60 100 2100
2 3 21 25 28 30 70 100 2100
2 3 21 25 28 30 75 84 2100
2 3 21 25 28 30 75 100 2100
2 3 21 25 28 30 84 100 2100
2 3 21 25 28 30 100 105 2100
2 3 21 25 28 31 50 124 65100
2 3 21 25 28 31 62 100 65100
2 3 21 25 28 31 75 124 65100
2 3 21 25 28 31 93 100 65100
2 3 21 25 28 31 100 124 65100
2 3 21 25 28 32 50 96 16800
2 3 21 25 28 32 75 96 16800
2 3 21 25 28 32 96 100 16800
2 3 21 25 28 33 44 50 23100
2 3 21 25 28 33 44 75 23100
2 3 21 25 28 33 44 100 23100
2 3 21 25 28 33 55 100 23100
2 3 21 25 28 33 66 100 23100
2 3 21 25 28 33 77 100 23100
2 3 21 25 28 33 100 110 23100
2 3 21 25 28 34 50 68 35700
2 3 21 25 28 34 51 100 35700
2 3 21 25 28 34 68 75 35700
2 3 21 25 28 34 68 100 35700
2 3 21 25 28 34 85 100 35700
2 3 21 25 28 34 100 102 35700
2 3 21 25 28 34 100 119 35700
2 3 21 25 28 35 42 100 2100
2 3 21 25 28 35 50 60 2100
2 3 21 25 28 35 50 84 2100
2 3 21 25 28 35 50 100 2100
2 3 21 25 28 35 60 75 2100
2 3 21 25 28 35 60 100 2100
2 3 21 25 28 35 70 100 2100
2 3 21 25 28 35 75 84 2100
2 3 21 25 28 35 75 100 2100
2 3 21 25 28 35 84 100 2100
2 3 21 25 28 35 100 105 2100
2 3 21 25 28 36 45 50 6300
2 3 21 25 28 36 45 75 6300
2 3 21 25 28 36 45 100 6300
2 3 21 25 28 36 50 63 6300
2 3 21 25 28 36 50 90 6300
2 3 21 25 28 36 50 126 6300
2 3 21 25 28 36 63 75 6300
2 3 21 25 28 36 63 100 6300
2 3 21 25 28 36 75 90 6300
2 3 21 25 28 36 75 126 6300
2 3 21 25 28 36 90 100 6300
2 3 21 25 28 36 100 126 6300
2 3 21 25 28 37 74 100 77700
2 3 21 25 28 37 100 111 77700
2 3 21 25 28 38 50 76 39900
2 3 21 25 28 38 57 100 39900
2 3 21 25 28 38 75 76 39900
2 3 21 25 28 38 76 100 39900
2 3 21 25 28 38 95 100 39900
2 3 21 25 28 38 100 114 39900
2 3 21 25 28 39 50 52 27300
2 3 21 25 28 39 52 75 27300
2 3 21 25 28 39 52 100 27300
2 3 21 25 28 39 65 100 27300
2 3 21 25 28 39 78 100 27300
2 3 21 25 28 39 91 100 27300
2 3 21 25 28 40 50 56 4200
2 3 21 25 28 40 50 120 4200
2 3 21 25 28 40 56 75 4200
2 3 21 25 28 40 56 100 4200
2 3 21 25 28 40 75 120 4200
2 3 21 25 28 41 82 100 86100
2 3 21 25 28 42 50 60 2100
2 3 21 25 28 42 50 84 2100
2 3 21 25 28 42 50 100 2100
2 3 21 25 28 42 60 75 2100
2 3 21 25 28 42 60 100 2100
2 3 21 25 28 42 70 100 2100
2 3 21 25 28 42 75 84 2100
2 3 21 25 28 42 75 100 2100
2 3 21 25 28 42 84 100 2100
2 3 21 25 28 43 86 100 90300
2 3 21 25 28 44 50 55 23100
2 3 21 25 28 44 50 66 23100
2 3 21 25 28 44 50 77 23100
2 3 21 25 28 44 50 110 23100
2 3 21 25 28 44 55 75 23100
2 3 21 25 28 44 55 100 23100
2 3 21 25 28 44 66 75 23100
2 3 21 25 28 44 66 100 23100
2 3 21 25 28 44 75 77 23100
2 3 21 25 28 44 75 110 23100
2 3 21 25 28 44 77 100 23100
2 3 21 25 28 45 63 100 6300
2 3 21 25 28 46 50 92 48300
2 3 21 25 28 46 69 100 48300
2 3 21 25 28 46 75 92 48300
2 3 21 25 28 48 50 80 8400
2 3 21 25 28 48 50 112 8400
2 3 21 25 28 48 75 80 8400
2 3 21 25 28 50 51 68 35700
2 3 21 25 28 50 52 65 27300
2 3 21 25 28 50 52 78 27300
2 3 21 25 28 50 52 91 27300
2 3 21 25 28 50 54 108 18900
2 3 21 25 28 50 56 120 4200
2 3 21 25 28 50 57 76 39900
2 3 21 25 28 50 58 116 60900
2 3 21 25 28 50 60 70 2100
2 3 21 25 28 50 60 75 2100
2 3 21 25 28 50 60 84 2100
2 3 21 25 28 50 60 100 2100
2 3 21 25 28 50 60 105 2100
2 3 21 25 28 50 62 124 65100
2 3 21 25 28 50 68 85 35700
2 3 21 25 28 50 68 102 35700
2 3 21 25 28 50 69 92 48300
2 3 21 25 28 50 70 84 2100
2 3 21 25 28 50 70 100 2100
2 3 21 25 28 50 75 84 2100
2 3 21 25 28 50 76 95 39900
2 3 21 25 28 51 68 75 35700
2 3 21 25 28 51 68 100 35700
2 3 21 25 28 52 65 75 27300
2 3 21 25 28 52 65 100 27300
2 3 21 25 28 52 75 78 27300
2 3 21 25 28 52 75 91 27300
2 3 21 25 28 57 75 76 39900
2 3 21 25 28 60 70 75 2100
2 3 21 25 29 35 50 58 30450
2 3 21 25 29 35 50 87 30450
2 3 21 25 29 35 58 75 30450
2 3 21 25 29 35 100 116 60900
2 3 21 25 29 42 50 58 30450
2 3 21 25 29 42 50 87 30450
2 3 21 25 29 42 58 75 30450
2 3 21 25 29 42 75 87 30450
2 3 21 25 29 50 58 70 30450
2 3 21 25 29 50 58 105 30450
2 3 21 25 29 50 70 87 30450
2 3 21 25 29 58 70 75 30450
2 3 21 25 30 33 50 77 11550
2 3 21 25 30 33 75 77 11550
2 3 21 25 30 34 50 119 17850
2 3 21 25 30 34 75 119 17850
2 3 21 25 30 35 42 50 1050
2 3 21 25 30 35 42 75 1050
2 3 21 25 30 35 50 70 1050
2 3 21 25 30 35 50 75 1050
2 3 21 25 30 35 50 105 1050
2 3 21 25 30 35 60 100 2100
2 3 21 25 30 35 70 75 1050
2 3 21 25 30 35 75 105 1050
2 3 21 25 30 35 84 100 2100
2 3 21 25 30 36 63 100 6300
2 3 21 25 30 39 50 91 13650
2 3 21 25 30 39 75 91 13650
2 3 21 25 30 40 50 56 4200
2 3 21 25 30 40 56 75 4200
2 3 21 25 30 40 56 100 4200
2 3 21 25 30 42 50 70 1050
2 3 21 25 30 42 50 75 1050
2 3 21 25 30 42 50 105 1050
2 3 21 25 30 42 60 100 2100
2 3 21 25 30 42 70 75 1050
2 3 21 25 30 42 75 105 1050
2 3 21 25 30 45 50 63 3150
2 3 21 25 30 45 50 126 3150
2 3 21 25 30 45 63 75 3150
2 3 21 25 30 48 50 112 8400
2 3 21 25 30 49 50 98 7350
2 3 21 25 30 50 51 119 17850
2 3 21 25 30 50 55 77 11550
2 3 21 25 30 50 56 120 4200
2 3 21 25 30 50 60 84 2100
2 3 21 25 30 50 63 90 3150
2 3 21 25 30 50 65 91 13650
2 3 21 25 30 50 66 77 11550
2 3 21 25 30 50 70 75 1050
2 3 21 25 31 35 50 62 32550
2 3 21 25 31 35 50 93 32550
2 3 21 25 31 35 62 75 32550
2 3 21 25 31 42 50 62 32550
2 3 21 25 31 42 50 93 32550
2 3 21 25 31 42 62 75 32550
2 3 21 25 31 42 75 93 32550
2 3 21 25 31 50 62 70 32550
2 3 21 25 32 35 50 96 16800
2 3 21 25 32 35 75 96 16800
2 3 21 25 32 35 96 100 16800
2 3 21 25 32 42 50 96 16800
2 3 21 25 32 50 56 96 16800
2 3 21 25 33 35 44 100 23100
2 3 21 25 33 35 50 55 11550
2 3 21 25 33 35 50 66 11550
2 3 21 25 33 35 50 77 11550
2 3 21 25 33 35 50 110 11550
2 3 21 25 33 35 66 75 11550
2 3 21 25 33 35 75 110 11550
2 3 21 25 33 42 44 100 23100
2 3 21 25 33 42 50 55 11550
2 3 21 25 33 42 50 66 11550
2 3 21 25 33 42 50 77 11550
2 3 21 25 33 42 50 110 11550
2 3 21 25 33 42 55 75 11550
2 3 21 25 33 42 66 75 11550
2 3 21 25 33 42 75 77 11550
2 3 21 25 33 44 50 84 23100
2 3 21 25 33 50 55 70 11550
2 3 21 25 33 50 55 77 11550
2 3 21 25 33 50 56 88 46200
2 3 21 25 33 50 66 70 11550
2 3 21 25 34 35 50 51 17850
2 3 21 25 34 35 50 85 17850
2 3 21 25 34 35 50 102 17850
2 3 21 25 34 35 50 119 17850
2 3 21 25 34 35 51 75 17850
2 3 21 25 34 35 68 100 35700
2 3 21 25 34 35 75 85 17850
2 3 21 25 34 35 75 102 17850
2 3 21 25 34 35 75 119 17850
2 3 21 25 34 42 50 51 17850
2 3 21 25 34 42 50 85 17850
2 3 21 25 34 42 50 102 17850
2 3 21 25 34 42 50 119 17850
2 3 21 25 34 42 51 75 17850
2 3 21 25 34 50 51 70 17850
2 3 21 25 35 36 45 100 6300
2 3 21 25 35 36 63 100 6300
2 3 21 25 35 37 50 74 38850
2 3 21 25 35 37 50 111 38850
2 3 21 25 35 37 74 75 38850
2 3 21 25 35 38 50 57 19950
2 3 21 25 35 38 50 95 19950
2 3 21 25 35 38 50 114 19950
2 3 21 25 35 38 57 75 19950
2 3 21 25 35 39 50 65 13650
2 3 21 25 35 39 50 78 13650
2 3 21 25 35 39 50 91 13650
2 3 21 25 35 39 52 100 27300
2 3 21 25 35 39 75 78 13650
2 3 21 25 35 40 50 56 4200
2 3 21 25 35 40 50 120 4200
2 3 21 25 35 40 56 75 4200
2 3 21 25 35 40 56 100 4200
2 3 21 25 35 41 50 82 43050
2 3 21 25 35 41 50 123 43050
2 3 21 25 35 42 50 70 1050
2 3 21 25 35 42 50 75 1050
2 3 21 25 35 42 50 105 1050
2 3 21 25 35 42 70 75 1050
2 3 21 25 35 43 50 86 45150
2 3 21 25 35 44 55 100 23100
2 3 21 25 35 45 50 63 3150
2 3 21 25 35 45 50 90 3150
2 3 21 25 35 46 50 69 24150
2 3 21 25 35 47 50 94 49350
2 3 21 25 35 48 50 80 8400
2 3 21 25 35 49 50 98 7350
2 3 21 25 35 50 51 85 17850
2 3 21 25 35 50 55 66 11550
2 3 21 25 35 50 55 77 11550
2 3 21 25 36 42 45 100 6300
2 3 21 25 36 45 50 84 6300
2 3 21 25 36 50 56 72 12600
2 3 21 25 36 50 60 63 6300
2 3 21 25 37 42 50 74 38850
2 3 21 25 37 42 50 111 38850
2 3 21 25 38 42 50 57 19950
2 3 21 25 38 42 50 95 19950
2 3 21 25 38 42 57 75 19950
2 3 21 25 39 42 50 65 13650
2 3 21 25 39 42 50 78 13650
2 3 21 25 39 42 50 91 13650
2 3 21 25 40 42 50 56 4200
2 3 21 25 40 42 56 75 4200
2 3 21 25 40 50 56 60 4200
2 3 21 25 41 42 50 82 43050
2 3 21 25 42 45 50 63 3150
2 3 21 25 42 46 50 69 24150
2 3 21 26 27 28 39 108 9828
2 3 21 26 27 28 52 54 9828
2 3 21 26 27 28 52 108 9828
2 3 21 26 27 28 78 108 9828
2 3 21 26 27 28 91 108 9828
2 3 21 26 27 28 108 117 9828
2 3 21 26 27 35 54 65 24570
2 3 21 26 27 36 91 108 9828
2 3 21 26 27 39 42 54 4914
2 3 21 26 27 39 54 63 4914
2 3 21 26 27 39 54 91 4914
2 3 21 26 27 39 54 126 4914
2 3 21 26 27 39 84 108 9828
2 3 21 26 27 42 52 108 9828
2 3 21 26 27 42 54 78 4914
2 3 21 26 27 42 54 91 4914
2 3 21 26 27 42 54 117 4914
2 3 21 26 27 52 54 84 9828
2 3 21 26 27 52 63 108 9828
2 3 21 26 27 54 56 104 19656
2 3 21 26 27 54 63 78 4914
2 3 21 26 27 54 63 91 4914
2 3 21 26 27 54 65 70 24570
2 3 21 26 28 29 39 116 31668
2 3 21 26 28 29 52 58 31668
2 3 21 26 28 29 52 87 31668
2 3 21 26 28 29 52 116 31668
2 3 21 26 28 29 78 116 31668
2 3 21 26 28 29 91 116 31668
2 3 21 26 28 30 35 52 5460
2 3 21 26 28 30 39 60 5460
2 3 21 26 28 30 40 104 10920
2 3 21 26 28 30 52 60 5460
2 3 21 26 28 30 52 65 5460
2 3 21 26 28 30 52 70 5460
2 3 21 26 28 30 52 105 5460
2 3 21 26 28 30 60 65 5460
2 3 21 26 28 30 60 78 5460
2 3 21 26 28 30 60 91 5460
2 3 21 26 28 30 65 84 5460
2 3 21 26 28 30 104 120 10920
2 3 21 26 28 31 39 124 33852
2 3 21 26 28 31 52 62 33852
2 3 21 26 28 31 52 93 33852
2 3 21 26 28 31 52 124 33852
2 3 21 26 28 31 78 124 33852
2 3 21 26 28 31 91 124 33852
2 3 21 26 28 32 39 96 8736
2 3 21 26 28 32 52 96 8736
2 3 21 26 28 32 78 96 8736
2 3 21 26 28 32 91 96 8736
2 3 21 26 28 32 96 104 8736
2 3 21 26 28 33 39 44 12012
2 3 21 26 28 33 44 52 12012
2 3 21 26 28 33 44 78 12012
2 3 21 26 28 33 44 91 12012
2 3 21 26 28 33 52 66 12012
2 3 21 26 28 33 52 77 12012
2 3 21 26 28 33 88 104 24024
2 3 21 26 28 34 39 68 18564
2 3 21 26 28 34 51 52 18564
2 3 21 26 28 34 52 68 18564
2 3 21 26 28 34 52 102 18564
2 3 21 26 28 34 52 119 18564
2 3 21 26 28 34 68 78 18564
2 3 21 26 28 34 68 91 18564
2 3 21 26 28 35 39 60 5460
2 3 21 26 28 35 40 104 10920
2 3 21 26 28 35 52 60 5460
2 3 21 26 28 35 52 65 5460
2 3 21 26 28 35 52 70 5460
2 3 21 26 28 35 52 105 5460
2 3 21 26 28 35 60 65 5460
2 3 21 26 28 35 60 78 5460
2 3 21 26 28 35 60 91 5460
2 3 21 26 28 35 65 84 5460
2 3 21 26 28 35 104 120 10920
2 3 21 26 28 36 39 63 3276
2 3 21 26 28 36 39 117 3276
2 3 21 26 28 36 39 126 3276
2 3 21 26 28 36 42 117 3276
2 3 21 26 28 36 45 65 16380
2 3 21 26 28 36 52 63 3276
2 3 21 26 28 36 52 117 3276
2 3 21 26 28 36 52 126 3276
2 3 21 26 28 36 63 78 3276
2 3 21 26 28 36 63 91 3276
2 3 21 26 28 36 63 117 3276
2 3 21 26 28 36 65 90 16380
2 3 21 26 28 36 72 104 6552
2 3 21 26 28 36 78 117 3276
2 3 21 26 28 36 78 126 3276
2 3 21 26 28 36 84 117 3276
2 3 21 26 28 36 91 117 3276
2 3 21 26 28 36 91 126 3276
2 3 21 26 28 37 52 74 40404
2 3 21 26 28 37 52 111 40404
2 3 21 26 28 38 39 76 20748
2 3 21 26 28 38 52 57 20748
2 3 21 26 28 38 52 76 20748
2 3 21 26 28 38 52 114 20748
2 3 21 26 28 38 76 78 20748
2 3 21 26 28 38 76 91 20748
2 3 21 26 28 39 40 120 10920
2 3 21 26 28 39 42 52 1092
2 3 21 26 28 39 42 84 1092
2 3 21 26 28 39 44 66 12012
2 3 21 26 28 39 44 77 12012
2 3 21 26 28 39 46 92 25116
2 3 21 26 28 39 48 112 4368
2 3 21 26 28 39 50 100 27300
2 3 21 26 28 39 51 68 18564
2 3 21 26 28 39 52 78 1092
2 3 21 26 28 39 52 84 1092
2 3 21 26 28 39 52 91 1092
2 3 21 26 28 39 54 108 9828
2 3 21 26 28 39 56 104 2184
2 3 21 26 28 39 57 76 20748
2 3 21 26 28 39 58 116 31668
2 3 21 26 28 39 60 65 5460
2 3 21 26 28 39 60 70 5460
2 3 21 26 28 39 60 105 5460
2 3 21 26 28 39 62 124 33852
2 3 21 26 28 39 68 102 18564
2 3 21 26 28 39 68 119 18564
2 3 21 26 28 39 69 92 25116
2 3 21 26 28 39 75 100 27300
2 3 21 26 28 39 76 114 20748
2 3 21 26 28 39 78 84 1092
2 3 21 26 28 39 84 91 1092
2 3 21 26 28 39 87 116 31668
2 3 21 26 28 40 52 120 10920
2 3 21 26 28 40 56 65 10920
2 3 21 26 28 40 60 104 10920
2 3 21 26 28 40 65 104 10920
2 3 21 26 28 40 65 120 10920
2 3 21 26 28 40 70 104 10920
2 3 21 26 28 40 78 120 10920
2 3 21 26 28 41 52 82 44772
2 3 21 26 28 41 52 123 44772
2 3 21 26 28 42 52 78 1092
2 3 21 26 28 42 52 84 1092
2 3 21 26 28 42 52 91 1092
2 3 21 26 28 42 56 104 2184
2 3 21 26 28 42 60 65 5460
2 3 21 26 28 42 78 84 1092
2 3 21 26 28 42 84 91 1092
2 3 21 26 28 43 52 86 46956
2 3 21 26 28 44 52 66 12012
2 3 21 26 28 44 52 77 12012
2 3 21 26 28 44 55 65 60060
2 3 21 26 28 44 65 110 60060
2 3 21 26 28 44 66 78 12012
2 3 21 26 28 44 66 91 12012
2 3 21 26 28 44 77 78 12012
2 3 21 26 28 44 77 91 12012
2 3 21 26 28 45 52 90 16380
2 3 21 26 28 45 60 117 16380
2 3 21 26 28 46 52 69 25116
2 3 21 26 28 46 52 92 25116
2 3 21 26 28 46 78 92 25116
2 3 21 26 28 47 52 94 51324
2 3 21 26 28 48 52 112 4368
2 3 21 26 28 48 65 80 21840
2 3 21 26 28 49 52 98 7644
2 3 21 26 28 50 52 75 27300
2 3 21 26 28 50 52 100 27300
2 3 21 26 28 50 65 100 27300
2 3 21 26 28 51 52 68 18564
2 3 21 26 28 51 52 102 18564
2 3 21 26 28 51 52 119 18564
2 3 21 26 28 51 68 78 18564
2 3 21 26 28 51 68 91 18564
2 3 21 26 28 52 53 106 57876
2 3 21 26 28 52 54 108 9828
2 3 21 26 28 52 55 110 60060
2 3 21 26 28 52 56 104 2184
2 3 21 26 28 52 57 76 20748
2 3 21 26 28 52 57 114 20748
2 3 21 26 28 52 58 87 31668
2 3 21 26 28 52 58 116 31668
2 3 21 26 28 52 60 65 5460
2 3 21 26 28 52 60 70 5460
2 3 21 26 28 52 60 105 5460
2 3 21 26 28 52 62 93 33852
2 3 21 26 28 52 65 70 5460
2 3 21 26 28 52 66 77 12012
2 3 21 26 28 60 65 70 5460
2 3 21 26 29 35 58 65 79170
2 3 21 26 29 35 65 87 79170
2 3 21 26 29 39 42 58 15834
2 3 21 26 29 39 42 87 15834
2 3 21 26 29 39 58 91 15834
2 3 21 26 29 39 84 116 31668
2 3 21 26 29 39 87 91 15834
2 3 21 26 29 42 52 116 31668
2 3 21 26 29 42 58 78 15834
2 3 21 26 29 42 58 91 15834
2 3 21 26 29 42 78 87 15834
2 3 21 26 29 42 87 91 15834
2 3 21 26 29 52 58 84 31668
2 3 21 26 29 58 65 70 79170
2 3 21 26 30 33 55 91 30030
2 3 21 26 30 33 65 77 30030
2 3 21 26 30 33 91 110 30030
2 3 21 26 30 34 65 119 46410
2 3 21 26 30 34 85 91 46410
2 3 21 26 30 35 39 42 2730
2 3 21 26 30 35 39 65 2730
2 3 21 26 30 35 39 70 2730
2 3 21 26 30 35 39 78 2730
2 3 21 26 30 35 39 91 2730
2 3 21 26 30 35 39 105 2730
2 3 21 26 30 35 40 104 10920
2 3 21 26 30 35 42 65 2730
2 3 21 26 30 35 42 78 2730
2 3 21 26 30 35 42 91 2730
2 3 21 26 30 35 45 117 8190
2 3 21 26 30 35 52 60 5460
2 3 21 26 30 35 52 84 5460
2 3 21 26 30 35 56 104 10920
2 3 21 26 30 35 63 117 8190
2 3 21 26 30 35 65 70 2730
2 3 21 26 30 35 65 78 2730
2 3 21 26 30 35 65 91 2730
2 3 21 26 30 35 65 105 2730
2 3 21 26 30 35 70 78 2730
2 3 21 26 30 35 70 91 2730
2 3 21 26 30 35 78 91 2730
2 3 21 26 30 35 78 105 2730
2 3 21 26 30 35 90 117 8190
2 3 21 26 30 35 91 105 2730
2 3 21 26 30 38 91 95 51870
2 3 21 26 30 39 40 56 10920
2 3 21 26 30 39 42 65 2730
2 3 21 26 30 39 42 70 2730
2 3 21 26 30 39 42 105 2730
2 3 21 26 30 39 45 63 8190
2 3 21 26 30 39 45 126 8190
2 3 21 26 30 39 55 77 30030
2 3 21 26 30 39 56 120 10920
2 3 21 26 30 39 60 84 5460
2 3 21 26 30 39 63 90 8190
2 3 21 26 30 39 65 70 2730
2 3 21 26 30 39 65 91 2730
2 3 21 26 30 39 65 105 2730
2 3 21 26 30 39 70 78 2730
2 3 21 26 30 39 70 91 2730
2 3 21 26 30 39 70 105 2730
2 3 21 26 30 39 77 110 30030
2 3 21 26 30 39 78 105 2730
2 3 21 26 30 40 42 104 10920
2 3 21 26 30 40 52 56 10920
2 3 21 26 30 40 56 65 10920
2 3 21 26 30 40 56 78 10920
2 3 21 26 30 40 56 91 10920
2 3 21 26 30 40 56 104 10920
2 3 21 26 30 40 70 104 10920
2 3 21 26 30 42 45 117 8190
2 3 21 26 30 42 52 60 5460
2 3 21 26 30 42 65 70 2730
2 3 21 26 30 42 65 78 2730
2 3 21 26 30 42 65 91 2730
2 3 21 26 30 42 65 105 2730
2 3 21 26 30 42 70 78 2730
2 3 21 26 30 42 70 91 2730
2 3 21 26 30 45 63 65 8190
2 3 21 26 30 45 63 78 8190
2 3 21 26 30 45 63 91 8190
2 3 21 26 30 52 60 70 5460
2 3 21 26 30 52 60 84 5460
2 3 21 26 31 35 62 65 84630
2 3 21 26 31 35 65 93 84630
2 3 21 26 31 39 42 62 16926
2 3 21 26 31 39 42 93 16926
2 3 21 26 31 39 62 91 16926
2 3 21 26 31 42 52 124 33852
2 3 21 26 31 42 62 78 16926
2 3 21 26 31 42 62 91 16926
2 3 21 26 32 35 65 96 43680
2 3 21 26 32 39 42 96 8736
2 3 21 26 32 39 56 96 8736
2 3 21 26 32 42 52 96 8736
2 3 21 26 33 35 39 55 30030
2 3 21 26 33 35 39 110 30030
2 3 21 26 33 35 55 65 30030
2 3 21 26 33 35 55 78 30030
2 3 21 26 33 35 55 91 30030
2 3 21 26 33 35 65 66 30030
2 3 21 26 33 35 65 77 30030
2 3 21 26 33 35 65 110 30030
2 3 21 26 33 35 78 110 30030
2 3 21 26 33 39 42 66 6006
2 3 21 26 33 39 42 77 6006
2 3 21 26 33 39 44 84 12012
2 3 21 26 33 39 55 70 30030
2 3 21 26 33 39 55 105 30030
2 3 21 26 33 39 56 88 24024
2 3 21 26 33 39 63 99 18018
2 3 21 26 33 39 66 77 6006
2 3 21 26 33 39 66 91 6006
2 3 21 26 33 39 77 78 6006
2 3 21 26 33 42 44 52 12012
2 3 21 26 33 42 55 65 30030
2 3 21 26 33 42 66 78 6006
2 3 21 26 33 44 52 77 12012
2 3 21 26 33 44 52 84 12012
2 3 21 26 33 44 52 91 12012
2 3 21 26 34 35 39 85 46410
2 3 21 26 34 35 51 65 46410
2 3 21 26 34 35 65 85 46410
2 3 21 26 34 35 65 102 46410
2 3 21 26 34 35 65 119 46410
2 3 21 26 34 35 78 85 46410
2 3 21 26 34 35 85 91 46410
2 3 21 26 34 39 42 51 9282
2 3 21 26 34 39 42 102 9282
2 3 21 26 34 39 42 119 9282
2 3 21 26 34 39 51 91 9282
2 3 21 26 34 39 51 119 9282
2 3 21 26 34 39 68 84 18564
2 3 21 26 34 39 70 85 46410
2 3 21 26 34 42 51 78 9282
2 3 21 26 34 42 51 91 9282
2 3 21 26 34 42 52 68 18564
2 3 21 26 35 36 45 52 16380
2 3 21 26 35 36 52 90 16380
2 3 21 26 35 36 60 117 16380
2 3 21 26 35 37 65 74 101010
2 3 21 26 35 38 39 95 51870
2 3 21 26 35 38 57 65 51870
2 3 21 26 35 38 65 95 51870
2 3 21 26 35 39 40 56 10920
2 3 21 26 35 39 40 104 10920
2 3 21 26 35 39 40 120 10920
2 3 21 26 35 39 42 65 2730
2 3 21 26 35 39 42 70 2730
2 3 21 26 35 39 42 105 2730
2 3 21 26 35 39 45 63 8190
2 3 21 26 35 39 45 90 8190
2 3 21 26 35 39 45 117 8190
2 3 21 26 35 39 45 126 8190
2 3 21 26 35 39 46 115 62790
2 3 21 26 35 39 48 80 21840
2 3 21 26 35 39 50 75 13650
2 3 21 26 35 39 51 85 46410
2 3 21 26 35 39 52 60 5460
2 3 21 26 35 39 55 66 30030
2 3 21 26 35 39 55 77 30030
2 3 21 26 35 39 55 110 30030
2 3 21 26 35 39 57 95 51870
2 3 21 26 35 39 60 84 5460
2 3 21 26 35 39 63 90 8190
2 3 21 26 35 39 65 70 2730
2 3 21 26 35 39 65 78 2730
2 3 21 26 35 39 70 78 2730
2 3 21 26 35 40 42 104 10920
2 3 21 26 35 40 52 56 10920
2 3 21 26 35 40 52 104 10920
2 3 21 26 35 40 52 120 10920
2 3 21 26 35 40 56 65 10920
2 3 21 26 35 40 56 78 10920
2 3 21 26 35 40 56 91 10920
2 3 21 26 35 40 56 104 10920
2 3 21 26 35 42 45 117 8190
2 3 21 26 35 42 52 60 5460
2 3 21 26 35 42 65 70 2730
2 3 21 26 35 44 52 55 60060
2 3 21 26 35 45 63 65 8190
2 3 21 26 35 48 52 80 21840
2 3 21 26 36 39 52 63 3276
2 3 21 26 36 39 56 72 6552
2 3 21 26 36 39 63 84 3276
2 3 21 26 36 42 52 63 3276
2 3 21 26 36 45 52 70 16380
2 3 21 26 37 39 42 74 20202
2 3 21 26 37 39 42 111 20202
2 3 21 26 38 39 42 57 10374
2 3 21 26 38 39 42 114 10374
2 3 21 26 38 42 52 76 20748
2 3 21 26 39 40 42 120 10920
2 3 21 26 39 40 56 60 10920
2 3 21 26 39 40 56 65 10920
2 3 21 26 39 40 56 70 10920
2 3 21 26 39 41 42 82 22386
2 3 21 26 39 41 42 123 22386
2 3 21 26 39 42 43 86 23478
2 3 21 26 39 42 45 90 8190
2 3 21 26 39 42 46 69 12558
2 3 21 26 39 42 47 94 25662
2 3 21 26 39 42 50 75 13650
2 3 21 26 40 42 56 65 10920
2 3 21 26 42 44 52 66 12012
2 3 21 27 28 29 54 116 21924
2 3 21 27 28 29 58 108 21924
2 3 21 27 28 29 87 108 21924
2 3 21 27 28 29 108 116 21924
2 3 21 27 28 30 35 108 3780
2 3 21 27 28 30 45 108 3780
2 3 21 27 28 30 54 60 3780
2 3 21 27 28 30 60 108 3780
2 3 21 27 28 30 70 108 3780
2 3 21 27 28 30 90 108 3780
2 3 21 27 28 30 105 108 3780
2 3 21 27 28 31 54 124 23436
2 3 21 27 28 31 62 108 23436
2 3 21 27 28 31 93 108 23436
2 3 21 27 28 31 108 124 23436
2 3 21 27 28 32 54 96 6048
2 3 21 27 28 32 96 108 6048
2 3 21 27 28 33 44 54 8316
2 3 21 27 28 33 44 108 8316
2 3 21 27 28 33 66 108 8316
2 3 21 27 28 33 77 108 8316
2 3 21 27 28 33 99 108 8316
2 3 21 27 28 34 51 108 12852
2 3 21 27 28 34 54 68 12852
2 3 21 27 28 34 68 108 12852
2 3 21 27 28 34 102 108 12852
2 3 21 27 28 34 108 119 12852
2 3 21 27 28 35 45 108 3780
2 3 21 27 28 35 54 60 3780
2 3 21 27 28 35 60 108 3780
2 3 21 27 28 35 70 108 3780
2 3 21 27 28 35 90 108 3780
2 3 21 27 28 35 105 108 3780
2 3 21 27 28 36 42 54 756
2 3 21 27 28 36 42 108 756
2 3 21 27 28 36 54 63 756
2 3 21 27 28 36 54 84 756
2 3 21 27 28 36 54 108 756
2 3 21 27 28 36 54 126 756
2 3 21 27 28 36 63 108 756
2 3 21 27 28 36 84 108 756
2 3 21 27 28 37 74 108 27972
2 3 21 27 28 38 54 76 14364
2 3 21 27 28 38 57 108 14364
2 3 21 27 28 38 76 108 14364
2 3 21 27 28 39 52 54 9828
2 3 21 27 28 39 52 108 9828
2 3 21 27 28 39 78 108 9828
2 3 21 27 28 40 54 120 7560
2 3 21 27 28 42 54 84 756
2 3 21 27 28 42 54 108 756
2 3 21 27 28 42 63 108 756
2 3 21 27 28 44 54 66 8316
2 3 21 27 28 44 54 77 8316
2 3 21 27 28 44 54 99 8316
2 3 21 27 28 44 66 108 8316
2 3 21 27 28 45 54 60 3780
2 3 21 27 28 45 60 108 3780
2 3 21 27 28 46 54 92 17388
2 3 21 27 28 48 54 112 3024
2 3 21 27 28 50 54 100 18900
2 3 21 27 28 51 54 68 12852
2 3 21 27 28 52 54 78 9828
2 3 21 27 28 52 54 91 9828
2 3 21 27 28 54 56 72 1512
2 3 21 27 28 54 57 76 14364
2 3 21 27 28 54 60 70 3780
2 3 21 27 29 42 54 58 10962
2 3 21 27 29 42 54 87 10962
2 3 21 27 29 54 58 63 10962
2 3 21 27 30 35 36 108 3780
2 3 21 27 30 35 42 54 1890
2 3 21 27 30 35 45 54 1890
2 3 21 27 30 35 54 63 1890
2 3 21 27 30 35 54 70 1890
2 3 21 27 30 35 54 90 1890
2 3 21 27 30 35 54 105 1890
2 3 21 27 30 35 54 126 1890
2 3 21 27 30 35 60 108 3780
2 3 21 27 30 35 84 108 3780
2 3 21 27 30 36 70 108 3780
2 3 21 27 30 40 54 56 7560
2 3 21 27 30 40 56 108 7560
2 3 21 27 30 42 45 54 1890
2 3 21 27 30 42 54 70 1890
2 3 21 27 30 42 54 90 1890
2 3 21 27 30 42 54 105 1890
2 3 21 27 30 42 60 108 3780
2 3 21 27 30 45 54 63 1890
2 3 21 27 30 45 54 70 1890
2 3 21 27 30 45 54 105 1890
2 3 21 27 30 54 55 77 20790
2 3 21 27 31 42 54 62 11718
2 3 21 27 31 42 54 93 11718
2 3 21 27 31 54 62 63 11718
2 3 21 27 32 42 54 96 6048
2 3 21 27 33 35 54 55 20790
2 3 21 27 33 35 54 110 20790
2 3 21 27 33 42 44 108 8316
2 3 21 27 33 42 54 66 4158
2 3 21 27 33 42 54 77 4158
2 3 21 27 33 42 54 99 4158
2 3 21 27 33 44 54 84 8316
2 3 21 27 34 35 54 85 32130
2 3 21 27 34 42 51 54 6426
2 3 21 27 34 51 54 63 6426
2 3 21 27 35 36 45 108 3780
2 3 21 27 35 36 54 60 3780
2 3 21 27 35 36 60 108 3780
2 3 21 27 35 38 54 95 35910
2 3 21 27 35 39 54 65 24570
2 3 21 27 35 40 54 56 7560
2 3 21 27 35 40 54 72 7560
2 3 21 27 35 42 45 54 1890
2 3 21 27 35 42 54 70 1890
2 3 21 27 35 45 54 63 1890
2 3 21 27 35 45 54 70 1890
2 3 21 27 37 42 54 74 13986
2 3 21 27 38 42 54 57 7182
2 3 21 27 40 45 54 56 7560
2 3 21 28 29 30 35 116 12180
2 3 21 28 29 30 58 60 12180
2 3 21 28 29 30 60 87 12180
2 3 21 28 29 30 60 116 12180
2 3 21 28 29 30 70 116 12180
2 3 21 28 29 30 105 116 12180
2 3 21 28 29 31 58 124 75516
2 3 21 28 29 31 62 116 75516
2 3 21 28 29 31 87 124 75516
2 3 21 28 29 31 93 116 75516
2 3 21 28 29 31 116 124 75516
2 3 21 28 29 32 58 96 19488
2 3 21 28 29 32 87 96 19488
2 3 21 28 29 32 96 116 19488
2 3 21 28 29 33 44 58 26796
2 3 21 28 29 33 44 87 26796
2 3 21 28 29 33 44 116 26796
2 3 21 28 29 33 66 116 26796
2 3 21 28 29 33 77 116 26796
2 3 21 28 29 34 51 116 41412
2 3 21 28 29 34 58 68 41412
2 3 21 28 29 34 68 87 41412
2 3 21 28 29 34 68 116 41412
2 3 21 28 29 35 58 60 12180
2 3 21 28 29 35 60 87 12180
2 3 21 28 29 35 60 116 12180
2 3 21 28 29 35 70 116 12180
2 3 21 28 29 36 58 63 7308
2 3 21 28 29 36 58 126 7308
2 3 21 28 29 36 63 87 7308
2 3 21 28 29 36 63 116 7308
2 3 21 28 29 37 74 116 90132
2 3 21 28 29 38 57 116 46284
2 3 21 28 29 38 58 76 46284
2 3 21 28 29 38 76 87 46284
2 3 21 28 29 39 52 58 31668
2 3 21 28 29 39 52 87 31668
2 3 21 28 29 39 52 116 31668
2 3 21 28 29 40 58 120 24360
2 3 21 28 29 42 58 84 2436
2 3 21 28 29 42 58 116 2436
2 3 21 28 29 44 58 66 26796
2 3 21 28 29 44 58 77 26796
2 3 21 28 29 44 66 87 26796
2 3 21 28 29 46 58 92 56028
2 3 21 28 29 51 58 68 41412
2 3 21 28 29 52 58 78 31668
2 3 21 28 30 31 35 124 13020
2 3 21 28 30 31 60 62 13020
2 3 21 28 30 31 60 93 13020
2 3 21 28 30 31 60 124 13020
2 3 21 28 30 31 70 124 13020
2 3 21 28 30 32 35 96 3360
2 3 21 28 30 32 40 96 3360
2 3 21 28 30 32 60 96 3360
2 3 21 28 30 32 70 96 3360
2 3 21 28 30 32 80 96 3360
2 3 21 28 30 32 96 105 3360
2 3 21 28 30 33 35 44 4620
2 3 21 28 30 33 40 88 9240
2 3 21 28 30 33 44 55 4620
2 3 21 28 30 33 44 60 4620
2 3 21 28 30 33 44 70 4620
2 3 21 28 30 33 44 105 4620
2 3 21 28 30 33 44 110 4620
2 3 21 28 30 33 55 60 4620
2 3 21 28 30 33 55 84 4620
2 3 21 28 30 33 60 66 4620
2 3 21 28 30 33 60 77 4620
2 3 21 28 30 33 60 110 4620
2 3 21 28 30 33 84 110 4620
2 3 21 28 30 34 35 68 7140
2 3 21 28 30 34 51 60 7140
2 3 21 28 30 34 60 68 7140
2 3 21 28 30 34 60 85 7140
2 3 21 28 30 34 60 102 7140
2 3 21 28 30 34 60 119 7140
2 3 21 28 30 34 68 70 7140
2 3 21 28 30 34 68 85 7140
2 3 21 28 30 34 68 105 7140
2 3 21 28 30 34 84 85 7140
2 3 21 28 30 35 36 45 1260
2 3 21 28 30 35 36 63 1260
2 3 21 28 30 35 36 90 1260
2 3 21 28 30 35 36 126 1260
2 3 21 28 30 35 38 76 7980
2 3 21 28 30 35 39 52 5460
2 3 21 28 30 35 40 56 840
2 3 21 28 30 35 40 120 840
2 3 21 28 30 35 42 60 420
2 3 21 28 30 35 42 84 420
2 3 21 28 30 35 44 55 4620
2 3 21 28 30 35 44 66 4620
2 3 21 28 30 35 44 77 4620
2 3 21 28 30 35 44 110 4620
2 3 21 28 30 35 46 92 9660
2 3 21 28 30 35 48 80 1680
2 3 21 28 30 35 48 112 1680
2 3 21 28 30 35 50 100 2100
2 3 21 28 30 35 51 68 7140
2 3 21 28 30 35 52 65 5460
2 3 21 28 30 35 52 78 5460
2 3 21 28 30 35 52 91 5460
2 3 21 28 30 35 54 108 3780
2 3 21 28 30 35 56 120 840
2 3 21 28 30 35 57 76 7980
2 3 21 28 30 35 58 116 12180
2 3 21 28 30 35 60 70 420
2 3 21 28 30 35 60 84 420
2 3 21 28 30 35 60 105 420
2 3 21 28 30 35 62 124 13020
2 3 21 28 30 35 68 85 7140
2 3 21 28 30 35 68 102 7140
2 3 21 28 30 35 68 119 7140
2 3 21 28 30 35 69 92 9660
2 3 21 28 30 35 70 84 420
2 3 21 28 30 35 75 100 2100
2 3 21 28 30 35 76 95 7980
2 3 21 28 30 35 76 114 7980
2 3 21 28 30 36 40 72 2520
2 3 21 28 30 36 42 45 1260
2 3 21 28 30 36 42 90 1260
2 3 21 28 30 36 45 60 1260
2 3 21 28 30 36 45 63 1260
2 3 21 28 30 36 45 70 1260
2 3 21 28 30 36 45 84 1260
2 3 21 28 30 36 45 90 1260
2 3 21 28 30 36 45 105 1260
2 3 21 28 30 36 45 126 1260
2 3 21 28 30 36 55 99 13860
2 3 21 28 30 36 60 63 1260
2 3 21 28 30 36 60 90 1260
2 3 21 28 30 36 60 126 1260
2 3 21 28 30 36 63 70 1260
2 3 21 28 30 36 63 90 1260
2 3 21 28 30 36 63 105 1260
2 3 21 28 30 36 65 117 16380
2 3 21 28 30 36 70 90 1260
2 3 21 28 30 36 84 90 1260
2 3 21 28 30 37 60 74 15540
2 3 21 28 30 37 60 111 15540
2 3 21 28 30 38 57 60 7980
2 3 21 28 30 38 60 76 7980
2 3 21 28 30 38 60 95 7980
2 3 21 28 30 38 60 114 7980
2 3 21 28 30 38 70 76 7980
2 3 21 28 30 39 40 104 10920
2 3 21 28 30 39 52 60 5460
2 3 21 28 30 39 52 65 5460
2 3 21 28 30 39 52 70 5460
2 3 21 28 30 39 52 105 5460
2 3 21 28 30 39 60 65 5460
2 3 21 28 30 39 60 78 5460
2 3 21 28 30 39 60 91 5460
2 3 21 28 30 39 65 84 5460
2 3 21 28 30 40 42 56 840
2 3 21 28 30 40 42 120 840
2 3 21 28 30 40 44 88 9240
2 3 21 28 30 40 45 72 2520
2 3 21 28 30 40 48 80 1680
2 3 21 28 30 40 48 112 1680
2 3 21 28 30 40 52 104 10920
2 3 21 28 30 40 55 88 9240
2 3 21 28 30 40 56 60 840
2 3 21 28 30 40 56 70 840
2 3 21 28 30 40 56 84 840
2 3 21 28 30 40 56 105 840
2 3 21 28 30 40 56 120 840
2 3 21 28 30 40 63 72 2520
2 3 21 28 30 40 66 88 9240
2 3 21 28 30 41 60 82 17220
2 3 21 28 30 42 44 55 4620
2 3 21 28 30 42 44 110 4620
2 3 21 28 30 42 48 80 1680
2 3 21 28 30 42 50 100 2100
2 3 21 28 30 42 52 65 5460
2 3 21 28 30 42 60 70 420
2 3 21 28 30 42 60 84 420
2 3 21 28 30 42 68 85 7140
2 3 21 28 30 43 60 86 18060
2 3 21 28 30 44 45 99 13860
2 3 21 28 30 44 55 60 4620
2 3 21 28 30 44 55 66 4620
2 3 21 28 30 44 55 70 4620
2 3 21 28 30 44 55 77 4620
2 3 21 28 30 44 55 84 4620
2 3 21 28 30 44 55 105 4620
2 3 21 28 30 44 60 66 4620
2 3 21 28 30 44 60 77 4620
2 3 21 28 30 44 66 70 4620
2 3 21 28 30 45 56 72 2520
2 3 21 28 30 45 60 63 1260
2 3 21 28 30 46 60 69 9660
2 3 21 28 30 48 56 80 1680
2 3 21 28 30 51 60 68 7140
2 3 21 28 30 52 60 65 5460
2 3 21 28 31 32 62 96 20832
2 3 21 28 31 32 93 96 20832
2 3 21 28 31 33 44 62 28644
2 3 21 28 31 33 44 93 28644
2 3 21 28 31 33 44 124 28644
2 3 21 28 31 33 66 124 28644
2 3 21 28 31 33 77 124 28644
2 3 21 28 31 34 51 124 44268
2 3 21 28 31 34 62 68 44268
2 3 21 28 31 34 68 93 44268
2 3 21 28 31 34 68 124 44268
2 3 21 28 31 35 60 62 13020
2 3 21 28 31 35 60 93 13020
2 3 21 28 31 35 60 124 13020
2 3 21 28 31 36 62 63 7812
2 3 21 28 31 36 62 126 7812
2 3 21 28 31 36 63 93 7812
2 3 21 28 31 36 63 124 7812
2 3 21 28 31 38 57 124 49476
2 3 21 28 31 38 62 76 49476
2 3 21 28 31 39 52 62 33852
2 3 21 28 31 39 52 93 33852
2 3 21 28 31 39 52 124 33852
2 3 21 28 31 42 62 84 2604
2 3 21 28 31 44 62 66 28644
2 3 21 28 31 44 62 77 28644
2 3 21 28 32 33 44 96 7392
2 3 21 28 32 33 66 96 7392
2 3 21 28 32 33 77 96 7392
2 3 21 28 32 34 51 96 11424
2 3 21 28 32 34 68 96 11424
2 3 21 28 32 35 40 96 3360
2 3 21 28 32 35 60 96 3360
2 3 21 28 32 35 70 96 3360
2 3 21 28 32 36 63 96 2016
2 3 21 28 32 38 57 96 12768
2 3 21 28 32 39 52 96 8736
2 3 21 28 32 42 48 96 672
2 3 21 28 33 34 44 51 15708
2 3 21 28 33 34 44 68 15708
2 3 21 28 33 34 44 102 15708
2 3 21 28 33 34 44 119 15708
2 3 21 28 33 34 66 68 15708
2 3 21 28 33 34 68 77 15708
2 3 21 28 33 35 40 88 9240
2 3 21 28 33 35 44 55 4620
2 3 21 28 33 35 44 60 4620
2 3 21 28 33 35 44 70 4620
2 3 21 28 33 35 44 105 4620
2 3 21 28 33 35 44 110 4620
2 3 21 28 33 35 55 60 4620
2 3 21 28 33 35 55 84 4620
2 3 21 28 33 35 60 66 4620
2 3 21 28 33 35 60 77 4620
2 3 21 28 33 35 60 110 4620
2 3 21 28 33 36 42 99 2772
2 3 21 28 33 36 44 63 2772
2 3 21 28 33 36 44 99 2772
2 3 21 28 33 36 44 126 2772
2 3 21 28 33 36 45 55 13860
2 3 21 28 33 36 45 110 13860
2 3 21 28 33 36 55 90 13860
2 3 21 28 33 36 63 66 2772
2 3 21 28 33 36 63 77 2772
2 3 21 28 33 36 63 99 2772
2 3 21 28 33 37 44 74 34188
2 3 21 28 33 37 44 111 34188
2 3 21 28 33 38 44 57 17556
2 3 21 28 33 38 44 76 17556
2 3 21 28 33 38 44 114 17556
2 3 21 28 33 38 66 76 17556
2 3 21 28 33 39 44 52 12012
2 3 21 28 33 39 44 78 12012
2 3 21 28 33 39 44 91 12012
2 3 21 28 33 39 52 66 12012
2 3 21 28 33 39 52 77 12012
2 3 21 28 33 40 44 120 9240
2 3 21 28 33 40 55 56 9240
2 3 21 28 33 40 55 88 9240
2 3 21 28 33 41 44 82 37884
2 3 21 28 33 41 44 123 37884
2 3 21 28 33 42 44 66 924
2 3 21 28 33 42 44 77 924
2 3 21 28 33 42 44 84 924
2 3 21 28 33 42 55 60 4620
2 3 21 28 33 43 44 86 39732
2 3 21 28 33 44 45 90 13860
2 3 21 28 33 44 46 69 21252
2 3 21 28 33 44 46 92 21252
2 3 21 28 33 44 47 94 43428
2 3 21 28 33 44 49 98 6468
2 3 21 28 33 44 50 75 23100
2 3 21 28 33 44 51 68 15708
2 3 21 28 33 44 52 78 12012
2 3 21 28 33 44 55 60 4620
2 3 21 28 33 44 55 70 4620
2 3 21 28 33 44 57 76 17556
2 3 21 28 33 44 60 70 4620
2 3 21 28 34 35 51 60 7140
2 3 21 28 34 35 60 68 7140
2 3 21 28 34 35 60 85 7140
2 3 21 28 34 35 60 102 7140
2 3 21 28 34 35 68 70 7140
2 3 21 28 34 35 68 85 7140
2 3 21 28 34 36 45 85 21420
2 3 21 28 34 36 51 63 4284
2 3 21 28 34 36 51 126 4284
2 3 21 28 34 36 63 68 4284
2 3 21 28 34 37 68 74 52836
2 3 21 28 34 38 51 76 27132
2 3 21 28 34 38 57 68 27132
2 3 21 28 34 38 68 76 27132
2 3 21 28 34 39 51 52 18564
2 3 21 28 34 39 52 68 18564
2 3 21 28 34 39 52 102 18564
2 3 21 28 34 40 56 85 14280
2 3 21 28 34 42 51 68 1428
2 3 21 28 34 42 51 84 1428
2 3 21 28 34 44 51 66 15708
2 3 21 28 34 44 51 77 15708
2 3 21 28 35 36 40 72 2520
2 3 21 28 35 36 42 45 1260
2 3 21 28 35 36 42 90 1260
2 3 21 28 35 36 45 60 1260
2 3 21 28 35 36 45 63 1260
2 3 21 28 35 36 45 70 1260
2 3 21 28 35 36 45 84 1260
2 3 21 28 35 36 45 90 1260
2 3 21 28 35 36 45 105 1260
2 3 21 28 35 36 45 126 1260
2 3 21 28 35 36 55 99 13860
2 3 21 28 35 36 60 63 1260
2 3 21 28 35 36 60 90 1260
2 3 21 28 35 36 63 70 1260
2 3 21 28 35 37 60 74 15540
2 3 21 28 35 38 57 60 7980
2 3 21 28 35 38 60 76 7980
2 3 21 28 35 39 40 104 10920
2 3 21 28 35 39 52 60 5460
2 3 21 28 35 39 52 65 5460
2 3 21 28 35 39 52 70 5460
2 3 21 28 35 39 60 65 5460
2 3 21 28 35 39 60 78 5460
2 3 21 28 35 40 42 56 840
2 3 21 28 35 40 42 120 840
2 3 21 28 35 40 44 88 9240
2 3 21 28 35 40 45 72 2520
2 3 21 28 35 40 48 80 1680
2 3 21 28 35 40 56 60 840
2 3 21 28 35 40 56 70 840
2 3 21 28 35 42 44 55 4620
2 3 21 28 35 42 44 110 4620
2 3 21 28 35 42 48 80 1680
2 3 21 28 35 42 52 65 5460
2 3 21 28 35 44 45 99 13860
2 3 21 28 35 44 55 60 4620
2 3 21 28 35 44 55 66 4620
2 3 21 28 35 44 55 70 4620
2 3 21 28 36 37 63 74 9324
2 3 21 28 36 38 45 95 23940
2 3 21 28 36 38 57 63 4788
2 3 21 28 36 39 42 117 3276
2 3 21 28 36 39 45 65 16380
2 3 21 28 36 39 52 63 3276
2 3 21 28 36 40 45 56 2520
2 3 21 28 36 40 45 72 2520
2 3 21 28 36 42 44 99 2772
2 3 21 28 36 42 45 60 1260
2 3 21 28 36 42 45 70 1260
2 3 21 28 36 42 45 90 1260
2 3 21 28 36 44 45 55 13860
2 3 21 28 36 45 52 65 16380
2 3 21 28 37 39 52 74 40404
2 3 21 28 38 39 52 57 20748
2 3 21 28 38 39 52 76 20748
2 3 21 28 39 40 56 65 10920
2 3 21 28 40 42 45 72 2520
2 3 21 28 40 44 55 56 9240
2 3 21 29 30 35 42 58 6090
2 3 21 29 30 35 42 87 6090
2 3 21 29 30 35 58 70 6090
2 3 21 29 30 35 58 87 6090
2 3 21 29 30 35 58 105 6090
2 3 21 29 30 35 60 116 12180
2 3 21 29 30 35 70 87 6090
2 3 21 29 30 40 56 58 24360
2 3 21 29 30 40 56 87 24360
2 3 21 29 30 40 56 116 24360
2 3 21 29 30 42 58 70 6090
2 3 21 29 30 45 58 63 18270
2 3 21 29 31 42 58 62 37758
2 3 21 29 33 35 55 58 66990
2 3 21 29 33 35 58 110 66990
2 3 21 29 33 42 44 116 26796
2 3 21 29 33 42 58 66 13398
2 3 21 29 34 35 58 85 103530
2 3 21 29 34 42 51 58 20706
2 3 21 29 35 36 45 116 36540
2 3 21 29 35 39 58 65 79170
2 3 21 29 35 40 56 58 24360
2 3 21 29 38 42 57 58 23142
2 3 21 30 31 35 42 62 6510
2 3 21 30 31 35 42 93 6510
2 3 21 30 31 35 62 70 6510
2 3 21 30 31 35 62 93 6510
2 3 21 30 31 35 62 105 6510
2 3 21 30 31 35 70 93 6510
2 3 21 30 31 40 56 62 26040
2 3 21 30 31 40 56 93 26040
2 3 21 30 31 42 62 70 6510
2 3 21 30 31 45 62 63 19530
2 3 21 30 32 35 40 96 3360
2 3 21 30 32 35 42 96 3360
2 3 21 30 32 35 48 96 3360
2 3 21 30 32 35 56 96 3360
2 3 21 30 32 35 60 96 3360
2 3 21 30 32 40 42 96 3360
2 3 21 30 33 34 55 119 39270
2 3 21 30 33 35 40 88 9240
2 3 21 30 33 35 42 55 2310
2 3 21 30 33 35 42 66 2310
2 3 21 30 33 35 42 77 2310
2 3 21 30 33 35 42 110 2310
2 3 21 30 33 35 44 60 4620
2 3 21 30 33 35 44 84 4620
2 3 21 30 33 35 45 99 6930
2 3 21 30 33 35 55 66 2310
2 3 21 30 33 35 55 70 2310
2 3 21 30 33 35 55 77 2310
2 3 21 30 33 35 55 105 2310
2 3 21 30 33 35 55 110 2310
2 3 21 30 33 35 56 88 9240
2 3 21 30 33 35 66 70 2310
2 3 21 30 33 35 66 77 2310
2 3 21 30 33 35 70 77 2310
2 3 21 30 33 40 42 88 9240
2 3 21 30 33 40 44 56 9240
2 3 21 30 33 40 55 56 9240
2 3 21 30 33 40 56 66 9240
2 3 21 30 33 40 56 77 9240
2 3 21 30 33 42 44 60 4620
2 3 21 30 33 42 45 99 6930
2 3 21 30 33 42 55 66 2310
2 3 21 30 33 42 55 70 2310
2 3 21 30 33 45 55 63 6930
2 3 21 30 34 35 42 51 3570
2 3 21 30 34 35 42 85 3570
2 3 21 30 34 35 42 102 3570
2 3 21 30 34 35 42 119 3570
2 3 21 30 34 35 51 70 3570
2 3 21 30 34 35 51 85 3570
2 3 21 30 34 35 51 102 3570
2 3 21 30 34 35 51 105 3570
2 3 21 30 34 35 51 119 3570
2 3 21 30 34 35 60 68 7140
2 3 21 30 34 40 51 56 14280
2 3 21 30 34 40 56 68 14280
2 3 21 30 34 42 51 70 3570
2 3 21 30 34 45 51 63 10710
2 3 21 30 35 36 40 72 2520
2 3 21 30 35 36 44 99 13860
2 3 21 30 35 36 45 60 1260
2 3 21 30 35 36 45 84 1260
2 3 21 30 35 36 56 72 2520
2 3 21 30 35 36 60 63 1260
2 3 21 30 35 37 42 74 7770
2 3 21 30 35 37 42 111 7770
2 3 21 30 35 38 42 57 3990
2 3 21 30 35 38 42 95 3990
2 3 21 30 35 38 42 114 3990
2 3 21 30 35 38 57 70 3990
2 3 21 30 35 39 40 104 10920
2 3 21 30 35 39 42 65 2730
2 3 21 30 35 39 42 78 2730
2 3 21 30 35 39 42 91 2730
2 3 21 30 35 39 52 60 5460
2 3 21 30 35 40 42 56 840
2 3 21 30 35 40 44 88 9240
2 3 21 30 35 40 45 72 2520
2 3 21 30 35 40 48 80 1680
2 3 21 30 35 40 56 60 840
2 3 21 30 35 41 42 82 8610
2 3 21 30 35 42 43 86 9030
2 3 21 30 35 42 45 63 630
2 3 21 30 35 42 46 69 4830
2 3 21 30 35 44 55 60 4620
2 3 21 30 36 40 42 72 2520
2 3 21 30 36 40 45 56 2520
2 3 21 30 36 40 56 63 2520
2 3 21 30 36 42 45 60 1260
2 3 21 30 38 40 56 57 15960
2 3 21 30 39 40 52 56 10920
2 3 21 31 33 35 55 62 71610
2 3 21 31 34 42 51 62 22134
2 3 21 31 35 40 56 62 26040
2 3 21 32 35 36 45 96 10080
2 3 21 33 34 35 51 55 39270
2 3 21 33 34 42 44 68 15708
2 3 21 33 35 36 44 45 13860
2 3 21 33 35 36 44 90 13860
2 3 21 33 35 38 55 57 43890
2 3 21 33 35 40 44 56 9240
2 3 21 33 35 40 55 56 9240
2 3 21 33 35 42 44 60 4620
2 3 21 33 36 42 44 63 2772
2 3 21 33 39 42 44 52 12012
2 3 21 34 35 36 45 68 21420
2 3 21 34 35 40 51 56 14280
2 3 21 35 36 39 45 52 16380
2 3 21 35 36 40 45 56 2520
2 3 21 35 36 44 45 55 13860
