3 5 6 7 8 9 35 72 2520
3 5 6 7 8 9 40 63 2520
3 5 6 7 8 9 40 126 2520
3 5 6 7 8 9 45 56 2520
3 5 6 7 8 9 56 90 2520
3 5 6 7 8 9 63 120 2520
3 5 6 7 8 9 70 72 2520
3 5 6 7 8 9 72 105 2520
3 5 6 7 8 9 120 126 2520
3 5 6 7 8 10 12 56 840
3 5 6 7 8 10 14 24 840
3 5 6 7 8 10 14 40 840
3 5 6 7 8 10 14 56 840
3 5 6 7 8 10 14 120 840
3 5 6 7 8 10 15 56 840
3 5 6 7 8 10 16 112 1680
3 5 6 7 8 10 20 56 840
3 5 6 7 8 10 21 24 840
3 5 6 7 8 10 21 40 840
3 5 6 7 8 10 21 56 840
3 5 6 7 8 10 21 120 840
3 5 6 7 8 10 24 28 840
3 5 6 7 8 10 24 35 840
3 5 6 7 8 10 24 42 840
3 5 6 7 8 10 24 56 840
3 5 6 7 8 10 24 70 840
3 5 6 7 8 10 24 84 840
3 5 6 7 8 10 24 105 840
3 5 6 7 8 10 28 40 840
3 5 6 7 8 10 28 56 840
3 5 6 7 8 10 28 120 840
3 5 6 7 8 10 30 56 840
3 5 6 7 8 10 35 40 840
3 5 6 7 8 10 35 56 840
3 5 6 7 8 10 35 120 840
3 5 6 7 8 10 40 42 840
3 5 6 7 8 10 40 56 840
3 5 6 7 8 10 40 70 840
3 5 6 7 8 10 40 84 840
3 5 6 7 8 10 40 105 840
3 5 6 7 8 10 42 56 840
3 5 6 7 8 10 42 120 840
3 5 6 7 8 10 48 112 1680
3 5 6 7 8 10 56 60 840
3 5 6 7 8 10 56 70 840
3 5 6 7 8 10 56 84 840
3 5 6 7 8 10 56 105 840
3 5 6 7 8 10 56 120 840
3 5 6 7 8 10 63 72 2520
3 5 6 7 8 10 70 120 840
3 5 6 7 8 10 72 126 2520
3 5 6 7 8 10 77 88 9240
3 5 6 7 8 10 80 112 1680
3 5 6 7 8 10 84 120 840
3 5 6 7 8 10 91 104 10920
3 5 6 7 8 10 105 120 840
3 5 6 7 8 11 35 88 9240
3 5 6 7 8 11 40 77 9240
3 5 6 7 8 11 55 56 9240
3 5 6 7 8 11 56 110 9240
3 5 6 7 8 11 70 88 9240
3 5 6 7 8 11 77 120 9240
3 5 6 7 8 11 88 105 9240
3 5 6 7 8 12 14 40 840
3 5 6 7 8 12 14 120 840
3 5 6 7 8 12 15 56 840
3 5 6 7 8 12 20 56 840
3 5 6 7 8 12 21 40 840
3 5 6 7 8 12 21 120 840
3 5 6 7 8 12 24 35 840
3 5 6 7 8 12 24 70 840
3 5 6 7 8 12 24 105 840
3 5 6 7 8 12 28 40 840
3 5 6 7 8 12 28 120 840
3 5 6 7 8 12 30 56 840
3 5 6 7 8 12 35 40 840
3 5 6 7 8 12 35 56 840
3 5 6 7 8 12 35 120 840
3 5 6 7 8 12 40 42 840
3 5 6 7 8 12 40 56 840
3 5 6 7 8 12 40 70 840
3 5 6 7 8 12 40 84 840
3 5 6 7 8 12 40 105 840
3 5 6 7 8 12 42 120 840
3 5 6 7 8 12 56 60 840
3 5 6 7 8 12 56 70 840
3 5 6 7 8 12 56 105 840
3 5 6 7 8 12 56 120 840
3 5 6 7 8 12 70 120 840
3 5 6 7 8 12 80 112 1680
3 5 6 7 8 12 84 120 840
3 5 6 7 8 12 105 120 840
3 5 6 7 8 13 35 104 10920
3 5 6 7 8 13 40 91 10920
3 5 6 7 8 13 56 65 10920
3 5 6 7 8 13 70 104 10920
3 5 6 7 8 13 91 120 10920
3 5 6 7 8 13 104 105 10920
3 5 6 7 8 14 15 24 840
3 5 6 7 8 14 15 40 840
3 5 6 7 8 14 15 56 840
3 5 6 7 8 14 15 120 840
3 5 6 7 8 14 16 80 1680
3 5 6 7 8 14 20 24 840
3 5 6 7 8 14 20 40 840
3 5 6 7 8 14 20 56 840
3 5 6 7 8 14 20 120 840
3 5 6 7 8 14 21 40 840
3 5 6 7 8 14 21 120 840
3 5 6 7 8 14 24 30 840
3 5 6 7 8 14 24 35 840
3 5 6 7 8 14 24 40 840
3 5 6 7 8 14 24 60 840
3 5 6 7 8 14 24 70 840
3 5 6 7 8 14 24 105 840
3 5 6 7 8 14 24 120 840
3 5 6 7 8 14 28 40 840
3 5 6 7 8 14 28 120 840
3 5 6 7 8 14 30 40 840
3 5 6 7 8 14 30 56 840
3 5 6 7 8 14 30 120 840
3 5 6 7 8 14 35 40 840
3 5 6 7 8 14 35 56 840
3 5 6 7 8 14 35 120 840
3 5 6 7 8 14 40 42 840
3 5 6 7 8 14 40 56 840
3 5 6 7 8 14 40 60 840
3 5 6 7 8 14 40 70 840
3 5 6 7 8 14 40 84 840
3 5 6 7 8 14 40 105 840
3 5 6 7 8 14 40 120 840
3 5 6 7 8 14 42 120 840
3 5 6 7 8 14 45 72 2520
3 5 6 7 8 14 48 80 1680
3 5 6 7 8 14 55 88 9240
3 5 6 7 8 14 56 60 840
3 5 6 7 8 14 56 70 840
3 5 6 7 8 14 56 105 840
3 5 6 7 8 14 56 120 840
3 5 6 7 8 14 60 120 840
3 5 6 7 8 14 65 104 10920
3 5 6 7 8 14 70 120 840
3 5 6 7 8 14 72 90 2520
3 5 6 7 8 14 80 112 1680
3 5 6 7 8 14 84 120 840
3 5 6 7 8 14 88 110 9240
3 5 6 7 8 14 105 120 840
3 5 6 7 8 15 16 112 1680
3 5 6 7 8 15 20 56 840
3 5 6 7 8 15 21 24 840
3 5 6 7 8 15 21 40 840
3 5 6 7 8 15 21 56 840
3 5 6 7 8 15 21 120 840
3 5 6 7 8 15 24 28 840
3 5 6 7 8 15 24 35 840
3 5 6 7 8 15 24 42 840
3 5 6 7 8 15 24 56 840
3 5 6 7 8 15 24 70 840
3 5 6 7 8 15 24 84 840
3 5 6 7 8 15 24 105 840
3 5 6 7 8 15 28 40 840
3 5 6 7 8 15 28 56 840
3 5 6 7 8 15 28 120 840
3 5 6 7 8 15 30 56 840
3 5 6 7 8 15 35 40 840
3 5 6 7 8 15 35 56 840
3 5 6 7 8 15 35 120 840
3 5 6 7 8 15 40 42 840
3 5 6 7 8 15 40 56 840
3 5 6 7 8 15 40 70 840
3 5 6 7 8 15 40 84 840
3 5 6 7 8 15 40 105 840
3 5 6 7 8 15 42 56 840
3 5 6 7 8 15 42 120 840
3 5 6 7 8 15 48 112 1680
3 5 6 7 8 15 56 60 840
3 5 6 7 8 15 56 70 840
3 5 6 7 8 15 56 84 840
3 5 6 7 8 15 56 105 840
3 5 6 7 8 15 56 120 840
3 5 6 7 8 15 63 72 2520
3 5 6 7 8 15 70 120 840
3 5 6 7 8 15 72 126 2520
3 5 6 7 8 15 77 88 9240
3 5 6 7 8 15 80 112 1680
3 5 6 7 8 15 84 120 840
3 5 6 7 8 15 91 104 10920
3 5 6 7 8 15 105 120 840
3 5 6 7 8 16 20 112 1680
3 5 6 7 8 16 21 80 1680
3 5 6 7 8 16 28 80 1680
3 5 6 7 8 16 30 112 1680
3 5 6 7 8 16 35 48 1680
3 5 6 7 8 16 35 80 1680
3 5 6 7 8 16 35 112 1680
3 5 6 7 8 16 40 112 1680
3 5 6 7 8 16 42 80 1680
3 5 6 7 8 16 48 70 1680
3 5 6 7 8 16 48 105 1680
3 5 6 7 8 16 56 80 1680
3 5 6 7 8 16 60 112 1680
3 5 6 7 8 16 70 80 1680
3 5 6 7 8 16 70 112 1680
3 5 6 7 8 16 80 84 1680
3 5 6 7 8 16 80 105 1680
3 5 6 7 8 16 80 112 1680
3 5 6 7 8 16 105 112 1680
3 5 6 7 8 16 112 120 1680
3 5 6 7 8 17 40 119 14280
3 5 6 7 8 17 56 85 14280
3 5 6 7 8 17 119 120 14280
3 5 6 7 8 18 35 72 2520
3 5 6 7 8 18 40 63 2520
3 5 6 7 8 18 40 126 2520
3 5 6 7 8 18 45 56 2520
3 5 6 7 8 18 56 90 2520
3 5 6 7 8 18 63 120 2520
3 5 6 7 8 18 70 72 2520
3 5 6 7 8 18 72 105 2520
3 5 6 7 8 18 120 126 2520
3 5 6 7 8 19 56 95 15960
3 5 6 7 8 20 21 24 840
3 5 6 7 8 20 21 40 840
3 5 6 7 8 20 21 56 840
3 5 6 7 8 20 21 120 840
3 5 6 7 8 20 24 28 840
3 5 6 7 8 20 24 35 840
3 5 6 7 8 20 24 42 840
3 5 6 7 8 20 24 56 840
3 5 6 7 8 20 24 70 840
3 5 6 7 8 20 24 84 840
3 5 6 7 8 20 24 105 840
3 5 6 7 8 20 28 40 840
3 5 6 7 8 20 28 56 840
3 5 6 7 8 20 28 120 840
3 5 6 7 8 20 30 56 840
3 5 6 7 8 20 35 40 840
3 5 6 7 8 20 35 56 840
3 5 6 7 8 20 35 120 840
3 5 6 7 8 20 40 42 840
3 5 6 7 8 20 40 56 840
3 5 6 7 8 20 40 70 840
3 5 6 7 8 20 40 84 840
3 5 6 7 8 20 40 105 840
3 5 6 7 8 20 42 56 840
3 5 6 7 8 20 42 120 840
3 5 6 7 8 20 48 112 1680
3 5 6 7 8 20 56 60 840
3 5 6 7 8 20 56 70 840
3 5 6 7 8 20 56 84 840
3 5 6 7 8 20 56 105 840
3 5 6 7 8 20 56 120 840
3 5 6 7 8 20 63 72 2520
3 5 6 7 8 20 70 120 840
3 5 6 7 8 20 72 126 2520
3 5 6 7 8 20 77 88 9240
3 5 6 7 8 20 80 112 1680
3 5 6 7 8 20 84 120 840
3 5 6 7 8 20 91 104 10920
3 5 6 7 8 20 105 120 840
3 5 6 7 8 21 24 30 840
3 5 6 7 8 21 24 35 840
3 5 6 7 8 21 24 40 840
3 5 6 7 8 21 24 60 840
3 5 6 7 8 21 24 70 840
3 5 6 7 8 21 24 105 840
3 5 6 7 8 21 24 120 840
3 5 6 7 8 21 28 40 840
3 5 6 7 8 21 28 120 840
3 5 6 7 8 21 30 40 840
3 5 6 7 8 21 30 56 840
3 5 6 7 8 21 30 120 840
3 5 6 7 8 21 35 40 840
3 5 6 7 8 21 35 56 840
3 5 6 7 8 21 35 120 840
3 5 6 7 8 21 40 42 840
3 5 6 7 8 21 40 56 840
3 5 6 7 8 21 40 60 840
3 5 6 7 8 21 40 70 840
3 5 6 7 8 21 40 84 840
3 5 6 7 8 21 40 105 840
3 5 6 7 8 21 40 120 840
3 5 6 7 8 21 42 120 840
3 5 6 7 8 21 45 72 2520
3 5 6 7 8 21 48 80 1680
3 5 6 7 8 21 55 88 9240
3 5 6 7 8 21 56 60 840
3 5 6 7 8 21 56 70 840
3 5 6 7 8 21 56 105 840
3 5 6 7 8 21 56 120 840
3 5 6 7 8 21 60 120 840
3 5 6 7 8 21 65 104 10920
3 5 6 7 8 21 70 120 840
3 5 6 7 8 21 72 90 2520
3 5 6 7 8 21 80 112 1680
3 5 6 7 8 21 84 120 840
3 5 6 7 8 21 88 110 9240
3 5 6 7 8 21 105 120 840
3 5 6 7 8 22 35 88 9240
3 5 6 7 8 22 40 77 9240
3 5 6 7 8 22 55 56 9240
3 5 6 7 8 22 56 110 9240
3 5 6 7 8 22 70 88 9240
3 5 6 7 8 22 77 120 9240
3 5 6 7 8 22 88 105 9240
3 5 6 7 8 23 56 115 19320
3 5 6 7 8 24 28 30 840
3 5 6 7 8 24 28 35 840
3 5 6 7 8 24 28 40 840
3 5 6 7 8 24 28 60 840
3 5 6 7 8 24 28 70 840
3 5 6 7 8 24 28 105 840
3 5 6 7 8 24 28 120 840
3 5 6 7 8 24 30 35 840
3 5 6 7 8 24 30 42 840
3 5 6 7 8 24 30 56 840
3 5 6 7 8 24 30 70 840
3 5 6 7 8 24 30 84 840
3 5 6 7 8 24 30 105 840
3 5 6 7 8 24 35 40 840
3 5 6 7 8 24 35 42 840
3 5 6 7 8 24 35 56 840
3 5 6 7 8 24 35 60 840
3 5 6 7 8 24 35 70 840
3 5 6 7 8 24 35 84 840
3 5 6 7 8 24 35 105 840
3 5 6 7 8 24 35 120 840
3 5 6 7 8 24 40 42 840
3 5 6 7 8 24 40 56 840
3 5 6 7 8 24 40 70 840
3 5 6 7 8 24 40 84 840
3 5 6 7 8 24 40 105 840
3 5 6 7 8 24 42 60 840
3 5 6 7 8 24 42 70 840
3 5 6 7 8 24 42 105 840
3 5 6 7 8 24 42 120 840
3 5 6 7 8 24 45 63 2520
3 5 6 7 8 24 45 126 2520
3 5 6 7 8 24 55 77 9240
3 5 6 7 8 24 56 60 840
3 5 6 7 8 24 56 70 840
3 5 6 7 8 24 56 105 840
3 5 6 7 8 24 56 120 840
3 5 6 7 8 24 60 70 840
3 5 6 7 8 24 60 84 840
3 5 6 7 8 24 60 105 840
3 5 6 7 8 24 63 90 2520
3 5 6 7 8 24 65 91 10920
3 5 6 7 8 24 70 84 840
3 5 6 7 8 24 70 105 840
3 5 6 7 8 24 70 120 840
3 5 6 7 8 24 77 110 9240
3 5 6 7 8 24 80 112 1680
3 5 6 7 8 24 84 105 840
3 5 6 7 8 24 84 120 840
3 5 6 7 8 24 85 119 14280
3 5 6 7 8 24 90 126 2520
3 5 6 7 8 24 105 120 840
3 5 6 7 8 25 50 56 4200
3 5 6 7 8 25 56 75 4200
3 5 6 7 8 25 56 100 4200
3 5 6 7 8 26 35 104 10920
3 5 6 7 8 26 40 91 10920
3 5 6 7 8 26 56 65 10920
3 5 6 7 8 26 70 104 10920
3 5 6 7 8 26 91 120 10920
3 5 6 7 8 26 104 105 10920
3 5 6 7 8 28 30 40 840
3 5 6 7 8 28 30 56 840
3 5 6 7 8 28 30 120 840
3 5 6 7 8 28 35 40 840
3 5 6 7 8 28 35 56 840
3 5 6 7 8 28 35 120 840
3 5 6 7 8 28 40 42 840
3 5 6 7 8 28 40 56 840
3 5 6 7 8 28 40 60 840
3 5 6 7 8 28 40 70 840
3 5 6 7 8 28 40 84 840
3 5 6 7 8 28 40 105 840
3 5 6 7 8 28 40 120 840
3 5 6 7 8 28 42 120 840
3 5 6 7 8 28 45 72 2520
3 5 6 7 8 28 48 80 1680
3 5 6 7 8 28 55 88 9240
3 5 6 7 8 28 56 60 840
3 5 6 7 8 28 56 70 840
3 5 6 7 8 28 56 105 840
3 5 6 7 8 28 56 120 840
3 5 6 7 8 28 60 120 840
3 5 6 7 8 28 65 104 10920
3 5 6 7 8 28 70 120 840
3 5 6 7 8 28 72 90 2520
3 5 6 7 8 28 80 112 1680
3 5 6 7 8 28 84 120 840
3 5 6 7 8 28 88 110 9240
3 5 6 7 8 28 105 120 840
3 5 6 7 8 30 35 40 840
3 5 6 7 8 30 35 56 840
3 5 6 7 8 30 35 120 840
3 5 6 7 8 30 40 42 840
3 5 6 7 8 30 40 56 840
3 5 6 7 8 30 40 70 840
3 5 6 7 8 30 40 84 840
3 5 6 7 8 30 40 105 840
3 5 6 7 8 30 42 56 840
3 5 6 7 8 30 42 120 840
3 5 6 7 8 30 48 112 1680
3 5 6 7 8 30 56 60 840
3 5 6 7 8 30 56 70 840
3 5 6 7 8 30 56 84 840
3 5 6 7 8 30 56 105 840
3 5 6 7 8 30 56 120 840
3 5 6 7 8 30 63 72 2520
3 5 6 7 8 30 70 120 840
3 5 6 7 8 30 72 126 2520
3 5 6 7 8 30 77 88 9240
3 5 6 7 8 30 80 112 1680
3 5 6 7 8 30 84 120 840
3 5 6 7 8 30 91 104 10920
3 5 6 7 8 30 105 120 840
3 5 6 7 8 32 35 96 3360
3 5 6 7 8 32 70 96 3360
3 5 6 7 8 32 96 105 3360
3 5 6 7 8 33 35 88 9240
3 5 6 7 8 33 40 77 9240
3 5 6 7 8 33 55 56 9240
3 5 6 7 8 33 56 110 9240
3 5 6 7 8 33 70 88 9240
3 5 6 7 8 33 77 120 9240
3 5 6 7 8 33 88 105 9240
3 5 6 7 8 34 40 119 14280
3 5 6 7 8 34 56 85 14280
3 5 6 7 8 34 119 120 14280
3 5 6 7 8 35 36 72 2520
3 5 6 7 8 35 39 104 10920
3 5 6 7 8 35 40 42 840
3 5 6 7 8 35 40 56 840
3 5 6 7 8 35 40 60 840
3 5 6 7 8 35 40 70 840
3 5 6 7 8 35 40 84 840
3 5 6 7 8 35 40 105 840
3 5 6 7 8 35 40 120 840
3 5 6 7 8 35 42 56 840
3 5 6 7 8 35 42 120 840
3 5 6 7 8 35 44 88 9240
3 5 6 7 8 35 45 72 2520
3 5 6 7 8 35 48 80 1680
3 5 6 7 8 35 48 112 1680
3 5 6 7 8 35 52 104 10920
3 5 6 7 8 35 55 88 9240
3 5 6 7 8 35 56 60 840
3 5 6 7 8 35 56 70 840
3 5 6 7 8 35 56 84 840
3 5 6 7 8 35 56 105 840
3 5 6 7 8 35 56 120 840
3 5 6 7 8 35 60 120 840
3 5 6 7 8 35 63 72 2520
3 5 6 7 8 35 65 104 10920
3 5 6 7 8 35 66 88 9240
3 5 6 7 8 35 70 120 840
3 5 6 7 8 35 72 90 2520
3 5 6 7 8 35 72 126 2520
3 5 6 7 8 35 77 88 9240
3 5 6 7 8 35 78 104 10920
3 5 6 7 8 35 80 112 1680
3 5 6 7 8 35 84 120 840
3 5 6 7 8 35 88 110 9240
3 5 6 7 8 35 91 104 10920
3 5 6 7 8 35 105 120 840
3 5 6 7 8 36 40 63 2520
3 5 6 7 8 36 40 126 2520
3 5 6 7 8 36 45 56 2520
3 5 6 7 8 36 56 90 2520
3 5 6 7 8 36 63 120 2520
3 5 6 7 8 36 70 72 2520
3 5 6 7 8 36 72 105 2520
3 5 6 7 8 36 120 126 2520
3 5 6 7 8 38 56 95 15960
3 5 6 7 8 39 40 91 10920
3 5 6 7 8 39 56 65 10920
3 5 6 7 8 39 70 104 10920
3 5 6 7 8 39 91 120 10920
3 5 6 7 8 39 104 105 10920
3 5 6 7 8 40 42 56 840
3 5 6 7 8 40 42 60 840
3 5 6 7 8 40 42 70 840
3 5 6 7 8 40 42 84 840
3 5 6 7 8 40 42 105 840
3 5 6 7 8 40 42 120 840
3 5 6 7 8 40 44 77 9240
3 5 6 7 8 40 45 63 2520
3 5 6 7 8 40 45 126 2520
3 5 6 7 8 40 48 112 1680
3 5 6 7 8 40 49 98 5880
3 5 6 7 8 40 51 119 14280
3 5 6 7 8 40 52 91 10920
3 5 6 7 8 40 55 77 9240
3 5 6 7 8 40 56 60 840
3 5 6 7 8 40 56 70 840
3 5 6 7 8 40 56 84 840
3 5 6 7 8 40 56 105 840
3 5 6 7 8 40 56 120 840
3 5 6 7 8 40 60 70 840
3 5 6 7 8 40 60 84 840
3 5 6 7 8 40 60 105 840
3 5 6 7 8 40 63 72 2520
3 5 6 7 8 40 63 90 2520
3 5 6 7 8 40 63 126 2520
3 5 6 7 8 40 65 91 10920
3 5 6 7 8 40 66 77 9240
3 5 6 7 8 40 68 119 14280
3 5 6 7 8 40 70 84 840
3 5 6 7 8 40 70 105 840
3 5 6 7 8 40 70 120 840
3 5 6 7 8 40 72 126 2520
3 5 6 7 8 40 77 88 9240
3 5 6 7 8 40 77 110 9240
3 5 6 7 8 40 78 91 10920
3 5 6 7 8 40 80 112 1680
3 5 6 7 8 40 84 105 840
3 5 6 7 8 40 84 120 840
3 5 6 7 8 40 85 119 14280
3 5 6 7 8 40 90 126 2520
3 5 6 7 8 40 91 104 10920
3 5 6 7 8 40 102 119 14280
3 5 6 7 8 40 105 120 840
3 5 6 7 8 42 45 72 2520
3 5 6 7 8 42 48 80 1680
3 5 6 7 8 42 55 88 9240
3 5 6 7 8 42 56 60 840
3 5 6 7 8 42 56 70 840
3 5 6 7 8 42 56 105 840
3 5 6 7 8 42 56 120 840
3 5 6 7 8 42 60 120 840
3 5 6 7 8 42 65 104 10920
3 5 6 7 8 42 70 120 840
3 5 6 7 8 42 72 90 2520
3 5 6 7 8 42 80 112 1680
3 5 6 7 8 42 84 120 840
3 5 6 7 8 42 88 110 9240
3 5 6 7 8 42 105 120 840
3 5 6 7 8 44 55 56 9240
3 5 6 7 8 44 56 110 9240
3 5 6 7 8 44 70 88 9240
3 5 6 7 8 44 77 120 9240
3 5 6 7 8 44 88 105 9240
3 5 6 7 8 45 56 63 2520
3 5 6 7 8 45 56 72 2520
3 5 6 7 8 45 56 90 2520
3 5 6 7 8 45 56 126 2520
3 5 6 7 8 45 63 72 2520
3 5 6 7 8 45 63 120 2520
3 5 6 7 8 45 70 72 2520
3 5 6 7 8 45 72 84 2520
3 5 6 7 8 45 72 105 2520
3 5 6 7 8 45 72 126 2520
3 5 6 7 8 45 120 126 2520
3 5 6 7 8 46 56 115 19320
3 5 6 7 8 48 56 80 1680
3 5 6 7 8 48 60 112 1680
3 5 6 7 8 48 70 80 1680
3 5 6 7 8 48 70 112 1680
3 5 6 7 8 48 80 84 1680
3 5 6 7 8 48 80 105 1680
3 5 6 7 8 48 80 112 1680
3 5 6 7 8 48 105 112 1680
3 5 6 7 8 48 112 120 1680
3 5 6 7 8 49 98 120 5880
3 5 6 7 8 50 56 75 4200
3 5 6 7 8 50 56 100 4200
3 5 6 7 8 51 56 85 14280
3 5 6 7 8 51 119 120 14280
3 5 6 7 8 52 56 65 10920
3 5 6 7 8 52 70 104 10920
3 5 6 7 8 52 91 120 10920
3 5 6 7 8 52 104 105 10920
3 5 6 7 8 55 56 66 9240
3 5 6 7 8 55 56 77 9240
3 5 6 7 8 55 56 88 9240
3 5 6 7 8 55 56 110 9240
3 5 6 7 8 55 70 88 9240
3 5 6 7 8 55 77 88 9240
3 5 6 7 8 55 77 120 9240
3 5 6 7 8 55 84 88 9240
3 5 6 7 8 55 88 105 9240
3 5 6 7 8 56 57 95 15960
3 5 6 7 8 56 60 70 840
3 5 6 7 8 56 60 84 840
3 5 6 7 8 56 60 105 840
3 5 6 7 8 56 60 120 840
3 5 6 7 8 56 63 90 2520
3 5 6 7 8 56 65 78 10920
3 5 6 7 8 56 65 91 10920
3 5 6 7 8 56 65 104 10920
3 5 6 7 8 56 66 110 9240
3 5 6 7 8 56 68 85 14280
3 5 6 7 8 56 69 115 19320
3 5 6 7 8 56 70 84 840
3 5 6 7 8 56 70 105 840
3 5 6 7 8 56 70 120 840
3 5 6 7 8 56 72 90 2520
3 5 6 7 8 56 75 100 4200
3 5 6 7 8 56 76 95 15960
3 5 6 7 8 56 77 110 9240
3 5 6 7 8 56 80 112 1680
3 5 6 7 8 56 84 105 840
3 5 6 7 8 56 84 120 840
3 5 6 7 8 56 85 102 14280
3 5 6 7 8 56 85 119 14280
3 5 6 7 8 56 88 110 9240
3 5 6 7 8 56 90 126 2520
3 5 6 7 8 56 92 115 19320
3 5 6 7 8 56 95 114 15960
3 5 6 7 8 56 105 120 840
3 5 6 7 8 60 63 72 2520
3 5 6 7 8 60 70 120 840
3 5 6 7 8 60 72 126 2520
3 5 6 7 8 60 77 88 9240
3 5 6 7 8 60 80 112 1680
3 5 6 7 8 60 84 120 840
3 5 6 7 8 60 91 104 10920
3 5 6 7 8 60 105 120 840
3 5 6 7 8 63 70 72 2520
3 5 6 7 8 63 72 90 2520
3 5 6 7 8 63 72 105 2520
3 5 6 7 8 63 72 120 2520
3 5 6 7 8 63 90 120 2520
3 5 6 7 8 65 70 104 10920
3 5 6 7 8 65 84 104 10920
3 5 6 7 8 65 91 104 10920
3 5 6 7 8 65 91 120 10920
3 5 6 7 8 65 104 105 10920
3 5 6 7 8 66 70 88 9240
3 5 6 7 8 66 77 120 9240
3 5 6 7 8 66 88 105 9240
3 5 6 7 8 70 72 90 2520
3 5 6 7 8 70 72 126 2520
3 5 6 7 8 70 77 88 9240
3 5 6 7 8 70 78 104 10920
3 5 6 7 8 70 80 112 1680
3 5 6 7 8 70 84 120 840
3 5 6 7 8 70 88 110 9240
3 5 6 7 8 70 91 104 10920
3 5 6 7 8 72 84 90 2520
3 5 6 7 8 72 90 105 2520
3 5 6 7 8 72 90 126 2520
3 5 6 7 8 77 88 105 9240
3 5 6 7 8 77 88 110 9240
3 5 6 7 8 77 88 120 9240
3 5 6 7 8 80 84 112 1680
3 5 6 7 8 84 88 110 9240
3 5 6 7 9 10 14 18 630
3 5 6 7 9 10 14 45 630
3 5 6 7 9 10 14 63 630
3 5 6 7 9 10 14 90 630
3 5 6 7 9 10 14 126 630
3 5 6 7 9 10 15 63 630
3 5 6 7 9 10 15 126 630
3 5 6 7 9 10 18 21 630
3 5 6 7 9 10 18 35 630
3 5 6 7 9 10 18 42 630
3 5 6 7 9 10 18 63 630
3 5 6 7 9 10 18 70 630
3 5 6 7 9 10 18 105 630
3 5 6 7 9 10 18 126 630
3 5 6 7 9 10 21 45 630
3 5 6 7 9 10 21 63 630
3 5 6 7 9 10 21 90 630
3 5 6 7 9 10 21 126 630
3 5 6 7 9 10 28 36 1260
3 5 6 7 9 10 30 63 630
3 5 6 7 9 10 30 126 630
3 5 6 7 9 10 35 45 630
3 5 6 7 9 10 35 63 630
3 5 6 7 9 10 35 90 630
3 5 6 7 9 10 35 126 630
3 5 6 7 9 10 36 84 1260
3 5 6 7 9 10 42 45 630
3 5 6 7 9 10 42 63 630
3 5 6 7 9 10 42 90 630
3 5 6 7 9 10 42 126 630
3 5 6 7 9 10 45 63 630
3 5 6 7 9 10 45 70 630
3 5 6 7 9 10 45 105 630
3 5 6 7 9 10 45 126 630
3 5 6 7 9 10 56 72 2520
3 5 6 7 9 10 63 70 630
3 5 6 7 9 10 63 90 630
3 5 6 7 9 10 63 105 630
3 5 6 7 9 10 63 126 630
3 5 6 7 9 10 70 90 630
3 5 6 7 9 10 70 126 630
3 5 6 7 9 10 77 99 6930
3 5 6 7 9 10 90 105 630
3 5 6 7 9 10 90 126 630
3 5 6 7 9 10 91 117 8190
3 5 6 7 9 10 105 126 630
3 5 6 7 9 11 55 126 6930
3 5 6 7 9 11 63 110 6930
3 5 6 7 9 11 70 99 6930
3 5 6 7 9 11 77 90 6930
3 5 6 7 9 11 110 126 6930
3 5 6 7 9 12 20 63 1260
3 5 6 7 9 12 20 126 1260
3 5 6 7 9 12 28 45 1260
3 5 6 7 9 12 28 90 1260
3 5 6 7 9 12 35 36 1260
3 5 6 7 9 12 36 70 1260
3 5 6 7 9 12 36 105 1260
3 5 6 7 9 12 45 84 1260
3 5 6 7 9 12 60 63 1260
3 5 6 7 9 12 60 126 1260
3 5 6 7 9 12 84 90 1260
3 5 6 7 9 13 65 126 8190
3 5 6 7 9 13 70 117 8190
3 5 6 7 9 13 90 91 8190
3 5 6 7 9 14 15 18 630
3 5 6 7 9 14 15 45 630
3 5 6 7 9 14 15 63 630
3 5 6 7 9 14 15 90 630
3 5 6 7 9 14 15 126 630
3 5 6 7 9 14 18 30 630
3 5 6 7 9 14 18 35 630
3 5 6 7 9 14 18 45 630
3 5 6 7 9 14 18 70 630
3 5 6 7 9 14 18 90 630
3 5 6 7 9 14 18 105 630
3 5 6 7 9 14 20 36 1260
3 5 6 7 9 14 21 45 630
3 5 6 7 9 14 21 90 630
3 5 6 7 9 14 30 45 630
3 5 6 7 9 14 30 63 630
3 5 6 7 9 14 30 90 630
3 5 6 7 9 14 30 126 630
3 5 6 7 9 14 35 45 630
3 5 6 7 9 14 35 63 630
3 5 6 7 9 14 35 90 630
3 5 6 7 9 14 35 126 630
3 5 6 7 9 14 36 60 1260
3 5 6 7 9 14 40 72 2520
3 5 6 7 9 14 42 45 630
3 5 6 7 9 14 42 90 630
3 5 6 7 9 14 45 63 630
3 5 6 7 9 14 45 70 630
3 5 6 7 9 14 45 90 630
3 5 6 7 9 14 45 105 630
3 5 6 7 9 14 45 126 630
3 5 6 7 9 14 55 99 6930
3 5 6 7 9 14 63 70 630
3 5 6 7 9 14 63 90 630
3 5 6 7 9 14 63 105 630
3 5 6 7 9 14 65 117 8190
3 5 6 7 9 14 70 90 630
3 5 6 7 9 14 70 126 630
3 5 6 7 9 14 72 120 2520
3 5 6 7 9 14 90 105 630
3 5 6 7 9 14 90 126 630
3 5 6 7 9 14 99 110 6930
3 5 6 7 9 14 105 126 630
3 5 6 7 9 15 18 21 630
3 5 6 7 9 15 18 35 630
3 5 6 7 9 15 18 42 630
3 5 6 7 9 15 18 63 630
3 5 6 7 9 15 18 70 630
3 5 6 7 9 15 18 105 630
3 5 6 7 9 15 18 126 630
3 5 6 7 9 15 21 90 630
3 5 6 7 9 15 21 126 630
3 5 6 7 9 15 28 36 1260
3 5 6 7 9 15 30 63 630
3 5 6 7 9 15 30 126 630
3 5 6 7 9 15 35 90 630
3 5 6 7 9 15 35 126 630
3 5 6 7 9 15 36 84 1260
3 5 6 7 9 15 42 45 630
3 5 6 7 9 15 42 63 630
3 5 6 7 9 15 42 90 630
3 5 6 7 9 15 42 126 630
3 5 6 7 9 15 45 70 630
3 5 6 7 9 15 45 126 630
3 5 6 7 9 15 56 72 2520
3 5 6 7 9 15 63 70 630
3 5 6 7 9 15 63 90 630
3 5 6 7 9 15 63 126 630
3 5 6 7 9 15 70 90 630
3 5 6 7 9 15 70 126 630
3 5 6 7 9 15 90 105 630
3 5 6 7 9 15 90 126 630
3 5 6 7 9 15 105 126 630
3 5 6 7 9 16 45 112 5040
3 5 6 7 9 16 63 80 5040
3 5 6 7 9 16 80 126 5040
3 5 6 7 9 16 90 112 5040
3 5 6 7 9 17 85 126 10710
3 5 6 7 9 17 90 119 10710
3 5 6 7 9 18 20 28 1260
3 5 6 7 9 18 20 84 1260
3 5 6 7 9 18 21 30 630
3 5 6 7 9 18 21 35 630
3 5 6 7 9 18 21 45 630
3 5 6 7 9 18 21 70 630
3 5 6 7 9 18 21 90 630
3 5 6 7 9 18 21 105 630
3 5 6 7 9 18 28 60 1260
3 5 6 7 9 18 30 35 630
3 5 6 7 9 18 30 42 630
3 5 6 7 9 18 30 63 630
3 5 6 7 9 18 30 70 630
3 5 6 7 9 18 30 105 630
3 5 6 7 9 18 30 126 630
3 5 6 7 9 18 35 42 630
3 5 6 7 9 18 35 45 630
3 5 6 7 9 18 35 63 630
3 5 6 7 9 18 35 70 630
3 5 6 7 9 18 35 90 630
3 5 6 7 9 18 35 105 630
3 5 6 7 9 18 35 126 630
3 5 6 7 9 18 40 56 2520
3 5 6 7 9 18 42 45 630
3 5 6 7 9 18 42 70 630
3 5 6 7 9 18 42 90 630
3 5 6 7 9 18 42 105 630
3 5 6 7 9 18 45 63 630
3 5 6 7 9 18 45 70 630
3 5 6 7 9 18 45 105 630
3 5 6 7 9 18 45 126 630
3 5 6 7 9 18 55 77 6930
3 5 6 7 9 18 56 120 2520
3 5 6 7 9 18 60 84 1260
3 5 6 7 9 18 63 70 630
3 5 6 7 9 18 63 90 630
3 5 6 7 9 18 63 105 630
3 5 6 7 9 18 65 91 8190
3 5 6 7 9 18 70 90 630
3 5 6 7 9 18 70 105 630
3 5 6 7 9 18 70 126 630
3 5 6 7 9 18 77 110 6930
3 5 6 7 9 18 80 112 5040
3 5 6 7 9 18 85 119 10710
3 5 6 7 9 18 90 105 630
3 5 6 7 9 18 90 126 630
3 5 6 7 9 18 105 126 630
3 5 6 7 9 19 95 126 11970
3 5 6 7 9 20 21 36 1260
3 5 6 7 9 20 28 36 1260
3 5 6 7 9 20 28 45 1260
3 5 6 7 9 20 28 63 1260
3 5 6 7 9 20 28 90 1260
3 5 6 7 9 20 28 126 1260
3 5 6 7 9 20 35 36 1260
3 5 6 7 9 20 36 42 1260
3 5 6 7 9 20 36 63 1260
3 5 6 7 9 20 36 70 1260
3 5 6 7 9 20 36 84 1260
3 5 6 7 9 20 36 105 1260
3 5 6 7 9 20 36 126 1260
3 5 6 7 9 20 45 84 1260
3 5 6 7 9 20 56 72 2520
3 5 6 7 9 20 60 63 1260
3 5 6 7 9 20 60 126 1260
3 5 6 7 9 20 63 84 1260
3 5 6 7 9 20 84 90 1260
3 5 6 7 9 20 84 126 1260
3 5 6 7 9 21 30 45 630
3 5 6 7 9 21 30 63 630
3 5 6 7 9 21 30 90 630
3 5 6 7 9 21 30 126 630
3 5 6 7 9 21 35 90 630
3 5 6 7 9 21 35 126 630
3 5 6 7 9 21 36 60 1260
3 5 6 7 9 21 40 72 2520
3 5 6 7 9 21 42 45 630
3 5 6 7 9 21 42 90 630
3 5 6 7 9 21 45 70 630
3 5 6 7 9 21 45 90 630
3 5 6 7 9 21 45 126 630
3 5 6 7 9 21 63 70 630
3 5 6 7 9 21 63 90 630
3 5 6 7 9 21 70 90 630
3 5 6 7 9 21 70 126 630
3 5 6 7 9 21 72 120 2520
3 5 6 7 9 21 90 105 630
3 5 6 7 9 21 90 126 630
3 5 6 7 9 21 99 110 6930
3 5 6 7 9 21 105 126 630
3 5 6 7 9 22 35 99 6930
3 5 6 7 9 22 45 77 6930
3 5 6 7 9 22 55 63 6930
3 5 6 7 9 22 55 126 6930
3 5 6 7 9 22 63 110 6930
3 5 6 7 9 22 70 99 6930
3 5 6 7 9 22 77 90 6930
3 5 6 7 9 22 99 105 6930
3 5 6 7 9 22 110 126 6930
3 5 6 7 9 23 115 126 14490
3 5 6 7 9 24 35 72 2520
3 5 6 7 9 24 40 63 2520
3 5 6 7 9 24 40 126 2520
3 5 6 7 9 24 45 56 2520
3 5 6 7 9 24 56 90 2520
3 5 6 7 9 24 63 120 2520
3 5 6 7 9 24 70 72 2520
3 5 6 7 9 24 72 105 2520
3 5 6 7 9 24 120 126 2520
3 5 6 7 9 25 50 63 3150
3 5 6 7 9 25 50 126 3150
3 5 6 7 9 25 75 126 3150
3 5 6 7 9 26 35 117 8190
3 5 6 7 9 26 45 91 8190
3 5 6 7 9 26 63 65 8190
3 5 6 7 9 26 65 126 8190
3 5 6 7 9 26 70 117 8190
3 5 6 7 9 26 90 91 8190
3 5 6 7 9 26 105 117 8190
3 5 6 7 9 27 35 54 1890
3 5 6 7 9 27 54 70 1890
3 5 6 7 9 27 54 105 1890
3 5 6 7 9 28 30 36 1260
3 5 6 7 9 28 35 36 1260
3 5 6 7 9 28 36 45 1260
3 5 6 7 9 28 36 60 1260
3 5 6 7 9 28 36 70 1260
3 5 6 7 9 28 36 90 1260
3 5 6 7 9 28 36 105 1260
3 5 6 7 9 28 40 72 2520
3 5 6 7 9 28 45 60 1260
3 5 6 7 9 28 45 84 1260
3 5 6 7 9 28 60 63 1260
3 5 6 7 9 28 60 90 1260
3 5 6 7 9 28 60 126 1260
3 5 6 7 9 28 72 120 2520
3 5 6 7 9 28 84 90 1260
3 5 6 7 9 30 35 45 630
3 5 6 7 9 30 35 63 630
3 5 6 7 9 30 35 90 630
3 5 6 7 9 30 35 126 630
3 5 6 7 9 30 36 84 1260
3 5 6 7 9 30 42 45 630
3 5 6 7 9 30 42 63 630
3 5 6 7 9 30 42 90 630
3 5 6 7 9 30 42 126 630
3 5 6 7 9 30 45 63 630
3 5 6 7 9 30 45 70 630
3 5 6 7 9 30 45 105 630
3 5 6 7 9 30 45 126 630
3 5 6 7 9 30 56 72 2520
3 5 6 7 9 30 63 70 630
3 5 6 7 9 30 63 90 630
3 5 6 7 9 30 63 105 630
3 5 6 7 9 30 63 126 630
3 5 6 7 9 30 70 90 630
3 5 6 7 9 30 70 126 630
3 5 6 7 9 30 77 99 6930
3 5 6 7 9 30 90 105 630
3 5 6 7 9 30 90 126 630
3 5 6 7 9 30 91 117 8190
3 5 6 7 9 30 105 126 630
3 5 6 7 9 33 55 126 6930
3 5 6 7 9 33 63 110 6930
3 5 6 7 9 33 70 99 6930
3 5 6 7 9 33 77 90 6930
3 5 6 7 9 33 110 126 6930
3 5 6 7 9 34 45 119 10710
3 5 6 7 9 34 63 85 10710
3 5 6 7 9 34 85 126 10710
3 5 6 7 9 34 90 119 10710
3 5 6 7 9 35 36 60 1260
3 5 6 7 9 35 36 84 1260
3 5 6 7 9 35 40 72 2520
3 5 6 7 9 35 42 45 630
3 5 6 7 9 35 42 63 630
3 5 6 7 9 35 42 90 630
3 5 6 7 9 35 42 126 630
3 5 6 7 9 35 45 70 630
3 5 6 7 9 35 45 90 630
3 5 6 7 9 35 45 126 630
3 5 6 7 9 35 56 72 2520
3 5 6 7 9 35 63 70 630
3 5 6 7 9 35 63 90 630
3 5 6 7 9 35 63 126 630
3 5 6 7 9 35 66 99 6930
3 5 6 7 9 35 70 90 630
3 5 6 7 9 35 70 126 630
3 5 6 7 9 35 72 120 2520
3 5 6 7 9 35 78 117 8190
3 5 6 7 9 35 90 105 630
3 5 6 7 9 35 90 126 630
3 5 6 7 9 35 99 110 6930
3 5 6 7 9 36 40 56 2520
3 5 6 7 9 36 42 60 1260
3 5 6 7 9 36 45 84 1260
3 5 6 7 9 36 56 120 2520
3 5 6 7 9 36 60 63 1260
3 5 6 7 9 36 60 70 1260
3 5 6 7 9 36 60 84 1260
3 5 6 7 9 36 60 105 1260
3 5 6 7 9 36 60 126 1260
3 5 6 7 9 36 70 84 1260
3 5 6 7 9 36 80 112 5040
3 5 6 7 9 36 84 90 1260
3 5 6 7 9 36 84 105 1260
3 5 6 7 9 38 63 95 11970
3 5 6 7 9 39 65 126 8190
3 5 6 7 9 39 70 117 8190
3 5 6 7 9 39 90 91 8190
3 5 6 7 9 40 42 72 2520
3 5 6 7 9 40 45 56 2520
3 5 6 7 9 40 56 63 2520
3 5 6 7 9 40 56 72 2520
3 5 6 7 9 40 56 90 2520
3 5 6 7 9 40 56 126 2520
3 5 6 7 9 40 63 72 2520
3 5 6 7 9 40 63 120 2520
3 5 6 7 9 40 70 72 2520
3 5 6 7 9 40 72 84 2520
3 5 6 7 9 40 72 105 2520
3 5 6 7 9 40 72 126 2520
3 5 6 7 9 42 45 63 630
3 5 6 7 9 42 45 70 630
3 5 6 7 9 42 45 90 630
3 5 6 7 9 42 45 105 630
3 5 6 7 9 42 45 126 630
3 5 6 7 9 42 55 99 6930
3 5 6 7 9 42 63 70 630
3 5 6 7 9 42 63 90 630
3 5 6 7 9 42 63 105 630
3 5 6 7 9 42 65 117 8190
3 5 6 7 9 42 70 90 630
3 5 6 7 9 45 48 112 5040
3 5 6 7 9 45 49 98 4410
3 5 6 7 9 45 56 72 2520
3 5 6 7 9 45 56 120 2520
3 5 6 7 9 45 60 84 1260
3 5 6 7 9 45 63 70 630
3 5 6 7 9 45 63 90 630
3 5 6 7 9 45 66 77 6930
3 5 6 7 9 45 70 90 630
3 5 6 7 9 46 63 115 14490
3 5 6 7 9 48 63 80 5040
3 5 6 7 9 50 63 75 3150
3 5 6 7 9 55 63 66 6930
3 5 6 7 9 56 60 72 2520
3 5 6 7 10 11 14 22 2310
3 5 6 7 10 11 14 33 2310
3 5 6 7 10 11 14 55 2310
3 5 6 7 10 11 14 66 2310
3 5 6 7 10 11 14 77 2310
3 5 6 7 10 11 14 110 2310
3 5 6 7 10 11 15 77 2310
3 5 6 7 10 11 21 22 2310
3 5 6 7 10 11 21 33 2310
3 5 6 7 10 11 21 55 2310
3 5 6 7 10 11 21 66 2310
3 5 6 7 10 11 21 77 2310
3 5 6 7 10 11 21 110 2310
3 5 6 7 10 11 22 35 2310
3 5 6 7 10 11 22 42 2310
3 5 6 7 10 11 22 70 2310
3 5 6 7 10 11 22 77 2310
3 5 6 7 10 11 22 105 2310
3 5 6 7 10 11 28 44 4620
3 5 6 7 10 11 30 77 2310
3 5 6 7 10 11 33 35 2310
3 5 6 7 10 11 33 42 2310
3 5 6 7 10 11 33 70 2310
3 5 6 7 10 11 33 77 2310
3 5 6 7 10 11 33 105 2310
3 5 6 7 10 11 35 55 2310
3 5 6 7 10 11 35 66 2310
3 5 6 7 10 11 35 77 2310
3 5 6 7 10 11 35 110 2310
3 5 6 7 10 11 42 55 2310
3 5 6 7 10 11 42 66 2310
3 5 6 7 10 11 42 77 2310
3 5 6 7 10 11 42 110 2310
3 5 6 7 10 11 44 84 4620
3 5 6 7 10 11 55 70 2310
3 5 6 7 10 11 55 77 2310
3 5 6 7 10 11 55 105 2310
3 5 6 7 10 11 56 88 9240
3 5 6 7 10 11 63 99 6930
3 5 6 7 10 11 66 70 2310
3 5 6 7 10 11 66 77 2310
3 5 6 7 10 11 66 105 2310
3 5 6 7 10 11 70 77 2310
3 5 6 7 10 11 70 110 2310
3 5 6 7 10 11 77 105 2310
3 5 6 7 10 11 77 110 2310
3 5 6 7 10 11 99 126 6930
3 5 6 7 10 11 105 110 2310
3 5 6 7 10 12 14 20 420
3 5 6 7 10 12 14 28 420
3 5 6 7 10 12 14 60 420
3 5 6 7 10 12 14 84 420
3 5 6 7 10 12 15 28 420
3 5 6 7 10 12 15 84 420
3 5 6 7 10 12 16 112 1680
3 5 6 7 10 12 20 21 420
3 5 6 7 10 12 20 28 420
3 5 6 7 10 12 20 35 420
3 5 6 7 10 12 20 42 420
3 5 6 7 10 12 20 70 420
3 5 6 7 10 12 20 84 420
3 5 6 7 10 12 20 105 420
3 5 6 7 10 12 21 28 420
3 5 6 7 10 12 21 60 420
3 5 6 7 10 12 21 84 420
3 5 6 7 10 12 24 56 840
3 5 6 7 10 12 28 30 420
3 5 6 7 10 12 28 35 420
3 5 6 7 10 12 28 42 420
3 5 6 7 10 12 28 60 420
3 5 6 7 10 12 28 70 420
3 5 6 7 10 12 28 84 420
3 5 6 7 10 12 28 105 420
3 5 6 7 10 12 30 84 420
3 5 6 7 10 12 35 60 420
3 5 6 7 10 12 35 84 420
3 5 6 7 10 12 36 63 1260
3 5 6 7 10 12 36 126 1260
3 5 6 7 10 12 40 56 840
3 5 6 7 10 12 42 60 420
3 5 6 7 10 12 42 84 420
3 5 6 7 10 12 44 77 4620
3 5 6 7 10 12 48 112 1680
3 5 6 7 10 12 52 91 5460
3 5 6 7 10 12 56 120 840
3 5 6 7 10 12 60 70 420
3 5 6 7 10 12 60 84 420
3 5 6 7 10 12 60 105 420
3 5 6 7 10 12 68 119 7140
3 5 6 7 10 12 70 84 420
3 5 6 7 10 12 80 112 1680
3 5 6 7 10 12 84 105 420
3 5 6 7 10 13 14 26 2730
3 5 6 7 10 13 14 39 2730
3 5 6 7 10 13 14 65 2730
3 5 6 7 10 13 14 78 2730
3 5 6 7 10 13 14 91 2730
3 5 6 7 10 13 15 91 2730
3 5 6 7 10 13 21 26 2730
3 5 6 7 10 13 21 39 2730
3 5 6 7 10 13 21 65 2730
3 5 6 7 10 13 21 78 2730
3 5 6 7 10 13 21 91 2730
3 5 6 7 10 13 26 35 2730
3 5 6 7 10 13 26 42 2730
3 5 6 7 10 13 26 70 2730
3 5 6 7 10 13 26 91 2730
3 5 6 7 10 13 26 105 2730
3 5 6 7 10 13 28 52 5460
3 5 6 7 10 13 30 91 2730
3 5 6 7 10 13 35 39 2730
3 5 6 7 10 13 35 65 2730
3 5 6 7 10 13 35 78 2730
3 5 6 7 10 13 35 91 2730
3 5 6 7 10 13 39 42 2730
3 5 6 7 10 13 39 70 2730
3 5 6 7 10 13 39 91 2730
3 5 6 7 10 13 39 105 2730
3 5 6 7 10 13 42 65 2730
3 5 6 7 10 13 42 78 2730
3 5 6 7 10 13 42 91 2730
3 5 6 7 10 13 52 84 5460
3 5 6 7 10 13 56 104 10920
3 5 6 7 10 13 63 117 8190
3 5 6 7 10 13 65 70 2730
3 5 6 7 10 13 65 91 2730
3 5 6 7 10 13 65 105 2730
3 5 6 7 10 13 70 78 2730
3 5 6 7 10 13 70 91 2730
3 5 6 7 10 13 78 91 2730
3 5 6 7 10 13 78 105 2730
3 5 6 7 10 13 91 105 2730
3 5 6 7 10 13 117 126 8190
3 5 6 7 10 14 15 21 210
3 5 6 7 10 14 15 30 210
3 5 6 7 10 14 15 35 210
3 5 6 7 10 14 15 42 210
3 5 6 7 10 14 15 70 210
3 5 6 7 10 14 15 105 210
3 5 6 7 10 14 16 48 1680
3 5 6 7 10 14 16 80 1680
3 5 6 7 10 14 16 112 1680
3 5 6 7 10 14 17 34 3570
3 5 6 7 10 14 17 51 3570
3 5 6 7 10 14 17 85 3570
3 5 6 7 10 14 17 102 3570
3 5 6 7 10 14 17 119 3570
3 5 6 7 10 14 18 45 630
3 5 6 7 10 14 18 63 630
3 5 6 7 10 14 18 90 630
3 5 6 7 10 14 18 126 630
3 5 6 7 10 14 19 38 3990
3 5 6 7 10 14 19 57 3990
3 5 6 7 10 14 19 95 3990
3 5 6 7 10 14 19 114 3990
3 5 6 7 10 14 20 28 420
3 5 6 7 10 14 20 60 420
3 5 6 7 10 14 20 84 420
3 5 6 7 10 14 21 30 210
3 5 6 7 10 14 21 35 210
3 5 6 7 10 14 21 42 210
3 5 6 7 10 14 21 70 210
3 5 6 7 10 14 21 105 210
3 5 6 7 10 14 22 33 2310
3 5 6 7 10 14 22 55 2310
3 5 6 7 10 14 22 66 2310
3 5 6 7 10 14 22 77 2310
3 5 6 7 10 14 22 110 2310
3 5 6 7 10 14 23 46 4830
3 5 6 7 10 14 23 69 4830
3 5 6 7 10 14 23 115 4830
3 5 6 7 10 14 24 40 840
3 5 6 7 10 14 24 56 840
3 5 6 7 10 14 24 120 840
3 5 6 7 10 14 25 50 1050
3 5 6 7 10 14 25 75 1050
3 5 6 7 10 14 26 39 2730
3 5 6 7 10 14 26 65 2730
3 5 6 7 10 14 26 78 2730
3 5 6 7 10 14 26 91 2730
3 5 6 7 10 14 27 54 1890
3 5 6 7 10 14 28 60 420
3 5 6 7 10 14 28 84 420
3 5 6 7 10 14 29 58 6090
3 5 6 7 10 14 29 87 6090
3 5 6 7 10 14 30 35 210
3 5 6 7 10 14 30 42 210
3 5 6 7 10 14 30 70 210
3 5 6 7 10 14 30 105 210
3 5 6 7 10 14 31 62 6510
3 5 6 7 10 14 31 93 6510
3 5 6 7 10 14 32 96 3360
3 5 6 7 10 14 33 55 2310
3 5 6 7 10 14 33 66 2310
3 5 6 7 10 14 33 77 2310
3 5 6 7 10 14 33 110 2310
3 5 6 7 10 14 34 51 3570
3 5 6 7 10 14 34 85 3570
3 5 6 7 10 14 34 102 3570
3 5 6 7 10 14 34 119 3570
3 5 6 7 10 14 35 42 210
3 5 6 7 10 14 35 70 210
3 5 6 7 10 14 35 105 210
3 5 6 7 10 14 37 74 7770
3 5 6 7 10 14 37 111 7770
3 5 6 7 10 14 38 57 3990
3 5 6 7 10 14 38 95 3990
3 5 6 7 10 14 38 114 3990
3 5 6 7 10 14 39 65 2730
3 5 6 7 10 14 39 78 2730
3 5 6 7 10 14 39 91 2730
3 5 6 7 10 14 40 56 840
3 5 6 7 10 14 40 120 840
3 5 6 7 10 14 41 82 8610
3 5 6 7 10 14 41 123 8610
3 5 6 7 10 14 42 70 210
3 5 6 7 10 14 42 105 210
3 5 6 7 10 14 43 86 9030
3 5 6 7 10 14 45 63 630
3 5 6 7 10 14 45 90 630
3 5 6 7 10 14 45 126 630
3 5 6 7 10 14 46 69 4830
3 5 6 7 10 14 46 115 4830
3 5 6 7 10 14 47 94 9870
3 5 6 7 10 14 48 80 1680
3 5 6 7 10 14 48 112 1680
3 5 6 7 10 14 49 98 1470
3 5 6 7 10 14 50 75 1050
3 5 6 7 10 14 51 85 3570
3 5 6 7 10 14 51 102 3570
3 5 6 7 10 14 51 119 3570
3 5 6 7 10 14 53 106 11130
3 5 6 7 10 14 55 66 2310
3 5 6 7 10 14 55 77 2310
3 5 6 7 10 14 55 110 2310
3 5 6 7 10 14 56 120 840
3 5 6 7 10 14 57 95 3990
3 5 6 7 10 14 57 114 3990
3 5 6 7 10 14 58 87 6090
3 5 6 7 10 14 59 118 12390
3 5 6 7 10 14 60 84 420
3 5 6 7 10 14 61 122 12810
3 5 6 7 10 14 62 93 6510
3 5 6 7 10 14 63 90 630
3 5 6 7 10 14 63 126 630
3 5 6 7 10 14 65 78 2730
3 5 6 7 10 14 65 91 2730
3 5 6 7 10 14 66 77 2310
3 5 6 7 10 14 66 110 2310
3 5 6 7 10 14 69 115 4830
3 5 6 7 10 14 70 105 210
3 5 6 7 10 14 74 111 7770
3 5 6 7 10 14 77 110 2310
3 5 6 7 10 14 78 91 2730
3 5 6 7 10 14 80 112 1680
3 5 6 7 10 14 82 123 8610
3 5 6 7 10 14 85 102 3570
3 5 6 7 10 14 85 119 3570
3 5 6 7 10 14 90 126 630
3 5 6 7 10 14 95 114 3990
3 5 6 7 10 14 102 119 3570
3 5 6 7 10 15 16 112 1680
3 5 6 7 10 15 17 119 3570
3 5 6 7 10 15 18 63 630
3 5 6 7 10 15 18 126 630
3 5 6 7 10 15 20 28 420
3 5 6 7 10 15 20 84 420
3 5 6 7 10 15 21 30 210
3 5 6 7 10 15 21 35 210
3 5 6 7 10 15 21 42 210
3 5 6 7 10 15 21 70 210
3 5 6 7 10 15 21 105 210
3 5 6 7 10 15 22 77 2310
3 5 6 7 10 15 24 56 840
3 5 6 7 10 15 26 91 2730
3 5 6 7 10 15 28 60 420
3 5 6 7 10 15 28 84 420
3 5 6 7 10 15 30 35 210
3 5 6 7 10 15 30 42 210
3 5 6 7 10 15 30 70 210
3 5 6 7 10 15 30 105 210
3 5 6 7 10 15 33 77 2310
3 5 6 7 10 15 34 119 3570
3 5 6 7 10 15 35 42 210
3 5 6 7 10 15 35 70 210
3 5 6 7 10 15 35 105 210
3 5 6 7 10 15 39 91 2730
3 5 6 7 10 15 40 56 840
3 5 6 7 10 15 42 70 210
3 5 6 7 10 15 42 105 210
3 5 6 7 10 15 45 63 630
3 5 6 7 10 15 45 126 630
3 5 6 7 10 15 48 112 1680
3 5 6 7 10 15 49 98 1470
3 5 6 7 10 15 51 119 3570
3 5 6 7 10 15 55 77 2310
3 5 6 7 10 15 56 120 840
3 5 6 7 10 15 60 84 420
3 5 6 7 10 15 63 90 630
3 5 6 7 10 15 63 126 630
3 5 6 7 10 15 65 91 2730
3 5 6 7 10 15 66 77 2310
3 5 6 7 10 15 70 105 210
3 5 6 7 10 15 77 110 2310
3 5 6 7 10 15 78 91 2730
3 5 6 7 10 15 80 112 1680
3 5 6 7 10 15 85 119 3570
3 5 6 7 10 15 90 126 630
3 5 6 7 10 15 102 119 3570
3 5 6 7 10 16 20 112 1680
3 5 6 7 10 16 21 48 1680
3 5 6 7 10 16 21 80 1680
3 5 6 7 10 16 21 112 1680
3 5 6 7 10 16 24 112 1680
3 5 6 7 10 16 28 48 1680
3 5 6 7 10 16 28 80 1680
3 5 6 7 10 16 28 112 1680
3 5 6 7 10 16 30 112 1680
3 5 6 7 10 16 35 48 1680
3 5 6 7 10 16 35 80 1680
3 5 6 7 10 16 35 112 1680
3 5 6 7 10 16 40 112 1680
3 5 6 7 10 16 42 48 1680
3 5 6 7 10 16 42 80 1680
3 5 6 7 10 16 42 112 1680
3 5 6 7 10 16 48 56 1680
3 5 6 7 10 16 48 70 1680
3 5 6 7 10 16 48 84 1680
3 5 6 7 10 16 48 105 1680
3 5 6 7 10 16 48 112 1680
3 5 6 7 10 16 56 80 1680
3 5 6 7 10 16 56 112 1680
3 5 6 7 10 16 60 112 1680
3 5 6 7 10 16 70 80 1680
3 5 6 7 10 16 70 112 1680
3 5 6 7 10 16 80 84 1680
3 5 6 7 10 16 80 105 1680
3 5 6 7 10 16 80 112 1680
3 5 6 7 10 16 84 112 1680
3 5 6 7 10 16 105 112 1680
3 5 6 7 10 16 112 120 1680
3 5 6 7 10 17 21 34 3570
3 5 6 7 10 17 21 51 3570
3 5 6 7 10 17 21 85 3570
3 5 6 7 10 17 21 102 3570
3 5 6 7 10 17 21 119 3570
3 5 6 7 10 17 28 68 7140
3 5 6 7 10 17 30 119 3570
3 5 6 7 10 17 34 35 3570
3 5 6 7 10 17 34 42 3570
3 5 6 7 10 17 34 70 3570
3 5 6 7 10 17 34 105 3570
3 5 6 7 10 17 34 119 3570
3 5 6 7 10 17 35 51 3570
3 5 6 7 10 17 35 85 3570
3 5 6 7 10 17 35 102 3570
3 5 6 7 10 17 35 119 3570
3 5 6 7 10 17 42 51 3570
3 5 6 7 10 17 42 85 3570
3 5 6 7 10 17 42 102 3570
3 5 6 7 10 17 42 119 3570
3 5 6 7 10 17 51 70 3570
3 5 6 7 10 17 51 105 3570
3 5 6 7 10 17 51 119 3570
3 5 6 7 10 17 68 84 7140
3 5 6 7 10 17 70 85 3570
3 5 6 7 10 17 70 102 3570
3 5 6 7 10 17 70 119 3570
3 5 6 7 10 17 85 105 3570
3 5 6 7 10 17 85 119 3570
3 5 6 7 10 17 102 105 3570
3 5 6 7 10 17 102 119 3570
3 5 6 7 10 17 105 119 3570
3 5 6 7 10 18 21 45 630
3 5 6 7 10 18 21 63 630
3 5 6 7 10 18 21 90 630
3 5 6 7 10 18 21 126 630
3 5 6 7 10 18 28 36 1260
3 5 6 7 10 18 30 63 630
3 5 6 7 10 18 30 126 630
3 5 6 7 10 18 35 45 630
3 5 6 7 10 18 35 63 630
3 5 6 7 10 18 35 90 630
3 5 6 7 10 18 35 126 630
3 5 6 7 10 18 36 84 1260
3 5 6 7 10 18 42 45 630
3 5 6 7 10 18 42 63 630
3 5 6 7 10 18 42 90 630
3 5 6 7 10 18 42 126 630
3 5 6 7 10 18 45 63 630
3 5 6 7 10 18 45 70 630
3 5 6 7 10 18 45 105 630
3 5 6 7 10 18 45 126 630
3 5 6 7 10 18 56 72 2520
3 5 6 7 10 18 63 70 630
3 5 6 7 10 18 63 90 630
3 5 6 7 10 18 63 105 630
3 5 6 7 10 18 63 126 630
3 5 6 7 10 18 70 90 630
3 5 6 7 10 18 70 126 630
3 5 6 7 10 18 77 99 6930
3 5 6 7 10 18 90 105 630
3 5 6 7 10 18 90 126 630
3 5 6 7 10 18 91 117 8190
3 5 6 7 10 18 105 126 630
3 5 6 7 10 19 21 38 3990
3 5 6 7 10 19 21 57 3990
3 5 6 7 10 19 21 95 3990
3 5 6 7 10 19 21 114 3990
3 5 6 7 10 19 28 76 7980
3 5 6 7 10 19 35 38 3990
3 5 6 7 10 19 35 57 3990
3 5 6 7 10 19 35 95 3990
3 5 6 7 10 19 35 114 3990
3 5 6 7 10 19 38 42 3990
3 5 6 7 10 19 38 70 3990
3 5 6 7 10 19 38 105 3990
3 5 6 7 10 19 42 57 3990
3 5 6 7 10 19 42 95 3990
3 5 6 7 10 19 42 114 3990
3 5 6 7 10 19 57 70 3990
3 5 6 7 10 19 57 105 3990
3 5 6 7 10 19 70 95 3990
3 5 6 7 10 19 70 114 3990
3 5 6 7 10 19 76 84 7980
3 5 6 7 10 19 95 105 3990
3 5 6 7 10 19 105 114 3990
3 5 6 7 10 20 21 28 420
3 5 6 7 10 20 21 60 420
3 5 6 7 10 20 21 84 420
3 5 6 7 10 20 24 56 840
3 5 6 7 10 20 28 30 420
3 5 6 7 10 20 28 35 420
3 5 6 7 10 20 28 42 420
3 5 6 7 10 20 28 60 420
3 5 6 7 10 20 28 70 420
3 5 6 7 10 20 28 84 420
3 5 6 7 10 20 28 105 420
3 5 6 7 10 20 30 84 420
3 5 6 7 10 20 35 60 420
3 5 6 7 10 20 35 84 420
3 5 6 7 10 20 36 63 1260
3 5 6 7 10 20 36 126 1260
3 5 6 7 10 20 40 56 840
3 5 6 7 10 20 42 60 420
3 5 6 7 10 20 42 84 420
3 5 6 7 10 20 44 77 4620
3 5 6 7 10 20 48 112 1680
3 5 6 7 10 20 52 91 5460
3 5 6 7 10 20 56 120 840
3 5 6 7 10 20 60 70 420
3 5 6 7 10 20 60 84 420
3 5 6 7 10 20 60 105 420
3 5 6 7 10 20 68 119 7140
3 5 6 7 10 20 70 84 420
3 5 6 7 10 20 80 112 1680
3 5 6 7 10 20 84 105 420
3 5 6 7 10 21 22 33 2310
3 5 6 7 10 21 22 55 2310
3 5 6 7 10 21 22 66 2310
3 5 6 7 10 21 22 77 2310
3 5 6 7 10 21 22 110 2310
3 5 6 7 10 21 23 46 4830
3 5 6 7 10 21 23 69 4830
3 5 6 7 10 21 23 115 4830
3 5 6 7 10 21 24 40 840
3 5 6 7 10 21 24 56 840
3 5 6 7 10 21 24 120 840
3 5 6 7 10 21 25 50 1050
3 5 6 7 10 21 25 75 1050
3 5 6 7 10 21 26 39 2730
3 5 6 7 10 21 26 65 2730
3 5 6 7 10 21 26 78 2730
3 5 6 7 10 21 26 91 2730
3 5 6 7 10 21 27 54 1890
3 5 6 7 10 21 28 60 420
3 5 6 7 10 21 28 84 420
3 5 6 7 10 21 29 58 6090
3 5 6 7 10 21 29 87 6090
3 5 6 7 10 21 30 35 210
3 5 6 7 10 21 30 42 210
3 5 6 7 10 21 30 70 210
3 5 6 7 10 21 30 105 210
3 5 6 7 10 21 31 62 6510
3 5 6 7 10 21 31 93 6510
3 5 6 7 10 21 32 96 3360
3 5 6 7 10 21 33 55 2310
3 5 6 7 10 21 33 66 2310
3 5 6 7 10 21 33 77 2310
3 5 6 7 10 21 33 110 2310
3 5 6 7 10 21 34 51 3570
3 5 6 7 10 21 34 85 3570
3 5 6 7 10 21 34 102 3570
3 5 6 7 10 21 34 119 3570
3 5 6 7 10 21 35 42 210
3 5 6 7 10 21 35 70 210
3 5 6 7 10 21 35 105 210
3 5 6 7 10 21 37 74 7770
3 5 6 7 10 21 37 111 7770
3 5 6 7 10 21 38 57 3990
3 5 6 7 10 21 38 95 3990
3 5 6 7 10 21 38 114 3990
3 5 6 7 10 21 39 65 2730
3 5 6 7 10 21 39 78 2730
3 5 6 7 10 21 39 91 2730
3 5 6 7 10 21 40 56 840
3 5 6 7 10 21 40 120 840
3 5 6 7 10 21 41 82 8610
3 5 6 7 10 21 41 123 8610
3 5 6 7 10 21 42 70 210
3 5 6 7 10 21 42 105 210
3 5 6 7 10 21 43 86 9030
3 5 6 7 10 21 45 63 630
3 5 6 7 10 21 45 90 630
3 5 6 7 10 21 45 126 630
3 5 6 7 10 21 46 69 4830
3 5 6 7 10 21 46 115 4830
3 5 6 7 10 21 47 94 9870
3 5 6 7 10 21 48 80 1680
3 5 6 7 10 21 48 112 1680
3 5 6 7 10 21 49 98 1470
3 5 6 7 10 21 50 75 1050
3 5 6 7 10 21 51 85 3570
3 5 6 7 10 21 51 102 3570
3 5 6 7 10 21 51 119 3570
3 5 6 7 10 21 53 106 11130
3 5 6 7 10 21 55 66 2310
3 5 6 7 10 21 55 77 2310
3 5 6 7 10 21 55 110 2310
3 5 6 7 10 21 56 120 840
3 5 6 7 10 21 57 95 3990
3 5 6 7 10 21 57 114 3990
3 5 6 7 10 21 58 87 6090
3 5 6 7 10 21 59 118 12390
3 5 6 7 10 21 60 84 420
3 5 6 7 10 21 61 122 12810
3 5 6 7 10 21 62 93 6510
3 5 6 7 10 21 63 90 630
3 5 6 7 10 21 63 126 630
3 5 6 7 10 21 65 78 2730
3 5 6 7 10 21 65 91 2730
3 5 6 7 10 21 66 77 2310
3 5 6 7 10 21 66 110 2310
3 5 6 7 10 21 69 115 4830
3 5 6 7 10 21 70 105 210
3 5 6 7 10 21 74 111 7770
3 5 6 7 10 21 77 110 2310
3 5 6 7 10 21 78 91 2730
3 5 6 7 10 21 80 112 1680
3 5 6 7 10 21 82 123 8610
3 5 6 7 10 21 85 102 3570
3 5 6 7 10 21 85 119 3570
3 5 6 7 10 21 90 126 630
3 5 6 7 10 21 95 114 3990
3 5 6 7 10 21 102 119 3570
3 5 6 7 10 22 28 44 4620
3 5 6 7 10 22 30 77 2310
3 5 6 7 10 22 33 35 2310
3 5 6 7 10 22 33 42 2310
3 5 6 7 10 22 33 70 2310
3 5 6 7 10 22 33 77 2310
3 5 6 7 10 22 33 105 2310
3 5 6 7 10 22 35 55 2310
3 5 6 7 10 22 35 66 2310
3 5 6 7 10 22 35 77 2310
3 5 6 7 10 22 35 110 2310
3 5 6 7 10 22 42 55 2310
3 5 6 7 10 22 42 66 2310
3 5 6 7 10 22 42 77 2310
3 5 6 7 10 22 42 110 2310
3 5 6 7 10 22 44 84 4620
3 5 6 7 10 22 55 70 2310
3 5 6 7 10 22 55 77 2310
3 5 6 7 10 22 55 105 2310
3 5 6 7 10 22 56 88 9240
3 5 6 7 10 22 63 99 6930
3 5 6 7 10 22 66 70 2310
3 5 6 7 10 22 66 77 2310
3 5 6 7 10 22 66 105 2310
3 5 6 7 10 22 70 77 2310
3 5 6 7 10 22 70 110 2310
3 5 6 7 10 22 77 105 2310
3 5 6 7 10 22 77 110 2310
3 5 6 7 10 22 99 126 6930
3 5 6 7 10 22 105 110 2310
3 5 6 7 10 23 28 92 9660
3 5 6 7 10 23 35 46 4830
3 5 6 7 10 23 35 69 4830
3 5 6 7 10 23 35 115 4830
3 5 6 7 10 23 42 46 4830
3 5 6 7 10 23 42 69 4830
3 5 6 7 10 23 42 115 4830
3 5 6 7 10 23 46 70 4830
3 5 6 7 10 23 46 105 4830
3 5 6 7 10 23 69 70 4830
3 5 6 7 10 23 69 105 4830
3 5 6 7 10 23 70 115 4830
3 5 6 7 10 23 84 92 9660
3 5 6 7 10 23 105 115 4830
3 5 6 7 10 24 28 40 840
3 5 6 7 10 24 28 56 840
3 5 6 7 10 24 28 120 840
3 5 6 7 10 24 30 56 840
3 5 6 7 10 24 35 40 840
3 5 6 7 10 24 35 56 840
3 5 6 7 10 24 35 120 840
3 5 6 7 10 24 40 42 840
3 5 6 7 10 24 40 56 840
3 5 6 7 10 24 40 70 840
3 5 6 7 10 24 40 84 840
3 5 6 7 10 24 40 105 840
3 5 6 7 10 24 42 56 840
3 5 6 7 10 24 42 120 840
3 5 6 7 10 24 48 112 1680
3 5 6 7 10 24 56 60 840
3 5 6 7 10 24 56 70 840
3 5 6 7 10 24 56 84 840
3 5 6 7 10 24 56 105 840
3 5 6 7 10 24 56 120 840
3 5 6 7 10 24 63 72 2520
3 5 6 7 10 24 70 120 840
3 5 6 7 10 24 72 126 2520
3 5 6 7 10 24 77 88 9240
3 5 6 7 10 24 80 112 1680
3 5 6 7 10 24 84 120 840
3 5 6 7 10 24 91 104 10920
3 5 6 7 10 24 105 120 840
3 5 6 7 10 25 28 100 2100
3 5 6 7 10 25 35 50 1050
3 5 6 7 10 25 35 75 1050
3 5 6 7 10 25 42 50 1050
3 5 6 7 10 25 42 75 1050
3 5 6 7 10 25 50 70 1050
3 5 6 7 10 25 50 105 1050
3 5 6 7 10 25 70 75 1050
3 5 6 7 10 25 75 105 1050
3 5 6 7 10 25 84 100 2100
3 5 6 7 10 26 28 52 5460
3 5 6 7 10 26 30 91 2730
3 5 6 7 10 26 35 39 2730
3 5 6 7 10 26 35 65 2730
3 5 6 7 10 26 35 78 2730
3 5 6 7 10 26 35 91 2730
3 5 6 7 10 26 39 42 2730
3 5 6 7 10 26 39 70 2730
3 5 6 7 10 26 39 91 2730
3 5 6 7 10 26 39 105 2730
3 5 6 7 10 26 42 65 2730
3 5 6 7 10 26 42 78 2730
3 5 6 7 10 26 42 91 2730
3 5 6 7 10 26 52 84 5460
3 5 6 7 10 26 56 104 10920
3 5 6 7 10 26 63 117 8190
3 5 6 7 10 26 65 70 2730
3 5 6 7 10 26 65 91 2730
3 5 6 7 10 26 65 105 2730
3 5 6 7 10 26 70 78 2730
3 5 6 7 10 26 70 91 2730
3 5 6 7 10 26 78 91 2730
3 5 6 7 10 26 78 105 2730
3 5 6 7 10 26 91 105 2730
3 5 6 7 10 27 28 108 3780
3 5 6 7 10 27 35 54 1890
3 5 6 7 10 27 42 54 1890
3 5 6 7 10 27 54 63 1890
3 5 6 7 10 27 54 70 1890
3 5 6 7 10 27 54 105 1890
3 5 6 7 10 27 54 126 1890
3 5 6 7 10 27 84 108 3780
3 5 6 7 10 28 29 116 12180
3 5 6 7 10 28 30 60 420
3 5 6 7 10 28 30 84 420
3 5 6 7 10 28 31 124 13020
3 5 6 7 10 28 32 96 3360
3 5 6 7 10 28 33 44 4620
3 5 6 7 10 28 34 68 7140
3 5 6 7 10 28 35 60 420
3 5 6 7 10 28 35 84 420
3 5 6 7 10 28 36 45 1260
3 5 6 7 10 28 36 63 1260
3 5 6 7 10 28 36 90 1260
3 5 6 7 10 28 36 126 1260
3 5 6 7 10 28 38 76 7980
3 5 6 7 10 28 39 52 5460
3 5 6 7 10 28 40 56 840
3 5 6 7 10 28 40 120 840
3 5 6 7 10 28 42 60 420
3 5 6 7 10 28 42 84 420
3 5 6 7 10 28 44 55 4620
3 5 6 7 10 28 44 66 4620
3 5 6 7 10 28 44 77 4620
3 5 6 7 10 28 44 110 4620
3 5 6 7 10 28 46 92 9660
3 5 6 7 10 28 48 80 1680
3 5 6 7 10 28 48 112 1680
3 5 6 7 10 28 50 100 2100
3 5 6 7 10 28 51 68 7140
3 5 6 7 10 28 52 65 5460
3 5 6 7 10 28 52 78 5460
3 5 6 7 10 28 52 91 5460
3 5 6 7 10 28 54 108 3780
3 5 6 7 10 28 56 120 840
3 5 6 7 10 28 57 76 7980
3 5 6 7 10 28 58 116 12180
3 5 6 7 10 28 60 70 420
3 5 6 7 10 28 60 84 420
3 5 6 7 10 28 60 105 420
3 5 6 7 10 28 62 124 13020
3 5 6 7 10 28 68 85 7140
3 5 6 7 10 28 68 102 7140
3 5 6 7 10 28 68 119 7140
3 5 6 7 10 28 69 92 9660
3 5 6 7 10 28 70 84 420
3 5 6 7 10 28 75 100 2100
3 5 6 7 10 28 76 95 7980
3 5 6 7 10 28 76 114 7980
3 5 6 7 10 29 35 58 6090
3 5 6 7 10 29 35 87 6090
3 5 6 7 10 29 42 58 6090
3 5 6 7 10 29 42 87 6090
3 5 6 7 10 29 58 70 6090
3 5 6 7 10 29 58 105 6090
3 5 6 7 10 29 70 87 6090
3 5 6 7 10 30 33 77 2310
3 5 6 7 10 30 34 119 3570
3 5 6 7 10 30 35 42 210
3 5 6 7 10 30 35 70 210
3 5 6 7 10 30 35 105 210
3 5 6 7 10 30 39 91 2730
3 5 6 7 10 30 40 56 840
3 5 6 7 10 30 42 70 210
3 5 6 7 10 30 42 105 210
3 5 6 7 10 30 45 63 630
3 5 6 7 10 30 45 126 630
3 5 6 7 10 30 48 112 1680
3 5 6 7 10 30 49 98 1470
3 5 6 7 10 30 51 119 3570
3 5 6 7 10 30 55 77 2310
3 5 6 7 10 30 56 120 840
3 5 6 7 10 30 60 84 420
3 5 6 7 10 30 63 90 630
3 5 6 7 10 30 65 91 2730
3 5 6 7 10 30 66 77 2310
3 5 6 7 10 31 35 62 6510
3 5 6 7 10 31 35 93 6510
3 5 6 7 10 31 42 62 6510
3 5 6 7 10 31 42 93 6510
3 5 6 7 10 31 62 70 6510
3 5 6 7 10 31 62 105 6510
3 5 6 7 10 31 70 93 6510
3 5 6 7 10 32 35 96 3360
3 5 6 7 10 32 42 96 3360
3 5 6 7 10 32 56 96 3360
3 5 6 7 10 33 35 55 2310
3 5 6 7 10 33 35 66 2310
3 5 6 7 10 33 35 77 2310
3 5 6 7 10 33 35 110 2310
3 5 6 7 10 33 42 55 2310
3 5 6 7 10 33 42 66 2310
3 5 6 7 10 33 42 77 2310
3 5 6 7 10 33 42 110 2310
3 5 6 7 10 33 44 84 4620
3 5 6 7 10 33 55 70 2310
3 5 6 7 10 33 55 77 2310
3 5 6 7 10 33 55 105 2310
3 5 6 7 10 33 56 88 9240
3 5 6 7 10 33 66 70 2310
3 5 6 7 10 33 66 77 2310
3 5 6 7 10 33 70 77 2310
3 5 6 7 10 34 35 51 3570
3 5 6 7 10 34 35 85 3570
3 5 6 7 10 34 35 102 3570
3 5 6 7 10 34 35 119 3570
3 5 6 7 10 34 42 51 3570
3 5 6 7 10 34 42 85 3570
3 5 6 7 10 34 42 102 3570
3 5 6 7 10 34 42 119 3570
3 5 6 7 10 34 51 70 3570
3 5 6 7 10 34 51 105 3570
3 5 6 7 10 34 51 119 3570
3 5 6 7 10 35 37 74 7770
3 5 6 7 10 35 37 111 7770
3 5 6 7 10 35 38 57 3990
3 5 6 7 10 35 38 95 3990
3 5 6 7 10 35 38 114 3990
3 5 6 7 10 35 39 65 2730
3 5 6 7 10 35 39 78 2730
3 5 6 7 10 35 39 91 2730
3 5 6 7 10 35 40 56 840
3 5 6 7 10 35 40 120 840
3 5 6 7 10 35 41 82 8610
3 5 6 7 10 35 41 123 8610
3 5 6 7 10 35 42 70 210
3 5 6 7 10 35 42 105 210
3 5 6 7 10 35 43 86 9030
3 5 6 7 10 35 45 63 630
3 5 6 7 10 35 45 90 630
3 5 6 7 10 35 45 126 630
3 5 6 7 10 35 46 69 4830
3 5 6 7 10 35 46 115 4830
3 5 6 7 10 35 47 94 9870
3 5 6 7 10 35 48 80 1680
3 5 6 7 10 35 48 112 1680
3 5 6 7 10 35 49 98 1470
3 5 6 7 10 35 50 75 1050
3 5 6 7 10 35 51 85 3570
3 5 6 7 10 35 51 102 3570
3 5 6 7 10 35 55 66 2310
3 5 6 7 10 35 55 77 2310
3 5 6 7 10 35 58 87 6090
3 5 6 7 10 36 45 84 1260
3 5 6 7 10 36 56 72 2520
3 5 6 7 10 36 60 63 1260
3 5 6 7 10 37 42 74 7770
3 5 6 7 10 37 42 111 7770
3 5 6 7 10 38 42 57 3990
3 5 6 7 10 38 42 95 3990
3 5 6 7 10 38 42 114 3990
3 5 6 7 10 38 57 70 3990
3 5 6 7 10 39 42 65 2730
3 5 6 7 10 39 42 78 2730
3 5 6 7 10 39 42 91 2730
3 5 6 7 10 40 42 56 840
3 5 6 7 10 40 56 60 840
3 5 6 7 10 41 42 82 8610
3 5 6 7 10 42 43 86 9030
3 5 6 7 10 42 45 63 630
3 5 6 7 10 42 46 69 4830
3 5 6 7 11 12 20 77 4620
3 5 6 7 11 12 28 55 4620
3 5 6 7 11 12 28 110 4620
3 5 6 7 11 12 35 44 4620
3 5 6 7 11 12 44 70 4620
3 5 6 7 11 12 44 105 4620
3 5 6 7 11 12 55 84 4620
3 5 6 7 11 12 60 77 4620
3 5 6 7 11 12 84 110 4620
3 5 6 7 11 13 91 110 30030
3 5 6 7 11 14 15 22 2310
3 5 6 7 11 14 15 33 2310
3 5 6 7 11 14 15 55 2310
3 5 6 7 11 14 15 66 2310
3 5 6 7 11 14 15 77 2310
3 5 6 7 11 14 15 110 2310
3 5 6 7 11 14 20 44 4620
3 5 6 7 11 14 21 55 2310
3 5 6 7 11 14 21 110 2310
3 5 6 7 11 14 22 30 2310
3 5 6 7 11 14 22 35 2310
3 5 6 7 11 14 22 55 2310
3 5 6 7 11 14 22 70 2310
3 5 6 7 11 14 22 105 2310
3 5 6 7 11 14 22 110 2310
3 5 6 7 11 14 30 33 2310
3 5 6 7 11 14 30 55 2310
3 5 6 7 11 14 30 66 2310
3 5 6 7 11 14 30 77 2310
3 5 6 7 11 14 30 110 2310
3 5 6 7 11 14 33 35 2310
3 5 6 7 11 14 33 55 2310
3 5 6 7 11 14 33 70 2310
3 5 6 7 11 14 33 105 2310
3 5 6 7 11 14 33 110 2310
3 5 6 7 11 14 35 55 2310
3 5 6 7 11 14 35 66 2310
3 5 6 7 11 14 35 77 2310
3 5 6 7 11 14 35 110 2310
3 5 6 7 11 14 40 88 9240
3 5 6 7 11 14 42 55 2310
3 5 6 7 11 14 42 110 2310
3 5 6 7 11 14 44 60 4620
3 5 6 7 11 14 45 99 6930
3 5 6 7 11 14 55 66 2310
3 5 6 7 11 14 55 70 2310
3 5 6 7 11 14 55 77 2310
3 5 6 7 11 14 55 105 2310
3 5 6 7 11 14 55 110 2310
3 5 6 7 11 14 66 70 2310
3 5 6 7 11 14 66 105 2310
3 5 6 7 11 14 66 110 2310
3 5 6 7 11 14 70 77 2310
3 5 6 7 11 14 70 110 2310
3 5 6 7 11 14 77 105 2310
3 5 6 7 11 14 77 110 2310
3 5 6 7 11 14 88 120 9240
3 5 6 7 11 14 90 99 6930
3 5 6 7 11 14 105 110 2310
3 5 6 7 11 15 21 22 2310
3 5 6 7 11 15 21 66 2310
3 5 6 7 11 15 21 110 2310
3 5 6 7 11 15 22 35 2310
3 5 6 7 11 15 22 42 2310
3 5 6 7 11 15 22 70 2310
3 5 6 7 11 15 22 77 2310
3 5 6 7 11 15 22 105 2310
3 5 6 7 11 15 28 44 4620
3 5 6 7 11 15 30 77 2310
3 5 6 7 11 15 33 42 2310
3 5 6 7 11 15 33 70 2310
3 5 6 7 11 15 35 66 2310
3 5 6 7 11 15 35 110 2310
3 5 6 7 11 15 42 55 2310
3 5 6 7 11 15 42 66 2310
3 5 6 7 11 15 42 77 2310
3 5 6 7 11 15 42 110 2310
3 5 6 7 11 15 44 84 4620
3 5 6 7 11 15 55 70 2310
3 5 6 7 11 15 56 88 9240
3 5 6 7 11 15 66 70 2310
3 5 6 7 11 15 66 77 2310
3 5 6 7 11 15 66 105 2310
3 5 6 7 11 15 70 77 2310
3 5 6 7 11 15 70 110 2310
3 5 6 7 11 15 77 110 2310
3 5 6 7 11 15 99 126 6930
3 5 6 7 11 15 105 110 2310
3 5 6 7 11 16 55 112 18480
3 5 6 7 11 16 77 80 18480
3 5 6 7 11 16 110 112 18480
3 5 6 7 11 17 110 119 39270
3 5 6 7 11 18 35 99 6930
3 5 6 7 11 18 45 77 6930
3 5 6 7 11 18 55 63 6930
3 5 6 7 11 18 55 126 6930
3 5 6 7 11 18 63 110 6930
3 5 6 7 11 18 70 99 6930
3 5 6 7 11 18 77 90 6930
3 5 6 7 11 18 99 105 6930
3 5 6 7 11 18 110 126 6930
3 5 6 7 11 20 21 44 4620
3 5 6 7 11 20 22 28 4620
3 5 6 7 11 20 22 84 4620
3 5 6 7 11 20 28 33 4620
3 5 6 7 11 20 28 44 4620
3 5 6 7 11 20 28 55 4620
3 5 6 7 11 20 28 66 4620
3 5 6 7 11 20 28 77 4620
3 5 6 7 11 20 28 110 4620
3 5 6 7 11 20 33 84 4620
3 5 6 7 11 20 35 44 4620
3 5 6 7 11 20 42 44 4620
3 5 6 7 11 20 44 70 4620
3 5 6 7 11 20 44 77 4620
3 5 6 7 11 20 44 84 4620
3 5 6 7 11 20 44 105 4620
3 5 6 7 11 20 55 84 4620
3 5 6 7 11 20 56 88 9240
3 5 6 7 11 20 60 77 4620
3 5 6 7 11 20 66 84 4620
3 5 6 7 11 20 77 84 4620
3 5 6 7 11 20 84 110 4620
3 5 6 7 11 21 22 30 2310
3 5 6 7 11 21 22 35 2310
3 5 6 7 11 21 22 55 2310
3 5 6 7 11 21 22 70 2310
3 5 6 7 11 21 22 105 2310
3 5 6 7 11 21 22 110 2310
3 5 6 7 11 21 30 33 2310
3 5 6 7 11 21 30 55 2310
3 5 6 7 11 21 30 66 2310
3 5 6 7 11 21 30 77 2310
3 5 6 7 11 21 30 110 2310
3 5 6 7 11 21 33 70 2310
3 5 6 7 11 21 33 110 2310
3 5 6 7 11 21 35 66 2310
3 5 6 7 11 21 35 110 2310
3 5 6 7 11 21 40 88 9240
3 5 6 7 11 21 42 55 2310
3 5 6 7 11 21 42 110 2310
3 5 6 7 11 21 44 60 4620
3 5 6 7 11 21 55 66 2310
3 5 6 7 11 21 55 70 2310
3 5 6 7 11 21 55 110 2310
3 5 6 7 11 21 66 70 2310
3 5 6 7 11 21 66 105 2310
3 5 6 7 11 21 66 110 2310
3 5 6 7 11 21 70 77 2310
3 5 6 7 11 21 70 110 2310
3 5 6 7 11 21 77 110 2310
3 5 6 7 11 21 88 120 9240
3 5 6 7 11 21 90 99 6930
3 5 6 7 11 22 28 60 4620
3 5 6 7 11 22 30 35 2310
3 5 6 7 11 22 30 42 2310
3 5 6 7 11 22 30 70 2310
3 5 6 7 11 22 30 77 2310
3 5 6 7 11 22 30 105 2310
3 5 6 7 11 22 33 35 2310
3 5 6 7 11 22 33 70 2310
3 5 6 7 11 22 33 105 2310
3 5 6 7 11 22 35 42 2310
3 5 6 7 11 22 35 55 2310
3 5 6 7 11 22 35 66 2310
3 5 6 7 11 22 35 70 2310
3 5 6 7 11 22 35 77 2310
3 5 6 7 11 22 35 105 2310
3 5 6 7 11 22 35 110 2310
3 5 6 7 11 22 40 56 9240
3 5 6 7 11 22 42 55 2310
3 5 6 7 11 22 42 70 2310
3 5 6 7 11 22 42 105 2310
3 5 6 7 11 22 42 110 2310
3 5 6 7 11 22 45 63 6930
3 5 6 7 11 22 45 126 6930
3 5 6 7 11 22 55 70 2310
3 5 6 7 11 22 55 77 2310
3 5 6 7 11 22 55 105 2310
3 5 6 7 11 22 56 120 9240
3 5 6 7 11 22 60 84 4620
3 5 6 7 11 22 63 90 6930
3 5 6 7 11 22 65 91 30030
3 5 6 7 11 22 66 70 2310
3 5 6 7 11 22 66 105 2310
3 5 6 7 11 22 70 77 2310
3 5 6 7 11 22 70 105 2310
3 5 6 7 11 22 70 110 2310
3 5 6 7 11 22 77 105 2310
3 5 6 7 11 22 77 110 2310
3 5 6 7 11 22 80 112 18480
3 5 6 7 11 24 35 88 9240
3 5 6 7 11 24 40 77 9240
3 5 6 7 11 24 55 56 9240
3 5 6 7 11 24 56 110 9240
3 5 6 7 11 24 70 88 9240
3 5 6 7 11 25 50 77 11550
3 5 6 7 11 26 55 91 30030
3 5 6 7 11 26 65 77 30030
3 5 6 7 11 28 30 44 4620
3 5 6 7 11 28 33 60 4620
3 5 6 7 11 28 35 44 4620
3 5 6 7 11 28 40 88 9240
3 5 6 7 11 28 44 55 4620
3 5 6 7 11 28 44 60 4620
3 5 6 7 11 28 44 70 4620
3 5 6 7 11 28 44 105 4620
3 5 6 7 11 28 44 110 4620
3 5 6 7 11 28 55 60 4620
3 5 6 7 11 28 60 66 4620
3 5 6 7 11 30 33 35 2310
3 5 6 7 11 30 33 42 2310
3 5 6 7 11 30 33 70 2310
3 5 6 7 11 30 33 77 2310
3 5 6 7 11 30 33 105 2310
3 5 6 7 11 30 35 55 2310
3 5 6 7 11 30 35 66 2310
3 5 6 7 11 30 35 77 2310
3 5 6 7 11 30 35 110 2310
3 5 6 7 11 30 42 55 2310
3 5 6 7 11 30 42 66 2310
3 5 6 7 11 30 42 77 2310
3 5 6 7 11 30 44 84 4620
3 5 6 7 11 33 35 42 2310
3 5 6 7 11 33 35 66 2310
3 5 6 7 11 33 35 70 2310
3 5 6 7 11 33 35 110 2310
3 5 6 7 11 33 40 56 9240
3 5 6 7 11 33 42 55 2310
3 5 6 7 11 33 42 70 2310
3 5 6 7 11 35 42 55 2310
3 5 6 7 11 35 42 66 2310
3 5 6 7 11 35 44 60 4620
3 5 6 7 12 13 20 91 5460
3 5 6 7 12 13 28 65 5460
3 5 6 7 12 13 35 52 5460
3 5 6 7 12 13 52 70 5460
3 5 6 7 12 13 52 105 5460
3 5 6 7 12 13 60 91 5460
3 5 6 7 12 13 65 84 5460
3 5 6 7 12 14 15 20 420
3 5 6 7 12 14 15 28 420
3 5 6 7 12 14 15 60 420
3 5 6 7 12 14 15 84 420
3 5 6 7 12 14 16 80 1680
3 5 6 7 12 14 20 21 420
3 5 6 7 12 14 20 28 420
3 5 6 7 12 14 20 30 420
3 5 6 7 12 14 20 35 420
3 5 6 7 12 14 20 42 420
3 5 6 7 12 14 20 60 420
3 5 6 7 12 14 20 70 420
3 5 6 7 12 14 20 84 420
3 5 6 7 12 14 20 105 420
3 5 6 7 12 14 21 60 420
3 5 6 7 12 14 24 40 840
3 5 6 7 12 14 24 120 840
3 5 6 7 12 14 25 100 2100
3 5 6 7 12 14 28 30 420
3 5 6 7 12 14 28 35 420
3 5 6 7 12 14 28 60 420
3 5 6 7 12 14 28 70 420
3 5 6 7 12 14 28 105 420
3 5 6 7 12 14 30 60 420
3 5 6 7 12 14 30 84 420
3 5 6 7 12 14 35 60 420
3 5 6 7 12 14 35 84 420
3 5 6 7 12 14 36 45 1260
3 5 6 7 12 14 36 90 1260
3 5 6 7 12 14 40 56 840
3 5 6 7 12 14 40 120 840
3 5 6 7 12 14 42 60 420
3 5 6 7 12 14 44 55 4620
3 5 6 7 12 14 44 110 4620
3 5 6 7 12 14 48 80 1680
3 5 6 7 12 14 50 100 2100
3 5 6 7 12 14 52 65 5460
3 5 6 7 12 14 56 120 840
3 5 6 7 12 14 60 70 420
3 5 6 7 12 14 60 84 420
3 5 6 7 12 14 60 105 420
3 5 6 7 12 14 68 85 7140
3 5 6 7 12 14 70 84 420
3 5 6 7 12 14 75 100 2100
3 5 6 7 12 14 76 95 7980
3 5 6 7 12 14 80 112 1680
3 5 6 7 12 14 84 105 420
3 5 6 7 12 14 92 115 9660
3 5 6 7 12 15 16 112 1680
3 5 6 7 12 15 20 21 420
3 5 6 7 12 15 20 28 420
3 5 6 7 12 15 20 35 420
3 5 6 7 12 15 20 42 420
3 5 6 7 12 15 20 70 420
3 5 6 7 12 15 20 84 420
3 5 6 7 12 15 20 105 420
3 5 6 7 12 15 21 28 420
3 5 6 7 12 15 21 60 420
3 5 6 7 12 15 21 84 420
3 5 6 7 12 15 24 56 840
3 5 6 7 12 15 28 30 420
3 5 6 7 12 15 28 35 420
3 5 6 7 12 15 28 42 420
3 5 6 7 12 15 28 60 420
3 5 6 7 12 15 28 70 420
3 5 6 7 12 15 28 84 420
3 5 6 7 12 15 28 105 420
3 5 6 7 12 15 30 84 420
3 5 6 7 12 15 35 60 420
3 5 6 7 12 15 35 84 420
3 5 6 7 12 15 36 63 1260
3 5 6 7 12 15 36 126 1260
3 5 6 7 12 15 40 56 840
3 5 6 7 12 15 42 60 420
3 5 6 7 12 15 42 84 420
3 5 6 7 12 15 44 77 4620
3 5 6 7 12 15 48 112 1680
3 5 6 7 12 15 52 91 5460
3 5 6 7 12 15 56 120 840
3 5 6 7 12 15 60 70 420
3 5 6 7 12 15 60 84 420
3 5 6 7 12 15 60 105 420
3 5 6 7 12 15 68 119 7140
3 5 6 7 12 15 70 84 420
3 5 6 7 12 15 80 112 1680
3 5 6 7 12 15 84 105 420
3 5 6 7 12 16 20 112 1680
3 5 6 7 12 16 21 80 1680
3 5 6 7 12 16 28 80 1680
3 5 6 7 12 16 30 112 1680
3 5 6 7 12 16 35 48 1680
3 5 6 7 12 16 35 80 1680
3 5 6 7 12 16 35 112 1680
3 5 6 7 12 16 40 112 1680
3 5 6 7 12 16 42 80 1680
3 5 6 7 12 16 48 70 1680
3 5 6 7 12 16 48 105 1680
3 5 6 7 12 16 56 80 1680
3 5 6 7 12 16 60 112 1680
3 5 6 7 12 16 70 80 1680
3 5 6 7 12 16 70 112 1680
3 5 6 7 12 16 80 84 1680
3 5 6 7 12 16 80 105 1680
3 5 6 7 12 16 80 112 1680
3 5 6 7 12 16 105 112 1680
3 5 6 7 12 16 112 120 1680
3 5 6 7 12 17 20 119 7140
3 5 6 7 12 17 28 85 7140
3 5 6 7 12 17 35 68 7140
3 5 6 7 12 17 60 119 7140
3 5 6 7 12 17 68 70 7140
3 5 6 7 12 17 68 105 7140
3 5 6 7 12 17 84 85 7140
3 5 6 7 12 18 20 63 1260
3 5 6 7 12 18 20 126 1260
3 5 6 7 12 18 28 45 1260
3 5 6 7 12 18 28 90 1260
3 5 6 7 12 18 35 36 1260
3 5 6 7 12 18 36 70 1260
3 5 6 7 12 18 36 105 1260
3 5 6 7 12 18 45 84 1260
3 5 6 7 12 18 60 63 1260
3 5 6 7 12 18 60 126 1260
3 5 6 7 12 18 84 90 1260
3 5 6 7 12 19 28 95 7980
3 5 6 7 12 19 35 76 7980
3 5 6 7 12 19 70 76 7980
3 5 6 7 12 19 76 105 7980
3 5 6 7 12 19 84 95 7980
3 5 6 7 12 20 21 28 420
3 5 6 7 12 20 21 30 420
3 5 6 7 12 20 21 35 420
3 5 6 7 12 20 21 42 420
3 5 6 7 12 20 21 60 420
3 5 6 7 12 20 21 70 420
3 5 6 7 12 20 21 84 420
3 5 6 7 12 20 21 105 420
3 5 6 7 12 20 22 77 4620
3 5 6 7 12 20 24 56 840
3 5 6 7 12 20 26 91 5460
3 5 6 7 12 20 28 30 420
3 5 6 7 12 20 28 35 420
3 5 6 7 12 20 28 42 420
3 5 6 7 12 20 28 60 420
3 5 6 7 12 20 28 70 420
3 5 6 7 12 20 28 84 420
3 5 6 7 12 20 28 105 420
3 5 6 7 12 20 30 35 420
3 5 6 7 12 20 30 42 420
3 5 6 7 12 20 30 70 420
3 5 6 7 12 20 30 84 420
3 5 6 7 12 20 30 105 420
3 5 6 7 12 20 33 77 4620
3 5 6 7 12 20 34 119 7140
3 5 6 7 12 20 35 42 420
3 5 6 7 12 20 35 60 420
3 5 6 7 12 20 35 70 420
3 5 6 7 12 20 35 84 420
3 5 6 7 12 20 35 105 420
3 5 6 7 12 20 36 63 1260
3 5 6 7 12 20 36 126 1260
3 5 6 7 12 20 39 91 5460
3 5 6 7 12 20 40 56 840
3 5 6 7 12 20 42 60 420
3 5 6 7 12 20 42 70 420
3 5 6 7 12 20 42 84 420
3 5 6 7 12 20 42 105 420
3 5 6 7 12 20 44 77 4620
3 5 6 7 12 20 45 63 1260
3 5 6 7 12 20 45 126 1260
3 5 6 7 12 20 48 112 1680
3 5 6 7 12 20 49 98 2940
3 5 6 7 12 20 51 119 7140
3 5 6 7 12 20 52 91 5460
3 5 6 7 12 20 55 77 4620
3 5 6 7 12 20 56 120 840
3 5 6 7 12 20 60 70 420
3 5 6 7 12 20 60 84 420
3 5 6 7 12 20 60 105 420
3 5 6 7 12 20 63 90 1260
3 5 6 7 12 20 65 91 5460
3 5 6 7 12 20 66 77 4620
3 5 6 7 12 20 70 84 420
3 5 6 7 12 21 24 40 840
3 5 6 7 12 21 24 120 840
3 5 6 7 12 21 25 100 2100
3 5 6 7 12 21 28 30 420
3 5 6 7 12 21 28 35 420
3 5 6 7 12 21 28 60 420
3 5 6 7 12 21 28 70 420
3 5 6 7 12 21 28 105 420
3 5 6 7 12 21 30 60 420
3 5 6 7 12 21 30 84 420
3 5 6 7 12 21 35 60 420
3 5 6 7 12 21 35 84 420
3 5 6 7 12 21 36 45 1260
3 5 6 7 12 21 36 90 1260
3 5 6 7 12 21 40 56 840
3 5 6 7 12 21 40 120 840
3 5 6 7 12 21 42 60 420
3 5 6 7 12 21 44 55 4620
3 5 6 7 12 21 44 110 4620
3 5 6 7 12 21 48 80 1680
3 5 6 7 12 21 50 100 2100
3 5 6 7 12 21 52 65 5460
3 5 6 7 12 21 60 70 420
3 5 6 7 12 21 60 84 420
3 5 6 7 12 21 68 85 7140
3 5 6 7 12 22 28 55 4620
3 5 6 7 12 22 28 110 4620
3 5 6 7 12 22 35 44 4620
3 5 6 7 12 22 44 70 4620
3 5 6 7 12 22 44 105 4620
3 5 6 7 12 22 55 84 4620
3 5 6 7 12 22 60 77 4620
3 5 6 7 12 23 28 115 9660
3 5 6 7 12 23 35 92 9660
3 5 6 7 12 24 28 40 840
3 5 6 7 12 24 28 120 840
3 5 6 7 12 24 30 56 840
3 5 6 7 12 24 35 40 840
3 5 6 7 12 24 35 56 840
3 5 6 7 12 24 35 120 840
3 5 6 7 12 24 40 42 840
3 5 6 7 12 24 40 56 840
3 5 6 7 12 24 40 70 840
3 5 6 7 12 24 40 84 840
3 5 6 7 12 24 40 105 840
3 5 6 7 12 24 56 60 840
3 5 6 7 12 25 28 50 2100
3 5 6 7 12 25 28 75 2100
3 5 6 7 12 25 28 100 2100
3 5 6 7 12 25 35 100 2100
3 5 6 7 12 26 28 65 5460
3 5 6 7 12 26 35 52 5460
3 5 6 7 12 27 35 108 3780
3 5 6 7 12 28 30 35 420
3 5 6 7 12 28 30 42 420
3 5 6 7 12 28 30 60 420
3 5 6 7 12 28 30 70 420
3 5 6 7 12 28 30 84 420
3 5 6 7 12 28 30 105 420
3 5 6 7 12 28 33 55 4620
3 5 6 7 12 28 33 110 4620
3 5 6 7 12 28 34 85 7140
3 5 6 7 12 28 35 42 420
3 5 6 7 12 28 35 60 420
3 5 6 7 12 28 35 70 420
3 5 6 7 12 28 35 84 420
3 5 6 7 12 28 36 45 1260
3 5 6 7 12 28 36 90 1260
3 5 6 7 12 28 39 65 5460
3 5 6 7 12 28 40 56 840
3 5 6 7 12 28 42 60 420
3 5 6 7 12 28 44 55 4620
3 5 6 7 12 30 35 60 420
3 5 6 7 12 30 36 63 1260
3 5 6 7 12 30 40 56 840
3 5 6 7 12 33 35 44 4620
3 5 6 7 12 35 36 45 1260
3 5 6 7 13 14 15 26 2730
3 5 6 7 13 14 15 39 2730
3 5 6 7 13 14 15 65 2730
3 5 6 7 13 14 15 78 2730
3 5 6 7 13 14 15 91 2730
3 5 6 7 13 14 20 52 5460
3 5 6 7 13 14 21 65 2730
3 5 6 7 13 14 26 30 2730
3 5 6 7 13 14 26 35 2730
3 5 6 7 13 14 26 65 2730
3 5 6 7 13 14 26 70 2730
3 5 6 7 13 14 26 105 2730
3 5 6 7 13 14 30 39 2730
3 5 6 7 13 14 30 65 2730
3 5 6 7 13 14 30 78 2730
3 5 6 7 13 14 30 91 2730
3 5 6 7 13 14 35 39 2730
3 5 6 7 13 14 35 65 2730
3 5 6 7 13 14 35 78 2730
3 5 6 7 13 14 35 91 2730
3 5 6 7 13 14 39 65 2730
3 5 6 7 13 14 39 70 2730
3 5 6 7 13 14 39 105 2730
3 5 6 7 13 14 40 104 10920
3 5 6 7 13 14 42 65 2730
3 5 6 7 13 14 45 117 8190
3 5 6 7 13 14 52 60 5460
3 5 6 7 13 14 65 70 2730
3 5 6 7 13 14 65 78 2730
3 5 6 7 13 14 65 91 2730
3 5 6 7 13 14 65 105 2730
3 5 6 7 13 14 70 78 2730
3 5 6 7 13 14 70 91 2730
3 5 6 7 13 14 78 105 2730
3 5 6 7 13 14 90 117 8190
3 5 6 7 13 14 91 105 2730
3 5 6 7 13 14 104 120 10920
3 5 6 7 13 15 21 26 2730
3 5 6 7 13 15 21 78 2730
3 5 6 7 13 15 26 35 2730
3 5 6 7 13 15 26 42 2730
3 5 6 7 13 15 26 70 2730
3 5 6 7 13 15 26 91 2730
3 5 6 7 13 15 26 105 2730
3 5 6 7 13 15 28 52 5460
3 5 6 7 13 15 30 91 2730
3 5 6 7 13 15 35 78 2730
3 5 6 7 13 15 39 42 2730
3 5 6 7 13 15 39 70 2730
3 5 6 7 13 15 42 65 2730
3 5 6 7 13 15 42 78 2730
3 5 6 7 13 15 42 91 2730
3 5 6 7 13 15 52 84 5460
3 5 6 7 13 15 56 104 10920
3 5 6 7 13 15 65 70 2730
3 5 6 7 13 15 70 78 2730
3 5 6 7 13 15 70 91 2730
3 5 6 7 13 15 78 91 2730
3 5 6 7 13 15 78 105 2730
3 5 6 7 13 15 117 126 8190
3 5 6 7 13 16 65 112 21840
3 5 6 7 13 16 80 91 21840
3 5 6 7 13 18 35 117 8190
3 5 6 7 13 18 45 91 8190
3 5 6 7 13 18 63 65 8190
3 5 6 7 13 20 21 52 5460
3 5 6 7 13 20 26 28 5460
3 5 6 7 13 20 26 84 5460
3 5 6 7 13 20 28 39 5460
3 5 6 7 13 20 28 52 5460
3 5 6 7 13 20 28 65 5460
3 5 6 7 13 20 28 78 5460
3 5 6 7 13 20 28 91 5460
3 5 6 7 13 20 35 52 5460
3 5 6 7 13 20 39 84 5460
3 5 6 7 13 20 42 52 5460
3 5 6 7 13 20 52 70 5460
3 5 6 7 13 20 52 84 5460
3 5 6 7 13 21 26 30 2730
3 5 6 7 13 21 26 35 2730
3 5 6 7 13 21 26 65 2730
3 5 6 7 13 21 26 70 2730
3 5 6 7 13 21 26 105 2730
3 5 6 7 13 21 30 39 2730
3 5 6 7 13 21 30 65 2730
3 5 6 7 13 21 30 78 2730
3 5 6 7 13 21 30 91 2730
3 5 6 7 13 21 35 78 2730
3 5 6 7 13 21 39 70 2730
3 5 6 7 13 21 40 104 10920
3 5 6 7 13 21 42 65 2730
3 5 6 7 13 21 52 60 5460
3 5 6 7 13 26 28 60 5460
3 5 6 7 13 26 30 35 2730
3 5 6 7 13 26 30 42 2730
3 5 6 7 13 26 30 70 2730
3 5 6 7 13 26 30 91 2730
3 5 6 7 13 26 30 105 2730
3 5 6 7 13 26 35 39 2730
3 5 6 7 13 26 35 42 2730
3 5 6 7 13 26 35 65 2730
3 5 6 7 13 26 35 70 2730
3 5 6 7 13 26 40 56 10920
3 5 6 7 13 28 30 52 5460
3 5 6 7 13 28 35 52 5460
3 5 6 7 13 30 35 39 2730
3 5 6 7 13 30 39 42 2730
3 5 6 7 14 15 16 48 1680
3 5 6 7 14 15 16 80 1680
3 5 6 7 14 15 16 112 1680
3 5 6 7 14 15 17 34 3570
3 5 6 7 14 15 17 51 3570
3 5 6 7 14 15 17 85 3570
3 5 6 7 14 15 17 102 3570
3 5 6 7 14 15 17 119 3570
3 5 6 7 14 15 18 45 630
3 5 6 7 14 15 18 63 630
3 5 6 7 14 15 18 90 630
3 5 6 7 14 15 18 126 630
3 5 6 7 14 15 19 38 3990
3 5 6 7 14 15 19 57 3990
3 5 6 7 14 15 19 95 3990
3 5 6 7 14 15 19 114 3990
3 5 6 7 14 15 20 28 420
3 5 6 7 14 15 20 60 420
3 5 6 7 14 15 20 84 420
3 5 6 7 14 15 21 30 210
3 5 6 7 14 15 21 35 210
3 5 6 7 14 15 21 42 210
3 5 6 7 14 15 21 70 210
3 5 6 7 14 15 21 105 210
3 5 6 7 14 15 22 33 2310
3 5 6 7 14 15 22 55 2310
3 5 6 7 14 15 22 66 2310
3 5 6 7 14 15 22 77 2310
3 5 6 7 14 15 22 110 2310
3 5 6 7 14 15 23 46 4830
3 5 6 7 14 15 23 69 4830
3 5 6 7 14 15 23 115 4830
3 5 6 7 14 15 24 40 840
3 5 6 7 14 15 24 56 840
3 5 6 7 14 15 24 120 840
3 5 6 7 14 15 25 50 1050
3 5 6 7 14 15 25 75 1050
3 5 6 7 14 15 26 39 2730
3 5 6 7 14 15 26 65 2730
3 5 6 7 14 15 26 78 2730
3 5 6 7 14 15 26 91 2730
3 5 6 7 14 15 27 54 1890
3 5 6 7 14 15 28 60 420
3 5 6 7 14 15 28 84 420
3 5 6 7 14 15 29 58 6090
3 5 6 7 14 15 29 87 6090
3 5 6 7 14 15 30 35 210
3 5 6 7 14 15 30 42 210
3 5 6 7 14 15 30 70 210
3 5 6 7 14 15 30 105 210
3 5 6 7 14 15 31 62 6510
3 5 6 7 14 15 31 93 6510
3 5 6 7 14 15 32 96 3360
3 5 6 7 14 15 33 55 2310
3 5 6 7 14 15 33 66 2310
3 5 6 7 14 15 33 77 2310
3 5 6 7 14 15 33 110 2310
3 5 6 7 14 15 34 51 3570
3 5 6 7 14 15 34 85 3570
3 5 6 7 14 15 34 102 3570
3 5 6 7 14 15 34 119 3570
3 5 6 7 14 15 35 42 210
3 5 6 7 14 15 35 70 210
3 5 6 7 14 15 35 105 210
3 5 6 7 14 15 37 74 7770
3 5 6 7 14 15 37 111 7770
3 5 6 7 14 15 38 57 3990
3 5 6 7 14 15 38 95 3990
3 5 6 7 14 15 38 114 3990
3 5 6 7 14 15 39 65 2730
3 5 6 7 14 15 39 78 2730
3 5 6 7 14 15 39 91 2730
3 5 6 7 14 15 40 56 840
3 5 6 7 14 15 40 120 840
3 5 6 7 14 15 41 82 8610
3 5 6 7 14 15 41 123 8610
3 5 6 7 14 15 42 70 210
3 5 6 7 14 15 42 105 210
3 5 6 7 14 15 43 86 9030
3 5 6 7 14 15 45 63 630
3 5 6 7 14 15 45 90 630
3 5 6 7 14 15 45 126 630
3 5 6 7 14 15 46 69 4830
3 5 6 7 14 15 46 115 4830
3 5 6 7 14 15 47 94 9870
3 5 6 7 14 15 48 80 1680
3 5 6 7 14 15 48 112 1680
3 5 6 7 14 15 49 98 1470
3 5 6 7 14 15 50 75 1050
3 5 6 7 14 15 51 85 3570
3 5 6 7 14 15 51 102 3570
3 5 6 7 14 15 51 119 3570
3 5 6 7 14 15 53 106 11130
3 5 6 7 14 15 55 66 2310
3 5 6 7 14 15 55 77 2310
3 5 6 7 14 15 55 110 2310
3 5 6 7 14 15 56 120 840
3 5 6 7 14 15 57 95 3990
3 5 6 7 14 15 57 114 3990
3 5 6 7 14 15 58 87 6090
3 5 6 7 14 15 59 118 12390
3 5 6 7 14 15 60 84 420
3 5 6 7 14 15 61 122 12810
3 5 6 7 14 15 62 93 6510
3 5 6 7 14 15 63 90 630
3 5 6 7 14 15 63 126 630
3 5 6 7 14 15 65 78 2730
3 5 6 7 14 15 65 91 2730
3 5 6 7 14 15 66 77 2310
3 5 6 7 14 15 66 110 2310
3 5 6 7 14 15 69 115 4830
3 5 6 7 14 15 70 105 210
3 5 6 7 14 15 74 111 7770
3 5 6 7 14 15 77 110 2310
3 5 6 7 14 15 78 91 2730
3 5 6 7 14 15 80 112 1680
3 5 6 7 14 15 82 123 8610
3 5 6 7 14 15 85 102 3570
3 5 6 7 14 15 85 119 3570
3 5 6 7 14 15 95 114 3990
3 5 6 7 14 16 20 48 1680
3 5 6 7 14 16 20 80 1680
3 5 6 7 14 16 20 112 1680
3 5 6 7 14 16 21 80 1680
3 5 6 7 14 16 24 80 1680
3 5 6 7 14 16 28 80 1680
3 5 6 7 14 16 30 48 1680
3 5 6 7 14 16 30 80 1680
3 5 6 7 14 16 30 112 1680
3 5 6 7 14 16 35 48 1680
3 5 6 7 14 16 35 80 1680
3 5 6 7 14 16 35 112 1680
3 5 6 7 14 16 40 48 1680
3 5 6 7 14 16 40 80 1680
3 5 6 7 14 16 40 112 1680
3 5 6 7 14 16 42 80 1680
3 5 6 7 14 16 48 60 1680
3 5 6 7 14 16 48 70 1680
3 5 6 7 14 16 48 80 1680
3 5 6 7 14 16 48 105 1680
3 5 6 7 14 16 48 120 1680
3 5 6 7 14 16 56 80 1680
3 5 6 7 14 16 60 80 1680
3 5 6 7 14 16 60 112 1680
3 5 6 7 14 16 70 80 1680
3 5 6 7 14 16 80 84 1680
3 5 6 7 14 17 20 68 7140
3 5 6 7 14 17 21 85 3570
3 5 6 7 14 17 30 34 3570
3 5 6 7 14 17 30 51 3570
3 5 6 7 14 17 30 85 3570
3 5 6 7 14 17 30 102 3570
3 5 6 7 14 17 30 119 3570
3 5 6 7 14 17 34 35 3570
3 5 6 7 14 17 34 70 3570
3 5 6 7 14 17 34 85 3570
3 5 6 7 14 17 34 105 3570
3 5 6 7 14 17 35 51 3570
3 5 6 7 14 17 35 85 3570
3 5 6 7 14 17 35 102 3570
3 5 6 7 14 17 35 119 3570
3 5 6 7 14 17 42 85 3570
3 5 6 7 14 17 51 70 3570
3 5 6 7 14 17 51 85 3570
3 5 6 7 14 17 51 105 3570
3 5 6 7 14 17 60 68 7140
3 5 6 7 14 18 20 36 1260
3 5 6 7 14 18 21 45 630
3 5 6 7 14 18 21 90 630
3 5 6 7 14 18 30 45 630
3 5 6 7 14 18 30 63 630
3 5 6 7 14 18 30 90 630
3 5 6 7 14 18 30 126 630
3 5 6 7 14 18 35 45 630
3 5 6 7 14 18 35 63 630
3 5 6 7 14 18 35 90 630
3 5 6 7 14 18 35 126 630
3 5 6 7 14 18 36 60 1260
3 5 6 7 14 18 40 72 2520
3 5 6 7 14 18 42 45 630
3 5 6 7 14 18 42 90 630
3 5 6 7 14 18 45 63 630
3 5 6 7 14 18 45 70 630
3 5 6 7 14 18 45 90 630
3 5 6 7 14 18 45 105 630
3 5 6 7 14 19 20 76 7980
3 5 6 7 14 19 21 95 3990
3 5 6 7 14 19 30 38 3990
3 5 6 7 14 19 30 57 3990
3 5 6 7 14 19 30 95 3990
3 5 6 7 14 19 30 114 3990
3 5 6 7 14 19 35 38 3990
3 5 6 7 14 19 35 57 3990
3 5 6 7 14 19 35 95 3990
3 5 6 7 14 19 35 114 3990
3 5 6 7 14 19 38 70 3990
3 5 6 7 14 19 38 95 3990
3 5 6 7 14 19 38 105 3990
3 5 6 7 14 19 42 95 3990
3 5 6 7 14 20 21 28 420
3 5 6 7 14 20 21 60 420
3 5 6 7 14 20 21 84 420
3 5 6 7 14 20 22 44 4620
3 5 6 7 14 20 23 92 9660
3 5 6 7 14 20 24 40 840
3 5 6 7 14 20 24 56 840
3 5 6 7 14 20 24 120 840
3 5 6 7 14 20 25 100 2100
3 5 6 7 14 20 26 52 5460
3 5 6 7 14 20 27 108 3780
3 5 6 7 14 20 28 30 420
3 5 6 7 14 20 28 35 420
3 5 6 7 14 20 28 42 420
3 5 6 7 14 20 28 60 420
3 5 6 7 14 20 28 70 420
3 5 6 7 14 20 28 84 420
3 5 6 7 14 20 28 105 420
3 5 6 7 14 20 29 116 12180
3 5 6 7 14 20 30 60 420
3 5 6 7 14 20 30 84 420
3 5 6 7 14 20 31 124 13020
3 5 6 7 14 20 32 96 3360
3 5 6 7 14 20 33 44 4620
3 5 6 7 14 20 34 68 7140
3 5 6 7 14 20 35 60 420
3 5 6 7 14 20 35 84 420
3 5 6 7 14 20 36 45 1260
3 5 6 7 14 20 36 63 1260
3 5 6 7 14 20 36 90 1260
3 5 6 7 14 20 38 76 7980
3 5 6 7 14 20 39 52 5460
3 5 6 7 14 20 40 56 840
3 5 6 7 14 20 42 60 420
3 5 6 7 14 20 44 55 4620
3 5 6 7 14 20 44 66 4620
3 5 6 7 14 21 22 55 2310
3 5 6 7 14 21 22 110 2310
3 5 6 7 14 21 23 115 4830
3 5 6 7 14 21 24 40 840
3 5 6 7 14 21 24 120 840
3 5 6 7 14 21 25 50 1050
3 5 6 7 14 21 25 75 1050
3 5 6 7 14 21 26 65 2730
3 5 6 7 14 21 28 60 420
3 5 6 7 14 21 30 35 210
3 5 6 7 14 21 30 42 210
3 5 6 7 14 21 30 70 210
3 5 6 7 14 21 30 105 210
3 5 6 7 14 21 33 55 2310
3 5 6 7 14 21 33 110 2310
3 5 6 7 14 21 34 85 3570
3 5 6 7 14 21 35 42 210
3 5 6 7 14 21 35 70 210
3 5 6 7 14 21 39 65 2730
3 5 6 7 14 21 40 56 840
3 5 6 7 14 22 30 33 2310
3 5 6 7 14 22 30 55 2310
3 5 6 7 14 22 30 66 2310
3 5 6 7 14 22 30 77 2310
3 5 6 7 14 22 30 110 2310
3 5 6 7 14 22 33 35 2310
3 5 6 7 14 22 33 55 2310
3 5 6 7 14 22 33 70 2310
3 5 6 7 14 22 35 55 2310
3 5 6 7 14 22 35 66 2310
3 5 6 7 14 22 35 77 2310
3 5 6 7 14 22 42 55 2310
3 5 6 7 14 23 30 46 4830
3 5 6 7 14 23 30 69 4830
3 5 6 7 14 23 35 46 4830
3 5 6 7 14 23 35 69 4830
3 5 6 7 14 24 28 40 840
3 5 6 7 14 24 30 40 840
3 5 6 7 14 24 30 56 840
3 5 6 7 14 24 35 40 840
3 5 6 7 14 24 35 56 840
3 5 6 7 14 24 40 42 840
3 5 6 7 14 25 30 50 1050
3 5 6 7 14 25 30 75 1050
3 5 6 7 14 25 35 50 1050
3 5 6 7 14 26 30 39 2730
3 5 6 7 14 26 30 65 2730
3 5 6 7 14 26 35 39 2730
3 5 6 7 14 27 30 54 1890
3 5 6 7 15 16 20 112 1680
3 5 6 7 15 16 21 48 1680
3 5 6 7 15 16 21 80 1680
3 5 6 7 15 16 21 112 1680
3 5 6 7 15 16 24 112 1680
3 5 6 7 15 16 28 48 1680
3 5 6 7 15 16 28 80 1680
3 5 6 7 15 16 28 112 1680
3 5 6 7 15 16 30 112 1680
3 5 6 7 15 16 35 48 1680
3 5 6 7 15 16 35 80 1680
3 5 6 7 15 16 35 112 1680
3 5 6 7 15 16 40 112 1680
3 5 6 7 15 16 42 48 1680
3 5 6 7 15 16 42 80 1680
3 5 6 7 15 16 42 112 1680
3 5 6 7 15 16 48 56 1680
3 5 6 7 15 16 48 70 1680
3 5 6 7 15 16 48 84 1680
3 5 6 7 15 16 48 105 1680
3 5 6 7 15 16 48 112 1680
3 5 6 7 15 16 56 80 1680
3 5 6 7 15 17 21 34 3570
3 5 6 7 15 17 21 102 3570
3 5 6 7 15 17 28 68 7140
3 5 6 7 15 17 30 119 3570
3 5 6 7 15 17 34 35 3570
3 5 6 7 15 17 34 42 3570
3 5 6 7 15 17 34 70 3570
3 5 6 7 15 17 34 105 3570
3 5 6 7 15 17 34 119 3570
3 5 6 7 15 17 35 102 3570
3 5 6 7 15 17 42 51 3570
3 5 6 7 15 17 42 85 3570
3 5 6 7 15 17 42 102 3570
3 5 6 7 15 17 42 119 3570
3 5 6 7 15 17 51 70 3570
3 5 6 7 15 18 21 45 630
3 5 6 7 15 18 21 63 630
3 5 6 7 15 18 21 90 630
3 5 6 7 15 18 21 126 630
3 5 6 7 15 18 28 36 1260
3 5 6 7 15 18 30 63 630
3 5 6 7 15 18 30 126 630
3 5 6 7 15 18 35 45 630
3 5 6 7 15 18 35 63 630
3 5 6 7 15 18 35 90 630
3 5 6 7 15 18 35 126 630
3 5 6 7 15 18 36 84 1260
3 5 6 7 15 18 42 45 630
3 5 6 7 15 18 42 63 630
3 5 6 7 15 18 45 63 630
3 5 6 7 15 18 45 70 630
3 5 6 7 15 19 21 38 3990
3 5 6 7 15 19 21 114 3990
3 5 6 7 15 19 28 76 7980
3 5 6 7 15 19 35 38 3990
3 5 6 7 15 19 38 42 3990
3 5 6 7 15 19 38 70 3990
3 5 6 7 15 19 42 57 3990
3 5 6 7 15 20 21 28 420
3 5 6 7 15 20 21 60 420
3 5 6 7 15 20 21 84 420
3 5 6 7 15 20 24 56 840
3 5 6 7 15 20 28 30 420
3 5 6 7 15 20 28 35 420
3 5 6 7 15 20 28 42 420
3 5 6 7 15 20 28 60 420
3 5 6 7 15 20 28 70 420
3 5 6 7 15 20 28 84 420
3 5 6 7 15 20 28 105 420
3 5 6 7 15 20 30 84 420
3 5 6 7 15 20 35 60 420
3 5 6 7 15 20 36 63 1260
3 5 6 7 15 20 40 56 840
3 5 6 7 15 21 22 33 2310
3 5 6 7 15 21 22 55 2310
3 5 6 7 15 21 22 66 2310
3 5 6 7 15 21 22 77 2310
3 5 6 7 15 21 22 110 2310
3 5 6 7 15 21 23 46 4830
3 5 6 7 15 21 24 40 840
3 5 6 7 15 21 24 56 840
3 5 6 7 15 21 24 120 840
3 5 6 7 15 21 25 50 1050
3 5 6 7 15 21 26 39 2730
3 5 6 7 15 21 26 65 2730
3 5 6 7 15 21 26 78 2730
3 5 6 7 15 21 26 91 2730
3 5 6 7 15 21 27 54 1890
3 5 6 7 15 21 28 60 420
3 5 6 7 15 21 28 84 420
3 5 6 7 15 21 29 58 6090
3 5 6 7 15 21 30 35 210
3 5 6 7 15 21 30 42 210
3 5 6 7 15 21 30 70 210
3 5 6 7 15 21 31 62 6510
3 5 6 7 15 21 33 66 2310
3 5 6 7 15 21 34 51 3570
3 5 6 7 15 21 35 42 210
3 5 6 7 15 21 38 57 3990
3 5 6 7 15 22 28 44 4620
3 5 6 7 15 22 30 77 2310
3 5 6 7 15 22 33 35 2310
3 5 6 7 15 22 33 42 2310
3 5 6 7 15 22 35 55 2310
3 5 6 7 15 23 35 46 4830
3 5 6 7 15 24 28 40 840
3 5 6 7 15 24 28 56 840
3 5 6 7 15 24 30 56 840
3 5 6 7 15 24 35 40 840
3 5 6 7 15 26 28 52 5460
3 5 6 7 15 26 35 39 2730
3 5 6 7 16 20 21 48 1680
3 5 6 7 16 20 21 80 1680
3 5 6 7 16 20 21 112 1680
3 5 6 7 16 20 24 112 1680
3 5 6 7 16 20 28 48 1680
3 5 6 7 16 20 28 80 1680
3 5 6 7 16 20 35 48 1680
3 5 6 7 16 21 24 80 1680
3 5 6 7 16 21 28 80 1680
3 5 6 7 16 21 30 48 1680
3 5 6 7 16 21 35 48 1680
3 5 6 7 17 20 21 68 7140
3 5 6 7 17 20 28 34 7140
3 5 6 7 17 20 28 51 7140
3 5 6 7 17 20 28 68 7140
3 5 6 7 17 21 30 34 3570
3 5 6 7 17 21 30 51 3570
3 5 6 7 17 21 34 35 3570
3 5 6 7 18 20 21 36 1260
3 5 6 7 18 20 28 36 1260
3 5 6 7 18 20 28 45 1260
3 5 6 7 18 20 35 36 1260
3 5 6 7 18 21 30 45 630
3 5 6 7 19 20 21 76 7980
3 5 6 7 19 20 28 38 7980
3 5 6 7 19 21 30 38 3990
3 5 6 7 20 21 22 44 4620
3 5 6 7 20 21 24 40 840
3 5 6 7 20 21 28 30 420
3 5 6 7 20 21 28 35 420
3 5 6 7 20 22 28 33 4620
3 5 6 8 9 10 12 72 360
3 5 6 8 9 10 15 72 360
3 5 6 8 9 10 18 24 360
3 5 6 8 9 10 18 40 360
3 5 6 8 9 10 18 72 360
3 5 6 8 9 10 18 120 360
3 5 6 8 9 10 20 72 360
3 5 6 8 9 10 24 36 360
3 5 6 8 9 10 24 45 360
3 5 6 8 9 10 24 72 360
3 5 6 8 9 10 24 90 360
3 5 6 8 9 10 30 72 360
3 5 6 8 9 10 36 40 360
3 5 6 8 9 10 36 72 360
3 5 6 8 9 10 36 120 360
3 5 6 8 9 10 40 45 360
3 5 6 8 9 10 40 72 360
3 5 6 8 9 10 40 90 360
3 5 6 8 9 10 45 72 360
3 5 6 8 9 10 45 120 360
3 5 6 8 9 10 56 63 2520
3 5 6 8 9 10 56 126 2520
3 5 6 8 9 10 60 72 360
3 5 6 8 9 10 72 90 360
3 5 6 8 9 10 72 120 360
3 5 6 8 9 10 88 99 3960
3 5 6 8 9 10 90 120 360
3 5 6 8 9 10 104 117 4680
3 5 6 8 9 11 40 99 3960
3 5 6 8 9 11 45 88 3960
3 5 6 8 9 11 55 72 3960
3 5 6 8 9 11 72 110 3960
3 5 6 8 9 11 88 90 3960
3 5 6 8 9 11 99 120 3960
3 5 6 8 9 12 15 72 360
3 5 6 8 9 12 18 40 360
3 5 6 8 9 12 18 120 360
3 5 6 8 9 12 20 72 360
3 5 6 8 9 12 24 45 360
3 5 6 8 9 12 24 90 360
3 5 6 8 9 12 30 72 360
3 5 6 8 9 12 36 40 360
3 5 6 8 9 12 36 120 360
3 5 6 8 9 12 40 45 360
3 5 6 8 9 12 40 72 360
3 5 6 8 9 12 40 90 360
3 5 6 8 9 12 45 72 360
3 5 6 8 9 12 45 120 360
3 5 6 8 9 12 60 72 360
3 5 6 8 9 12 72 90 360
3 5 6 8 9 12 72 120 360
3 5 6 8 9 12 90 120 360
3 5 6 8 9 13 40 117 4680
3 5 6 8 9 13 45 104 4680
3 5 6 8 9 13 65 72 4680
3 5 6 8 9 13 90 104 4680
3 5 6 8 9 13 117 120 4680
3 5 6 8 9 14 35 72 2520
3 5 6 8 9 14 40 63 2520
3 5 6 8 9 14 40 126 2520
3 5 6 8 9 14 45 56 2520
3 5 6 8 9 14 56 90 2520
3 5 6 8 9 14 63 120 2520
3 5 6 8 9 14 70 72 2520
3 5 6 8 9 14 72 105 2520
3 5 6 8 9 14 120 126 2520
3 5 6 8 9 15 18 24 360
3 5 6 8 9 15 18 40 360
3 5 6 8 9 15 18 72 360
3 5 6 8 9 15 18 120 360
3 5 6 8 9 15 20 72 360
3 5 6 8 9 15 24 36 360
3 5 6 8 9 15 24 45 360
3 5 6 8 9 15 24 72 360
3 5 6 8 9 15 24 90 360
3 5 6 8 9 15 30 72 360
3 5 6 8 9 15 36 40 360
3 5 6 8 9 15 36 72 360
3 5 6 8 9 15 36 120 360
3 5 6 8 9 15 40 45 360
3 5 6 8 9 15 40 72 360
3 5 6 8 9 15 40 90 360
3 5 6 8 9 15 45 72 360
3 5 6 8 9 15 45 120 360
3 5 6 8 9 15 56 63 2520
3 5 6 8 9 15 56 126 2520
3 5 6 8 9 15 60 72 360
3 5 6 8 9 15 72 90 360
3 5 6 8 9 15 72 120 360
3 5 6 8 9 15 88 99 3960
3 5 6 8 9 15 90 120 360
3 5 6 8 9 15 104 117 4680
3 5 6 8 9 16 18 80 720
3 5 6 8 9 16 36 80 720
3 5 6 8 9 16 45 48 720
3 5 6 8 9 16 45 80 720
3 5 6 8 9 16 48 90 720
3 5 6 8 9 16 72 80 720
3 5 6 8 9 16 80 90 720
3 5 6 8 9 17 72 85 6120
3 5 6 8 9 18 20 24 360
3 5 6 8 9 18 20 40 360
3 5 6 8 9 18 20 72 360
3 5 6 8 9 18 20 120 360
3 5 6 8 9 18 24 30 360
3 5 6 8 9 18 24 40 360
3 5 6 8 9 18 24 45 360
3 5 6 8 9 18 24 60 360
3 5 6 8 9 18 24 90 360
3 5 6 8 9 18 24 120 360
3 5 6 8 9 18 30 40 360
3 5 6 8 9 18 30 72 360
3 5 6 8 9 18 30 120 360
3 5 6 8 9 18 35 56 2520
3 5 6 8 9 18 36 40 360
3 5 6 8 9 18 36 120 360
3 5 6 8 9 18 40 45 360
3 5 6 8 9 18 40 60 360
3 5 6 8 9 18 40 72 360
3 5 6 8 9 18 40 90 360
3 5 6 8 9 18 40 120 360
3 5 6 8 9 18 45 72 360
3 5 6 8 9 18 45 120 360
3 5 6 8 9 18 48 80 720
3 5 6 8 9 18 55 88 3960
3 5 6 8 9 18 56 70 2520
3 5 6 8 9 18 56 105 2520
3 5 6 8 9 18 60 72 360
3 5 6 8 9 18 60 120 360
3 5 6 8 9 18 65 104 4680
3 5 6 8 9 18 72 90 360
3 5 6 8 9 18 72 120 360
3 5 6 8 9 18 88 110 3960
3 5 6 8 9 18 90 120 360
3 5 6 8 9 19 72 95 6840
3 5 6 8 9 20 24 36 360
3 5 6 8 9 20 24 45 360
3 5 6 8 9 20 24 72 360
3 5 6 8 9 20 24 90 360
3 5 6 8 9 20 30 72 360
3 5 6 8 9 20 36 40 360
3 5 6 8 9 20 36 72 360
3 5 6 8 9 20 36 120 360
3 5 6 8 9 20 40 45 360
3 5 6 8 9 20 40 72 360
3 5 6 8 9 20 40 90 360
3 5 6 8 9 20 45 72 360
3 5 6 8 9 20 45 120 360
3 5 6 8 9 20 56 63 2520
3 5 6 8 9 20 56 126 2520
3 5 6 8 9 20 60 72 360
3 5 6 8 9 20 72 90 360
3 5 6 8 9 20 72 120 360
3 5 6 8 9 20 88 99 3960
3 5 6 8 9 20 90 120 360
3 5 6 8 9 20 104 117 4680
3 5 6 8 9 21 35 72 2520
3 5 6 8 9 21 40 63 2520
3 5 6 8 9 21 40 126 2520
3 5 6 8 9 21 45 56 2520
3 5 6 8 9 21 56 90 2520
3 5 6 8 9 21 63 120 2520
3 5 6 8 9 21 70 72 2520
3 5 6 8 9 21 72 105 2520
3 5 6 8 9 22 40 99 3960
3 5 6 8 9 22 45 88 3960
3 5 6 8 9 22 55 72 3960
3 5 6 8 9 22 72 110 3960
3 5 6 8 9 22 88 90 3960
3 5 6 8 9 23 72 115 8280
3 5 6 8 9 24 30 36 360
3 5 6 8 9 24 30 45 360
3 5 6 8 9 24 30 72 360
3 5 6 8 9 24 30 90 360
3 5 6 8 9 24 35 63 2520
3 5 6 8 9 24 35 126 2520
3 5 6 8 9 24 36 40 360
3 5 6 8 9 24 36 45 360
3 5 6 8 9 24 36 60 360
3 5 6 8 9 24 36 90 360
3 5 6 8 9 24 36 120 360
3 5 6 8 9 24 40 45 360
3 5 6 8 9 24 40 72 360
3 5 6 8 9 24 40 90 360
3 5 6 8 9 24 45 60 360
3 5 6 8 9 24 45 72 360
3 5 6 8 9 24 45 90 360
3 5 6 8 9 24 45 120 360
3 5 6 8 9 24 55 99 3960
3 5 6 8 9 24 60 72 360
3 5 6 8 9 24 60 90 360
3 5 6 8 9 24 63 70 2520
3 5 6 8 9 24 63 105 2520
3 5 6 8 9 24 65 117 4680
3 5 6 8 9 24 72 90 360
3 5 6 8 9 25 50 72 1800
3 5 6 8 9 25 72 75 1800
3 5 6 8 9 26 40 117 4680
3 5 6 8 9 26 45 104 4680
3 5 6 8 9 26 65 72 4680
3 5 6 8 9 27 40 54 1080
3 5 6 8 9 27 40 108 1080
3 5 6 8 9 28 35 72 2520
3 5 6 8 9 28 40 63 2520
3 5 6 8 9 28 40 126 2520
3 5 6 8 9 28 45 56 2520
3 5 6 8 9 28 56 90 2520
3 5 6 8 9 30 36 40 360
3 5 6 8 9 30 36 72 360
3 5 6 8 9 30 36 120 360
3 5 6 8 9 30 40 45 360
3 5 6 8 9 30 40 72 360
3 5 6 8 9 30 40 90 360
3 5 6 8 9 30 45 72 360
3 5 6 8 9 30 56 63 2520
3 5 6 8 9 33 40 99 3960
3 5 6 8 9 35 36 56 2520
3 5 6 8 9 35 40 63 2520
3 5 6 8 9 35 42 72 2520
3 5 6 8 9 35 45 56 2520
3 5 6 8 9 36 40 45 360
3 5 6 8 9 36 40 60 360
3 5 6 8 9 36 40 72 360
3 5 6 8 9 40 42 63 2520
3 5 6 8 10 11 12 88 1320
3 5 6 8 10 11 15 88 1320
3 5 6 8 10 11 20 88 1320
3 5 6 8 10 11 22 24 1320
3 5 6 8 10 11 22 40 1320
3 5 6 8 10 11 22 88 1320
3 5 6 8 10 11 22 120 1320
3 5 6 8 10 11 24 33 1320
3 5 6 8 10 11 24 44 1320
3 5 6 8 10 11 24 55 1320
3 5 6 8 10 11 24 66 1320
3 5 6 8 10 11 24 88 1320
3 5 6 8 10 11 24 110 1320
3 5 6 8 10 11 30 88 1320
3 5 6 8 10 11 33 40 1320
3 5 6 8 10 11 33 88 1320
3 5 6 8 10 11 33 120 1320
3 5 6 8 10 11 40 44 1320
3 5 6 8 10 11 40 55 1320
3 5 6 8 10 11 40 66 1320
3 5 6 8 10 11 40 88 1320
3 5 6 8 10 11 40 110 1320
3 5 6 8 10 11 44 88 1320
3 5 6 8 10 11 44 120 1320
3 5 6 8 10 11 55 88 1320
3 5 6 8 10 11 55 120 1320
3 5 6 8 10 11 56 77 9240
3 5 6 8 10 11 60 88 1320
3 5 6 8 10 11 66 88 1320
3 5 6 8 10 11 66 120 1320
3 5 6 8 10 11 72 99 3960
3 5 6 8 10 11 88 110 1320
3 5 6 8 10 11 88 120 1320
3 5 6 8 10 11 110 120 1320
3 5 6 8 10 12 13 104 1560
3 5 6 8 10 12 14 56 840
3 5 6 8 10 12 15 24 120
3 5 6 8 10 12 15 40 120
3 5 6 8 10 12 15 120 120
3 5 6 8 10 12 16 48 240
3 5 6 8 10 12 16 80 240
3 5 6 8 10 12 18 72 360
3 5 6 8 10 12 20 24 120
3 5 6 8 10 12 20 40 120
3 5 6 8 10 12 20 120 120
3 5 6 8 10 12 21 56 840
3 5 6 8 10 12 22 88 1320
3 5 6 8 10 12 24 30 120
3 5 6 8 10 12 24 40 120
3 5 6 8 10 12 24 60 120
3 5 6 8 10 12 24 120 120
3 5 6 8 10 12 26 104 1560
3 5 6 8 10 12 28 56 840
3 5 6 8 10 12 30 40 120
3 5 6 8 10 12 30 120 120
3 5 6 8 10 12 32 96 480
3 5 6 8 10 12 33 88 1320
3 5 6 8 10 12 35 56 840
3 5 6 8 10 12 36 72 360
3 5 6 8 10 12 39 104 1560
3 5 6 8 10 12 40 60 120
3 5 6 8 10 12 40 120 120
3 5 6 8 10 12 42 56 840
3 5 6 8 10 12 44 88 1320
3 5 6 8 10 12 45 72 360
3 5 6 8 10 12 48 80 240
3 5 6 8 10 12 52 104 1560
3 5 6 8 10 12 55 88 1320
3 5 6 8 10 12 56 70 840
3 5 6 8 10 12 56 84 840
3 5 6 8 10 12 56 105 840
3 5 6 8 10 12 60 120 120
3 5 6 8 10 12 65 104 1560
3 5 6 8 10 12 66 88 1320
3 5 6 8 10 12 72 90 360
3 5 6 8 10 12 78 104 1560
3 5 6 8 10 12 88 110 1320
3 5 6 8 10 13 15 104 1560
3 5 6 8 10 13 20 104 1560
3 5 6 8 10 13 24 26 1560
3 5 6 8 10 13 24 39 1560
3 5 6 8 10 13 24 52 1560
3 5 6 8 10 13 24 65 1560
3 5 6 8 10 13 24 78 1560
3 5 6 8 10 13 24 104 1560
3 5 6 8 10 13 26 40 1560
3 5 6 8 10 13 26 104 1560
3 5 6 8 10 13 26 120 1560
3 5 6 8 10 13 30 104 1560
3 5 6 8 10 13 39 40 1560
3 5 6 8 10 13 39 104 1560
3 5 6 8 10 13 39 120 1560
3 5 6 8 10 13 40 52 1560
3 5 6 8 10 13 40 65 1560
3 5 6 8 10 13 40 78 1560
3 5 6 8 10 13 40 104 1560
3 5 6 8 10 13 52 104 1560
3 5 6 8 10 13 52 120 1560
3 5 6 8 10 13 56 91 10920
3 5 6 8 10 13 60 104 1560
3 5 6 8 10 13 65 104 1560
3 5 6 8 10 13 65 120 1560
3 5 6 8 10 13 72 117 4680
3 5 6 8 10 13 78 104 1560
3 5 6 8 10 13 78 120 1560
3 5 6 8 10 13 104 120 1560
3 5 6 8 10 14 15 56 840
3 5 6 8 10 14 16 112 1680
3 5 6 8 10 14 20 56 840
3 5 6 8 10 14 21 24 840
3 5 6 8 10 14 21 40 840
3 5 6 8 10 14 21 56 840
3 5 6 8 10 14 21 120 840
3 5 6 8 10 14 24 28 840
3 5 6 8 10 14 24 35 840
3 5 6 8 10 14 24 42 840
3 5 6 8 10 14 24 56 840
3 5 6 8 10 14 24 70 840
3 5 6 8 10 14 24 84 840
3 5 6 8 10 14 24 105 840
3 5 6 8 10 14 28 40 840
3 5 6 8 10 14 28 56 840
3 5 6 8 10 14 28 120 840
3 5 6 8 10 14 30 56 840
3 5 6 8 10 14 35 40 840
3 5 6 8 10 14 35 56 840
3 5 6 8 10 14 35 120 840
3 5 6 8 10 14 40 42 840
3 5 6 8 10 14 40 56 840
3 5 6 8 10 14 40 70 840
3 5 6 8 10 14 40 84 840
3 5 6 8 10 14 40 105 840
3 5 6 8 10 14 42 56 840
3 5 6 8 10 14 42 120 840
3 5 6 8 10 14 48 112 1680
3 5 6 8 10 14 56 60 840
3 5 6 8 10 14 56 70 840
3 5 6 8 10 14 56 84 840
3 5 6 8 10 14 56 105 840
3 5 6 8 10 14 56 120 840
3 5 6 8 10 14 63 72 2520
3 5 6 8 10 14 70 120 840
3 5 6 8 10 14 72 126 2520
3 5 6 8 10 14 77 88 9240
3 5 6 8 10 14 80 112 1680
3 5 6 8 10 14 84 120 840
3 5 6 8 10 14 91 104 10920
3 5 6 8 10 14 105 120 840
3 5 6 8 10 15 16 48 240
3 5 6 8 10 15 16 80 240
3 5 6 8 10 15 18 72 360
3 5 6 8 10 15 20 24 120
3 5 6 8 10 15 20 40 120
3 5 6 8 10 15 20 120 120
3 5 6 8 10 15 21 56 840
3 5 6 8 10 15 22 88 1320
3 5 6 8 10 15 24 30 120
3 5 6 8 10 15 24 40 120
3 5 6 8 10 15 24 60 120
3 5 6 8 10 15 24 120 120
3 5 6 8 10 15 26 104 1560
3 5 6 8 10 15 28 56 840
3 5 6 8 10 15 30 40 120
3 5 6 8 10 15 30 120 120
3 5 6 8 10 15 32 96 480
3 5 6 8 10 15 33 88 1320
3 5 6 8 10 15 35 56 840
3 5 6 8 10 15 36 72 360
3 5 6 8 10 15 39 104 1560
3 5 6 8 10 15 40 60 120
3 5 6 8 10 15 40 120 120
3 5 6 8 10 15 42 56 840
3 5 6 8 10 15 44 88 1320
3 5 6 8 10 15 45 72 360
3 5 6 8 10 15 48 80 240
3 5 6 8 10 15 52 104 1560
3 5 6 8 10 15 55 88 1320
3 5 6 8 10 15 56 70 840
3 5 6 8 10 15 56 84 840
3 5 6 8 10 15 56 105 840
3 5 6 8 10 15 60 120 120
3 5 6 8 10 15 65 104 1560
3 5 6 8 10 15 66 88 1320
3 5 6 8 10 15 72 90 360
3 5 6 8 10 15 78 104 1560
3 5 6 8 10 15 88 110 1320
3 5 6 8 10 16 20 48 240
3 5 6 8 10 16 20 80 240
3 5 6 8 10 16 21 112 1680
3 5 6 8 10 16 24 48 240
3 5 6 8 10 16 24 80 240
3 5 6 8 10 16 28 112 1680
3 5 6 8 10 16 30 48 240
3 5 6 8 10 16 30 80 240
3 5 6 8 10 16 32 96 480
3 5 6 8 10 16 35 112 1680
3 5 6 8 10 16 40 48 240
3 5 6 8 10 16 40 80 240
3 5 6 8 10 16 42 112 1680
3 5 6 8 10 16 48 60 240
3 5 6 8 10 16 48 80 240
3 5 6 8 10 16 48 120 240
3 5 6 8 10 16 56 112 1680
3 5 6 8 10 16 60 80 240
3 5 6 8 10 16 70 112 1680
3 5 6 8 10 16 80 120 240
3 5 6 8 10 16 84 112 1680
3 5 6 8 10 16 105 112 1680
3 5 6 8 10 17 24 34 2040
3 5 6 8 10 17 24 51 2040
3 5 6 8 10 17 24 68 2040
3 5 6 8 10 17 24 85 2040
3 5 6 8 10 17 24 102 2040
3 5 6 8 10 17 34 40 2040
3 5 6 8 10 17 34 120 2040
3 5 6 8 10 17 40 51 2040
3 5 6 8 10 17 40 68 2040
3 5 6 8 10 17 40 85 2040
3 5 6 8 10 17 40 102 2040
3 5 6 8 10 17 51 120 2040
3 5 6 8 10 17 56 119 14280
3 5 6 8 10 17 68 120 2040
3 5 6 8 10 17 85 120 2040
3 5 6 8 10 17 102 120 2040
3 5 6 8 10 18 20 72 360
3 5 6 8 10 18 24 36 360
3 5 6 8 10 18 24 45 360
3 5 6 8 10 18 24 72 360
3 5 6 8 10 18 24 90 360
3 5 6 8 10 18 30 72 360
3 5 6 8 10 18 36 40 360
3 5 6 8 10 18 36 72 360
3 5 6 8 10 18 36 120 360
3 5 6 8 10 18 40 45 360
3 5 6 8 10 18 40 72 360
3 5 6 8 10 18 40 90 360
3 5 6 8 10 18 45 72 360
3 5 6 8 10 18 45 120 360
3 5 6 8 10 18 56 63 2520
3 5 6 8 10 18 56 126 2520
3 5 6 8 10 18 60 72 360
3 5 6 8 10 18 72 90 360
3 5 6 8 10 18 72 120 360
3 5 6 8 10 18 88 99 3960
3 5 6 8 10 19 24 38 2280
3 5 6 8 10 19 24 57 2280
3 5 6 8 10 19 24 76 2280
3 5 6 8 10 19 24 95 2280
3 5 6 8 10 19 24 114 2280
3 5 6 8 10 19 38 40 2280
3 5 6 8 10 19 38 120 2280
3 5 6 8 10 19 40 57 2280
3 5 6 8 10 19 40 76 2280
3 5 6 8 10 19 40 95 2280
3 5 6 8 10 19 40 114 2280
3 5 6 8 10 19 57 120 2280
3 5 6 8 10 20 21 56 840
3 5 6 8 10 20 22 88 1320
3 5 6 8 10 20 24 30 120
3 5 6 8 10 20 24 40 120
3 5 6 8 10 20 24 60 120
3 5 6 8 10 20 24 120 120
3 5 6 8 10 20 26 104 1560
3 5 6 8 10 20 28 56 840
3 5 6 8 10 20 30 40 120
3 5 6 8 10 20 30 120 120
3 5 6 8 10 20 32 96 480
3 5 6 8 10 20 33 88 1320
3 5 6 8 10 20 35 56 840
3 5 6 8 10 20 36 72 360
3 5 6 8 10 20 39 104 1560
3 5 6 8 10 20 40 60 120
3 5 6 8 10 20 40 120 120
3 5 6 8 10 20 42 56 840
3 5 6 8 10 20 44 88 1320
3 5 6 8 10 20 45 72 360
3 5 6 8 10 20 48 80 240
3 5 6 8 10 20 52 104 1560
3 5 6 8 10 20 55 88 1320
3 5 6 8 10 20 56 70 840
3 5 6 8 10 20 56 84 840
3 5 6 8 10 20 56 105 840
3 5 6 8 10 20 66 88 1320
3 5 6 8 10 21 24 28 840
3 5 6 8 10 21 24 35 840
3 5 6 8 10 21 24 42 840
3 5 6 8 10 21 24 56 840
3 5 6 8 10 21 24 70 840
3 5 6 8 10 21 24 84 840
3 5 6 8 10 21 24 105 840
3 5 6 8 10 21 28 40 840
3 5 6 8 10 21 28 56 840
3 5 6 8 10 21 28 120 840
3 5 6 8 10 21 30 56 840
3 5 6 8 10 21 35 40 840
3 5 6 8 10 21 35 56 840
3 5 6 8 10 21 35 120 840
3 5 6 8 10 21 40 42 840
3 5 6 8 10 21 40 56 840
3 5 6 8 10 21 40 70 840
3 5 6 8 10 21 40 84 840
3 5 6 8 10 21 40 105 840
3 5 6 8 10 21 42 56 840
3 5 6 8 10 21 42 120 840
3 5 6 8 10 21 48 112 1680
3 5 6 8 10 21 56 60 840
3 5 6 8 10 21 56 70 840
3 5 6 8 10 21 56 84 840
3 5 6 8 10 21 63 72 2520
3 5 6 8 10 22 24 33 1320
3 5 6 8 10 22 24 44 1320
3 5 6 8 10 22 24 55 1320
3 5 6 8 10 22 24 66 1320
3 5 6 8 10 22 24 88 1320
3 5 6 8 10 22 24 110 1320
3 5 6 8 10 22 30 88 1320
3 5 6 8 10 22 33 40 1320
3 5 6 8 10 22 33 88 1320
3 5 6 8 10 22 33 120 1320
3 5 6 8 10 22 40 44 1320
3 5 6 8 10 22 40 55 1320
3 5 6 8 10 22 40 66 1320
3 5 6 8 10 22 40 88 1320
3 5 6 8 10 22 40 110 1320
3 5 6 8 10 22 44 88 1320
3 5 6 8 10 22 44 120 1320
3 5 6 8 10 22 56 77 9240
3 5 6 8 10 23 24 46 2760
3 5 6 8 10 23 24 69 2760
3 5 6 8 10 23 24 92 2760
3 5 6 8 10 23 24 115 2760
3 5 6 8 10 23 40 46 2760
3 5 6 8 10 23 40 69 2760
3 5 6 8 10 23 40 92 2760
3 5 6 8 10 23 40 115 2760
3 5 6 8 10 24 25 50 600
3 5 6 8 10 24 25 75 600
3 5 6 8 10 24 25 100 600
3 5 6 8 10 24 26 39 1560
3 5 6 8 10 24 26 52 1560
3 5 6 8 10 24 26 65 1560
3 5 6 8 10 24 26 78 1560
3 5 6 8 10 24 26 104 1560
3 5 6 8 10 24 27 54 1080
3 5 6 8 10 24 27 108 1080
3 5 6 8 10 24 28 35 840
3 5 6 8 10 24 28 42 840
3 5 6 8 10 24 28 56 840
3 5 6 8 10 24 28 70 840
3 5 6 8 10 24 28 84 840
3 5 6 8 10 24 28 105 840
3 5 6 8 10 24 29 58 3480
3 5 6 8 10 24 29 87 3480
3 5 6 8 10 24 29 116 3480
3 5 6 8 10 24 30 40 120
3 5 6 8 10 24 30 60 120
3 5 6 8 10 24 30 120 120
3 5 6 8 10 24 31 62 3720
3 5 6 8 10 24 31 93 3720
3 5 6 8 10 24 31 124 3720
3 5 6 8 10 24 32 96 480
3 5 6 8 10 24 33 44 1320
3 5 6 8 10 24 33 55 1320
3 5 6 8 10 24 33 66 1320
3 5 6 8 10 24 33 88 1320
3 5 6 8 10 24 33 110 1320
3 5 6 8 10 24 34 51 2040
3 5 6 8 10 24 34 68 2040
3 5 6 8 10 24 34 85 2040
3 5 6 8 10 24 34 102 2040
3 5 6 8 10 24 35 42 840
3 5 6 8 10 24 35 56 840
3 5 6 8 10 24 35 70 840
3 5 6 8 10 24 35 84 840
3 5 6 8 10 24 35 105 840
3 5 6 8 10 24 36 45 360
3 5 6 8 10 24 36 72 360
3 5 6 8 10 24 36 90 360
3 5 6 8 10 24 37 74 4440
3 5 6 8 10 24 37 111 4440
3 5 6 8 10 24 38 57 2280
3 5 6 8 10 24 38 76 2280
3 5 6 8 10 24 38 95 2280
3 5 6 8 10 24 38 114 2280
3 5 6 8 10 24 39 52 1560
3 5 6 8 10 24 39 65 1560
3 5 6 8 10 24 39 78 1560
3 5 6 8 10 24 39 104 1560
3 5 6 8 10 24 40 60 120
3 5 6 8 10 24 41 82 4920
3 5 6 8 10 24 42 56 840
3 5 6 8 10 24 42 70 840
3 5 6 8 10 24 42 84 840
3 5 6 8 10 24 43 86 5160
3 5 6 8 10 24 44 55 1320
3 5 6 8 10 24 44 66 1320
3 5 6 8 10 24 44 88 1320
3 5 6 8 10 24 45 72 360
3 5 6 8 10 24 46 69 2760
3 5 6 8 10 24 51 68 2040
3 5 6 8 10 24 52 65 1560
3 5 6 8 10 25 40 50 600
3 5 6 8 10 25 40 75 600
3 5 6 8 10 26 30 104 1560
3 5 6 8 10 26 39 40 1560
3 5 6 8 10 26 40 52 1560
3 5 6 8 10 26 40 65 1560
3 5 6 8 10 26 40 78 1560
3 5 6 8 10 27 40 54 1080
3 5 6 8 10 28 30 56 840
3 5 6 8 10 28 35 40 840
3 5 6 8 10 28 35 56 840
3 5 6 8 10 28 40 42 840
3 5 6 8 10 28 40 56 840
3 5 6 8 10 28 42 56 840
3 5 6 8 10 29 40 58 3480
3 5 6 8 10 30 35 56 840
3 5 6 8 10 33 40 44 1320
3 5 6 8 10 35 40 42 840
3 5 6 8 11 12 15 88 1320
3 5 6 8 11 12 20 88 1320
3 5 6 8 11 12 22 40 1320
3 5 6 8 11 12 22 120 1320
3 5 6 8 11 12 24 55 1320
3 5 6 8 11 12 24 110 1320
3 5 6 8 11 12 30 88 1320
3 5 6 8 11 12 33 40 1320
3 5 6 8 11 12 33 120 1320
3 5 6 8 11 12 40 44 1320
3 5 6 8 11 12 40 55 1320
3 5 6 8 11 12 40 66 1320
3 5 6 8 11 12 40 88 1320
3 5 6 8 11 12 40 110 1320
3 5 6 8 11 12 44 120 1320
3 5 6 8 11 12 55 88 1320
3 5 6 8 11 12 55 120 1320
3 5 6 8 11 12 60 88 1320
3 5 6 8 11 12 66 120 1320
3 5 6 8 11 12 88 110 1320
3 5 6 8 11 12 88 120 1320
3 5 6 8 11 12 110 120 1320
3 5 6 8 11 13 55 104 17160
3 5 6 8 11 13 65 88 17160
3 5 6 8 11 13 104 110 17160
3 5 6 8 11 14 35 88 9240
3 5 6 8 11 14 40 77 9240
3 5 6 8 11 14 55 56 9240
3 5 6 8 11 14 56 110 9240
3 5 6 8 11 14 70 88 9240
3 5 6 8 11 14 77 120 9240
3 5 6 8 11 14 88 105 9240
3 5 6 8 11 15 20 88 1320
3 5 6 8 11 15 22 24 1320
3 5 6 8 11 15 22 40 1320
3 5 6 8 11 15 22 88 1320
3 5 6 8 11 15 22 120 1320
3 5 6 8 11 15 24 33 1320
3 5 6 8 11 15 24 44 1320
3 5 6 8 11 15 24 55 1320
3 5 6 8 11 15 24 66 1320
3 5 6 8 11 15 24 88 1320
3 5 6 8 11 15 24 110 1320
3 5 6 8 11 15 30 88 1320
3 5 6 8 11 15 33 40 1320
3 5 6 8 11 15 33 88 1320
3 5 6 8 11 15 33 120 1320
3 5 6 8 11 15 40 44 1320
3 5 6 8 11 15 40 55 1320
3 5 6 8 11 15 40 66 1320
3 5 6 8 11 15 40 88 1320
3 5 6 8 11 15 40 110 1320
3 5 6 8 11 15 44 88 1320
3 5 6 8 11 15 44 120 1320
3 5 6 8 11 15 55 88 1320
3 5 6 8 11 15 55 120 1320
3 5 6 8 11 15 56 77 9240
3 5 6 8 11 15 60 88 1320
3 5 6 8 11 15 66 88 1320
3 5 6 8 11 15 66 120 1320
3 5 6 8 11 15 72 99 3960
3 5 6 8 11 15 88 110 1320
3 5 6 8 11 15 88 120 1320
3 5 6 8 11 16 22 80 2640
3 5 6 8 11 16 33 80 2640
3 5 6 8 11 16 44 80 2640
3 5 6 8 11 16 48 55 2640
3 5 6 8 11 16 48 110 2640
3 5 6 8 11 16 55 80 2640
3 5 6 8 11 16 66 80 2640
3 5 6 8 11 16 80 88 2640
3 5 6 8 11 18 40 99 3960
3 5 6 8 11 18 45 88 3960
3 5 6 8 11 18 55 72 3960
3 5 6 8 11 20 22 24 1320
3 5 6 8 11 20 22 40 1320
3 5 6 8 11 20 22 88 1320
3 5 6 8 11 20 22 120 1320
3 5 6 8 11 20 24 33 1320
3 5 6 8 11 20 24 44 1320
3 5 6 8 11 20 24 55 1320
3 5 6 8 11 20 24 66 1320
3 5 6 8 11 20 24 88 1320
3 5 6 8 11 20 24 110 1320
3 5 6 8 11 20 30 88 1320
3 5 6 8 11 20 33 40 1320
3 5 6 8 11 20 33 88 1320
3 5 6 8 11 20 33 120 1320
3 5 6 8 11 20 40 44 1320
3 5 6 8 11 20 40 55 1320
3 5 6 8 11 20 40 66 1320
3 5 6 8 11 20 40 88 1320
3 5 6 8 11 21 35 88 9240
3 5 6 8 11 21 40 77 9240
3 5 6 8 11 22 24 30 1320
3 5 6 8 11 22 24 40 1320
3 5 6 8 11 22 24 55 1320
3 5 6 8 11 22 24 60 1320
3 5 6 8 11 22 24 110 1320
3 5 6 8 11 22 24 120 1320
3 5 6 8 11 22 30 40 1320
3 5 6 8 11 22 30 88 1320
3 5 6 8 11 22 30 120 1320
3 5 6 8 11 22 33 40 1320
3 5 6 8 11 22 35 56 9240
3 5 6 8 11 22 40 44 1320
3 5 6 8 11 22 40 55 1320
3 5 6 8 11 22 40 60 1320
3 5 6 8 11 22 40 66 1320
3 5 6 8 11 24 30 33 1320
3 5 6 8 11 24 30 44 1320
3 5 6 8 11 24 30 55 1320
3 5 6 8 11 24 30 66 1320
3 5 6 8 11 24 30 88 1320
3 5 6 8 11 24 33 40 1320
3 5 6 8 11 24 33 55 1320
3 5 6 8 11 24 33 60 1320
3 5 6 8 11 24 40 44 1320
3 5 6 8 11 24 40 55 1320
3 5 6 8 11 30 33 40 1320
3 5 6 8 12 13 15 104 1560
3 5 6 8 12 13 20 104 1560
3 5 6 8 12 13 24 65 1560
3 5 6 8 12 13 26 40 1560
3 5 6 8 12 13 26 120 1560
3 5 6 8 12 13 30 104 1560
3 5 6 8 12 13 39 40 1560
3 5 6 8 12 13 39 120 1560
3 5 6 8 12 13 40 52 1560
3 5 6 8 12 13 40 65 1560
3 5 6 8 12 13 40 78 1560
3 5 6 8 12 13 40 104 1560
3 5 6 8 12 13 52 120 1560
3 5 6 8 12 13 60 104 1560
3 5 6 8 12 13 65 104 1560
3 5 6 8 12 13 65 120 1560
3 5 6 8 12 13 78 120 1560
3 5 6 8 12 13 104 120 1560
3 5 6 8 12 14 15 56 840
3 5 6 8 12 14 20 56 840
3 5 6 8 12 14 21 40 840
3 5 6 8 12 14 21 120 840
3 5 6 8 12 14 24 35 840
3 5 6 8 12 14 24 70 840
3 5 6 8 12 14 24 105 840
3 5 6 8 12 14 28 40 840
3 5 6 8 12 14 28 120 840
3 5 6 8 12 14 30 56 840
3 5 6 8 12 14 35 40 840
3 5 6 8 12 14 35 56 840
3 5 6 8 12 14 35 120 840
3 5 6 8 12 14 40 42 840
3 5 6 8 12 14 40 56 840
3 5 6 8 12 14 40 70 840
3 5 6 8 12 14 40 84 840
3 5 6 8 12 14 40 105 840
3 5 6 8 12 14 42 120 840
3 5 6 8 12 14 56 60 840
3 5 6 8 12 14 56 70 840
3 5 6 8 12 14 56 105 840
3 5 6 8 12 14 56 120 840
3 5 6 8 12 14 70 120 840
3 5 6 8 12 14 80 112 1680
3 5 6 8 12 15 16 48 240
3 5 6 8 12 15 16 80 240
3 5 6 8 12 15 18 72 360
3 5 6 8 12 15 20 24 120
3 5 6 8 12 15 20 40 120
3 5 6 8 12 15 20 120 120
3 5 6 8 12 15 21 56 840
3 5 6 8 12 15 22 88 1320
3 5 6 8 12 15 24 30 120
3 5 6 8 12 15 24 40 120
3 5 6 8 12 15 24 60 120
3 5 6 8 12 15 24 120 120
3 5 6 8 12 15 26 104 1560
3 5 6 8 12 15 28 56 840
3 5 6 8 12 15 30 40 120
3 5 6 8 12 15 30 120 120
3 5 6 8 12 15 32 96 480
3 5 6 8 12 15 33 88 1320
3 5 6 8 12 15 35 56 840
3 5 6 8 12 15 36 72 360
3 5 6 8 12 15 39 104 1560
3 5 6 8 12 15 40 60 120
3 5 6 8 12 15 40 120 120
3 5 6 8 12 15 42 56 840
3 5 6 8 12 15 44 88 1320
3 5 6 8 12 15 45 72 360
3 5 6 8 12 15 48 80 240
3 5 6 8 12 15 52 104 1560
3 5 6 8 12 15 55 88 1320
3 5 6 8 12 15 56 70 840
3 5 6 8 12 15 56 84 840
3 5 6 8 12 15 56 105 840
3 5 6 8 12 15 66 88 1320
3 5 6 8 12 16 20 48 240
3 5 6 8 12 16 20 80 240
3 5 6 8 12 16 24 80 240
3 5 6 8 12 16 30 48 240
3 5 6 8 12 16 30 80 240
3 5 6 8 12 16 35 112 1680
3 5 6 8 12 16 40 48 240
3 5 6 8 12 16 40 80 240
3 5 6 8 12 16 48 60 240
3 5 6 8 12 16 48 80 240
3 5 6 8 12 17 24 85 2040
3 5 6 8 12 17 34 40 2040
3 5 6 8 12 17 34 120 2040
3 5 6 8 12 17 40 51 2040
3 5 6 8 12 17 40 68 2040
3 5 6 8 12 17 40 85 2040
3 5 6 8 12 17 40 102 2040
3 5 6 8 12 18 20 72 360
3 5 6 8 12 18 24 45 360
3 5 6 8 12 18 24 90 360
3 5 6 8 12 18 30 72 360
3 5 6 8 12 18 36 40 360
3 5 6 8 12 18 40 45 360
3 5 6 8 12 18 40 72 360
3 5 6 8 12 19 24 95 2280
3 5 6 8 12 19 38 40 2280
3 5 6 8 12 19 40 57 2280
3 5 6 8 12 20 21 56 840
3 5 6 8 12 20 22 88 1320
3 5 6 8 12 20 24 30 120
3 5 6 8 12 20 24 40 120
3 5 6 8 12 20 24 60 120
3 5 6 8 12 20 24 120 120
3 5 6 8 12 20 26 104 1560
3 5 6 8 12 20 28 56 840
3 5 6 8 12 20 30 40 120
3 5 6 8 12 20 35 56 840
3 5 6 8 12 21 24 35 840
3 5 6 8 12 21 24 70 840
3 5 6 8 12 21 24 105 840
3 5 6 8 12 21 28 40 840
3 5 6 8 12 21 30 56 840
3 5 6 8 12 21 35 40 840
3 5 6 8 12 21 35 56 840
3 5 6 8 12 21 40 42 840
3 5 6 8 12 22 24 55 1320
3 5 6 8 12 22 24 110 1320
3 5 6 8 12 22 33 40 1320
3 5 6 8 12 22 40 44 1320
3 5 6 8 12 23 24 115 2760
3 5 6 8 12 24 25 50 600
3 5 6 8 12 24 25 75 600
3 5 6 8 12 24 26 65 1560
3 5 6 8 12 24 28 35 840
3 5 6 8 12 24 30 40 120
3 5 6 8 12 24 35 42 840
3 5 6 8 13 14 35 104 10920
3 5 6 8 13 14 40 91 10920
3 5 6 8 13 14 56 65 10920
3 5 6 8 13 15 20 104 1560
3 5 6 8 13 15 24 26 1560
3 5 6 8 13 15 24 39 1560
3 5 6 8 13 15 24 52 1560
3 5 6 8 13 15 24 65 1560
3 5 6 8 13 15 24 78 1560
3 5 6 8 13 15 24 104 1560
3 5 6 8 13 15 26 40 1560
3 5 6 8 13 15 26 104 1560
3 5 6 8 13 15 26 120 1560
3 5 6 8 13 15 30 104 1560
3 5 6 8 13 15 39 40 1560
3 5 6 8 13 15 39 104 1560
3 5 6 8 13 15 39 120 1560
3 5 6 8 13 15 40 52 1560
3 5 6 8 13 15 40 65 1560
3 5 6 8 13 15 40 78 1560
3 5 6 8 13 15 40 104 1560
3 5 6 8 13 16 26 80 3120
3 5 6 8 13 16 39 80 3120
3 5 6 8 13 16 48 65 3120
3 5 6 8 13 20 24 26 1560
3 5 6 8 13 20 24 39 1560
3 5 6 8 13 20 24 52 1560
3 5 6 8 13 20 24 65 1560
3 5 6 8 13 20 24 78 1560
3 5 6 8 13 20 24 104 1560
3 5 6 8 13 20 26 40 1560
3 5 6 8 13 20 39 40 1560
3 5 6 8 13 24 26 30 1560
3 5 6 8 13 24 26 40 1560
3 5 6 8 13 24 30 39 1560
3 5 6 8 14 15 16 112 1680
3 5 6 8 14 15 20 56 840
3 5 6 8 14 15 21 24 840
3 5 6 8 14 15 21 40 840
3 5 6 8 14 15 21 56 840
3 5 6 8 14 15 21 120 840
3 5 6 8 14 15 24 28 840
3 5 6 8 14 15 24 35 840
3 5 6 8 14 15 24 42 840
3 5 6 8 14 15 24 56 840
3 5 6 8 14 15 24 70 840
3 5 6 8 14 15 24 84 840
3 5 6 8 14 15 24 105 840
3 5 6 8 14 15 28 40 840
3 5 6 8 14 15 28 56 840
3 5 6 8 14 15 28 120 840
3 5 6 8 14 15 30 56 840
3 5 6 8 14 15 35 40 840
3 5 6 8 14 15 35 56 840
3 5 6 8 14 15 40 42 840
3 5 6 8 14 15 40 56 840
3 5 6 8 14 15 40 70 840
3 5 6 8 14 15 42 56 840
3 5 6 8 14 16 20 112 1680
3 5 6 8 14 16 21 80 1680
3 5 6 8 14 16 28 80 1680
3 5 6 8 14 16 30 112 1680
3 5 6 8 14 16 35 48 1680
3 5 6 8 14 20 21 24 840
3 5 6 8 14 20 21 40 840
3 5 6 8 14 20 21 56 840
3 5 6 8 14 20 21 120 840
3 5 6 8 14 20 24 28 840
3 5 6 8 14 20 24 35 840
3 5 6 8 14 20 24 42 840
3 5 6 8 14 20 24 56 840
3 5 6 8 14 20 24 70 840
3 5 6 8 14 20 28 40 840
3 5 6 8 14 21 24 30 840
3 5 6 8 14 21 24 35 840
3 5 6 8 14 21 24 40 840
3 5 6 8 14 21 24 60 840
3 5 6 8 14 21 28 40 840
3 5 6 8 14 21 30 40 840
3 5 6 8 14 24 28 30 840
3 5 6 8 14 24 28 35 840
3 5 6 8 15 16 20 48 240
3 5 6 8 15 16 20 80 240
3 5 6 8 15 16 21 112 1680
3 5 6 8 15 16 24 48 240
3 5 6 8 15 16 24 80 240
3 5 6 8 15 16 30 48 240
3 5 6 8 15 17 24 34 2040
3 5 6 8 15 17 24 51 2040
3 5 6 8 15 17 24 68 2040
3 5 6 8 15 17 24 85 2040
3 5 6 8 15 17 24 102 2040
3 5 6 8 15 17 34 40 2040
3 5 6 8 15 18 20 72 360
3 5 6 8 15 18 24 36 360
3 5 6 8 15 18 24 45 360
3 5 6 8 15 18 24 72 360
3 5 6 8 15 19 24 38 2280
3 5 6 8 15 19 24 57 2280
3 5 6 8 15 20 21 56 840
3 5 6 8 15 20 24 30 120
3 5 6 8 15 20 24 40 120
3 5 6 8 15 21 24 28 840
3 5 6 8 15 21 24 35 840
3 5 6 8 15 21 24 42 840
3 5 6 8 15 22 24 33 1320
3 5 6 8 15 22 24 44 1320
3 5 6 8 17 20 24 34 2040
3 5 6 9 10 11 15 99 990
3 5 6 9 10 11 18 22 990
3 5 6 9 10 11 18 33 990
3 5 6 9 10 11 18 55 990
3 5 6 9 10 11 18 66 990
3 5 6 9 10 11 18 99 990
3 5 6 9 10 11 18 110 990
3 5 6 9 10 11 22 45 990
3 5 6 9 10 11 22 90 990
3 5 6 9 10 11 22 99 990
3 5 6 9 10 11 30 99 990
3 5 6 9 10 11 33 45 990
3 5 6 9 10 11 33 90 990
3 5 6 9 10 11 33 99 990
3 5 6 9 10 11 36 44 1980
3 5 6 9 10 11 45 55 990
3 5 6 9 10 11 45 66 990
3 5 6 9 10 11 45 99 990
3 5 6 9 10 11 45 110 990
3 5 6 9 10 11 55 90 990
3 5 6 9 10 11 55 99 990
3 5 6 9 10 11 63 77 6930
3 5 6 9 10 11 66 90 990
3 5 6 9 10 11 66 99 990
3 5 6 9 10 11 72 88 3960
3 5 6 9 10 11 77 126 6930
3 5 6 9 10 11 90 99 990
3 5 6 9 10 11 90 110 990
3 5 6 9 10 11 99 110 990
3 5 6 9 10 12 15 36 180
3 5 6 9 10 12 18 20 180
3 5 6 9 10 12 18 36 180
3 5 6 9 10 12 18 60 180
3 5 6 9 10 12 20 36 180
3 5 6 9 10 12 20 45 180
3 5 6 9 10 12 20 90 180
3 5 6 9 10 12 24 72 360
3 5 6 9 10 12 27 108 540
3 5 6 9 10 12 28 63 1260
3 5 6 9 10 12 28 126 1260
3 5 6 9 10 12 30 36 180
3 5 6 9 10 12 36 45 180
3 5 6 9 10 12 36 60 180
3 5 6 9 10 12 36 90 180
3 5 6 9 10 12 40 72 360
3 5 6 9 10 12 44 99 1980
3 5 6 9 10 12 45 60 180
3 5 6 9 10 12 52 117 2340
3 5 6 9 10 12 54 108 540
3 5 6 9 10 12 60 90 180
3 5 6 9 10 12 63 84 1260
3 5 6 9 10 12 72 120 360
3 5 6 9 10 12 84 126 1260
3 5 6 9 10 13 15 117 1170
3 5 6 9 10 13 18 26 1170
3 5 6 9 10 13 18 39 1170
3 5 6 9 10 13 18 65 1170
3 5 6 9 10 13 18 78 1170
3 5 6 9 10 13 18 117 1170
3 5 6 9 10 13 26 45 1170
3 5 6 9 10 13 26 90 1170
3 5 6 9 10 13 26 117 1170
3 5 6 9 10 13 30 117 1170
3 5 6 9 10 13 36 52 2340
3 5 6 9 10 13 39 45 1170
3 5 6 9 10 13 39 90 1170
3 5 6 9 10 13 39 117 1170
3 5 6 9 10 13 45 65 1170
3 5 6 9 10 13 45 78 1170
3 5 6 9 10 13 45 117 1170
3 5 6 9 10 13 63 91 8190
3 5 6 9 10 13 65 90 1170
3 5 6 9 10 13 65 117 1170
3 5 6 9 10 13 72 104 4680
3 5 6 9 10 13 78 90 1170
3 5 6 9 10 13 78 117 1170
3 5 6 9 10 13 90 117 1170
3 5 6 9 10 13 91 126 8190
3 5 6 9 10 14 15 63 630
3 5 6 9 10 14 15 126 630
3 5 6 9 10 14 18 21 630
3 5 6 9 10 14 18 35 630
3 5 6 9 10 14 18 42 630
3 5 6 9 10 14 18 63 630
3 5 6 9 10 14 18 70 630
3 5 6 9 10 14 18 105 630
3 5 6 9 10 14 18 126 630
3 5 6 9 10 14 21 45 630
3 5 6 9 10 14 21 63 630
3 5 6 9 10 14 21 90 630
3 5 6 9 10 14 21 126 630
3 5 6 9 10 14 28 36 1260
3 5 6 9 10 14 30 63 630
3 5 6 9 10 14 30 126 630
3 5 6 9 10 14 35 45 630
3 5 6 9 10 14 35 63 630
3 5 6 9 10 14 35 90 630
3 5 6 9 10 14 35 126 630
3 5 6 9 10 14 36 84 1260
3 5 6 9 10 14 42 45 630
3 5 6 9 10 14 42 63 630
3 5 6 9 10 14 42 90 630
3 5 6 9 10 14 42 126 630
3 5 6 9 10 14 45 63 630
3 5 6 9 10 14 45 70 630
3 5 6 9 10 14 45 105 630
3 5 6 9 10 14 45 126 630
3 5 6 9 10 14 56 72 2520
3 5 6 9 10 14 63 70 630
3 5 6 9 10 14 63 90 630
3 5 6 9 10 14 63 105 630
3 5 6 9 10 14 63 126 630
3 5 6 9 10 14 70 90 630
3 5 6 9 10 14 70 126 630
3 5 6 9 10 14 77 99 6930
3 5 6 9 10 14 90 105 630
3 5 6 9 10 14 90 126 630
3 5 6 9 10 14 91 117 8190
3 5 6 9 10 15 18 30 90
3 5 6 9 10 15 18 45 90
3 5 6 9 10 15 18 90 90
3 5 6 9 10 15 20 36 180
3 5 6 9 10 15 21 63 630
3 5 6 9 10 15 21 126 630
3 5 6 9 10 15 22 99 990
3 5 6 9 10 15 24 72 360
3 5 6 9 10 15 26 117 1170
3 5 6 9 10 15 27 54 270
3 5 6 9 10 15 30 45 90
3 5 6 9 10 15 30 90 90
3 5 6 9 10 15 33 99 990
3 5 6 9 10 15 35 63 630
3 5 6 9 10 15 35 126 630
3 5 6 9 10 15 36 60 180
3 5 6 9 10 15 39 117 1170
3 5 6 9 10 15 40 72 360
3 5 6 9 10 15 42 63 630
3 5 6 9 10 15 42 126 630
3 5 6 9 10 15 45 90 90
3 5 6 9 10 15 55 99 990
3 5 6 9 10 15 63 70 630
3 5 6 9 10 15 63 105 630
3 5 6 9 10 15 63 126 630
3 5 6 9 10 15 65 117 1170
3 5 6 9 10 15 66 99 990
3 5 6 9 10 16 18 48 720
3 5 6 9 10 16 18 80 720
3 5 6 9 10 16 36 48 720
3 5 6 9 10 16 36 80 720
3 5 6 9 10 16 45 48 720
3 5 6 9 10 16 45 80 720
3 5 6 9 10 16 48 72 720
3 5 6 9 10 16 48 90 720
3 5 6 9 10 17 18 34 1530
3 5 6 9 10 17 18 51 1530
3 5 6 9 10 17 18 85 1530
3 5 6 9 10 17 18 102 1530
3 5 6 9 10 17 34 45 1530
3 5 6 9 10 17 34 90 1530
3 5 6 9 10 17 36 68 3060
3 5 6 9 10 17 45 51 1530
3 5 6 9 10 17 45 85 1530
3 5 6 9 10 17 45 102 1530
3 5 6 9 10 17 51 90 1530
3 5 6 9 10 18 19 38 1710
3 5 6 9 10 18 19 57 1710
3 5 6 9 10 18 19 95 1710
3 5 6 9 10 18 19 114 1710
3 5 6 9 10 18 20 36 180
3 5 6 9 10 18 20 60 180
3 5 6 9 10 18 21 35 630
3 5 6 9 10 18 21 42 630
3 5 6 9 10 18 21 63 630
3 5 6 9 10 18 21 70 630
3 5 6 9 10 18 21 105 630
3 5 6 9 10 18 21 126 630
3 5 6 9 10 18 22 33 990
3 5 6 9 10 18 22 55 990
3 5 6 9 10 18 22 66 990
3 5 6 9 10 18 22 99 990
3 5 6 9 10 18 22 110 990
3 5 6 9 10 18 23 46 2070
3 5 6 9 10 18 23 69 2070
3 5 6 9 10 18 23 115 2070
3 5 6 9 10 18 24 40 360
3 5 6 9 10 18 24 72 360
3 5 6 9 10 18 24 120 360
3 5 6 9 10 18 25 50 450
3 5 6 9 10 18 25 75 450
3 5 6 9 10 18 26 39 1170
3 5 6 9 10 18 26 65 1170
3 5 6 9 10 18 26 78 1170
3 5 6 9 10 18 26 117 1170
3 5 6 9 10 18 27 54 270
3 5 6 9 10 18 28 84 1260
3 5 6 9 10 18 29 58 2610
3 5 6 9 10 18 29 87 2610
3 5 6 9 10 18 30 45 90
3 5 6 9 10 18 30 90 90
3 5 6 9 10 18 31 62 2790
3 5 6 9 10 18 31 93 2790
3 5 6 9 10 18 32 96 1440
3 5 6 9 10 18 33 55 990
3 5 6 9 10 18 33 66 990
3 5 6 9 10 18 33 99 990
3 5 6 9 10 18 33 110 990
3 5 6 9 10 18 34 51 1530
3 5 6 9 10 18 34 85 1530
3 5 6 9 10 18 34 102 1530
3 5 6 9 10 18 35 42 630
3 5 6 9 10 18 35 63 630
3 5 6 9 10 18 35 70 630
3 5 6 9 10 18 35 105 630
3 5 6 9 10 18 35 126 630
3 5 6 9 10 18 36 60 180
3 5 6 9 10 18 37 74 3330
3 5 6 9 10 18 37 111 3330
3 5 6 9 10 18 38 57 1710
3 5 6 9 10 18 38 95 1710
3 5 6 9 10 18 38 114 1710
3 5 6 9 10 18 39 65 1170
3 5 6 9 10 18 39 78 1170
3 5 6 9 10 18 39 117 1170
3 5 6 9 10 18 40 72 360
3 5 6 9 10 18 41 82 3690
3 5 6 9 10 18 42 63 630
3 5 6 9 10 18 42 70 630
3 5 6 9 10 18 43 86 3870
3 5 6 9 10 18 46 69 2070
3 5 6 9 10 19 36 76 3420
3 5 6 9 10 19 38 45 1710
3 5 6 9 10 19 38 90 1710
3 5 6 9 10 19 45 57 1710
3 5 6 9 10 20 24 72 360
3 5 6 9 10 20 27 108 540
3 5 6 9 10 20 28 63 1260
3 5 6 9 10 20 28 126 1260
3 5 6 9 10 20 30 36 180
3 5 6 9 10 20 36 45 180
3 5 6 9 10 20 36 60 180
3 5 6 9 10 21 28 36 1260
3 5 6 9 10 21 30 63 630
3 5 6 9 10 21 35 45 630
3 5 6 9 10 21 35 63 630
3 5 6 9 10 21 42 45 630
3 5 6 9 10 22 33 45 990
3 5 6 9 10 22 36 44 1980
3 5 6 9 10 24 36 40 360
3 5 6 9 10 28 35 36 1260
3 5 6 9 11 12 20 99 1980
3 5 6 9 11 12 36 55 1980
3 5 6 9 11 12 36 110 1980
3 5 6 9 11 12 44 45 1980
3 5 6 9 11 12 44 90 1980
3 5 6 9 11 12 60 99 1980
3 5 6 9 11 14 35 99 6930
3 5 6 9 11 14 45 77 6930
3 5 6 9 11 14 55 63 6930
3 5 6 9 11 15 18 22 990
3 5 6 9 11 15 18 33 990
3 5 6 9 11 15 18 55 990
3 5 6 9 11 15 18 66 990
3 5 6 9 11 15 18 99 990
3 5 6 9 11 15 18 110 990
3 5 6 9 11 15 22 45 990
3 5 6 9 11 15 22 90 990
3 5 6 9 11 15 22 99 990
3 5 6 9 11 15 30 99 990
3 5 6 9 11 15 33 90 990
3 5 6 9 11 15 36 44 1980
3 5 6 9 11 15 45 66 990
3 5 6 9 11 18 20 44 1980
3 5 6 9 11 18 22 30 990
3 5 6 9 11 18 22 45 990
3 5 6 9 11 18 22 55 990
3 5 6 9 11 18 22 90 990
3 5 6 9 11 18 22 110 990
3 5 6 9 11 18 30 33 990
3 5 6 9 11 18 30 55 990
3 5 6 9 11 18 30 66 990
3 5 6 9 11 18 30 99 990
3 5 6 9 11 18 33 45 990
3 5 6 9 11 18 33 55 990
3 5 6 9 11 20 22 36 1980
3 5 6 9 11 20 33 36 1980
3 5 6 9 11 20 36 44 1980
3 5 6 9 11 22 30 45 990
3 5 6 9 12 13 20 117 2340
3 5 6 9 12 13 36 65 2340
3 5 6 9 12 13 45 52 2340
3 5 6 9 12 13 52 90 2340
3 5 6 9 12 14 20 63 1260
3 5 6 9 12 14 20 126 1260
3 5 6 9 12 14 28 45 1260
3 5 6 9 12 14 28 90 1260
3 5 6 9 12 14 35 36 1260
3 5 6 9 12 14 36 70 1260
3 5 6 9 12 14 36 105 1260
3 5 6 9 12 15 18 20 180
3 5 6 9 12 15 18 36 180
3 5 6 9 12 15 18 60 180
3 5 6 9 12 15 20 36 180
3 5 6 9 12 15 20 45 180
3 5 6 9 12 15 20 90 180
3 5 6 9 12 15 24 72 360
3 5 6 9 12 15 27 108 540
3 5 6 9 12 15 28 63 1260
3 5 6 9 12 15 28 126 1260
3 5 6 9 12 15 30 36 180
3 5 6 9 12 15 36 45 180
3 5 6 9 12 15 36 60 180
3 5 6 9 12 16 18 80 720
3 5 6 9 12 18 20 30 180
3 5 6 9 12 18 20 36 180
3 5 6 9 12 18 20 45 180
3 5 6 9 12 18 20 60 180
3 5 6 9 12 18 20 90 180
3 5 6 9 12 18 24 40 360
3 5 6 9 12 18 28 35 1260
3 5 6 9 12 18 30 36 180
3 5 6 9 12 20 21 63 1260
3 5 6 9 12 20 30 36 180
3 5 6 9 13 15 18 26 1170
3 5 6 9 13 15 18 39 1170
3 5 6 9 13 15 18 65 1170
3 5 6 9 13 15 18 78 1170
3 5 6 9 13 15 18 117 1170
3 5 6 9 13 15 26 45 1170
3 5 6 9 13 15 26 90 1170
3 5 6 9 13 15 26 117 1170
3 5 6 9 13 15 36 52 2340
3 5 6 9 13 18 20 52 2340
3 5 6 9 13 18 26 30 1170
3 5 6 9 13 18 26 45 1170
3 5 6 9 13 18 30 39 1170
3 5 6 9 13 20 26 36 2340
3 5 6 9 14 15 18 21 630
3 5 6 9 14 15 18 35 630
3 5 6 9 14 15 18 42 630
3 5 6 9 14 15 18 63 630
3 5 6 9 14 15 18 70 630
3 5 6 9 14 15 18 105 630
3 5 6 9 14 15 18 126 630
3 5 6 9 14 15 21 45 630
3 5 6 9 14 15 21 63 630
3 5 6 9 14 15 21 90 630
3 5 6 9 14 15 21 126 630
3 5 6 9 14 15 28 36 1260
3 5 6 9 14 18 20 28 1260
3 5 6 9 14 18 21 30 630
3 5 6 9 14 18 21 35 630
3 5 6 9 14 18 21 45 630
3 5 6 9 14 20 21 36 1260
3 5 6 9 15 16 18 48 720
3 5 6 9 15 16 18 80 720
3 5 6 9 15 17 18 34 1530
3 5 6 9 15 17 18 51 1530
3 5 6 9 15 17 18 85 1530
3 5 6 9 15 17 18 102 1530
3 5 6 9 15 18 19 38 1710
3 5 6 9 15 18 19 57 1710
3 5 6 9 15 18 20 36 180
3 5 6 9 15 18 21 35 630
3 5 6 9 15 18 21 42 630
3 5 6 9 15 18 22 33 990
3 5 6 10 11 12 15 44 660
3 5 6 10 11 12 20 22 660
3 5 6 10 11 12 20 33 660
3 5 6 10 11 12 20 44 660
3 5 6 10 11 12 20 55 660
3 5 6 10 11 12 20 66 660
3 5 6 10 11 12 20 110 660
3 5 6 10 11 12 22 44 660
3 5 6 10 11 12 22 60 660
3 5 6 10 11 12 24 88 1320
3 5 6 10 11 12 28 77 4620
3 5 6 10 11 12 30 44 660
3 5 6 10 11 12 33 44 660
3 5 6 10 11 12 33 60 660
3 5 6 10 11 12 36 99 1980
3 5 6 10 11 12 40 88 1320
3 5 6 10 11 12 44 55 660
3 5 6 10 11 12 44 60 660
3 5 6 10 11 12 44 66 660
3 5 6 10 11 12 44 110 660
3 5 6 10 11 12 55 60 660
3 5 6 10 11 12 60 66 660
3 5 6 10 11 13 22 26 4290
3 5 6 10 11 13 22 39 4290
3 5 6 10 11 13 22 65 4290
3 5 6 10 11 13 22 78 4290
3 5 6 10 11 13 26 33 4290
3 5 6 10 11 13 26 55 4290
3 5 6 10 11 13 26 66 4290
3 5 6 10 11 13 26 110 4290
3 5 6 10 11 13 33 39 4290
3 5 6 10 11 13 33 65 4290
3 5 6 10 11 13 33 78 4290
3 5 6 10 11 13 39 55 4290
3 5 6 10 11 13 39 66 4290
3 5 6 10 11 13 39 110 4290
3 5 6 10 11 13 44 52 8580
3 5 6 10 11 13 55 65 4290
3 5 6 10 11 14 15 77 2310
3 5 6 10 11 14 21 22 2310
3 5 6 10 11 14 21 33 2310
3 5 6 10 11 14 21 55 2310
3 5 6 10 11 14 21 66 2310
3 5 6 10 11 14 21 77 2310
3 5 6 10 11 14 21 110 2310
3 5 6 10 11 14 22 35 2310
3 5 6 10 11 14 22 42 2310
3 5 6 10 11 14 22 70 2310
3 5 6 10 11 14 22 77 2310
3 5 6 10 11 14 22 105 2310
3 5 6 10 11 14 28 44 4620
3 5 6 10 11 14 30 77 2310
3 5 6 10 11 14 33 35 2310
3 5 6 10 11 14 33 42 2310
3 5 6 10 11 14 33 70 2310
3 5 6 10 11 14 33 77 2310
3 5 6 10 11 14 33 105 2310
3 5 6 10 11 14 35 55 2310
3 5 6 10 11 14 35 66 2310
3 5 6 10 11 14 35 77 2310
3 5 6 10 11 14 42 55 2310
3 5 6 10 11 14 42 66 2310
3 5 6 10 11 15 18 99 990
3 5 6 10 11 15 20 44 660
3 5 6 10 11 15 21 77 2310
3 5 6 10 11 15 22 30 330
3 5 6 10 11 15 22 33 330
3 5 6 10 11 15 22 55 330
3 5 6 10 11 15 22 66 330
3 5 6 10 11 15 22 110 330
3 5 6 10 11 15 24 88 1320
3 5 6 10 11 15 30 33 330
3 5 6 10 11 15 30 55 330
3 5 6 10 11 15 30 66 330
3 5 6 10 11 15 33 55 330
3 5 6 10 11 15 33 66 330
3 5 6 10 11 16 22 48 2640
3 5 6 10 11 16 22 80 2640
3 5 6 10 11 16 33 48 2640
3 5 6 10 11 17 22 34 5610
3 5 6 10 11 17 22 51 5610
3 5 6 10 11 17 22 85 5610
3 5 6 10 11 17 22 102 5610
3 5 6 10 11 17 33 34 5610
3 5 6 10 11 18 22 45 990
3 5 6 10 11 18 22 90 990
3 5 6 10 11 18 22 99 990
3 5 6 10 11 19 22 38 6270
3 5 6 10 11 19 22 57 6270
3 5 6 10 11 19 33 38 6270
3 5 6 10 11 20 22 44 660
3 5 6 10 11 20 22 60 660
3 5 6 10 11 21 22 35 2310
3 5 6 10 11 21 22 42 2310
3 5 6 10 11 22 23 46 7590
3 5 6 10 11 22 24 40 1320
3 5 6 10 11 22 26 39 4290
3 5 6 10 12 13 15 52 780
3 5 6 10 12 13 20 26 780
3 5 6 10 12 13 20 39 780
3 5 6 10 12 13 20 52 780
3 5 6 10 12 13 20 65 780
3 5 6 10 12 13 20 78 780
3 5 6 10 12 13 24 104 1560
3 5 6 10 12 13 26 52 780
3 5 6 10 12 13 26 60 780
3 5 6 10 12 13 28 91 5460
3 5 6 10 12 13 30 52 780
3 5 6 10 12 13 39 52 780
3 5 6 10 12 13 39 60 780
3 5 6 10 12 14 15 28 420
3 5 6 10 12 14 15 84 420
3 5 6 10 12 14 16 112 1680
3 5 6 10 12 14 20 21 420
3 5 6 10 12 14 20 28 420
3 5 6 10 12 14 20 35 420
3 5 6 10 12 14 20 42 420
3 5 6 10 12 14 20 70 420
3 5 6 10 12 14 20 84 420
3 5 6 10 12 14 20 105 420
3 5 6 10 12 14 21 28 420
3 5 6 10 12 14 21 60 420
3 5 6 10 12 14 21 84 420
3 5 6 10 12 14 24 56 840
3 5 6 10 12 14 28 30 420
3 5 6 10 12 14 28 35 420
3 5 6 10 12 14 28 42 420
3 5 6 10 12 14 28 60 420
3 5 6 10 12 14 28 70 420
3 5 6 10 12 14 28 84 420
3 5 6 10 12 15 16 48 240
3 5 6 10 12 15 16 80 240
3 5 6 10 12 15 17 68 1020
3 5 6 10 12 15 18 36 180
3 5 6 10 12 15 19 76 1140
3 5 6 10 12 15 20 30 60
3 5 6 10 12 15 20 60 60
3 5 6 10 12 15 21 28 420
3 5 6 10 12 15 21 84 420
3 5 6 10 12 15 22 44 660
3 5 6 10 12 15 23 92 1380
3 5 6 10 12 15 24 40 120
3 5 6 10 12 15 26 52 780
3 5 6 10 12 15 28 35 420
3 5 6 10 12 15 28 42 420
3 5 6 10 12 15 33 44 660
3 5 6 10 12 16 20 48 240
3 5 6 10 12 16 20 80 240
3 5 6 10 12 16 21 112 1680
3 5 6 10 12 16 24 48 240
3 5 6 10 12 17 20 34 1020
3 5 6 10 12 17 20 51 1020
3 5 6 10 12 17 20 68 1020
3 5 6 10 12 17 20 85 1020
3 5 6 10 12 17 20 102 1020
3 5 6 10 12 18 20 36 180
3 5 6 10 12 18 20 45 180
3 5 6 10 12 19 20 38 1140
3 5 6 10 12 19 20 57 1140
3 5 6 10 12 20 21 28 420
3 5 6 10 12 20 21 35 420
3 5 6 10 12 20 21 42 420
3 5 6 10 12 20 22 33 660
3 5 6 10 12 20 22 44 660
3 5 6 10 13 14 15 91 2730
3 5 6 10 13 14 21 26 2730
3 5 6 10 13 14 21 39 2730
3 5 6 10 13 14 21 65 2730
3 5 6 10 13 14 21 78 2730
3 5 6 10 13 14 21 91 2730
3 5 6 10 13 14 26 35 2730
3 5 6 10 13 14 26 42 2730
3 5 6 10 13 14 26 70 2730
3 5 6 10 13 14 28 52 5460
3 5 6 10 13 14 35 39 2730
3 5 6 10 13 15 18 117 1170
3 5 6 10 13 15 20 52 780
3 5 6 10 13 15 21 91 2730
3 5 6 10 13 15 26 30 390
3 5 6 10 13 15 26 39 390
3 5 6 10 13 15 30 39 390
3 5 6 10 13 17 26 34 6630
3 5 6 10 14 15 16 112 1680
3 5 6 10 14 15 17 119 3570
3 5 6 10 14 15 18 63 630
3 5 6 10 14 15 18 126 630
3 5 6 10 14 15 20 28 420
3 5 6 10 14 15 21 30 210
3 5 6 10 14 15 21 35 210
3 5 6 10 14 15 21 42 210
3 5 6 10 14 16 21 48 1680
3 5 6 10 14 17 21 34 3570
3 5 6 10 14 20 21 28 420
3 5 6 11 12 14 20 77 4620
3 5 6 11 12 15 20 22 660
3 5 6 11 12 15 20 33 660
3 5 6 11 12 15 20 44 660
3 5 6 11 12 15 20 55 660
3 5 6 11 12 15 20 66 660
3 5 6 11 12 15 22 44 660
3 5 6 11 12 15 22 60 660
3 5 6 11 12 20 22 30 660
3 5 6 11 13 15 22 26 4290
3 5 6 11 13 15 22 39 4290
3 5 6 11 13 15 26 33 4290
3 5 6 11 14 15 21 22 2310
3 5 6 11 14 15 21 33 2310
3 5 6 11 14 15 22 35 2310
3 5 6 12 13 15 20 26 780
3 5 6 12 13 15 20 39 780
3 5 6 12 14 15 20 21 420
3 5 6 12 14 15 20 28 420
3 5 6 12 14 15 21 28 420
3 5 6 13 14 15 21 26 2730
3 5 7 8 9 10 14 72 2520
3 5 7 8 9 10 18 56 2520
3 5 7 8 9 10 21 72 2520
3 5 7 8 9 10 24 63 2520
3 5 7 8 9 10 24 126 2520
3 5 7 8 9 10 28 72 2520
3 5 7 8 9 10 35 72 2520
3 5 7 8 9 10 36 56 2520
3 5 7 8 9 10 40 63 2520
3 5 7 8 9 10 40 126 2520
3 5 7 8 9 10 42 72 2520
3 5 7 8 9 10 45 56 2520
3 5 7 8 9 10 56 63 2520
3 5 7 8 9 10 56 72 2520
3 5 7 8 9 10 56 90 2520
3 5 7 8 9 10 56 126 2520
3 5 7 8 9 10 63 72 2520
3 5 7 8 9 10 63 120 2520
3 5 7 8 9 10 70 72 2520
3 5 7 8 9 10 72 84 2520
3 5 7 8 9 10 72 105 2520
3 5 7 8 9 10 72 126 2520
3 5 7 8 9 10 120 126 2520
3 5 7 8 9 12 35 72 2520
3 5 7 8 9 12 40 63 2520
3 5 7 8 9 12 40 126 2520
3 5 7 8 9 12 45 56 2520
3 5 7 8 9 12 56 90 2520
3 5 7 8 9 12 63 120 2520
3 5 7 8 9 12 70 72 2520
3 5 7 8 9 12 72 105 2520
3 5 7 8 9 12 120 126 2520
3 5 7 8 9 14 15 72 2520
3 5 7 8 9 14 18 40 2520
3 5 7 8 9 14 18 120 2520
3 5 7 8 9 14 20 72 2520
3 5 7 8 9 14 24 45 2520
3 5 7 8 9 14 24 90 2520
3 5 7 8 9 14 30 72 2520
3 5 7 8 9 14 35 72 2520
3 5 7 8 9 14 36 40 2520
3 5 7 8 9 14 36 120 2520
3 5 7 8 9 14 40 45 2520
3 5 7 8 9 14 40 63 2520
3 5 7 8 9 14 40 72 2520
3 5 7 8 9 14 40 90 2520
3 5 7 8 9 14 40 126 2520
3 5 7 8 9 14 45 56 2520
3 5 7 8 9 14 45 72 2520
3 5 7 8 9 14 45 120 2520
3 5 7 8 9 14 56 90 2520
3 5 7 8 9 14 60 72 2520
3 5 7 8 9 14 63 120 2520
3 5 7 8 9 14 70 72 2520
3 5 7 8 9 14 72 90 2520
3 5 7 8 9 14 72 105 2520
3 5 7 8 9 14 72 120 2520
3 5 7 8 9 14 90 120 2520
3 5 7 8 9 15 18 56 2520
3 5 7 8 9 15 21 72 2520
3 5 7 8 9 15 24 63 2520
3 5 7 8 9 15 24 126 2520
3 5 7 8 9 15 28 72 2520
3 5 7 8 9 15 35 72 2520
3 5 7 8 9 15 36 56 2520
3 5 7 8 9 15 40 63 2520
3 5 7 8 9 15 40 126 2520
3 5 7 8 9 15 42 72 2520
3 5 7 8 9 15 45 56 2520
3 5 7 8 9 15 56 63 2520
3 5 7 8 9 15 56 72 2520
3 5 7 8 9 15 56 90 2520
3 5 7 8 9 15 56 126 2520
3 5 7 8 9 15 63 72 2520
3 5 7 8 9 15 63 120 2520
3 5 7 8 9 15 70 72 2520
3 5 7 8 9 15 72 84 2520
3 5 7 8 9 15 72 105 2520
3 5 7 8 9 15 72 126 2520
3 5 7 8 9 16 45 112 5040
3 5 7 8 9 16 63 80 5040
3 5 7 8 9 18 20 56 2520
3 5 7 8 9 18 21 40 2520
3 5 7 8 9 18 21 120 2520
3 5 7 8 9 18 24 35 2520
3 5 7 8 9 18 24 70 2520
3 5 7 8 9 18 24 105 2520
3 5 7 8 9 18 28 40 2520
3 5 7 8 9 18 28 120 2520
3 5 7 8 9 18 30 56 2520
3 5 7 8 9 18 35 40 2520
3 5 7 8 9 18 35 56 2520
3 5 7 8 9 18 35 72 2520
3 5 7 8 9 18 35 120 2520
3 5 7 8 9 18 40 42 2520
3 5 7 8 9 18 40 56 2520
3 5 7 8 9 18 40 63 2520
3 5 7 8 9 18 40 70 2520
3 5 7 8 9 18 40 84 2520
3 5 7 8 9 18 40 105 2520
3 5 7 8 9 18 40 126 2520
3 5 7 8 9 18 45 56 2520
3 5 7 8 9 18 56 60 2520
3 5 7 8 9 20 21 72 2520
3 5 7 8 9 20 24 63 2520
3 5 7 8 9 20 24 126 2520
3 5 7 8 9 20 28 72 2520
3 5 7 8 9 20 35 72 2520
3 5 7 8 9 20 36 56 2520
3 5 7 8 9 20 40 63 2520
3 5 7 8 9 20 45 56 2520
3 5 7 8 9 21 24 45 2520
3 5 7 8 9 21 24 90 2520
3 5 7 8 9 21 30 72 2520
3 5 7 8 9 21 35 72 2520
3 5 7 8 9 21 36 40 2520
3 5 7 8 9 21 40 45 2520
3 5 7 8 9 21 40 63 2520
3 5 7 8 9 24 28 45 2520
3 5 7 8 9 24 28 90 2520
3 5 7 8 9 24 30 63 2520
3 5 7 8 9 24 35 36 2520
3 5 7 8 9 24 35 45 2520
3 5 7 8 9 28 36 40 2520
3 5 7 8 10 11 21 88 9240
3 5 7 8 10 11 24 77 9240
3 5 7 8 10 11 33 56 9240
3 5 7 8 10 11 42 88 9240
3 5 7 8 10 11 56 66 9240
3 5 7 8 10 11 77 120 9240
3 5 7 8 10 11 84 88 9240
3 5 7 8 10 11 88 105 9240
3 5 7 8 10 12 14 24 840
3 5 7 8 10 12 14 40 840
3 5 7 8 10 12 14 56 840
3 5 7 8 10 12 14 120 840
3 5 7 8 10 12 15 56 840
3 5 7 8 10 12 16 112 1680
3 5 7 8 10 12 20 56 840
3 5 7 8 10 12 21 24 840
3 5 7 8 10 12 21 40 840
3 5 7 8 10 12 21 56 840
3 5 7 8 10 12 21 120 840
3 5 7 8 10 12 24 28 840
3 5 7 8 10 12 24 35 840
3 5 7 8 10 12 24 42 840
3 5 7 8 10 12 24 56 840
3 5 7 8 10 12 24 70 840
3 5 7 8 10 12 24 84 840
3 5 7 8 10 12 24 105 840
3 5 7 8 10 12 28 40 840
3 5 7 8 10 12 28 56 840
3 5 7 8 10 12 28 120 840
3 5 7 8 10 12 30 56 840
3 5 7 8 10 12 35 40 840
3 5 7 8 10 12 35 56 840
3 5 7 8 10 12 35 120 840
3 5 7 8 10 12 40 42 840
3 5 7 8 10 12 40 56 840
3 5 7 8 10 12 40 70 840
3 5 7 8 10 12 40 84 840
3 5 7 8 10 12 40 105 840
3 5 7 8 10 12 42 56 840
3 5 7 8 10 12 42 120 840
3 5 7 8 10 12 48 112 1680
3 5 7 8 10 12 56 60 840
3 5 7 8 10 12 56 70 840
3 5 7 8 10 12 56 84 840
3 5 7 8 10 12 56 105 840
3 5 7 8 10 12 56 120 840
3 5 7 8 10 12 63 72 2520
3 5 7 8 10 12 70 120 840
3 5 7 8 10 12 72 126 2520
3 5 7 8 10 12 77 88 9240
3 5 7 8 10 12 80 112 1680
3 5 7 8 10 12 84 120 840
3 5 7 8 10 12 91 104 10920
3 5 7 8 10 12 105 120 840
3 5 7 8 10 13 21 104 10920
3 5 7 8 10 13 24 91 10920
3 5 7 8 10 13 39 56 10920
3 5 7 8 10 13 42 104 10920
3 5 7 8 10 13 56 78 10920
3 5 7 8 10 14 15 24 840
3 5 7 8 10 14 15 40 840
3 5 7 8 10 14 15 56 840
3 5 7 8 10 14 15 120 840
3 5 7 8 10 14 16 48 1680
3 5 7 8 10 14 18 72 2520
3 5 7 8 10 14 20 24 840
3 5 7 8 10 14 20 120 840
3 5 7 8 10 14 21 24 840
3 5 7 8 10 14 21 40 840
3 5 7 8 10 14 21 56 840
3 5 7 8 10 14 21 120 840
3 5 7 8 10 14 24 28 840
3 5 7 8 10 14 24 30 840
3 5 7 8 10 14 24 35 840
3 5 7 8 10 14 24 40 840
3 5 7 8 10 14 24 42 840
3 5 7 8 10 14 24 56 840
3 5 7 8 10 14 24 60 840
3 5 7 8 10 14 24 70 840
3 5 7 8 10 14 24 84 840
3 5 7 8 10 14 24 105 840
3 5 7 8 10 14 24 120 840
3 5 7 8 10 14 28 120 840
3 5 7 8 10 14 30 40 840
3 5 7 8 10 14 30 56 840
3 5 7 8 10 14 30 120 840
3 5 7 8 10 14 32 96 3360
3 5 7 8 10 14 33 88 9240
3 5 7 8 10 14 35 120 840
3 5 7 8 10 14 36 72 2520
3 5 7 8 10 14 39 104 10920
3 5 7 8 10 14 40 42 840
3 5 7 8 10 14 40 60 840
3 5 7 8 10 14 40 84 840
3 5 7 8 10 14 40 105 840
3 5 7 8 10 14 40 120 840
3 5 7 8 10 14 42 56 840
3 5 7 8 10 14 42 120 840
3 5 7 8 10 14 45 72 2520
3 5 7 8 10 14 48 80 1680
3 5 7 8 10 14 48 112 1680
3 5 7 8 10 14 56 60 840
3 5 7 8 10 14 56 84 840
3 5 7 8 10 14 63 72 2520
3 5 7 8 10 15 16 112 1680
3 5 7 8 10 15 20 56 840
3 5 7 8 10 15 21 24 840
3 5 7 8 10 15 21 40 840
3 5 7 8 10 15 21 56 840
3 5 7 8 10 15 21 120 840
3 5 7 8 10 15 24 28 840
3 5 7 8 10 15 24 35 840
3 5 7 8 10 15 24 42 840
3 5 7 8 10 15 24 56 840
3 5 7 8 10 15 24 70 840
3 5 7 8 10 15 24 84 840
3 5 7 8 10 15 24 105 840
3 5 7 8 10 15 28 40 840
3 5 7 8 10 15 28 56 840
3 5 7 8 10 15 28 120 840
3 5 7 8 10 15 30 56 840
3 5 7 8 10 15 35 40 840
3 5 7 8 10 15 35 56 840
3 5 7 8 10 15 35 120 840
3 5 7 8 10 15 40 42 840
3 5 7 8 10 15 40 56 840
3 5 7 8 10 15 40 70 840
3 5 7 8 10 15 40 84 840
3 5 7 8 10 15 40 105 840
3 5 7 8 10 15 42 56 840
3 5 7 8 10 15 56 60 840
3 5 7 8 10 16 21 48 1680
3 5 7 8 10 16 21 80 1680
3 5 7 8 10 16 21 112 1680
3 5 7 8 10 16 24 112 1680
3 5 7 8 10 16 28 48 1680
3 5 7 8 10 16 30 112 1680
3 5 7 8 10 16 35 48 1680
3 5 7 8 10 16 42 48 1680
3 5 7 8 10 16 48 56 1680
3 5 7 8 10 17 24 119 14280
3 5 7 8 10 18 21 72 2520
3 5 7 8 10 18 24 63 2520
3 5 7 8 10 18 24 126 2520
3 5 7 8 10 18 28 72 2520
3 5 7 8 10 18 36 56 2520
3 5 7 8 10 20 21 24 840
3 5 7 8 10 20 21 40 840
3 5 7 8 10 20 21 56 840
3 5 7 8 10 20 21 120 840
3 5 7 8 10 20 24 28 840
3 5 7 8 10 20 24 35 840
3 5 7 8 10 20 24 42 840
3 5 7 8 10 20 24 56 840
3 5 7 8 10 20 24 70 840
3 5 7 8 10 20 24 84 840
3 5 7 8 10 20 24 105 840
3 5 7 8 10 20 30 56 840
3 5 7 8 10 21 22 88 9240
3 5 7 8 10 21 24 28 840
3 5 7 8 10 21 24 30 840
3 5 7 8 10 21 24 35 840
3 5 7 8 10 21 24 40 840
3 5 7 8 10 21 24 42 840
3 5 7 8 10 21 24 56 840
3 5 7 8 10 21 24 60 840
3 5 7 8 10 21 24 70 840
3 5 7 8 10 21 24 84 840
3 5 7 8 10 21 28 40 840
3 5 7 8 10 21 28 56 840
3 5 7 8 10 21 30 40 840
3 5 7 8 10 21 35 40 840
3 5 7 8 10 22 24 77 9240
3 5 7 8 10 24 28 30 840
3 5 7 8 10 24 28 35 840
3 5 7 8 10 24 28 40 840
3 5 7 8 10 24 28 42 840
3 5 7 8 10 24 30 35 840
3 5 7 8 11 12 35 88 9240
3 5 7 8 11 12 40 77 9240
3 5 7 8 11 12 55 56 9240
3 5 7 8 11 12 56 110 9240
3 5 7 8 11 12 70 88 9240
3 5 7 8 11 14 15 88 9240
3 5 7 8 11 14 22 120 9240
3 5 7 8 11 14 24 55 9240
3 5 7 8 11 14 24 110 9240
3 5 7 8 11 14 30 88 9240
3 5 7 8 11 14 33 40 9240
3 5 7 8 11 14 33 120 9240
3 5 7 8 11 14 40 66 9240
3 5 7 8 11 15 21 88 9240
3 5 7 8 11 15 22 56 9240
3 5 7 8 11 15 24 77 9240
3 5 7 8 11 15 28 88 9240
3 5 7 8 11 15 33 56 9240
3 5 7 8 11 20 21 88 9240
3 5 7 8 11 21 22 40 9240
3 5 7 8 11 22 24 35 9240
3 5 7 8 12 14 15 24 840
3 5 7 8 12 14 15 40 840
3 5 7 8 12 14 15 56 840
3 5 7 8 12 14 15 120 840
3 5 7 8 12 14 16 80 1680
3 5 7 8 12 14 20 24 840
3 5 7 8 12 14 20 40 840
3 5 7 8 12 14 20 56 840
3 5 7 8 12 14 20 120 840
3 5 7 8 12 14 21 40 840
3 5 7 8 12 14 21 120 840
3 5 7 8 12 14 24 30 840
3 5 7 8 12 14 24 35 840
3 5 7 8 12 14 24 40 840
3 5 7 8 12 14 24 60 840
3 5 7 8 12 14 24 70 840
3 5 7 8 12 14 24 105 840
3 5 7 8 12 14 24 120 840
3 5 7 8 12 14 28 40 840
3 5 7 8 12 14 30 40 840
3 5 7 8 12 14 30 56 840
3 5 7 8 12 14 35 40 840
3 5 7 8 12 14 35 56 840
3 5 7 8 12 14 40 42 840
3 5 7 8 12 15 16 112 1680
3 5 7 8 12 15 20 56 840
3 5 7 8 12 15 21 24 840
3 5 7 8 12 15 21 40 840
3 5 7 8 12 15 21 56 840
3 5 7 8 12 15 21 120 840
3 5 7 8 12 15 24 28 840
3 5 7 8 12 15 24 35 840
3 5 7 8 12 15 24 42 840
3 5 7 8 12 15 24 56 840
3 5 7 8 12 15 24 70 840
3 5 7 8 12 15 24 84 840
3 5 7 8 12 15 24 105 840
3 5 7 8 12 15 28 40 840
3 5 7 8 12 15 28 56 840
3 5 7 8 12 15 30 56 840
3 5 7 8 12 15 35 40 840
3 5 7 8 12 16 20 112 1680
3 5 7 8 12 16 21 80 1680
3 5 7 8 12 20 21 24 840
3 5 7 8 12 20 21 40 840
3 5 7 8 12 20 24 28 840
3 5 7 8 12 20 24 35 840
3 5 7 8 12 21 24 30 840
3 5 7 8 12 21 24 35 840
3 5 7 8 13 14 15 104 10920
3 5 7 8 13 14 24 65 10920
3 5 7 8 13 14 39 40 10920
3 5 7 8 13 15 21 104 10920
3 5 7 8 13 15 26 56 10920
3 5 7 8 14 15 16 48 1680
3 5 7 8 14 15 16 80 1680
3 5 7 8 14 15 16 112 1680
3 5 7 8 14 15 18 72 2520
3 5 7 8 14 15 20 24 840
3 5 7 8 14 15 20 40 840
3 5 7 8 14 15 20 56 840
3 5 7 8 14 15 21 24 840
3 5 7 8 14 15 21 40 840
3 5 7 8 14 15 21 56 840
3 5 7 8 14 15 24 28 840
3 5 7 8 14 15 24 30 840
3 5 7 8 14 15 24 35 840
3 5 7 8 14 15 24 40 840
3 5 7 8 14 15 24 42 840
3 5 7 8 14 16 20 48 1680
3 5 7 8 14 20 21 24 840
3 5 7 8 15 20 21 24 840
3 5 7 9 10 11 14 99 6930
3 5 7 9 10 11 18 77 6930
3 5 7 9 10 11 22 63 6930
3 5 7 9 10 11 22 126 6930
3 5 7 9 10 11 33 126 6930
3 5 7 9 10 11 42 99 6930
3 5 7 9 10 11 55 126 6930
3 5 7 9 10 11 63 66 6930
3 5 7 9 10 11 63 110 6930
3 5 7 9 10 11 66 126 6930
3 5 7 9 10 11 70 99 6930
3 5 7 9 10 11 77 90 6930
3 5 7 9 10 12 14 36 1260
3 5 7 9 10 12 18 28 1260
3 5 7 9 10 12 18 84 1260
3 5 7 9 10 12 20 63 1260
3 5 7 9 10 12 20 126 1260
3 5 7 9 10 12 21 36 1260
3 5 7 9 10 12 28 36 1260
3 5 7 9 10 12 28 45 1260
3 5 7 9 10 12 28 63 1260
3 5 7 9 10 12 28 90 1260
3 5 7 9 10 12 28 126 1260
3 5 7 9 10 12 35 36 1260
3 5 7 9 10 12 36 42 1260
3 5 7 9 10 12 36 63 1260
3 5 7 9 10 12 36 70 1260
3 5 7 9 10 12 36 84 1260
3 5 7 9 10 12 36 105 1260
3 5 7 9 10 12 36 126 1260
3 5 7 9 10 12 45 84 1260
3 5 7 9 10 12 56 72 2520
3 5 7 9 10 12 60 63 1260
3 5 7 9 10 13 14 117 8190
3 5 7 9 10 13 18 91 8190
3 5 7 9 10 13 26 63 8190
3 5 7 9 10 13 26 126 8190
3 5 7 9 10 14 15 18 630
3 5 7 9 10 14 15 45 630
3 5 7 9 10 14 15 63 630
3 5 7 9 10 14 15 90 630
3 5 7 9 10 14 15 126 630
3 5 7 9 10 14 18 21 630
3 5 7 9 10 14 18 30 630
3 5 7 9 10 14 18 35 630
3 5 7 9 10 14 18 42 630
3 5 7 9 10 14 18 45 630
3 5 7 9 10 14 18 63 630
3 5 7 9 10 14 18 70 630
3 5 7 9 10 14 18 90 630
3 5 7 9 10 14 18 105 630
3 5 7 9 10 14 18 126 630
3 5 7 9 10 14 20 36 1260
3 5 7 9 10 14 21 45 630
3 5 7 9 10 14 21 63 630
3 5 7 9 10 14 21 90 630
3 5 7 9 10 14 21 126 630
3 5 7 9 10 14 22 99 6930
3 5 7 9 10 14 24 72 2520
3 5 7 9 10 14 26 117 8190
3 5 7 9 10 14 27 54 1890
3 5 7 9 10 14 28 36 1260
3 5 7 9 10 14 30 45 630
3 5 7 9 10 14 30 63 630
3 5 7 9 10 14 30 90 630
3 5 7 9 10 14 35 45 630
3 5 7 9 10 14 35 63 630
3 5 7 9 10 14 36 60 1260
3 5 7 9 10 14 42 45 630
3 5 7 9 10 15 18 21 630
3 5 7 9 10 15 18 35 630
3 5 7 9 10 15 18 42 630
3 5 7 9 10 15 18 63 630
3 5 7 9 10 15 18 70 630
3 5 7 9 10 15 18 105 630
3 5 7 9 10 15 18 126 630
3 5 7 9 10 15 21 90 630
3 5 7 9 10 15 21 126 630
3 5 7 9 10 15 28 36 1260
3 5 7 9 10 15 30 63 630
3 5 7 9 10 16 18 112 5040
3 5 7 9 10 17 18 119 10710
3 5 7 9 10 18 20 28 1260
3 5 7 9 10 18 20 84 1260
3 5 7 9 10 18 21 30 630
3 5 7 9 10 18 21 35 630
3 5 7 9 10 18 21 42 630
3 5 7 9 10 18 21 45 630
3 5 7 9 10 18 21 63 630
3 5 7 9 10 18 21 70 630
3 5 7 9 10 18 21 90 630
3 5 7 9 10 18 22 77 6930
3 5 7 9 10 18 24 56 2520
3 5 7 9 10 18 28 36 1260
3 5 7 9 10 18 30 35 630
3 5 7 9 10 20 21 36 1260
3 5 7 9 10 20 28 36 1260
3 5 7 9 11 14 18 55 6930
3 5 7 9 11 14 18 110 6930
3 5 7 9 11 14 22 45 6930
3 5 7 9 11 14 22 90 6930
3 5 7 9 11 15 21 99 3465
3 5 7 9 11 18 22 35 6930
3 5 7 9 12 14 15 36 1260
3 5 7 9 12 14 18 20 1260
3 5 7 9 12 14 18 60 1260
3 5 7 9 12 14 20 36 1260
3 5 7 9 12 14 20 45 1260
3 5 7 9 12 14 20 63 1260
3 5 7 9 12 14 20 90 1260
3 5 7 9 12 14 30 36 1260
3 5 7 9 12 15 18 28 1260
3 5 7 9 12 15 18 84 1260
3 5 7 9 12 15 20 63 1260
3 5 7 9 12 15 21 36 1260
3 5 7 9 12 15 28 36 1260
3 5 7 9 12 18 20 21 1260
3 5 7 9 12 18 20 28 1260
3 5 7 9 12 18 20 35 1260
3 5 7 9 13 14 18 65 8190
3 5 7 9 14 15 18 21 630
3 5 7 9 14 15 18 30 630
3 5 7 9 14 15 18 35 630
3 5 7 9 14 15 18 42 630
3 5 7 9 14 15 18 45 630
3 5 7 9 14 15 20 36 1260
3 5 7 10 11 12 14 44 4620
3 5 7 10 11 12 20 77 4620
3 5 7 10 11 12 21 44 4620
3 5 7 10 11 12 22 28 4620
3 5 7 10 11 12 22 84 4620
3 5 7 10 11 12 28 33 4620
3 5 7 10 11 12 28 44 4620
3 5 7 10 11 12 28 55 4620
3 5 7 10 11 12 28 66 4620
3 5 7 10 11 12 35 44 4620
3 5 7 10 11 14 15 22 2310
3 5 7 10 11 14 15 33 2310
3 5 7 10 11 14 15 55 2310
3 5 7 10 11 14 15 66 2310
3 5 7 10 11 14 15 77 2310
3 5 7 10 11 14 15 110 2310
3 5 7 10 11 14 18 99 6930
3 5 7 10 11 14 21 22 2310
3 5 7 10 11 14 21 33 2310
3 5 7 10 11 14 21 55 2310
3 5 7 10 11 14 21 66 2310
3 5 7 10 11 14 22 30 2310
3 5 7 10 11 14 22 33 2310
3 5 7 10 11 14 22 42 2310
3 5 7 10 11 14 30 33 2310
3 5 7 10 11 15 21 22 2310
3 5 7 10 11 15 22 35 2310
3 5 7 10 11 15 22 42 2310
3 5 7 10 12 13 14 52 5460
3 5 7 10 12 13 21 52 5460
3 5 7 10 12 13 26 28 5460
3 5 7 10 12 14 15 20 420
3 5 7 10 12 14 15 28 420
3 5 7 10 12 14 15 60 420
3 5 7 10 12 14 15 84 420
3 5 7 10 12 14 16 48 1680
3 5 7 10 12 14 16 80 1680
3 5 7 10 12 14 16 112 1680
3 5 7 10 12 14 17 68 7140
3 5 7 10 12 14 18 36 1260
3 5 7 10 12 14 20 21 420
3 5 7 10 12 14 20 28 420
3 5 7 10 12 14 20 30 420
3 5 7 10 12 14 20 35 420
3 5 7 10 12 14 20 42 420
3 5 7 10 12 14 21 28 420
3 5 7 10 12 15 20 21 420
3 5 7 10 12 15 20 28 420
3 5 7 10 12 15 20 35 420
3 5 7 10 12 15 21 28 420
3 5 7 10 13 14 15 26 2730
3 5 7 10 13 14 15 39 2730
3 5 7 10 13 14 15 65 2730
3 5 7 10 13 14 15 78 2730
3 5 7 10 13 14 15 91 2730
3 5 7 10 13 14 21 26 2730
3 5 7 10 13 15 21 26 2730
3 5 7 10 14 15 17 34 3570
3 5 7 11 12 14 15 44 4620
3 5 7 11 12 14 20 22 4620
3 5 7 11 12 14 20 33 4620
3 5 8 9 10 11 18 88 3960
3 5 8 9 10 11 22 72 3960
3 5 8 9 10 11 24 99 3960
3 5 8 9 10 11 33 72 3960
3 5 8 9 10 12 15 72 360
3 5 8 9 10 12 18 24 360
3 5 8 9 10 12 18 40 360
3 5 8 9 10 12 18 72 360
3 5 8 9 10 12 18 120 360
3 5 8 9 10 12 20 72 360
3 5 8 9 10 12 24 36 360
3 5 8 9 10 12 24 45 360
3 5 8 9 10 12 24 72 360
3 5 8 9 10 12 24 90 360
3 5 8 9 10 12 36 40 360
3 5 8 9 10 13 18 104 4680
3 5 8 9 10 14 18 56 2520
3 5 8 9 10 14 21 72 2520
3 5 8 9 10 15 18 24 360
3 5 8 9 10 15 18 40 360
3 5 8 9 10 15 18 72 360
3 5 8 9 10 15 24 36 360
3 5 8 9 10 16 18 48 720
3 5 8 9 10 18 20 24 360
3 5 8 9 12 15 18 24 360
3 5 8 10 11 12 15 88 1320
3 5 8 10 11 12 22 24 1320
3 5 8 10 11 12 22 40 1320
3 5 8 10 11 12 24 33 1320
3 5 8 10 11 15 22 24 1320
3 5 8 10 12 14 21 24 840
3 5 9 10 11 15 18 22 990
