=== owner-w61 round 17 -- INDEPENDENT RECOMPUTATION of the Theorem GFANnu
=== enumeration roster, 1 <= nu <= 10  (planner ruling RW61-1(b))

Written from notes/proofs/wowii61_draft.md SS7.22 (c-1)/(c-4), SS7.13 D
(Lemma TAIL) and SS7.12 (Lemma FAN-6', Repairs Z1/AB6) ONLY.
problems/wowii/w61_S3_GFAN_sol_check.py was NOT read while writing this.
Two independent step-count implementations (histogram / sorted list) are
run on EVERY shape and must agree, or the script dies.
 
==========================================================================
nu = 1      (2nu = 2, p(2nu) = 2)
==========================================================================
  [E=0, TAIL range L >= lambda_1]  criterion s0(lambda) = lambda_1
    partitions of 2 scanned : 2
    survivors               : [2]
    FAN-6' misses           : 0
    s0 column               :
      **2:2** . 1+1:2
  [E=0, boundary rows nu+1 <= L < lambda_1]
    (L,lambda) pairs checked : 0
    survivors (0)           : none
  [E>=1 rows]  nu+1 <= L <= 2nu-E, e |- E, lambda |- 2nu-E
    shapes tested (loop)     : 0
    shapes tested (closed)   : 0   AGREE
    per-E (loop)             : {}
    per-E (closed form)      : {}
    survivors                : 0
  [Lemma FAN-6' misses over ALL survivors] : 0  -> ELIMINATED
 
==========================================================================
nu = 2      (2nu = 4, p(2nu) = 5)
==========================================================================
  [E=0, TAIL range L >= lambda_1]  criterion s0(lambda) = lambda_1
    partitions of 4 scanned : 5
    survivors               : [4]
    FAN-6' misses           : 0
    s0 column               :
      **4:4** . 3+1:4 . 2+2:3 . 2+1+1:3 . 1+1+1+1:3
  [E=0, boundary rows nu+1 <= L < lambda_1]
    (L,lambda) pairs checked : 1
    survivors (1)           : (3,[4]) cert(4,0)
  [E>=1 rows]  nu+1 <= L <= 2nu-E, e |- E, lambda |- 2nu-E
    shapes tested (loop)     : 3
    shapes tested (closed)   : 3   AGREE
    per-E (loop)             : {1: 3}
    per-E (closed form)      : {1: 3}
    survivors                : 1
      L3   E1 e=1            lambda=3                cert(3,0)
  [Lemma FAN-6' misses over ALL survivors] : 0  -> ELIMINATED
 
==========================================================================
nu = 3      (2nu = 6, p(2nu) = 11)
==========================================================================
  [E=0, TAIL range L >= lambda_1]  criterion s0(lambda) = lambda_1
    partitions of 6 scanned : 11
    survivors               : [6]
    FAN-6' misses           : 0
    s0 column               :
      **6:6** . 5+1:6 . 4+2:5 . 4+1+1:5 . 3+3:4 . 3+2+1:4 . 3+1+1+1:5 . 2+2+2:4 . 2+2+1+1:4 . 2+1+1+1+1:4 . 1+1+1+1+1+1:4
  [E=0, boundary rows nu+1 <= L < lambda_1]
    (L,lambda) pairs checked : 3
    survivors (1)           : (5,[6]) cert(6,0)
  [E>=1 rows]  nu+1 <= L <= 2nu-E, e |- E, lambda |- 2nu-E
    shapes tested (loop)     : 24
    shapes tested (closed)   : 24   AGREE
    per-E (loop)             : {1: 14, 2: 10}
    per-E (closed form)      : {1: 14, 2: 10}
    survivors                : 4
      L4   E1 e=1            lambda=5                cert(5,0)
      L5   E1 e=1            lambda=5                cert(5,0)
      L4   E2 e=2            lambda=3+1              cert(3,1)
      L4   E2 e=1+1          lambda=4                cert(4,0)
  [Lemma FAN-6' misses over ALL survivors] : 0  -> ELIMINATED
 
==========================================================================
nu = 4      (2nu = 8, p(2nu) = 22)
==========================================================================
  [E=0, TAIL range L >= lambda_1]  criterion s0(lambda) = lambda_1
    partitions of 8 scanned : 22
    survivors               : [8]
    FAN-6' misses           : 0
    s0 column               :
      **8:8** . 7+1:8 . 6+2:7 . 6+1+1:7 . 5+3:6 . 5+2+1:6 . 5+1+1+1:7 . 4+4:5 . 4+3+1:5 . 4+2+2:6 . 4+2+1+1:6 . 4+1+1+1+1:6 . 3+3+2:5 . 3+3+1+1:5 . 3+2+2+1:5 . 3+2+1+1+1:5 . 3+1+1+1+1+1:6 . 2+2+2+2:4 . 2+2+2+1+1:5 . 2+2+1+1+1+1:5 . 2+1+1+1+1+1+1:5 . 1+1+1+1+1+1+1+1:5
  [E=0, boundary rows nu+1 <= L < lambda_1]
    (L,lambda) pairs checked : 7
    survivors (2)           : (7,[8]) cert(8,0), (5,[7+1]) cert(7,1)
  [E>=1 rows]  nu+1 <= L <= 2nu-E, e |- E, lambda |- 2nu-E
    shapes tested (loop)     : 110
    shapes tested (closed)   : 110   AGREE
    per-E (loop)             : {1: 45, 2: 44, 3: 21}
    per-E (closed form)      : {1: 45, 2: 44, 3: 21}
    survivors                : 9
      L6   E1 e=1            lambda=7                cert(7,0)
      L7   E1 e=1            lambda=7                cert(7,0)
      L5   E2 e=2            lambda=5+1              cert(5,1)
      L5   E2 e=1+1          lambda=6                cert(6,0)
      L6   E2 e=2            lambda=5+1              cert(5,1)
      L6   E2 e=1+1          lambda=6                cert(6,0)
      L5   E3 e=3            lambda=3+1+1            cert(3,1)
      L5   E3 e=2+1          lambda=4+1              cert(4,1)
      L5   E3 e=1+1+1        lambda=5                cert(5,0)
  [Lemma FAN-6' misses over ALL survivors] : 0  -> ELIMINATED
 
==========================================================================
nu = 5      (2nu = 10, p(2nu) = 42)
==========================================================================
  [E=0, TAIL range L >= lambda_1]  criterion s0(lambda) = lambda_1
    partitions of 10 scanned : 42
    survivors               : [10]
    FAN-6' misses           : 0
    s0 column               :
      **10:10** . 9+1:10 . 8+2:9 . 8+1+1:9 . 7+3:8 . 7+2+1:8 . 7+1+1+1:9 . 6+4:7 . 6+3+1:7 . 6+2+2:8 . 6+2+1+1:8 . 6+1+1+1+1:8 . 5+5:6 . 5+4+1:6 . 5+3+2:7 . 5+3+1+1:7 . 5+2+2+1:7 . 5+2+1+1+1:7 . 5+1+1+1+1+1:8 . 4+4+2:6 . 4+4+1+1:6 . 4+3+3:6 . 4+3+2+1:6 . 4+3+1+1+1:6 . 4+2+2+2:6 . 4+2+2+1+1:7 . 4+2+1+1+1+1:7 . 4+1+1+1+1+1+1:7 . 3+3+3+1:5 . 3+3+2+2:5 . 3+3+2+1+1:6 . 3+3+1+1+1+1:6 . 3+2+2+2+1:6 . 3+2+2+1+1+1:6 . 3+2+1+1+1+1+1:6 . 3+1+1+1+1+1+1+1:7 . 2+2+2+2+2:5 . 2+2+2+2+1+1:5 . 2+2+2+1+1+1+1:6 . 2+2+1+1+1+1+1+1:6 . 2+1+1+1+1+1+1+1+1:6 . 1+1+1+1+1+1+1+1+1+1:6
  [E=0, boundary rows nu+1 <= L < lambda_1]
    (L,lambda) pairs checked : 14
    survivors (2)           : (9,[10]) cert(10,0), (7,[9+1]) cert(9,1)
  [E>=1 rows]  nu+1 <= L <= 2nu-E, e |- E, lambda |- 2nu-E
    shapes tested (loop)     : 397
    shapes tested (closed)   : 397   AGREE
    per-E (loop)             : {1: 120, 2: 132, 3: 90, 4: 55}
    per-E (closed form)      : {1: 120, 2: 132, 3: 90, 4: 55}
    survivors                : 20
      L6   E1 e=1            lambda=8+1              cert(8,1)
      L8   E1 e=1            lambda=9                cert(9,0)
      L9   E1 e=1            lambda=9                cert(9,0)
      L6   E2 e=2            lambda=7+1              cert(7,1)
      L7   E2 e=2            lambda=7+1              cert(7,1)
      L7   E2 e=1+1          lambda=8                cert(8,0)
      L8   E2 e=2            lambda=7+1              cert(7,1)
      L8   E2 e=1+1          lambda=8                cert(8,0)
      L6   E3 e=3            lambda=5+1+1            cert(5,1)
      L6   E3 e=2+1          lambda=6+1              cert(6,1)
      L6   E3 e=1+1+1        lambda=7                cert(7,0)
      L7   E3 e=3            lambda=5+1+1            cert(5,1)
      L7   E3 e=2+1          lambda=6+1              cert(6,1)
      L7   E3 e=1+1+1        lambda=7                cert(7,0)
      L6   E4 e=4            lambda=3+1+1+1          cert(3,1)
      L6   E4 e=3+1          lambda=4+1+1            cert(4,1)
      L6   E4 e=2+2          lambda=4+2              cert(4,2)
      L6   E4 e=2+2          lambda=4+1+1            cert(4,1)
      L6   E4 e=2+1+1        lambda=5+1              cert(5,1)
      L6   E4 e=1+1+1+1      lambda=6                cert(6,0)
  [Lemma FAN-6' misses over ALL survivors] : 0  -> ELIMINATED
 
==========================================================================
nu = 6      (2nu = 12, p(2nu) = 77)
==========================================================================
  [E=0, TAIL range L >= lambda_1]  criterion s0(lambda) = lambda_1
    partitions of 12 scanned : 77
    survivors               : [12]
    FAN-6' misses           : 0
    s0 column               :
      **12:12** . 11+1:12 . 10+2:11 . 10+1+1:11 . 9+3:10 . 9+2+1:10 . 9+1+1+1:11 . 8+4:9 . 8+3+1:9 . 8+2+2:10 . 8+2+1+1:10 . 8+1+1+1+1:10 . 7+5:8 . 7+4+1:8 . 7+3+2:9 . 7+3+1+1:9 . 7+2+2+1:9 . 7+2+1+1+1:9 . 7+1+1+1+1+1:10 . 6+6:7 . 6+5+1:7 . 6+4+2:8 . 6+4+1+1:8 . 6+3+3:8 . 6+3+2+1:8 . 6+3+1+1+1:8 . 6+2+2+2:8 . 6+2+2+1+1:9 . 6+2+1+1+1+1:9 . 6+1+1+1+1+1+1:9 . 5+5+2:7 . 5+5+1+1:7 . 5+4+3:7 . 5+4+2+1:7 . 5+4+1+1+1:7 . 5+3+3+1:7 . 5+3+2+2:7 . 5+3+2+1+1:8 . 5+3+1+1+1+1:8 . 5+2+2+2+1:8 . 5+2+2+1+1+1:8 . 5+2+1+1+1+1+1:8 . 5+1+1+1+1+1+1+1:9 . 4+4+4:6 . 4+4+3+1:6 . 4+4+2+2:6 . 4+4+2+1+1:7 . 4+4+1+1+1+1:7 . 4+3+3+2:6 . 4+3+3+1+1:7 . 4+3+2+2+1:7 . 4+3+2+1+1+1:7 . 4+3+1+1+1+1+1:7 . 4+2+2+2+2:7 . 4+2+2+2+1+1:7 . 4+2+2+1+1+1+1:8 . 4+2+1+1+1+1+1+1:8 . 4+1+1+1+1+1+1+1+1:8 . 3+3+3+3:6 . 3+3+3+2+1:6 . 3+3+3+1+1+1:6 . 3+3+2+2+2:6 . 3+3+2+2+1+1:6 . 3+3+2+1+1+1+1:7 . 3+3+1+1+1+1+1+1:7 . 3+2+2+2+2+1:6 . 3+2+2+2+1+1+1:7 . 3+2+2+1+1+1+1+1:7 . 3+2+1+1+1+1+1+1+1:7 . 3+1+1+1+1+1+1+1+1+1:8 . 2+2+2+2+2+2:6 . 2+2+2+2+2+1+1:6 . 2+2+2+2+1+1+1+1:6 . 2+2+2+1+1+1+1+1+1:7 . 2+2+1+1+1+1+1+1+1+1:7 . 2+1+1+1+1+1+1+1+1+1+1:7 . 1+1+1+1+1+1+1+1+1+1+1+1:7
  [E=0, boundary rows nu+1 <= L < lambda_1]
    (L,lambda) pairs checked : 26
    survivors (3)           : (11,[12]) cert(12,0), (9,[11+1]) cert(11,1), (7,[10+1+1]) cert(10,1)
  [E>=1 rows]  nu+1 <= L <= 2nu-E, e |- E, lambda |- 2nu-E
    shapes tested (loop)     : 1211
    shapes tested (closed)   : 1211   AGREE
    per-E (loop)             : {1: 280, 2: 336, 3: 270, 4: 220, 5: 105}
    per-E (closed form)      : {1: 280, 2: 336, 3: 270, 4: 220, 5: 105}
    survivors                : 38
      L8   E1 e=1            lambda=10+1             cert(10,1)
      L10  E1 e=1            lambda=11               cert(11,0)
      L11  E1 e=1            lambda=11               cert(11,0)
      L7   E2 e=1+1          lambda=9+1              cert(9,1)
      L8   E2 e=2            lambda=9+1              cert(9,1)
      L9   E2 e=2            lambda=9+1              cert(9,1)
      L9   E2 e=1+1          lambda=10               cert(10,0)
      L10  E2 e=2            lambda=9+1              cert(9,1)
      L10  E2 e=1+1          lambda=10               cert(10,0)
      L7   E3 e=3            lambda=7+1+1            cert(7,1)
      L7   E3 e=2+1          lambda=8+1              cert(8,1)
      L8   E3 e=3            lambda=7+1+1            cert(7,1)
      L8   E3 e=2+1          lambda=8+1              cert(8,1)
      L8   E3 e=1+1+1        lambda=9                cert(9,0)
      L9   E3 e=3            lambda=7+1+1            cert(7,1)
      L9   E3 e=2+1          lambda=8+1              cert(8,1)
      L9   E3 e=1+1+1        lambda=9                cert(9,0)
      L7   E4 e=4            lambda=5+1+1+1          cert(5,1)
      L7   E4 e=3+1          lambda=6+1+1            cert(6,1)
      L7   E4 e=2+2          lambda=6+2              cert(6,2)
      L7   E4 e=2+2          lambda=6+1+1            cert(6,1)
      L7   E4 e=2+1+1        lambda=7+1              cert(7,1)
      L7   E4 e=1+1+1+1      lambda=8                cert(8,0)
      L8   E4 e=4            lambda=5+1+1+1          cert(5,1)
      L8   E4 e=3+1          lambda=6+1+1            cert(6,1)
      L8   E4 e=2+2          lambda=6+2              cert(6,2)
      L8   E4 e=2+2          lambda=6+1+1            cert(6,1)
      L8   E4 e=2+1+1        lambda=7+1              cert(7,1)
      L8   E4 e=1+1+1+1      lambda=8                cert(8,0)
      L7   E5 e=5            lambda=3+1+1+1+1        cert(3,1)
      L7   E5 e=4+1          lambda=4+1+1+1          cert(4,1)
      L7   E5 e=3+2          lambda=4+2+1            cert(4,2)
      L7   E5 e=3+2          lambda=4+1+1+1          cert(4,1)
      L7   E5 e=3+1+1        lambda=5+1+1            cert(5,1)
      L7   E5 e=2+2+1        lambda=5+2              cert(5,2)
      L7   E5 e=2+2+1        lambda=5+1+1            cert(5,1)
      L7   E5 e=2+1+1+1      lambda=6+1              cert(6,1)
      L7   E5 e=1+1+1+1+1    lambda=7                cert(7,0)
  [Lemma FAN-6' misses over ALL survivors] : 0  -> ELIMINATED
 
==========================================================================
nu = 7      (2nu = 14, p(2nu) = 135)
==========================================================================
  [E=0, TAIL range L >= lambda_1]  criterion s0(lambda) = lambda_1
    partitions of 14 scanned : 135
    survivors               : [14]
    FAN-6' misses           : 0
    s0 column               :
      **14:14** . 13+1:14 . 12+2:13 . 12+1+1:13 . 11+3:12 . 11+2+1:12 . 11+1+1+1:13 . 10+4:11 . 10+3+1:11 . 10+2+2:12 . 10+2+1+1:12 . 10+1+1+1+1:12 . 9+5:10 . 9+4+1:10 . 9+3+2:11 . 9+3+1+1:11 . 9+2+2+1:11 . 9+2+1+1+1:11 . 9+1+1+1+1+1:12 . 8+6:9 . 8+5+1:9 . 8+4+2:10 . 8+4+1+1:10 . 8+3+3:10 . 8+3+2+1:10 . 8+3+1+1+1:10 . 8+2+2+2:10 . 8+2+2+1+1:11 . 8+2+1+1+1+1:11 . 8+1+1+1+1+1+1:11 . 7+7:8 . 7+6+1:8 . 7+5+2:9 . 7+5+1+1:9 . 7+4+3:9 . 7+4+2+1:9 . 7+4+1+1+1:9 . 7+3+3+1:9 . 7+3+2+2:9 . 7+3+2+1+1:10 . 7+3+1+1+1+1:10 . 7+2+2+2+1:10 . 7+2+2+1+1+1:10 . 7+2+1+1+1+1+1:10 . 7+1+1+1+1+1+1+1:11 . 6+6+2:8 . 6+6+1+1:8 . 6+5+3:8 . 6+5+2+1:8 . 6+5+1+1+1:8 . 6+4+4:8 . 6+4+3+1:8 . 6+4+2+2:8 . 6+4+2+1+1:9 . 6+4+1+1+1+1:9 . 6+3+3+2:8 . 6+3+3+1+1:9 . 6+3+2+2+1:9 . 6+3+2+1+1+1:9 . 6+3+1+1+1+1+1:9 . 6+2+2+2+2:9 . 6+2+2+2+1+1:9 . 6+2+2+1+1+1+1:10 . 6+2+1+1+1+1+1+1:10 . 6+1+1+1+1+1+1+1+1:10 . 5+5+4:7 . 5+5+3+1:7 . 5+5+2+2:7 . 5+5+2+1+1:8 . 5+5+1+1+1+1:8 . 5+4+4+1:7 . 5+4+3+2:7 . 5+4+3+1+1:8 . 5+4+2+2+1:8 . 5+4+2+1+1+1:8 . 5+4+1+1+1+1+1:8 . 5+3+3+3:8 . 5+3+3+2+1:8 . 5+3+3+1+1+1:8 . 5+3+2+2+2:8 . 5+3+2+2+1+1:8 . 5+3+2+1+1+1+1:9 . 5+3+1+1+1+1+1+1:9 . 5+2+2+2+2+1:8 . 5+2+2+2+1+1+1:9 . 5+2+2+1+1+1+1+1:9 . 5+2+1+1+1+1+1+1+1:9 . 5+1+1+1+1+1+1+1+1+1:10 . 4+4+4+2:7 . 4+4+4+1+1:7 . 4+4+3+3:7 . 4+4+3+2+1:7 . 4+4+3+1+1+1:7 . 4+4+2+2+2:7 . 4+4+2+2+1+1:7 . 4+4+2+1+1+1+1:8 . 4+4+1+1+1+1+1+1:8 . 4+3+3+3+1:7 . 4+3+3+2+2:7 . 4+3+3+2+1+1:7 . 4+3+3+1+1+1+1:8 . 4+3+2+2+2+1:7 . 4+3+2+2+1+1+1:8 . 4+3+2+1+1+1+1+1:8 . 4+3+1+1+1+1+1+1+1:8 . 4+2+2+2+2+2:8 . 4+2+2+2+2+1+1:8 . 4+2+2+2+1+1+1+1:8 . 4+2+2+1+1+1+1+1+1:9 . 4+2+1+1+1+1+1+1+1+1:9 . 4+1+1+1+1+1+1+1+1+1+1:9 . 3+3+3+3+2:6 . 3+3+3+3+1+1:7 . 3+3+3+2+2+1:7 . 3+3+3+2+1+1+1:7 . 3+3+3+1+1+1+1+1:7 . 3+3+2+2+2+2:7 . 3+3+2+2+2+1+1:7 . 3+3+2+2+1+1+1+1:7 . 3+3+2+1+1+1+1+1+1:8 . 3+3+1+1+1+1+1+1+1+1:8 . 3+2+2+2+2+2+1:7 . 3+2+2+2+2+1+1+1:7 . 3+2+2+2+1+1+1+1+1:8 . 3+2+2+1+1+1+1+1+1+1:8 . 3+2+1+1+1+1+1+1+1+1+1:8 . 3+1+1+1+1+1+1+1+1+1+1+1:9 . 2+2+2+2+2+2+2:6 . 2+2+2+2+2+2+1+1:7 . 2+2+2+2+2+1+1+1+1:7 . 2+2+2+2+1+1+1+1+1+1:7 . 2+2+2+1+1+1+1+1+1+1+1:8 . 2+2+1+1+1+1+1+1+1+1+1+1:8 . 2+1+1+1+1+1+1+1+1+1+1+1+1:8 . 1+1+1+1+1+1+1+1+1+1+1+1+1+1:8
  [E=0, boundary rows nu+1 <= L < lambda_1]
    (L,lambda) pairs checked : 45
    survivors (3)           : (13,[14]) cert(14,0), (11,[13+1]) cert(13,1), (9,[12+1+1]) cert(12,1)
  [E>=1 rows]  nu+1 <= L <= 2nu-E, e |- E, lambda |- 2nu-E
    shapes tested (loop)     : 3340
    shapes tested (closed)   : 3340   AGREE
    per-E (loop)             : {1: 606, 2: 770, 3: 672, 4: 630, 5: 420, 6: 242}
    per-E (closed form)      : {1: 606, 2: 770, 3: 672, 4: 630, 5: 420, 6: 242}
    survivors                : 75
      L8   E1 e=1            lambda=11+1+1           cert(11,1)
      L10  E1 e=1            lambda=12+1             cert(12,1)
      L12  E1 e=1            lambda=13               cert(13,0)
      L13  E1 e=1            lambda=13               cert(13,0)
      L8   E2 e=2            lambda=10+2             cert(10,2)
      L8   E2 e=2            lambda=10+1+1           cert(10,1)
      L9   E2 e=1+1          lambda=11+1             cert(11,1)
      L10  E2 e=2            lambda=11+1             cert(11,1)
      L11  E2 e=2            lambda=11+1             cert(11,1)
      L11  E2 e=1+1          lambda=12               cert(12,0)
      L12  E2 e=2            lambda=11+1             cert(11,1)
      L12  E2 e=1+1          lambda=12               cert(12,0)
      L8   E3 e=3            lambda=9+1+1            cert(9,1)
      L8   E3 e=1+1+1        lambda=10+1             cert(10,1)
      L9   E3 e=3            lambda=9+1+1            cert(9,1)
      L9   E3 e=2+1          lambda=10+1             cert(10,1)
      L10  E3 e=3            lambda=9+1+1            cert(9,1)
      L10  E3 e=2+1          lambda=10+1             cert(10,1)
      L10  E3 e=1+1+1        lambda=11               cert(11,0)
      L11  E3 e=3            lambda=9+1+1            cert(9,1)
      L11  E3 e=2+1          lambda=10+1             cert(10,1)
      L11  E3 e=1+1+1        lambda=11               cert(11,0)
      L8   E4 e=4            lambda=7+1+1+1          cert(7,1)
      L8   E4 e=3+1          lambda=8+1+1            cert(8,1)
      L8   E4 e=2+2          lambda=8+2              cert(8,2)
      L8   E4 e=2+2          lambda=8+1+1            cert(8,1)
      L8   E4 e=2+1+1        lambda=9+1              cert(9,1)
      L9   E4 e=4            lambda=7+1+1+1          cert(7,1)
      L9   E4 e=3+1          lambda=8+1+1            cert(8,1)
      L9   E4 e=2+2          lambda=8+2              cert(8,2)
      L9   E4 e=2+2          lambda=8+1+1            cert(8,1)
      L9   E4 e=2+1+1        lambda=9+1              cert(9,1)
      L9   E4 e=1+1+1+1      lambda=10               cert(10,0)
      L10  E4 e=4            lambda=7+1+1+1          cert(7,1)
      L10  E4 e=3+1          lambda=8+1+1            cert(8,1)
      L10  E4 e=2+2          lambda=8+2              cert(8,2)
      L10  E4 e=2+2          lambda=8+1+1            cert(8,1)
      L10  E4 e=2+1+1        lambda=9+1              cert(9,1)
      L10  E4 e=1+1+1+1      lambda=10               cert(10,0)
      L8   E5 e=5            lambda=5+1+1+1+1        cert(5,1)
      L8   E5 e=4+1          lambda=6+1+1+1          cert(6,1)
      L8   E5 e=3+2          lambda=6+2+1            cert(6,2)
      L8   E5 e=3+2          lambda=6+1+1+1          cert(6,1)
      L8   E5 e=3+1+1        lambda=7+1+1            cert(7,1)
      L8   E5 e=2+2+1        lambda=7+2              cert(7,2)
      L8   E5 e=2+2+1        lambda=7+1+1            cert(7,1)
      L8   E5 e=2+1+1+1      lambda=8+1              cert(8,1)
      L8   E5 e=1+1+1+1+1    lambda=9                cert(9,0)
      L9   E5 e=5            lambda=5+1+1+1+1        cert(5,1)
      L9   E5 e=4+1          lambda=6+1+1+1          cert(6,1)
      L9   E5 e=3+2          lambda=6+2+1            cert(6,2)
      L9   E5 e=3+2          lambda=6+1+1+1          cert(6,1)
      L9   E5 e=3+1+1        lambda=7+1+1            cert(7,1)
      L9   E5 e=2+2+1        lambda=7+2              cert(7,2)
      L9   E5 e=2+2+1        lambda=7+1+1            cert(7,1)
      L9   E5 e=2+1+1+1      lambda=8+1              cert(8,1)
      L9   E5 e=1+1+1+1+1    lambda=9                cert(9,0)
      L8   E6 e=6            lambda=3+1+1+1+1+1      cert(3,1)
      L8   E6 e=5+1          lambda=4+1+1+1+1        cert(4,1)
      L8   E6 e=4+2          lambda=4+2+1+1          cert(4,2)
      L8   E6 e=4+2          lambda=4+1+1+1+1        cert(4,1)
      L8   E6 e=4+1+1        lambda=5+1+1+1          cert(5,1)
      L8   E6 e=3+3          lambda=4+2+2            cert(4,2)
      L8   E6 e=3+3          lambda=4+2+1+1          cert(4,2)
      L8   E6 e=3+3          lambda=4+1+1+1+1        cert(4,1)
      L8   E6 e=3+2+1        lambda=5+2+1            cert(5,2)
      L8   E6 e=3+2+1        lambda=5+1+1+1          cert(5,1)
      L8   E6 e=3+1+1+1      lambda=6+1+1            cert(6,1)
      L8   E6 e=2+2+2        lambda=5+3              cert(5,3)
      L8   E6 e=2+2+2        lambda=5+2+1            cert(5,2)
      L8   E6 e=2+2+2        lambda=5+1+1+1          cert(5,1)
      L8   E6 e=2+2+1+1      lambda=6+2              cert(6,2)
      L8   E6 e=2+2+1+1      lambda=6+1+1            cert(6,1)
      L8   E6 e=2+1+1+1+1    lambda=7+1              cert(7,1)
      L8   E6 e=1+1+1+1+1+1  lambda=8                cert(8,0)
  [Lemma FAN-6' misses over ALL survivors] : 0  -> ELIMINATED
 
==========================================================================
nu = 8      (2nu = 16, p(2nu) = 231)
==========================================================================
  [E=0, TAIL range L >= lambda_1]  criterion s0(lambda) = lambda_1
    partitions of 16 scanned : 231
    survivors               : [16]
    FAN-6' misses           : 0
    s0 column               :
      **16:16** . 15+1:16 . 14+2:15 . 14+1+1:15 . 13+3:14 . 13+2+1:14 . 13+1+1+1:15 . 12+4:13 . 12+3+1:13 . 12+2+2:14 . 12+2+1+1:14 . 12+1+1+1+1:14 . 11+5:12 . 11+4+1:12 . 11+3+2:13 . 11+3+1+1:13 . 11+2+2+1:13 . 11+2+1+1+1:13 . 11+1+1+1+1+1:14 . 10+6:11 . 10+5+1:11 . 10+4+2:12 . 10+4+1+1:12 . 10+3+3:12 . 10+3+2+1:12 . 10+3+1+1+1:12 . 10+2+2+2:12 . 10+2+2+1+1:13 . 10+2+1+1+1+1:13 . 10+1+1+1+1+1+1:13 . 9+7:10 . 9+6+1:10 . 9+5+2:11 . 9+5+1+1:11 . 9+4+3:11 . 9+4+2+1:11 . 9+4+1+1+1:11 . 9+3+3+1:11 . 9+3+2+2:11 . 9+3+2+1+1:12 . 9+3+1+1+1+1:12 . 9+2+2+2+1:12 . 9+2+2+1+1+1:12 . 9+2+1+1+1+1+1:12 . 9+1+1+1+1+1+1+1:13 . 8+8:9 . 8+7+1:9 . 8+6+2:10 . 8+6+1+1:10 . 8+5+3:10 . 8+5+2+1:10 . 8+5+1+1+1:10 . 8+4+4:10 . 8+4+3+1:10 . 8+4+2+2:10 . 8+4+2+1+1:11 . 8+4+1+1+1+1:11 . 8+3+3+2:10 . 8+3+3+1+1:11 . 8+3+2+2+1:11 . 8+3+2+1+1+1:11 . 8+3+1+1+1+1+1:11 . 8+2+2+2+2:11 . 8+2+2+2+1+1:11 . 8+2+2+1+1+1+1:12 . 8+2+1+1+1+1+1+1:12 . 8+1+1+1+1+1+1+1+1:12 . 7+7+2:9 . 7+7+1+1:9 . 7+6+3:9 . 7+6+2+1:9 . 7+6+1+1+1:9 . 7+5+4:9 . 7+5+3+1:9 . 7+5+2+2:9 . 7+5+2+1+1:10 . 7+5+1+1+1+1:10 . 7+4+4+1:9 . 7+4+3+2:9 . 7+4+3+1+1:10 . 7+4+2+2+1:10 . 7+4+2+1+1+1:10 . 7+4+1+1+1+1+1:10 . 7+3+3+3:10 . 7+3+3+2+1:10 . 7+3+3+1+1+1:10 . 7+3+2+2+2:10 . 7+3+2+2+1+1:10 . 7+3+2+1+1+1+1:11 . 7+3+1+1+1+1+1+1:11 . 7+2+2+2+2+1:10 . 7+2+2+2+1+1+1:11 . 7+2+2+1+1+1+1+1:11 . 7+2+1+1+1+1+1+1+1:11 . 7+1+1+1+1+1+1+1+1+1:12 . 6+6+4:8 . 6+6+3+1:8 . 6+6+2+2:8 . 6+6+2+1+1:9 . 6+6+1+1+1+1:9 . 6+5+5:8 . 6+5+4+1:8 . 6+5+3+2:8 . 6+5+3+1+1:9 . 6+5+2+2+1:9 . 6+5+2+1+1+1:9 . 6+5+1+1+1+1+1:9 . 6+4+4+2:9 . 6+4+4+1+1:9 . 6+4+3+3:9 . 6+4+3+2+1:9 . 6+4+3+1+1+1:9 . 6+4+2+2+2:9 . 6+4+2+2+1+1:9 . 6+4+2+1+1+1+1:10 . 6+4+1+1+1+1+1+1:10 . 6+3+3+3+1:9 . 6+3+3+2+2:9 . 6+3+3+2+1+1:9 . 6+3+3+1+1+1+1:10 . 6+3+2+2+2+1:9 . 6+3+2+2+1+1+1:10 . 6+3+2+1+1+1+1+1:10 . 6+3+1+1+1+1+1+1+1:10 . 6+2+2+2+2+2:10 . 6+2+2+2+2+1+1:10 . 6+2+2+2+1+1+1+1:10 . 6+2+2+1+1+1+1+1+1:11 . 6+2+1+1+1+1+1+1+1+1:11 . 6+1+1+1+1+1+1+1+1+1+1:11 . 5+5+5+1:7 . 5+5+4+2:8 . 5+5+4+1+1:8 . 5+5+3+3:8 . 5+5+3+2+1:8 . 5+5+3+1+1+1:8 . 5+5+2+2+2:8 . 5+5+2+2+1+1:8 . 5+5+2+1+1+1+1:9 . 5+5+1+1+1+1+1+1:9 . 5+4+4+3:8 . 5+4+4+2+1:8 . 5+4+4+1+1+1:8 . 5+4+3+3+1:8 . 5+4+3+2+2:8 . 5+4+3+2+1+1:8 . 5+4+3+1+1+1+1:9 . 5+4+2+2+2+1:8 . 5+4+2+2+1+1+1:9 . 5+4+2+1+1+1+1+1:9 . 5+4+1+1+1+1+1+1+1:9 . 5+3+3+3+2:8 . 5+3+3+3+1+1:9 . 5+3+3+2+2+1:9 . 5+3+3+2+1+1+1:9 . 5+3+3+1+1+1+1+1:9 . 5+3+2+2+2+2:9 . 5+3+2+2+2+1+1:9 . 5+3+2+2+1+1+1+1:9 . 5+3+2+1+1+1+1+1+1:10 . 5+3+1+1+1+1+1+1+1+1:10 . 5+2+2+2+2+2+1:9 . 5+2+2+2+2+1+1+1:9 . 5+2+2+2+1+1+1+1+1:10 . 5+2+2+1+1+1+1+1+1+1:10 . 5+2+1+1+1+1+1+1+1+1+1:10 . 5+1+1+1+1+1+1+1+1+1+1+1:11 . 4+4+4+4:7 . 4+4+4+3+1:7 . 4+4+4+2+2:7 . 4+4+4+2+1+1:8 . 4+4+4+1+1+1+1:8 . 4+4+3+3+2:7 . 4+4+3+3+1+1:8 . 4+4+3+2+2+1:8 . 4+4+3+2+1+1+1:8 . 4+4+3+1+1+1+1+1:8 . 4+4+2+2+2+2:8 . 4+4+2+2+2+1+1:8 . 4+4+2+2+1+1+1+1:8 . 4+4+2+1+1+1+1+1+1:9 . 4+4+1+1+1+1+1+1+1+1:9 . 4+3+3+3+3:7 . 4+3+3+3+2+1:8 . 4+3+3+3+1+1+1:8 . 4+3+3+2+2+2:8 . 4+3+3+2+2+1+1:8 . 4+3+3+2+1+1+1+1:8 . 4+3+3+1+1+1+1+1+1:9 . 4+3+2+2+2+2+1:8 . 4+3+2+2+2+1+1+1:8 . 4+3+2+2+1+1+1+1+1:9 . 4+3+2+1+1+1+1+1+1+1:9 . 4+3+1+1+1+1+1+1+1+1+1:9 . 4+2+2+2+2+2+2:8 . 4+2+2+2+2+2+1+1:9 . 4+2+2+2+2+1+1+1+1:9 . 4+2+2+2+1+1+1+1+1+1:9 . 4+2+2+1+1+1+1+1+1+1+1:10 . 4+2+1+1+1+1+1+1+1+1+1+1:10 . 4+1+1+1+1+1+1+1+1+1+1+1+1:10 . 3+3+3+3+3+1:7 . 3+3+3+3+2+2:7 . 3+3+3+3+2+1+1:7 . 3+3+3+3+1+1+1+1:8 . 3+3+3+2+2+2+1:7 . 3+3+3+2+2+1+1+1:8 . 3+3+3+2+1+1+1+1+1:8 . 3+3+3+1+1+1+1+1+1+1:8 . 3+3+2+2+2+2+2:7 . 3+3+2+2+2+2+1+1:8 . 3+3+2+2+2+1+1+1+1:8 . 3+3+2+2+1+1+1+1+1+1:8 . 3+3+2+1+1+1+1+1+1+1+1:9 . 3+3+1+1+1+1+1+1+1+1+1+1:9 . 3+2+2+2+2+2+2+1:8 . 3+2+2+2+2+2+1+1+1:8 . 3+2+2+2+2+1+1+1+1+1:8 . 3+2+2+2+1+1+1+1+1+1+1:9 . 3+2+2+1+1+1+1+1+1+1+1+1:9 . 3+2+1+1+1+1+1+1+1+1+1+1+1:9 . 3+1+1+1+1+1+1+1+1+1+1+1+1+1:10 . 2+2+2+2+2+2+2+2:7 . 2+2+2+2+2+2+2+1+1:7 . 2+2+2+2+2+2+1+1+1+1:8 . 2+2+2+2+2+1+1+1+1+1+1:8 . 2+2+2+2+1+1+1+1+1+1+1+1:8 . 2+2+2+1+1+1+1+1+1+1+1+1+1:9 . 2+2+1+1+1+1+1+1+1+1+1+1+1+1:9 . 2+1+1+1+1+1+1+1+1+1+1+1+1+1+1:9 . 1+1+1+1+1+1+1+1+1+1+1+1+1+1+1+1:9
  [E=0, boundary rows nu+1 <= L < lambda_1]
    (L,lambda) pairs checked : 75
    survivors (4)           : (15,[16]) cert(16,0), (13,[15+1]) cert(15,1), (11,[14+1+1]) cert(14,1), (9,[13+1+1+1]) cert(13,1)
  [E>=1 rows]  nu+1 <= L <= 2nu-E, e |- E, lambda |- 2nu-E
    shapes tested (loop)     : 8457
    shapes tested (closed)   : 8457   AGREE
    per-E (loop)             : {1: 1232, 2: 1620, 3: 1515, 4: 1540, 5: 1176, 6: 924, 7: 450}
    per-E (closed form)      : {1: 1232, 2: 1620, 3: 1515, 4: 1540, 5: 1176, 6: 924, 7: 450}
    survivors                : 137
      L10  E1 e=1            lambda=13+1+1           cert(13,1)
      L12  E1 e=1            lambda=14+1             cert(14,1)
      L14  E1 e=1            lambda=15               cert(15,0)
      L15  E1 e=1            lambda=15               cert(15,0)
      L9   E2 e=1+1          lambda=12+1+1           cert(12,1)
      L10  E2 e=2            lambda=12+2             cert(12,2)
      L10  E2 e=2            lambda=12+1+1           cert(12,1)
      L11  E2 e=1+1          lambda=13+1             cert(13,1)
      L12  E2 e=2            lambda=13+1             cert(13,1)
      L13  E2 e=2            lambda=13+1             cert(13,1)
      L13  E2 e=1+1          lambda=14               cert(14,0)
      L14  E2 e=2            lambda=13+1             cert(13,1)
      L14  E2 e=1+1          lambda=14               cert(14,0)
      L9   E3 e=2+1          lambda=11+2             cert(11,2)
      L9   E3 e=2+1          lambda=11+1+1           cert(11,1)
      L10  E3 e=3            lambda=11+1+1           cert(11,1)
      L10  E3 e=1+1+1        lambda=12+1             cert(12,1)
      L11  E3 e=3            lambda=11+1+1           cert(11,1)
      L11  E3 e=2+1          lambda=12+1             cert(12,1)
      L12  E3 e=3            lambda=11+1+1           cert(11,1)
      L12  E3 e=2+1          lambda=12+1             cert(12,1)
      L12  E3 e=1+1+1        lambda=13               cert(13,0)
      L13  E3 e=3            lambda=11+1+1           cert(11,1)
      L13  E3 e=2+1          lambda=12+1             cert(12,1)
      L13  E3 e=1+1+1        lambda=13               cert(13,0)
      L9   E4 e=4            lambda=9+1+1+1          cert(9,1)
      L9   E4 e=3+1          lambda=10+1+1           cert(10,1)
      L9   E4 e=2+2          lambda=10+2             cert(10,2)
      L9   E4 e=2+2          lambda=10+1+1           cert(10,1)
      L9   E4 e=1+1+1+1      lambda=11+1             cert(11,1)
      L10  E4 e=4            lambda=9+1+1+1          cert(9,1)
      L10  E4 e=3+1          lambda=10+1+1           cert(10,1)
      L10  E4 e=2+2          lambda=10+2             cert(10,2)
      L10  E4 e=2+2          lambda=10+1+1           cert(10,1)
      L10  E4 e=2+1+1        lambda=11+1             cert(11,1)
      L11  E4 e=4            lambda=9+1+1+1          cert(9,1)
      L11  E4 e=3+1          lambda=10+1+1           cert(10,1)
      L11  E4 e=2+2          lambda=10+2             cert(10,2)
      L11  E4 e=2+2          lambda=10+1+1           cert(10,1)
      L11  E4 e=2+1+1        lambda=11+1             cert(11,1)
      L11  E4 e=1+1+1+1      lambda=12               cert(12,0)
      L12  E4 e=4            lambda=9+1+1+1          cert(9,1)
      L12  E4 e=3+1          lambda=10+1+1           cert(10,1)
      L12  E4 e=2+2          lambda=10+2             cert(10,2)
      L12  E4 e=2+2          lambda=10+1+1           cert(10,1)
      L12  E4 e=2+1+1        lambda=11+1             cert(11,1)
      L12  E4 e=1+1+1+1      lambda=12               cert(12,0)
      L9   E5 e=5            lambda=7+1+1+1+1        cert(7,1)
      L9   E5 e=4+1          lambda=8+1+1+1          cert(8,1)
      L9   E5 e=3+2          lambda=8+2+1            cert(8,2)
      L9   E5 e=3+2          lambda=8+1+1+1          cert(8,1)
      L9   E5 e=3+1+1        lambda=9+1+1            cert(9,1)
      L9   E5 e=2+2+1        lambda=9+2              cert(9,2)
      L9   E5 e=2+2+1        lambda=9+1+1            cert(9,1)
      L9   E5 e=2+1+1+1      lambda=10+1             cert(10,1)
      L10  E5 e=5            lambda=7+1+1+1+1        cert(7,1)
      L10  E5 e=4+1          lambda=8+1+1+1          cert(8,1)
      L10  E5 e=3+2          lambda=8+2+1            cert(8,2)
      L10  E5 e=3+2          lambda=8+1+1+1          cert(8,1)
      L10  E5 e=3+1+1        lambda=9+1+1            cert(9,1)
      L10  E5 e=2+2+1        lambda=9+2              cert(9,2)
      L10  E5 e=2+2+1        lambda=9+1+1            cert(9,1)
      L10  E5 e=2+1+1+1      lambda=10+1             cert(10,1)
      L10  E5 e=1+1+1+1+1    lambda=11               cert(11,0)
      L11  E5 e=5            lambda=7+1+1+1+1        cert(7,1)
      L11  E5 e=4+1          lambda=8+1+1+1          cert(8,1)
      L11  E5 e=3+2          lambda=8+2+1            cert(8,2)
      L11  E5 e=3+2          lambda=8+1+1+1          cert(8,1)
      L11  E5 e=3+1+1        lambda=9+1+1            cert(9,1)
      L11  E5 e=2+2+1        lambda=9+2              cert(9,2)
      L11  E5 e=2+2+1        lambda=9+1+1            cert(9,1)
      L11  E5 e=2+1+1+1      lambda=10+1             cert(10,1)
      L11  E5 e=1+1+1+1+1    lambda=11               cert(11,0)
      L9   E6 e=6            lambda=5+1+1+1+1+1      cert(5,1)
      L9   E6 e=5+1          lambda=6+1+1+1+1        cert(6,1)
      L9   E6 e=4+2          lambda=6+2+1+1          cert(6,2)
      L9   E6 e=4+2          lambda=6+1+1+1+1        cert(6,1)
      L9   E6 e=4+1+1        lambda=7+1+1+1          cert(7,1)
      L9   E6 e=3+3          lambda=6+2+2            cert(6,2)
      L9   E6 e=3+3          lambda=6+2+1+1          cert(6,2)
      L9   E6 e=3+3          lambda=6+1+1+1+1        cert(6,1)
      L9   E6 e=3+2+1        lambda=7+2+1            cert(7,2)
      L9   E6 e=3+2+1        lambda=7+1+1+1          cert(7,1)
      L9   E6 e=3+1+1+1      lambda=8+1+1            cert(8,1)
      L9   E6 e=2+2+2        lambda=7+3              cert(7,3)
      L9   E6 e=2+2+2        lambda=7+2+1            cert(7,2)
      L9   E6 e=2+2+2        lambda=7+1+1+1          cert(7,1)
      L9   E6 e=2+2+1+1      lambda=8+2              cert(8,2)
      L9   E6 e=2+2+1+1      lambda=8+1+1            cert(8,1)
      L9   E6 e=2+1+1+1+1    lambda=9+1              cert(9,1)
      L9   E6 e=1+1+1+1+1+1  lambda=10               cert(10,0)
      L10  E6 e=6            lambda=5+1+1+1+1+1      cert(5,1)
      L10  E6 e=5+1          lambda=6+1+1+1+1        cert(6,1)
      L10  E6 e=4+2          lambda=6+2+1+1          cert(6,2)
      L10  E6 e=4+2          lambda=6+1+1+1+1        cert(6,1)
      L10  E6 e=4+1+1        lambda=7+1+1+1          cert(7,1)
      L10  E6 e=3+3          lambda=6+2+2            cert(6,2)
      L10  E6 e=3+3          lambda=6+2+1+1          cert(6,2)
      L10  E6 e=3+3          lambda=6+1+1+1+1        cert(6,1)
      L10  E6 e=3+2+1        lambda=7+2+1            cert(7,2)
      L10  E6 e=3+2+1        lambda=7+1+1+1          cert(7,1)
      L10  E6 e=3+1+1+1      lambda=8+1+1            cert(8,1)
      L10  E6 e=2+2+2        lambda=7+3              cert(7,3)
      L10  E6 e=2+2+2        lambda=7+2+1            cert(7,2)
      L10  E6 e=2+2+2        lambda=7+1+1+1          cert(7,1)
      L10  E6 e=2+2+1+1      lambda=8+2              cert(8,2)
      L10  E6 e=2+2+1+1      lambda=8+1+1            cert(8,1)
      L10  E6 e=2+1+1+1+1    lambda=9+1              cert(9,1)
      L10  E6 e=1+1+1+1+1+1  lambda=10               cert(10,0)
      L9   E7 e=7            lambda=3+1+1+1+1+1+1    cert(3,1)
      L9   E7 e=6+1          lambda=4+1+1+1+1+1      cert(4,1)
      L9   E7 e=5+2          lambda=4+2+1+1+1        cert(4,2)
      L9   E7 e=5+2          lambda=4+1+1+1+1+1      cert(4,1)
      L9   E7 e=5+1+1        lambda=5+1+1+1+1        cert(5,1)
      L9   E7 e=4+3          lambda=4+2+2+1          cert(4,2)
      L9   E7 e=4+3          lambda=4+2+1+1+1        cert(4,2)
      L9   E7 e=4+3          lambda=4+1+1+1+1+1      cert(4,1)
      L9   E7 e=4+2+1        lambda=5+2+1+1          cert(5,2)
      L9   E7 e=4+2+1        lambda=5+1+1+1+1        cert(5,1)
      L9   E7 e=4+1+1+1      lambda=6+1+1+1          cert(6,1)
      L9   E7 e=3+3+1        lambda=5+2+2            cert(5,2)
      L9   E7 e=3+3+1        lambda=5+2+1+1          cert(5,2)
      L9   E7 e=3+3+1        lambda=5+1+1+1+1        cert(5,1)
      L9   E7 e=3+2+2        lambda=5+3+1            cert(5,3)
      L9   E7 e=3+2+2        lambda=5+2+2            cert(5,2)
      L9   E7 e=3+2+2        lambda=5+2+1+1          cert(5,2)
      L9   E7 e=3+2+2        lambda=5+1+1+1+1        cert(5,1)
      L9   E7 e=3+2+1+1      lambda=6+2+1            cert(6,2)
      L9   E7 e=3+2+1+1      lambda=6+1+1+1          cert(6,1)
      L9   E7 e=3+1+1+1+1    lambda=7+1+1            cert(7,1)
      L9   E7 e=2+2+2+1      lambda=6+3              cert(6,3)
      L9   E7 e=2+2+2+1      lambda=6+2+1            cert(6,2)
      L9   E7 e=2+2+2+1      lambda=6+1+1+1          cert(6,1)
      L9   E7 e=2+2+1+1+1    lambda=7+2              cert(7,2)
      L9   E7 e=2+2+1+1+1    lambda=7+1+1            cert(7,1)
      L9   E7 e=2+1+1+1+1+1  lambda=8+1              cert(8,1)
      L9   E7 e=1+1+1+1+1+1+1 lambda=9                cert(9,0)
  [Lemma FAN-6' misses over ALL survivors] : 0  -> ELIMINATED
 
==========================================================================
nu = 9      (2nu = 18, p(2nu) = 385)
==========================================================================
  [E=0, TAIL range L >= lambda_1]  criterion s0(lambda) = lambda_1
    partitions of 18 scanned : 385
    survivors               : [18]
    FAN-6' misses           : 0
    s0 column               :
      **18:18** . 17+1:18 . 16+2:17 . 16+1+1:17 . 15+3:16 . 15+2+1:16 . 15+1+1+1:17 . 14+4:15 . 14+3+1:15 . 14+2+2:16 . 14+2+1+1:16 . 14+1+1+1+1:16 . 13+5:14 . 13+4+1:14 . 13+3+2:15 . 13+3+1+1:15 . 13+2+2+1:15 . 13+2+1+1+1:15 . 13+1+1+1+1+1:16 . 12+6:13 . 12+5+1:13 . 12+4+2:14 . 12+4+1+1:14 . 12+3+3:14 . 12+3+2+1:14 . 12+3+1+1+1:14 . 12+2+2+2:14 . 12+2+2+1+1:15 . 12+2+1+1+1+1:15 . 12+1+1+1+1+1+1:15 . 11+7:12 . 11+6+1:12 . 11+5+2:13 . 11+5+1+1:13 . 11+4+3:13 . 11+4+2+1:13 . 11+4+1+1+1:13 . 11+3+3+1:13 . 11+3+2+2:13 . 11+3+2+1+1:14 . 11+3+1+1+1+1:14 . 11+2+2+2+1:14 . 11+2+2+1+1+1:14 . 11+2+1+1+1+1+1:14 . 11+1+1+1+1+1+1+1:15 . 10+8:11 . 10+7+1:11 . 10+6+2:12 . 10+6+1+1:12 . 10+5+3:12 . 10+5+2+1:12 . 10+5+1+1+1:12 . 10+4+4:12 . 10+4+3+1:12 . 10+4+2+2:12 . 10+4+2+1+1:13 . 10+4+1+1+1+1:13 . 10+3+3+2:12 . 10+3+3+1+1:13 . 10+3+2+2+1:13 . 10+3+2+1+1+1:13 . 10+3+1+1+1+1+1:13 . 10+2+2+2+2:13 . 10+2+2+2+1+1:13 . 10+2+2+1+1+1+1:14 . 10+2+1+1+1+1+1+1:14 . 10+1+1+1+1+1+1+1+1:14 . 9+9:10 . 9+8+1:10 . 9+7+2:11 . 9+7+1+1:11 . 9+6+3:11 . 9+6+2+1:11 . 9+6+1+1+1:11 . 9+5+4:11 . 9+5+3+1:11 . 9+5+2+2:11 . 9+5+2+1+1:12 . 9+5+1+1+1+1:12 . 9+4+4+1:11 . 9+4+3+2:11 . 9+4+3+1+1:12 . 9+4+2+2+1:12 . 9+4+2+1+1+1:12 . 9+4+1+1+1+1+1:12 . 9+3+3+3:12 . 9+3+3+2+1:12 . 9+3+3+1+1+1:12 . 9+3+2+2+2:12 . 9+3+2+2+1+1:12 . 9+3+2+1+1+1+1:13 . 9+3+1+1+1+1+1+1:13 . 9+2+2+2+2+1:12 . 9+2+2+2+1+1+1:13 . 9+2+2+1+1+1+1+1:13 . 9+2+1+1+1+1+1+1+1:13 . 9+1+1+1+1+1+1+1+1+1:14 . 8+8+2:10 . 8+8+1+1:10 . 8+7+3:10 . 8+7+2+1:10 . 8+7+1+1+1:10 . 8+6+4:10 . 8+6+3+1:10 . 8+6+2+2:10 . 8+6+2+1+1:11 . 8+6+1+1+1+1:11 . 8+5+5:10 . 8+5+4+1:10 . 8+5+3+2:10 . 8+5+3+1+1:11 . 8+5+2+2+1:11 . 8+5+2+1+1+1:11 . 8+5+1+1+1+1+1:11 . 8+4+4+2:11 . 8+4+4+1+1:11 . 8+4+3+3:11 . 8+4+3+2+1:11 . 8+4+3+1+1+1:11 . 8+4+2+2+2:11 . 8+4+2+2+1+1:11 . 8+4+2+1+1+1+1:12 . 8+4+1+1+1+1+1+1:12 . 8+3+3+3+1:11 . 8+3+3+2+2:11 . 8+3+3+2+1+1:11 . 8+3+3+1+1+1+1:12 . 8+3+2+2+2+1:11 . 8+3+2+2+1+1+1:12 . 8+3+2+1+1+1+1+1:12 . 8+3+1+1+1+1+1+1+1:12 . 8+2+2+2+2+2:12 . 8+2+2+2+2+1+1:12 . 8+2+2+2+1+1+1+1:12 . 8+2+2+1+1+1+1+1+1:13 . 8+2+1+1+1+1+1+1+1+1:13 . 8+1+1+1+1+1+1+1+1+1+1:13 . 7+7+4:9 . 7+7+3+1:9 . 7+7+2+2:9 . 7+7+2+1+1:10 . 7+7+1+1+1+1:10 . 7+6+5:9 . 7+6+4+1:9 . 7+6+3+2:9 . 7+6+3+1+1:10 . 7+6+2+2+1:10 . 7+6+2+1+1+1:10 . 7+6+1+1+1+1+1:10 . 7+5+5+1:9 . 7+5+4+2:10 . 7+5+4+1+1:10 . 7+5+3+3:10 . 7+5+3+2+1:10 . 7+5+3+1+1+1:10 . 7+5+2+2+2:10 . 7+5+2+2+1+1:10 . 7+5+2+1+1+1+1:11 . 7+5+1+1+1+1+1+1:11 . 7+4+4+3:10 . 7+4+4+2+1:10 . 7+4+4+1+1+1:10 . 7+4+3+3+1:10 . 7+4+3+2+2:10 . 7+4+3+2+1+1:10 . 7+4+3+1+1+1+1:11 . 7+4+2+2+2+1:10 . 7+4+2+2+1+1+1:11 . 7+4+2+1+1+1+1+1:11 . 7+4+1+1+1+1+1+1+1:11 . 7+3+3+3+2:10 . 7+3+3+3+1+1:11 . 7+3+3+2+2+1:11 . 7+3+3+2+1+1+1:11 . 7+3+3+1+1+1+1+1:11 . 7+3+2+2+2+2:11 . 7+3+2+2+2+1+1:11 . 7+3+2+2+1+1+1+1:11 . 7+3+2+1+1+1+1+1+1:12 . 7+3+1+1+1+1+1+1+1+1:12 . 7+2+2+2+2+2+1:11 . 7+2+2+2+2+1+1+1:11 . 7+2+2+2+1+1+1+1+1:12 . 7+2+2+1+1+1+1+1+1+1:12 . 7+2+1+1+1+1+1+1+1+1+1:12 . 7+1+1+1+1+1+1+1+1+1+1+1:13 . 6+6+6:8 . 6+6+5+1:8 . 6+6+4+2:9 . 6+6+4+1+1:9 . 6+6+3+3:9 . 6+6+3+2+1:9 . 6+6+3+1+1+1:9 . 6+6+2+2+2:9 . 6+6+2+2+1+1:9 . 6+6+2+1+1+1+1:10 . 6+6+1+1+1+1+1+1:10 . 6+5+5+2:9 . 6+5+5+1+1:9 . 6+5+4+3:9 . 6+5+4+2+1:9 . 6+5+4+1+1+1:9 . 6+5+3+3+1:9 . 6+5+3+2+2:9 . 6+5+3+2+1+1:9 . 6+5+3+1+1+1+1:10 . 6+5+2+2+2+1:9 . 6+5+2+2+1+1+1:10 . 6+5+2+1+1+1+1+1:10 . 6+5+1+1+1+1+1+1+1:10 . 6+4+4+4:9 . 6+4+4+3+1:9 . 6+4+4+2+2:9 . 6+4+4+2+1+1:10 . 6+4+4+1+1+1+1:10 . 6+4+3+3+2:9 . 6+4+3+3+1+1:10 . 6+4+3+2+2+1:10 . 6+4+3+2+1+1+1:10 . 6+4+3+1+1+1+1+1:10 . 6+4+2+2+2+2:10 . 6+4+2+2+2+1+1:10 . 6+4+2+2+1+1+1+1:10 . 6+4+2+1+1+1+1+1+1:11 . 6+4+1+1+1+1+1+1+1+1:11 . 6+3+3+3+3:9 . 6+3+3+3+2+1:10 . 6+3+3+3+1+1+1:10 . 6+3+3+2+2+2:10 . 6+3+3+2+2+1+1:10 . 6+3+3+2+1+1+1+1:10 . 6+3+3+1+1+1+1+1+1:11 . 6+3+2+2+2+2+1:10 . 6+3+2+2+2+1+1+1:10 . 6+3+2+2+1+1+1+1+1:11 . 6+3+2+1+1+1+1+1+1+1:11 . 6+3+1+1+1+1+1+1+1+1+1:11 . 6+2+2+2+2+2+2:10 . 6+2+2+2+2+2+1+1:11 . 6+2+2+2+2+1+1+1+1:11 . 6+2+2+2+1+1+1+1+1+1:11 . 6+2+2+1+1+1+1+1+1+1+1:12 . 6+2+1+1+1+1+1+1+1+1+1+1:12 . 6+1+1+1+1+1+1+1+1+1+1+1+1:12 . 5+5+5+3:8 . 5+5+5+2+1:8 . 5+5+5+1+1+1:8 . 5+5+4+4:8 . 5+5+4+3+1:8 . 5+5+4+2+2:8 . 5+5+4+2+1+1:9 . 5+5+4+1+1+1+1:9 . 5+5+3+3+2:8 . 5+5+3+3+1+1:9 . 5+5+3+2+2+1:9 . 5+5+3+2+1+1+1:9 . 5+5+3+1+1+1+1+1:9 . 5+5+2+2+2+2:9 . 5+5+2+2+2+1+1:9 . 5+5+2+2+1+1+1+1:9 . 5+5+2+1+1+1+1+1+1:10 . 5+5+1+1+1+1+1+1+1+1:10 . 5+4+4+4+1:8 . 5+4+4+3+2:8 . 5+4+4+3+1+1:9 . 5+4+4+2+2+1:9 . 5+4+4+2+1+1+1:9 . 5+4+4+1+1+1+1+1:9 . 5+4+3+3+3:8 . 5+4+3+3+2+1:9 . 5+4+3+3+1+1+1:9 . 5+4+3+2+2+2:9 . 5+4+3+2+2+1+1:9 . 5+4+3+2+1+1+1+1:9 . 5+4+3+1+1+1+1+1+1:10 . 5+4+2+2+2+2+1:9 . 5+4+2+2+2+1+1+1:9 . 5+4+2+2+1+1+1+1+1:10 . 5+4+2+1+1+1+1+1+1+1:10 . 5+4+1+1+1+1+1+1+1+1+1:10 . 5+3+3+3+3+1:9 . 5+3+3+3+2+2:9 . 5+3+3+3+2+1+1:9 . 5+3+3+3+1+1+1+1:10 . 5+3+3+2+2+2+1:9 . 5+3+3+2+2+1+1+1:10 . 5+3+3+2+1+1+1+1+1:10 . 5+3+3+1+1+1+1+1+1+1:10 . 5+3+2+2+2+2+2:9 . 5+3+2+2+2+2+1+1:10 . 5+3+2+2+2+1+1+1+1:10 . 5+3+2+2+1+1+1+1+1+1:10 . 5+3+2+1+1+1+1+1+1+1+1:11 . 5+3+1+1+1+1+1+1+1+1+1+1:11 . 5+2+2+2+2+2+2+1:10 . 5+2+2+2+2+2+1+1+1:10 . 5+2+2+2+2+1+1+1+1+1:10 . 5+2+2+2+1+1+1+1+1+1+1:11 . 5+2+2+1+1+1+1+1+1+1+1+1:11 . 5+2+1+1+1+1+1+1+1+1+1+1+1:11 . 5+1+1+1+1+1+1+1+1+1+1+1+1+1:12 . 4+4+4+4+2:7 . 4+4+4+4+1+1:8 . 4+4+4+3+3:7 . 4+4+4+3+2+1:8 . 4+4+4+3+1+1+1:8 . 4+4+4+2+2+2:8 . 4+4+4+2+2+1+1:8 . 4+4+4+2+1+1+1+1:9 . 4+4+4+1+1+1+1+1+1:9 . 4+4+3+3+3+1:8 . 4+4+3+3+2+2:8 . 4+4+3+3+2+1+1:8 . 4+4+3+3+1+1+1+1:9 . 4+4+3+2+2+2+1:8 . 4+4+3+2+2+1+1+1:9 . 4+4+3+2+1+1+1+1+1:9 . 4+4+3+1+1+1+1+1+1+1:9 . 4+4+2+2+2+2+2:8 . 4+4+2+2+2+2+1+1:9 . 4+4+2+2+2+1+1+1+1:9 . 4+4+2+2+1+1+1+1+1+1:9 . 4+4+2+1+1+1+1+1+1+1+1:10 . 4+4+1+1+1+1+1+1+1+1+1+1:10 . 4+3+3+3+3+2:8 . 4+3+3+3+3+1+1:8 . 4+3+3+3+2+2+1:8 . 4+3+3+3+2+1+1+1:9 . 4+3+3+3+1+1+1+1+1:9 . 4+3+3+2+2+2+2:8 . 4+3+3+2+2+2+1+1:9 . 4+3+3+2+2+1+1+1+1:9 . 4+3+3+2+1+1+1+1+1+1:9 . 4+3+3+1+1+1+1+1+1+1+1:10 . 4+3+2+2+2+2+2+1:9 . 4+3+2+2+2+2+1+1+1:9 . 4+3+2+2+2+1+1+1+1+1:9 . 4+3+2+2+1+1+1+1+1+1+1:10 . 4+3+2+1+1+1+1+1+1+1+1+1:10 . 4+3+1+1+1+1+1+1+1+1+1+1+1:10 . 4+2+2+2+2+2+2+2:9 . 4+2+2+2+2+2+2+1+1:9 . 4+2+2+2+2+2+1+1+1+1:10 . 4+2+2+2+2+1+1+1+1+1+1:10 . 4+2+2+2+1+1+1+1+1+1+1+1:10 . 4+2+2+1+1+1+1+1+1+1+1+1+1:11 . 4+2+1+1+1+1+1+1+1+1+1+1+1+1:11 . 4+1+1+1+1+1+1+1+1+1+1+1+1+1+1:11 . 3+3+3+3+3+3:7 . 3+3+3+3+3+2+1:7 . 3+3+3+3+3+1+1+1:8 . 3+3+3+3+2+2+2:8 . 3+3+3+3+2+2+1+1:8 . 3+3+3+3+2+1+1+1+1:8 . 3+3+3+3+1+1+1+1+1+1:9 . 3+3+3+2+2+2+2+1:8 . 3+3+3+2+2+2+1+1+1:8 . 3+3+3+2+2+1+1+1+1+1:9 . 3+3+3+2+1+1+1+1+1+1+1:9 . 3+3+3+1+1+1+1+1+1+1+1+1:9 . 3+3+2+2+2+2+2+2:8 . 3+3+2+2+2+2+2+1+1:8 . 3+3+2+2+2+2+1+1+1+1:9 . 3+3+2+2+2+1+1+1+1+1+1:9 . 3+3+2+2+1+1+1+1+1+1+1+1:9 . 3+3+2+1+1+1+1+1+1+1+1+1+1:10 . 3+3+1+1+1+1+1+1+1+1+1+1+1+1:10 . 3+2+2+2+2+2+2+2+1:8 . 3+2+2+2+2+2+2+1+1+1:9 . 3+2+2+2+2+2+1+1+1+1+1:9 . 3+2+2+2+2+1+1+1+1+1+1+1:9 . 3+2+2+2+1+1+1+1+1+1+1+1+1:10 . 3+2+2+1+1+1+1+1+1+1+1+1+1+1:10 . 3+2+1+1+1+1+1+1+1+1+1+1+1+1+1:10 . 3+1+1+1+1+1+1+1+1+1+1+1+1+1+1+1:11 . 2+2+2+2+2+2+2+2+2:8 . 2+2+2+2+2+2+2+2+1+1:8 . 2+2+2+2+2+2+2+1+1+1+1:8 . 2+2+2+2+2+2+1+1+1+1+1+1:9 . 2+2+2+2+2+1+1+1+1+1+1+1+1:9 . 2+2+2+2+1+1+1+1+1+1+1+1+1+1:9 . 2+2+2+1+1+1+1+1+1+1+1+1+1+1+1:10 . 2+2+1+1+1+1+1+1+1+1+1+1+1+1+1+1:10 . 2+1+1+1+1+1+1+1+1+1+1+1+1+1+1+1+1:10 . 1+1+1+1+1+1+1+1+1+1+1+1+1+1+1+1+1+1:10
  [E=0, boundary rows nu+1 <= L < lambda_1]
    (L,lambda) pairs checked : 120
    survivors (4)           : (17,[18]) cert(18,0), (15,[17+1]) cert(17,1), (13,[16+1+1]) cert(16,1), (11,[15+1+1+1]) cert(15,1)
  [E>=1 rows]  nu+1 <= L <= 2nu-E, e |- E, lambda |- 2nu-E
    shapes tested (loop)     : 20126
    shapes tested (closed)   : 20126   AGREE
    per-E (loop)             : {1: 2376, 2: 3234, 3: 3168, 4: 3375, 5: 2828, 6: 2541, 7: 1680, 8: 924}
    per-E (closed form)      : {1: 2376, 2: 3234, 3: 3168, 4: 3375, 5: 2828, 6: 2541, 7: 1680, 8: 924}
    survivors                : 251
      L10  E1 e=1            lambda=14+1+1+1         cert(14,1)
      L12  E1 e=1            lambda=15+1+1           cert(15,1)
      L14  E1 e=1            lambda=16+1             cert(16,1)
      L16  E1 e=1            lambda=17               cert(17,0)
      L17  E1 e=1            lambda=17               cert(17,0)
      L10  E2 e=2            lambda=13+2+1           cert(13,2)
      L10  E2 e=2            lambda=13+1+1+1         cert(13,1)
      L11  E2 e=1+1          lambda=14+1+1           cert(14,1)
      L12  E2 e=2            lambda=14+2             cert(14,2)
      L12  E2 e=2            lambda=14+1+1           cert(14,1)
      L13  E2 e=1+1          lambda=15+1             cert(15,1)
      L14  E2 e=2            lambda=15+1             cert(15,1)
      L15  E2 e=2            lambda=15+1             cert(15,1)
      L15  E2 e=1+1          lambda=16               cert(16,0)
      L16  E2 e=2            lambda=15+1             cert(15,1)
      L16  E2 e=1+1          lambda=16               cert(16,0)
      L10  E3 e=3            lambda=12+2+1           cert(12,2)
      L10  E3 e=3            lambda=12+1+1+1         cert(12,1)
      L10  E3 e=1+1+1        lambda=13+1+1           cert(13,1)
      L11  E3 e=2+1          lambda=13+2             cert(13,2)
      L11  E3 e=2+1          lambda=13+1+1           cert(13,1)
      L12  E3 e=3            lambda=13+1+1           cert(13,1)
      L12  E3 e=1+1+1        lambda=14+1             cert(14,1)
      L13  E3 e=3            lambda=13+1+1           cert(13,1)
      L13  E3 e=2+1          lambda=14+1             cert(14,1)
      L14  E3 e=3            lambda=13+1+1           cert(13,1)
      L14  E3 e=2+1          lambda=14+1             cert(14,1)
      L14  E3 e=1+1+1        lambda=15               cert(15,0)
      L15  E3 e=3            lambda=13+1+1           cert(13,1)
      L15  E3 e=2+1          lambda=14+1             cert(14,1)
      L15  E3 e=1+1+1        lambda=15               cert(15,0)
      L10  E4 e=4            lambda=11+1+1+1         cert(11,1)
      L10  E4 e=2+1+1        lambda=12+2             cert(12,2)
      L10  E4 e=2+1+1        lambda=12+1+1           cert(12,1)
      L11  E4 e=4            lambda=11+1+1+1         cert(11,1)
      L11  E4 e=3+1          lambda=12+1+1           cert(12,1)
      L11  E4 e=2+2          lambda=12+2             cert(12,2)
      L11  E4 e=2+2          lambda=12+1+1           cert(12,1)
      L11  E4 e=1+1+1+1      lambda=13+1             cert(13,1)
      L12  E4 e=4            lambda=11+1+1+1         cert(11,1)
      L12  E4 e=3+1          lambda=12+1+1           cert(12,1)
      L12  E4 e=2+2          lambda=12+2             cert(12,2)
      L12  E4 e=2+2          lambda=12+1+1           cert(12,1)
      L12  E4 e=2+1+1        lambda=13+1             cert(13,1)
      L13  E4 e=4            lambda=11+1+1+1         cert(11,1)
      L13  E4 e=3+1          lambda=12+1+1           cert(12,1)
      L13  E4 e=2+2          lambda=12+2             cert(12,2)
      L13  E4 e=2+2          lambda=12+1+1           cert(12,1)
      L13  E4 e=2+1+1        lambda=13+1             cert(13,1)
      L13  E4 e=1+1+1+1      lambda=14               cert(14,0)
      L14  E4 e=4            lambda=11+1+1+1         cert(11,1)
      L14  E4 e=3+1          lambda=12+1+1           cert(12,1)
      L14  E4 e=2+2          lambda=12+2             cert(12,2)
      L14  E4 e=2+2          lambda=12+1+1           cert(12,1)
      L14  E4 e=2+1+1        lambda=13+1             cert(13,1)
      L14  E4 e=1+1+1+1      lambda=14               cert(14,0)
      L10  E5 e=5            lambda=9+1+1+1+1        cert(9,1)
      L10  E5 e=4+1          lambda=10+1+1+1         cert(10,1)
      L10  E5 e=3+2          lambda=10+2+1           cert(10,2)
      L10  E5 e=3+2          lambda=10+1+1+1         cert(10,1)
      L10  E5 e=3+1+1        lambda=11+1+1           cert(11,1)
      L10  E5 e=2+2+1        lambda=11+2             cert(11,2)
      L10  E5 e=2+2+1        lambda=11+1+1           cert(11,1)
      L10  E5 e=1+1+1+1+1    lambda=12+1             cert(12,1)
      L11  E5 e=5            lambda=9+1+1+1+1        cert(9,1)
      L11  E5 e=4+1          lambda=10+1+1+1         cert(10,1)
      L11  E5 e=3+2          lambda=10+2+1           cert(10,2)
      L11  E5 e=3+2          lambda=10+1+1+1         cert(10,1)
      L11  E5 e=3+1+1        lambda=11+1+1           cert(11,1)
      L11  E5 e=2+2+1        lambda=11+2             cert(11,2)
      L11  E5 e=2+2+1        lambda=11+1+1           cert(11,1)
      L11  E5 e=2+1+1+1      lambda=12+1             cert(12,1)
      L12  E5 e=5            lambda=9+1+1+1+1        cert(9,1)
      L12  E5 e=4+1          lambda=10+1+1+1         cert(10,1)
      L12  E5 e=3+2          lambda=10+2+1           cert(10,2)
      L12  E5 e=3+2          lambda=10+1+1+1         cert(10,1)
      L12  E5 e=3+1+1        lambda=11+1+1           cert(11,1)
      L12  E5 e=2+2+1        lambda=11+2             cert(11,2)
      L12  E5 e=2+2+1        lambda=11+1+1           cert(11,1)
      L12  E5 e=2+1+1+1      lambda=12+1             cert(12,1)
      L12  E5 e=1+1+1+1+1    lambda=13               cert(13,0)
      L13  E5 e=5            lambda=9+1+1+1+1        cert(9,1)
      L13  E5 e=4+1          lambda=10+1+1+1         cert(10,1)
      L13  E5 e=3+2          lambda=10+2+1           cert(10,2)
      L13  E5 e=3+2          lambda=10+1+1+1         cert(10,1)
      L13  E5 e=3+1+1        lambda=11+1+1           cert(11,1)
      L13  E5 e=2+2+1        lambda=11+2             cert(11,2)
      L13  E5 e=2+2+1        lambda=11+1+1           cert(11,1)
      L13  E5 e=2+1+1+1      lambda=12+1             cert(12,1)
      L13  E5 e=1+1+1+1+1    lambda=13               cert(13,0)
      L10  E6 e=6            lambda=7+1+1+1+1+1      cert(7,1)
      L10  E6 e=5+1          lambda=8+1+1+1+1        cert(8,1)
      L10  E6 e=4+2          lambda=8+2+1+1          cert(8,2)
      L10  E6 e=4+2          lambda=8+1+1+1+1        cert(8,1)
      L10  E6 e=4+1+1        lambda=9+1+1+1          cert(9,1)
      L10  E6 e=3+3          lambda=8+2+2            cert(8,2)
      L10  E6 e=3+3          lambda=8+2+1+1          cert(8,2)
      L10  E6 e=3+3          lambda=8+1+1+1+1        cert(8,1)
      L10  E6 e=3+2+1        lambda=9+2+1            cert(9,2)
      L10  E6 e=3+2+1        lambda=9+1+1+1          cert(9,1)
      L10  E6 e=3+1+1+1      lambda=10+1+1           cert(10,1)
      L10  E6 e=2+2+2        lambda=9+3              cert(9,3)
      L10  E6 e=2+2+2        lambda=9+2+1            cert(9,2)
      L10  E6 e=2+2+2        lambda=9+1+1+1          cert(9,1)
      L10  E6 e=2+2+1+1      lambda=10+2             cert(10,2)
      L10  E6 e=2+2+1+1      lambda=10+1+1           cert(10,1)
      L10  E6 e=2+1+1+1+1    lambda=11+1             cert(11,1)
      L11  E6 e=6            lambda=7+1+1+1+1+1      cert(7,1)
      L11  E6 e=5+1          lambda=8+1+1+1+1        cert(8,1)
      L11  E6 e=4+2          lambda=8+2+1+1          cert(8,2)
      L11  E6 e=4+2          lambda=8+1+1+1+1        cert(8,1)
      L11  E6 e=4+1+1        lambda=9+1+1+1          cert(9,1)
      L11  E6 e=3+3          lambda=8+2+2            cert(8,2)
      L11  E6 e=3+3          lambda=8+2+1+1          cert(8,2)
      L11  E6 e=3+3          lambda=8+1+1+1+1        cert(8,1)
      L11  E6 e=3+2+1        lambda=9+2+1            cert(9,2)
      L11  E6 e=3+2+1        lambda=9+1+1+1          cert(9,1)
      L11  E6 e=3+1+1+1      lambda=10+1+1           cert(10,1)
      L11  E6 e=2+2+2        lambda=9+3              cert(9,3)
      L11  E6 e=2+2+2        lambda=9+2+1            cert(9,2)
      L11  E6 e=2+2+2        lambda=9+1+1+1          cert(9,1)
      L11  E6 e=2+2+1+1      lambda=10+2             cert(10,2)
      L11  E6 e=2+2+1+1      lambda=10+1+1           cert(10,1)
      L11  E6 e=2+1+1+1+1    lambda=11+1             cert(11,1)
      L11  E6 e=1+1+1+1+1+1  lambda=12               cert(12,0)
      L12  E6 e=6            lambda=7+1+1+1+1+1      cert(7,1)
      L12  E6 e=5+1          lambda=8+1+1+1+1        cert(8,1)
      L12  E6 e=4+2          lambda=8+2+1+1          cert(8,2)
      L12  E6 e=4+2          lambda=8+1+1+1+1        cert(8,1)
      L12  E6 e=4+1+1        lambda=9+1+1+1          cert(9,1)
      L12  E6 e=3+3          lambda=8+2+2            cert(8,2)
      L12  E6 e=3+3          lambda=8+2+1+1          cert(8,2)
      L12  E6 e=3+3          lambda=8+1+1+1+1        cert(8,1)
      L12  E6 e=3+2+1        lambda=9+2+1            cert(9,2)
      L12  E6 e=3+2+1        lambda=9+1+1+1          cert(9,1)
      L12  E6 e=3+1+1+1      lambda=10+1+1           cert(10,1)
      L12  E6 e=2+2+2        lambda=9+3              cert(9,3)
      L12  E6 e=2+2+2        lambda=9+2+1            cert(9,2)
      L12  E6 e=2+2+2        lambda=9+1+1+1          cert(9,1)
      L12  E6 e=2+2+1+1      lambda=10+2             cert(10,2)
      L12  E6 e=2+2+1+1      lambda=10+1+1           cert(10,1)
      L12  E6 e=2+1+1+1+1    lambda=11+1             cert(11,1)
      L12  E6 e=1+1+1+1+1+1  lambda=12               cert(12,0)
      L10  E7 e=7            lambda=5+1+1+1+1+1+1    cert(5,1)
      L10  E7 e=6+1          lambda=6+1+1+1+1+1      cert(6,1)
      L10  E7 e=5+2          lambda=6+2+1+1+1        cert(6,2)
      L10  E7 e=5+2          lambda=6+1+1+1+1+1      cert(6,1)
      L10  E7 e=5+1+1        lambda=7+1+1+1+1        cert(7,1)
      L10  E7 e=4+3          lambda=6+2+2+1          cert(6,2)
      L10  E7 e=4+3          lambda=6+2+1+1+1        cert(6,2)
      L10  E7 e=4+3          lambda=6+1+1+1+1+1      cert(6,1)
      L10  E7 e=4+2+1        lambda=7+2+1+1          cert(7,2)
      L10  E7 e=4+2+1        lambda=7+1+1+1+1        cert(7,1)
      L10  E7 e=4+1+1+1      lambda=8+1+1+1          cert(8,1)
      L10  E7 e=3+3+1        lambda=7+2+2            cert(7,2)
      L10  E7 e=3+3+1        lambda=7+2+1+1          cert(7,2)
      L10  E7 e=3+3+1        lambda=7+1+1+1+1        cert(7,1)
      L10  E7 e=3+2+2        lambda=7+3+1            cert(7,3)
      L10  E7 e=3+2+2        lambda=7+2+2            cert(7,2)
      L10  E7 e=3+2+2        lambda=7+2+1+1          cert(7,2)
      L10  E7 e=3+2+2        lambda=7+1+1+1+1        cert(7,1)
      L10  E7 e=3+2+1+1      lambda=8+2+1            cert(8,2)
      L10  E7 e=3+2+1+1      lambda=8+1+1+1          cert(8,1)
      L10  E7 e=3+1+1+1+1    lambda=9+1+1            cert(9,1)
      L10  E7 e=2+2+2+1      lambda=8+3              cert(8,3)
      L10  E7 e=2+2+2+1      lambda=8+2+1            cert(8,2)
      L10  E7 e=2+2+2+1      lambda=8+1+1+1          cert(8,1)
      L10  E7 e=2+2+1+1+1    lambda=9+2              cert(9,2)
      L10  E7 e=2+2+1+1+1    lambda=9+1+1            cert(9,1)
      L10  E7 e=2+1+1+1+1+1  lambda=10+1             cert(10,1)
      L10  E7 e=1+1+1+1+1+1+1 lambda=11               cert(11,0)
      L11  E7 e=7            lambda=5+1+1+1+1+1+1    cert(5,1)
      L11  E7 e=6+1          lambda=6+1+1+1+1+1      cert(6,1)
      L11  E7 e=5+2          lambda=6+2+1+1+1        cert(6,2)
      L11  E7 e=5+2          lambda=6+1+1+1+1+1      cert(6,1)
      L11  E7 e=5+1+1        lambda=7+1+1+1+1        cert(7,1)
      L11  E7 e=4+3          lambda=6+2+2+1          cert(6,2)
      L11  E7 e=4+3          lambda=6+2+1+1+1        cert(6,2)
      L11  E7 e=4+3          lambda=6+1+1+1+1+1      cert(6,1)
      L11  E7 e=4+2+1        lambda=7+2+1+1          cert(7,2)
      L11  E7 e=4+2+1        lambda=7+1+1+1+1        cert(7,1)
      L11  E7 e=4+1+1+1      lambda=8+1+1+1          cert(8,1)
      L11  E7 e=3+3+1        lambda=7+2+2            cert(7,2)
      L11  E7 e=3+3+1        lambda=7+2+1+1          cert(7,2)
      L11  E7 e=3+3+1        lambda=7+1+1+1+1        cert(7,1)
      L11  E7 e=3+2+2        lambda=7+3+1            cert(7,3)
      L11  E7 e=3+2+2        lambda=7+2+2            cert(7,2)
      L11  E7 e=3+2+2        lambda=7+2+1+1          cert(7,2)
      L11  E7 e=3+2+2        lambda=7+1+1+1+1        cert(7,1)
      L11  E7 e=3+2+1+1      lambda=8+2+1            cert(8,2)
      L11  E7 e=3+2+1+1      lambda=8+1+1+1          cert(8,1)
      L11  E7 e=3+1+1+1+1    lambda=9+1+1            cert(9,1)
      L11  E7 e=2+2+2+1      lambda=8+3              cert(8,3)
      L11  E7 e=2+2+2+1      lambda=8+2+1            cert(8,2)
      L11  E7 e=2+2+2+1      lambda=8+1+1+1          cert(8,1)
      L11  E7 e=2+2+1+1+1    lambda=9+2              cert(9,2)
      L11  E7 e=2+2+1+1+1    lambda=9+1+1            cert(9,1)
      L11  E7 e=2+1+1+1+1+1  lambda=10+1             cert(10,1)
      L11  E7 e=1+1+1+1+1+1+1 lambda=11               cert(11,0)
      L10  E8 e=8            lambda=3+1+1+1+1+1+1+1  cert(3,1)
      L10  E8 e=7+1          lambda=4+1+1+1+1+1+1    cert(4,1)
      L10  E8 e=6+2          lambda=4+2+1+1+1+1      cert(4,2)
      L10  E8 e=6+2          lambda=4+1+1+1+1+1+1    cert(4,1)
      L10  E8 e=6+1+1        lambda=5+1+1+1+1+1      cert(5,1)
      L10  E8 e=5+3          lambda=4+2+2+1+1        cert(4,2)
      L10  E8 e=5+3          lambda=4+2+1+1+1+1      cert(4,2)
      L10  E8 e=5+3          lambda=4+1+1+1+1+1+1    cert(4,1)
      L10  E8 e=5+2+1        lambda=5+2+1+1+1        cert(5,2)
      L10  E8 e=5+2+1        lambda=5+1+1+1+1+1      cert(5,1)
      L10  E8 e=5+1+1+1      lambda=6+1+1+1+1        cert(6,1)
      L10  E8 e=4+4          lambda=4+2+2+2          cert(4,2)
      L10  E8 e=4+4          lambda=4+2+2+1+1        cert(4,2)
      L10  E8 e=4+4          lambda=4+2+1+1+1+1      cert(4,2)
      L10  E8 e=4+4          lambda=4+1+1+1+1+1+1    cert(4,1)
      L10  E8 e=4+3+1        lambda=5+2+2+1          cert(5,2)
      L10  E8 e=4+3+1        lambda=5+2+1+1+1        cert(5,2)
      L10  E8 e=4+3+1        lambda=5+1+1+1+1+1      cert(5,1)
      L10  E8 e=4+2+2        lambda=5+3+1+1          cert(5,3)
      L10  E8 e=4+2+2        lambda=5+2+2+1          cert(5,2)
      L10  E8 e=4+2+2        lambda=5+2+1+1+1        cert(5,2)
      L10  E8 e=4+2+2        lambda=5+1+1+1+1+1      cert(5,1)
      L10  E8 e=4+2+1+1      lambda=6+2+1+1          cert(6,2)
      L10  E8 e=4+2+1+1      lambda=6+1+1+1+1        cert(6,1)
      L10  E8 e=4+1+1+1+1    lambda=7+1+1+1          cert(7,1)
      L10  E8 e=3+3+2        lambda=5+3+2            cert(5,3)
      L10  E8 e=3+3+2        lambda=5+3+1+1          cert(5,3)
      L10  E8 e=3+3+2        lambda=5+2+2+1          cert(5,2)
      L10  E8 e=3+3+2        lambda=5+2+1+1+1        cert(5,2)
      L10  E8 e=3+3+2        lambda=5+1+1+1+1+1      cert(5,1)
      L10  E8 e=3+3+1+1      lambda=6+2+2            cert(6,2)
      L10  E8 e=3+3+1+1      lambda=6+2+1+1          cert(6,2)
      L10  E8 e=3+3+1+1      lambda=6+1+1+1+1        cert(6,1)
      L10  E8 e=3+2+2+1      lambda=6+3+1            cert(6,3)
      L10  E8 e=3+2+2+1      lambda=6+2+2            cert(6,2)
      L10  E8 e=3+2+2+1      lambda=6+2+1+1          cert(6,2)
      L10  E8 e=3+2+2+1      lambda=6+1+1+1+1        cert(6,1)
      L10  E8 e=3+2+1+1+1    lambda=7+2+1            cert(7,2)
      L10  E8 e=3+2+1+1+1    lambda=7+1+1+1          cert(7,1)
      L10  E8 e=3+1+1+1+1+1  lambda=8+1+1            cert(8,1)
      L10  E8 e=2+2+2+2      lambda=6+4              cert(6,4)
      L10  E8 e=2+2+2+2      lambda=6+3+1            cert(6,3)
      L10  E8 e=2+2+2+2      lambda=6+2+2            cert(6,2)
      L10  E8 e=2+2+2+2      lambda=6+2+1+1          cert(6,2)
      L10  E8 e=2+2+2+2      lambda=6+1+1+1+1        cert(6,1)
      L10  E8 e=2+2+2+1+1    lambda=7+3              cert(7,3)
      L10  E8 e=2+2+2+1+1    lambda=7+2+1            cert(7,2)
      L10  E8 e=2+2+2+1+1    lambda=7+1+1+1          cert(7,1)
      L10  E8 e=2+2+1+1+1+1  lambda=8+2              cert(8,2)
      L10  E8 e=2+2+1+1+1+1  lambda=8+1+1            cert(8,1)
      L10  E8 e=2+1+1+1+1+1+1 lambda=9+1              cert(9,1)
      L10  E8 e=1+1+1+1+1+1+1+1 lambda=10               cert(10,0)
  [Lemma FAN-6' misses over ALL survivors] : 0  -> ELIMINATED
 
==========================================================================
nu = 10      (2nu = 20, p(2nu) = 627)
==========================================================================
  [E=0, TAIL range L >= lambda_1]  criterion s0(lambda) = lambda_1
    partitions of 20 scanned : 627
    survivors               : [20]
    FAN-6' misses           : 0
    s0 column               :
      **20:20** . 19+1:20 . 18+2:19 . 18+1+1:19 . 17+3:18 . 17+2+1:18 . 17+1+1+1:19 . 16+4:17 . 16+3+1:17 . 16+2+2:18 . 16+2+1+1:18 . 16+1+1+1+1:18 . 15+5:16 . 15+4+1:16 . 15+3+2:17 . 15+3+1+1:17 . 15+2+2+1:17 . 15+2+1+1+1:17 . 15+1+1+1+1+1:18 . 14+6:15 . 14+5+1:15 . 14+4+2:16 . 14+4+1+1:16 . 14+3+3:16 . 14+3+2+1:16 . 14+3+1+1+1:16 . 14+2+2+2:16 . 14+2+2+1+1:17 . 14+2+1+1+1+1:17 . 14+1+1+1+1+1+1:17 . 13+7:14 . 13+6+1:14 . 13+5+2:15 . 13+5+1+1:15 . 13+4+3:15 . 13+4+2+1:15 . 13+4+1+1+1:15 . 13+3+3+1:15 . 13+3+2+2:15 . 13+3+2+1+1:16 . 13+3+1+1+1+1:16 . 13+2+2+2+1:16 . 13+2+2+1+1+1:16 . 13+2+1+1+1+1+1:16 . 13+1+1+1+1+1+1+1:17 . 12+8:13 . 12+7+1:13 . 12+6+2:14 . 12+6+1+1:14 . 12+5+3:14 . 12+5+2+1:14 . 12+5+1+1+1:14 . 12+4+4:14 . 12+4+3+1:14 . 12+4+2+2:14 . 12+4+2+1+1:15 . 12+4+1+1+1+1:15 . 12+3+3+2:14 . 12+3+3+1+1:15 . 12+3+2+2+1:15 . 12+3+2+1+1+1:15 . 12+3+1+1+1+1+1:15 . 12+2+2+2+2:15 . 12+2+2+2+1+1:15 . 12+2+2+1+1+1+1:16 . 12+2+1+1+1+1+1+1:16 . 12+1+1+1+1+1+1+1+1:16 . 11+9:12 . 11+8+1:12 . 11+7+2:13 . 11+7+1+1:13 . 11+6+3:13 . 11+6+2+1:13 . 11+6+1+1+1:13 . 11+5+4:13 . 11+5+3+1:13 . 11+5+2+2:13 . 11+5+2+1+1:14 . 11+5+1+1+1+1:14 . 11+4+4+1:13 . 11+4+3+2:13 . 11+4+3+1+1:14 . 11+4+2+2+1:14 . 11+4+2+1+1+1:14 . 11+4+1+1+1+1+1:14 . 11+3+3+3:14 . 11+3+3+2+1:14 . 11+3+3+1+1+1:14 . 11+3+2+2+2:14 . 11+3+2+2+1+1:14 . 11+3+2+1+1+1+1:15 . 11+3+1+1+1+1+1+1:15 . 11+2+2+2+2+1:14 . 11+2+2+2+1+1+1:15 . 11+2+2+1+1+1+1+1:15 . 11+2+1+1+1+1+1+1+1:15 . 11+1+1+1+1+1+1+1+1+1:16 . 10+10:11 . 10+9+1:11 . 10+8+2:12 . 10+8+1+1:12 . 10+7+3:12 . 10+7+2+1:12 . 10+7+1+1+1:12 . 10+6+4:12 . 10+6+3+1:12 . 10+6+2+2:12 . 10+6+2+1+1:13 . 10+6+1+1+1+1:13 . 10+5+5:12 . 10+5+4+1:12 . 10+5+3+2:12 . 10+5+3+1+1:13 . 10+5+2+2+1:13 . 10+5+2+1+1+1:13 . 10+5+1+1+1+1+1:13 . 10+4+4+2:13 . 10+4+4+1+1:13 . 10+4+3+3:13 . 10+4+3+2+1:13 . 10+4+3+1+1+1:13 . 10+4+2+2+2:13 . 10+4+2+2+1+1:13 . 10+4+2+1+1+1+1:14 . 10+4+1+1+1+1+1+1:14 . 10+3+3+3+1:13 . 10+3+3+2+2:13 . 10+3+3+2+1+1:13 . 10+3+3+1+1+1+1:14 . 10+3+2+2+2+1:13 . 10+3+2+2+1+1+1:14 . 10+3+2+1+1+1+1+1:14 . 10+3+1+1+1+1+1+1+1:14 . 10+2+2+2+2+2:14 . 10+2+2+2+2+1+1:14 . 10+2+2+2+1+1+1+1:14 . 10+2+2+1+1+1+1+1+1:15 . 10+2+1+1+1+1+1+1+1+1:15 . 10+1+1+1+1+1+1+1+1+1+1:15 . 9+9+2:11 . 9+9+1+1:11 . 9+8+3:11 . 9+8+2+1:11 . 9+8+1+1+1:11 . 9+7+4:11 . 9+7+3+1:11 . 9+7+2+2:11 . 9+7+2+1+1:12 . 9+7+1+1+1+1:12 . 9+6+5:11 . 9+6+4+1:11 . 9+6+3+2:11 . 9+6+3+1+1:12 . 9+6+2+2+1:12 . 9+6+2+1+1+1:12 . 9+6+1+1+1+1+1:12 . 9+5+5+1:11 . 9+5+4+2:12 . 9+5+4+1+1:12 . 9+5+3+3:12 . 9+5+3+2+1:12 . 9+5+3+1+1+1:12 . 9+5+2+2+2:12 . 9+5+2+2+1+1:12 . 9+5+2+1+1+1+1:13 . 9+5+1+1+1+1+1+1:13 . 9+4+4+3:12 . 9+4+4+2+1:12 . 9+4+4+1+1+1:12 . 9+4+3+3+1:12 . 9+4+3+2+2:12 . 9+4+3+2+1+1:12 . 9+4+3+1+1+1+1:13 . 9+4+2+2+2+1:12 . 9+4+2+2+1+1+1:13 . 9+4+2+1+1+1+1+1:13 . 9+4+1+1+1+1+1+1+1:13 . 9+3+3+3+2:12 . 9+3+3+3+1+1:13 . 9+3+3+2+2+1:13 . 9+3+3+2+1+1+1:13 . 9+3+3+1+1+1+1+1:13 . 9+3+2+2+2+2:13 . 9+3+2+2+2+1+1:13 . 9+3+2+2+1+1+1+1:13 . 9+3+2+1+1+1+1+1+1:14 . 9+3+1+1+1+1+1+1+1+1:14 . 9+2+2+2+2+2+1:13 . 9+2+2+2+2+1+1+1:13 . 9+2+2+2+1+1+1+1+1:14 . 9+2+2+1+1+1+1+1+1+1:14 . 9+2+1+1+1+1+1+1+1+1+1:14 . 9+1+1+1+1+1+1+1+1+1+1+1:15 . 8+8+4:10 . 8+8+3+1:10 . 8+8+2+2:10 . 8+8+2+1+1:11 . 8+8+1+1+1+1:11 . 8+7+5:10 . 8+7+4+1:10 . 8+7+3+2:10 . 8+7+3+1+1:11 . 8+7+2+2+1:11 . 8+7+2+1+1+1:11 . 8+7+1+1+1+1+1:11 . 8+6+6:10 . 8+6+5+1:10 . 8+6+4+2:11 . 8+6+4+1+1:11 . 8+6+3+3:11 . 8+6+3+2+1:11 . 8+6+3+1+1+1:11 . 8+6+2+2+2:11 . 8+6+2+2+1+1:11 . 8+6+2+1+1+1+1:12 . 8+6+1+1+1+1+1+1:12 . 8+5+5+2:11 . 8+5+5+1+1:11 . 8+5+4+3:11 . 8+5+4+2+1:11 . 8+5+4+1+1+1:11 . 8+5+3+3+1:11 . 8+5+3+2+2:11 . 8+5+3+2+1+1:11 . 8+5+3+1+1+1+1:12 . 8+5+2+2+2+1:11 . 8+5+2+2+1+1+1:12 . 8+5+2+1+1+1+1+1:12 . 8+5+1+1+1+1+1+1+1:12 . 8+4+4+4:11 . 8+4+4+3+1:11 . 8+4+4+2+2:11 . 8+4+4+2+1+1:12 . 8+4+4+1+1+1+1:12 . 8+4+3+3+2:11 . 8+4+3+3+1+1:12 . 8+4+3+2+2+1:12 . 8+4+3+2+1+1+1:12 . 8+4+3+1+1+1+1+1:12 . 8+4+2+2+2+2:12 . 8+4+2+2+2+1+1:12 . 8+4+2+2+1+1+1+1:12 . 8+4+2+1+1+1+1+1+1:13 . 8+4+1+1+1+1+1+1+1+1:13 . 8+3+3+3+3:11 . 8+3+3+3+2+1:12 . 8+3+3+3+1+1+1:12 . 8+3+3+2+2+2:12 . 8+3+3+2+2+1+1:12 . 8+3+3+2+1+1+1+1:12 . 8+3+3+1+1+1+1+1+1:13 . 8+3+2+2+2+2+1:12 . 8+3+2+2+2+1+1+1:12 . 8+3+2+2+1+1+1+1+1:13 . 8+3+2+1+1+1+1+1+1+1:13 . 8+3+1+1+1+1+1+1+1+1+1:13 . 8+2+2+2+2+2+2:12 . 8+2+2+2+2+2+1+1:13 . 8+2+2+2+2+1+1+1+1:13 . 8+2+2+2+1+1+1+1+1+1:13 . 8+2+2+1+1+1+1+1+1+1+1:14 . 8+2+1+1+1+1+1+1+1+1+1+1:14 . 8+1+1+1+1+1+1+1+1+1+1+1+1:14 . 7+7+6:9 . 7+7+5+1:9 . 7+7+4+2:10 . 7+7+4+1+1:10 . 7+7+3+3:10 . 7+7+3+2+1:10 . 7+7+3+1+1+1:10 . 7+7+2+2+2:10 . 7+7+2+2+1+1:10 . 7+7+2+1+1+1+1:11 . 7+7+1+1+1+1+1+1:11 . 7+6+6+1:9 . 7+6+5+2:10 . 7+6+5+1+1:10 . 7+6+4+3:10 . 7+6+4+2+1:10 . 7+6+4+1+1+1:10 . 7+6+3+3+1:10 . 7+6+3+2+2:10 . 7+6+3+2+1+1:10 . 7+6+3+1+1+1+1:11 . 7+6+2+2+2+1:10 . 7+6+2+2+1+1+1:11 . 7+6+2+1+1+1+1+1:11 . 7+6+1+1+1+1+1+1+1:11 . 7+5+5+3:10 . 7+5+5+2+1:10 . 7+5+5+1+1+1:10 . 7+5+4+4:10 . 7+5+4+3+1:10 . 7+5+4+2+2:10 . 7+5+4+2+1+1:11 . 7+5+4+1+1+1+1:11 . 7+5+3+3+2:10 . 7+5+3+3+1+1:11 . 7+5+3+2+2+1:11 . 7+5+3+2+1+1+1:11 . 7+5+3+1+1+1+1+1:11 . 7+5+2+2+2+2:11 . 7+5+2+2+2+1+1:11 . 7+5+2+2+1+1+1+1:11 . 7+5+2+1+1+1+1+1+1:12 . 7+5+1+1+1+1+1+1+1+1:12 . 7+4+4+4+1:10 . 7+4+4+3+2:10 . 7+4+4+3+1+1:11 . 7+4+4+2+2+1:11 . 7+4+4+2+1+1+1:11 . 7+4+4+1+1+1+1+1:11 . 7+4+3+3+3:10 . 7+4+3+3+2+1:11 . 7+4+3+3+1+1+1:11 . 7+4+3+2+2+2:11 . 7+4+3+2+2+1+1:11 . 7+4+3+2+1+1+1+1:11 . 7+4+3+1+1+1+1+1+1:12 . 7+4+2+2+2+2+1:11 . 7+4+2+2+2+1+1+1:11 . 7+4+2+2+1+1+1+1+1:12 . 7+4+2+1+1+1+1+1+1+1:12 . 7+4+1+1+1+1+1+1+1+1+1:12 . 7+3+3+3+3+1:11 . 7+3+3+3+2+2:11 . 7+3+3+3+2+1+1:11 . 7+3+3+3+1+1+1+1:12 . 7+3+3+2+2+2+1:11 . 7+3+3+2+2+1+1+1:12 . 7+3+3+2+1+1+1+1+1:12 . 7+3+3+1+1+1+1+1+1+1:12 . 7+3+2+2+2+2+2:11 . 7+3+2+2+2+2+1+1:12 . 7+3+2+2+2+1+1+1+1:12 . 7+3+2+2+1+1+1+1+1+1:12 . 7+3+2+1+1+1+1+1+1+1+1:13 . 7+3+1+1+1+1+1+1+1+1+1+1:13 . 7+2+2+2+2+2+2+1:12 . 7+2+2+2+2+2+1+1+1:12 . 7+2+2+2+2+1+1+1+1+1:12 . 7+2+2+2+1+1+1+1+1+1+1:13 . 7+2+2+1+1+1+1+1+1+1+1+1:13 . 7+2+1+1+1+1+1+1+1+1+1+1+1:13 . 7+1+1+1+1+1+1+1+1+1+1+1+1+1:14 . 6+6+6+2:9 . 6+6+6+1+1:9 . 6+6+5+3:9 . 6+6+5+2+1:9 . 6+6+5+1+1+1:9 . 6+6+4+4:9 . 6+6+4+3+1:9 . 6+6+4+2+2:9 . 6+6+4+2+1+1:10 . 6+6+4+1+1+1+1:10 . 6+6+3+3+2:9 . 6+6+3+3+1+1:10 . 6+6+3+2+2+1:10 . 6+6+3+2+1+1+1:10 . 6+6+3+1+1+1+1+1:10 . 6+6+2+2+2+2:10 . 6+6+2+2+2+1+1:10 . 6+6+2+2+1+1+1+1:10 . 6+6+2+1+1+1+1+1+1:11 . 6+6+1+1+1+1+1+1+1+1:11 . 6+5+5+4:9 . 6+5+5+3+1:9 . 6+5+5+2+2:9 . 6+5+5+2+1+1:10 . 6+5+5+1+1+1+1:10 . 6+5+4+4+1:9 . 6+5+4+3+2:9 . 6+5+4+3+1+1:10 . 6+5+4+2+2+1:10 . 6+5+4+2+1+1+1:10 . 6+5+4+1+1+1+1+1:10 . 6+5+3+3+3:9 . 6+5+3+3+2+1:10 . 6+5+3+3+1+1+1:10 . 6+5+3+2+2+2:10 . 6+5+3+2+2+1+1:10 . 6+5+3+2+1+1+1+1:10 . 6+5+3+1+1+1+1+1+1:11 . 6+5+2+2+2+2+1:10 . 6+5+2+2+2+1+1+1:10 . 6+5+2+2+1+1+1+1+1:11 . 6+5+2+1+1+1+1+1+1+1:11 . 6+5+1+1+1+1+1+1+1+1+1:11 . 6+4+4+4+2:9 . 6+4+4+4+1+1:10 . 6+4+4+3+3:9 . 6+4+4+3+2+1:10 . 6+4+4+3+1+1+1:10 . 6+4+4+2+2+2:10 . 6+4+4+2+2+1+1:10 . 6+4+4+2+1+1+1+1:11 . 6+4+4+1+1+1+1+1+1:11 . 6+4+3+3+3+1:10 . 6+4+3+3+2+2:10 . 6+4+3+3+2+1+1:10 . 6+4+3+3+1+1+1+1:11 . 6+4+3+2+2+2+1:10 . 6+4+3+2+2+1+1+1:11 . 6+4+3+2+1+1+1+1+1:11 . 6+4+3+1+1+1+1+1+1+1:11 . 6+4+2+2+2+2+2:10 . 6+4+2+2+2+2+1+1:11 . 6+4+2+2+2+1+1+1+1:11 . 6+4+2+2+1+1+1+1+1+1:11 . 6+4+2+1+1+1+1+1+1+1+1:12 . 6+4+1+1+1+1+1+1+1+1+1+1:12 . 6+3+3+3+3+2:10 . 6+3+3+3+3+1+1:10 . 6+3+3+3+2+2+1:10 . 6+3+3+3+2+1+1+1:11 . 6+3+3+3+1+1+1+1+1:11 . 6+3+3+2+2+2+2:10 . 6+3+3+2+2+2+1+1:11 . 6+3+3+2+2+1+1+1+1:11 . 6+3+3+2+1+1+1+1+1+1:11 . 6+3+3+1+1+1+1+1+1+1+1:12 . 6+3+2+2+2+2+2+1:11 . 6+3+2+2+2+2+1+1+1:11 . 6+3+2+2+2+1+1+1+1+1:11 . 6+3+2+2+1+1+1+1+1+1+1:12 . 6+3+2+1+1+1+1+1+1+1+1+1:12 . 6+3+1+1+1+1+1+1+1+1+1+1+1:12 . 6+2+2+2+2+2+2+2:11 . 6+2+2+2+2+2+2+1+1:11 . 6+2+2+2+2+2+1+1+1+1:12 . 6+2+2+2+2+1+1+1+1+1+1:12 . 6+2+2+2+1+1+1+1+1+1+1+1:12 . 6+2+2+1+1+1+1+1+1+1+1+1+1:13 . 6+2+1+1+1+1+1+1+1+1+1+1+1+1:13 . 6+1+1+1+1+1+1+1+1+1+1+1+1+1+1:13 . 5+5+5+5:8 . 5+5+5+4+1:8 . 5+5+5+3+2:8 . 5+5+5+3+1+1:9 . 5+5+5+2+2+1:9 . 5+5+5+2+1+1+1:9 . 5+5+5+1+1+1+1+1:9 . 5+5+4+4+2:8 . 5+5+4+4+1+1:9 . 5+5+4+3+3:8 . 5+5+4+3+2+1:9 . 5+5+4+3+1+1+1:9 . 5+5+4+2+2+2:9 . 5+5+4+2+2+1+1:9 . 5+5+4+2+1+1+1+1:10 . 5+5+4+1+1+1+1+1+1:10 . 5+5+3+3+3+1:9 . 5+5+3+3+2+2:9 . 5+5+3+3+2+1+1:9 . 5+5+3+3+1+1+1+1:10 . 5+5+3+2+2+2+1:9 . 5+5+3+2+2+1+1+1:10 . 5+5+3+2+1+1+1+1+1:10 . 5+5+3+1+1+1+1+1+1+1:10 . 5+5+2+2+2+2+2:9 . 5+5+2+2+2+2+1+1:10 . 5+5+2+2+2+1+1+1+1:10 . 5+5+2+2+1+1+1+1+1+1:10 . 5+5+2+1+1+1+1+1+1+1+1:11 . 5+5+1+1+1+1+1+1+1+1+1+1:11 . 5+4+4+4+3:8 . 5+4+4+4+2+1:9 . 5+4+4+4+1+1+1:9 . 5+4+4+3+3+1:9 . 5+4+4+3+2+2:9 . 5+4+4+3+2+1+1:9 . 5+4+4+3+1+1+1+1:10 . 5+4+4+2+2+2+1:9 . 5+4+4+2+2+1+1+1:10 . 5+4+4+2+1+1+1+1+1:10 . 5+4+4+1+1+1+1+1+1+1:10 . 5+4+3+3+3+2:9 . 5+4+3+3+3+1+1:9 . 5+4+3+3+2+2+1:9 . 5+4+3+3+2+1+1+1:10 . 5+4+3+3+1+1+1+1+1:10 . 5+4+3+2+2+2+2:9 . 5+4+3+2+2+2+1+1:10 . 5+4+3+2+2+1+1+1+1:10 . 5+4+3+2+1+1+1+1+1+1:10 . 5+4+3+1+1+1+1+1+1+1+1:11 . 5+4+2+2+2+2+2+1:10 . 5+4+2+2+2+2+1+1+1:10 . 5+4+2+2+2+1+1+1+1+1:10 . 5+4+2+2+1+1+1+1+1+1+1:11 . 5+4+2+1+1+1+1+1+1+1+1+1:11 . 5+4+1+1+1+1+1+1+1+1+1+1+1:11 . 5+3+3+3+3+3:9 . 5+3+3+3+3+2+1:9 . 5+3+3+3+3+1+1+1:10 . 5+3+3+3+2+2+2:10 . 5+3+3+3+2+2+1+1:10 . 5+3+3+3+2+1+1+1+1:10 . 5+3+3+3+1+1+1+1+1+1:11 . 5+3+3+2+2+2+2+1:10 . 5+3+3+2+2+2+1+1+1:10 . 5+3+3+2+2+1+1+1+1+1:11 . 5+3+3+2+1+1+1+1+1+1+1:11 . 5+3+3+1+1+1+1+1+1+1+1+1:11 . 5+3+2+2+2+2+2+2:10 . 5+3+2+2+2+2+2+1+1:10 . 5+3+2+2+2+2+1+1+1+1:11 . 5+3+2+2+2+1+1+1+1+1+1:11 . 5+3+2+2+1+1+1+1+1+1+1+1:11 . 5+3+2+1+1+1+1+1+1+1+1+1+1:12 . 5+3+1+1+1+1+1+1+1+1+1+1+1+1:12 . 5+2+2+2+2+2+2+2+1:10 . 5+2+2+2+2+2+2+1+1+1:11 . 5+2+2+2+2+2+1+1+1+1+1:11 . 5+2+2+2+2+1+1+1+1+1+1+1:11 . 5+2+2+2+1+1+1+1+1+1+1+1+1:12 . 5+2+2+1+1+1+1+1+1+1+1+1+1+1:12 . 5+2+1+1+1+1+1+1+1+1+1+1+1+1+1:12 . 5+1+1+1+1+1+1+1+1+1+1+1+1+1+1+1:13 . 4+4+4+4+4:8 . 4+4+4+4+3+1:8 . 4+4+4+4+2+2:8 . 4+4+4+4+2+1+1:8 . 4+4+4+4+1+1+1+1:9 . 4+4+4+3+3+2:8 . 4+4+4+3+3+1+1:8 . 4+4+4+3+2+2+1:8 . 4+4+4+3+2+1+1+1:9 . 4+4+4+3+1+1+1+1+1:9 . 4+4+4+2+2+2+2:9 . 4+4+4+2+2+2+1+1:9 . 4+4+4+2+2+1+1+1+1:9 . 4+4+4+2+1+1+1+1+1+1:10 . 4+4+4+1+1+1+1+1+1+1+1:10 . 4+4+3+3+3+3:8 . 4+4+3+3+3+2+1:8 . 4+4+3+3+3+1+1+1:9 . 4+4+3+3+2+2+2:9 . 4+4+3+3+2+2+1+1:9 . 4+4+3+3+2+1+1+1+1:9 . 4+4+3+3+1+1+1+1+1+1:10 . 4+4+3+2+2+2+2+1:9 . 4+4+3+2+2+2+1+1+1:9 . 4+4+3+2+2+1+1+1+1+1:10 . 4+4+3+2+1+1+1+1+1+1+1:10 . 4+4+3+1+1+1+1+1+1+1+1+1:10 . 4+4+2+2+2+2+2+2:9 . 4+4+2+2+2+2+2+1+1:9 . 4+4+2+2+2+2+1+1+1+1:10 . 4+4+2+2+2+1+1+1+1+1+1:10 . 4+4+2+2+1+1+1+1+1+1+1+1:10 . 4+4+2+1+1+1+1+1+1+1+1+1+1:11 . 4+4+1+1+1+1+1+1+1+1+1+1+1+1:11 . 4+3+3+3+3+3+1:8 . 4+3+3+3+3+2+2:9 . 4+3+3+3+3+2+1+1:9 . 4+3+3+3+3+1+1+1+1:9 . 4+3+3+3+2+2+2+1:9 . 4+3+3+3+2+2+1+1+1:9 . 4+3+3+3+2+1+1+1+1+1:10 . 4+3+3+3+1+1+1+1+1+1+1:10 . 4+3+3+2+2+2+2+2:9 . 4+3+3+2+2+2+2+1+1:9 . 4+3+3+2+2+2+1+1+1+1:10 . 4+3+3+2+2+1+1+1+1+1+1:10 . 4+3+3+2+1+1+1+1+1+1+1+1:10 . 4+3+3+1+1+1+1+1+1+1+1+1+1:11 . 4+3+2+2+2+2+2+2+1:9 . 4+3+2+2+2+2+2+1+1+1:10 . 4+3+2+2+2+2+1+1+1+1+1:10 . 4+3+2+2+2+1+1+1+1+1+1+1:10 . 4+3+2+2+1+1+1+1+1+1+1+1+1:11 . 4+3+2+1+1+1+1+1+1+1+1+1+1+1:11 . 4+3+1+1+1+1+1+1+1+1+1+1+1+1+1:11 . 4+2+2+2+2+2+2+2+2:10 . 4+2+2+2+2+2+2+2+1+1:10 . 4+2+2+2+2+2+2+1+1+1+1:10 . 4+2+2+2+2+2+1+1+1+1+1+1:11 . 4+2+2+2+2+1+1+1+1+1+1+1+1:11 . 4+2+2+2+1+1+1+1+1+1+1+1+1+1:11 . 4+2+2+1+1+1+1+1+1+1+1+1+1+1+1:12 . 4+2+1+1+1+1+1+1+1+1+1+1+1+1+1+1:12 . 4+1+1+1+1+1+1+1+1+1+1+1+1+1+1+1+1:12 . 3+3+3+3+3+3+2:8 . 3+3+3+3+3+3+1+1:8 . 3+3+3+3+3+2+2+1:8 . 3+3+3+3+3+2+1+1+1:8 . 3+3+3+3+3+1+1+1+1+1:9 . 3+3+3+3+2+2+2+2:8 . 3+3+3+3+2+2+2+1+1:9 . 3+3+3+3+2+2+1+1+1+1:9 . 3+3+3+3+2+1+1+1+1+1+1:9 . 3+3+3+3+1+1+1+1+1+1+1+1:10 . 3+3+3+2+2+2+2+2+1:9 . 3+3+3+2+2+2+2+1+1+1:9 . 3+3+3+2+2+2+1+1+1+1+1:9 . 3+3+3+2+2+1+1+1+1+1+1+1:10 . 3+3+3+2+1+1+1+1+1+1+1+1+1:10 . 3+3+3+1+1+1+1+1+1+1+1+1+1+1:10 . 3+3+2+2+2+2+2+2+2:9 . 3+3+2+2+2+2+2+2+1+1:9 . 3+3+2+2+2+2+2+1+1+1+1:9 . 3+3+2+2+2+2+1+1+1+1+1+1:10 . 3+3+2+2+2+1+1+1+1+1+1+1+1:10 . 3+3+2+2+1+1+1+1+1+1+1+1+1+1:10 . 3+3+2+1+1+1+1+1+1+1+1+1+1+1+1:11 . 3+3+1+1+1+1+1+1+1+1+1+1+1+1+1+1:11 . 3+2+2+2+2+2+2+2+2+1:9 . 3+2+2+2+2+2+2+2+1+1+1:9 . 3+2+2+2+2+2+2+1+1+1+1+1:10 . 3+2+2+2+2+2+1+1+1+1+1+1+1:10 . 3+2+2+2+2+1+1+1+1+1+1+1+1+1:10 . 3+2+2+2+1+1+1+1+1+1+1+1+1+1+1:11 . 3+2+2+1+1+1+1+1+1+1+1+1+1+1+1+1:11 . 3+2+1+1+1+1+1+1+1+1+1+1+1+1+1+1+1:11 . 3+1+1+1+1+1+1+1+1+1+1+1+1+1+1+1+1+1:12 . 2+2+2+2+2+2+2+2+2+2:8 . 2+2+2+2+2+2+2+2+2+1+1:9 . 2+2+2+2+2+2+2+2+1+1+1+1:9 . 2+2+2+2+2+2+2+1+1+1+1+1+1:9 . 2+2+2+2+2+2+1+1+1+1+1+1+1+1:10 . 2+2+2+2+2+1+1+1+1+1+1+1+1+1+1:10 . 2+2+2+2+1+1+1+1+1+1+1+1+1+1+1+1:10 . 2+2+2+1+1+1+1+1+1+1+1+1+1+1+1+1+1:11 . 2+2+1+1+1+1+1+1+1+1+1+1+1+1+1+1+1+1:11 . 2+1+1+1+1+1+1+1+1+1+1+1+1+1+1+1+1+1+1:11 . 1+1+1+1+1+1+1+1+1+1+1+1+1+1+1+1+1+1+1+1:11
  [E=0, boundary rows nu+1 <= L < lambda_1]
    (L,lambda) pairs checked : 187
    survivors (5)           : (19,[20]) cert(20,0), (17,[19+1]) cert(19,1), (15,[18+1+1]) cert(18,1), (13,[17+1+1+1]) cert(17,1), (11,[16+1+1+1+1]) cert(16,1)
  [E>=1 rows]  nu+1 <= L <= 2nu-E, e |- E, lambda |- 2nu-E
    shapes tested (loop)     : 45450
    shapes tested (closed)   : 45450   AGREE
    per-E (loop)             : {1: 4410, 2: 6160, 3: 6237, 4: 6930, 5: 6160, 6: 5940, 7: 4545, 8: 3388, 9: 1680}
    per-E (closed form)      : {1: 4410, 2: 6160, 3: 6237, 4: 6930, 5: 6160, 6: 5940, 7: 4545, 8: 3388, 9: 1680}
    survivors                : 447
      L12  E1 e=1            lambda=16+1+1+1         cert(16,1)
      L14  E1 e=1            lambda=17+1+1           cert(17,1)
      L16  E1 e=1            lambda=18+1             cert(18,1)
      L18  E1 e=1            lambda=19               cert(19,0)
      L19  E1 e=1            lambda=19               cert(19,0)
      L11  E2 e=1+1          lambda=15+1+1+1         cert(15,1)
      L12  E2 e=2            lambda=15+2+1           cert(15,2)
      L12  E2 e=2            lambda=15+1+1+1         cert(15,1)
      L13  E2 e=1+1          lambda=16+1+1           cert(16,1)
      L14  E2 e=2            lambda=16+2             cert(16,2)
      L14  E2 e=2            lambda=16+1+1           cert(16,1)
      L15  E2 e=1+1          lambda=17+1             cert(17,1)
      L16  E2 e=2            lambda=17+1             cert(17,1)
      L17  E2 e=2            lambda=17+1             cert(17,1)
      L17  E2 e=1+1          lambda=18               cert(18,0)
      L18  E2 e=2            lambda=17+1             cert(17,1)
      L18  E2 e=1+1          lambda=18               cert(18,0)
      L11  E3 e=2+1          lambda=14+2+1           cert(14,2)
      L11  E3 e=2+1          lambda=14+1+1+1         cert(14,1)
      L12  E3 e=3            lambda=14+2+1           cert(14,2)
      L12  E3 e=3            lambda=14+1+1+1         cert(14,1)
      L12  E3 e=1+1+1        lambda=15+1+1           cert(15,1)
      L13  E3 e=2+1          lambda=15+2             cert(15,2)
      L13  E3 e=2+1          lambda=15+1+1           cert(15,1)
      L14  E3 e=3            lambda=15+1+1           cert(15,1)
      L14  E3 e=1+1+1        lambda=16+1             cert(16,1)
      L15  E3 e=3            lambda=15+1+1           cert(15,1)
      L15  E3 e=2+1          lambda=16+1             cert(16,1)
      L16  E3 e=3            lambda=15+1+1           cert(15,1)
      L16  E3 e=2+1          lambda=16+1             cert(16,1)
      L16  E3 e=1+1+1        lambda=17               cert(17,0)
      L17  E3 e=3            lambda=15+1+1           cert(15,1)
      L17  E3 e=2+1          lambda=16+1             cert(16,1)
      L17  E3 e=1+1+1        lambda=17               cert(17,0)
      L11  E4 e=3+1          lambda=13+2+1           cert(13,2)
      L11  E4 e=3+1          lambda=13+1+1+1         cert(13,1)
      L11  E4 e=2+2          lambda=13+3             cert(13,3)
      L11  E4 e=2+2          lambda=13+2+1           cert(13,2)
      L11  E4 e=2+2          lambda=13+1+1+1         cert(13,1)
      L11  E4 e=1+1+1+1      lambda=14+1+1           cert(14,1)
      L12  E4 e=4            lambda=13+1+1+1         cert(13,1)
      L12  E4 e=2+1+1        lambda=14+2             cert(14,2)
      L12  E4 e=2+1+1        lambda=14+1+1           cert(14,1)
      L13  E4 e=4            lambda=13+1+1+1         cert(13,1)
      L13  E4 e=3+1          lambda=14+1+1           cert(14,1)
      L13  E4 e=2+2          lambda=14+2             cert(14,2)
      L13  E4 e=2+2          lambda=14+1+1           cert(14,1)
      L13  E4 e=1+1+1+1      lambda=15+1             cert(15,1)
      L14  E4 e=4            lambda=13+1+1+1         cert(13,1)
      L14  E4 e=3+1          lambda=14+1+1           cert(14,1)
      L14  E4 e=2+2          lambda=14+2             cert(14,2)
      L14  E4 e=2+2          lambda=14+1+1           cert(14,1)
      L14  E4 e=2+1+1        lambda=15+1             cert(15,1)
      L15  E4 e=4            lambda=13+1+1+1         cert(13,1)
      L15  E4 e=3+1          lambda=14+1+1           cert(14,1)
      L15  E4 e=2+2          lambda=14+2             cert(14,2)
      L15  E4 e=2+2          lambda=14+1+1           cert(14,1)
      L15  E4 e=2+1+1        lambda=15+1             cert(15,1)
      L15  E4 e=1+1+1+1      lambda=16               cert(16,0)
      L16  E4 e=4            lambda=13+1+1+1         cert(13,1)
      L16  E4 e=3+1          lambda=14+1+1           cert(14,1)
      L16  E4 e=2+2          lambda=14+2             cert(14,2)
      L16  E4 e=2+2          lambda=14+1+1           cert(14,1)
      L16  E4 e=2+1+1        lambda=15+1             cert(15,1)
      L16  E4 e=1+1+1+1      lambda=16               cert(16,0)
      L11  E5 e=5            lambda=11+1+1+1+1       cert(11,1)
      L11  E5 e=4+1          lambda=12+1+1+1         cert(12,1)
      L11  E5 e=3+2          lambda=12+2+1           cert(12,2)
      L11  E5 e=3+2          lambda=12+1+1+1         cert(12,1)
      L11  E5 e=2+1+1+1      lambda=13+2             cert(13,2)
      L11  E5 e=2+1+1+1      lambda=13+1+1           cert(13,1)
      L12  E5 e=5            lambda=11+1+1+1+1       cert(11,1)
      L12  E5 e=4+1          lambda=12+1+1+1         cert(12,1)
      L12  E5 e=3+2          lambda=12+2+1           cert(12,2)
      L12  E5 e=3+2          lambda=12+1+1+1         cert(12,1)
      L12  E5 e=3+1+1        lambda=13+1+1           cert(13,1)
      L12  E5 e=2+2+1        lambda=13+2             cert(13,2)
      L12  E5 e=2+2+1        lambda=13+1+1           cert(13,1)
      L12  E5 e=1+1+1+1+1    lambda=14+1             cert(14,1)
      L13  E5 e=5            lambda=11+1+1+1+1       cert(11,1)
      L13  E5 e=4+1          lambda=12+1+1+1         cert(12,1)
      L13  E5 e=3+2          lambda=12+2+1           cert(12,2)
      L13  E5 e=3+2          lambda=12+1+1+1         cert(12,1)
      L13  E5 e=3+1+1        lambda=13+1+1           cert(13,1)
      L13  E5 e=2+2+1        lambda=13+2             cert(13,2)
      L13  E5 e=2+2+1        lambda=13+1+1           cert(13,1)
      L13  E5 e=2+1+1+1      lambda=14+1             cert(14,1)
      L14  E5 e=5            lambda=11+1+1+1+1       cert(11,1)
      L14  E5 e=4+1          lambda=12+1+1+1         cert(12,1)
      L14  E5 e=3+2          lambda=12+2+1           cert(12,2)
      L14  E5 e=3+2          lambda=12+1+1+1         cert(12,1)
      L14  E5 e=3+1+1        lambda=13+1+1           cert(13,1)
      L14  E5 e=2+2+1        lambda=13+2             cert(13,2)
      L14  E5 e=2+2+1        lambda=13+1+1           cert(13,1)
      L14  E5 e=2+1+1+1      lambda=14+1             cert(14,1)
      L14  E5 e=1+1+1+1+1    lambda=15               cert(15,0)
      L15  E5 e=5            lambda=11+1+1+1+1       cert(11,1)
      L15  E5 e=4+1          lambda=12+1+1+1         cert(12,1)
      L15  E5 e=3+2          lambda=12+2+1           cert(12,2)
      L15  E5 e=3+2          lambda=12+1+1+1         cert(12,1)
      L15  E5 e=3+1+1        lambda=13+1+1           cert(13,1)
      L15  E5 e=2+2+1        lambda=13+2             cert(13,2)
      L15  E5 e=2+2+1        lambda=13+1+1           cert(13,1)
      L15  E5 e=2+1+1+1      lambda=14+1             cert(14,1)
      L15  E5 e=1+1+1+1+1    lambda=15               cert(15,0)
      L11  E6 e=6            lambda=9+1+1+1+1+1      cert(9,1)
      L11  E6 e=5+1          lambda=10+1+1+1+1       cert(10,1)
      L11  E6 e=4+2          lambda=10+2+1+1         cert(10,2)
      L11  E6 e=4+2          lambda=10+1+1+1+1       cert(10,1)
      L11  E6 e=4+1+1        lambda=11+1+1+1         cert(11,1)
      L11  E6 e=3+3          lambda=10+2+2           cert(10,2)
      L11  E6 e=3+3          lambda=10+2+1+1         cert(10,2)
      L11  E6 e=3+3          lambda=10+1+1+1+1       cert(10,1)
      L11  E6 e=3+2+1        lambda=11+2+1           cert(11,2)
      L11  E6 e=3+2+1        lambda=11+1+1+1         cert(11,1)
      L11  E6 e=3+1+1+1      lambda=12+1+1           cert(12,1)
      L11  E6 e=2+2+2        lambda=11+3             cert(11,3)
      L11  E6 e=2+2+2        lambda=11+2+1           cert(11,2)
      L11  E6 e=2+2+2        lambda=11+1+1+1         cert(11,1)
      L11  E6 e=2+2+1+1      lambda=12+2             cert(12,2)
      L11  E6 e=2+2+1+1      lambda=12+1+1           cert(12,1)
      L11  E6 e=1+1+1+1+1+1  lambda=13+1             cert(13,1)
      L12  E6 e=6            lambda=9+1+1+1+1+1      cert(9,1)
      L12  E6 e=5+1          lambda=10+1+1+1+1       cert(10,1)
      L12  E6 e=4+2          lambda=10+2+1+1         cert(10,2)
      L12  E6 e=4+2          lambda=10+1+1+1+1       cert(10,1)
      L12  E6 e=4+1+1        lambda=11+1+1+1         cert(11,1)
      L12  E6 e=3+3          lambda=10+2+2           cert(10,2)
      L12  E6 e=3+3          lambda=10+2+1+1         cert(10,2)
      L12  E6 e=3+3          lambda=10+1+1+1+1       cert(10,1)
      L12  E6 e=3+2+1        lambda=11+2+1           cert(11,2)
      L12  E6 e=3+2+1        lambda=11+1+1+1         cert(11,1)
      L12  E6 e=3+1+1+1      lambda=12+1+1           cert(12,1)
      L12  E6 e=2+2+2        lambda=11+3             cert(11,3)
      L12  E6 e=2+2+2        lambda=11+2+1           cert(11,2)
      L12  E6 e=2+2+2        lambda=11+1+1+1         cert(11,1)
      L12  E6 e=2+2+1+1      lambda=12+2             cert(12,2)
      L12  E6 e=2+2+1+1      lambda=12+1+1           cert(12,1)
      L12  E6 e=2+1+1+1+1    lambda=13+1             cert(13,1)
      L13  E6 e=6            lambda=9+1+1+1+1+1      cert(9,1)
      L13  E6 e=5+1          lambda=10+1+1+1+1       cert(10,1)
      L13  E6 e=4+2          lambda=10+2+1+1         cert(10,2)
      L13  E6 e=4+2          lambda=10+1+1+1+1       cert(10,1)
      L13  E6 e=4+1+1        lambda=11+1+1+1         cert(11,1)
      L13  E6 e=3+3          lambda=10+2+2           cert(10,2)
      L13  E6 e=3+3          lambda=10+2+1+1         cert(10,2)
      L13  E6 e=3+3          lambda=10+1+1+1+1       cert(10,1)
      L13  E6 e=3+2+1        lambda=11+2+1           cert(11,2)
      L13  E6 e=3+2+1        lambda=11+1+1+1         cert(11,1)
      L13  E6 e=3+1+1+1      lambda=12+1+1           cert(12,1)
      L13  E6 e=2+2+2        lambda=11+3             cert(11,3)
      L13  E6 e=2+2+2        lambda=11+2+1           cert(11,2)
      L13  E6 e=2+2+2        lambda=11+1+1+1         cert(11,1)
      L13  E6 e=2+2+1+1      lambda=12+2             cert(12,2)
      L13  E6 e=2+2+1+1      lambda=12+1+1           cert(12,1)
      L13  E6 e=2+1+1+1+1    lambda=13+1             cert(13,1)
      L13  E6 e=1+1+1+1+1+1  lambda=14               cert(14,0)
      L14  E6 e=6            lambda=9+1+1+1+1+1      cert(9,1)
      L14  E6 e=5+1          lambda=10+1+1+1+1       cert(10,1)
      L14  E6 e=4+2          lambda=10+2+1+1         cert(10,2)
      L14  E6 e=4+2          lambda=10+1+1+1+1       cert(10,1)
      L14  E6 e=4+1+1        lambda=11+1+1+1         cert(11,1)
      L14  E6 e=3+3          lambda=10+2+2           cert(10,2)
      L14  E6 e=3+3          lambda=10+2+1+1         cert(10,2)
      L14  E6 e=3+3          lambda=10+1+1+1+1       cert(10,1)
      L14  E6 e=3+2+1        lambda=11+2+1           cert(11,2)
      L14  E6 e=3+2+1        lambda=11+1+1+1         cert(11,1)
      L14  E6 e=3+1+1+1      lambda=12+1+1           cert(12,1)
      L14  E6 e=2+2+2        lambda=11+3             cert(11,3)
      L14  E6 e=2+2+2        lambda=11+2+1           cert(11,2)
      L14  E6 e=2+2+2        lambda=11+1+1+1         cert(11,1)
      L14  E6 e=2+2+1+1      lambda=12+2             cert(12,2)
      L14  E6 e=2+2+1+1      lambda=12+1+1           cert(12,1)
      L14  E6 e=2+1+1+1+1    lambda=13+1             cert(13,1)
      L14  E6 e=1+1+1+1+1+1  lambda=14               cert(14,0)
      L11  E7 e=7            lambda=7+1+1+1+1+1+1    cert(7,1)
      L11  E7 e=6+1          lambda=8+1+1+1+1+1      cert(8,1)
      L11  E7 e=5+2          lambda=8+2+1+1+1        cert(8,2)
      L11  E7 e=5+2          lambda=8+1+1+1+1+1      cert(8,1)
      L11  E7 e=5+1+1        lambda=9+1+1+1+1        cert(9,1)
      L11  E7 e=4+3          lambda=8+2+2+1          cert(8,2)
      L11  E7 e=4+3          lambda=8+2+1+1+1        cert(8,2)
      L11  E7 e=4+3          lambda=8+1+1+1+1+1      cert(8,1)
      L11  E7 e=4+2+1        lambda=9+2+1+1          cert(9,2)
      L11  E7 e=4+2+1        lambda=9+1+1+1+1        cert(9,1)
      L11  E7 e=4+1+1+1      lambda=10+1+1+1         cert(10,1)
      L11  E7 e=3+3+1        lambda=9+2+2            cert(9,2)
      L11  E7 e=3+3+1        lambda=9+2+1+1          cert(9,2)
      L11  E7 e=3+3+1        lambda=9+1+1+1+1        cert(9,1)
      L11  E7 e=3+2+2        lambda=9+3+1            cert(9,3)
      L11  E7 e=3+2+2        lambda=9+2+2            cert(9,2)
      L11  E7 e=3+2+2        lambda=9+2+1+1          cert(9,2)
      L11  E7 e=3+2+2        lambda=9+1+1+1+1        cert(9,1)
      L11  E7 e=3+2+1+1      lambda=10+2+1           cert(10,2)
      L11  E7 e=3+2+1+1      lambda=10+1+1+1         cert(10,1)
      L11  E7 e=3+1+1+1+1    lambda=11+1+1           cert(11,1)
      L11  E7 e=2+2+2+1      lambda=10+3             cert(10,3)
      L11  E7 e=2+2+2+1      lambda=10+2+1           cert(10,2)
      L11  E7 e=2+2+2+1      lambda=10+1+1+1         cert(10,1)
      L11  E7 e=2+2+1+1+1    lambda=11+2             cert(11,2)
      L11  E7 e=2+2+1+1+1    lambda=11+1+1           cert(11,1)
      L11  E7 e=2+1+1+1+1+1  lambda=12+1             cert(12,1)
      L12  E7 e=7            lambda=7+1+1+1+1+1+1    cert(7,1)
      L12  E7 e=6+1          lambda=8+1+1+1+1+1      cert(8,1)
      L12  E7 e=5+2          lambda=8+2+1+1+1        cert(8,2)
      L12  E7 e=5+2          lambda=8+1+1+1+1+1      cert(8,1)
      L12  E7 e=5+1+1        lambda=9+1+1+1+1        cert(9,1)
      L12  E7 e=4+3          lambda=8+2+2+1          cert(8,2)
      L12  E7 e=4+3          lambda=8+2+1+1+1        cert(8,2)
      L12  E7 e=4+3          lambda=8+1+1+1+1+1      cert(8,1)
      L12  E7 e=4+2+1        lambda=9+2+1+1          cert(9,2)
      L12  E7 e=4+2+1        lambda=9+1+1+1+1        cert(9,1)
      L12  E7 e=4+1+1+1      lambda=10+1+1+1         cert(10,1)
      L12  E7 e=3+3+1        lambda=9+2+2            cert(9,2)
      L12  E7 e=3+3+1        lambda=9+2+1+1          cert(9,2)
      L12  E7 e=3+3+1        lambda=9+1+1+1+1        cert(9,1)
      L12  E7 e=3+2+2        lambda=9+3+1            cert(9,3)
      L12  E7 e=3+2+2        lambda=9+2+2            cert(9,2)
      L12  E7 e=3+2+2        lambda=9+2+1+1          cert(9,2)
      L12  E7 e=3+2+2        lambda=9+1+1+1+1        cert(9,1)
      L12  E7 e=3+2+1+1      lambda=10+2+1           cert(10,2)
      L12  E7 e=3+2+1+1      lambda=10+1+1+1         cert(10,1)
      L12  E7 e=3+1+1+1+1    lambda=11+1+1           cert(11,1)
      L12  E7 e=2+2+2+1      lambda=10+3             cert(10,3)
      L12  E7 e=2+2+2+1      lambda=10+2+1           cert(10,2)
      L12  E7 e=2+2+2+1      lambda=10+1+1+1         cert(10,1)
      L12  E7 e=2+2+1+1+1    lambda=11+2             cert(11,2)
      L12  E7 e=2+2+1+1+1    lambda=11+1+1           cert(11,1)
      L12  E7 e=2+1+1+1+1+1  lambda=12+1             cert(12,1)
      L12  E7 e=1+1+1+1+1+1+1 lambda=13               cert(13,0)
      L13  E7 e=7            lambda=7+1+1+1+1+1+1    cert(7,1)
      L13  E7 e=6+1          lambda=8+1+1+1+1+1      cert(8,1)
      L13  E7 e=5+2          lambda=8+2+1+1+1        cert(8,2)
      L13  E7 e=5+2          lambda=8+1+1+1+1+1      cert(8,1)
      L13  E7 e=5+1+1        lambda=9+1+1+1+1        cert(9,1)
      L13  E7 e=4+3          lambda=8+2+2+1          cert(8,2)
      L13  E7 e=4+3          lambda=8+2+1+1+1        cert(8,2)
      L13  E7 e=4+3          lambda=8+1+1+1+1+1      cert(8,1)
      L13  E7 e=4+2+1        lambda=9+2+1+1          cert(9,2)
      L13  E7 e=4+2+1        lambda=9+1+1+1+1        cert(9,1)
      L13  E7 e=4+1+1+1      lambda=10+1+1+1         cert(10,1)
      L13  E7 e=3+3+1        lambda=9+2+2            cert(9,2)
      L13  E7 e=3+3+1        lambda=9+2+1+1          cert(9,2)
      L13  E7 e=3+3+1        lambda=9+1+1+1+1        cert(9,1)
      L13  E7 e=3+2+2        lambda=9+3+1            cert(9,3)
      L13  E7 e=3+2+2        lambda=9+2+2            cert(9,2)
      L13  E7 e=3+2+2        lambda=9+2+1+1          cert(9,2)
      L13  E7 e=3+2+2        lambda=9+1+1+1+1        cert(9,1)
      L13  E7 e=3+2+1+1      lambda=10+2+1           cert(10,2)
      L13  E7 e=3+2+1+1      lambda=10+1+1+1         cert(10,1)
      L13  E7 e=3+1+1+1+1    lambda=11+1+1           cert(11,1)
      L13  E7 e=2+2+2+1      lambda=10+3             cert(10,3)
      L13  E7 e=2+2+2+1      lambda=10+2+1           cert(10,2)
      L13  E7 e=2+2+2+1      lambda=10+1+1+1         cert(10,1)
      L13  E7 e=2+2+1+1+1    lambda=11+2             cert(11,2)
      L13  E7 e=2+2+1+1+1    lambda=11+1+1           cert(11,1)
      L13  E7 e=2+1+1+1+1+1  lambda=12+1             cert(12,1)
      L13  E7 e=1+1+1+1+1+1+1 lambda=13               cert(13,0)
      L11  E8 e=8            lambda=5+1+1+1+1+1+1+1  cert(5,1)
      L11  E8 e=7+1          lambda=6+1+1+1+1+1+1    cert(6,1)
      L11  E8 e=6+2          lambda=6+2+1+1+1+1      cert(6,2)
      L11  E8 e=6+2          lambda=6+1+1+1+1+1+1    cert(6,1)
      L11  E8 e=6+1+1        lambda=7+1+1+1+1+1      cert(7,1)
      L11  E8 e=5+3          lambda=6+2+2+1+1        cert(6,2)
      L11  E8 e=5+3          lambda=6+2+1+1+1+1      cert(6,2)
      L11  E8 e=5+3          lambda=6+1+1+1+1+1+1    cert(6,1)
      L11  E8 e=5+2+1        lambda=7+2+1+1+1        cert(7,2)
      L11  E8 e=5+2+1        lambda=7+1+1+1+1+1      cert(7,1)
      L11  E8 e=5+1+1+1      lambda=8+1+1+1+1        cert(8,1)
      L11  E8 e=4+4          lambda=6+2+2+2          cert(6,2)
      L11  E8 e=4+4          lambda=6+2+2+1+1        cert(6,2)
      L11  E8 e=4+4          lambda=6+2+1+1+1+1      cert(6,2)
      L11  E8 e=4+4          lambda=6+1+1+1+1+1+1    cert(6,1)
      L11  E8 e=4+3+1        lambda=7+2+2+1          cert(7,2)
      L11  E8 e=4+3+1        lambda=7+2+1+1+1        cert(7,2)
      L11  E8 e=4+3+1        lambda=7+1+1+1+1+1      cert(7,1)
      L11  E8 e=4+2+2        lambda=7+3+1+1          cert(7,3)
      L11  E8 e=4+2+2        lambda=7+2+2+1          cert(7,2)
      L11  E8 e=4+2+2        lambda=7+2+1+1+1        cert(7,2)
      L11  E8 e=4+2+2        lambda=7+1+1+1+1+1      cert(7,1)
      L11  E8 e=4+2+1+1      lambda=8+2+1+1          cert(8,2)
      L11  E8 e=4+2+1+1      lambda=8+1+1+1+1        cert(8,1)
      L11  E8 e=4+1+1+1+1    lambda=9+1+1+1          cert(9,1)
      L11  E8 e=3+3+2        lambda=7+3+2            cert(7,3)
      L11  E8 e=3+3+2        lambda=7+3+1+1          cert(7,3)
      L11  E8 e=3+3+2        lambda=7+2+2+1          cert(7,2)
      L11  E8 e=3+3+2        lambda=7+2+1+1+1        cert(7,2)
      L11  E8 e=3+3+2        lambda=7+1+1+1+1+1      cert(7,1)
      L11  E8 e=3+3+1+1      lambda=8+2+2            cert(8,2)
      L11  E8 e=3+3+1+1      lambda=8+2+1+1          cert(8,2)
      L11  E8 e=3+3+1+1      lambda=8+1+1+1+1        cert(8,1)
      L11  E8 e=3+2+2+1      lambda=8+3+1            cert(8,3)
      L11  E8 e=3+2+2+1      lambda=8+2+2            cert(8,2)
      L11  E8 e=3+2+2+1      lambda=8+2+1+1          cert(8,2)
      L11  E8 e=3+2+2+1      lambda=8+1+1+1+1        cert(8,1)
      L11  E8 e=3+2+1+1+1    lambda=9+2+1            cert(9,2)
      L11  E8 e=3+2+1+1+1    lambda=9+1+1+1          cert(9,1)
      L11  E8 e=3+1+1+1+1+1  lambda=10+1+1           cert(10,1)
      L11  E8 e=2+2+2+2      lambda=8+4              cert(8,4)
      L11  E8 e=2+2+2+2      lambda=8+3+1            cert(8,3)
      L11  E8 e=2+2+2+2      lambda=8+2+2            cert(8,2)
      L11  E8 e=2+2+2+2      lambda=8+2+1+1          cert(8,2)
      L11  E8 e=2+2+2+2      lambda=8+1+1+1+1        cert(8,1)
      L11  E8 e=2+2+2+1+1    lambda=9+3              cert(9,3)
      L11  E8 e=2+2+2+1+1    lambda=9+2+1            cert(9,2)
      L11  E8 e=2+2+2+1+1    lambda=9+1+1+1          cert(9,1)
      L11  E8 e=2+2+1+1+1+1  lambda=10+2             cert(10,2)
      L11  E8 e=2+2+1+1+1+1  lambda=10+1+1           cert(10,1)
      L11  E8 e=2+1+1+1+1+1+1 lambda=11+1             cert(11,1)
      L11  E8 e=1+1+1+1+1+1+1+1 lambda=12               cert(12,0)
      L12  E8 e=8            lambda=5+1+1+1+1+1+1+1  cert(5,1)
      L12  E8 e=7+1          lambda=6+1+1+1+1+1+1    cert(6,1)
      L12  E8 e=6+2          lambda=6+2+1+1+1+1      cert(6,2)
      L12  E8 e=6+2          lambda=6+1+1+1+1+1+1    cert(6,1)
      L12  E8 e=6+1+1        lambda=7+1+1+1+1+1      cert(7,1)
      L12  E8 e=5+3          lambda=6+2+2+1+1        cert(6,2)
      L12  E8 e=5+3          lambda=6+2+1+1+1+1      cert(6,2)
      L12  E8 e=5+3          lambda=6+1+1+1+1+1+1    cert(6,1)
      L12  E8 e=5+2+1        lambda=7+2+1+1+1        cert(7,2)
      L12  E8 e=5+2+1        lambda=7+1+1+1+1+1      cert(7,1)
      L12  E8 e=5+1+1+1      lambda=8+1+1+1+1        cert(8,1)
      L12  E8 e=4+4          lambda=6+2+2+2          cert(6,2)
      L12  E8 e=4+4          lambda=6+2+2+1+1        cert(6,2)
      L12  E8 e=4+4          lambda=6+2+1+1+1+1      cert(6,2)
      L12  E8 e=4+4          lambda=6+1+1+1+1+1+1    cert(6,1)
      L12  E8 e=4+3+1        lambda=7+2+2+1          cert(7,2)
      L12  E8 e=4+3+1        lambda=7+2+1+1+1        cert(7,2)
      L12  E8 e=4+3+1        lambda=7+1+1+1+1+1      cert(7,1)
      L12  E8 e=4+2+2        lambda=7+3+1+1          cert(7,3)
      L12  E8 e=4+2+2        lambda=7+2+2+1          cert(7,2)
      L12  E8 e=4+2+2        lambda=7+2+1+1+1        cert(7,2)
      L12  E8 e=4+2+2        lambda=7+1+1+1+1+1      cert(7,1)
      L12  E8 e=4+2+1+1      lambda=8+2+1+1          cert(8,2)
      L12  E8 e=4+2+1+1      lambda=8+1+1+1+1        cert(8,1)
      L12  E8 e=4+1+1+1+1    lambda=9+1+1+1          cert(9,1)
      L12  E8 e=3+3+2        lambda=7+3+2            cert(7,3)
      L12  E8 e=3+3+2        lambda=7+3+1+1          cert(7,3)
      L12  E8 e=3+3+2        lambda=7+2+2+1          cert(7,2)
      L12  E8 e=3+3+2        lambda=7+2+1+1+1        cert(7,2)
      L12  E8 e=3+3+2        lambda=7+1+1+1+1+1      cert(7,1)
      L12  E8 e=3+3+1+1      lambda=8+2+2            cert(8,2)
      L12  E8 e=3+3+1+1      lambda=8+2+1+1          cert(8,2)
      L12  E8 e=3+3+1+1      lambda=8+1+1+1+1        cert(8,1)
      L12  E8 e=3+2+2+1      lambda=8+3+1            cert(8,3)
      L12  E8 e=3+2+2+1      lambda=8+2+2            cert(8,2)
      L12  E8 e=3+2+2+1      lambda=8+2+1+1          cert(8,2)
      L12  E8 e=3+2+2+1      lambda=8+1+1+1+1        cert(8,1)
      L12  E8 e=3+2+1+1+1    lambda=9+2+1            cert(9,2)
      L12  E8 e=3+2+1+1+1    lambda=9+1+1+1          cert(9,1)
      L12  E8 e=3+1+1+1+1+1  lambda=10+1+1           cert(10,1)
      L12  E8 e=2+2+2+2      lambda=8+4              cert(8,4)
      L12  E8 e=2+2+2+2      lambda=8+3+1            cert(8,3)
      L12  E8 e=2+2+2+2      lambda=8+2+2            cert(8,2)
      L12  E8 e=2+2+2+2      lambda=8+2+1+1          cert(8,2)
      L12  E8 e=2+2+2+2      lambda=8+1+1+1+1        cert(8,1)
      L12  E8 e=2+2+2+1+1    lambda=9+3              cert(9,3)
      L12  E8 e=2+2+2+1+1    lambda=9+2+1            cert(9,2)
      L12  E8 e=2+2+2+1+1    lambda=9+1+1+1          cert(9,1)
      L12  E8 e=2+2+1+1+1+1  lambda=10+2             cert(10,2)
      L12  E8 e=2+2+1+1+1+1  lambda=10+1+1           cert(10,1)
      L12  E8 e=2+1+1+1+1+1+1 lambda=11+1             cert(11,1)
      L12  E8 e=1+1+1+1+1+1+1+1 lambda=12               cert(12,0)
      L11  E9 e=9            lambda=3+1+1+1+1+1+1+1+1 cert(3,1)
      L11  E9 e=8+1          lambda=4+1+1+1+1+1+1+1  cert(4,1)
      L11  E9 e=7+2          lambda=4+2+1+1+1+1+1    cert(4,2)
      L11  E9 e=7+2          lambda=4+1+1+1+1+1+1+1  cert(4,1)
      L11  E9 e=7+1+1        lambda=5+1+1+1+1+1+1    cert(5,1)
      L11  E9 e=6+3          lambda=4+2+2+1+1+1      cert(4,2)
      L11  E9 e=6+3          lambda=4+2+1+1+1+1+1    cert(4,2)
      L11  E9 e=6+3          lambda=4+1+1+1+1+1+1+1  cert(4,1)
      L11  E9 e=6+2+1        lambda=5+2+1+1+1+1      cert(5,2)
      L11  E9 e=6+2+1        lambda=5+1+1+1+1+1+1    cert(5,1)
      L11  E9 e=6+1+1+1      lambda=6+1+1+1+1+1      cert(6,1)
      L11  E9 e=5+4          lambda=4+2+2+2+1        cert(4,2)
      L11  E9 e=5+4          lambda=4+2+2+1+1+1      cert(4,2)
      L11  E9 e=5+4          lambda=4+2+1+1+1+1+1    cert(4,2)
      L11  E9 e=5+4          lambda=4+1+1+1+1+1+1+1  cert(4,1)
      L11  E9 e=5+3+1        lambda=5+2+2+1+1        cert(5,2)
      L11  E9 e=5+3+1        lambda=5+2+1+1+1+1      cert(5,2)
      L11  E9 e=5+3+1        lambda=5+1+1+1+1+1+1    cert(5,1)
      L11  E9 e=5+2+2        lambda=5+3+1+1+1        cert(5,3)
      L11  E9 e=5+2+2        lambda=5+2+2+1+1        cert(5,2)
      L11  E9 e=5+2+2        lambda=5+2+1+1+1+1      cert(5,2)
      L11  E9 e=5+2+2        lambda=5+1+1+1+1+1+1    cert(5,1)
      L11  E9 e=5+2+1+1      lambda=6+2+1+1+1        cert(6,2)
      L11  E9 e=5+2+1+1      lambda=6+1+1+1+1+1      cert(6,1)
      L11  E9 e=5+1+1+1+1    lambda=7+1+1+1+1        cert(7,1)
      L11  E9 e=4+4+1        lambda=5+2+2+2          cert(5,2)
      L11  E9 e=4+4+1        lambda=5+2+2+1+1        cert(5,2)
      L11  E9 e=4+4+1        lambda=5+2+1+1+1+1      cert(5,2)
      L11  E9 e=4+4+1        lambda=5+1+1+1+1+1+1    cert(5,1)
      L11  E9 e=4+3+2        lambda=5+3+2+1          cert(5,3)
      L11  E9 e=4+3+2        lambda=5+3+1+1+1        cert(5,3)
      L11  E9 e=4+3+2        lambda=5+2+2+2          cert(5,2)
      L11  E9 e=4+3+2        lambda=5+2+2+1+1        cert(5,2)
      L11  E9 e=4+3+2        lambda=5+2+1+1+1+1      cert(5,2)
      L11  E9 e=4+3+2        lambda=5+1+1+1+1+1+1    cert(5,1)
      L11  E9 e=4+3+1+1      lambda=6+2+2+1          cert(6,2)
      L11  E9 e=4+3+1+1      lambda=6+2+1+1+1        cert(6,2)
      L11  E9 e=4+3+1+1      lambda=6+1+1+1+1+1      cert(6,1)
      L11  E9 e=4+2+2+1      lambda=6+3+1+1          cert(6,3)
      L11  E9 e=4+2+2+1      lambda=6+2+2+1          cert(6,2)
      L11  E9 e=4+2+2+1      lambda=6+2+1+1+1        cert(6,2)
      L11  E9 e=4+2+2+1      lambda=6+1+1+1+1+1      cert(6,1)
      L11  E9 e=4+2+1+1+1    lambda=7+2+1+1          cert(7,2)
      L11  E9 e=4+2+1+1+1    lambda=7+1+1+1+1        cert(7,1)
      L11  E9 e=4+1+1+1+1+1  lambda=8+1+1+1          cert(8,1)
      L11  E9 e=3+3+3        lambda=5+3+3            cert(5,3)
      L11  E9 e=3+3+3        lambda=5+3+2+1          cert(5,3)
      L11  E9 e=3+3+3        lambda=5+3+1+1+1        cert(5,3)
      L11  E9 e=3+3+3        lambda=5+2+2+2          cert(5,2)
      L11  E9 e=3+3+3        lambda=5+2+2+1+1        cert(5,2)
      L11  E9 e=3+3+3        lambda=5+2+1+1+1+1      cert(5,2)
      L11  E9 e=3+3+3        lambda=5+1+1+1+1+1+1    cert(5,1)
      L11  E9 e=3+3+2+1      lambda=6+3+2            cert(6,3)
      L11  E9 e=3+3+2+1      lambda=6+3+1+1          cert(6,3)
      L11  E9 e=3+3+2+1      lambda=6+2+2+1          cert(6,2)
      L11  E9 e=3+3+2+1      lambda=6+2+1+1+1        cert(6,2)
      L11  E9 e=3+3+2+1      lambda=6+1+1+1+1+1      cert(6,1)
      L11  E9 e=3+3+1+1+1    lambda=7+2+2            cert(7,2)
      L11  E9 e=3+3+1+1+1    lambda=7+2+1+1          cert(7,2)
      L11  E9 e=3+3+1+1+1    lambda=7+1+1+1+1        cert(7,1)
      L11  E9 e=3+2+2+2      lambda=6+4+1            cert(6,4)
      L11  E9 e=3+2+2+2      lambda=6+3+2            cert(6,3)
      L11  E9 e=3+2+2+2      lambda=6+3+1+1          cert(6,3)
      L11  E9 e=3+2+2+2      lambda=6+2+2+1          cert(6,2)
      L11  E9 e=3+2+2+2      lambda=6+2+1+1+1        cert(6,2)
      L11  E9 e=3+2+2+2      lambda=6+1+1+1+1+1      cert(6,1)
      L11  E9 e=3+2+2+1+1    lambda=7+3+1            cert(7,3)
      L11  E9 e=3+2+2+1+1    lambda=7+2+2            cert(7,2)
      L11  E9 e=3+2+2+1+1    lambda=7+2+1+1          cert(7,2)
      L11  E9 e=3+2+2+1+1    lambda=7+1+1+1+1        cert(7,1)
      L11  E9 e=3+2+1+1+1+1  lambda=8+2+1            cert(8,2)
      L11  E9 e=3+2+1+1+1+1  lambda=8+1+1+1          cert(8,1)
      L11  E9 e=3+1+1+1+1+1+1 lambda=9+1+1            cert(9,1)
      L11  E9 e=2+2+2+2+1    lambda=7+4              cert(7,4)
      L11  E9 e=2+2+2+2+1    lambda=7+3+1            cert(7,3)
      L11  E9 e=2+2+2+2+1    lambda=7+2+2            cert(7,2)
      L11  E9 e=2+2+2+2+1    lambda=7+2+1+1          cert(7,2)
      L11  E9 e=2+2+2+2+1    lambda=7+1+1+1+1        cert(7,1)
      L11  E9 e=2+2+2+1+1+1  lambda=8+3              cert(8,3)
      L11  E9 e=2+2+2+1+1+1  lambda=8+2+1            cert(8,2)
      L11  E9 e=2+2+2+1+1+1  lambda=8+1+1+1          cert(8,1)
      L11  E9 e=2+2+1+1+1+1+1 lambda=9+2              cert(9,2)
      L11  E9 e=2+2+1+1+1+1+1 lambda=9+1+1            cert(9,1)
      L11  E9 e=2+1+1+1+1+1+1+1 lambda=10+1             cert(10,1)
      L11  E9 e=1+1+1+1+1+1+1+1+1 lambda=11               cert(11,0)
  [Lemma FAN-6' misses over ALL survivors] : 0  -> ELIMINATED
 
CONTROL -- Lemma TAIL formula (L - lambda_1) + s0(lambda) vs direct simulation
  (lambda, L) pairs with L >= lambda_1, nu <= 10 : 17959
  mismatches                                     : 0

==========================================================================
SUMMARY TABLE
==========================================================================
  nu | E=0 surv | bd pairs | bd surv | E>=1 tested | E>=1 surv | FAN-6' | verdict
   1 | [2]      |        0 |       0 |           0 |         0 |      0 | ELIMINATED
   2 | [4]      |        1 |       1 |           3 |         1 |      0 | ELIMINATED
   3 | [6]      |        3 |       1 |          24 |         4 |      0 | ELIMINATED
   4 | [8]      |        7 |       2 |         110 |         9 |      0 | ELIMINATED
   5 | [10]     |       14 |       2 |         397 |        20 |      0 | ELIMINATED
   6 | [12]     |       26 |       3 |        1211 |        38 |      0 | ELIMINATED
   7 | [14]     |       45 |       3 |        3340 |        75 |      0 | ELIMINATED
   8 | [16]     |       75 |       4 |        8457 |       137 |      0 | ELIMINATED
   9 | [18]     |      120 |       4 |       20126 |       251 |      0 | ELIMINATED
  10 | [20]     |      187 |       5 |       45450 |       447 |      0 | ELIMINATED

  E>=1 shapes, nu <= 6      : 1745   survivors 72
  E>=1 shapes, nu = 7..10   : 77373   survivors 910
  boundary pairs, nu <= 10  : 478   survivors 25
  TAIL-formula mismatches   : 0

FAILURE_COUNT = 0
elapsed 2.4s (hard limit 900s)
