10001 40 53270168
10002 40 53270168
10003 40 53270168
10004 40 53270168
10005 40 53270168
10006 40 53270168
10007 40 53270168
10008 40 53270168
10009 40 53270168
10010 40 53270168
10011 40 53270168
10012 40 53270168
10013 40 53270168
10014 40 53270168
10015 40 53270168
10016 40 53270168
10017 40 53270168
10018 40 53270168
10019 40 53270168
10020 40 53270168
10021 40 53270168
10022 40 53270168
10023 40 53270168
10024 40 53270168
10025 39 62256155
10026 39 62256155
10027 39 62256155
10028 39 62256155
10029 39 62256155
10030 39 62256155
10031 39 62256155
10032 39 62256155
10033 39 62256155
10034 39 62256155
10035 39 62256155
10036 39 62256155
10037 39 62256155
10038 39 62256155
10039 39 62256155
10040 39 62256155
10041 39 62256155
10042 39 62256155
10043 39 62256155
10044 39 62256155
10045 39 62256155
10046 39 62256155
10047 39 62256155
10048 39 62256155
10049 39 62256155
10050 39 62256155
10051 39 62256155
10052 39 62256155
10053 39 62256155
10054 39 62256155
10055 39 62256155
10056 39 62256155
10057 39 62256155
10058 39 62256155
10059 39 62256155
10060 39 62256155
10061 39 62256155
10062 39 62256155
10063 39 62256155
10064 39 62256155
10065 39 62256155
10066 39 62256155
10067 39 62256155
10068 39 62256155
10069 39 62256155
10070 39 62256155
10071 39 62256155
10072 39 62256155
10073 39 62256155
10074 39 62256155
10075 39 62256155
10076 39 62256155
10077 39 62256155
10078 39 62256155
10079 39 62256155
10080 39 62256155
10081 39 62256155
10082 39 62256155
10083 39 62256155
10084 39 62256155
10085 39 62256155
10086 39 62256155
10087 39 62256155
10088 39 62256155
10089 39 62256155
10090 39 62256155
10091 39 62256155
10092 39 62256155
10093 39 62256155
10094 39 62256155
10095 39 62256155
10096 39 62256155
10097 39 62256155
10098 39 62256155
10099 39 62256155
10100 39 62256155
10101 39 62256155
10102 39 62256155
10103 39 62256155
10104 39 62256155
10105 39 62256155
10106 39 62256155
10107 39 62256155
10108 39 62256155
10109 39 62256155
10110 39 62256155
10111 39 62256155
10112 39 62256155
10113 39 62256155
10114 39 62256155
10115 39 62256155
10116 39 62256155
10117 39 62256155
10118 39 62256155
10119 39 62256155
10120 39 62256155
10121 39 62256155
10122 39 62256155
10123 39 62256155
10124 39 62256155
10125 39 62256155
10126 39 62256155
10127 39 62256155
10128 39 62256155
10129 39 62256155
10130 39 62256155
10131 39 62256155
10132 39 62256155
10133 39 62256155
10134 39 62256155
10135 39 62256155
10136 39 62256155
10137 39 62256155
10138 39 62256155
10139 39 62256155
10140 39 62256155
10141 39 62256155
10142 39 62256155
10143 39 62256155
10144 39 62256155
10145 39 62256155
10146 39 62256155
10147 39 62256155
10148 39 62256155
10149 39 62256155
10150 39 62256155
10151 39 62256155
10152 39 62256155
10153 39 62256155
10154 39 62256155
10155 39 62256155
10156 39 62256155
10157 39 62256155
10158 39 62256155
10159 39 62256155
10160 39 62256155
10161 39 62256155
10162 39 62256155
10163 39 62256155
10164 39 62256155
10165 39 62256155
10166 39 62256155
10167 39 62256155
10168 39 62256155
10169 39 62256155
10170 39 62256155
10171 39 62256155
10172 39 62256155
10173 39 62256155
10174 39 62256155
10175 39 62256155
10176 39 62256155
10177 39 62256155
10178 39 62256155
10179 39 62256155
10180 39 62256155
10181 39 62256155
10182 39 62256155
10183 39 62256155
10184 39 62256155
10185 39 62256155
10186 39 62256155
10187 39 62256155
10188 39 62256155
10189 39 62256155
10190 39 62256155
10191 39 62256155
10192 39 62256155
10193 39 62256155
10194 39 62256155
10195 39 62256155
10196 39 62256155
10197 39 62256155
10198 39 62256155
10199 39 62256155
10200 39 62256155
10201 39 62256155
10202 39 62256155
10203 39 62256155
10204 39 62256155
10205 39 62256155
10206 39 62256155
10207 39 62256155
10208 39 62256155
10209 39 62256155
10210 39 62256155
10211 39 62256155
10212 39 62256155
10213 39 62256155
10214 39 62256155
10215 39 62256155
10216 39 62256155
10217 39 62256155
10218 39 62256155
10219 39 62256155
10220 39 62256155
10221 39 62256155
10222 39 62256155
10223 44 61900245
10224 44 61900245
10225 44 61900245
10226 44 61900245
10227 44 61900245
10228 44 61900245
10229 44 61900245
10230 44 61900245
10231 44 61900245
10232 44 61900245
10233 44 61900245
10234 44 61900245
10235 44 61900245
10236 44 61900245
10237 44 61900245
10238 44 61900245
10239 44 61900245
10240 44 61900245
10241 44 61900245
10242 44 61900245
10243 44 61900245
10244 44 61900245
10245 44 61900245
10246 44 61900245
10247 44 61900245
10248 44 61900245
10249 44 61900245
10250 44 61900245
10251 44 61900245
10252 44 61900245
10253 44 61900245
10254 44 61900245
10255 44 61900245
10256 44 61900245
10257 44 61900245
10258 44 61900245
10259 44 61900245
10260 44 61900245
10261 44 61900245
10262 44 61900245
10263 44 61900245
10264 44 61900245
10265 44 61900245
10266 44 61900245
10267 44 61900245
10268 44 61900245
10269 44 61900245
10270 44 61900245
10271 44 61900245
10272 44 61900245
10273 44 61900245
10274 44 61900245
10275 44 61900245
10276 44 61900245
10277 44 61900245
10278 44 61900245
10279 44 61900245
10280 44 61900245
10281 44 61900245
10282 44 61900245
10283 44 61900245
10284 44 61900245
10285 44 61900245
10286 44 61900245
10287 44 61900245
10288 44 61900245
10289 44 61900245
10290 44 61900245
10291 44 61900245
10292 44 61900245
10293 44 61900245
10294 44 61900245
10295 44 61900245
10296 44 61900245
10297 44 61900245
10298 44 61900245
10299 44 61900245
10300 44 61900245
10301 44 61900245
10302 44 61900245
10303 44 61900245
10304 44 61900245
10305 44 61900245
10306 44 61900245
10307 44 61900245
10308 44 61900245
10309 44 61900245
10310 44 61900245
10311 44 61900245
10312 44 61900245
10313 44 61900245
10314 44 61900245
10315 44 61900245
10316 44 61900245
10317 44 61900245
10318 44 61900245
10319 44 61900245
10320 44 61900245
10321 44 61900245
10322 44 61900245
10323 44 61900245
10324 44 61900245
10325 44 61900245
10326 44 61900245
10327 44 61900245
10328 44 61900245
10329 44 61900245
10330 44 61900245
10331 44 61900245
10332 44 61900245
10333 44 61900245
10334 44 61900245
10335 44 61900245
10336 44 61900245
10337 44 61900245
10338 44 61900245
10339 44 61900245
10340 44 61900245
10341 44 61900245
10342 44 61900245
10343 44 61900245
10344 44 61900245
10345 44 61900245
10346 44 61900245
10347 44 61900245
10348 44 61900245
10349 44 61900245
10350 44 61900245
10351 44 61900245
10352 44 61900245
10353 44 61900245
10354 44 61900245
10355 44 61900245
10356 44 61900245
10357 44 61900245
10358 44 61900245
10359 44 61900245
10360 44 61900245
10361 44 61900245
10362 44 61900245
10363 44 61900245
10364 44 61900245
10365 44 61900245
10366 44 61900245
10367 44 61900245
10368 44 61900245
10369 44 61900245
10370 44 61900245
10371 44 61900245
10372 44 61900245
10373 44 61900245
10374 44 61900245
10375 44 61900245
10376 44 61900245
10377 44 61900245
10378 44 61900245
10379 44 61900245
10380 44 61900245
10381 44 61900245
10382 44 61900245
10383 44 61900245
10384 44 61900245
10385 44 61900245
10386 44 61900245
10387 44 61900245
10388 44 61900245
10389 44 61900245
10390 44 61900245
10391 44 61900245
10392 44 61900245
10393 44 61900245
10394 44 61900245
10395 44 61900245
10396 44 61900245
10397 44 61900245
10398 44 61900245
10399 44 61900245
10400 44 61900245
10401 44 61900245
10402 44 61900245
10403 44 61900245
10404 44 61900245
10405 44 61900245
10406 44 61900245
10407 44 61900245
10408 44 61900245
10409 44 61900245
10410 44 61900245
10411 44 61900245
10412 44 61900245
10413 44 61900245
10414 44 61900245
10415 44 61900245
10416 44 61900245
10417 44 61900245
10418 44 61900245
10419 44 61900245
10420 44 61900245
10421 44 61900245
10422 44 61900245
10423 44 61900245
10424 44 61900245
10425 44 61900245
10426 44 61900245
10427 44 61900245
10428 44 61900245
10429 44 61900245
10430 44 61900245
10431 44 61900245
10432 44 61900245
10433 44 61900245
10434 44 61900245
10435 44 61900245
10436 44 61900245
10437 44 61900245
10438 44 61900245
10439 44 61900245
10440 44 61900245
10441 44 61900245
10442 44 61900245
10443 44 61900245
10444 44 61900245
10445 44 61900245
10446 44 61900245
10447 44 61900245
10448 44 61900245
10449 44 61900245
10450 44 61900245
10451 44 61900245
10452 44 61900245
10453 44 61900245
10454 44 61900245
10455 44 61900245
10456 44 61900245
10457 44 61900245
10458 44 61900245
10459 44 61900245
10460 44 61900245
10461 44 61900245
10462 44 61900245
10463 44 61900245
10464 44 61900245
10465 44 61900245
10466 44 61900245
10467 44 61900245
10468 44 61900245
10469 44 61900245
10470 44 61900245
10471 44 61900245
10472 44 61900245
10473 44 61900245
10474 44 61900245
10475 44 61900245
10476 44 61900245
10477 44 61900245
10478 44 61900245
10479 44 61900245
10480 44 61900245
10481 44 61900245
10482 44 61900245
10483 44 61900245
10484 44 61900245
10485 44 61900245
10486 44 61900245
10487 44 61900245
10488 44 61900245
10489 44 61900245
10490 44 61900245
10491 44 61900245
10492 44 61900245
10493 44 61900245
10494 44 61900245
10495 44 61900245
10496 44 61900245
10497 44 61900245
10498 44 61900245
10499 44 61900245
10500 44 61900245
10501 44 61900245
10502 44 61900245
10503 44 61900245
10504 44 61900245
10505 44 61900245
10506 44 61900245
10507 44 61900245
10508 44 61900245
10509 44 61900245
10510 44 61900245
10511 44 61900245
10512 44 61900245
10513 44 61900245
10514 44 61900245
10515 44 61900245
10516 44 61900245
10517 44 61900245
10518 44 61900245
10519 44 61900245
10520 44 61900245
10521 44 61900245
10522 44 61900245
10523 44 61900245
10524 44 61900245
10525 44 61900245
10526 44 61900245
10527 44 61900245
10528 44 61900245
10529 44 61900245
10530 44 61900245
10531 44 61900245
10532 44 61900245
10533 44 61900245
10534 44 61900245
10535 44 61900245
10536 44 61900245
10537 44 61900245
10538 44 61900245
10539 44 61900245
10540 44 61900245
10541 44 61900245
10542 44 61900245
10543 44 61900245
10544 44 61900245
10545 44 61900245
10546 44 61900245
10547 44 61900245
10548 44 61900245
10549 44 61900245
10550 44 61900245
10551 44 61900245
10552 44 61900245
10553 44 61900245
10554 44 61900245
10555 44 61900245
10556 44 61900245
10557 44 61900245
10558 44 61900245
10559 44 61900245
10560 44 61900245
10561 44 61900245
10562 44 61900245
10563 44 61900245
10564 44 61900245
10565 44 61900245
10566 44 61900245
10567 44 61900245
10568 44 61900245
10569 44 61900245
10570 44 61900245
10571 44 61900245
10572 44 61900245
10573 44 61900245
10574 44 61900245
10575 44 61900245
10576 44 61900245
10577 44 61900245
10578 44 61900245
10579 44 61900245
10580 44 61900245
10581 44 61900245
10582 44 61900245
10583 44 61900245
10584 44 61900245
10585 44 61900245
10586 44 61900245
10587 44 61900245
10588 44 61900245
10589 44 61900245
10590 44 61900245
10591 44 61900245
10592 44 61900245
10593 44 61900245
10594 44 61900245
10595 44 61900245
10596 44 61900245
10597 44 61900245
10598 44 61900245
10599 44 61900245
10600 44 61900245
10601 44 61900245
10602 44 61900245
10603 44 61900245
10604 44 61900245
10605 44 61900245
10606 44 61900245
10607 44 61900245
10608 44 61900245
10609 44 61900245
10610 44 61900245
10611 44 61900245
10612 44 61900245
10613 44 61900245
10614 44 61900245
10615 44 61900245
10616 44 61900245
10617 44 61900245
10618 44 61900245
10619 44 61900245
10620 44 61900245
10621 44 61900245
10622 44 61900245
10623 44 61900245
10624 44 61900245
10625 44 61900245
10626 44 61900245
10627 44 61900245
10628 44 61900245
10629 44 61900245
10630 44 61900245
10631 44 61900245
10632 44 61900245
10633 44 61900245
10634 44 61900245
10635 44 61900245
10636 44 61900245
10637 44 61900245
10638 44 61900245
10639 44 61900245
10640 44 61900245
10641 44 61900245
10642 44 61900245
10643 44 61900245
10644 44 61900245
10645 44 61900245
10646 44 61900245
10647 44 61900245
10648 44 61900245
10649 44 61900245
10650 44 61900245
10651 44 61900245
10652 44 61900245
10653 44 61900245
10654 44 61900245
10655 44 61900245
10656 44 61900245
10657 44 61900245
10658 44 61900245
10659 44 61900245
10660 44 61900245
10661 44 61900245
10662 44 61900245
10663 44 61900245
10664 44 61900245
10665 44 61900245
10666 44 61900245
10667 44 61900245
10668 44 61900245
10669 44 61900245
10670 44 61900245
10671 44 61900245
10672 44 61900245
10673 44 61900245
10674 44 61900245
10675 44 61900245
10676 44 61900245
10677 44 61900245
10678 44 61900245
10679 44 61900245
10680 44 61900245
10681 44 61900245
10682 44 61900245
10683 44 61900245
10684 44 61900245
10685 44 61900245
10686 44 61900245
10687 44 61900245
10688 44 61900245
10689 44 61900245
10690 44 61900245
10691 44 61900245
10692 44 61900245
10693 44 61900245
10694 44 61900245
10695 44 61900245
10696 44 61900245
10697 44 61900245
10698 44 61900245
10699 44 61900245
10700 44 61900245
10701 44 61900245
10702 44 61900245
10703 44 61900245
10704 44 61900245
10705 44 61900245
10706 44 61900245
10707 44 61900245
10708 44 61900245
10709 44 61900245
10710 44 61900245
10711 44 61900245
10712 44 61900245
10713 44 61900245
10714 44 61900245
10715 44 61900245
10716 44 61900245
10717 44 61900245
10718 44 61900245
10719 44 61900245
10720 44 61900245
10721 44 61900245
10722 44 61900245
10723 44 61900245
10724 44 61900245
10725 44 61900245
10726 44 61900245
10727 44 61900245
10728 44 61900245
10729 44 61900245
10730 44 61900245
10731 44 61900245
10732 44 61900245
10733 44 61900245
10734 44 61900245
10735 44 61900245
10736 44 61900245
10737 44 61900245
10738 44 61900245
10739 44 61900245
10740 44 61900245
10741 44 61900245
10742 44 61900245
10743 44 61900245
10744 44 61900245
10745 44 61900245
10746 44 61900245
10747 44 61900245
10748 44 61900245
10749 44 61900245
10750 44 61900245
10751 44 61900245
10752 44 61900245
10753 44 61900245
10754 44 61900245
10755 44 61900245
10756 44 61900245
10757 44 61900245
10758 44 61900245
10759 44 61900245
10760 44 61900245
10761 44 61900245
10762 44 61900245
10763 44 61900245
10764 44 61900245
10765 44 61900245
10766 44 61900245
10767 44 61900245
10768 44 61900245
10769 44 61900245
10770 44 61900245
10771 44 61900245
10772 44 61900245
10773 44 61900245
10774 44 61900245
10775 44 61900245
10776 44 61900245
10777 44 61900245
10778 44 61900245
10779 44 61900245
10780 44 61900245
10781 44 61900245
10782 44 61900245
10783 44 61900245
10784 44 61900245
10785 44 61900245
10786 44 61900245
10787 44 61900245
10788 44 61900245
10789 44 61900245
10790 44 61900245
10791 44 61900245
10792 44 61900245
10793 44 61900245
10794 44 61900245
10795 44 61900245
10796 44 61900245
10797 44 61900245
10798 44 61900245
10799 44 61900245
10800 44 61900245
10801 44 61900245
10802 44 61900245
10803 44 61900245
10804 44 61900245
10805 44 61900245
10806 44 61900245
10807 44 61900245
10808 44 61900245
10809 44 61900245
10810 44 61900245
10811 44 61900245
10812 44 61900245
10813 44 61900245
10814 44 61900245
10815 44 61900245
10816 44 61900245
10817 44 61900245
10818 44 61900245
10819 44 61900245
10820 44 61900245
10821 44 61900245
10822 44 61900245
10823 44 61900245
10824 44 61900245
10825 44 61900245
10826 44 61900245
10827 44 61900245
10828 44 61900245
10829 44 61900245
10830 44 61900245
10831 44 61900245
10832 44 61900245
10833 44 61900245
10834 44 61900245
10835 44 61900245
10836 44 61900245
10837 44 61900245
10838 44 61900245
10839 44 61900245
10840 44 61900245
10841 44 61900245
10842 44 61900245
10843 44 61900245
10844 44 61900245
10845 44 61900245
10846 44 61900245
10847 44 61900245
10848 44 61900245
10849 44 61900245
10850 44 61900245
10851 44 61900245
10852 44 61900245
10853 44 61900245
10854 44 61900245
10855 44 61900245
10856 44 61900245
10857 44 61900245
10858 44 61900245
10859 44 61900245
10860 44 61900245
10861 44 61900245
10862 44 61900245
10863 44 61900245
10864 44 61900245
10865 44 61900245
10866 44 61900245
10867 44 61900245
10868 44 61900245
10869 44 61900245
10870 44 61900245
10871 44 61900245
10872 44 61900245
10873 44 61900245
10874 44 61900245
10875 44 61900245
10876 44 61900245
10877 44 61900245
10878 44 61900245
10879 44 61900245
10880 44 61900245
10881 44 61900245
10882 44 61900245
10883 44 61900245
10884 44 61900245
10885 44 61900245
10886 44 61900245
10887 44 61900245
10888 44 61900245
10889 44 61900245
10890 44 61900245
10891 44 61900245
10892 44 61900245
10893 44 61900245
10894 44 61900245
10895 44 61900245
10896 44 61900245
10897 44 61900245
10898 44 61900245
10899 44 61900245
10900 44 61900245
10901 44 61900245
10902 44 61900245
10903 44 61900245
10904 44 61900245
10905 44 61900245
10906 44 61900245
10907 44 61900245
10908 44 61900245
10909 44 61900245
10910 44 61900245
10911 44 61900245
10912 44 61900245
10913 44 61900245
10914 44 61900245
10915 44 61900245
10916 44 61900245
10917 44 61900245
10918 44 61900245
10919 44 61900245
10920 44 61900245
10921 44 61900245
10922 44 61900245
10923 44 61900245
10924 44 61900245
10925 44 61900245
10926 44 61900245
10927 44 61900245
10928 44 61900245
10929 44 61900245
10930 44 61900245
10931 44 61900245
10932 44 61900245
10933 44 61900245
10934 44 61900245
10935 44 61900245
10936 44 61900245
10937 44 61900245
10938 44 61900245
10939 44 61900245
10940 44 61900245
10941 44 61900245
10942 44 61900245
10943 44 61900245
10944 44 61900245
10945 44 61900245
10946 44 61900245
10947 44 61900245
10948 44 61900245
10949 44 61900245
10950 44 61900245
10951 44 61900245
10952 44 61900245
10953 44 61900245
10954 44 61900245
10955 44 61900245
10956 44 61900245
10957 44 61900245
10958 44 61900245
10959 44 61900245
10960 44 61900245
10961 44 61900245
10962 44 61900245
10963 44 61900245
10964 44 61900245
10965 44 61900245
10966 44 61900245
10967 44 61900245
10968 44 61900245
10969 44 61900245
10970 44 61900245
10971 44 61900245
10972 44 61900245
10973 44 61900245
10974 44 61900245
10975 44 61900245
10976 44 61900245
10977 44 61900245
10978 44 61900245
10979 44 61900245
10980 44 61900245
10981 44 61900245
10982 44 61900245
10983 44 61900245
10984 44 61900245
10985 44 61900245
10986 44 61900245
10987 44 61900245
10988 44 61900245
10989 44 61900245
10990 44 61900245
10991 44 61900245
10992 44 61900245
10993 44 61900245
10994 44 61900245
10995 44 61900245
10996 44 61900245
10997 44 61900245
10998 44 61900245
10999 44 61900245
11000 44 61900245
11001 44 61900245
11002 44 61900245
11003 44 61900245
11004 44 61900245
11005 44 61900245
11006 44 61900245
11007 44 61900245
11008 44 61900245
11009 44 61900245
11010 44 61900245
11011 44 61900245
11012 44 61900245
11013 44 61900245
11014 44 61900245
11015 44 61900245
11016 44 61900245
11017 44 61900245
11018 44 61900245
11019 44 61900245
11020 44 61900245
11021 44 61900245
11022 44 61900245
11023 44 61900245
11024 44 61900245
11025 44 61900245
11026 44 61900245
11027 44 61900245
11028 44 61900245
11029 44 61900245
11030 44 61900245
11031 44 61900245
11032 44 61900245
11033 44 61900245
11034 44 61900245
11035 44 61900245
11036 44 61900245
11037 44 61900245
11038 44 61900245
11039 44 61900245
11040 44 61900245
11041 44 61900245
11042 44 61900245
11043 44 61900245
11044 44 61900245
11045 44 61900245
11046 44 61900245
11047 44 61900245
11048 44 61900245
11049 44 61900245
11050 44 61900245
11051 44 61900245
11052 44 61900245
11053 44 61900245
11054 44 61900245
11055 44 61900245
11056 44 61900245
11057 44 61900245
11058 44 61900245
11059 44 61900245
11060 44 61900245
11061 44 61900245
11062 44 61900245
11063 44 61900245
11064 44 61900245
11065 44 61900245
11066 44 61900245
11067 44 61900245
11068 44 61900245
11069 44 61900245
11070 44 61900245
11071 44 61900245
11072 44 61900245
11073 44 61900245
11074 44 61900245
11075 44 61900245
11076 44 61900245
11077 44 61900245
11078 44 61900245
11079 44 61900245
11080 44 61900245
11081 44 61900245
11082 44 61900245
11083 44 61900245
11084 44 61900245
11085 44 61900245
11086 44 61900245
11087 44 61900245
11088 44 61900245
11089 44 61900245
11090 44 61900245
11091 44 61900245
11092 44 61900245
11093 44 61900245
11094 44 61900245
11095 44 61900245
11096 44 61900245
11097 44 61900245
11098 44 61900245
11099 44 61900245
11100 44 61900245
11101 44 61900245
11102 44 61900245
11103 44 61900245
11104 44 61900245
11105 44 61900245
11106 44 61900245
11107 44 61900245
11108 44 61900245
11109 44 61900245
11110 44 61900245
11111 44 61900245
11112 44 61900245
11113 44 61900245
11114 44 61900245
11115 44 61900245
11116 44 61900245
11117 44 61900245
11118 44 61900245
11119 44 61900245
11120 44 61900245
11121 44 61900245
11122 44 61900245
11123 44 61900245
11124 44 61900245
11125 44 61900245
11126 44 61900245
11127 44 61900245
11128 44 61900245
11129 44 61900245
11130 44 61900245
11131 44 61900245
11132 44 61900245
11133 44 61900245
11134 44 61900245
11135 44 61900245
11136 44 61900245
11137 44 61900245
11138 44 61900245
11139 44 61900245
11140 44 61900245
11141 44 61900245
11142 44 61900245
11143 44 61900245
11144 44 61900245
11145 44 61900245
11146 44 61900245
11147 44 61900245
11148 44 61900245
11149 44 61900245
11150 44 61900245
11151 44 61900245
11152 44 61900245
11153 44 61900245
11154 44 61900245
11155 44 61900245
11156 44 61900245
11157 44 61900245
11158 44 61900245
11159 44 61900245
11160 44 61900245
11161 44 61900245
11162 44 61900245
11163 44 61900245
11164 44 61900245
11165 44 61900245
11166 44 61900245
11167 44 61900245
11168 44 61900245
11169 44 61900245
11170 44 61900245
11171 44 61900245
11172 44 61900245
11173 44 61900245
11174 44 61900245
11175 44 61900245
11176 44 61900245
11177 44 61900245
11178 44 61900245
11179 44 61900245
11180 44 61900245
11181 44 61900245
11182 44 61900245
11183 44 61900245
11184 44 61900245
11185 44 61900245
11186 44 61900245
11187 44 61900245
11188 44 61900245
11189 44 61900245
11190 44 61900245
11191 44 61900245
11192 44 61900245
11193 44 61900245
11194 44 61900245
11195 44 61900245
11196 44 61900245
11197 44 61900245
11198 44 61900245
11199 44 61900245
11200 44 61900245
11201 44 61900245
11202 44 61900245
11203 44 61900245
11204 44 61900245
11205 44 61900245
11206 44 61900245
11207 44 61900245
11208 44 61900245
11209 44 61900245
11210 44 61900245
11211 44 61900245
11212 44 61900245
11213 44 61900245
11214 44 61900245
11215 44 61900245
11216 44 61900245
11217 44 61900245
11218 44 61900245
11219 44 61900245
11220 44 61900245
11221 44 61900245
11222 44 61900245
11223 44 61900245
11224 44 61900245
11225 44 61900245
11226 44 61900245
11227 44 61900245
11228 44 61900245
11229 44 61900245
11230 44 61900245
11231 44 61900245
11232 44 61900245
11233 44 61900245
11234 44 61900245
11235 44 61900245
11236 44 61900245
11237 44 61900245
11238 44 61900245
11239 44 61900245
11240 44 61900245
11241 44 61900245
11242 44 61900245
11243 44 61900245
11244 44 61900245
11245 44 61900245
11246 44 61900245
11247 44 61900245
11248 44 61900245
11249 44 61900245
11250 44 61900245
11251 43 82985094
11252 43 82985094
11253 43 82985094
11254 43 82985094
11255 43 82985094
11256 43 82985094
11257 43 82985094
11258 43 82985094
11259 43 82985094
11260 43 82985094
11261 43 82985094
11262 43 82985094
11263 43 82985094
11264 43 82985094
11265 43 82985094
11266 43 82985094
11267 43 82985094
11268 43 82985094
11269 43 82985094
11270 43 82985094
11271 43 82985094
11272 43 82985094
11273 43 82985094
11274 43 82985094
11275 43 82985094
11276 43 82985094
11277 43 82985094
11278 43 82985094
11279 43 82985094
11280 43 82985094
11281 43 82985094
11282 43 82985094
11283 43 82985094
11284 43 82985094
11285 43 82985094
11286 43 82985094
11287 43 82985094
11288 43 82985094
11289 43 82985094
11290 43 82985094
11291 43 82985094
11292 43 82985094
11293 43 82985094
11294 43 82985094
11295 43 82985094
11296 43 82985094
11297 43 82985094
11298 43 82985094
11299 43 82985094
11300 43 82985094
11301 43 82985094
11302 43 82985094
11303 43 82985094
11304 43 82985094
11305 43 82985094
11306 43 82985094
11307 43 82985094
11308 43 82985094
11309 43 82985094
11310 43 82985094
11311 43 82985094
11312 43 82985094
11313 43 82985094
11314 43 82985094
11315 43 82985094
11316 43 82985094
11317 43 82985094
11318 43 82985094
11319 43 82985094
11320 43 82985094
11321 43 82985094
11322 43 82985094
11323 43 82985094
11324 43 82985094
11325 43 82985094
11326 43 82985094
11327 43 82985094
11328 43 82985094
11329 43 82985094
11330 43 82985094
11331 43 82985094
11332 43 82985094
11333 43 82985094
11334 43 82985094
11335 43 82985094
11336 43 82985094
11337 43 82985094
11338 43 82985094
11339 43 82985094
11340 43 82985094
11341 43 82985094
11342 43 82985094
11343 43 82985094
11344 43 82985094
11345 43 82985094
11346 43 82985094
11347 43 82985094
11348 43 82985094
11349 43 82985094
11350 43 82985094
11351 43 82985094
11352 43 82985094
11353 43 82985094
11354 43 82985094
11355 43 82985094
11356 43 82985094
11357 43 82985094
11358 43 82985094
11359 43 82985094
11360 43 82985094
11361 43 82985094
11362 43 82985094
11363 43 82985094
11364 43 82985094
11365 43 82985094
11366 43 82985094
11367 43 82985094
11368 43 82985094
11369 43 82985094
11370 43 82985094
11371 43 82985094
11372 43 82985094
11373 43 82985094
11374 43 82985094
11375 43 82985094
11376 43 82985094
11377 43 82985094
11378 43 82985094
11379 43 82985094
11380 43 82985094
11381 43 82985094
11382 43 82985094
11383 43 82985094
11384 43 82985094
11385 43 82985094
11386 43 82985094
11387 43 82985094
11388 43 82985094
11389 43 82985094
11390 43 82985094
11391 43 82985094
11392 43 82985094
11393 43 82985094
11394 43 82985094
11395 43 82985094
11396 43 82985094
11397 43 82985094
11398 43 82985094
11399 43 82985094
11400 43 82985094
11401 43 82985094
11402 43 82985094
11403 43 82985094
11404 43 82985094
11405 43 82985094
11406 43 82985094
11407 43 82985094
11408 43 82985094
11409 43 82985094
11410 43 82985094
11411 43 82985094
11412 43 82985094
11413 43 82985094
11414 43 82985094
11415 43 82985094
11416 43 82985094
11417 43 82985094
11418 43 82985094
11419 43 82985094
11420 43 82985094
11421 43 82985094
11422 43 82985094
11423 43 82985094
11424 43 82985094
11425 43 82985094
11426 43 82985094
11427 43 82985094
11428 43 82985094
11429 43 82985094
11430 43 82985094
11431 43 82985094
11432 43 82985094
11433 43 82985094
11434 43 82985094
11435 43 82985094
11436 43 82985094
11437 43 82985094
11438 43 82985094
11439 43 82985094
11440 43 82985094
11441 43 82985094
11442 43 82985094
11443 43 82985094
11444 43 82985094
11445 43 82985094
11446 43 82985094
11447 43 82985094
11448 43 82985094
11449 43 82985094
11450 43 82985094
11451 43 82985094
11452 43 82985094
11453 43 82985094
11454 43 82985094
11455 43 82985094
11456 43 82985094
11457 43 82985094
11458 43 82985094
11459 43 82985094
11460 43 82985094
11461 43 82985094
11462 43 82985094
11463 43 82985094
11464 43 82985094
11465 43 82985094
11466 43 82985094
11467 43 82985094
11468 43 82985094
11469 43 82985094
11470 43 82985094
11471 43 82985094
11472 43 82985094
11473 43 82985094
11474 43 82985094
11475 43 82985094
11476 43 82985094
11477 43 82985094
11478 43 82985094
11479 43 82985094
11480 43 82985094
11481 43 82985094
11482 43 82985094
11483 43 82985094
11484 43 82985094
11485 43 82985094
11486 43 82985094
11487 43 82985094
11488 43 82985094
11489 43 82985094
11490 43 82985094
11491 43 82985094
11492 43 82985094
11493 43 82985094
11494 43 82985094
11495 43 82985094
11496 43 82985094
11497 43 82985094
11498 43 82985094
11499 43 82985094
11500 43 82985094
11501 43 82985094
11502 43 82985094
11503 43 82985094
11504 43 82985094
11505 43 82985094
11506 43 82985094
11507 43 82985094
11508 43 82985094
11509 43 82985094
11510 43 82985094
11511 43 82985094
11512 43 82985094
11513 43 82985094
11514 43 82985094
11515 43 82985094
11516 43 82985094
11517 43 82985094
11518 43 82985094
11519 43 82985094
11520 43 82985094
11521 43 82985094
11522 43 82985094
11523 43 82985094
11524 43 82985094
11525 43 82985094
11526 43 82985094
11527 43 82985094
11528 43 82985094
11529 43 82985094
11530 43 82985094
11531 43 82985094
11532 43 82985094
11533 43 82985094
11534 43 82985094
11535 43 82985094
11536 43 82985094
11537 43 82985094
11538 43 82985094
11539 43 82985094
11540 43 82985094
11541 43 82985094
11542 43 82985094
11543 43 82985094
11544 43 82985094
11545 43 82985094
11546 43 82985094
11547 43 82985094
11548 43 82985094
11549 43 82985094
11550 43 82985094
11551 43 82985094
11552 43 82985094
11553 43 82985094
11554 43 82985094
11555 43 82985094
11556 43 82985094
11557 43 82985094
11558 43 82985094
11559 43 82985094
11560 43 82985094
11561 43 82985094
11562 43 82985094
11563 43 82985094
11564 43 82985094
11565 43 82985094
11566 43 82985094
11567 43 82985094
11568 43 82985094
11569 43 82985094
11570 43 82985094
11571 43 82985094
11572 43 82985094
11573 43 82985094
11574 43 82985094
11575 43 82985094
11576 43 82985094
11577 43 82985094
11578 43 82985094
11579 43 82985094
11580 43 82985094
11581 43 82985094
11582 43 82985094
11583 43 82985094
11584 43 82985094
11585 43 82985094
11586 43 82985094
11587 43 82985094
11588 43 82985094
11589 43 82985094
11590 43 82985094
11591 43 82985094
11592 43 82985094
11593 43 82985094
11594 43 82985094
11595 43 82985094
11596 43 82985094
11597 43 82985094
11598 43 82985094
11599 43 82985094
11600 43 82985094
11601 43 82985094
11602 43 82985094
11603 43 82985094
11604 43 82985094
11605 43 82985094
11606 43 82985094
11607 43 82985094
11608 43 82985094
11609 43 82985094
11610 43 82985094
11611 43 82985094
11612 43 82985094
11613 43 82985094
11614 43 82985094
11615 43 82985094
11616 43 82985094
11617 43 82985094
11618 43 82985094
11619 43 82985094
11620 43 82985094
11621 43 82985094
11622 43 82985094
11623 43 82985094
11624 43 82985094
11625 43 82985094
11626 43 82985094
11627 43 82985094
11628 43 82985094
11629 43 82985094
11630 43 82985094
11631 43 82985094
11632 43 82985094
11633 43 82985094
11634 43 82985094
11635 43 82985094
11636 43 82985094
11637 43 82985094
11638 43 82985094
11639 43 82985094
11640 43 82985094
11641 43 82985094
11642 43 82985094
11643 43 82985094
11644 43 82985094
11645 43 82985094
11646 43 82985094
11647 43 82985094
11648 43 82985094
11649 43 82985094
11650 43 82985094
11651 43 82985094
11652 43 82985094
11653 43 82985094
11654 43 82985094
11655 43 82985094
11656 43 82985094
11657 43 82985094
11658 43 82985094
11659 43 82985094
11660 43 82985094
11661 43 82985094
11662 43 82985094
11663 43 82985094
11664 43 82985094
11665 43 82985094
11666 43 82985094
11667 43 82985094
11668 43 82985094
11669 43 82985094
11670 43 82985094
11671 43 82985094
11672 43 82985094
11673 43 82985094
11674 43 82985094
11675 43 82985094
11676 43 82985094
11677 43 82985094
11678 43 82985094
11679 43 82985094
11680 43 82985094
11681 43 82985094
11682 43 82985094
11683 43 82985094
11684 43 82985094
11685 43 82985094
11686 43 82985094
11687 43 82985094
11688 43 82985094
11689 43 82985094
11690 43 82985094
11691 43 82985094
11692 43 82985094
11693 43 82985094
11694 43 82985094
11695 43 82985094
11696 43 82985094
11697 43 82985094
11698 43 82985094
11699 43 82985094
11700 43 82985094
11701 43 82985094
11702 43 82985094
11703 43 82985094
11704 43 82985094
11705 43 82985094
11706 43 82985094
11707 43 82985094
11708 43 82985094
11709 43 82985094
11710 43 82985094
11711 43 82985094
11712 43 82985094
11713 43 82985094
11714 43 82985094
11715 43 82985094
11716 43 82985094
11717 43 82985094
11718 43 82985094
11719 43 82985094
11720 43 82985094
11721 43 82985094
11722 43 82985094
11723 43 82985094
11724 43 82985094
11725 43 82985094
11726 43 82985094
11727 43 82985094
11728 43 82985094
11729 43 82985094
11730 43 82985094
11731 46 82985091
11732 43 82985094
11733 43 82985094
11734 43 82985094
11735 43 82985094
11736 43 82985094
11737 43 82985094
11738 43 82985094
11739 43 82985094
11740 43 82985094
11741 43 82985094
11742 43 82985094
11743 43 82985094
11744 43 82985094
11745 43 82985094
11746 43 82985094
11747 43 82985094
11748 43 82985094
11749 43 82985094
11750 43 82985094
11751 43 82985094
11752 43 82985094
11753 43 82985094
11754 43 82985094
11755 43 82985094
11756 43 82985094
11757 43 82985094
11758 43 82985094
11759 43 82985094
11760 43 82985094
11761 43 82985094
11762 43 82985094
11763 43 82985094
11764 43 82985094
11765 43 82985094
11766 43 82985094
11767 43 82985094
11768 43 82985094
11769 43 82985094
11770 43 82985094
11771 43 82985094
11772 43 82985094
11773 43 82985094
11774 43 82985094
11775 43 82985094
11776 43 82985094
11777 43 82985094
11778 43 82985094
11779 43 82985094
11780 43 82985094
11781 43 82985094
11782 43 82985094
11783 43 82985094
11784 43 82985094
11785 43 82985094
11786 43 82985094
11787 43 82985094
11788 43 82985094
11789 43 82985094
11790 43 82985094
11791 43 82985094
11792 43 82985094
11793 43 82985094
11794 43 82985094
11795 43 82985094
11796 43 82985094
11797 43 82985094
11798 43 82985094
11799 43 82985094
11800 43 82985094
11801 43 82985094
11802 43 82985094
11803 43 82985094
11804 43 82985094
11805 43 82985094
11806 43 82985094
11807 43 82985094
11808 43 82985094
11809 43 82985094
11810 43 82985094
11811 43 82985094
11812 43 82985094
11813 43 82985094
11814 43 82985094
11815 43 82985094
11816 43 82985094
11817 43 82985094
11818 43 82985094
11819 43 82985094
11820 43 82985094
11821 43 82985094
11822 43 82985094
11823 43 82985094
11824 43 82985094
11825 43 82985094
11826 43 82985094
11827 43 82985094
11828 43 82985094
11829 43 82985094
11830 43 82985094
11831 43 82985094
11832 43 82985094
11833 43 82985094
11834 43 82985094
11835 43 82985094
11836 43 82985094
11837 43 82985094
11838 43 82985094
11839 43 82985094
11840 43 82985094
11841 43 82985094
11842 43 82985094
11843 43 82985094
11844 43 82985094
11845 43 82985094
11846 43 82985094
11847 43 82985094
11848 43 82985094
11849 43 82985094
11850 43 82985094
11851 43 82985094
11852 43 82985094
11853 43 82985094
11854 43 82985094
11855 43 82985094
11856 43 82985094
11857 43 82985094
11858 43 82985094
11859 43 82985094
11860 43 82985094
11861 43 82985094
11862 43 82985094
11863 43 82985094
11864 43 82985094
11865 43 82985094
11866 43 82985094
11867 43 82985094
11868 43 82985094
11869 43 82985094
11870 43 82985094
11871 43 82985094
11872 43 82985094
11873 43 82985094
11874 43 82985094
11875 43 82985094
11876 43 82985094
11877 43 82985094
11878 43 82985094
11879 43 82985094
11880 43 82985094
11881 43 82985094
11882 43 82985094
11883 43 82985094
11884 43 82985094
11885 43 82985094
11886 43 82985094
11887 43 82985094
11888 43 82985094
11889 43 82985094
11890 43 82985094
11891 43 82985094
11892 43 82985094
11893 43 82985094
11894 43 82985094
11895 43 82985094
11896 43 82985094
11897 43 82985094
11898 43 82985094
11899 43 82985094
11900 43 82985094
11901 43 82985094
11902 43 82985094
11903 43 82985094
11904 43 82985094
11905 43 82985094
11906 43 82985094
11907 43 82985094
11908 43 82985094
11909 43 82985094
11910 43 82985094
11911 43 82985094
11912 43 82985094
11913 43 82985094
11914 43 82985094
11915 43 82985094
11916 43 82985094
11917 43 82985094
11918 43 82985094
11919 43 82985094
11920 43 82985094
11921 43 82985094
11922 43 82985094
11923 43 82985094
11924 43 82985094
11925 43 82985094
11926 43 82985094
11927 43 82985094
11928 43 82985094
11929 43 82985094
11930 43 82985094
11931 43 82985094
11932 43 82985094
11933 43 82985094
11934 43 82985094
11935 43 82985094
11936 43 82985094
11937 43 82985094
11938 43 82985094
11939 43 82985094
11940 43 82985094
11941 43 82985094
11942 43 82985094
11943 43 82985094
11944 43 82985094
11945 43 82985094
11946 43 82985094
11947 43 82985094
11948 43 82985094
11949 43 82985094
11950 43 82985094
11951 43 82985094
11952 43 82985094
11953 43 82985094
11954 43 82985094
11955 43 82985094
11956 43 82985094
11957 43 82985094
11958 43 82985094
11959 43 82985094
11960 43 82985094
11961 43 82985094
11962 43 82985094
11963 43 82985094
11964 43 82985094
11965 43 82985094
11966 43 82985094
11967 43 82985094
11968 43 82985094
11969 43 82985094
11970 43 82985094
11971 43 82985094
11972 43 82985094
11973 43 82985094
11974 43 82985094
11975 43 82985094
11976 43 82985094
11977 43 82985094
11978 43 82985094
11979 43 82985094
11980 43 82985094
11981 43 82985094
11982 43 82985094
11983 43 82985094
11984 43 82985094
11985 43 82985094
11986 43 82985094
11987 43 82985094
11988 43 82985094
11989 43 82985094
11990 43 82985094
11991 43 82985094
11992 43 82985094
11993 43 82985094
11994 43 82985094
11995 43 82985094
11996 43 82985094
11997 43 82985094
11998 43 82985094
11999 43 82985094
12000 43 82985094
12001 43 82985094
12002 43 82985094
12003 43 82985094
12004 43 82985094
12005 43 82985094
12006 43 82985094
12007 43 82985094
12008 43 82985094
12009 43 82985094
12010 43 82985094
12011 43 82985094
12012 43 82985094
12013 43 82985094
12014 43 82985094
12015 43 82985094
12016 43 82985094
12017 43 82985094
12018 43 82985094
12019 43 82985094
12020 43 82985094
12021 43 82985094
12022 43 82985094
12023 43 82985094
12024 43 82985094
12025 43 82985094
12026 43 82985094
12027 43 82985094
12028 43 82985094
12029 43 82985094
12030 43 82985094
12031 43 82985094
12032 43 82985094
12033 43 82985094
12034 43 82985094
12035 43 82985094
12036 43 82985094
12037 43 82985094
12038 43 82985094
12039 43 82985094
12040 43 82985094
12041 43 82985094
12042 43 82985094
12043 43 82985094
12044 43 82985094
12045 43 82985094
12046 43 82985094
12047 43 82985094
12048 43 82985094
12049 43 82985094
12050 43 82985094
12051 43 82985094
12052 43 82985094
12053 43 82985094
12054 43 82985094
12055 43 82985094
12056 43 82985094
12057 43 82985094
12058 43 82985094
12059 43 82985094
12060 43 82985094
12061 43 82985094
12062 43 82985094
12063 43 82985094
12064 43 82985094
12065 43 82985094
12066 43 82985094
12067 43 82985094
12068 43 82985094
12069 43 82985094
12070 43 82985094
12071 43 82985094
12072 43 82985094
12073 43 82985094
12074 43 82985094
12075 43 82985094
12076 43 82985094
12077 43 82985094
12078 43 82985094
12079 43 82985094
12080 43 82985094
12081 43 82985094
12082 43 82985094
12083 43 82985094
12084 43 82985094
12085 43 82985094
12086 43 82985094
12087 43 82985094
12088 43 82985094
12089 43 82985094
12090 43 82985094
12091 43 82985094
12092 43 82985094
12093 43 82985094
12094 43 82985094
12095 43 82985094
12096 43 82985094
12097 43 82985094
12098 43 82985094
12099 43 82985094
12100 43 82985094
12101 43 82985094
12102 43 82985094
12103 43 82985094
12104 43 82985094
12105 43 82985094
12106 43 82985094
12107 43 82985094
12108 43 82985094
12109 43 82985094
12110 43 82985094
12111 43 82985094
12112 43 82985094
12113 43 82985094
12114 43 82985094
12115 43 82985094
12116 43 82985094
12117 43 82985094
12118 43 82985094
12119 43 82985094
12120 43 82985094
12121 43 82985094
12122 43 82985094
12123 43 82985094
12124 43 82985094
12125 43 82985094
12126 43 82985094
12127 43 82985094
12128 43 82985094
12129 43 82985094
12130 43 82985094
12131 43 82985094
12132 43 82985094
12133 43 82985094
12134 43 82985094
12135 43 82985094
12136 43 82985094
12137 43 82985094
12138 43 82985094
12139 43 82985094
12140 43 82985094
12141 43 82985094
12142 43 82985094
12143 43 82985094
12144 43 82985094
12145 43 82985094
12146 43 82985094
12147 43 82985094
12148 43 82985094
12149 43 82985094
12150 43 82985094
12151 43 82985094
12152 43 82985094
12153 43 82985094
12154 43 82985094
12155 43 82985094
12156 43 82985094
12157 43 82985094
12158 43 82985094
12159 43 82985094
12160 43 82985094
12161 43 82985094
12162 43 82985094
12163 43 82985094
12164 43 82985094
12165 43 82985094
12166 43 82985094
12167 43 82985094
12168 43 82985094
12169 43 82985094
12170 43 82985094
12171 43 82985094
12172 43 82985094
12173 43 82985094
12174 43 82985094
12175 43 82985094
12176 43 82985094
12177 43 82985094
12178 43 82985094
12179 43 82985094
12180 43 82985094
12181 43 82985094
12182 43 82985094
12183 43 82985094
12184 43 82985094
12185 43 82985094
12186 43 82985094
12187 43 82985094
12188 43 82985094
12189 43 82985094
12190 43 82985094
12191 43 82985094
12192 43 82985094
12193 43 82985094
12194 43 82985094
12195 43 82985094
12196 43 82985094
12197 43 82985094
12198 43 82985094
12199 43 82985094
12200 43 82985094
12201 43 82985094
12202 43 82985094
12203 43 82985094
12204 43 82985094
12205 43 82985094
12206 43 82985094
12207 43 82985094
12208 43 82985094
12209 43 82985094
12210 43 82985094
12211 43 82985094
12212 43 82985094
12213 43 82985094
12214 43 82985094
12215 43 82985094
12216 43 82985094
12217 43 82985094
12218 43 82985094
12219 43 82985094
12220 43 82985094
12221 43 82985094
12222 43 82985094
12223 43 82985094
12224 43 82985094
12225 43 82985094
12226 43 82985094
12227 43 82985094
12228 43 82985094
12229 43 82985094
12230 43 82985094
12231 43 82985094
12232 43 82985094
12233 43 82985094
12234 43 82985094
12235 43 82985094
12236 43 82985094
12237 43 82985094
12238 43 82985094
12239 43 82985094
12240 43 82985094
12241 43 82985094
12242 43 82985094
12243 43 82985094
12244 43 82985094
12245 43 82985094
12246 43 82985094
12247 43 82985094
12248 43 82985094
12249 43 82985094
12250 43 82985094
12251 43 82985094
12252 43 82985094
12253 43 82985094
12254 43 82985094
12255 43 82985094
12256 43 82985094
12257 43 82985094
12258 43 82985094
12259 43 82985094
12260 43 82985094
12261 43 82985094
12262 43 82985094
12263 43 82985094
12264 43 82985094
12265 43 82985094
12266 43 82985094
12267 43 82985094
12268 43 82985094
12269 43 82985094
12270 43 82985094
12271 43 82985094
12272 43 82985094
12273 43 82985094
12274 43 82985094
12275 43 82985094
12276 43 82985094
12277 43 82985094
12278 43 82985094
12279 43 82985094
12280 43 82985094
12281 43 82985094
12282 43 82985094
12283 43 82985094
12284 43 82985094
12285 43 82985094
12286 43 82985094
12287 43 82985094
12288 43 82985094
12289 43 82985094
12290 43 82985094
12291 43 82985094
12292 43 82985094
12293 43 82985094
12294 43 82985094
12295 43 82985094
12296 43 82985094
12297 43 82985094
12298 43 82985094
12299 43 82985094
12300 43 82985094
12301 43 82985094
12302 43 82985094
12303 43 82985094
12304 43 82985094
12305 43 82985094
12306 43 82985094
12307 43 82985094
12308 43 82985094
12309 43 82985094
12310 43 82985094
12311 43 82985094
12312 43 82985094
12313 43 82985094
12314 43 82985094
12315 43 82985094
12316 43 82985094
12317 43 82985094
12318 43 82985094
12319 43 82985094
12320 43 82985094
12321 43 82985094
12322 43 82985094
12323 43 82985094
12324 43 82985094
12325 43 82985094
12326 43 82985094
12327 43 82985094
12328 43 82985094
12329 43 82985094
12330 43 82985094
12331 43 82985094
12332 43 82985094
12333 43 82985094
12334 43 82985094
12335 43 82985094
12336 43 82985094
12337 43 82985094
12338 43 82985094
12339 43 82985094
12340 43 82985094
12341 43 82985094
12342 43 82985094
12343 43 82985094
12344 43 82985094
12345 43 82985094
12346 43 82985094
12347 43 82985094
12348 43 82985094
12349 43 82985094
12350 43 82985094
12351 43 82985094
12352 43 82985094
12353 43 82985094
12354 43 82985094
12355 43 82985094
12356 43 82985094
12357 43 82985094
12358 43 82985094
12359 43 82985094
12360 43 82985094
12361 43 82985094
12362 43 82985094
12363 43 82985094
12364 43 82985094
12365 43 82985094
12366 43 82985094
12367 43 82985094
12368 43 82985094
12369 43 82985094
12370 43 82985094
12371 43 82985094
12372 43 82985094
12373 43 82985094
12374 43 82985094
12375 43 82985094
12376 43 82985094
12377 43 82985094
12378 43 82985094
12379 43 82985094
12380 43 82985094
12381 43 82985094
12382 43 82985094
12383 43 82985094
12384 43 82985094
12385 43 82985094
12386 43 82985094
12387 43 82985094
12388 43 82985094
12389 43 82985094
12390 43 82985094
12391 43 82985094
12392 43 82985094
12393 43 82985094
12394 43 82985094
12395 43 82985094
12396 43 82985094
12397 43 82985094
12398 43 82985094
12399 43 82985094
12400 43 82985094
12401 43 82985094
12402 43 82985094
12403 43 82985094
12404 43 82985094
12405 43 82985094
12406 43 82985094
12407 43 82985094
12408 43 82985094
12409 43 82985094
12410 43 82985094
12411 43 82985094
12412 43 82985094
12413 43 82985094
12414 43 82985094
12415 43 82985094
12416 43 82985094
12417 43 82985094
12418 43 82985094
12419 43 82985094
12420 43 82985094
12421 43 82985094
12422 43 82985094
12423 43 82985094
12424 43 82985094
12425 43 82985094
12426 43 82985094
12427 43 82985094
12428 43 82985094
12429 43 82985094
12430 43 82985094
12431 43 82985094
12432 43 82985094
12433 43 82985094
12434 43 82985094
12435 43 82985094
12436 43 82985094
12437 43 82985094
12438 43 82985094
12439 43 82985094
12440 43 82985094
12441 43 82985094
12442 43 82985094
12443 43 82985094
12444 43 82985094
12445 43 82985094
12446 43 82985094
12447 43 82985094
12448 43 82985094
12449 43 82985094
12450 43 82985094
12451 43 82985094
12452 43 82985094
12453 43 82985094
12454 43 82985094
12455 43 82985094
12456 43 82985094
12457 43 82985094
12458 43 82985094
12459 43 82985094
12460 43 82985094
12461 43 82985094
12462 43 82985094
12463 43 82985094
12464 43 82985094
12465 43 82985094
12466 43 82985094
12467 43 82985094
12468 43 82985094
12469 43 82985094
12470 43 82985094
12471 43 82985094
12472 43 82985094
12473 43 82985094
12474 43 82985094
12475 43 82985094
12476 43 82985094
12477 43 82985094
12478 43 82985094
12479 43 82985094
12480 43 82985094
12481 43 82985094
12482 43 82985094
12483 43 82985094
12484 43 82985094
12485 43 82985094
12486 43 82985094
12487 43 82985094
12488 43 82985094
12489 43 82985094
12490 43 82985094
12491 43 82985094
12492 43 82985094
12493 43 82985094
12494 43 82985094
12495 43 82985094
12496 43 82985094
12497 43 82985094
12498 43 82985094
12499 43 82985094
12500 43 82985094
12501 43 82985094
12502 43 82985094
12503 43 82985094
12504 43 82985094
12505 43 82985094
12506 43 82985094
12507 43 82985094
12508 43 82985094
12509 43 82985094
12510 43 82985094
12511 43 82985094
12512 43 82985094
12513 43 82985094
12514 43 82985094
12515 43 82985094
12516 43 82985094
12517 43 82985094
12518 43 82985094
12519 43 82985094
12520 43 82985094
12521 43 82985094
12522 43 82985094
12523 43 82985094
12524 43 82985094
12525 43 82985094
12526 43 82985094
12527 43 82985094
12528 43 82985094
12529 43 82985094
12530 43 82985094
12531 43 82985094
12532 43 82985094
12533 43 82985094
12534 43 82985094
12535 43 82985094
12536 43 82985094
12537 43 82985094
12538 43 82985094
12539 43 82985094
12540 43 82985094
12541 43 82985094
12542 43 82985094
12543 43 82985094
12544 43 82985094
12545 43 82985094
12546 43 82985094
12547 43 82985094
12548 43 82985094
12549 43 82985094
12550 43 82985094
12551 43 82985094
12552 43 82985094
12553 43 82985094
12554 43 82985094
12555 43 82985094
12556 43 82985094
12557 43 82985094
12558 43 82985094
12559 43 82985094
12560 43 82985094
12561 43 82985094
12562 43 82985094
12563 43 82985094
12564 43 82985094
12565 43 82985094
12566 43 82985094
12567 43 82985094
12568 43 82985094
12569 43 82985094
12570 43 82985094
12571 43 82985094
12572 43 82985094
12573 43 82985094
12574 43 148190636
12575 43 148190636
12576 43 148190636
12577 43 148190636
12578 43 148190636
12579 43 148190636
12580 43 148190636
12581 43 148190636
12582 43 148190636
12583 43 148190636
12584 43 148190636
12585 43 148190636
12586 43 148190636
12587 43 148190636
12588 43 148190636
12589 43 148190636
12590 43 148190636
12591 43 148190636
12592 43 148190636
12593 43 148190636
12594 43 148190636
12595 43 148190636
12596 43 148190636
12597 43 148190636
12598 43 148190636
12599 43 148190636
12600 43 148190636
12601 43 148190636
12602 43 148190636
12603 43 148190636
12604 43 148190636
12605 43 148190636
12606 43 148190636
12607 43 148190636
12608 43 148190636
12609 43 148190636
12610 43 148190636
12611 43 148190636
12612 43 148190636
12613 43 148190636
12614 43 148190636
12615 43 148190636
12616 43 148190636
12617 43 148190636
12618 43 148190636
12619 43 148190636
12620 43 148190636
12621 43 148190636
12622 43 148190636
12623 43 148190636
12624 43 148190636
12625 43 148190636
12626 43 148190636
12627 43 148190636
12628 43 148190636
12629 43 148190636
12630 43 148190636
12631 43 148190636
12632 43 148190636
12633 43 148190636
12634 43 148190636
12635 43 148190636
12636 43 148190636
12637 43 148190636
12638 43 148190636
12639 43 148190636
12640 43 148190636
12641 43 148190636
12642 43 148190636
12643 43 148190636
12644 43 148190636
12645 43 148190636
12646 43 148190636
12647 43 148190636
12648 43 148190636
12649 43 148190636
12650 43 148190636
12651 43 148190636
12652 43 148190636
12653 43 148190636
12654 43 148190636
12655 43 148190636
12656 43 148190636
12657 43 148190636
12658 43 148190636
12659 43 148190636
12660 43 148190636
12661 43 148190636
12662 43 148190636
12663 43 148190636
12664 43 148190636
12665 43 148190636
12666 43 148190636
12667 43 148190636
12668 43 148190636
12669 43 148190636
12670 43 148190636
12671 43 148190636
12672 43 148190636
12673 43 148190636
12674 43 148190636
12675 43 148190636
12676 43 148190636
12677 43 148190636
12678 43 148190636
12679 43 148190636
12680 43 148190636
12681 43 148190636
12682 43 148190636
12683 43 148190636
12684 43 148190636
12685 43 148190636
12686 43 148190636
12687 43 148190636
12688 43 148190636
12689 43 148190636
12690 43 148190636
12691 43 148190636
12692 43 148190636
12693 43 148190636
12694 43 148190636
12695 43 148190636
12696 43 148190636
12697 43 148190636
12698 43 148190636
12699 43 148190636
12700 43 148190636
12701 43 148190636
12702 43 148190636
12703 43 148190636
12704 43 148190636
12705 43 148190636
12706 43 148190636
12707 43 148190636
12708 43 148190636
12709 43 148190636
12710 43 148190636
12711 43 148190636
12712 41 140898918
12713 41 140898918
12714 41 140898918
12715 41 140898918
12716 41 140898918
12717 41 140898918
12718 41 140898918
12719 41 140898918
12720 41 140898918
12721 41 140898918
12722 41 140898918
12723 41 140898918
12724 41 140898918
12725 41 140898918
12726 41 140898918
12727 41 140898918
12728 41 140898918
12729 41 140898918
12730 41 140898918
12731 41 140898918
12732 41 140898918
12733 41 140898918
12734 41 140898918
12735 41 140898918
12736 41 140898918
12737 41 140898918
12738 41 140898918
12739 41 140898918
12740 41 140898918
12741 41 140898918
12742 41 140898918
12743 41 140898918
12744 41 140898918
12745 41 140898918
12746 41 140898918
12747 41 140898918
12748 41 140898918
12749 41 140898918
12750 41 140898918
12751 41 140898918
12752 41 140898918
12753 41 140898918
12754 41 140898918
12755 41 140898918
12756 41 140898918
12757 41 140898918
12758 41 140898918
12759 41 140898918
12760 41 140898918
12761 41 140898918
12762 41 140898918
12763 41 140898918
12764 41 140898918
12765 41 140898918
12766 41 140898918
12767 41 140898918
12768 41 140898918
12769 41 140898918
12770 41 140898918
12771 41 140898918
12772 41 140898918
12773 41 140898918
12774 41 140898918
12775 41 140898918
12776 41 140898918
12777 41 140898918
12778 41 140898918
12779 41 140898918
12780 41 140898918
12781 41 110530064
12782 41 140898918
12783 41 140898918
12784 41 140898918
12785 41 140898918
12786 41 140898918
12787 41 140898918
12788 41 140898918
12789 41 140898918
12790 41 140898918
12791 41 140898918
12792 41 140898918
12793 41 140898918
12794 41 140898918
12795 41 140898918
12796 41 140898918
12797 41 140898918
12798 41 140898918
12799 41 140898918
12800 41 140898918
12801 41 140898918
12802 41 140898918
12803 41 140898918
12804 41 140898918
12805 41 140898918
12806 41 140898918
12807 41 140898918
12808 41 140898918
12809 41 140898918
12810 41 140898918
12811 41 140898918
12812 41 140898918
12813 41 140898918
12814 41 140898918
12815 41 140898918
12816 41 140898918
12817 41 140898918
12818 41 140898918
12819 41 140898918
12820 41 140898918
12821 41 140898918
12822 41 140898918
12823 41 140898918
12824 41 140898918
12825 41 140898918
12826 41 140898918
12827 41 140898918
12828 41 140898918
12829 41 140898918
12830 41 140898918
12831 41 140898918
12832 41 140898918
12833 41 140898918
12834 41 140898918
12835 41 140898918
12836 41 140898918
12837 41 140898918
12838 41 140898918
12839 41 140898918
12840 41 140898918
12841 41 140898918
12842 41 140898918
12843 41 140898918
12844 41 140898918
12845 41 140898918
12846 41 140898918
12847 41 140898918
12848 41 140898918
12849 41 140898918
12850 41 140898918
12851 41 140898918
12852 41 140898918
12853 41 140898918
12854 41 140898918
12855 41 140898918
12856 41 140898918
12857 41 140898918
12858 41 140898918
12859 41 140898918
12860 41 140898918
12861 41 140898918
12862 41 140898918
12863 41 140898918
12864 41 140898918
12865 41 140898918
12866 41 140898918
12867 41 140898918
12868 41 140898918
12869 41 140898918
12870 41 140898918
12871 41 140898918
12872 41 140898918
12873 41 140898918
12874 41 140898918
12875 41 140898918
12876 41 140898918
12877 41 140898918
12878 41 140898918
12879 41 140898918
12880 41 140898918
12881 41 140898918
12882 41 140898918
12883 41 140898918
12884 41 140898918
12885 41 140898918
12886 41 140898918
12887 41 140898918
12888 41 140898918
12889 41 140898918
12890 41 140898918
12891 41 140898918
12892 41 140898918
12893 41 140898918
12894 41 140898918
12895 41 140898918
12896 41 140898918
12897 41 140898918
12898 41 140898918
12899 41 140898918
12900 41 140898918
12901 41 140898918
12902 41 140898918
12903 41 140898918
12904 41 140898918
12905 41 140898918
12906 41 140898918
12907 41 140898918
12908 41 140898918
12909 41 140898918
12910 41 140898918
12911 41 140898918
12912 41 140898918
12913 41 140898918
12914 41 140898918
12915 41 140898918
12916 41 140898918
12917 41 140898918
12918 41 140898918
12919 41 140898918
12920 41 140898918
12921 41 140898918
12922 41 140898918
12923 41 140898918
12924 41 140898918
12925 41 140898918
12926 41 140898918
12927 41 140898918
12928 41 140898918
12929 41 140898918
12930 41 140898918
12931 41 140898918
12932 41 140898918
12933 41 140898918
12934 41 140898918
12935 41 140898918
12936 41 140898918
12937 41 140898918
12938 41 140898918
12939 41 140898918
12940 41 140898918
12941 41 140898918
12942 41 140898918
12943 41 140898918
12944 41 140898918
12945 41 140898918
12946 41 140898918
12947 41 140898918
12948 41 140898918
12949 41 140898918
12950 41 140898918
12951 41 140898918
12952 41 140898918
12953 41 140898918
12954 41 140898918
12955 41 140898918
12956 41 140898918
12957 41 140898918
12958 41 140898918
12959 41 140898918
12960 41 140898918
12961 41 140898918
12962 41 140898918
12963 41 140898918
12964 41 140898918
12965 41 140898918
12966 41 140898918
12967 41 140898918
12968 41 140898918
12969 41 140898918
12970 41 140898918
12971 41 140898918
12972 41 140898918
12973 41 140898918
12974 41 140898918
12975 41 140898918
12976 41 140898918
12977 41 140898918
12978 41 140898918
12979 41 140898918
12980 41 140898918
12981 41 140898918
12982 41 140898918
12983 41 140898918
12984 41 140898918
12985 41 140898918
12986 41 140898918
12987 41 140898918
12988 41 140898918
12989 41 140898918
12990 41 140898918
12991 41 140898918
12992 41 140898918
12993 41 140898918
12994 41 140898918
12995 41 140898918
12996 41 140898918
12997 41 140898918
12998 41 140898918
12999 41 140898918
13000 41 140898918
13001 41 140898918
13002 41 140898918
13003 41 140898918
13004 41 140898918
13005 41 140898918
13006 41 140898918
13007 41 140898918
13008 41 140898918
13009 41 140898918
13010 41 140898918
13011 41 140898918
13012 41 140898918
13013 41 140898918
13014 41 140898918
13015 41 140898918
13016 41 140898918
13017 41 140898918
13018 41 140898918
13019 41 140898918
13020 41 140898918
13021 41 140898918
13022 41 140898918
13023 41 140898918
13024 41 140898918
13025 41 140898918
13026 41 140898918
13027 41 140898918
13028 41 140898918
13029 41 140898918
13030 41 140898918
13031 41 140898918
13032 41 140898918
13033 41 140898918
13034 41 140898918
13035 41 140898918
13036 41 140898918
13037 41 140898918
13038 41 140898918
13039 41 140898918
13040 41 140898918
13041 41 140898918
13042 41 140898918
13043 41 140898918
13044 41 140898918
13045 41 140898918
13046 41 140898918
13047 41 140898918
13048 41 140898918
13049 41 140898918
13050 41 140898918
13051 41 140898918
13052 41 140898918
13053 41 140898918
13054 41 140898918
13055 41 140898918
13056 41 140898918
13057 41 140898918
13058 41 140898918
13059 41 140898918
13060 41 140898918
13061 41 140898918
13062 41 140898918
13063 41 140898918
13064 41 140898918
13065 41 140898918
13066 41 140898918
13067 41 140898918
13068 41 140898918
13069 41 140898918
13070 41 140898918
13071 41 140898918
13072 41 140898918
13073 41 140898918
13074 41 140898918
13075 41 140898918
13076 41 140898918
13077 41 140898918
13078 41 140898918
13079 41 140898918
13080 41 140898918
13081 41 140898918
13082 41 140898918
13083 41 140898918
13084 41 140898918
13085 41 140898918
13086 41 140898918
13087 41 140898918
13088 41 140898918
13089 41 140898918
13090 41 140898918
13091 41 140898918
13092 41 140898918
13093 41 140898918
13094 41 140898918
13095 41 140898918
13096 41 140898918
13097 41 140898918
13098 41 140898918
13099 41 140898918
13100 41 140898918
13101 41 140898918
13102 41 140898918
13103 41 140898918
13104 41 140898918
13105 41 140898918
13106 41 140898918
13107 41 140898918
13108 41 140898918
13109 41 140898918
13110 41 140898918
13111 41 140898918
13112 41 140898918
13113 41 140898918
13114 41 140898918
13115 41 140898918
13116 41 140898918
13117 41 140898918
13118 41 140898918
13119 41 140898918
13120 41 140898918
13121 41 140898918
13122 41 140898918
13123 41 140898918
13124 41 140898918
13125 41 140898918
13126 41 140898918
13127 41 140898918
13128 41 140898918
13129 41 140898918
13130 41 140898918
13131 41 140898918
13132 41 140898918
13133 41 140898918
13134 41 140898918
13135 41 140898918
13136 41 140898918
13137 41 140898918
13138 41 140898918
13139 41 140898918
13140 41 140898918
13141 41 140898918
13142 41 140898918
13143 41 140898918
13144 41 140898918
13145 41 140898918
13146 41 140898918
13147 41 140898918
13148 41 140898918
13149 41 140898918
13150 41 140898918
13151 41 140898918
13152 41 140898918
13153 41 140898918
13154 41 140898918
13155 41 140898918
13156 41 140898918
13157 41 140898918
13158 41 140898918
13159 42 113588478
13160 41 140898918
13161 41 140898918
13162 41 140898918
13163 41 140898918
13164 41 140898918
13165 41 140898918
13166 41 140898918
13167 41 140898918
13168 41 140898918
13169 41 140898918
13170 41 140898918
13171 41 140898918
13172 41 140898918
13173 41 140898918
13174 41 140898918
13175 41 140898918
13176 41 140898918
13177 41 140898918
13178 41 140898918
13179 41 140898918
13180 41 140898918
13181 41 140898918
13182 41 140898918
13183 41 140898918
13184 41 140898918
13185 41 140898918
13186 41 140898918
13187 41 140898918
13188 41 140898918
13189 41 140898918
13190 41 140898918
13191 41 140898918
13192 41 140898918
13193 41 140898918
13194 41 140898918
13195 41 140898918
13196 41 140898918
13197 41 140898918
13198 41 140898918
13199 41 140898918
13200 41 140898918
13201 41 140898918
13202 41 140898918
13203 41 140898918
13204 41 140898918
13205 41 140898918
13206 41 140898918
13207 41 140898918
13208 41 140898918
13209 41 140898918
13210 41 140898918
13211 41 140898918
13212 41 140898918
13213 41 140898918
13214 41 140898918
13215 41 140898918
13216 41 140898918
13217 41 140898918
13218 41 140898918
13219 41 140898918
13220 41 140898918
13221 41 140898918
13222 41 140898918
13223 41 140898918
13224 41 140898918
13225 41 140898918
13226 41 140898918
13227 41 140898918
13228 41 140898918
13229 41 140898918
13230 41 140898918
13231 41 140898918
13232 41 140898918
13233 41 140898918
13234 41 140898918
13235 41 140898918
13236 41 140898918
13237 41 140898918
13238 41 140898918
13239 41 140898918
13240 41 140898918
13241 41 140898918
13242 41 140898918
13243 41 140898918
13244 41 140898918
13245 41 140898918
13246 41 140898918
13247 41 140898918
13248 41 140898918
13249 41 140898918
13250 41 140898918
13251 41 140898918
13252 41 140898918
13253 41 140898918
13254 41 140898918
13255 41 140898918
13256 41 140898918
13257 41 140898918
13258 41 140898918
13259 41 140898918
13260 41 140898918
13261 41 140898918
13262 41 140898918
13263 41 140898918
13264 41 140898918
13265 41 140898918
13266 41 140898918
13267 41 140898918
13268 41 140898918
13269 41 140898918
13270 41 140898918
13271 41 140898918
13272 41 140898918
13273 41 140898918
13274 41 140898918
13275 41 140898918
13276 41 140898918
13277 41 140898918
13278 41 140898918
13279 41 140898918
13280 41 140898918
13281 41 140898918
13282 41 140898918
13283 41 140898918
13284 41 140898918
13285 41 140898918
13286 41 140898918
13287 41 140898918
13288 41 140898918
13289 41 140898918
13290 41 140898918
13291 41 140898918
13292 41 140898918
13293 41 140898918
13294 41 140898918
13295 41 140898918
13296 41 140898918
13297 42 159803315
13298 41 140898918
13299 41 140898918
13300 41 140898918
13301 41 140898918
13302 41 140898918
13303 41 140898918
13304 41 140898918
13305 41 140898918
13306 41 140898918
13307 41 140898918
13308 41 140898918
13309 41 140898918
13310 41 140898918
13311 41 140898918
13312 41 140898918
13313 41 140898918
13314 41 140898918
13315 41 140898918
13316 41 140898918
13317 41 140898918
13318 41 140898918
13319 41 140898918
13320 41 140898918
13321 41 140898918
13322 41 140898918
13323 41 140898918
13324 41 140898918
13325 41 140898918
13326 41 140898918
13327 41 140898918
13328 41 140898918
13329 41 140898918
13330 41 140898918
13331 41 140898918
13332 41 140898918
13333 41 140898918
13334 41 140898918
13335 41 140898918
13336 41 140898918
13337 41 140898918
13338 41 140898918
13339 41 140898918
13340 41 140898918
13341 41 140898918
13342 41 140898918
13343 41 140898918
13344 41 140898918
13345 41 140898918
13346 41 140898918
13347 41 140898918
13348 41 140898918
13349 41 140898918
13350 41 140898918
13351 41 140898918
13352 41 140898918
13353 41 140898918
13354 41 140898918
13355 41 140898918
13356 41 140898918
13357 41 140898918
13358 41 140898918
13359 41 140898918
13360 41 140898918
13361 41 140898918
13362 41 140898918
13363 41 140898918
13364 41 140898918
13365 41 140898918
13366 41 140898918
13367 41 140898918
13368 41 140898918
13369 41 140898918
13370 41 140898918
13371 41 140898918
13372 41 140898918
13373 41 140898918
13374 41 140898918
13375 41 140898918
13376 41 140898918
13377 41 140898918
13378 41 140898918
13379 41 140898918
13380 41 140898918
13381 41 140898918
13382 41 140898918
13383 41 140898918
13384 41 140898918
13385 41 140898918
13386 41 140898918
13387 41 140898918
13388 41 140898918
13389 41 140898918
13390 41 140898918
13391 41 140898918
13392 41 140898918
13393 41 140898918
13394 41 140898918
13395 41 140898918
13396 41 140898918
13397 41 140898918
13398 41 140898918
13399 41 140898918
13400 41 140898918
13401 41 140898918
13402 41 140898918
13403 41 140898918
13404 41 140898918
13405 41 140898918
13406 41 140898918
13407 41 140898918
13408 41 140898918
13409 41 140898918
13410 41 140898918
13411 41 140898918
13412 41 140898918
13413 41 140898918
13414 41 140898918
13415 41 140898918
13416 41 140898918
13417 41 140898918
13418 41 140898918
13419 41 140898918
13420 41 140898918
13421 41 140898918
13422 41 140898918
13423 41 140898918
13424 41 140898918
13425 41 140898918
13426 41 140898918
13427 41 140898918
13428 41 140898918
13429 41 140898918
13430 41 140898918
13431 41 140898918
13432 41 140898918
13433 41 140898918
13434 41 140898918
13435 41 140898918
13436 41 140898918
13437 41 140898918
13438 41 140898918
13439 41 140898918
13440 41 140898918
13441 41 140898918
13442 41 140898918
13443 41 140898918
13444 41 140898918
13445 41 140898918
13446 41 140898918
13447 41 140898918
13448 41 140898918
13449 41 140898918
13450 41 140898918
13451 41 140898918
13452 41 140898918
13453 41 140898918
13454 41 140898918
13455 41 140898918
13456 41 140898918
13457 41 140898918
13458 41 140898918
13459 41 140898918
13460 41 140898918
13461 41 140898918
13462 41 140898918
13463 41 140898918
13464 41 140898918
13465 41 140898918
13466 41 140898918
13467 41 140898918
13468 41 140898918
13469 41 140898918
13470 41 140898918
13471 41 140898918
13472 41 140898918
13473 41 140898918
13474 41 140898918
13475 41 140898918
13476 41 140898918
13477 41 140898918
13478 41 140898918
13479 41 140898918
13480 41 140898918
13481 41 140898918
13482 41 140898918
13483 41 140898918
13484 41 140898918
13485 41 140898918
13486 41 140898918
13487 41 140898918
13488 41 140898918
13489 41 140898918
13490 41 140898918
13491 41 140898918
13492 41 140898918
13493 41 140898918
13494 41 140898918
13495 41 140898918
13496 41 140898918
13497 41 140898918
13498 41 140898918
13499 41 140898918
13500 41 140898918
13501 41 140898918
13502 41 140898918
13503 41 140898918
13504 41 140898918
13505 41 140898918
13506 41 140898918
13507 41 140898918
13508 41 140898918
13509 41 140898918
13510 41 140898918
13511 41 140898918
13512 41 140898918
13513 41 140898918
13514 41 140898918
13515 41 140898918
13516 41 140898918
13517 41 140898918
13518 41 140898918
13519 41 140898918
13520 41 140898918
13521 41 140898918
13522 41 140898918
13523 41 140898918
13524 41 140898918
13525 41 140898918
13526 41 140898918
13527 41 140898918
13528 41 140898918
13529 41 140898918
13530 41 140898918
13531 41 140898918
13532 41 140898918
13533 41 140898918
13534 41 140898918
13535 41 140898918
13536 41 140898918
13537 41 140898918
13538 41 140898918
13539 41 140898918
13540 41 140898918
13541 41 140898918
13542 41 140898918
13543 41 140898918
13544 41 140898918
13545 41 140898918
13546 41 140898918
13547 41 140898918
13548 41 140898918
13549 41 140898918
13550 41 140898918
13551 41 140898918
13552 41 140898918
13553 41 140898918
13554 41 140898918
13555 41 140898918
13556 41 140898918
13557 41 140898918
13558 41 140898918
13559 41 140898918
13560 41 140898918
13561 41 140898918
13562 41 140898918
13563 41 140898918
13564 41 140898918
13565 41 140898918
13566 41 140898918
13567 41 140898918
13568 41 140898918
13569 41 140898918
13570 41 140898918
13571 41 140898918
13572 41 140898918
13573 41 140898918
13574 41 140898918
13575 41 140898918
13576 41 140898918
13577 41 140898918
13578 41 140898918
13579 41 140898918
13580 41 140898918
13581 41 140898918
13582 41 140898918
13583 41 140898918
13584 41 140898918
13585 41 140898918
13586 41 140898918
13587 41 140898918
13588 41 140898918
13589 41 140898918
13590 41 140898918
13591 41 140898918
13592 41 140898918
13593 41 140898918
13594 41 140898918
13595 41 140898918
13596 41 140898918
13597 41 140898918
13598 41 140898918
13599 41 140898918
13600 41 140898918
13601 41 140898918
13602 41 140898918
13603 41 140898918
13604 41 140898918
13605 41 140898918
13606 41 140898918
13607 41 140898918
13608 41 140898918
13609 41 140898918
13610 41 140898918
13611 41 140898918
13612 41 140898918
13613 41 140898918
13614 41 140898918
13615 41 140898918
13616 41 140898918
13617 41 140898918
13618 41 140898918
13619 41 140898918
13620 41 140898918
13621 41 140898918
13622 41 140898918
13623 41 140898918
13624 41 140898918
13625 41 140898918
13626 41 140898918
13627 41 140898918
13628 41 140898918
13629 41 140898918
13630 41 140898918
13631 41 140898918
13632 41 140898918
13633 41 140898918
13634 41 140898918
13635 41 176708709
13636 41 176708709
13637 41 176708709
13638 41 176708709
13639 41 176708709
13640 41 176708709
13641 41 176708709
13642 41 176708709
13643 41 176708709
13644 41 176708709
13645 41 176708709
13646 41 176708709
13647 41 176708709
13648 41 176708709
13649 41 176708709
13650 41 176708709
13651 41 176708709
13652 41 176708709
13653 41 176708709
13654 41 176708709
13655 41 176708709
13656 41 176708709
13657 41 176708709
13658 41 176708709
13659 41 176708709
13660 41 176708709
13661 41 176708709
13662 41 176708709
13663 41 176708709
13664 41 176708709
13665 41 176708709
13666 41 176708709
13667 41 176708709
13668 41 176708709
13669 41 176708709
13670 41 176708709
13671 41 176708709
13672 41 176708709
13673 41 176708709
13674 41 176708709
13675 41 176708709
13676 41 176708709
13677 41 176708709
13678 41 176708709
13679 41 176708709
13680 41 176708709
13681 41 176708709
13682 41 176708709
13683 41 176708709
13684 37 118136417
13685 37 118136417
13686 37 118136417
13687 37 118136417
13688 37 118136417
13689 37 118136417
13690 37 118136417
13691 37 118136417
13692 37 118136417
13693 37 118136417
13694 37 118136417
13695 37 118136417
13696 37 118136417
13697 37 118136417
13698 37 118136417
13699 37 118136417
13700 37 118136417
13701 37 118136417
13702 37 118136417
13703 37 118136417
13704 37 118136417
13705 37 118136417
13706 37 118136417
13707 37 118136417
13708 37 118136417
13709 37 118136417
13710 37 118136417
13711 37 118136417
13712 37 118136417
13713 37 118136417
13714 37 118136417
13715 37 118136417
13716 37 118136417
13717 37 118136417
13718 40 47546573
13719 37 118136417
13720 37 118136417
13721 37 118136417
13722 37 118136417
13723 37 118136417
13724 37 118136417
13725 37 118136417
13726 37 118136417
13727 37 118136417
13728 37 118136417
13729 37 118136417
13730 37 118136417
13731 37 118136417
13732 37 118136417
13733 37 118136417
13734 37 118136417
13735 37 118136417
13736 37 118136417
13737 37 118136417
13738 37 118136417
13739 37 118136417
13740 37 118136417
13741 37 118136417
13742 37 118136417
13743 37 118136417
13744 37 118136417
13745 37 118136417
13746 37 118136417
13747 37 118136417
13748 37 118136417
13749 37 118136417
13750 37 118136417
13751 37 118136417
13752 37 118136417
13753 38 153882306
13754 38 153882306
13755 38 153882306
13756 38 153882306
13757 38 153882306
13758 38 153882306
13759 38 153882306
13760 38 153882306
13761 38 153882306
13762 38 153882306
13763 38 153882306
13764 38 153882306
13765 38 153882306
13766 38 153882306
13767 38 153882306
13768 38 153882306
13769 38 153882306
13770 38 153882306
13771 38 153882306
13772 38 153882306
13773 38 153882306
13774 38 153882306
13775 38 153882306
13776 38 153882306
13777 38 153882306
13778 38 153882306
13779 38 153882306
13780 38 153882306
13781 38 153882306
13782 38 153882306
13783 38 153882306
13784 38 153882306
13785 41 190008190
13786 41 190008190
13787 41 190008190
13788 41 190008190
13789 41 190008190
13790 41 190008190
13791 41 190008190
13792 41 190008190
13793 41 190008190
13794 41 190008190
13795 41 190008190
13796 41 190008190
13797 41 190008190
13798 41 190008190
13799 41 190008190
13800 41 190008190
13801 41 190008190
13802 41 190008190
13803 41 190008190
13804 41 190008190
13805 41 190008190
13806 41 190008190
13807 41 190008190
13808 41 190008190
13809 41 190008190
13810 41 190008190
13811 41 190008190
13812 41 190008190
13813 41 190008190
13814 41 190008190
13815 41 190008190
13816 41 190008190
13817 41 190008190
13818 41 190008190
13819 41 190008190
13820 41 190008190
13821 41 190008190
13822 41 190008190
13823 41 190008190
13824 41 190008190
13825 41 190008190
13826 41 190008190
13827 41 190008190
13828 41 190008190
13829 41 190008190
13830 41 190008190
13831 41 190008190
13832 41 190008190
13833 41 190008190
13834 41 190008190
13835 41 190008190
13836 41 190008190
13837 41 190008190
13838 41 190008190
13839 41 190008190
13840 41 190008190
13841 41 190008190
13842 41 190008190
13843 41 190008190
13844 41 190008190
13845 41 190008190
13846 41 190008190
13847 41 190008190
13848 41 190008190
13849 41 190008190
13850 41 190008190
13851 41 190008190
13852 41 190008190
13853 41 190008190
13854 41 190008190
13855 41 190008190
13856 41 190008190
13857 41 190008190
13858 41 190008190
13859 41 190008190
13860 41 190008190
13861 41 190008190
13862 41 190008190
13863 41 190008190
13864 41 190008190
13865 41 190008190
13866 41 190008190
13867 41 190008190
13868 41 190008190
13869 41 190008190
13870 41 190008190
13871 41 190008190
13872 41 190008190
13873 41 190008190
13874 41 190008190
13875 41 190008190
13876 41 190008190
13877 41 190008190
13878 41 190008190
13879 41 190008190
13880 41 190008190
13881 41 190008190
13882 41 190008190
13883 41 190008190
13884 41 190008190
13885 41 190008190
13886 41 190008190
13887 41 190008190
13888 41 190008190
13889 41 190008190
13890 41 190008190
13891 41 190008190
13892 41 190008190
13893 41 190008190
13894 41 190008190
13895 41 190008190
13896 41 190008190
13897 41 190008190
13898 41 190008190
13899 41 190008190
13900 41 190008190
13901 41 190008190
13902 41 190008190
13903 41 190008190
13904 41 190008190
13905 41 190008190
13906 41 190008190
13907 41 190008190
13908 41 190008190
13909 41 190008190
13910 41 190008190
13911 41 190008190
13912 41 190008190
13913 41 190008190
13914 41 190008190
13915 41 190008190
13916 41 190008190
13917 41 190008190
13918 41 190008190
13919 41 190008190
13920 41 190008190
13921 41 190008190
13922 41 190008190
13923 41 190008190
13924 41 190008190
13925 41 190008190
13926 41 190008190
13927 41 190008190
13928 41 190008190
13929 41 190008190
13930 41 190008190
13931 41 190008190
13932 41 190008190
13933 41 190008190
13934 41 190008190
13935 41 190008190
13936 41 190008190
13937 41 190008190
13938 41 190008190
13939 41 190008190
13940 41 190008190
13941 41 190008190
13942 41 190008190
13943 41 190008190
13944 41 190008190
13945 41 190008190
13946 41 190008190
13947 41 190008190
13948 41 190008190
13949 41 190008190
13950 41 190008190
13951 41 190008190
13952 41 190008190
13953 41 190008190
13954 41 190008190
13955 41 190008190
13956 41 190008190
13957 41 190008190
13958 41 190008190
13959 41 190008190
13960 41 190008190
13961 41 190008190
13962 41 190008190
13963 41 190008190
13964 41 190008190
13965 41 190008190
13966 41 190008190
13967 41 190008190
13968 41 190008190
13969 41 190008190
13970 41 190008190
13971 41 190008190
13972 41 190008190
13973 41 190008190
13974 41 190008190
13975 41 190008190
13976 41 190008190
13977 41 190008190
13978 41 190008190
13979 41 190008190
13980 41 190008190
13981 41 190008190
13982 41 190008190
13983 41 190008190
13984 41 190008190
13985 41 190008190
13986 41 190008190
13987 41 190008190
13988 41 190008190
13989 41 190008190
13990 41 190008190
13991 41 190008190
13992 41 190008190
13993 41 190008190
13994 41 190008190
13995 41 190008190
13996 41 190008190
13997 41 190008190
13998 41 190008190
13999 41 190008190
14000 41 190008190
14001 41 190008190
14002 41 190008190
14003 41 190008190
14004 41 190008190
14005 41 190008190
14006 41 190008190
14007 41 190008190
14008 41 190008190
14009 41 190008190
14010 41 190008190
14011 41 190008190
14012 41 190008190
14013 41 190008190
14014 41 190008190
14015 41 190008190
14016 41 190008190
14017 41 190008190
14018 41 190008190
14019 41 190008190
14020 41 190008190
14021 41 190008190
14022 41 190008190
14023 41 190008190
14024 41 190008190
14025 41 190008190
14026 41 190008190
14027 41 190008190
14028 41 190008190
14029 41 190008190
14030 41 190008190
14031 41 190008190
14032 41 190008190
14033 41 190008190
14034 41 190008190
14035 41 190008190
14036 41 190008190
14037 41 190008190
14038 41 190008190
14039 41 190008190
14040 41 190008190
14041 41 190008190
14042 41 190008190
14043 41 190008190
14044 41 190008190
14045 41 190008190
14046 41 190008190
14047 41 190008190
14048 41 190008190
14049 41 190008190
14050 41 190008190
14051 41 190008190
14052 41 190008190
14053 41 190008190
14054 41 190008190
14055 41 190008190
14056 41 190008190
14057 41 190008190
14058 41 190008190
14059 41 190008190
14060 41 190008190
14061 41 190008190
14062 41 190008190
14063 41 190008190
14064 41 190008190
14065 41 190008190
14066 41 190008190
14067 41 190008190
14068 41 190008190
14069 41 190008190
14070 41 190008190
14071 41 190008190
14072 41 190008190
14073 41 190008190
14074 41 190008190
14075 41 190008190
14076 41 190008190
14077 41 190008190
14078 41 190008190
14079 41 190008190
14080 41 190008190
14081 41 190008190
14082 41 190008190
14083 41 190008190
14084 41 190008190
14085 41 190008190
14086 41 190008190
14087 41 190008190
14088 41 190008190
14089 41 190008190
14090 41 190008190
14091 41 190008190
14092 41 190008190
14093 41 190008190
14094 41 190008190
14095 41 190008190
14096 41 190008190
14097 41 190008190
14098 41 190008190
14099 41 190008190
14100 41 190008190
14101 41 190008190
14102 41 190008190
14103 41 190008190
14104 41 190008190
14105 41 190008190
14106 41 190008190
14107 41 190008190
14108 41 190008190
14109 41 190008190
14110 41 190008190
14111 41 190008190
14112 41 190008190
14113 41 190008190
14114 41 190008190
14115 41 190008190
14116 41 190008190
14117 41 190008190
14118 41 190008190
14119 41 190008190
14120 41 190008190
14121 41 190008190
14122 41 190008190
14123 41 190008190
14124 41 190008190
14125 41 190008190
14126 41 190008190
14127 41 190008190
14128 41 190008190
14129 41 190008190
14130 41 190008190
14131 41 190008190
14132 41 190008190
14133 41 190008190
14134 41 190008190
14135 41 190008190
14136 41 190008190
14137 41 190008190
14138 41 190008190
14139 41 190008190
14140 41 190008190
14141 41 190008190
14142 41 190008190
14143 41 190008190
14144 41 190008190
14145 41 190008190
14146 41 190008190
14147 41 190008190
14148 41 190008190
14149 41 190008190
14150 41 190008190
14151 41 190008190
14152 41 190008190
14153 41 190008190
14154 41 190008190
14155 41 190008190
14156 41 190008190
14157 41 190008190
14158 41 190008190
14159 41 190008190
14160 41 190008190
14161 41 190008190
14162 41 190008190
14163 41 190008190
14164 41 190008190
14165 41 190008190
14166 41 190008190
14167 41 190008190
14168 41 190008190
14169 41 190008190
14170 41 190008190
14171 41 190008190
14172 41 190008190
14173 41 190008190
14174 41 190008190
14175 41 190008190
14176 41 190008190
14177 41 190008190
14178 41 190008190
14179 41 190008190
14180 41 190008190
14181 41 190008190
14182 41 190008190
14183 41 190008190
14184 41 190008190
14185 41 190008190
14186 41 190008190
14187 41 190008190
14188 41 190008190
14189 41 190008190
14190 41 190008190
14191 41 190008190
14192 41 190008190
14193 41 190008190
14194 41 190008190
14195 41 190008190
14196 41 190008190
14197 41 190008190
14198 41 190008190
14199 41 190008190
14200 41 190008190
14201 41 190008190
14202 41 190008190
14203 41 190008190
14204 41 190008190
14205 41 190008190
14206 41 190008190
14207 41 190008190
14208 41 190008190
14209 41 190008190
14210 41 190008190
14211 41 190008190
14212 41 190008190
14213 41 190008190
14214 41 190008190
14215 41 190008190
14216 41 190008190
14217 41 190008190
14218 41 190008190
14219 41 190008190
14220 41 190008190
14221 41 190008190
14222 41 190008190
14223 41 190008190
14224 41 190008190
14225 41 190008190
14226 41 190008190
14227 41 190008190
14228 41 190008190
14229 41 190008190
14230 41 190008190
14231 41 190008190
14232 41 190008190
14233 41 190008190
14234 41 190008190
14235 41 190008190
14236 41 190008190
14237 41 190008190
14238 41 190008190
14239 41 190008190
14240 41 190008190
14241 41 190008190
14242 41 190008190
14243 44 177225622
14244 44 177225622
14245 44 177225622
14246 44 177225622
14247 44 177225622
14248 44 177225622
14249 44 177225622
14250 44 177225622
14251 44 177225622
14252 44 177225622
14253 44 177225622
14254 44 177225622
14255 44 177225622
14256 44 177225622
14257 44 177225622
14258 44 177225622
14259 44 177225622
14260 44 177225622
14261 44 177225622
14262 44 177225622
14263 44 177225622
14264 44 177225622
14265 44 177225622
14266 44 177225622
14267 44 177225622
14268 44 177225622
14269 44 177225622
14270 44 177225622
14271 44 177225622
14272 44 177225622
14273 44 177225622
14274 44 177225622
14275 44 177225622
14276 44 177225622
14277 44 177225622
14278 44 177225622
14279 44 177225622
14280 44 177225622
14281 44 177225622
14282 44 177225622
14283 44 177225622
14284 44 177225622
14285 44 177225622
14286 44 177225622
14287 44 177225622
14288 44 177225622
14289 44 177225622
14290 44 177225622
14291 44 177225622
14292 44 177225622
14293 44 177225622
14294 44 177225622
14295 44 177225622
14296 44 177225622
14297 44 177225622
14298 44 177225622
14299 44 177225622
14300 44 177225622
14301 44 177225622
14302 44 177225622
14303 44 177225622
14304 44 177225622
14305 44 177225622
14306 44 177225622
14307 44 177225622
14308 44 177225622
14309 44 177225622
14310 44 177225622
14311 44 177225622
14312 44 177225622
14313 44 177225622
14314 44 177225622
14315 44 177225622
14316 44 177225622
14317 44 177225622
14318 44 177225622
14319 44 177225622
14320 44 177225622
14321 44 177225622
14322 44 177225622
14323 44 177225622
14324 44 177225622
14325 44 177225622
14326 44 177225622
14327 44 177225622
14328 44 177225622
14329 44 177225622
14330 44 177225622
14331 44 177225622
14332 44 177225622
14333 44 177225622
14334 44 177225622
14335 44 177225622
14336 44 177225622
14337 44 177225622
14338 44 177225622
14339 44 177225622
14340 44 177225622
14341 44 177225622
14342 44 177225622
14343 44 177225622
14344 44 177225622
14345 44 177225622
14346 44 177225622
14347 44 177225622
14348 44 177225622
14349 44 177225622
14350 44 177225622
14351 44 177225622
14352 44 177225622
14353 44 177225622
14354 44 177225622
14355 44 177225622
14356 44 177225622
14357 44 177225622
14358 44 177225622
14359 44 177225622
14360 44 177225622
14361 44 177225622
14362 44 177225622
14363 44 177225622
14364 44 177225622
14365 44 177225622
14366 44 177225622
14367 44 177225622
14368 44 177225622
14369 44 177225622
14370 44 177225622
14371 44 177225622
14372 44 177225622
14373 44 177225622
14374 44 177225622
14375 44 177225622
14376 44 177225622
14377 44 177225622
14378 44 177225622
14379 44 177225622
14380 44 177225622
14381 44 177225622
14382 44 177225622
14383 44 177225622
14384 44 177225622
14385 44 177225622
14386 44 177225622
14387 44 177225622
14388 44 177225622
14389 44 177225622
14390 44 177225622
14391 44 177225622
14392 44 177225622
14393 44 177225622
14394 44 177225622
14395 44 177225622
14396 44 177225622
14397 44 177225622
14398 44 177225622
14399 44 177225622
14400 44 177225622
14401 44 177225622
14402 44 177225622
14403 44 177225622
14404 44 177225622
14405 44 177225622
14406 44 177225622
14407 44 177225622
14408 44 177225622
14409 44 177225622
14410 44 177225622
14411 44 177225622
14412 44 177225622
14413 44 177225622
14414 44 177225622
14415 44 177225622
14416 44 177225622
14417 44 177225622
14418 44 177225622
14419 44 177225622
14420 44 177225622
14421 44 177225622
14422 44 177225622
14423 44 177225622
14424 44 177225622
14425 44 177225622
14426 44 177225622
14427 44 177225622
14428 44 177225622
14429 44 177225622
14430 44 177225622
14431 44 177225622
14432 44 177225622
14433 44 177225622
14434 44 177225622
14435 44 177225622
14436 44 177225622
14437 44 177225622
14438 44 177225622
14439 44 177225622
14440 44 177225622
14441 44 177225622
14442 44 177225622
14443 44 177225622
14444 44 177225622
14445 44 177225622
14446 44 177225622
14447 44 177225622
14448 44 177225622
14449 44 177225622
14450 44 177225622
14451 44 177225622
14452 44 177225622
14453 44 177225622
14454 44 177225622
14455 44 177225622
14456 44 177225622
14457 44 177225622
14458 44 177225622
14459 44 177225622
14460 44 177225622
14461 44 177225622
14462 44 177225622
14463 44 177225622
14464 44 177225622
14465 44 177225622
14466 44 177225622
14467 44 177225622
14468 44 177225622
14469 44 177225622
14470 44 177225622
14471 44 177225622
14472 44 177225622
14473 44 177225622
14474 44 177225622
14475 44 177225622
14476 44 177225622
14477 44 177225622
14478 44 177225622
14479 44 177225622
14480 44 177225622
14481 44 177225622
14482 44 177225622
14483 44 177225622
14484 44 177225622
14485 44 177225622
14486 44 177225622
14487 44 177225622
14488 44 177225622
14489 44 177225622
14490 44 177225622
14491 44 177225622
14492 44 177225622
14493 44 177225622
14494 44 177225622
14495 44 177225622
14496 44 177225622
14497 44 177225622
14498 44 177225622
14499 44 177225622
14500 44 177225622
14501 44 177225622
14502 44 177225622
14503 44 177225622
14504 44 177225622
14505 44 177225622
14506 44 177225622
14507 44 177225622
14508 44 177225622
14509 44 177225622
14510 44 177225622
14511 44 177225622
14512 44 177225622
14513 44 177225622
14514 44 177225622
14515 44 177225622
14516 44 177225622
14517 44 177225622
14518 44 177225622
14519 44 177225622
14520 44 177225622
14521 44 177225622
14522 44 177225622
14523 44 177225622
14524 44 177225622
14525 44 177225622
14526 44 177225622
14527 44 177225622
14528 44 177225622
14529 44 177225622
14530 44 177225622
14531 44 177225622
14532 44 177225622
14533 44 177225622
14534 44 177225622
14535 44 177225622
14536 44 177225622
14537 44 177225622
14538 44 177225622
14539 44 177225622
14540 44 177225622
14541 44 177225622
14542 44 177225622
14543 44 177225622
14544 44 177225622
14545 44 177225622
14546 44 177225622
14547 44 177225622
14548 44 177225622
14549 44 177225622
14550 44 177225622
14551 44 177225622
14552 44 177225622
14553 44 177225622
14554 44 177225622
14555 44 177225622
14556 44 177225622
14557 44 177225622
14558 44 177225622
14559 44 177225622
14560 44 177225622
14561 44 177225622
14562 44 177225622
14563 41 177225625
14564 41 177225625
14565 41 177225625
14566 41 177225625
14567 41 177225625
14568 41 177225625
14569 41 177225625
14570 41 177225625
14571 41 177225625
14572 41 177225625
14573 41 177225625
14574 41 177225625
14575 41 177225625
14576 41 177225625
14577 41 177225625
14578 41 177225625
14579 41 177225625
14580 41 177225625
14581 41 177225625
14582 41 177225625
14583 41 177225625
14584 41 177225625
14585 41 177225625
14586 41 177225625
14587 41 177225625
14588 41 177225625
14589 41 177225625
14590 41 177225625
14591 41 177225625
14592 41 177225625
14593 41 177225625
14594 41 177225625
14595 41 177225625
14596 41 177225625
14597 41 177225625
14598 41 177225625
14599 41 177225625
14600 41 177225625
14601 41 177225625
14602 41 177225625
14603 41 177225625
14604 41 177225625
14605 41 177225625
14606 41 177225625
14607 41 177225625
14608 41 177225625
14609 41 177225625
14610 41 177225625
14611 41 177225625
14612 41 177225625
14613 41 177225625
14614 41 177225625
14615 41 177225625
14616 41 177225625
14617 41 177225625
14618 41 177225625
14619 41 177225625
14620 41 177225625
14621 41 177225625
14622 41 177225625
14623 41 177225625
14624 41 177225625
14625 41 177225625
14626 41 177225625
14627 41 177225625
14628 41 177225625
14629 41 177225625
14630 41 177225625
14631 41 177225625
14632 41 177225625
14633 41 177225625
14634 41 177225625
14635 41 177225625
14636 41 177225625
14637 41 177225625
14638 41 177225625
14639 41 177225625
14640 41 177225625
14641 41 177225625
14642 41 177225625
14643 41 177225625
14644 41 177225625
14645 41 177225625
14646 41 177225625
14647 41 177225625
14648 41 177225625
14649 41 177225625
14650 41 177225625
14651 41 177225625
14652 41 177225625
14653 41 177225625
14654 41 177225625
14655 41 177225625
14656 41 177225625
14657 41 177225625
14658 41 177225625
14659 41 177225625
14660 41 177225625
14661 41 177225625
14662 41 177225625
14663 41 177225625
14664 41 177225625
14665 41 177225625
14666 41 177225625
14667 41 177225625
14668 41 177225625
14669 41 177225625
14670 41 177225625
14671 41 177225625
14672 41 177225625
14673 41 177225625
14674 41 177225625
14675 41 177225625
14676 41 177225625
14677 41 177225625
14678 41 177225625
14679 41 177225625
14680 41 177225625
14681 41 177225625
14682 41 177225625
14683 41 177225625
14684 41 177225625
14685 41 177225625
14686 41 177225625
14687 41 177225625
14688 41 177225625
14689 41 177225625
14690 41 177225625
14691 41 177225625
14692 41 177225625
14693 41 177225625
14694 41 177225625
14695 41 177225625
14696 41 177225625
14697 41 177225625
14698 41 177225625
14699 41 177225625
14700 41 177225625
14701 41 177225625
14702 41 177225625
14703 41 177225625
14704 41 177225625
14705 41 177225625
14706 41 177225625
14707 41 177225625
14708 41 177225625
14709 41 177225625
14710 41 177225625
14711 41 177225625
14712 41 177225625
14713 41 177225625
14714 41 177225625
14715 41 177225625
14716 41 177225625
14717 41 177225625
14718 41 177225625
14719 41 177225625
14720 41 177225625
14721 41 177225625
14722 41 177225625
14723 41 177225625
14724 41 177225625
14725 41 177225625
14726 41 177225625
14727 41 177225625
14728 41 177225625
14729 41 177225625
14730 41 177225625
14731 41 177225625
14732 41 177225625
14733 41 177225625
14734 41 177225625
14735 41 177225625
14736 41 177225625
14737 41 177225625
14738 41 177225625
14739 41 177225625
14740 41 177225625
14741 41 177225625
14742 41 177225625
14743 41 177225625
14744 41 177225625
14745 41 177225625
14746 41 177225625
14747 41 177225625
14748 41 177225625
14749 41 177225625
14750 41 177225625
14751 41 177225625
14752 41 177225625
14753 41 177225625
14754 41 177225625
14755 41 177225625
14756 41 177225625
14757 41 177225625
14758 41 177225625
14759 41 177225625
14760 41 177225625
14761 41 177225625
14762 41 177225625
14763 41 177225625
14764 41 177225625
14765 41 177225625
14766 41 177225625
14767 41 177225625
14768 41 177225625
14769 41 177225625
14770 41 177225625
14771 41 177225625
14772 41 177225625
14773 41 177225625
14774 41 177225625
14775 41 177225625
14776 41 177225625
14777 41 177225625
14778 41 177225625
14779 41 177225625
14780 41 177225625
14781 41 177225625
14782 41 177225625
14783 41 177225625
14784 41 177225625
14785 41 177225625
14786 41 177225625
14787 41 177225625
14788 41 177225625
14789 41 177225625
14790 41 177225625
14791 41 177225625
14792 41 177225625
14793 41 177225625
14794 41 177225625
14795 41 177225625
14796 41 177225625
14797 41 177225625
14798 41 177225625
14799 41 177225625
14800 41 177225625
14801 41 177225625
14802 41 177225625
14803 41 177225625
14804 41 177225625
14805 41 177225625
14806 41 177225625
14807 41 177225625
14808 41 177225625
14809 41 177225625
14810 41 177225625
14811 41 177225625
14812 41 177225625
14813 41 177225625
14814 41 177225625
14815 41 177225625
14816 41 177225625
14817 41 177225625
14818 41 177225625
14819 41 177225625
14820 41 177225625
14821 41 177225625
14822 41 177225625
14823 41 177225625
14824 41 177225625
14825 41 177225625
14826 41 177225625
14827 41 177225625
14828 41 177225625
14829 41 177225625
14830 41 177225625
14831 41 177225625
14832 41 177225625
14833 41 177225625
14834 41 177225625
14835 41 177225625
14836 41 177225625
14837 41 177225625
14838 41 177225625
14839 41 177225625
14840 41 177225625
14841 41 177225625
14842 41 177225625
14843 41 177225625
14844 41 177225625
14845 41 177225625
14846 41 177225625
14847 41 177225625
14848 41 177225625
14849 41 177225625
14850 41 177225625
14851 41 177225625
14852 41 177225625
14853 41 177225625
14854 41 177225625
14855 41 177225625
14856 41 177225625
14857 41 177225625
14858 41 177225625
14859 41 177225625
14860 41 177225625
14861 41 177225625
14862 41 177225625
14863 41 177225625
14864 41 177225625
14865 41 177225625
14866 41 177225625
14867 41 177225625
14868 41 177225625
14869 41 177225625
14870 41 177225625
14871 41 177225625
14872 41 177225625
14873 41 177225625
14874 41 177225625
14875 41 177225625
14876 41 177225625
14877 41 177225625
14878 41 177225625
14879 41 177225625
14880 41 177225625
14881 41 177225625
14882 41 177225625
14883 41 177225625
14884 41 177225625
14885 41 177225625
14886 41 177225625
14887 41 177225625
14888 41 177225625
14889 41 177225625
14890 41 177225625
14891 41 177225625
14892 41 177225625
14893 41 177225625
14894 41 177225625
14895 41 177225625
14896 41 177225625
14897 41 177225625
14898 41 177225625
14899 41 177225625
14900 41 177225625
14901 41 177225625
14902 41 177225625
14903 41 177225625
14904 41 177225625
14905 41 177225625
14906 41 177225625
14907 41 177225625
14908 41 177225625
14909 41 177225625
14910 41 177225625
14911 41 177225625
14912 41 177225625
14913 41 177225625
14914 41 177225625
14915 41 177225625
14916 41 177225625
14917 41 177225625
14918 41 177225625
14919 41 177225625
14920 41 177225625
14921 41 177225625
14922 41 177225625
14923 41 177225625
14924 41 177225625
14925 41 177225625
14926 41 177225625
14927 41 177225625
14928 41 177225625
14929 41 177225625
14930 41 177225625
14931 41 177225625
14932 41 177225625
14933 41 177225625
14934 41 177225625
14935 41 177225625
14936 41 177225625
14937 41 177225625
14938 41 177225625
14939 41 177225625
14940 41 177225625
14941 41 177225625
14942 41 177225625
14943 41 177225625
14944 41 177225625
14945 41 177225625
14946 41 177225625
14947 41 177225625
14948 41 177225625
14949 41 177225625
14950 41 177225625
14951 41 177225625
14952 41 177225625
14953 41 177225625
14954 41 177225625
14955 41 177225625
14956 41 177225625
14957 41 177225625
14958 41 177225625
14959 41 177225625
14960 41 177225625
14961 41 177225625
14962 41 177225625
14963 41 177225625
14964 41 177225625
14965 41 177225625
14966 41 177225625
14967 41 177225625
14968 41 177225625
14969 41 177225625
14970 41 177225625
14971 41 177225625
14972 41 177225625
14973 41 177225625
14974 41 177225625
14975 41 177225625
14976 41 177225625
14977 41 177225625
14978 41 177225625
14979 41 177225625
14980 41 177225625
14981 41 177225625
14982 41 177225625
14983 41 177225625
14984 41 177225625
14985 41 177225625
14986 41 177225625
14987 41 177225625
14988 41 177225625
14989 41 177225625
14990 41 177225625
14991 41 177225625
14992 41 177225625
14993 41 177225625
14994 41 177225625
14995 41 177225625
14996 41 177225625
14997 41 177225625
14998 41 177225625
14999 41 177225625
15000 41 177225625
15001 41 177225625
15002 41 177225625
15003 41 177225625
15004 41 177225625
15005 41 177225625
15006 41 177225625
15007 41 177225625
15008 41 177225625
15009 41 177225625
15010 41 177225625
15011 41 177225625
15012 41 177225625
15013 41 177225625
15014 41 177225625
15015 41 177225625
15016 41 177225625
15017 41 177225625
15018 41 177225625
15019 41 177225625
15020 41 177225625
15021 41 177225625
15022 41 177225625
15023 41 177225625
15024 41 177225625
15025 41 177225625
15026 41 177225625
15027 41 177225625
15028 41 177225625
15029 41 177225625
15030 41 177225625
15031 41 177225625
15032 41 177225625
15033 41 177225625
15034 41 177225625
15035 41 177225625
15036 41 177225625
15037 41 177225625
15038 41 177225625
15039 41 177225625
15040 41 177225625
15041 41 177225625
15042 41 177225625
15043 41 177225625
15044 41 177225625
15045 41 177225625
15046 41 177225625
15047 41 177225625
15048 41 177225625
15049 41 177225625
15050 41 177225625
15051 41 177225625
15052 41 177225625
15053 41 177225625
15054 41 177225625
15055 41 177225625
15056 41 177225625
15057 41 177225625
15058 41 177225625
15059 41 177225625
15060 41 177225625
15061 41 177225625
15062 41 177225625
15063 41 177225625
15064 41 177225625
15065 41 177225625
15066 41 177225625
15067 41 177225625
15068 41 177225625
15069 41 177225625
15070 41 177225625
15071 41 177225625
15072 41 177225625
15073 41 177225625
15074 41 177225625
15075 41 177225625
15076 41 177225625
15077 41 177225625
15078 41 177225625
15079 41 177225625
15080 41 177225625
15081 41 177225625
15082 41 177225625
15083 41 177225625
15084 41 177225625
15085 41 177225625
15086 41 177225625
15087 41 177225625
15088 41 177225625
15089 41 177225625
15090 41 177225625
15091 41 177225625
15092 41 177225625
15093 41 177225625
15094 41 177225625
15095 41 177225625
15096 41 177225625
15097 41 177225625
15098 41 177225625
15099 41 177225625
15100 41 177225625
15101 41 177225625
15102 41 177225625
15103 41 177225625
15104 41 177225625
15105 41 177225625
15106 41 177225625
15107 41 177225625
15108 41 177225625
15109 41 177225625
15110 41 177225625
15111 41 177225625
15112 41 177225625
15113 41 177225625
15114 41 177225625
15115 41 177225625
15116 41 177225625
15117 41 177225625
15118 41 177225625
15119 41 177225625
15120 41 177225625
15121 41 177225625
15122 41 177225625
15123 41 177225625
15124 41 177225625
15125 41 177225625
15126 41 177225625
15127 41 177225625
15128 41 177225625
15129 41 177225625
15130 41 177225625
15131 41 177225625
15132 41 177225625
15133 41 177225625
15134 41 177225625
15135 41 177225625
15136 41 177225625
15137 41 177225625
15138 41 177225625
15139 41 177225625
15140 41 177225625
15141 41 177225625
15142 41 177225625
15143 41 177225625
15144 41 177225625
15145 41 177225625
15146 41 177225625
15147 41 177225625
15148 41 177225625
15149 41 177225625
15150 41 177225625
15151 41 177225625
15152 41 177225625
15153 41 177225625
15154 41 177225625
15155 41 177225625
15156 41 177225625
15157 41 177225625
15158 41 177225625
15159 41 177225625
15160 41 177225625
15161 41 177225625
15162 41 177225625
15163 41 177225625
15164 41 177225625
15165 41 177225625
15166 41 177225625
15167 41 177225625
15168 41 177225625
15169 41 177225625
15170 41 177225625
15171 41 177225625
15172 41 177225625
15173 41 177225625
15174 41 177225625
15175 41 177225625
15176 41 177225625
15177 41 177225625
15178 41 177225625
15179 41 177225625
15180 41 177225625
15181 41 177225625
15182 41 177225625
15183 41 177225625
15184 41 177225625
15185 41 177225625
15186 41 177225625
15187 41 177225625
15188 41 177225625
15189 41 177225625
15190 41 177225625
15191 41 177225625
15192 41 177225625
15193 41 177225625
15194 41 177225625
15195 41 177225625
15196 41 177225625
15197 41 177225625
15198 41 177225625
15199 41 177225625
15200 41 177225625
15201 41 177225625
15202 41 177225625
15203 41 177225625
15204 41 177225625
15205 41 177225625
15206 41 177225625
15207 41 177225625
15208 41 177225625
15209 41 177225625
15210 41 177225625
15211 41 177225625
15212 41 177225625
15213 41 177225625
15214 41 177225625
15215 41 177225625
15216 41 177225625
15217 41 177225625
15218 41 177225625
15219 41 177225625
15220 41 177225625
15221 41 177225625
15222 41 177225625
15223 41 177225625
15224 41 177225625
15225 41 177225625
15226 41 177225625
15227 41 177225625
15228 41 177225625
15229 41 177225625
15230 41 177225625
15231 41 177225625
15232 41 177225625
15233 41 177225625
15234 41 177225625
15235 41 177225625
15236 41 177225625
15237 41 177225625
15238 41 177225625
15239 41 177225625
15240 41 177225625
15241 41 177225625
15242 41 177225625
15243 41 177225625
15244 41 177225625
15245 41 177225625
15246 41 177225625
15247 41 177225625
15248 41 177225625
15249 41 177225625
15250 41 177225625
15251 41 177225625
15252 41 177225625
15253 41 177225625
15254 41 177225625
15255 41 177225625
15256 41 177225625
15257 41 177225625
15258 41 177225625
15259 41 177225625
15260 41 177225625
15261 41 177225625
15262 41 177225625
15263 41 177225625
15264 41 177225625
15265 41 177225625
15266 41 177225625
15267 41 177225625
15268 41 177225625
15269 41 177225625
15270 41 177225625
15271 41 177225625
15272 41 177225625
15273 41 177225625
15274 41 177225625
15275 41 177225625
15276 41 177225625
15277 41 177225625
15278 41 177225625
15279 41 177225625
15280 41 177225625
15281 41 177225625
15282 41 177225625
15283 41 177225625
15284 41 177225625
15285 41 177225625
15286 41 177225625
15287 41 177225625
15288 41 177225625
15289 41 177225625
15290 41 177225625
15291 41 177225625
15292 41 177225625
15293 41 177225625
15294 41 177225625
15295 41 177225625
15296 41 177225625
15297 41 177225625
15298 41 177225625
15299 41 177225625
15300 41 177225625
15301 41 177225625
15302 41 177225625
15303 41 177225625
15304 41 177225625
15305 41 177225625
15306 41 177225625
15307 41 177225625
15308 41 177225625
15309 41 177225625
15310 41 177225625
15311 41 177225625
15312 41 177225625
15313 41 177225625
15314 41 177225625
15315 41 177225625
15316 41 177225625
15317 41 177225625
15318 41 177225625
15319 41 177225625
15320 41 177225625
15321 41 177225625
15322 41 177225625
15323 41 177225625
15324 41 177225625
15325 41 177225625
15326 41 177225625
15327 41 177225625
15328 41 177225625
15329 41 177225625
15330 41 177225625
15331 41 177225625
15332 41 177225625
15333 41 177225625
15334 41 177225625
15335 41 177225625
15336 41 177225625
15337 41 177225625
15338 41 177225625
15339 41 177225625
15340 41 177225625
15341 41 177225625
15342 41 177225625
15343 41 177225625
15344 41 177225625
15345 41 177225625
15346 41 177225625
15347 41 177225625
15348 41 177225625
15349 41 177225625
15350 41 177225625
15351 41 177225625
15352 41 177225625
15353 41 177225625
15354 41 177225625
15355 41 177225625
15356 41 177225625
15357 41 177225625
15358 41 177225625
15359 41 177225625
15360 41 177225625
15361 41 177225625
15362 41 177225625
15363 41 177225625
15364 41 177225625
15365 41 177225625
15366 41 177225625
15367 41 177225625
15368 41 177225625
15369 41 177225625
15370 41 177225625
15371 41 177225625
15372 41 177225625
15373 41 177225625
15374 41 177225625
15375 41 177225625
15376 41 177225625
15377 41 177225625
15378 41 177225625
15379 41 177225625
15380 41 177225625
15381 41 177225625
15382 41 190008190
15383 41 190008190
15384 41 190008190
15385 41 190008190
15386 41 190008190
15387 41 190008190
15388 41 190008190
15389 41 190008190
15390 41 190008190
15391 41 190008190
15392 41 190008190
15393 41 190008190
15394 41 190008190
15395 41 190008190
15396 41 190008190
15397 41 190008190
15398 41 190008190
15399 41 190008190
15400 41 190008190
15401 41 190008190
15402 41 190008190
15403 41 190008190
15404 41 190008190
15405 41 190008190
15406 41 190008190
15407 41 190008190
15408 41 190008190
15409 41 190008190
15410 41 190008190
15411 41 190008190
15412 41 190008190
15413 41 190008190
15414 41 190008190
15415 41 190008190
15416 41 190008190
15417 41 190008190
15418 41 190008190
15419 41 190008190
15420 41 190008190
15421 41 190008190
15422 41 190008190
15423 41 190008190
15424 41 190008190
15425 41 190008190
15426 41 190008190
15427 41 190008190
15428 41 190008190
15429 41 190008190
15430 41 190008190
15431 41 190008190
15432 41 190008190
15433 41 190008190
15434 41 190008190
15435 41 190008190
15436 41 190008190
15437 41 190008190
15438 41 190008190
15439 41 190008190
15440 41 190008190
15441 41 190008190
15442 41 190008190
15443 41 190008190
15444 41 190008190
15445 41 190008190
15446 41 190008190
15447 41 190008190
15448 41 190008190
15449 41 190008190
15450 41 190008190
15451 41 190008190
15452 41 190008190
15453 41 190008190
15454 41 190008190
15455 41 190008190
15456 41 190008190
15457 41 190008190
15458 41 190008190
15459 41 190008190
15460 41 190008190
15461 41 190008190
15462 41 190008190
15463 41 190008190
15464 41 190008190
15465 41 190008190
15466 41 190008190
15467 41 190008190
15468 41 190008190
15469 41 190008190
15470 41 190008190
15471 41 190008190
15472 41 190008190
15473 41 190008190
15474 41 190008190
15475 41 190008190
15476 41 190008190
15477 41 190008190
15478 41 190008190
15479 41 190008190
15480 41 190008190
15481 41 190008190
15482 41 190008190
15483 41 190008190
15484 41 190008190
15485 41 190008190
15486 41 190008190
15487 41 190008190
15488 41 190008190
15489 41 190008190
15490 41 190008190
15491 41 190008190
15492 41 190008190
15493 41 190008190
15494 41 190008190
15495 41 190008190
15496 41 190008190
15497 41 190008190
15498 41 190008190
15499 41 190008190
15500 41 190008190
15501 41 190008190
15502 41 190008190
15503 41 190008190
15504 41 190008190
15505 41 190008190
15506 41 190008190
15507 41 190008190
15508 41 190008190
15509 41 190008190
15510 41 190008190
15511 41 190008190
15512 41 190008190
15513 41 190008190
15514 41 190008190
15515 41 190008190
15516 41 190008190
15517 41 190008190
15518 41 190008190
15519 41 190008190
15520 41 190008190
15521 41 190008190
15522 41 190008190
15523 41 190008190
15524 41 190008190
15525 41 190008190
15526 41 190008190
15527 41 190008190
15528 41 190008190
15529 41 190008190
15530 41 190008190
15531 41 190008190
15532 41 190008190
15533 41 190008190
15534 41 190008190
15535 41 190008190
15536 41 190008190
15537 41 190008190
15538 41 190008190
15539 41 190008190
15540 41 190008190
15541 41 190008190
15542 41 190008190
15543 41 190008190
15544 41 190008190
15545 41 190008190
15546 41 190008190
15547 41 190008190
15548 41 190008190
15549 41 190008190
15550 41 190008190
15551 41 190008190
15552 40 105988802
15553 40 105988802
15554 40 105988802
15555 40 105988802
15556 40 105988802
15557 40 105988802
15558 40 105988802
15559 40 105988802
15560 40 105988802
15561 40 105988802
15562 40 105988802
15563 40 105988802
15564 40 105988802
15565 40 105988802
15566 40 105988802
15567 40 105988802
15568 40 105988802
15569 40 105988802
15570 40 105988802
15571 40 105988802
15572 40 105988802
15573 40 105988802
15574 40 105988802
15575 40 105988802
15576 40 105988802
15577 40 105988802
15578 40 105988802
15579 40 105988802
15580 40 105988802
15581 40 105988802
15582 40 105988802
15583 40 105988802
15584 40 105988802
15585 40 105988802
15586 40 105988802
15587 40 105988802
15588 40 105988802
15589 40 105988802
15590 40 105988802
15591 40 105988802
15592 40 105988802
15593 40 105988802
15594 40 105988802
15595 40 105988802
15596 40 105988802
15597 40 105988802
15598 40 105988802
15599 40 105988802
15600 40 105988802
15601 40 105988802
15602 40 105988802
15603 40 105988802
15604 40 105988802
15605 40 105988802
15606 40 105988802
15607 40 105988802
15608 40 105988802
15609 40 105988802
15610 40 105988802
15611 40 105988802
15612 40 105988802
15613 40 105988802
15614 40 105988802
15615 40 105988802
15616 40 105988802
15617 40 105988802
15618 40 105988802
15619 40 105988802
15620 40 105988802
15621 40 105988802
15622 40 105988802
15623 40 105988802
15624 40 105988802
15625 40 105988802
15626 40 105988802
15627 40 105988802
15628 40 105988802
15629 40 105988802
15630 40 105988802
15631 40 105988802
15632 40 105988802
15633 40 105988802
15634 40 105988802
15635 40 105988802
15636 40 105988802
15637 40 105988802
15638 40 105988802
15639 40 105988802
15640 40 105988802
15641 40 105988802
15642 40 105988802
15643 40 105988802
15644 40 105988802
15645 40 105988802
15646 40 105988802
15647 40 105988802
15648 40 105988802
15649 40 105988802
15650 40 105988802
15651 40 105988802
15652 40 105988802
15653 40 105988802
15654 40 105988802
15655 40 105988802
15656 40 105988802
15657 40 105988802
15658 40 105988802
15659 40 105988802
15660 40 105988802
15661 40 105988802
15662 40 105988802
15663 40 105988802
15664 40 105988802
15665 40 105988802
15666 40 105988802
15667 40 105988802
15668 40 105988802
15669 40 105988802
15670 40 105988802
15671 40 105988802
15672 40 105988802
15673 40 105988802
15674 40 105988802
15675 40 105988802
15676 40 105988802
15677 40 105988802
15678 40 105988802
15679 40 105988802
15680 40 105988802
15681 40 105988802
15682 40 105988802
15683 40 105988802
15684 40 105988802
15685 40 105988802
15686 40 105988802
15687 40 105988802
15688 40 105988802
15689 40 105988802
15690 40 105988802
15691 40 105988802
15692 40 105988802
15693 40 105988802
15694 40 105988802
15695 40 105988802
15696 40 105988802
15697 40 105988802
15698 40 105988802
15699 40 105988802
15700 40 105988802
15701 40 105988802
15702 40 105988802
15703 40 105988802
15704 40 105988802
15705 40 105988802
15706 40 105988802
15707 40 105988802
15708 40 105988802
15709 40 105988802
15710 40 105988802
15711 40 105988802
15712 40 105988802
15713 40 105988802
15714 40 105988802
15715 40 105988802
15716 40 105988802
15717 40 105988802
15718 40 105988802
15719 40 105988802
15720 40 105988802
15721 40 105988802
15722 40 105988802
15723 40 105988802
15724 40 105988802
15725 40 105988802
15726 40 105988802
15727 40 105988802
15728 40 105988802
15729 40 105988802
15730 40 105988802
15731 40 105988802
15732 40 105988802
15733 40 105988802
15734 40 105988802
15735 40 105988802
15736 40 105988802
15737 40 105988802
15738 40 105988802
15739 40 105988802
15740 40 105988802
15741 40 105988802
15742 40 105988802
15743 40 105988802
15744 40 105988802
15745 40 105988802
15746 40 105988802
15747 40 105988802
15748 40 105988802
15749 40 105988802
15750 40 105988802
15751 40 105988802
15752 40 105988802
15753 40 105988802
15754 40 105988802
15755 40 105988802
15756 40 105988802
15757 40 105988802
15758 40 105988802
15759 40 105988802
15760 40 105988802
15761 40 105988802
15762 40 105988802
15763 40 105988802
15764 40 105988802
15765 40 105988802
15766 40 105988802
15767 40 105988802
15768 40 105988802
15769 40 105988802
15770 40 105988802
15771 40 105988802
15772 40 105988802
15773 40 105988802
15774 40 105988802
15775 40 105988802
15776 40 105988802
15777 40 105988802
15778 40 105988802
15779 40 105988802
15780 40 105988802
15781 40 105988802
15782 40 105988802
15783 40 105988802
15784 40 105988802
15785 40 105988802
15786 40 105988802
15787 40 105988802
15788 40 105988802
15789 40 105988802
15790 40 105988802
15791 40 105988802
15792 40 105988802
15793 40 105988802
15794 40 105988802
15795 40 105988802
15796 40 105988802
15797 40 105988802
15798 40 105988802
15799 40 105988802
15800 40 105988802
15801 40 105988802
15802 40 105988802
15803 40 105988802
15804 40 105988802
15805 40 105988802
15806 40 105988802
15807 40 105988802
15808 40 105988802
15809 40 105988802
15810 40 105988802
15811 40 105988802
15812 40 105988802
15813 40 105988802
15814 40 105988802
15815 40 105988802
15816 40 105988802
15817 40 105988802
15818 40 105988802
15819 40 105988802
15820 40 105988802
15821 40 105988802
15822 40 105988802
15823 40 105988802
15824 40 105988802
15825 40 105988802
15826 40 105988802
15827 40 105988802
15828 40 105988802
15829 40 105988802
15830 40 105988802
15831 40 105988802
15832 40 105988802
15833 40 105988802
15834 40 105988802
15835 40 105988802
15836 40 105988802
15837 40 105988802
15838 40 105988802
15839 40 105988802
15840 40 105988802
15841 40 105988802
15842 40 105988802
15843 40 105988802
15844 40 105988802
15845 40 105988802
15846 40 105988802
15847 40 105988802
15848 40 105988802
15849 40 105988802
15850 40 105988802
15851 40 105988802
15852 40 105988802
15853 40 105988802
15854 40 105988802
15855 40 105988802
15856 40 105988802
15857 40 105988802
15858 40 105988802
15859 40 105988802
15860 40 105988802
15861 40 105988802
15862 40 105988802
15863 40 105988802
15864 40 105988802
15865 40 105988802
15866 40 105988802
15867 40 105988802
15868 40 105988802
15869 40 105988802
15870 40 105988802
15871 40 105988802
15872 40 105988802
15873 40 105988802
15874 40 105988802
15875 40 105988802
15876 40 105988802
15877 40 105988802
15878 40 105988802
15879 40 105988802
15880 40 105988802
15881 40 105988802
15882 40 105988802
15883 40 105988802
15884 40 105988802
15885 40 105988802
15886 40 105988802
15887 40 105988802
15888 40 105988802
15889 40 105988802
15890 40 105988802
15891 40 105988802
15892 40 105988802
15893 40 105988802
15894 40 105988802
15895 40 105988802
15896 40 105988802
15897 40 105988802
15898 40 105988802
15899 40 105988802
15900 40 105988802
15901 40 105988802
15902 40 105988802
15903 40 105988802
15904 40 105988802
15905 40 105988802
15906 40 105988802
15907 40 105988802
15908 40 105988802
15909 40 105988802
15910 40 105988802
15911 40 105988802
15912 40 105988802
15913 40 105988802
15914 40 105988802
15915 40 105988802
15916 40 105988802
15917 40 105988802
15918 40 105988802
15919 40 105988802
15920 40 105988802
15921 40 105988802
15922 40 105988802
15923 40 105988802
15924 40 105988802
15925 40 105988802
15926 40 105988802
15927 40 105988802
15928 40 105988802
15929 40 105988802
15930 40 105988802
15931 40 105988802
15932 40 105988802
15933 40 105988802
15934 40 105988802
15935 40 105988802
15936 40 105988802
15937 40 105988802
15938 40 105988802
15939 40 105988802
15940 40 105988802
15941 40 105988802
15942 40 105988802
15943 40 105988802
15944 40 105988802
15945 40 105988802
15946 40 105988802
15947 40 105988802
15948 40 105988802
15949 40 105988802
15950 40 105988802
15951 40 105988802
15952 40 105988802
15953 40 105988802
15954 40 105988802
15955 40 105988802
15956 40 105988802
15957 40 105988802
15958 40 105988802
15959 40 105988802
15960 40 105988802
15961 40 105988802
15962 40 105988802
15963 40 105988802
15964 40 105988802
15965 40 105988802
15966 40 105988802
15967 40 105988802
15968 40 105988802
15969 40 105988802
15970 40 105988802
15971 40 105988802
15972 40 105988802
15973 40 105988802
15974 40 105988802
15975 40 105988802
15976 40 105988802
15977 40 105988802
15978 40 105988802
15979 40 105988802
15980 40 105988802
15981 40 105988802
15982 40 105988802
15983 40 105988802
15984 40 105988802
15985 40 105988802
15986 40 105988802
15987 40 105988802
15988 40 105988802
15989 40 105988802
15990 40 105988802
15991 40 105988802
15992 40 105988802
15993 40 105988802
15994 40 105988802
15995 40 105988802
15996 40 105988802
15997 40 105988802
15998 40 105988802
15999 40 105988802
16000 40 105988802
16001 40 105988802
16002 40 105988802
16003 40 105988802
16004 40 105988802
16005 40 105988802
16006 40 105988802
16007 40 105988802
16008 40 105988802
16009 40 105988802
16010 40 105988802
16011 40 105988802
16012 40 105988802
16013 40 105988802
16014 40 105988802
16015 40 105988802
16016 40 105988802
16017 40 105988802
16018 40 105988802
16019 40 105988802
16020 40 105988802
16021 40 105988802
16022 40 105988802
16023 40 105988802
16024 40 105988802
16025 40 105988802
16026 40 105988802
16027 40 105988802
16028 40 105988802
16029 40 105988802
16030 40 105988802
16031 40 105988802
16032 40 105988802
16033 40 105988802
16034 40 105988802
16035 40 105988802
16036 40 105988802
16037 40 105988802
16038 40 105988802
16039 40 105988802
16040 40 105988802
16041 40 105988802
16042 40 105988802
16043 40 105988802
16044 40 105988802
16045 40 105988802
16046 40 105988802
16047 40 105988802
16048 40 105988802
16049 40 105988802
16050 40 105988802
16051 40 105988802
16052 40 105988802
16053 40 105988802
16054 40 105988802
16055 40 105988802
16056 40 105988802
16057 40 105988802
16058 40 105988802
16059 40 105988802
16060 40 105988802
16061 40 105988802
16062 40 105988802
16063 40 105988802
16064 40 105988802
16065 40 105988802
16066 40 105988802
16067 40 105988802
16068 40 105988802
16069 40 105988802
16070 40 105988802
16071 40 105988802
16072 40 105988802
16073 40 105988802
16074 40 105988802
16075 40 105988802
16076 40 105988802
16077 40 105988802
16078 40 105988802
16079 40 105988802
16080 40 105988802
16081 40 105988802
16082 40 105988802
16083 40 105988802
16084 40 105988802
16085 40 105988802
16086 40 105988802
16087 40 105988802
16088 40 105988802
16089 40 105988802
16090 40 105988802
16091 40 105988802
16092 40 105988802
16093 40 105988802
16094 40 105988802
16095 40 105988802
16096 40 105988802
16097 40 105988802
16098 40 105988802
16099 40 105988802
16100 40 105988802
16101 40 105988802
16102 40 105988802
16103 40 105988802
16104 40 105988802
16105 40 105988802
16106 40 105988802
16107 40 105988802
16108 40 105988802
16109 40 105988802
16110 40 105988802
16111 40 105988802
16112 40 105988802
16113 40 105988802
16114 40 105988802
16115 40 105988802
16116 40 105988802
16117 40 105988802
16118 40 105988802
16119 40 105988802
16120 40 105988802
16121 40 105988802
16122 40 105988802
16123 40 105988802
16124 40 105988802
16125 40 105988802
16126 40 105988802
16127 40 105988802
16128 40 105988802
16129 40 105988802
16130 40 105988802
16131 40 105988802
16132 40 105988802
16133 40 105988802
16134 40 105988802
16135 40 105988802
16136 40 105988802
16137 40 105988802
16138 40 105988802
16139 40 105988802
16140 40 105988802
16141 40 105988802
16142 40 105988802
16143 40 105988802
16144 40 105988802
16145 40 105988802
16146 40 105988802
16147 40 105988802
16148 40 105988802
16149 40 105988802
16150 40 105988802
16151 40 105988802
16152 40 105988802
16153 40 105988802
16154 40 105988802
16155 40 105988802
16156 40 105988802
16157 40 105988802
16158 40 105988802
16159 40 105988802
16160 40 105988802
16161 40 105988802
16162 40 105988802
16163 40 105988802
16164 40 105988802
16165 40 105988802
16166 40 105988802
16167 40 105988802
16168 40 105988802
16169 40 105988802
16170 40 105988802
16171 40 105988802
16172 40 105988802
16173 40 105988802
16174 40 105988802
16175 40 105988802
16176 40 105988802
16177 40 105988802
16178 40 105988802
16179 40 105988802
16180 40 105988802
16181 40 105988802
16182 40 221466557
16183 40 221466557
16184 40 221466557
16185 40 221466557
16186 40 221466557
16187 40 221466557
16188 40 221466557
16189 40 221466557
16190 40 221466557
16191 40 221466557
16192 40 221466557
16193 40 221466557
16194 40 221466557
16195 40 221466557
16196 40 221466557
16197 40 221466557
16198 40 221466557
16199 40 221466557
16200 40 221466557
16201 40 221466557
16202 40 221466557
16203 40 221466557
16204 40 221466557
16205 40 221466557
16206 40 221466557
16207 40 221466557
16208 40 221466557
16209 40 221466557
16210 40 221466557
16211 40 221466557
16212 40 221466557
16213 40 221466557
16214 40 221466557
16215 40 221466557
16216 40 221466557
16217 40 221466557
16218 40 221466557
16219 40 221466557
16220 40 221466557
16221 40 221466557
16222 40 221466557
16223 40 221466557
16224 40 221466557
16225 40 221466557
16226 40 221466557
16227 40 221466557
16228 40 221466557
16229 40 221466557
16230 40 221466557
16231 40 221466557
16232 40 221466557
16233 40 221466557
16234 40 221466557
16235 40 221466557
16236 40 221466557
16237 40 221466557
16238 40 221466557
16239 40 221466557
16240 40 221466557
16241 40 221466557
16242 40 221466557
16243 40 221466557
16244 40 221466557
16245 40 221466557
16246 40 221466557
16247 40 221466557
16248 40 221466557
16249 40 221466557
16250 40 221466557
16251 40 221466557
16252 40 221466557
16253 40 221466557
16254 40 221466557
16255 40 221466557
16256 40 221466557
16257 40 221466557
16258 40 221466557
16259 40 221466557
16260 40 221466557
16261 40 221466557
16262 40 221466557
16263 40 221466557
16264 40 221466557
16265 40 221466557
16266 40 221466557
16267 40 221466557
16268 40 221466557
16269 40 221466557
16270 40 221466557
16271 40 221466557
16272 40 221466557
16273 40 221466557
16274 40 221466557
16275 40 221466557
16276 40 221466557
16277 40 221466557
16278 40 221466557
16279 40 221466557
16280 40 221466557
16281 40 221466557
16282 40 221466557
16283 40 221466557
16284 40 221466557
16285 40 221466557
16286 40 221466557
16287 40 221466557
16288 40 221466557
16289 40 221466557
16290 40 221466557
16291 40 221466557
16292 40 221466557
16293 40 221466557
16294 40 221466557
16295 40 221466557
16296 40 221466557
16297 40 221466557
16298 40 221466557
16299 40 221466557
16300 40 221466557
16301 40 221466557
16302 40 221466557
16303 40 221466557
16304 40 221466557
16305 40 221466557
16306 40 221466557
16307 40 221466557
16308 40 221466557
16309 40 221466557
16310 40 221466557
16311 40 221466557
16312 40 221466557
16313 40 221466557
16314 40 221466557
16315 40 221466557
16316 40 221466557
16317 40 221466557
16318 40 221466557
16319 40 221466557
16320 40 221466557
16321 40 221466557
16322 40 221466557
16323 40 221466557
16324 40 221466557
16325 40 221466557
16326 40 221466557
16327 40 221466557
16328 40 221466557
16329 40 221466557
16330 40 221466557
16331 40 221466557
16332 40 221466557
16333 40 221466557
16334 40 221466557
16335 40 221466557
16336 40 221466557
16337 40 221466557
16338 40 221466557
16339 40 221466557
16340 40 221466557
16341 40 221466557
16342 40 221466557
16343 40 221466557
16344 40 221466557
16345 40 221466557
16346 40 221466557
16347 40 221466557
16348 40 221466557
16349 40 221466557
16350 40 221466557
16351 40 221466557
16352 40 221466557
16353 40 221466557
16354 40 221466557
16355 40 221466557
16356 40 221466557
16357 40 221466557
16358 40 221466557
16359 40 221466557
16360 40 221466557
16361 40 221466557
16362 40 221466557
16363 40 221466557
16364 40 221466557
16365 40 221466557
16366 40 221466557
16367 40 221466557
16368 40 221466557
16369 40 221466557
16370 40 221466557
16371 40 221466557
16372 40 221466557
16373 40 221466557
16374 40 221466557
16375 40 221466557
16376 40 221466557
16377 40 221466557
16378 40 221466557
16379 40 221466557
16380 40 221466557
16381 40 221466557
16382 40 221466557
16383 40 221466557
16384 40 221466557
16385 40 221466557
16386 40 221466557
16387 40 221466557
16388 40 221466557
16389 40 221466557
16390 40 221466557
16391 40 221466557
16392 40 221466557
16393 40 221466557
16394 40 221466557
16395 40 221466557
16396 40 221466557
16397 40 221466557
16398 40 221466557
16399 40 221466557
16400 40 221466557
16401 40 221466557
16402 40 221466557
16403 40 221466557
16404 40 221466557
16405 40 221466557
16406 40 221466557
16407 40 221466557
16408 40 221466557
16409 40 221466557
16410 40 221466557
16411 40 221466557
16412 40 221466557
16413 40 221466557
16414 40 221466557
16415 40 221466557
16416 40 221466557
16417 40 221466557
16418 40 221466557
16419 40 221466557
16420 40 221466557
16421 40 221466557
16422 40 221466557
16423 40 221466557
16424 40 221466557
16425 40 221466557
16426 40 221466557
16427 40 221466557
16428 40 221466557
16429 40 221466557
16430 40 221466557
16431 40 221466557
16432 40 221466557
16433 40 221466557
16434 40 221466557
16435 40 221466557
16436 40 221466557
16437 40 221466557
16438 40 221466557
16439 40 221466557
16440 40 221466557
16441 40 221466557
16442 40 221466557
16443 40 221466557
16444 40 221466557
16445 40 221466557
16446 40 221466557
16447 40 221466557
16448 40 221466557
16449 40 221466557
16450 40 221466557
16451 40 221466557
16452 40 221466557
16453 40 221466557
16454 40 221466557
16455 40 221466557
16456 40 221466557
16457 40 221466557
16458 40 221466557
16459 40 221466557
16460 40 221466557
16461 40 221466557
16462 40 221466557
16463 40 221466557
16464 40 221466557
16465 40 221466557
16466 40 221466557
16467 40 221466557
16468 40 221466557
16469 40 221466557
16470 40 221466557
16471 40 221466557
16472 40 221466557
16473 40 221466557
16474 40 221466557
16475 40 221466557
16476 40 221466557
16477 40 221466557
16478 40 221466557
16479 40 221466557
16480 40 221466557
16481 40 221466557
16482 40 221466557
16483 40 221466557
16484 40 221466557
16485 40 221466557
16486 40 221466557
16487 40 221466557
16488 40 221466557
16489 40 221466557
16490 40 221466557
16491 40 221466557
16492 40 221466557
16493 40 221466557
16494 40 221466557
16495 40 221466557
16496 40 221466557
16497 40 221466557
16498 40 221466557
16499 40 221466557
16500 40 221466557
16501 40 221466557
16502 40 221466557
16503 40 221466557
16504 40 221466557
16505 40 221466557
16506 40 221466557
16507 40 221466557
16508 40 221466557
16509 43 270235812
16510 43 270235812
16511 43 270235812
16512 43 270235812
16513 43 270235812
16514 43 270235812
16515 43 270235812
16516 43 270235812
16517 43 270235812
16518 43 270235812
16519 43 270235812
16520 43 270235812
16521 43 270235812
16522 43 270235812
16523 43 270235812
16524 43 270235812
16525 43 270235812
16526 43 270235812
16527 43 270235812
16528 43 270235812
16529 43 270235812
16530 43 270235812
16531 43 270235812
16532 43 270235812
16533 43 270235812
16534 43 270235812
16535 43 270235812
16536 43 270235812
16537 43 270235812
16538 43 270235812
16539 43 270235812
16540 43 270235812
16541 43 270235812
16542 43 270235812
16543 43 270235812
16544 43 270235812
16545 43 270235812
16546 43 270235812
16547 43 270235812
16548 43 270235812
16549 43 270235812
16550 43 270235812
16551 43 270235812
16552 43 270235812
16553 43 270235812
16554 43 270235812
16555 43 270235812
16556 43 270235812
16557 43 270235812
16558 43 270235812
16559 43 270235812
16560 43 270235812
16561 43 270235812
16562 43 270235812
16563 43 270235812
16564 43 270235812
16565 43 270235812
16566 43 270235812
16567 43 270235812
16568 43 270235812
16569 43 270235812
16570 43 270235812
16571 43 270235812
16572 43 270235812
16573 43 270235812
16574 43 270235812
16575 43 270235812
16576 43 270235812
16577 43 270235812
16578 43 270235812
16579 43 270235812
16580 43 270235812
16581 43 270235812
16582 43 270235812
16583 43 270235812
16584 43 270235812
16585 43 270235812
16586 43 270235812
16587 43 270235812
16588 43 270235812
16589 43 270235812
16590 43 270235812
16591 43 270235812
16592 43 270235812
16593 43 270235812
16594 43 270235812
16595 43 270235812
16596 43 270235812
16597 43 270235812
16598 43 270235812
16599 43 270235812
16600 43 270235812
16601 43 270235812
16602 43 270235812
16603 43 270235812
16604 43 270235812
16605 43 270235812
16606 43 270235812
16607 43 270235812
16608 43 270235812
16609 43 270235812
16610 43 270235812
16611 43 270235812
16612 43 270235812
16613 43 270235812
16614 43 270235812
16615 43 270235812
16616 43 270235812
16617 43 270235812
16618 43 270235812
16619 43 270235812
16620 43 270235812
16621 43 270235812
16622 43 270235812
16623 43 270235812
16624 43 270235812
16625 43 270235812
16626 43 270235812
16627 43 270235812
16628 43 270235812
16629 43 270235812
16630 43 270235812
16631 43 270235812
16632 43 270235812
16633 43 270235812
16634 43 270235812
16635 43 270235812
16636 43 270235812
16637 43 270235812
16638 43 270235812
16639 43 270235812
16640 43 270235812
16641 43 270235812
16642 43 270235812
16643 43 270235812
16644 43 270235812
16645 43 270235812
16646 43 270235812
16647 43 270235812
16648 43 270235812
16649 43 270235812
16650 43 270235812
16651 43 270235812
16652 43 270235812
16653 43 270235812
16654 43 270235812
16655 43 270235812
16656 43 270235812
16657 43 270235812
16658 43 270235812
16659 43 270235812
16660 43 270235812
16661 43 270235812
16662 43 270235812
16663 43 270235812
16664 43 270235812
16665 43 270235812
16666 43 270235812
16667 43 270235812
16668 43 270235812
16669 43 270235812
16670 43 270235812
16671 43 270235812
16672 43 270235812
16673 43 270235812
16674 43 270235812
16675 43 270235812
16676 43 270235812
16677 46 258710272
16678 46 258710272
16679 46 258710272
16680 46 258710272
16681 46 258710272
16682 46 258710272
16683 46 258710272
16684 46 258710272
16685 46 258710272
16686 46 258710272
16687 46 258710272
16688 46 258710272
16689 46 258710272
16690 46 258710272
16691 46 258710272
16692 46 258710272
16693 46 258710272
16694 46 258710272
16695 46 258710272
16696 46 258710272
16697 46 258710272
16698 46 258710272
16699 46 258710272
16700 46 258710272
16701 46 258710272
16702 46 258710272
16703 46 258710272
16704 46 258710272
16705 46 258710272
16706 46 258710272
16707 46 258710272
16708 46 258710272
16709 46 258710272
16710 46 258710272
16711 46 258710272
16712 46 258710272
16713 46 258710272
16714 46 258710272
16715 46 258710272
16716 46 258710272
16717 46 258710272
16718 46 258710272
16719 46 258710272
16720 46 258710272
16721 46 258710272
16722 46 258710272
16723 46 258710272
16724 46 258710272
16725 46 258710272
16726 46 258710272
16727 46 258710272
16728 46 258710272
16729 46 258710272
16730 46 258710272
16731 46 258710272
16732 46 258710272
16733 46 258710272
16734 46 258710272
16735 46 258710272
16736 46 258710272
16737 46 258710272
16738 46 258710272
16739 46 258710272
16740 46 258710272
16741 46 258710272
16742 46 258710272
16743 46 258710272
16744 46 258710272
16745 46 258710272
16746 46 258710272
16747 46 258710272
16748 46 258710272
16749 46 258710272
16750 46 258710272
16751 46 258710272
16752 46 258710272
16753 46 258710272
16754 46 258710272
16755 46 258710272
16756 46 258710272
16757 46 258710272
16758 46 258710272
16759 46 258710272
16760 46 258710272
16761 46 258710272
16762 46 258710272
16763 46 258710272
16764 46 258710272
16765 46 258710272
16766 46 258710272
16767 46 258710272
16768 46 258710272
16769 46 258710272
16770 46 258710272
16771 46 258710272
16772 46 258710272
16773 46 258710272
16774 46 258710272
16775 46 258710272
16776 46 258710272
16777 46 258710272
16778 46 258710272
16779 46 258710272
16780 46 258710272
16781 46 258710272
16782 46 258710272
16783 46 258710272
16784 46 258710272
16785 46 258710272
16786 46 258710272
16787 46 258710272
16788 46 258710272
16789 46 258710272
16790 46 258710272
16791 46 258710272
16792 46 258710272
16793 46 258710272
16794 46 258710272
16795 46 258710272
16796 46 258710272
16797 46 258710272
16798 46 258710272
16799 46 258710272
16800 46 258710272
16801 46 258710272
16802 46 258710272
16803 46 258710272
16804 46 258710272
16805 46 258710272
16806 46 258710272
16807 46 258710272
16808 46 258710272
16809 46 258710272
16810 46 258710272
16811 46 258710272
16812 46 258710272
16813 46 258710272
16814 46 258710272
16815 46 258710272
16816 46 258710272
16817 46 258710272
16818 46 258710272
16819 46 258710272
16820 46 258710272
16821 46 258710272
16822 46 258710272
16823 46 258710272
16824 46 258710272
16825 46 258710272
16826 46 258710272
16827 46 258710272
16828 46 258710272
16829 46 258710272
16830 46 258710272
16831 46 258710272
16832 46 258710272
16833 46 258710272
16834 46 258710272
16835 46 258710272
16836 46 258710272
16837 46 258710272
16838 46 258710272
16839 46 258710272
16840 46 258710272
16841 46 258710272
16842 46 258710272
16843 46 258710272
16844 46 258710272
16845 46 258710272
16846 46 258710272
16847 46 258710272
16848 46 258710272
16849 46 258710272
16850 46 258710272
16851 46 258710272
16852 46 258710272
16853 46 258710272
16854 46 258710272
16855 46 258710272
16856 46 258710272
16857 46 258710272
16858 46 258710272
16859 46 258710272
16860 46 258710272
16861 46 258710272
16862 46 258710272
16863 46 258710272
16864 46 258710272
16865 46 258710272
16866 46 258710272
16867 46 258710272
16868 46 258710272
16869 46 258710272
16870 46 258710272
16871 46 258710272
16872 46 258710272
16873 46 258710272
16874 46 258710272
16875 46 258710272
16876 46 258710272
16877 46 258710272
16878 46 258710272
16879 46 258710272
16880 46 258710272
16881 46 258710272
16882 46 258710272
16883 46 258710272
16884 46 258710272
16885 46 258710272
16886 46 258710272
16887 46 258710272
16888 46 258710272
16889 46 258710272
16890 46 258710272
16891 46 258710272
16892 46 258710272
16893 46 258710272
16894 46 258710272
16895 46 258710272
16896 46 258710272
16897 46 258710272
16898 46 258710272
16899 46 258710272
16900 46 258710272
16901 46 258710272
16902 46 258710272
16903 46 258710272
16904 46 258710272
16905 46 258710272
16906 46 258710272
16907 46 258710272
16908 46 258710272
16909 46 258710272
16910 46 258710272
16911 46 258710272
16912 46 258710272
16913 46 258710272
16914 46 258710272
16915 46 258710272
16916 46 258710272
16917 46 258710272
16918 46 258710272
16919 46 258710272
16920 46 258710272
16921 46 258710272
16922 46 258710272
16923 46 258710272
16924 46 258710272
16925 46 258710272
16926 46 258710272
16927 46 258710272
16928 46 258710272
16929 46 258710272
16930 46 258710272
16931 46 258710272
16932 46 258710272
16933 46 258710272
16934 46 258710272
16935 46 258710272
16936 46 258710272
16937 46 258710272
16938 46 258710272
16939 46 258710272
16940 46 258710272
16941 46 258710272
16942 46 258710272
16943 46 258710272
16944 46 258710272
16945 46 258710272
16946 46 258710272
16947 46 258710272
16948 46 258710272
16949 46 258710272
16950 46 258710272
16951 46 258710272
16952 46 258710272
16953 46 258710272
16954 46 258710272
16955 46 258710272
16956 46 258710272
16957 46 258710272
16958 46 258710272
16959 46 258710272
16960 46 258710272
16961 46 258710272
16962 46 258710272
16963 46 258710272
16964 46 258710272
16965 46 258710272
16966 46 258710272
16967 46 258710272
16968 46 258710272
16969 46 258710272
16970 46 258710272
16971 46 258710272
16972 46 258710272
16973 46 258710272
16974 46 258710272
16975 46 258710272
16976 46 258710272
16977 46 258710272
16978 46 258710272
16979 46 258710272
16980 46 258710272
16981 46 258710272
16982 46 258710272
16983 46 258710272
16984 46 258710272
16985 46 258710272
16986 46 258710272
16987 46 258710272
16988 46 258710272
16989 46 258710272
16990 46 258710272
16991 46 258710272
16992 46 258710272
16993 46 258710272
16994 46 258710272
16995 46 258710272
16996 46 258710272
16997 46 258710272
16998 46 258710272
16999 46 258710272
17000 46 258710272
17001 46 258710272
17002 46 258710272
17003 46 258710272
17004 46 258710272
17005 46 258710272
17006 46 258710272
17007 46 258710272
17008 46 258710272
17009 46 258710272
17010 46 258710272
17011 46 258710272
17012 46 258710272
17013 46 258710272
17014 46 258710272
17015 46 258710272
17016 46 258710272
17017 46 258710272
17018 46 258710272
17019 46 258710272
17020 46 258710272
17021 46 258710272
17022 46 258710272
17023 46 258710272
17024 46 258710272
17025 46 258710272
17026 46 258710272
17027 46 258710272
17028 46 258710272
17029 46 258710272
17030 46 258710272
17031 46 258710272
17032 46 258710272
17033 46 258710272
17034 46 258710272
17035 46 258710272
17036 46 258710272
17037 46 258710272
17038 46 258710272
17039 46 258710272
17040 46 258710272
17041 46 258710272
17042 46 258710272
17043 46 258710272
17044 46 258710272
17045 46 258710272
17046 46 258710272
17047 46 258710272
17048 46 258710272
17049 46 258710272
17050 46 258710272
17051 46 258710272
17052 46 258710272
17053 46 258710272
17054 46 258710272
17055 46 258710272
17056 46 258710272
17057 46 258710272
17058 46 258710272
17059 46 258710272
17060 46 258710272
17061 46 258710272
17062 46 258710272
17063 46 258710272
17064 46 258710272
17065 46 258710272
17066 46 258710272
17067 46 258710272
17068 46 258710272
17069 46 258710272
17070 46 258710272
17071 46 258710272
17072 46 258710272
17073 46 258710272
17074 46 258710272
17075 46 258710272
17076 46 258710272
17077 46 258710272
17078 46 258710272
17079 46 258710272
17080 46 258710272
17081 46 258710272
17082 46 258710272
17083 46 258710272
17084 46 258710272
17085 46 258710272
17086 46 258710272
17087 46 258710272
17088 46 258710272
17089 46 258710272
17090 46 258710272
17091 46 258710272
17092 46 258710272
17093 46 258710272
17094 46 258710272
17095 46 258710272
17096 46 258710272
17097 46 258710272
17098 46 258710272
17099 46 258710272
17100 46 258710272
17101 46 258710272
17102 46 258710272
17103 46 258710272
17104 46 258710272
17105 46 258710272
17106 46 258710272
17107 46 258710272
17108 46 258710272
17109 46 258710272
17110 46 258710272
17111 46 258710272
17112 46 258710272
17113 46 258710272
17114 46 258710272
17115 46 258710272
17116 46 258710272
17117 46 258710272
17118 46 258710272
17119 46 258710272
17120 46 258710272
17121 46 258710272
17122 46 258710272
17123 46 258710272
17124 46 258710272
17125 46 258710272
17126 46 258710272
17127 46 258710272
17128 46 258710272
17129 46 258710272
17130 46 258710272
17131 46 258710272
17132 46 258710272
17133 46 258710272
17134 46 258710272
17135 46 258710272
17136 46 258710272
17137 46 258710272
17138 46 258710272
17139 46 258710272
17140 46 258710272
17141 46 258710272
17142 46 258710272
17143 46 258710272
17144 46 258710272
17145 46 258710272
17146 46 258710272
17147 46 258710272
17148 46 258710272
17149 46 258710272
17150 46 258710272
17151 46 258710272
17152 46 258710272
17153 46 258710272
17154 46 258710272
17155 46 258710272
17156 46 258710272
17157 46 258710272
17158 46 258710272
17159 46 258710272
17160 46 258710272
17161 46 258710272
17162 46 258710272
17163 46 258710272
17164 46 258710272
17165 46 258710272
17166 46 258710272
17167 46 258710272
17168 46 258710272
17169 46 258710272
17170 46 258710272
17171 46 258710272
17172 46 258710272
17173 46 258710272
17174 46 258710272
17175 46 258710272
17176 46 258710272
17177 46 258710272
17178 46 258710272
17179 46 258710272
17180 46 258710272
17181 46 258710272
17182 46 258710272
17183 46 258710272
17184 46 258710272
17185 46 258710272
17186 46 258710272
17187 46 258710272
17188 46 258710272
17189 46 258710272
17190 46 258710272
17191 46 258710272
17192 46 258710272
17193 46 258710272
17194 46 258710272
17195 46 258710272
17196 46 258710272
17197 46 258710272
17198 46 258710272
17199 46 258710272
17200 46 258710272
17201 46 258710272
17202 46 258710272
17203 46 258710272
17204 46 258710272
17205 46 258710272
17206 46 258710272
17207 46 258710272
17208 46 258710272
17209 46 258710272
17210 46 258710272
17211 46 258710272
17212 46 258710272
17213 46 258710272
17214 46 258710272
17215 46 258710272
17216 46 258710272
17217 46 258710272
17218 46 258710272
17219 46 258710272
17220 46 258710272
17221 46 258710272
17222 46 258710272
17223 46 258710272
17224 46 258710272
17225 46 258710272
17226 46 258710272
17227 46 258710272
17228 46 258710272
17229 46 258710272
17230 46 258710272
17231 46 258710272
17232 46 258710272
17233 46 258710272
17234 46 258710272
17235 46 258710272
17236 46 258710272
17237 46 258710272
17238 46 258710272
17239 46 258710272
17240 46 258710272
17241 46 258710272
17242 46 258710272
17243 46 258710272
17244 46 258710272
17245 46 258710272
17246 46 258710272
17247 46 258710272
17248 46 258710272
17249 46 258710272
17250 46 258710272
17251 46 258710272
17252 46 258710272
17253 46 258710272
17254 46 258710272
17255 46 258710272
17256 46 258710272
17257 46 258710272
17258 46 258710272
17259 46 258710272
17260 46 258710272
17261 46 258710272
17262 46 258710272
17263 46 258710272
17264 46 258710272
17265 46 258710272
17266 46 258710272
17267 46 258710272
17268 46 258710272
17269 46 258710272
17270 46 258710272
17271 46 258710272
17272 46 258710272
17273 46 258710272
17274 46 258710272
17275 46 258710272
17276 46 258710272
17277 46 258710272
17278 46 258710272
17279 46 258710272
17280 46 258710272
17281 46 258710272
17282 46 258710272
17283 46 258710272
17284 46 258710272
17285 46 258710272
17286 46 258710272
17287 46 258710272
17288 46 258710272
17289 46 258710272
17290 46 258710272
17291 46 258710272
17292 46 258710272
17293 46 258710272
17294 46 258710272
17295 46 258710272
17296 46 258710272
17297 46 258710272
17298 46 258710272
17299 46 258710272
17300 46 258710272
17301 46 258710272
17302 46 258710272
17303 46 258710272
17304 46 258710272
17305 46 258710272
17306 46 258710272
17307 46 258710272
17308 46 258710272
17309 46 258710272
17310 46 258710272
17311 46 258710272
17312 46 258710272
17313 46 258710272
17314 46 258710272
17315 46 258710272
17316 46 258710272
17317 46 258710272
17318 46 258710272
17319 46 258710272
17320 46 258710272
17321 46 258710272
17322 46 258710272
17323 46 258710272
17324 46 258710272
17325 46 258710272
17326 46 258710272
17327 46 258710272
17328 46 258710272
17329 46 258710272
17330 46 258710272
17331 46 258710272
17332 46 258710272
17333 46 258710272
17334 46 258710272
17335 46 258710272
17336 46 258710272
17337 46 258710272
17338 46 258710272
17339 46 258710272
17340 46 258710272
17341 46 258710272
17342 46 258710272
17343 46 258710272
17344 46 258710272
17345 46 258710272
17346 46 258710272
17347 46 258710272
17348 46 258710272
17349 46 258710272
17350 46 258710272
17351 46 258710272
17352 46 258710272
17353 46 258710272
17354 46 258710272
17355 46 258710272
17356 46 258710272
17357 46 258710272
17358 46 258710272
17359 46 258710272
17360 46 258710272
17361 46 258710272
17362 46 258710272
17363 46 258710272
17364 46 258710272
17365 46 258710272
17366 46 258710272
17367 46 258710272
17368 46 258710272
17369 46 258710272
17370 46 258710272
17371 46 258710272
17372 46 258710272
17373 46 258710272
17374 46 258710272
17375 46 258710272
17376 46 258710272
17377 46 258710272
17378 46 258710272
17379 46 258710272
17380 46 258710272
17381 46 258710272
17382 46 258710272
17383 46 258710272
17384 46 258710272
17385 46 258710272
17386 46 258710272
17387 46 258710272
17388 46 258710272
17389 46 258710272
17390 46 258710272
17391 46 258710272
17392 46 258710272
17393 46 258710272
17394 46 258710272
17395 46 258710272
17396 46 258710272
17397 46 258710272
17398 46 258710272
17399 46 258710272
17400 46 258710272
17401 46 258710272
17402 46 258710272
17403 46 258710272
17404 46 258710272
17405 46 258710272
17406 46 258710272
17407 46 258710272
17408 46 258710272
17409 46 258710272
17410 46 258710272
17411 46 258710272
17412 46 258710272
17413 46 258710272
17414 46 258710272
17415 46 258710272
17416 46 258710272
17417 46 258710272
17418 46 258710272
17419 46 258710272
17420 46 258710272
17421 46 258710272
17422 46 258710272
17423 46 258710272
17424 46 258710272
17425 46 258710272
17426 46 258710272
17427 46 258710272
17428 46 258710272
17429 46 258710272
17430 46 258710272
17431 46 258710272
17432 46 258710272
17433 46 258710272
17434 46 258710272
17435 46 258710272
17436 46 258710272
17437 46 258710272
17438 46 258710272
17439 46 258710272
17440 46 258710272
17441 46 258710272
17442 46 258710272
17443 46 258710272
17444 46 258710272
17445 46 258710272
17446 46 258710272
17447 46 258710272
17448 46 258710272
17449 46 258710272
17450 46 258710272
17451 46 258710272
17452 46 258710272
17453 46 258710272
17454 46 258710272
17455 46 258710272
17456 46 258710272
17457 46 258710272
17458 46 258710272
17459 46 258710272
17460 46 258710272
17461 46 258710272
17462 46 258710272
17463 46 258710272
17464 46 258710272
17465 46 258710272
17466 46 258710272
17467 46 258710272
17468 46 258710272
17469 46 258710272
17470 46 258710272
17471 46 258710272
17472 46 258710272
17473 46 258710272
17474 46 258710272
17475 46 258710272
17476 46 258710272
17477 46 258710272
17478 46 258710272
17479 46 258710272
17480 46 258710272
17481 46 258710272
17482 46 258710272
17483 46 258710272
17484 46 258710272
17485 46 258710272
17486 46 258710272
17487 46 258710272
17488 46 258710272
17489 46 258710272
17490 46 258710272
17491 46 258710272
17492 46 258710272
17493 46 258710272
17494 46 258710272
17495 46 258710272
17496 46 258710272
17497 46 258710272
17498 46 258710272
17499 46 258710272
17500 46 258710272
17501 46 258710272
17502 46 258710272
17503 46 258710272
17504 46 258710272
17505 46 258710272
17506 46 258710272
17507 46 258710272
17508 46 258710272
17509 46 258710272
17510 46 258710272
17511 46 258710272
17512 46 258710272
17513 46 258710272
17514 46 258710272
17515 46 258710272
17516 46 258710272
17517 46 258710272
17518 46 258710272
17519 46 258710272
17520 46 258710272
17521 46 258710272
17522 46 258710272
17523 46 258710272
17524 46 258710272
17525 46 258710272
17526 46 258710272
17527 46 258710272
17528 46 258710272
17529 46 258710272
17530 46 258710272
17531 46 258710272
17532 46 258710272
17533 46 258710272
17534 46 258710272
17535 46 258710272
17536 46 258710272
17537 46 258710272
17538 46 258710272
17539 46 258710272
17540 46 258710272
17541 46 258710272
17542 46 258710272
17543 46 258710272
17544 46 258710272
17545 46 258710272
17546 46 258710272
17547 46 258710272
17548 46 258710272
17549 46 258710272
17550 46 258710272
17551 46 258710272
17552 46 258710272
17553 46 258710272
17554 46 258710272
17555 46 258710272
17556 46 258710272
17557 46 258710272
17558 46 258710272
17559 46 258710272
17560 46 258710272
17561 46 258710272
17562 46 258710272
17563 46 258710272
17564 46 258710272
17565 46 258710272
17566 46 258710272
17567 46 258710272
17568 46 258710272
17569 46 258710272
17570 46 258710272
17571 46 258710272
17572 46 258710272
17573 46 258710272
17574 46 258710272
17575 46 258710272
17576 46 258710272
17577 46 258710272
17578 46 258710272
17579 46 258710272
17580 46 258710272
17581 46 258710272
17582 46 258710272
17583 46 258710272
17584 46 258710272
17585 46 258710272
17586 46 258710272
17587 46 258710272
17588 46 258710272
17589 46 258710272
17590 46 258710272
17591 46 258710272
17592 46 258710272
17593 46 258710272
17594 46 258710272
17595 46 258710272
17596 46 258710272
17597 46 258710272
17598 46 258710272
17599 46 258710272
17600 46 258710272
17601 46 258710272
17602 46 258710272
17603 46 258710272
17604 46 258710272
17605 46 258710272
17606 46 258710272
17607 46 258710272
17608 46 258710272
17609 46 258710272
17610 46 258710272
17611 46 258710272
17612 46 258710272
17613 46 258710272
17614 46 258710272
17615 46 258710272
17616 46 258710272
17617 46 258710272
17618 46 258710272
17619 46 258710272
17620 46 258710272
17621 46 258710272
17622 46 258710272
17623 46 258710272
17624 46 258710272
17625 46 258710272
17626 46 258710272
17627 46 258710272
17628 46 258710272
17629 46 258710272
17630 46 258710272
17631 46 258710272
17632 46 258710272
17633 46 258710272
17634 46 258710272
17635 46 258710272
17636 46 258710272
17637 46 258710272
17638 46 258710272
17639 46 258710272
17640 46 258710272
17641 46 258710272
17642 46 258710272
17643 46 258710272
17644 46 258710272
17645 46 258710272
17646 46 258710272
17647 46 258710272
17648 46 258710272
17649 46 258710272
17650 46 258710272
17651 46 258710272
17652 46 258710272
17653 46 258710272
17654 46 258710272
17655 46 258710272
17656 46 258710272
17657 46 258710272
17658 46 258710272
17659 46 258710272
17660 46 258710272
17661 46 258710272
17662 46 258710272
17663 46 258710272
17664 46 258710272
17665 46 258710272
17666 46 258710272
17667 46 258710272
17668 46 258710272
17669 46 258710272
17670 46 258710272
17671 46 258710272
17672 46 258710272
17673 46 258710272
17674 46 258710272
17675 46 258710272
17676 46 258710272
17677 46 258710272
17678 46 258710272
17679 46 258710272
17680 46 258710272
17681 46 258710272
17682 46 258710272
17683 46 258710272
17684 46 258710272
17685 46 258710272
17686 46 258710272
17687 46 258710272
17688 46 258710272
17689 46 258710272
17690 46 258710272
17691 46 258710272
17692 46 258710272
17693 46 258710272
17694 46 258710272
17695 46 258710272
17696 46 258710272
17697 46 258710272
17698 46 258710272
17699 46 258710272
17700 46 258710272
17701 46 258710272
17702 46 258710272
17703 46 258710272
17704 46 258710272
17705 46 258710272
17706 46 258710272
17707 46 258710272
17708 46 258710272
17709 46 258710272
17710 46 258710272
17711 46 258710272
17712 46 258710272
17713 46 258710272
17714 46 258710272
17715 46 258710272
17716 46 258710272
17717 46 258710272
17718 46 258710272
17719 46 258710272
17720 46 258710272
17721 46 258710272
17722 46 258710272
17723 46 258710272
17724 46 258710272
17725 46 258710272
17726 46 258710272
17727 46 258710272
17728 46 258710272
17729 46 258710272
17730 46 258710272
17731 46 258710272
17732 46 258710272
17733 46 258710272
17734 46 258710272
17735 46 258710272
17736 46 258710272
17737 46 258710272
17738 46 258710272
17739 46 258710272
17740 46 258710272
17741 46 258710272
17742 46 258710272
17743 46 258710272
17744 46 258710272
17745 46 258710272
17746 46 258710272
17747 46 258710272
17748 46 258710272
17749 46 258710272
17750 46 258710272
17751 46 258710272
17752 46 258710272
17753 46 258710272
17754 46 258710272
17755 46 258710272
17756 46 258710272
17757 46 258710272
17758 46 258710272
17759 46 258710272
17760 46 258710272
17761 46 258710272
17762 46 258710272
17763 46 258710272
17764 46 258710272
17765 46 258710272
17766 46 258710272
17767 46 258710272
17768 46 258710272
17769 46 258710272
17770 46 258710272
17771 46 258710272
17772 46 258710272
17773 46 258710272
17774 46 258710272
17775 46 258710272
17776 46 258710272
17777 46 258710272
17778 46 258710272
17779 46 258710272
17780 46 258710272
17781 46 258710272
17782 46 258710272
17783 46 258710272
17784 46 258710272
17785 46 258710272
17786 46 258710272
17787 46 258710272
17788 46 258710272
17789 46 258710272
17790 46 258710272
17791 46 258710272
17792 46 258710272
17793 46 258710272
17794 46 258710272
17795 46 258710272
17796 46 258710272
17797 46 258710272
17798 46 258710272
17799 46 258710272
17800 46 258710272
17801 46 258710272
17802 46 258710272
17803 46 258710272
17804 46 258710272
17805 46 258710272
17806 46 258710272
17807 46 258710272
17808 46 258710272
17809 46 258710272
17810 46 258710272
17811 46 258710272
17812 46 258710272
17813 46 258710272
17814 46 258710272
17815 46 258710272
17816 46 258710272
17817 46 258710272
17818 46 258710272
17819 46 258710272
17820 46 258710272
17821 46 258710272
17822 46 258710272
17823 46 258710272
17824 46 258710272
17825 46 258710272
17826 46 258710272
17827 46 258710272
17828 46 258710272
17829 46 258710272
17830 46 258710272
17831 46 258710272
17832 46 258710272
17833 46 258710272
17834 46 258710272
17835 46 258710272
17836 46 258710272
17837 46 258710272
17838 46 258710272
17839 46 258710272
17840 46 258710272
17841 46 258710272
17842 46 258710272
17843 46 258710272
17844 46 258710272
17845 46 258710272
17846 46 258710272
17847 46 258710272
17848 46 258710272
17849 46 258710272
17850 46 258710272
17851 46 258710272
17852 46 258710272
17853 46 258710272
17854 46 258710272
17855 46 258710272
17856 46 258710272
17857 46 258710272
17858 46 258710272
17859 46 258710272
17860 46 258710272
17861 46 258710272
17862 46 258710272
17863 46 258710272
17864 46 258710272
17865 46 258710272
17866 46 258710272
17867 46 258710272
17868 46 258710272
17869 46 258710272
17870 46 258710272
17871 46 258710272
17872 46 258710272
17873 46 258710272
17874 46 258710272
17875 46 258710272
17876 46 258710272
17877 46 258710272
17878 46 258710272
17879 46 258710272
17880 46 258710272
17881 46 258710272
17882 46 258710272
17883 46 258710272
17884 46 258710272
17885 46 258710272
17886 46 258710272
17887 46 258710272
17888 46 258710272
17889 46 258710272
17890 46 258710272
17891 46 258710272
17892 46 258710272
17893 46 258710272
17894 46 258710272
17895 46 258710272
17896 46 258710272
17897 46 258710272
17898 46 258710272
17899 46 258710272
17900 46 258710272
17901 46 258710272
17902 46 258710272
17903 46 258710272
17904 46 258710272
17905 46 258710272
17906 46 258710272
17907 46 258710272
17908 46 258710272
17909 46 258710272
17910 46 258710272
17911 46 258710272
17912 46 258710272
17913 46 258710272
17914 46 258710272
17915 46 258710272
17916 46 258710272
17917 46 258710272
17918 46 258710272
17919 46 258710272
17920 46 258710272
17921 46 258710272
17922 46 258710272
17923 46 258710272
17924 46 258710272
17925 46 258710272
17926 46 258710272
17927 46 258710272
17928 46 258710272
17929 46 258710272
17930 46 258710272
17931 46 258710272
17932 46 258710272
17933 46 258710272
17934 46 258710272
17935 46 258710272
17936 46 258710272
17937 46 258710272
17938 46 258710272
17939 46 258710272
17940 46 258710272
17941 46 258710272
17942 46 258710272
17943 46 258710272
17944 46 258710272
17945 46 258710272
17946 46 258710272
17947 46 258710272
17948 46 258710272
17949 46 258710272
17950 46 258710272
17951 46 258710272
17952 46 258710272
17953 46 258710272
17954 46 258710272
17955 46 258710272
17956 46 258710272
17957 46 258710272
17958 46 258710272
17959 46 258710272
17960 46 258710272
17961 46 258710272
17962 46 258710272
17963 46 258710272
17964 46 258710272
17965 46 258710272
17966 46 258710272
17967 46 258710272
17968 46 258710272
17969 46 258710272
17970 46 258710272
17971 46 258710272
17972 46 258710272
17973 46 258710272
17974 46 258710272
17975 46 258710272
17976 46 258710272
17977 46 258710272
17978 46 258710272
17979 46 258710272
17980 46 258710272
17981 46 258710272
17982 46 258710272
17983 46 258710272
17984 46 258710272
17985 46 258710272
17986 46 258710272
17987 46 258710272
17988 46 258710272
17989 46 258710272
17990 46 258710272
17991 46 258710272
17992 46 258710272
17993 46 258710272
17994 46 258710272
17995 46 258710272
17996 46 258710272
17997 46 258710272
17998 46 258710272
17999 46 258710272
18000 46 258710272
18001 46 258710272
18002 46 258710272
18003 46 258710272
18004 43 270235812
18005 43 270235812
18006 43 270235812
18007 43 270235812
18008 43 270235812
18009 43 270235812
18010 43 270235812
18011 43 270235812
18012 43 270235812
18013 43 270235812
18014 43 270235812
18015 43 270235812
18016 43 270235812
18017 46 257913324
18018 46 257913324
18019 46 257913324
18020 46 257913324
18021 46 257913324
18022 46 257913324
18023 46 257913324
18024 46 257913324
18025 46 257913324
18026 46 257913324
18027 46 257913324
18028 46 257913324
18029 46 257913324
18030 46 257913324
18031 46 257913324
18032 46 257913324
18033 46 257913324
18034 46 257913324
18035 46 257913324
18036 46 257913324
18037 46 257913324
18038 46 257913324
18039 46 257913324
18040 46 257913324
18041 46 257913324
18042 46 257913324
18043 46 257913324
18044 46 257913324
18045 46 257913324
18046 46 257913324
18047 46 257913324
18048 46 257913324
18049 46 257913324
18050 46 257913324
18051 46 257913324
18052 46 257913324
18053 46 257913324
18054 46 257913324
18055 46 257913324
18056 46 257913324
18057 46 257913324
18058 46 257913324
18059 46 257913324
18060 46 257913324
18061 46 257913324
18062 46 257913324
18063 46 257913324
18064 46 257913324
18065 46 257913324
18066 46 257913324
18067 46 257913324
18068 46 257913324
18069 46 257913324
18070 46 257913324
18071 46 257913324
18072 46 257913324
18073 46 257913324
18074 46 257913324
18075 46 257913324
18076 46 257913324
18077 46 257913324
18078 46 257913324
18079 46 257913324
18080 46 257913324
18081 46 257913324
18082 46 257913324
18083 46 257913324
18084 46 257913324
18085 46 257913324
18086 46 257913324
18087 46 257913324
18088 46 257913324
18089 46 257913324
18090 46 257913324
18091 46 257913324
18092 46 257913324
18093 46 257913324
18094 46 257913324
18095 46 257913324
18096 46 257913324
18097 46 257913324
18098 46 257913324
18099 46 257913324
18100 46 257913324
18101 46 257913324
18102 46 257913324
18103 46 257913324
18104 46 257913324
18105 46 257913324
18106 46 257913324
18107 46 257913324
18108 46 257913324
18109 46 257913324
18110 46 257913324
18111 46 257913324
18112 46 257913324
18113 46 257913324
18114 46 257913324
18115 46 257913324
18116 46 257913324
18117 46 257913324
18118 46 257913324
18119 46 257913324
18120 46 257913324
18121 46 257913324
18122 46 257913324
18123 46 257913324
18124 46 257913324
18125 46 257913324
18126 46 257913324
18127 46 257913324
18128 46 257913324
18129 46 257913324
18130 46 257913324
18131 46 257913324
18132 46 257913324
18133 46 257913324
18134 46 257913324
18135 46 257913324
18136 46 257913324
18137 46 257913324
18138 46 257913324
18139 46 257913324
18140 46 257913324
18141 46 257913324
18142 46 257913324
18143 46 257913324
18144 46 257913324
18145 46 257913324
18146 46 257913324
18147 46 257913324
18148 46 257913324
18149 46 257913324
18150 46 257913324
18151 46 257913324
18152 46 257913324
18153 46 257913324
18154 46 257913324
18155 46 257913324
18156 46 257913324
18157 46 257913324
18158 46 257913324
18159 46 257913324
18160 46 257913324
18161 46 257913324
18162 46 257913324
18163 46 257913324
18164 46 257913324
18165 46 257913324
18166 46 257913324
18167 46 257913324
18168 46 257913324
18169 46 257913324
18170 46 257913324
18171 46 257913324
18172 46 257913324
18173 46 257913324
18174 46 257913324
18175 46 257913324
18176 46 257913324
18177 46 257913324
18178 46 257913324
18179 46 257913324
18180 46 257913324
18181 46 257913324
18182 46 257913324
18183 46 257913324
18184 46 257913324
18185 46 257913324
18186 46 257913324
18187 46 257913324
18188 46 257913324
18189 46 257913324
18190 46 257913324
18191 46 257913324
18192 46 257913324
18193 46 257913324
18194 46 257913324
18195 46 257913324
18196 46 257913324
18197 46 257913324
18198 46 257913324
18199 46 257913324
18200 46 257913324
18201 46 257913324
18202 46 257913324
18203 46 257913324
18204 46 257913324
18205 46 257913324
18206 46 257913324
18207 46 257913324
18208 46 257913324
18209 46 257913324
18210 46 257913324
18211 46 257913324
18212 46 257913324
18213 46 257913324
18214 46 257913324
18215 46 257913324
18216 46 257913324
18217 46 257913324
18218 46 257913324
18219 46 257913324
18220 46 257913324
18221 46 257913324
18222 46 257913324
18223 46 257913324
18224 46 257913324
18225 46 257913324
18226 46 257913324
18227 46 257913324
18228 46 257913324
18229 46 257913324
18230 46 257913324
18231 46 257913324
18232 46 257913324
18233 46 257913324
18234 46 257913324
18235 46 257913324
18236 46 257913324
18237 46 257913324
18238 46 257913324
18239 46 257913324
18240 46 257913324
18241 46 257913324
18242 46 257913324
18243 46 257913324
18244 46 257913324
18245 46 257913324
18246 46 257913324
18247 46 257913324
18248 46 257913324
18249 46 257913324
18250 46 257913324
18251 46 257913324
18252 46 257913324
18253 46 257913324
18254 46 257913324
18255 46 257913324
18256 46 257913324
18257 46 257913324
18258 46 257913324
18259 46 257913324
18260 46 257913324
18261 46 257913324
18262 46 257913324
18263 46 257913324
18264 46 257913324
18265 46 257913324
18266 46 257913324
18267 46 257913324
18268 46 257913324
18269 46 257913324
18270 46 257913324
18271 46 257913324
18272 46 257913324
18273 46 257913324
18274 46 257913324
18275 46 257913324
18276 46 257913324
18277 46 257913324
18278 46 257913324
18279 46 257913324
18280 46 257913324
18281 46 257913324
18282 46 257913324
18283 46 257913324
18284 46 257913324
18285 46 257913324
18286 46 257913324
18287 46 257913324
18288 46 257913324
18289 46 257913324
18290 46 257913324
18291 46 257913324
18292 46 257913324
18293 46 257913324
18294 46 257913324
18295 46 257913324
18296 46 257913324
18297 46 257913324
18298 46 257913324
18299 46 257913324
18300 46 257913324
18301 46 257913324
18302 46 257913324
18303 46 257913324
18304 46 257913324
18305 46 257913324
18306 46 257913324
18307 46 257913324
18308 46 257913324
18309 46 257913324
18310 46 257913324
18311 46 257913324
18312 46 257913324
18313 46 257913324
18314 46 257913324
18315 46 257913324
18316 46 257913324
18317 46 257913324
18318 46 257913324
18319 46 257913324
18320 46 257913324
18321 46 257913324
18322 46 257913324
18323 46 257913324
18324 46 257913324
18325 46 257913324
18326 46 257913324
18327 46 257913324
18328 46 257913324
18329 46 257913324
18330 46 257913324
18331 46 257913324
18332 46 257913324
18333 46 257913324
18334 46 257913324
18335 46 257913324
18336 46 257913324
18337 46 257913324
18338 46 257913324
18339 46 257913324
18340 46 257913324
18341 46 257913324
18342 46 257913324
18343 46 257913324
18344 46 257913324
18345 46 257913324
18346 46 257913324
18347 46 257913324
18348 46 257913324
18349 46 257913324
18350 46 257913324
18351 46 257913324
18352 46 257913324
18353 46 257913324
18354 46 257913324
18355 46 257913324
18356 46 257913324
18357 46 257913324
18358 46 257913324
18359 46 257913324
18360 46 257913324
18361 46 257913324
18362 46 257913324
18363 46 257913324
18364 46 257913324
18365 46 257913324
18366 46 257913324
18367 46 257913324
18368 46 257913324
18369 46 257913324
18370 46 257913324
18371 46 257913324
18372 46 257913324
18373 46 257913324
18374 46 257913324
18375 46 257913324
18376 46 257913324
18377 46 257913324
18378 46 257913324
18379 46 257913324
18380 46 257913324
18381 46 257913324
18382 46 257913324
18383 46 257913324
18384 46 257913324
18385 46 257913324
18386 46 257913324
18387 46 257913324
18388 46 257913324
18389 46 257913324
18390 46 257913324
18391 46 257913324
18392 46 257913324
18393 46 257913324
18394 46 257913324
18395 46 257913324
18396 46 257913324
18397 46 257913324
18398 46 257913324
18399 46 257913324
18400 46 257913324
18401 46 257913324
18402 46 257913324
18403 46 257913324
18404 46 257913324
18405 46 257913324
18406 46 257913324
18407 46 257913324
18408 46 257913324
18409 46 257913324
18410 46 257913324
18411 46 257913324
18412 46 257913324
18413 46 257913324
18414 46 257913324
18415 46 257913324
18416 46 257913324
18417 46 257913324
18418 46 257913324
18419 46 257913324
18420 46 257913324
18421 46 257913324
18422 46 257913324
18423 46 257913324
18424 46 257913324
18425 46 257913324
18426 46 257913324
18427 46 257913324
18428 46 257913324
18429 46 257913324
18430 46 257913324
18431 46 257913324
18432 46 257913324
18433 46 257913324
18434 46 257913324
18435 46 257913324
18436 46 257913324
18437 46 257913324
18438 46 257913324
18439 46 257913324
18440 46 257913324
18441 46 257913324
18442 46 257913324
18443 46 257913324
18444 46 257913324
18445 46 257913324
18446 46 257913324
18447 46 257913324
18448 46 257913324
18449 46 257913324
18450 46 257913324
18451 46 257913324
18452 46 257913324
18453 46 257913324
18454 46 257913324
18455 46 257913324
18456 46 257913324
18457 46 257913324
18458 46 257913324
18459 46 257913324
18460 46 257913324
18461 46 257913324
18462 46 257913324
18463 46 257913324
18464 46 257913324
18465 46 257913324
18466 46 257913324
18467 46 257913324
18468 46 257913324
18469 46 257913324
18470 46 257913324
18471 46 257913324
18472 46 257913324
18473 46 257913324
18474 46 257913324
18475 46 257913324
18476 46 257913324
18477 46 257913324
18478 46 257913324
18479 46 257913324
18480 46 257913324
18481 46 257913324
18482 46 257913324
18483 46 257913324
18484 46 257913324
18485 46 257913324
18486 46 257913324
18487 46 257913324
18488 46 257913324
18489 46 257913324
18490 46 257913324
18491 46 257913324
18492 46 257913324
18493 46 257913324
18494 46 257913324
18495 46 257913324
18496 46 257913324
18497 46 257913324
18498 46 257913324
18499 46 257913324
18500 46 257913324
18501 46 257913324
18502 46 257913324
18503 46 257913324
18504 46 257913324
18505 46 257913324
18506 46 257913324
18507 46 257913324
18508 46 257913324
18509 46 257913324
18510 46 257913324
18511 46 257913324
18512 46 257913324
18513 46 257913324
18514 46 257913324
18515 46 257913324
18516 46 257913324
18517 46 257913324
18518 46 257913324
18519 46 257913324
18520 46 257913324
18521 46 257913324
18522 46 257913324
18523 46 257913324
18524 46 257913324
18525 46 257913324
18526 46 257913324
18527 46 257913324
18528 46 257913324
18529 46 257913324
18530 46 257913324
18531 46 257913324
18532 46 257913324
18533 46 257913324
18534 46 257913324
18535 46 257913324
18536 46 257913324
18537 46 257913324
18538 46 257913324
18539 46 257913324
18540 46 257913324
18541 46 257913324
18542 46 257913324
18543 46 257913324
18544 46 257913324
18545 46 257913324
18546 46 257913324
18547 46 257913324
18548 46 257913324
18549 46 257913324
18550 46 257913324
18551 46 257913324
18552 46 257913324
18553 46 257913324
18554 46 257913324
18555 46 257913324
18556 46 257913324
18557 46 257913324
18558 46 257913324
18559 46 257913324
18560 46 257913324
18561 46 257913324
18562 46 257913324
18563 46 257913324
18564 46 257913324
18565 46 257913324
18566 46 257913324
18567 46 257913324
18568 46 257913324
18569 46 257913324
18570 46 257913324
18571 46 257913324
18572 46 257913324
18573 46 257913324
18574 46 257913324
18575 46 257913324
18576 46 257913324
18577 46 257913324
18578 46 257913324
18579 46 257913324
18580 46 257913324
18581 46 257913324
18582 46 257913324
18583 46 257913324
18584 46 257913324
18585 46 257913324
18586 46 257913324
18587 46 257913324
18588 46 257913324
18589 46 257913324
18590 46 257913324
18591 46 257913324
18592 46 257913324
18593 46 257913324
18594 46 257913324
18595 46 257913324
18596 46 257913324
18597 46 257913324
18598 46 257913324
18599 46 257913324
18600 46 257913324
18601 46 257913324
18602 46 257913324
18603 46 257913324
18604 46 257913324
18605 46 257913324
18606 46 257913324
18607 46 257913324
18608 46 257913324
18609 46 257913324
18610 46 257913324
18611 46 257913324
18612 46 257913324
18613 46 257913324
18614 46 257913324
18615 46 257913324
18616 46 257913324
18617 46 257913324
18618 46 257913324
18619 46 257913324
18620 46 257913324
18621 46 257913324
18622 46 257913324
18623 46 257913324
18624 46 257913324
18625 46 257913324
18626 46 257913324
18627 46 257913324
18628 46 257913324
18629 46 257913324
18630 46 257913324
18631 46 257913324
18632 46 257913324
18633 46 257913324
18634 46 257913324
18635 46 257913324
18636 46 257913324
18637 46 257913324
18638 46 257913324
18639 46 257913324
18640 46 257913324
18641 46 257913324
18642 46 257913324
18643 46 257913324
18644 46 257913324
18645 46 257913324
18646 46 257913324
18647 46 257913324
18648 46 257913324
18649 46 257913324
18650 46 257913324
18651 46 257913324
18652 46 257913324
18653 46 257913324
18654 46 257913324
18655 46 257913324
18656 46 257913324
18657 46 257913324
18658 46 257913324
18659 46 257913324
18660 46 257913324
18661 46 257913324
18662 46 257913324
18663 46 257913324
18664 46 257913324
18665 46 257913324
18666 46 257913324
18667 46 257913324
18668 46 257913324
18669 46 257913324
18670 46 257913324
18671 46 257913324
18672 46 257913324
18673 46 257913324
18674 46 257913324
18675 46 257913324
18676 46 257913324
18677 46 257913324
18678 46 257913324
18679 46 257913324
18680 46 257913324
18681 46 257913324
18682 46 257913324
18683 46 257913324
18684 46 257913324
18685 46 257913324
18686 46 257913324
18687 46 257913324
18688 46 257913324
18689 46 257913324
18690 46 257913324
18691 46 257913324
18692 46 257913324
18693 46 257913324
18694 46 257913324
18695 46 257913324
18696 46 257913324
18697 46 257913324
18698 46 257913324
18699 46 257913324
18700 46 257913324
18701 46 257913324
18702 46 257913324
18703 46 257913324
18704 46 257913324
18705 46 257913324
18706 46 257913324
18707 46 257913324
18708 46 257913324
18709 46 257913324
18710 46 257913324
18711 46 257913324
18712 46 257913324
18713 46 257913324
18714 46 257913324
18715 46 257913324
18716 46 257913324
18717 46 257913324
18718 46 257913324
18719 46 257913324
18720 46 257913324
18721 46 257913324
18722 46 257913324
18723 46 257913324
18724 46 257913324
18725 46 257913324
18726 46 257913324
18727 46 257913324
18728 46 257913324
18729 46 257913324
18730 46 257913324
18731 46 257913324
18732 46 257913324
18733 46 257913324
18734 46 257913324
18735 46 257913324
18736 46 257913324
18737 46 257913324
18738 46 257913324
18739 46 257913324
18740 46 257913324
18741 46 257913324
18742 46 257913324
18743 46 257913324
18744 46 257913324
18745 46 257913324
18746 46 257913324
18747 46 257913324
18748 46 257913324
18749 46 257913324
18750 46 257913324
18751 46 257913324
18752 46 257913324
18753 46 257913324
18754 46 257913324
18755 46 257913324
18756 46 257913324
18757 46 257913324
18758 46 257913324
18759 46 257913324
18760 46 257913324
18761 46 257913324
18762 46 257913324
18763 46 257913324
18764 46 257913324
18765 46 257913324
18766 46 257913324
18767 46 257913324
18768 46 257913324
18769 46 257913324
18770 46 257913324
18771 46 257913324
18772 46 257913324
18773 46 257913324
18774 46 257913324
18775 46 257913324
18776 46 257913324
18777 46 257913324
18778 46 257913324
18779 46 257913324
18780 46 257913324
18781 46 257913324
18782 46 257913324
18783 46 257913324
18784 46 257913324
18785 46 257913324
18786 46 257913324
18787 46 257913324
18788 46 257913324
18789 46 257913324
18790 46 257913324
18791 46 257913324
18792 46 257913324
18793 46 257913324
18794 46 257913324
18795 46 257913324
18796 46 257913324
18797 46 257913324
18798 46 257913324
18799 46 257913324
18800 46 257913324
18801 46 257913324
18802 46 257913324
18803 46 257913324
18804 46 257913324
18805 46 257913324
18806 46 257913324
18807 46 257913324
18808 46 257913324
18809 46 257913324
18810 46 257913324
18811 46 257913324
18812 46 257913324
18813 46 257913324
18814 46 257913324
18815 46 257913324
18816 46 257913324
18817 46 257913324
18818 46 257913324
18819 46 257913324
18820 46 257913324
18821 46 257913324
18822 46 257913324
18823 46 257913324
18824 46 257913324
18825 46 257913324
18826 46 257913324
18827 46 257913324
18828 46 257913324
18829 46 257913324
18830 46 257913324
18831 46 257913324
18832 46 257913324
18833 46 257913324
18834 46 257913324
18835 46 257913324
18836 46 257913324
18837 46 257913324
18838 46 257913324
18839 46 257913324
18840 46 257913324
18841 46 257913324
18842 46 257913324
18843 46 257913324
18844 46 257913324
18845 46 257913324
18846 46 257913324
18847 46 257913324
18848 46 257913324
18849 46 257913324
18850 46 257913324
18851 46 257913324
18852 46 257913324
18853 46 257913324
18854 46 257913324
18855 46 257913324
18856 46 257913324
18857 46 257913324
18858 46 257913324
18859 46 257913324
18860 46 257913324
18861 46 257913324
18862 46 257913324
18863 46 257913324
18864 46 257913324
18865 46 257913324
18866 46 257913324
18867 46 257913324
18868 46 257913324
18869 46 257913324
18870 46 257913324
18871 46 257913324
18872 46 257913324
18873 46 257913324
18874 46 257913324
18875 46 257913324
18876 46 257913324
18877 46 257913324
18878 46 257913324
18879 46 257913324
18880 46 257913324
18881 46 257913324
18882 46 257913324
18883 46 257913324
18884 46 257913324
18885 46 257913324
18886 46 257913324
18887 46 257913324
18888 46 257913324
18889 46 257913324
18890 46 257913324
18891 46 257913324
18892 46 257913324
18893 46 257913324
18894 46 257913324
18895 46 257913324
18896 46 257913324
18897 46 257913324
18898 46 257913324
18899 46 257913324
18900 46 257913324
18901 46 257913324
18902 46 257913324
18903 46 257913324
18904 46 257913324
18905 46 257913324
18906 46 257913324
18907 46 257913324
18908 46 257913324
18909 46 257913324
18910 46 257913324
18911 46 257913324
18912 46 257913324
18913 46 257913324
18914 46 257913324
18915 46 257913324
18916 46 257913324
18917 46 257913324
18918 46 257913324
18919 46 257913324
18920 46 257913324
18921 46 257913324
18922 46 257913324
18923 46 257913324
18924 46 257913324
18925 46 257913324
18926 46 257913324
18927 46 257913324
18928 46 257913324
18929 46 257913324
18930 46 257913324
18931 46 257913324
18932 46 257913324
18933 46 257913324
18934 46 257913324
18935 46 257913324
18936 46 257913324
18937 46 257913324
18938 46 257913324
18939 46 257913324
18940 46 257913324
18941 46 257913324
18942 46 257913324
18943 46 257913324
18944 46 257913324
18945 46 257913324
18946 46 257913324
18947 46 257913324
18948 46 257913324
18949 46 257913324
18950 46 257913324
18951 46 257913324
18952 46 257913324
18953 46 257913324
18954 46 257913324
18955 46 257913324
18956 46 257913324
18957 46 257913324
18958 46 257913324
18959 46 257913324
18960 46 257913324
18961 46 257913324
18962 46 257913324
18963 46 257913324
18964 46 257913324
18965 46 257913324
18966 46 257913324
18967 46 257913324
18968 46 257913324
18969 46 257913324
18970 46 257913324
18971 46 257913324
18972 46 257913324
18973 46 257913324
18974 46 257913324
18975 46 257913324
18976 46 257913324
18977 46 257913324
18978 46 257913324
18979 46 257913324
18980 46 257913324
18981 46 257913324
18982 46 257913324
18983 46 257913324
18984 46 257913324
18985 46 257913324
18986 46 257913324
18987 46 257913324
18988 46 257913324
18989 46 257913324
18990 46 257913324
18991 46 257913324
18992 46 257913324
18993 46 257913324
18994 46 257913324
18995 46 257913324
18996 46 257913324
18997 46 257913324
18998 46 257913324
18999 46 257913324
19000 46 257913324
19001 46 257913324
19002 46 257913324
19003 46 257913324
19004 46 257913324
19005 46 257913324
19006 46 257913324
19007 46 257913324
19008 46 257913324
19009 46 257913324
19010 46 257913324
19011 46 257913324
19012 46 257913324
19013 46 257913324
19014 46 257913324
19015 46 257913324
19016 46 257913324
19017 46 257913324
19018 46 257913324
19019 46 257913324
19020 46 257913324
19021 46 257913324
19022 46 257913324
19023 46 257913324
19024 46 257913324
19025 46 257913324
19026 46 257913324
19027 46 257913324
19028 46 257913324
19029 46 257913324
19030 46 257913324
19031 46 257913324
19032 46 257913324
19033 46 257913324
19034 46 257913324
19035 46 257913324
19036 46 257913324
19037 46 257913324
19038 46 257913324
19039 46 257913324
19040 46 257913324
19041 46 257913324
19042 46 257913324
19043 46 257913324
19044 46 257913324
19045 46 257913324
19046 46 257913324
19047 46 257913324
19048 46 257913324
19049 46 257913324
19050 46 257913324
19051 46 257913324
19052 46 257913324
19053 46 257913324
19054 46 257913324
19055 46 257913324
19056 46 257913324
19057 46 257913324
19058 46 257913324
19059 46 257913324
19060 46 257913324
19061 46 257913324
19062 46 257913324
19063 46 257913324
19064 46 257913324
19065 46 257913324
19066 46 257913324
19067 46 257913324
19068 46 257913324
19069 46 257913324
19070 46 257913324
19071 46 257913324
19072 46 257913324
19073 46 257913324
19074 46 257913324
19075 46 257913324
19076 46 257913324
19077 46 257913324
19078 46 257913324
19079 46 257913324
19080 46 257913324
19081 46 257913324
19082 46 257913324
19083 46 257913324
19084 46 257913324
19085 46 257913324
19086 46 257913324
19087 46 257913324
19088 46 257913324
19089 46 257913324
19090 46 257913324
19091 46 257913324
19092 46 257913324
19093 46 257913324
19094 46 257913324
19095 46 257913324
19096 46 257913324
19097 46 257913324
19098 46 257913324
19099 46 257913324
19100 46 257913324
19101 46 257913324
19102 46 257913324
19103 46 257913324
19104 46 257913324
19105 46 257913324
19106 46 257913324
19107 46 257913324
19108 46 257913324
19109 46 257913324
19110 46 257913324
19111 46 257913324
19112 46 257913324
19113 46 257913324
19114 46 257913324
19115 46 257913324
19116 46 257913324
19117 46 257913324
19118 46 257913324
19119 46 257913324
19120 46 257913324
19121 46 257913324
19122 46 257913324
19123 46 257913324
19124 46 257913324
19125 46 257913324
19126 46 257913324
19127 46 257913324
19128 46 257913324
19129 46 257913324
19130 46 257913324
19131 46 257913324
19132 46 257913324
19133 46 257913324
19134 46 257913324
19135 46 257913324
19136 46 257913324
19137 46 257913324
19138 46 257913324
19139 46 257913324
19140 46 257913324
19141 46 257913324
19142 46 257913324
19143 46 257913324
19144 46 257913324
19145 46 257913324
19146 46 257913324
19147 46 257913324
19148 46 257913324
19149 46 257913324
19150 46 257913324
19151 46 257913324
19152 46 257913324
19153 46 257913324
19154 46 257913324
19155 46 257913324
19156 46 257913324
19157 46 257913324
19158 46 257913324
19159 46 257913324
19160 46 257913324
19161 46 257913324
19162 46 257913324
19163 46 257913324
19164 46 257913324
19165 46 257913324
19166 46 257913324
19167 46 257913324
19168 46 257913324
19169 46 257913324
19170 46 257913324
19171 46 257913324
19172 46 257913324
19173 46 257913324
19174 46 257913324
19175 46 257913324
19176 46 257913324
19177 46 257913324
19178 46 257913324
19179 46 257913324
19180 46 257913324
19181 46 257913324
19182 46 257913324
19183 46 257913324
19184 46 257913324
19185 46 257913324
19186 46 257913324
19187 46 257913324
19188 46 257913324
19189 46 257913324
19190 46 257913324
19191 46 257913324
19192 46 257913324
19193 46 257913324
19194 46 257913324
19195 46 257913324
19196 46 257913324
19197 46 257913324
19198 46 257913324
19199 46 257913324
19200 46 257913324
19201 46 257913324
19202 46 257913324
19203 46 257913324
19204 46 257913324
19205 46 257913324
19206 46 257913324
19207 46 257913324
19208 46 257913324
19209 46 257913324
19210 46 257913324
19211 46 257913324
19212 46 257913324
19213 46 257913324
19214 46 257913324
19215 46 257913324
19216 46 257913324
19217 46 257913324
19218 46 257913324
19219 46 257913324
19220 46 257913324
19221 46 257913324
19222 46 257913324
19223 46 257913324
19224 46 257913324
19225 46 257913324
19226 46 257913324
19227 46 257913324
19228 46 257913324
19229 46 257913324
19230 46 257913324
19231 46 257913324
19232 46 257913324
19233 46 257913324
19234 46 257913324
19235 46 257913324
19236 46 257913324
19237 46 257913324
19238 46 257913324
19239 46 257913324
19240 46 257913324
19241 46 257913324
19242 46 257913324
19243 46 257913324
19244 46 257913324
19245 46 257913324
19246 46 257913324
19247 46 257913324
19248 46 257913324
19249 46 257913324
19250 46 257913324
19251 46 257913324
19252 46 257913324
19253 46 257913324
19254 46 257913324
19255 46 257913324
19256 46 257913324
19257 46 257913324
19258 46 257913324
19259 46 257913324
19260 46 257913324
19261 46 257913324
19262 46 257913324
19263 46 257913324
19264 46 257913324
19265 46 257913324
19266 46 257913324
19267 46 257913324
19268 46 257913324
19269 46 257913324
19270 46 257913324
19271 46 257913324
19272 46 257913324
19273 46 257913324
19274 46 257913324
19275 46 257913324
19276 46 257913324
19277 46 257913324
19278 46 257913324
19279 46 257913324
19280 46 257913324
19281 46 257913324
19282 46 257913324
19283 46 257913324
19284 46 257913324
19285 46 257913324
19286 46 257913324
19287 46 257913324
19288 46 257913324
19289 46 257913324
19290 46 257913324
19291 46 257913324
19292 46 257913324
19293 46 257913324
19294 46 257913324
19295 46 257913324
19296 46 257913324
19297 46 257913324
19298 46 257913324
19299 46 257913324
19300 46 257913324
19301 46 257913324
19302 46 257913324
19303 46 257913324
19304 46 257913324
19305 46 257913324
19306 46 257913324
19307 46 257913324
19308 46 257913324
19309 46 257913324
19310 46 257913324
19311 46 257913324
19312 46 257913324
19313 46 257913324
19314 46 257913324
19315 46 257913324
19316 46 257913324
19317 46 257913324
19318 46 257913324
19319 46 257913324
19320 46 257913324
19321 46 257913324
19322 46 257913324
19323 46 257913324
19324 46 257913324
19325 46 257913324
19326 46 257913324
19327 46 257913324
19328 46 257913324
19329 46 257913324
19330 46 257913324
19331 46 257913324
19332 46 257913324
19333 46 257913324
19334 46 257913324
19335 46 257913324
19336 46 257913324
19337 46 257913324
19338 46 257913324
19339 46 257913324
19340 46 257913324
19341 46 257913324
19342 46 257913324
19343 46 257913324
19344 46 257913324
19345 46 257913324
19346 46 257913324
19347 46 257913324
19348 46 257913324
19349 46 257913324
19350 46 257913324
19351 46 257913324
19352 46 257913324
19353 46 257913324
19354 46 257913324
19355 46 257913324
19356 46 257913324
19357 46 257913324
19358 46 257913324
19359 46 257913324
19360 46 257913324
19361 46 257913324
19362 46 257913324
19363 46 257913324
19364 46 257913324
19365 46 257913324
19366 46 257913324
19367 46 257913324
19368 46 257913324
19369 46 257913324
19370 46 257913324
19371 46 257913324
19372 46 257913324
19373 46 257913324
19374 46 257913324
19375 43 270235812
19376 43 270235812
19377 43 270235812
19378 43 270235812
19379 43 270235812
19380 43 270235812
19381 43 270235812
19382 43 270235812
19383 43 270235812
19384 43 270235812
19385 43 270235812
19386 43 270235812
19387 43 270235812
19388 43 270235812
19389 43 270235812
19390 43 270235812
19391 43 270235812
19392 43 270235812
19393 43 270235812
19394 43 270235812
19395 43 270235812
19396 43 270235812
19397 43 270235812
19398 43 270235812
19399 43 270235812
19400 43 270235812
19401 43 270235812
19402 43 270235812
19403 43 270235812
19404 43 270235812
19405 43 270235812
19406 43 270235812
19407 43 270235812
19408 43 270235812
19409 43 270235812
19410 43 270235812
19411 43 270235812
19412 43 270235812
19413 43 270235812
19414 43 270235812
19415 43 270235812
19416 43 270235812
19417 43 270235812
19418 43 270235812
19419 43 270235812
19420 43 270235812
19421 43 270235812
19422 43 270235812
19423 43 270235812
19424 43 270235812
19425 43 270235812
19426 43 270235812
19427 43 270235812
19428 43 270235812
19429 43 270235812
19430 43 270235812
19431 43 270235812
19432 43 270235812
19433 43 270235812
19434 43 270235812
19435 43 270235812
19436 43 270235812
19437 43 270235812
19438 43 270235812
19439 43 270235812
19440 43 270235812
19441 43 270235812
19442 43 270235812
19443 43 270235812
19444 43 270235812
19445 43 270235812
19446 43 270235812
19447 43 270235812
19448 43 270235812
19449 43 270235812
19450 43 270235812
19451 43 270235812
19452 43 270235812
19453 43 270235812
19454 43 270235812
19455 43 270235812
19456 43 270235812
19457 43 270235812
19458 43 270235812
19459 43 270235812
19460 43 270235812
19461 43 270235812
19462 43 270235812
19463 43 270235812
19464 43 270235812
19465 43 270235812
19466 43 270235812
19467 43 270235812
19468 43 270235812
19469 43 270235812
19470 43 270235812
19471 43 270235812
19472 43 270235812
19473 43 270235812
19474 43 270235812
19475 43 270235812
19476 43 270235812
19477 43 270235812
19478 43 270235812
19479 43 270235812
19480 43 270235812
19481 43 270235812
19482 43 270235812
19483 43 270235812
19484 43 270235812
19485 43 270235812
19486 43 270235812
19487 43 270235812
19488 43 270235812
19489 43 270235812
19490 43 270235812
19491 43 270235812
19492 43 270235812
19493 43 270235812
19494 43 270235812
19495 43 270235812
19496 43 270235812
19497 43 270235812
19498 43 270235812
19499 43 270235812
19500 43 270235812
19501 43 270235812
19502 43 270235812
19503 43 270235812
19504 43 270235812
19505 43 270235812
19506 43 270235812
19507 43 270235812
19508 43 270235812
19509 43 270235812
19510 43 270235812
19511 43 270235812
19512 43 270235812
19513 43 270235812
19514 43 270235812
19515 43 270235812
19516 43 270235812
19517 43 270235812
19518 43 270235812
19519 43 270235812
19520 43 270235812
19521 43 270235812
19522 43 270235812
19523 43 270235812
19524 43 270235812
19525 43 270235812
19526 43 270235812
19527 43 270235812
19528 43 270235812
19529 43 270235812
19530 43 270235812
19531 43 270235812
19532 43 270235812
19533 43 270235812
19534 43 270235812
19535 43 270235812
19536 43 270235812
19537 43 270235812
19538 43 270235812
19539 43 270235812
19540 43 270235812
19541 43 270235812
19542 43 270235812
19543 43 270235812
19544 43 270235812
19545 43 270235812
19546 43 270235812
19547 43 270235812
19548 43 270235812
19549 43 270235812
19550 43 270235812
19551 43 270235812
19552 43 270235812
19553 43 270235812
19554 43 270235812
19555 43 270235812
19556 43 270235812
19557 43 270235812
19558 43 270235812
19559 43 270235812
19560 43 270235812
19561 43 270235812
19562 43 270235812
19563 43 270235812
19564 43 270235812
19565 43 270235812
19566 43 270235812
19567 43 270235812
19568 43 270235812
19569 43 270235812
19570 43 270235812
19571 43 270235812
19572 43 270235812
19573 43 270235812
19574 43 270235812
19575 43 270235812
19576 43 270235812
19577 43 270235812
19578 43 270235812
19579 43 270235812
19580 43 270235812
19581 43 270235812
19582 43 270235812
19583 43 270235812
19584 43 270235812
19585 43 270235812
19586 43 270235812
19587 43 270235812
19588 43 270235812
19589 43 270235812
19590 43 270235812
19591 43 270235812
19592 43 270235812
19593 43 270235812
19594 43 270235812
19595 43 270235812
19596 43 270235812
19597 43 270235812
19598 43 270235812
19599 43 270235812
19600 43 270235812
19601 43 270235812
19602 43 270235812
19603 43 270235812
19604 43 270235812
19605 43 270235812
19606 43 270235812
19607 43 270235812
19608 43 270235812
19609 43 270235812
19610 43 270235812
19611 43 270235812
19612 43 270235812
19613 43 270235812
19614 43 270235812
19615 44 270235812
19616 44 270235812
19617 44 270235812
19618 44 270235812
19619 44 270235812
19620 44 270235812
19621 44 270235812
19622 44 270235812
19623 44 270235812
19624 44 270235812
19625 44 270235812
19626 44 270235812
19627 44 270235812
19628 44 270235812
19629 44 270235812
19630 44 270235812
19631 44 270235812
19632 44 270235812
19633 44 270235812
19634 44 270235812
19635 44 270235812
19636 44 270235812
19637 44 270235812
19638 44 270235812
19639 44 270235812
19640 44 270235812
19641 44 270235812
19642 44 270235812
19643 44 270235812
19644 44 270235812
19645 44 270235812
19646 44 270235812
19647 44 270235812
19648 44 270235812
19649 44 270235812
19650 44 270235812
19651 44 270235812
19652 44 270235812
19653 44 270235812
19654 44 270235812
19655 44 270235812
19656 44 270235812
19657 44 270235812
19658 44 270235812
19659 44 270235812
19660 44 270235812
19661 44 270235812
19662 44 270235812
19663 44 270235812
19664 44 270235812
19665 44 270235812
19666 44 270235812
19667 44 270235812
19668 44 270235812
19669 44 270235812
19670 44 270235812
19671 44 270235812
19672 44 270235812
19673 44 270235812
19674 44 270235812
19675 44 270235812
19676 44 270235812
19677 44 270235812
19678 44 270235812
19679 44 270235812
19680 44 270235812
19681 44 270235812
19682 44 270235812
19683 44 270235812
19684 44 270235812
19685 44 270235812
19686 44 270235812
19687 44 270235812
19688 44 270235812
19689 44 270235812
19690 44 270235812
19691 44 270235812
19692 44 270235812
19693 44 270235812
19694 44 270235812
19695 44 270235812
19696 44 270235812
19697 44 270235812
19698 44 270235812
19699 44 270235812
19700 44 270235812
19701 44 270235812
19702 44 270235812
19703 44 270235812
19704 44 270235812
19705 44 270235812
19706 44 270235812
19707 44 270235812
19708 44 270235812
19709 44 270235812
19710 44 270235812
19711 44 270235812
19712 44 270235812
19713 44 270235812
19714 44 270235812
19715 44 270235812
19716 44 270235812
19717 44 270235812
19718 44 270235812
19719 44 270235812
19720 44 270235812
19721 44 270235812
19722 44 270235812
19723 44 270235812
19724 44 270235812
19725 44 270235812
19726 44 270235812
19727 44 270235812
19728 44 270235812
19729 44 270235812
19730 44 270235812
19731 44 270235812
19732 44 270235812
19733 44 270235812
19734 44 270235812
19735 44 270235812
19736 44 270235812
19737 44 270235812
19738 44 270235812
19739 44 270235812
19740 44 270235812
19741 44 270235812
19742 44 270235812
19743 44 270235812
19744 44 270235812
19745 44 270235812
19746 44 270235812
19747 44 270235812
19748 44 270235812
19749 44 270235812
19750 44 270235812
19751 44 270235812
19752 44 270235812
19753 44 270235812
19754 44 270235812
19755 44 270235812
19756 44 270235812
19757 44 270235812
19758 44 270235812
19759 44 270235812
19760 44 270235812
19761 44 270235812
19762 44 270235812
19763 44 270235812
19764 44 270235812
19765 44 270235812
19766 44 270235812
19767 44 270235812
19768 44 270235812
19769 44 270235812
19770 44 270235812
19771 44 270235812
19772 44 270235812
19773 44 270235812
19774 44 270235812
19775 44 270235812
19776 44 270235812
19777 44 270235812
19778 44 270235812
19779 44 270235812
19780 44 270235812
19781 44 270235812
19782 44 270235812
19783 44 270235812
19784 44 270235812
19785 44 270235812
19786 44 270235812
19787 44 270235812
19788 44 270235812
19789 44 270235812
19790 44 270235812
19791 44 270235812
19792 44 270235812
19793 44 270235812
19794 44 270235812
19795 44 270235812
19796 44 270235812
19797 44 270235812
19798 44 270235812
19799 44 270235812
19800 44 270235812
19801 44 270235812
19802 44 270235812
19803 44 270235812
19804 44 270235812
19805 44 270235812
19806 44 270235812
19807 44 270235812
19808 44 270235812
19809 44 270235812
19810 44 270235812
19811 44 270235812
19812 44 270235812
19813 44 270235812
19814 44 270235812
19815 44 270235812
19816 44 270235812
19817 44 270235812
19818 44 270235812
19819 44 270235812
19820 44 270235812
19821 44 270235812
19822 44 270235812
19823 44 270235812
19824 44 270235812
19825 44 270235812
19826 44 270235812
19827 44 270235812
19828 44 270235812
19829 44 270235812
19830 44 270235812
19831 44 270235812
19832 44 270235812
19833 44 270235812
19834 44 270235812
19835 44 270235812
19836 44 270235812
19837 44 270235812
19838 44 270235812
19839 44 270235812
19840 44 270235812
19841 44 270235812
19842 44 270235812
19843 44 270235812
19844 44 270235812
19845 44 270235812
19846 44 270235812
19847 44 270235812
19848 44 270235812
19849 44 270235812
19850 44 270235812
19851 44 270235812
19852 44 270235812
19853 44 270235812
19854 44 270235812
19855 44 270235812
19856 44 270235812
19857 44 270235812
19858 44 270235812
19859 44 270235812
19860 44 270235812
19861 44 270235812
19862 44 270235812
19863 44 270235812
19864 44 270235812
19865 44 270235812
19866 44 270235812
19867 44 270235812
19868 44 270235812
19869 44 270235812
19870 44 270235812
19871 44 270235812
19872 44 270235812
19873 44 270235812
19874 44 270235812
19875 44 270235812
19876 44 270235812
19877 44 270235812
19878 44 270235812
19879 44 270235812
19880 44 270235812
19881 44 270235812
19882 44 270235812
19883 44 270235812
19884 44 270235812
19885 44 270235812
19886 44 270235812
19887 44 270235812
19888 44 270235812
19889 44 270235812
19890 44 270235812
19891 44 270235812
19892 44 270235812
19893 44 270235812
19894 44 270235812
19895 44 270235812
19896 44 270235812
19897 44 270235812
19898 44 270235812
19899 44 270235812
19900 44 270235812
19901 44 270235812
19902 44 270235812
19903 44 270235812
19904 44 270235812
19905 44 270235812
19906 44 270235812
19907 44 270235812
19908 44 270235812
19909 44 270235812
19910 44 270235812
19911 44 270235812
19912 44 270235812
19913 44 270235812
19914 44 270235812
19915 44 270235812
19916 44 270235812
19917 44 270235812
19918 44 270235812
19919 44 270235812
19920 44 270235812
19921 44 270235812
19922 44 270235812
19923 44 270235812
19924 44 270235812
19925 44 270235812
19926 44 270235812
19927 44 270235812
19928 44 270235812
19929 44 270235812
19930 44 270235812
19931 44 270235812
19932 44 270235812
19933 44 270235812
19934 44 270235812
19935 44 270235812
19936 44 270235812
19937 44 270235812
19938 44 270235812
19939 44 270235812
19940 44 270235812
19941 44 270235812
19942 44 270235812
19943 44 270235812
19944 44 270235812
19945 44 270235812
19946 44 270235812
19947 44 270235812
19948 44 270235812
19949 44 270235812
19950 44 270235812
19951 44 270235812
19952 44 270235812
19953 44 270235812
19954 44 270235812
19955 44 270235812
19956 44 270235812
19957 44 270235812
19958 44 270235812
19959 44 270235812
19960 44 270235812
19961 44 270235812
19962 44 270235812
19963 44 270235812
19964 44 270235812
19965 44 270235812
19966 44 270235812
19967 44 270235812
19968 44 270235812
19969 44 270235812
19970 44 270235812
19971 44 270235812
19972 44 270235812
19973 44 270235812
19974 44 270235812
19975 44 270235812
19976 44 270235812
19977 44 270235812
19978 44 270235812
19979 44 270235812
19980 44 270235812
19981 44 270235812
19982 44 270235812
19983 44 270235812
19984 44 270235812
19985 44 270235812
19986 44 270235812
19987 44 270235812
19988 44 270235812
19989 44 270235812
19990 44 270235812
19991 44 270235812
19992 44 270235812
19993 44 270235812
19994 44 270235812
19995 44 270235812
19996 44 270235812
19997 44 270235812
19998 44 270235812
19999 44 270235812
20000 44 270235812
20001 44 270235812
20002 44 270235812
20003 44 270235812
20004 44 270235812
20005 44 270235812
20006 44 270235812
20007 44 270235812
20008 44 270235812
20009 44 270235812
20010 44 270235812
20011 44 270235812
20012 44 270235812
20013 44 270235812
20014 44 270235812
20015 44 270235812
20016 44 270235812
20017 44 270235812
20018 44 270235812
20019 44 270235812
20020 44 270235812
20021 44 270235812
20022 44 270235812
20023 44 270235812
20024 44 270235812
20025 44 270235812
20026 44 270235812
20027 44 270235812
20028 44 270235812
20029 44 270235812
20030 44 270235812
20031 44 270235812
20032 44 270235812
20033 44 270235812
20034 44 270235812
20035 44 270235812
20036 44 270235812
20037 44 270235812
20038 44 270235812
20039 44 270235812
20040 44 270235812
20041 44 270235812
20042 44 270235812
20043 44 270235812
20044 44 270235812
20045 44 270235812
20046 44 270235812
20047 44 270235812
20048 44 270235812
20049 44 270235812
20050 44 270235812
20051 44 270235812
20052 44 270235812
20053 44 270235812
20054 44 270235812
20055 44 270235812
20056 44 270235812
20057 44 270235812
20058 44 270235812
20059 44 270235812
20060 44 270235812
20061 44 270235812
20062 44 270235812
20063 44 270235812
20064 44 270235812
20065 44 270235812
20066 44 270235812
20067 44 270235812
20068 44 270235812
20069 44 270235812
20070 44 270235812
20071 44 270235812
20072 44 270235812
20073 44 270235812
20074 44 270235812
20075 44 270235812
20076 44 270235812
20077 44 270235812
20078 44 270235812
20079 44 270235812
20080 44 270235812
20081 44 270235812
20082 44 270235812
20083 44 270235812
20084 44 270235812
20085 44 270235812
20086 44 270235812
20087 44 270235812
20088 44 270235812
20089 44 270235812
20090 44 270235812
20091 44 270235812
20092 44 270235812
20093 44 270235812
20094 44 270235812
20095 44 270235812
20096 44 270235812
20097 44 270235812
20098 44 270235812
20099 44 270235812
20100 44 270235812
20101 44 270235812
20102 44 270235812
20103 44 270235812
20104 44 270235812
20105 44 270235812
20106 44 270235812
20107 44 270235812
20108 44 270235812
20109 44 270235812
20110 44 270235812
20111 44 270235812
20112 44 270235812
20113 44 270235812
20114 44 270235812
20115 44 270235812
20116 44 270235812
20117 44 270235812
20118 44 270235812
20119 44 270235812
20120 44 270235812
20121 44 270235812
20122 44 270235812
20123 44 270235812
20124 44 270235812
20125 44 270235812
20126 44 270235812
20127 44 270235812
20128 44 270235812
20129 44 270235812
20130 44 270235812
20131 44 270235812
20132 44 270235812
20133 44 270235812
20134 44 270235812
20135 44 270235812
20136 44 270235812
20137 44 270235812
20138 44 270235812
20139 44 270235812
20140 44 270235812
20141 44 270235812
20142 44 270235812
20143 44 270235812
20144 44 270235812
20145 44 270235812
20146 44 270235812
20147 44 270235812
20148 44 270235812
20149 44 270235812
20150 44 270235812
20151 44 270235812
20152 44 270235812
20153 44 270235812
20154 44 270235812
20155 44 270235812
20156 44 270235812
20157 44 270235812
20158 44 270235812
20159 44 270235812
20160 44 270235812
20161 44 270235812
20162 44 270235812
20163 44 270235812
20164 44 270235812
20165 44 270235812
20166 44 270235812
20167 44 270235812
20168 44 270235812
20169 44 270235812
20170 44 270235812
20171 44 270235812
20172 44 270235812
20173 44 270235812
20174 44 270235812
20175 44 270235812
20176 44 270235812
20177 44 270235812
20178 44 270235812
20179 44 270235812
20180 44 270235812
20181 44 270235812
20182 44 270235812
20183 44 270235812
20184 44 270235812
20185 44 270235812
20186 44 270235812
20187 44 270235812
20188 44 270235812
20189 44 270235812
20190 44 270235812
20191 44 270235812
20192 44 270235812
20193 44 270235812
20194 44 270235812
20195 44 270235812
20196 44 270235812
20197 44 270235812
20198 44 270235812
20199 44 270235812
20200 44 270235812
20201 44 270235812
20202 44 270235812
20203 44 270235812
20204 44 270235812
20205 44 270235812
20206 44 270235812
20207 44 270235812
20208 44 270235812
20209 44 270235812
20210 44 270235812
20211 44 270235812
20212 44 270235812
20213 44 270235812
20214 44 270235812
20215 44 270235812
20216 44 270235812
20217 44 270235812
20218 44 270235812
20219 44 270235812
20220 44 270235812
20221 44 270235812
20222 44 270235812
20223 44 270235812
20224 44 270235812
20225 44 270235812
20226 44 270235812
20227 44 270235812
20228 44 270235812
20229 44 270235812
20230 44 270235812
20231 44 270235812
20232 44 270235812
20233 44 270235812
20234 44 270235812
20235 44 270235812
20236 44 270235812
20237 44 270235812
20238 44 270235812
20239 44 270235812
20240 44 270235812
20241 44 270235812
20242 44 270235812
20243 44 270235812
20244 44 270235812
20245 44 270235812
20246 44 270235812
20247 44 270235812
20248 44 270235812
20249 44 270235812
20250 44 270235812
20251 44 270235812
20252 44 270235812
20253 44 270235812
20254 44 270235812
20255 44 270235812
20256 44 270235812
20257 44 270235812
20258 44 270235812
20259 44 270235812
20260 44 270235812
20261 44 270235812
20262 44 270235812
20263 44 270235812
20264 44 270235812
20265 44 270235812
20266 44 270235812
20267 44 270235812
20268 44 270235812
20269 44 270235812
20270 44 270235812
20271 44 270235812
20272 44 270235812
20273 44 270235812
20274 44 270235812
20275 44 270235812
20276 44 270235812
20277 44 270235812
20278 44 270235812
20279 44 270235812
20280 44 270235812
20281 44 270235812
20282 44 270235812
20283 44 270235812
20284 44 270235812
20285 44 270235812
20286 44 270235812
20287 44 270235812
20288 44 270235812
20289 44 270235812
20290 44 270235812
20291 44 270235812
20292 44 270235812
20293 44 270235812
20294 44 270235812
20295 44 270235812
20296 44 270235812
20297 44 270235812
20298 44 270235812
20299 44 270235812
20300 44 270235812
20301 44 270235812
20302 44 270235812
20303 44 270235812
20304 44 270235812
20305 44 270235812
20306 44 270235812
20307 44 270235812
20308 44 270235812
20309 44 270235812
20310 44 270235812
20311 44 270235812
20312 44 270235812
20313 44 270235812
20314 44 270235812
20315 44 270235812
20316 44 270235812
20317 44 270235812
20318 44 270235812
20319 44 270235812
20320 44 270235812
20321 44 270235812
20322 44 270235812
20323 44 270235812
20324 44 270235812
20325 44 270235812
20326 44 270235812
20327 44 270235812
20328 44 270235812
20329 44 270235812
20330 44 270235812
20331 44 270235812
20332 44 270235812
20333 44 270235812
20334 44 270235812
20335 44 270235812
20336 44 270235812
20337 44 270235812
20338 44 270235812
20339 44 270235812
20340 44 270235812
20341 44 270235812
20342 44 270235812
20343 44 270235812
20344 44 270235812
20345 44 270235812
20346 44 270235812
20347 44 270235812
20348 44 270235812
20349 44 270235812
20350 44 270235812
20351 44 270235812
20352 44 270235812
20353 44 270235812
20354 44 270235812
20355 44 270235812
20356 44 270235812
20357 44 270235812
20358 44 270235812
20359 44 270235812
20360 44 270235812
20361 44 270235812
20362 44 270235812
20363 44 270235812
20364 44 270235812
20365 44 270235812
20366 44 270235812
20367 44 270235812
20368 44 270235812
20369 44 270235812
20370 44 270235812
20371 44 270235812
20372 44 270235812
20373 44 270235812
20374 44 270235812
20375 44 270235812
20376 44 270235812
20377 44 270235812
20378 44 270235812
20379 44 270235812
20380 44 270235812
20381 44 270235812
20382 44 270235812
20383 44 270235812
20384 44 270235812
20385 44 270235812
20386 44 270235812
20387 44 270235812
20388 44 270235812
20389 44 270235812
20390 44 270235812
20391 44 270235812
20392 44 270235812
20393 44 270235812
20394 44 270235812
20395 44 270235812
20396 44 270235812
20397 44 270235812
20398 44 270235812
20399 44 270235812
20400 44 270235812
20401 44 270235812
20402 44 270235812
20403 44 270235812
20404 44 270235812
20405 44 270235812
20406 44 270235812
20407 44 270235812
20408 44 270235812
20409 44 270235812
20410 44 270235812
20411 44 270235812
20412 44 270235812
20413 44 270235812
20414 44 270235812
20415 44 270235812
20416 44 270235812
20417 44 270235812
20418 44 270235812
20419 44 270235812
20420 44 270235812
20421 44 270235812
20422 44 270235812
20423 44 270235812
20424 44 270235812
20425 44 270235812
20426 44 270235812
20427 44 270235812
20428 44 270235812
20429 44 270235812
20430 44 270235812
20431 44 270235812
20432 44 270235812
20433 44 270235812
20434 44 270235812
20435 44 270235812
20436 44 270235812
20437 44 270235812
20438 44 270235812
20439 44 270235812
20440 44 270235812
20441 44 270235812
20442 44 270235812
20443 44 270235812
20444 44 270235812
20445 44 270235812
20446 44 270235812
20447 44 270235812
20448 44 270235812
20449 44 270235812
20450 44 270235812
20451 44 270235812
20452 44 270235812
20453 44 270235812
20454 44 270235812
20455 44 270235812
20456 44 270235812
20457 44 270235812
20458 44 270235812
20459 44 270235812
20460 44 270235812
20461 44 270235812
20462 44 270235812
20463 44 270235812
20464 44 270235812
20465 44 270235812
20466 44 270235812
20467 44 270235812
20468 44 270235812
20469 44 270235812
20470 44 270235812
20471 44 270235812
20472 44 270235812
20473 44 270235812
20474 44 270235812
20475 44 270235812
20476 44 270235812
20477 44 270235812
20478 44 270235812
20479 44 270235812
20480 44 270235812
20481 44 270235812
20482 44 270235812
20483 44 270235812
20484 44 270235812
20485 44 270235812
20486 44 270235812
20487 44 270235812
20488 44 270235812
20489 44 270235812
20490 44 270235812
20491 44 270235812
20492 44 270235812
20493 44 270235812
20494 44 270235812
20495 44 270235812
20496 44 270235812
20497 44 270235812
20498 44 270235812
20499 44 270235812
20500 44 270235812
20501 44 270235812
20502 44 270235812
20503 44 270235812
20504 44 270235812
20505 44 270235812
20506 44 270235812
20507 44 270235812
20508 44 270235812
20509 44 270235812
20510 44 270235812
20511 44 270235812
20512 44 270235812
20513 44 270235812
20514 44 270235812
20515 44 270235812
20516 44 270235812
20517 44 270235812
20518 44 270235812
20519 44 270235812
20520 44 270235812
20521 44 270235812
20522 44 270235812
20523 44 270235812
20524 44 270235812
20525 44 270235812
20526 44 270235812
20527 44 270235812
20528 44 270235812
20529 44 270235812
20530 44 270235812
20531 44 270235812
20532 44 270235812
20533 44 270235812
20534 44 270235812
20535 44 270235812
20536 44 270235812
20537 44 270235812
20538 44 270235812
20539 44 270235812
20540 44 270235812
20541 44 270235812
20542 44 270235812
20543 44 270235812
20544 44 270235812
20545 44 270235812
20546 44 270235812
20547 44 270235812
20548 44 270235812
20549 44 270235812
20550 44 270235812
20551 44 270235812
20552 44 270235812
20553 44 270235812
20554 44 270235812
20555 44 270235812
20556 44 270235812
20557 44 270235812
20558 44 270235812
20559 44 270235812
20560 44 270235812
20561 44 270235812
20562 44 270235812
20563 44 270235812
20564 44 270235812
20565 44 270235812
20566 44 270235812
20567 44 270235812
20568 44 270235812
20569 44 270235812
20570 44 270235812
20571 44 270235812
20572 44 270235812
20573 44 270235812
20574 44 270235812
20575 44 270235812
20576 44 270235812
20577 44 270235812
20578 44 270235812
20579 44 270235812
20580 44 270235812
20581 44 270235812
20582 44 270235812
20583 44 270235812
20584 44 270235812
20585 44 270235812
20586 44 270235812
20587 44 270235812
20588 44 270235812
20589 44 270235812
20590 44 270235812
20591 44 270235812
20592 44 270235812
20593 44 270235812
20594 44 270235812
20595 44 270235812
20596 44 270235812
20597 44 270235812
20598 44 270235812
20599 44 270235812
20600 44 270235812
20601 44 270235812
20602 44 270235812
20603 44 270235812
20604 44 270235812
20605 44 270235812
20606 44 270235812
20607 44 270235812
20608 44 270235812
20609 44 270235812
20610 44 270235812
20611 44 270235812
20612 44 270235812
20613 44 270235812
20614 44 270235812
20615 44 270235812
20616 44 270235812
20617 44 270235812
20618 44 270235812
20619 44 270235812
20620 44 270235812
20621 44 270235812
20622 44 270235812
20623 44 270235812
20624 44 270235812
20625 44 270235812
20626 44 270235812
20627 44 270235812
20628 44 270235812
20629 44 270235812
20630 44 270235812
20631 44 270235812
20632 44 270235812
20633 44 270235812
20634 44 270235812
20635 44 270235812
20636 44 270235812
20637 44 270235812
20638 44 270235812
20639 44 270235812
20640 44 270235812
20641 44 270235812
20642 44 270235812
20643 44 270235812
20644 44 270235812
20645 44 270235812
20646 44 270235812
20647 44 270235812
20648 44 270235812
20649 44 270235812
20650 44 270235812
20651 44 270235812
20652 44 270235812
20653 44 270235812
20654 44 270235812
20655 44 270235812
20656 44 270235812
20657 44 270235812
20658 44 270235812
20659 44 270235812
20660 44 270235812
20661 44 270235812
20662 44 270235812
20663 44 270235812
20664 44 270235812
20665 44 270235812
20666 44 270235812
20667 44 270235812
20668 44 270235812
20669 44 270235812
20670 44 270235812
20671 44 270235812
20672 44 270235812
20673 44 270235812
20674 44 270235812
20675 44 270235812
20676 44 270235812
20677 44 270235812
20678 44 270235812
20679 44 270235812
20680 44 270235812
20681 44 270235812
20682 44 270235812
20683 44 270235812
20684 44 270235812
20685 44 270235812
20686 44 270235812
20687 44 270235812
20688 44 270235812
20689 44 270235812
20690 44 270235812
20691 44 270235812
20692 44 270235812
20693 44 270235812
20694 44 270235812
20695 44 270235812
20696 44 270235812
20697 44 270235812
20698 44 270235812
20699 44 270235812
20700 44 270235812
20701 44 270235812
20702 44 270235812
20703 44 270235812
20704 44 270235812
20705 44 270235812
20706 44 270235812
20707 44 270235812
20708 44 270235812
20709 44 270235812
20710 44 270235812
20711 44 270235812
20712 44 270235812
20713 44 270235812
20714 44 270235812
20715 44 270235812
20716 44 270235812
20717 44 270235812
20718 44 270235812
20719 44 270235812
20720 44 270235812
20721 44 270235812
20722 44 270235812
20723 44 270235812
20724 44 270235812
20725 44 270235812
20726 44 270235812
20727 44 270235812
20728 44 270235812
20729 44 270235812
20730 44 270235812
20731 44 270235812
20732 44 270235812
20733 44 270235812
20734 44 270235812
20735 44 270235812
20736 44 270235812
20737 44 270235812
20738 44 270235812
20739 44 270235812
20740 44 270235812
20741 44 270235812
20742 44 270235812
20743 44 270235812
20744 44 270235812
20745 44 270235812
20746 44 270235812
20747 44 270235812
20748 44 270235812
20749 44 270235812
20750 44 270235812
20751 44 270235812
20752 44 270235812
20753 44 270235812
20754 44 270235812
20755 44 270235812
20756 44 270235812
20757 44 270235812
20758 44 270235812
20759 44 270235812
20760 44 270235812
20761 44 270235812
20762 44 270235812
20763 44 270235812
20764 44 270235812
20765 44 270235812
20766 44 270235812
20767 44 270235812
20768 44 270235812
20769 44 270235812
20770 44 270235812
20771 44 270235812
20772 44 270235812
20773 44 270235812
20774 44 270235812
20775 44 270235812
20776 44 270235812
20777 44 270235812
20778 44 270235812
20779 44 270235812
20780 44 270235812
20781 44 270235812
20782 44 270235812
20783 44 270235812
20784 44 270235812
20785 44 270235812
20786 44 270235812
20787 44 270235812
20788 44 270235812
20789 44 270235812
20790 44 270235812
20791 44 270235812
20792 44 270235812
20793 44 270235812
20794 44 270235812
20795 44 270235812
20796 44 270235812
20797 44 270235812
20798 44 270235812
20799 44 270235812
20800 44 270235812
20801 44 270235812
20802 44 270235812
20803 44 270235812
20804 44 270235812
20805 44 270235812
20806 44 270235812
20807 44 270235812
20808 44 270235812
20809 44 270235812
20810 44 270235812
20811 44 270235812
20812 44 270235812
20813 44 270235812
20814 44 270235812
20815 44 270235812
20816 44 270235812
20817 44 270235812
20818 44 270235812
20819 44 270235812
20820 44 270235812
20821 44 270235812
20822 44 270235812
20823 44 270235812
20824 44 270235812
20825 44 270235812
20826 44 270235812
20827 44 270235812
20828 44 270235812
20829 44 270235812
20830 44 270235812
20831 44 270235812
20832 44 270235812
20833 44 270235812
20834 44 270235812
20835 44 270235812
20836 44 270235812
20837 44 270235812
20838 44 270235812
20839 44 270235812
20840 44 270235812
20841 44 270235812
20842 44 270235812
20843 44 270235812
20844 44 270235812
20845 44 270235812
20846 44 270235812
20847 44 270235812
20848 44 270235812
20849 44 270235812
20850 44 270235812
20851 44 270235812
20852 44 270235812
20853 44 270235812
20854 44 270235812
20855 44 270235812
20856 44 270235812
20857 44 270235812
20858 44 270235812
20859 44 270235812
20860 44 270235812
20861 44 270235812
20862 44 270235812
20863 44 270235812
20864 44 270235812
20865 44 270235812
20866 44 270235812
20867 44 270235812
20868 44 270235812
20869 44 270235812
20870 44 270235812
20871 44 270235812
20872 44 270235812
20873 44 270235812
20874 44 270235812
20875 44 270235812
20876 44 270235812
20877 44 270235812
20878 44 270235812
20879 44 270235812
20880 44 270235812
20881 44 270235812
20882 44 270235812
20883 44 270235812
20884 44 270235812
20885 44 270235812
20886 44 270235812
20887 44 270235812
20888 44 270235812
20889 44 270235812
20890 44 270235812
20891 44 270235812
20892 44 270235812
20893 44 270235812
20894 44 270235812
20895 44 270235812
20896 44 270235812
20897 44 270235812
20898 44 270235812
20899 44 270235812
20900 44 270235812
20901 44 270235812
20902 44 270235812
20903 44 270235812
20904 44 270235812
20905 44 270235812
20906 44 270235812
20907 44 270235812
20908 44 270235812
20909 44 270235812
20910 44 270235812
20911 44 270235812
20912 44 270235812
20913 44 270235812
20914 44 270235812
20915 44 270235812
20916 44 270235812
20917 44 270235812
20918 44 270235812
20919 44 270235812
20920 44 270235812
20921 44 270235812
20922 44 270235812
20923 44 270235812
20924 44 270235812
20925 44 270235812
20926 44 270235812
20927 44 270235812
20928 44 270235812
20929 44 270235812
20930 44 270235812
20931 44 270235812
20932 44 270235812
20933 44 270235812
20934 44 270235812
20935 44 270235812
20936 44 270235812
20937 44 270235812
20938 44 270235812
20939 44 270235812
20940 44 270235812
20941 44 270235812
20942 44 270235812
20943 44 270235812
20944 44 270235812
20945 44 270235812
20946 44 270235812
20947 44 270235812
20948 44 270235812
20949 44 270235812
20950 44 270235812
20951 44 270235812
20952 44 270235812
20953 44 270235812
20954 44 270235812
20955 44 270235812
20956 44 270235812
20957 44 270235812
20958 44 270235812
20959 44 270235812
20960 44 270235812
20961 44 270235812
20962 44 270235812
20963 44 270235812
20964 44 270235812
20965 44 270235812
20966 44 270235812
20967 44 270235812
20968 44 270235812
20969 44 270235812
20970 44 270235812
20971 44 270235812
20972 44 270235812
20973 44 270235812
20974 44 270235812
20975 44 270235812
20976 44 270235812
20977 44 270235812
20978 44 270235812
20979 44 270235812
20980 44 270235812
20981 44 270235812
20982 44 270235812
20983 44 270235812
20984 44 270235812
20985 44 270235812
20986 44 270235812
20987 44 270235812
20988 44 270235812
20989 44 270235812
20990 44 270235812
20991 44 270235812
20992 44 270235812
20993 44 270235812
20994 44 270235812
20995 44 270235812
20996 44 270235812
20997 44 270235812
20998 44 270235812
20999 44 270235812
21000 44 270235812
21001 44 270235812
21002 44 270235812
21003 44 270235812
21004 44 270235812
21005 44 270235812
21006 44 270235812
21007 44 270235812
21008 44 270235812
21009 44 270235812
21010 44 270235812
21011 44 270235812
21012 44 270235812
21013 44 270235812
21014 44 270235812
21015 44 270235812
21016 44 270235812
21017 44 270235812
21018 44 270235812
21019 44 270235812
21020 44 270235812
21021 44 270235812
21022 44 270235812
21023 44 270235812
21024 44 270235812
21025 44 270235812
21026 44 270235812
21027 44 270235812
21028 44 270235812
21029 44 270235812
21030 44 270235812
21031 44 270235812
21032 44 270235812
21033 44 270235812
21034 44 270235812
21035 44 270235812
21036 44 270235812
21037 44 270235812
21038 44 270235812
21039 44 270235812
21040 44 270235812
21041 44 270235812
21042 44 270235812
21043 44 270235812
21044 44 270235812
21045 44 270235812
21046 44 270235812
21047 44 270235812
21048 44 270235812
21049 44 270235812
21050 44 270235812
21051 44 270235812
21052 44 270235812
21053 44 270235812
21054 44 270235812
21055 44 270235812
21056 44 270235812
21057 44 270235812
21058 44 270235812
21059 44 270235812
21060 44 270235812
21061 44 270235812
21062 44 270235812
21063 44 270235812
21064 44 270235812
21065 44 270235812
21066 44 270235812
21067 44 270235812
21068 44 270235812
21069 44 270235812
21070 44 270235812
21071 44 270235812
21072 44 270235812
21073 44 270235812
21074 44 270235812
21075 44 270235812
21076 44 270235812
21077 44 270235812
21078 44 270235812
21079 44 270235812
21080 44 270235812
21081 44 270235812
21082 44 270235812
21083 44 270235812
21084 44 270235812
21085 44 270235812
21086 44 270235812
21087 44 270235812
21088 44 270235812
21089 44 270235812
21090 44 270235812
21091 44 270235812
21092 44 270235812
21093 44 270235812
21094 44 270235812
21095 44 270235812
21096 44 270235812
21097 44 270235812
21098 44 270235812
21099 44 270235812
21100 44 270235812
21101 44 270235812
21102 44 270235812
21103 44 270235812
21104 44 270235812
21105 44 270235812
21106 44 270235812
21107 44 270235812
21108 44 270235812
21109 44 270235812
21110 44 270235812
21111 44 270235812
21112 44 270235812
21113 44 270235812
21114 44 270235812
21115 44 270235812
21116 44 270235812
21117 44 270235812
21118 44 270235812
21119 44 270235812
21120 44 270235812
21121 44 270235812
21122 44 270235812
21123 44 270235812
21124 44 270235812
21125 44 270235812
21126 44 270235812
21127 44 270235812
21128 44 270235812
21129 44 270235812
21130 44 270235812
21131 44 270235812
21132 44 270235812
21133 44 270235812
21134 44 270235812
21135 44 270235812
21136 44 270235812
21137 44 270235812
21138 44 270235812
21139 44 270235812
21140 44 270235812
21141 44 270235812
21142 44 270235812
21143 44 270235812
21144 44 270235812
21145 44 270235812
21146 44 270235812
21147 44 270235812
21148 44 270235812
21149 44 270235812
21150 44 270235812
21151 44 270235812
21152 44 270235812
21153 44 270235812
21154 44 270235812
21155 44 270235812
21156 44 270235812
21157 44 270235812
21158 44 270235812
21159 44 270235812
21160 44 270235812
21161 44 270235812
21162 44 270235812
21163 44 270235812
21164 44 270235812
21165 44 270235812
21166 44 270235812
21167 44 270235812
21168 44 270235812
21169 44 270235812
21170 44 270235812
21171 44 270235812
21172 44 270235812
21173 44 270235812
21174 44 270235812
21175 44 270235812
21176 44 270235812
21177 44 270235812
21178 44 270235812
21179 44 270235812
21180 44 270235812
21181 44 270235812
21182 44 270235812
21183 44 270235812
21184 44 270235812
21185 44 270235812
21186 44 270235812
21187 44 270235812
21188 44 270235812
21189 44 270235812
21190 44 270235812
21191 44 270235812
21192 44 270235812
21193 44 270235812
21194 44 270235812
21195 44 270235812
21196 44 270235812
21197 44 270235812
21198 44 270235812
21199 44 270235812
21200 44 270235812
21201 44 270235812
21202 44 270235812
21203 44 270235812
21204 44 270235812
21205 44 270235812
21206 44 270235812
21207 44 270235812
21208 44 270235812
21209 44 270235812
21210 44 270235812
21211 44 270235812
21212 44 270235812
21213 44 270235812
21214 44 270235812
21215 44 270235812
21216 44 270235812
21217 44 270235812
21218 44 270235812
21219 44 270235812
21220 44 270235812
21221 44 270235812
21222 44 270235812
21223 44 270235812
21224 44 270235812
21225 44 270235812
21226 44 270235812
21227 44 270235812
21228 44 270235812
21229 44 270235812
21230 44 270235812
21231 44 270235812
21232 44 270235812
21233 44 270235812
21234 44 270235812
21235 44 270235812
21236 44 270235812
21237 44 270235812
21238 44 270235812
21239 44 270235812
21240 44 270235812
21241 44 270235812
21242 44 270235812
21243 44 270235812
21244 44 270235812
21245 44 270235812
21246 44 270235812
21247 44 270235812
21248 44 270235812
21249 44 270235812
21250 44 270235812
21251 44 270235812
21252 44 270235812
21253 44 270235812
21254 44 270235812
21255 44 270235812
21256 44 270235812
21257 44 270235812
21258 44 270235812
21259 44 270235812
21260 44 270235812
21261 44 270235812
21262 44 270235812
21263 44 270235812
21264 44 270235812
21265 44 270235812
21266 44 270235812
21267 44 270235812
21268 44 270235812
21269 44 270235812
21270 44 270235812
21271 44 270235812
21272 44 270235812
21273 44 270235812
21274 44 270235812
21275 44 270235812
21276 44 270235812
21277 44 270235812
21278 44 270235812
21279 44 270235812
21280 44 270235812
21281 44 270235812
21282 44 270235812
21283 44 270235812
21284 44 270235812
21285 44 270235812
21286 44 270235812
21287 44 270235812
21288 44 270235812
21289 44 270235812
21290 44 270235812
21291 44 270235812
21292 44 270235812
21293 44 270235812
21294 44 270235812
21295 44 270235812
21296 44 270235812
21297 44 270235812
21298 44 270235812
21299 44 270235812
21300 44 270235812
21301 44 270235812
21302 44 270235812
21303 44 270235812
21304 44 270235812
21305 44 270235812
21306 44 270235812
21307 44 270235812
21308 44 270235812
21309 44 270235812
21310 44 270235812
21311 44 270235812
21312 44 270235812
21313 44 270235812
21314 44 270235812
21315 44 270235812
21316 44 270235812
21317 44 270235812
21318 44 270235812
21319 44 270235812
21320 44 270235812
21321 44 270235812
21322 44 270235812
21323 44 270235812
21324 44 270235812
21325 44 270235812
21326 44 270235812
21327 44 270235812
21328 44 270235812
21329 44 270235812
21330 44 270235812
21331 44 270235812
21332 44 270235812
21333 44 270235812
21334 44 270235812
21335 44 270235812
21336 44 270235812
21337 44 270235812
21338 44 270235812
21339 44 270235812
21340 44 270235812
21341 44 270235812
21342 44 270235812
21343 44 270235812
21344 44 270235812
21345 44 270235812
21346 44 270235812
21347 44 270235812
21348 44 270235812
21349 44 270235812
21350 44 270235812
21351 44 270235812
21352 44 270235812
21353 44 270235812
21354 44 270235812
21355 44 270235812
21356 44 270235812
21357 44 270235812
21358 44 270235812
21359 44 270235812
21360 44 270235812
21361 44 270235812
21362 44 270235812
21363 44 270235812
21364 44 270235812
21365 44 270235812
21366 44 270235812
21367 44 270235812
21368 44 270235812
21369 44 270235812
21370 44 270235812
21371 44 270235812
21372 44 270235812
21373 44 270235812
21374 44 270235812
21375 44 270235812
21376 44 270235812
21377 44 270235812
21378 44 270235812
21379 44 270235812
21380 44 270235812
21381 44 270235812
21382 44 270235812
21383 44 270235812
21384 44 270235812
21385 44 270235812
21386 44 270235812
21387 44 270235812
21388 44 270235812
21389 44 270235812
21390 44 270235812
21391 44 270235812
21392 44 270235812
21393 44 270235812
21394 44 270235812
21395 44 270235812
21396 44 270235812
21397 44 270235812
21398 44 270235812
21399 44 270235812
21400 44 270235812
21401 44 270235812
21402 44 270235812
21403 44 270235812
21404 44 270235812
21405 44 270235812
21406 44 270235812
21407 44 270235812
21408 44 270235812
21409 44 270235812
21410 44 270235812
21411 44 270235812
21412 44 270235812
21413 44 270235812
21414 44 270235812
21415 44 270235812
21416 44 270235812
21417 44 270235812
21418 44 270235812
21419 44 270235812
21420 44 270235812
21421 44 270235812
21422 44 270235812
21423 44 270235812
21424 44 270235812
21425 44 270235812
21426 44 270235812
21427 44 270235812
21428 44 270235812
21429 44 270235812
21430 44 270235812
21431 44 270235812
21432 44 270235812
21433 44 270235812
21434 44 270235812
21435 44 270235812
21436 44 270235812
21437 44 270235812
21438 44 270235812
21439 44 270235812
21440 44 270235812
21441 44 270235812
21442 44 270235812
21443 44 270235812
21444 44 270235812
21445 44 270235812
21446 44 270235812
21447 44 270235812
21448 44 270235812
21449 44 270235812
21450 44 270235812
21451 44 270235812
21452 44 270235812
21453 44 270235812
21454 44 270235812
21455 44 270235812
21456 44 270235812
21457 44 270235812
21458 44 270235812
21459 44 270235812
21460 44 270235812
21461 44 270235812
21462 44 270235812
21463 44 270235812
21464 44 270235812
21465 44 270235812
21466 44 270235812
21467 44 270235812
21468 44 270235812
21469 44 270235812
21470 44 270235812
21471 44 270235812
21472 44 270235812
21473 44 270235812
21474 44 270235812
21475 44 270235812
21476 44 270235812
21477 44 270235812
21478 44 270235812
21479 44 270235812
21480 44 270235812
21481 44 270235812
21482 44 270235812
21483 44 270235812
21484 44 270235812
21485 44 270235812
21486 44 270235812
21487 44 270235812
21488 44 270235812
21489 44 270235812
21490 44 270235812
21491 44 270235812
21492 44 270235812
21493 44 270235812
21494 44 270235812
21495 44 270235812
21496 44 270235812
21497 44 270235812
21498 44 270235812
21499 44 270235812
21500 44 270235812
21501 44 270235812
21502 44 270235812
21503 44 270235812
21504 44 270235812
21505 44 270235812
21506 44 270235812
21507 44 270235812
21508 44 270235812
21509 44 270235812
21510 44 270235812
21511 44 270235812
21512 44 270235812
21513 44 270235812
21514 44 270235812
21515 44 270235812
21516 44 270235812
21517 44 270235812
21518 44 270235812
21519 44 270235812
21520 44 270235812
21521 44 270235812
21522 44 270235812
21523 44 270235812
21524 44 270235812
21525 44 270235812
21526 44 270235812
21527 44 270235812
21528 44 270235812
21529 44 270235812
21530 44 270235812
21531 44 270235812
21532 44 270235812
21533 44 270235812
21534 44 270235812
21535 44 270235812
21536 44 270235812
21537 44 270235812
21538 44 270235812
21539 44 270235812
21540 44 270235812
21541 44 270235812
21542 44 270235812
21543 44 270235812
21544 44 270235812
21545 44 270235812
21546 44 270235812
21547 44 270235812
21548 44 270235812
21549 44 270235812
21550 44 270235812
21551 44 270235812
21552 44 270235812
21553 44 270235812
21554 44 270235812
21555 44 270235812
21556 44 270235812
21557 44 270235812
21558 44 270235812
21559 44 270235812
21560 44 270235812
21561 44 270235812
21562 44 270235812
21563 44 270235812
21564 44 270235812
21565 44 270235812
21566 44 270235812
21567 44 270235812
21568 44 270235812
21569 44 270235812
21570 44 270235812
21571 44 270235812
21572 44 270235812
21573 44 270235812
21574 44 270235812
21575 44 270235812
21576 44 270235812
21577 44 270235812
21578 44 270235812
21579 44 270235812
21580 44 270235812
21581 44 270235812
21582 44 270235812
21583 44 270235812
21584 44 270235812
21585 44 270235812
21586 44 270235812
21587 44 270235812
21588 44 270235812
21589 44 270235812
21590 44 270235812
21591 44 270235812
21592 44 270235812
21593 44 270235812
21594 44 270235812
21595 44 270235812
21596 44 270235812
21597 44 270235812
21598 44 270235812
21599 44 270235812
21600 44 270235812
21601 44 270235812
21602 44 270235812
21603 44 270235812
21604 44 270235812
21605 44 270235812
21606 44 270235812
21607 44 270235812
21608 44 270235812
21609 44 270235812
21610 44 270235812
21611 44 270235812
21612 44 270235812
21613 44 270235812
21614 44 270235812
21615 44 270235812
21616 44 270235812
21617 44 270235812
21618 44 270235812
21619 44 270235812
21620 44 270235812
21621 44 270235812
21622 44 270235812
21623 44 270235812
21624 44 270235812
21625 44 270235812
21626 44 270235812
21627 44 270235812
21628 44 270235812
21629 44 270235812
21630 44 270235812
21631 44 270235812
21632 44 270235812
21633 44 270235812
21634 44 270235812
21635 44 270235812
21636 44 270235812
21637 44 270235812
21638 44 270235812
21639 44 270235812
21640 44 270235812
21641 44 270235812
21642 44 270235812
21643 44 270235812
21644 44 270235812
21645 44 270235812
21646 44 270235812
21647 44 270235812
21648 44 270235812
21649 44 270235812
21650 44 270235812
21651 44 270235812
21652 44 270235812
21653 44 270235812
21654 44 270235812
21655 44 270235812
21656 44 270235812
21657 44 270235812
21658 44 270235812
21659 44 270235812
21660 44 270235812
21661 44 270235812
21662 44 270235812
21663 44 270235812
21664 44 270235812
21665 44 270235812
21666 44 270235812
21667 44 270235812
21668 44 270235812
21669 44 270235812
21670 44 270235812
21671 44 270235812
21672 44 270235812
21673 44 270235812
21674 44 270235812
21675 44 270235812
21676 44 270235812
21677 44 270235812
21678 44 270235812
21679 44 270235812
21680 44 270235812
21681 44 270235812
21682 44 270235812
21683 44 270235812
21684 44 270235812
21685 44 270235812
21686 44 270235812
21687 44 270235812
21688 44 270235812
21689 44 270235812
21690 44 270235812
21691 44 270235812
21692 44 270235812
21693 44 270235812
21694 44 270235812
21695 44 270235812
21696 44 270235812
21697 44 270235812
21698 44 270235812
21699 44 270235812
21700 44 270235812
21701 44 270235812
21702 44 270235812
21703 44 270235812
21704 44 270235812
21705 44 270235812
21706 44 270235812
21707 44 270235812
21708 44 270235812
21709 44 270235812
21710 44 270235812
21711 44 270235812
21712 44 270235812
21713 44 270235812
21714 44 270235812
21715 44 270235812
21716 44 270235812
21717 44 270235812
21718 44 270235812
21719 44 270235812
21720 44 270235812
21721 44 270235812
21722 44 270235812
21723 44 270235812
21724 44 270235812
21725 44 270235812
21726 44 270235812
21727 44 270235812
21728 44 270235812
21729 44 270235812
21730 44 270235812
21731 44 270235812
21732 44 270235812
21733 44 270235812
21734 44 270235812
21735 44 270235812
21736 44 270235812
21737 44 270235812
21738 44 270235812
21739 44 270235812
21740 44 270235812
21741 44 270235812
21742 44 270235812
21743 44 270235812
21744 44 270235812
21745 44 270235812
21746 44 270235812
21747 44 270235812
21748 44 270235812
21749 44 270235812
21750 44 270235812
21751 44 270235812
21752 44 270235812
21753 44 270235812
21754 44 270235812
21755 44 270235812
21756 44 270235812
21757 44 270235812
21758 44 270235812
21759 44 270235812
21760 44 270235812
21761 44 270235812
21762 44 270235812
21763 44 270235812
21764 44 270235812
21765 44 270235812
21766 44 270235812
21767 44 270235812
21768 44 270235812
21769 44 270235812
21770 44 270235812
21771 44 270235812
21772 44 270235812
21773 44 270235812
21774 44 270235812
21775 44 270235812
21776 44 270235812
21777 44 270235812
21778 44 270235812
21779 44 270235812
21780 44 270235812
21781 44 270235812
21782 44 270235812
21783 44 270235812
21784 44 270235812
21785 44 270235812
21786 44 270235812
21787 44 270235812
21788 44 270235812
21789 44 270235812
21790 44 270235812
21791 44 270235812
21792 44 270235812
21793 44 270235812
21794 44 270235812
21795 44 270235812
21796 44 270235812
21797 44 270235812
21798 44 270235812
21799 44 270235812
21800 44 270235812
21801 44 270235812
21802 44 270235812
21803 44 270235812
21804 44 270235812
21805 44 270235812
21806 44 270235812
21807 44 270235812
21808 44 270235812
21809 44 270235812
21810 44 270235812
21811 44 270235812
21812 44 270235812
21813 44 270235812
21814 44 270235812
21815 44 270235812
21816 44 270235812
21817 44 270235812
21818 44 270235812
21819 44 270235812
21820 44 270235812
21821 44 270235812
21822 44 270235812
21823 44 270235812
21824 44 270235812
21825 44 270235812
21826 44 270235812
21827 44 270235812
21828 44 270235812
21829 44 270235812
21830 44 270235812
21831 44 270235812
21832 44 270235812
21833 44 270235812
21834 44 270235812
21835 44 270235812
21836 44 270235812
21837 44 270235812
21838 44 270235812
21839 44 270235812
21840 44 270235812
21841 44 270235812
21842 44 270235812
21843 44 270235812
21844 44 270235812
21845 44 270235812
21846 44 270235812
21847 44 270235812
21848 44 270235812
21849 44 270235812
21850 44 270235812
21851 44 270235812
21852 44 270235812
21853 44 270235812
21854 44 270235812
21855 44 270235812
21856 44 270235812
21857 44 270235812
21858 44 270235812
21859 44 270235812
21860 44 270235812
21861 44 270235812
21862 44 270235812
21863 44 270235812
21864 44 270235812
21865 44 270235812
21866 44 270235812
21867 44 270235812
21868 44 270235812
21869 44 270235812
21870 44 270235812
21871 44 270235812
21872 44 270235812
21873 44 270235812
21874 44 270235812
21875 44 270235812
21876 44 270235812
21877 44 270235812
21878 44 270235812
21879 44 270235812
21880 44 270235812
21881 44 270235812
21882 44 270235812
21883 44 270235812
21884 44 270235812
21885 44 270235812
21886 44 270235812
21887 44 270235812
21888 44 270235812
21889 44 270235812
21890 44 270235812
21891 44 270235812
21892 44 270235812
21893 44 270235812
21894 44 270235812
21895 44 270235812
21896 44 270235812
21897 44 270235812
21898 44 270235812
21899 44 270235812
21900 44 270235812
21901 44 270235812
21902 44 270235812
21903 44 270235812
21904 44 270235812
21905 44 270235812
21906 44 270235812
21907 44 270235812
21908 44 270235812
21909 44 270235812
21910 44 270235812
21911 44 270235812
21912 44 270235812
21913 44 270235812
21914 44 270235812
21915 44 270235812
21916 44 270235812
21917 44 270235812
21918 44 270235812
21919 44 270235812
21920 44 270235812
21921 44 270235812
21922 44 270235812
21923 44 270235812
21924 44 270235812
21925 44 270235812
21926 44 270235812
21927 44 270235812
21928 44 270235812
21929 44 270235812
21930 44 270235812
21931 44 270235812
21932 44 270235812
21933 44 270235812
21934 44 270235812
21935 44 270235812
21936 44 270235812
21937 44 270235812
21938 44 270235812
21939 44 270235812
21940 44 270235812
21941 44 270235812
21942 44 270235812
21943 44 270235812
21944 44 270235812
21945 44 270235812
21946 44 270235812
21947 44 270235812
21948 44 270235812
21949 44 270235812
21950 44 270235812
21951 44 270235812
21952 44 270235812
21953 44 270235812
21954 44 270235812
21955 44 270235812
21956 44 270235812
21957 44 270235812
21958 44 270235812
21959 44 270235812
21960 44 270235812
21961 44 270235812
21962 44 270235812
21963 44 270235812
21964 44 270235812
21965 44 270235812
21966 44 270235812
21967 44 270235812
21968 44 270235812
21969 44 270235812
21970 44 270235812
21971 44 270235812
21972 44 270235812
21973 44 270235812
21974 44 270235812
21975 44 270235812
21976 44 270235812
21977 44 270235812
21978 44 270235812
21979 44 270235812
21980 44 270235812
21981 44 270235812
21982 44 270235812
21983 44 270235812
21984 44 270235812
21985 44 270235812
21986 44 270235812
21987 44 270235812
21988 44 270235812
21989 44 270235812
21990 44 270235812
21991 44 270235812
21992 44 270235812
21993 44 270235812
21994 44 270235812
21995 44 270235812
21996 44 270235812
21997 44 270235812
21998 44 270235812
21999 44 270235812
22000 44 270235812
22001 44 270235812
22002 44 270235812
22003 44 270235812
22004 44 270235812
22005 44 270235812
22006 44 270235812
22007 44 270235812
22008 44 270235812
22009 44 270235812
22010 44 270235812
22011 44 270235812
22012 44 270235812
22013 44 270235812
22014 44 270235812
22015 44 270235812
22016 44 270235812
22017 44 270235812
22018 44 270235812
22019 44 270235812
22020 44 270235812
22021 44 270235812
22022 44 270235812
22023 44 270235812
22024 44 270235812
22025 44 270235812
22026 44 270235812
22027 44 270235812
22028 44 270235812
22029 44 270235812
22030 44 270235812
22031 44 270235812
22032 44 270235812
22033 44 270235812
22034 44 270235812
22035 44 270235812
22036 44 270235812
22037 44 270235812
22038 44 270235812
22039 44 270235812
22040 44 270235812
22041 44 270235812
22042 44 270235812
22043 44 270235812
22044 44 270235812
22045 44 270235812
22046 44 270235812
22047 44 270235812
22048 44 270235812
22049 44 270235812
22050 44 270235812
22051 44 270235812
22052 44 270235812
22053 44 270235812
22054 44 270235812
22055 44 270235812
22056 44 270235812
22057 44 270235812
22058 44 270235812
22059 44 270235812
22060 44 270235812
22061 44 270235812
22062 44 270235812
22063 44 270235812
22064 44 270235812
22065 44 270235812
22066 44 270235812
22067 44 270235812
22068 44 270235812
22069 44 270235812
22070 44 270235812
22071 44 270235812
22072 44 270235812
22073 44 270235812
22074 44 270235812
22075 44 270235812
22076 44 270235812
22077 44 270235812
22078 44 270235812
22079 44 270235812
22080 44 270235812
22081 44 270235812
22082 44 270235812
22083 44 270235812
22084 44 270235812
22085 44 270235812
22086 44 270235812
22087 44 270235812
22088 44 270235812
22089 44 270235812
22090 44 270235812
22091 44 270235812
22092 44 270235812
22093 44 270235812
22094 44 270235812
22095 44 270235812
22096 44 270235812
22097 44 270235812
22098 44 270235812
22099 44 270235812
22100 44 270235812
22101 44 270235812
22102 44 270235812
22103 44 270235812
22104 44 270235812
22105 44 270235812
22106 44 270235812
22107 44 270235812
22108 44 270235812
22109 44 270235812
22110 44 270235812
22111 44 270235812
22112 44 270235812
22113 44 270235812
22114 44 270235812
22115 44 270235812
22116 44 270235812
22117 44 270235812
22118 44 270235812
22119 44 270235812
22120 44 270235812
22121 44 270235812
22122 44 270235812
22123 44 270235812
22124 44 270235812
22125 44 270235812
22126 44 270235812
22127 44 270235812
22128 44 270235812
22129 44 270235812
22130 44 270235812
22131 44 270235812
22132 44 270235812
22133 44 270235812
22134 44 270235812
22135 44 270235812
22136 44 270235812
22137 44 270235812
22138 44 270235812
22139 44 270235812
22140 44 270235812
22141 44 270235812
22142 44 270235812
22143 44 270235812
22144 44 270235812
22145 44 270235812
22146 44 270235812
22147 44 270235812
22148 44 270235812
22149 44 270235812
22150 44 270235812
22151 44 270235812
22152 44 270235812
22153 44 270235812
22154 44 270235812
22155 44 270235812
22156 44 270235812
22157 44 270235812
22158 44 270235812
22159 44 270235812
22160 44 270235812
22161 44 270235812
22162 44 270235812
22163 44 270235812
22164 44 270235812
22165 44 270235812
22166 44 270235812
22167 44 270235812
22168 44 270235812
22169 44 270235812
22170 44 270235812
22171 44 270235812
22172 44 270235812
22173 44 270235812
22174 44 270235812
22175 44 270235812
22176 44 270235812
22177 46 430876919
22178 46 430876919
22179 46 430876919
22180 46 430876919
22181 46 430876919
22182 46 430876919
22183 46 430876919
22184 46 430876919
22185 46 430876919
22186 46 430876919
22187 46 430876919
22188 46 430876919
22189 46 430876919
22190 46 430876919
22191 46 430876919
22192 46 430876919
22193 46 430876919
22194 46 430876919
22195 46 430876919
22196 46 430876919
22197 46 430876919
22198 46 430876919
22199 46 430876919
22200 46 430876919
22201 46 430876919
22202 46 430876919
22203 46 430876919
22204 46 430876919
22205 46 430876919
22206 46 430876919
22207 46 430876919
22208 46 430876919
22209 46 430876919
22210 46 430876919
22211 46 430876919
22212 46 430876919
22213 46 430876919
22214 46 430876919
22215 46 430876919
22216 46 430876919
22217 46 430876919
22218 46 430876919
22219 46 430876919
22220 46 430876919
22221 46 430876919
22222 46 430876919
22223 46 430876919
22224 46 430876919
22225 46 430876919
22226 46 430876919
22227 46 430876919
22228 46 430876919
22229 46 430876919
22230 46 430876919
22231 46 430876919
22232 46 430876919
22233 46 430876919
22234 46 430876919
22235 46 430876919
22236 46 430876919
22237 46 430876919
22238 46 430876919
22239 46 430876919
22240 46 430876919
22241 46 430876919
22242 46 430876919
22243 46 430876919
22244 46 430876919
22245 46 430876919
22246 46 430876919
22247 46 430876919
22248 46 430876919
22249 46 430876919
22250 46 430876919
22251 46 430876919
22252 46 430876919
22253 46 430876919
22254 46 430876919
22255 46 430876919
22256 46 430876919
22257 46 430876919
22258 46 430876919
22259 46 430876919
22260 46 430876919
22261 46 430876919
22262 46 430876919
22263 46 430876919
22264 46 430876919
22265 46 430876919
22266 46 430876919
22267 46 430876919
22268 46 430876919
22269 46 430876919
22270 46 430876919
22271 46 430876919
22272 46 430876919
22273 46 430876919
22274 46 430876919
22275 46 430876919
22276 46 430876919
22277 46 430876919
22278 46 430876919
22279 46 430876919
22280 46 430876919
22281 46 430876919
22282 46 430876919
22283 46 430876919
22284 46 430876919
22285 46 430876919
22286 46 430876919
22287 46 430876919
22288 46 430876919
22289 46 430876919
22290 46 430876919
22291 46 430876919
22292 46 430876919
22293 46 430876919
22294 46 430876919
22295 46 430876919
22296 46 430876919
22297 46 430876919
22298 46 430876919
22299 46 430876919
22300 46 430876919
22301 46 430876919
22302 46 430876919
22303 46 430876919
22304 46 430876919
22305 46 430876919
22306 46 430876919
22307 46 430876919
22308 46 430876919
22309 46 430876919
22310 46 430876919
22311 46 430876919
22312 46 430876919
22313 46 430876919
22314 46 430876919
22315 46 430876919
22316 46 430876919
22317 46 430876919
22318 46 430876919
22319 46 430876919
22320 46 430876919
22321 46 430876919
22322 46 430876919
22323 46 430876919
22324 46 430876919
22325 46 430876919
22326 46 430876919
22327 46 430876919
22328 46 430876919
22329 46 430876919
22330 46 430876919
22331 46 430876919
22332 46 430876919
22333 46 430876919
22334 46 430876919
22335 46 430876919
22336 46 430876919
22337 46 430876919
22338 46 430876919
22339 46 430876919
22340 46 430876919
22341 46 430876919
22342 46 430876919
22343 46 430876919
22344 46 430876919
22345 46 430876919
22346 46 430876919
22347 46 430876919
22348 46 430876919
22349 46 430876919
22350 46 430876919
22351 46 430876919
22352 46 430876919
22353 46 430876919
22354 46 430876919
22355 46 430876919
22356 46 430876919
22357 46 430876919
22358 46 430876919
22359 46 430876919
22360 46 430876919
22361 46 430876919
22362 46 430876919
22363 46 430876919
22364 46 430876919
22365 46 430876919
22366 46 430876919
22367 46 430876919
22368 46 430876919
22369 46 430876919
22370 46 430876919
22371 46 430876919
22372 46 430876919
22373 46 430876919
22374 46 430876919
22375 46 430876919
22376 46 430876919
22377 46 430876919
22378 46 430876919
22379 46 430876919
22380 46 430876919
22381 46 430876919
22382 46 430876919
22383 46 430876919
22384 46 430876919
22385 46 430876919
22386 46 430876919
22387 46 430876919
22388 46 430876919
22389 46 430876919
22390 46 430876919
22391 46 430876919
22392 46 430876919
22393 46 430876919
22394 46 430876919
22395 46 430876919
22396 46 430876919
22397 46 430876919
22398 46 430876919
22399 46 430876919
22400 46 430876919
22401 46 430876919
22402 46 430876919
22403 46 430876919
22404 46 430876919
22405 46 430876919
22406 46 430876919
22407 46 430876919
22408 46 430876919
22409 46 430876919
22410 46 430876919
22411 46 430876919
22412 46 430876919
22413 46 430876919
22414 46 430876919
22415 46 430876919
22416 46 430876919
22417 46 430876919
22418 46 430876919
22419 46 430876919
22420 46 430876919
22421 46 430876919
22422 46 430876919
22423 46 430876919
22424 46 430876919
22425 46 430876919
22426 46 430876919
22427 46 430876919
22428 46 430876919
22429 46 430876919
22430 46 430876919
22431 46 430876919
22432 46 430876919
22433 46 430876919
22434 46 430876919
22435 46 430876919
22436 46 430876919
22437 46 430876919
22438 46 430876919
22439 46 430876919
22440 46 430876919
22441 46 430876919
22442 46 430876919
22443 46 430876919
22444 46 430876919
22445 46 430876919
22446 46 430876919
22447 46 430876919
22448 46 430876919
22449 46 430876919
22450 46 430876919
22451 46 430876919
22452 46 430876919
22453 46 430876919
22454 46 430876919
22455 46 430876919
22456 46 430876919
22457 46 430876919
22458 46 430876919
22459 46 430876919
22460 46 430876919
22461 46 430876919
22462 46 430876919
22463 46 430876919
22464 46 430876919
22465 46 430876919
22466 46 430876919
22467 46 430876919
22468 46 430876919
22469 46 430876919
22470 46 430876919
22471 46 430876919
22472 46 430876919
22473 46 430876919
22474 46 430876919
22475 46 430876919
22476 46 430876919
22477 46 430876919
22478 46 430876919
22479 46 430876919
22480 46 430876919
22481 46 430876919
22482 46 430876919
22483 46 430876919
22484 46 430876919
22485 46 430876919
22486 46 430876919
22487 46 430876919
22488 46 430876919
22489 46 430876919
22490 46 430876919
22491 46 430876919
22492 46 430876919
22493 46 430876919
22494 46 430876919
22495 46 430876919
22496 46 430876919
22497 46 430876919
22498 46 430876919
22499 46 430876919
22500 46 430876919
22501 46 430876919
22502 46 430876919
22503 46 430876919
22504 46 430876919
22505 46 430876919
22506 46 430876919
22507 46 430876919
22508 46 430876919
22509 46 430876919
22510 46 430876919
22511 46 430876919
22512 46 430876919
22513 46 430876919
22514 46 430876919
22515 46 430876919
22516 46 430876919
22517 46 430876919
22518 46 430876919
22519 46 430876919
22520 46 430876919
22521 46 430876919
22522 46 430876919
22523 46 430876919
22524 46 430876919
22525 46 430876919
22526 46 430876919
22527 46 430876919
22528 46 430876919
22529 46 430876919
22530 46 430876919
22531 46 430876919
22532 46 430876919
22533 46 430876919
22534 46 430876919
22535 46 430876919
22536 46 430876919
22537 46 430876919
22538 46 430876919
22539 46 430876919
22540 46 430876919
22541 46 430876919
22542 46 430876919
22543 46 430876919
22544 46 430876919
22545 46 430876919
22546 46 430876919
22547 46 430876919
22548 46 430876919
22549 46 430876919
22550 46 430876919
22551 46 430876919
22552 46 430876919
22553 46 430876919
22554 46 430876919
22555 46 430876919
22556 46 430876919
22557 46 430876919
22558 46 430876919
22559 46 430876919
22560 46 430876919
22561 46 430876919
22562 46 430876919
22563 46 430876919
22564 46 430876919
22565 46 430876919
22566 46 430876919
22567 46 430876919
22568 46 430876919
22569 46 430876919
22570 46 430876919
22571 46 430876919
22572 46 430876919
22573 46 430876919
22574 46 430876919
22575 46 430876919
22576 46 430876919
22577 46 430876919
22578 46 430876919
22579 46 430876919
22580 46 430876919
22581 46 430876919
22582 46 430876919
22583 46 430876919
22584 46 430876919
22585 46 430876919
22586 46 430876919
22587 46 430876919
22588 46 430876919
22589 46 430876919
22590 46 430876919
22591 46 430876919
22592 46 430876919
22593 46 430876919
22594 46 430876919
22595 46 430876919
22596 46 430876919
22597 46 430876919
22598 46 430876919
22599 46 430876919
22600 46 430876919
22601 46 430876919
22602 46 430876919
22603 46 430876919
22604 46 430876919
22605 46 430876919
22606 46 430876919
22607 46 430876919
22608 46 430876919
22609 46 430876919
22610 46 430876919
22611 46 430876919
22612 46 430876919
22613 46 430876919
22614 46 430876919
22615 46 430876919
22616 46 430876919
22617 46 430876919
22618 46 430876919
22619 46 430876919
22620 46 430876919
22621 46 430876919
22622 46 430876919
22623 46 430876919
22624 46 430876919
22625 46 430876919
22626 46 430876919
22627 46 430876919
22628 46 430876919
22629 46 430876919
22630 46 430876919
22631 46 430876919
22632 46 430876919
22633 46 430876919
22634 46 430876919
22635 46 430876919
22636 46 430876919
22637 46 430876919
22638 46 430876919
22639 46 430876919
22640 46 430876919
22641 46 430876919
22642 46 430876919
22643 46 430876919
22644 46 430876919
22645 46 430876919
22646 46 430876919
22647 46 430876919
22648 46 430876919
22649 46 430876919
22650 46 430876919
22651 46 430876919
22652 46 430876919
22653 46 430876919
22654 46 430876919
22655 46 430876919
22656 46 430876919
22657 46 430876919
22658 46 430876919
22659 46 430876919
22660 46 430876919
22661 46 430876919
22662 46 430876919
22663 46 430876919
22664 46 430876919
22665 46 430876919
22666 46 430876919
22667 46 430876919
22668 46 430876919
22669 46 430876919
22670 46 430876919
22671 46 430876919
22672 46 430876919
22673 46 430876919
22674 46 430876919
22675 46 430876919
22676 46 430876919
22677 46 430876919
22678 46 430876919
22679 46 430876919
22680 46 430876919
22681 46 430876919
22682 46 430876919
22683 46 430876919
22684 46 430876919
22685 46 430876919
22686 46 430876919
22687 46 430876919
22688 46 430876919
22689 46 430876919
22690 46 430876919
22691 46 430876919
22692 46 430876919
22693 46 430876919
22694 46 430876919
22695 46 430876919
22696 46 430876919
22697 46 430876919
22698 46 430876919
22699 46 430876919
22700 46 430876919
22701 46 430876919
22702 46 430876919
22703 46 430876919
22704 46 430876919
22705 46 430876919
22706 46 430876919
22707 46 430876919
22708 46 430876919
22709 46 430876919
22710 46 430876919
22711 46 430876919
22712 46 430876919
22713 46 430876919
22714 46 430876919
22715 46 430876919
22716 46 430876919
22717 46 430876919
22718 46 430876919
22719 46 430876919
22720 46 430876919
22721 46 430876919
22722 46 430876919
22723 46 430876919
22724 46 430876919
22725 46 430876919
22726 46 430876919
22727 46 430876919
22728 46 430876919
22729 46 430876919
22730 46 430876919
22731 46 430876919
22732 46 430876919
22733 46 430876919
22734 46 430876919
22735 46 430876919
22736 46 430876919
22737 46 430876919
22738 46 430876919
22739 46 430876919
22740 46 430876919
22741 46 430876919
22742 46 430876919
22743 46 430876919
22744 46 430876919
22745 46 430876919
22746 46 430876919
22747 46 430876919
22748 46 430876919
22749 46 430876919
22750 46 430876919
22751 46 430876919
22752 46 430876919
22753 46 430876919
22754 46 430876919
22755 46 430876919
22756 46 430876919
22757 46 430876919
22758 46 430876919
22759 46 430876919
22760 46 430876919
22761 46 430876919
22762 46 430876919
22763 46 430876919
22764 46 430876919
22765 46 430876919
22766 46 430876919
22767 46 430876919
22768 46 430876919
22769 46 430876919
22770 46 430876919
22771 46 430876919
22772 46 430876919
22773 46 430876919
22774 46 430876919
22775 46 430876919
22776 46 430876919
22777 46 430876919
22778 46 430876919
22779 46 430876919
22780 46 430876919
22781 46 430876919
22782 46 430876919
22783 46 430876919
22784 46 430876919
22785 46 430876919
22786 46 430876919
22787 46 430876919
22788 46 430876919
22789 46 430876919
22790 46 430876919
22791 46 430876919
22792 46 430876919
22793 46 430876919
22794 46 430876919
22795 46 430876919
22796 46 430876919
22797 46 430876919
22798 46 430876919
22799 46 430876919
22800 46 430876919
22801 46 430876919
22802 46 430876919
22803 46 430876919
22804 46 430876919
22805 46 430876919
22806 46 430876919
22807 46 430876919
22808 46 430876919
22809 46 430876919
22810 46 430876919
22811 46 430876919
22812 46 430876919
22813 46 430876919
22814 46 430876919
22815 46 430876919
22816 46 430876919
22817 46 430876919
22818 46 430876919
22819 46 430876919
22820 46 430876919
22821 46 430876919
22822 46 430876919
22823 46 430876919
22824 46 430876919
22825 46 430876919
22826 46 430876919
22827 46 430876919
22828 46 430876919
22829 46 430876919
22830 46 430876919
22831 46 430876919
22832 46 430876919
22833 46 430876919
22834 46 430876919
22835 46 430876919
22836 46 430876919
22837 46 430876919
22838 46 430876919
22839 46 430876919
22840 46 430876919
22841 46 430876919
22842 46 430876919
22843 46 430876919
22844 46 430876919
22845 46 430876919
22846 46 430876919
22847 46 430876919
22848 46 430876919
22849 46 430876919
22850 46 430876919
22851 46 430876919
22852 46 430876919
22853 46 430876919
22854 46 430876919
22855 46 430876919
22856 46 430876919
22857 46 430876919
22858 46 430876919
22859 46 430876919
22860 46 430876919
22861 46 430876919
22862 46 430876919
22863 46 430876919
22864 46 430876919
22865 46 430876919
22866 46 430876919
22867 46 430876919
22868 46 430876919
22869 46 430876919
22870 46 430876919
22871 46 430876919
22872 46 430876919
22873 46 430876919
22874 46 430876919
22875 46 430876919
22876 46 430876919
22877 46 430876919
22878 46 430876919
22879 46 430876919
22880 46 430876919
22881 46 430876919
22882 46 430876919
22883 46 430876919
22884 46 430876919
22885 46 430876919
22886 46 430876919
22887 46 430876919
22888 46 430876919
22889 46 430876919
22890 46 430876919
22891 46 430876919
22892 46 430876919
22893 46 430876919
22894 46 430876919
22895 46 430876919
22896 46 430876919
22897 46 430876919
22898 46 430876919
22899 46 430876919
22900 46 430876919
22901 46 430876919
22902 46 430876919
22903 46 430876919
22904 46 430876919
22905 46 430876919
22906 46 430876919
22907 46 430876919
22908 46 430876919
22909 46 430876919
22910 46 430876919
22911 46 430876919
22912 46 430876919
22913 46 430876919
22914 46 430876919
22915 46 430876919
22916 46 430876919
22917 46 430876919
22918 46 430876919
22919 46 430876919
22920 46 430876919
22921 46 430876919
22922 46 430876919
22923 46 430876919
22924 46 430876919
22925 46 430876919
22926 46 430876919
22927 46 430876919
22928 46 430876919
22929 46 430876919
22930 46 430876919
