1 0 -1
2 0 -1
3 3 5
4 3 7
5 3 9
6 3 11
7 4 40
8 4 56
9 4 56
10 4 60
11 5 85
12 6 120
13 6 154
14 5 120
15 6 162
16 6 162
17 6 210
18 6 210
19 6 210
20 6 210
21 8 352
22 8 352
23 8 352
24 8 352
25 8 352
26 7 630
27 8 705
28 8 705
29 8 705
30 8 784
31 8 432
32 8 784
33 8 784
34 8 784
35 8 784
36 8 784
37 8 784
38 8 784
39 8 784
40 7 903
41 9 1431
42 9 1431
43 10 770
44 9 1431
45 9 1431
46 9 1431
47 9 1431
48 9 1431
49 9 1431
50 9 1431
51 9 1431
52 9 1431
53 10 1430
54 10 1430
55 10 1430
56 10 1430
57 10 1430
58 10 1430
59 10 1430
60 10 1430
61 10 1430
62 10 1430
63 10 1430
64 10 1430
65 10 1430
66 10 1430
67 10 1430
68 10 1430
69 12 4200
70 12 4200
71 12 4200
72 12 4200
73 10 1430
74 10 1430
75 10 1430
76 10 1430
77 11 5461
78 11 5461
79 12 2760
80 12 2760
81 12 2760
82 11 2760
83 12 3978
84 11 2760
85 11 2760
86 11 2760
87 11 5461
88 11 5461
89 13 5782
90 13 5782
91 11 5461
92 11 5461
93 11 5461
94 11 5461
95 11 5461
96 11 5461
97 15 7755
98 11 5461
99 11 5461
100 11 5461
101 13 4033
102 11 5461
103 11 5461
104 12 10626
105 12 10626
106 12 10626
107 13 6734
108 13 6734
109 13 6734
110 13 6734
111 13 6734
112 13 6734
113 13 6734
114 13 6734
115 13 6734
116 13 6734
117 13 6734
118 13 6734
119 13 6734
120 13 6734
121 13 6734
122 13 6734
123 13 6734
124 13 6734
125 13 6734
126 13 6734
127 13 6734
128 13 6734
129 13 6734
130 13 6734
131 13 6734
132 13 6734
133 13 6734
134 13 6734
135 13 6734
136 13 6734
137 13 6734
138 13 6734
139 15 11664
140 14 7922
141 14 7922
142 13 14365
143 13 7569
144 13 7569
145 13 7569
146 13 7569
147 14 21546
148 14 21546
149 14 21546
150 14 21546
151 14 21546
152 14 21546
153 14 21546
154 14 21546
155 14 21546
156 14 21546
157 14 21546
158 14 21546
159 13 14365
160 13 14365
161 13 14365
162 13 14365
163 14 21186
164 13 14365
165 13 14365
166 13 14365
167 13 14365
168 13 14365
169 13 14365
170 13 14365
171 13 14365
172 13 14365
173 16 17120
174 16 17120
175 16 17120
176 16 17120
177 16 17120
178 16 17120
179 16 17120
180 16 17120
181 16 17120
182 16 14365
183 16 14365
184 16 14365
185 16 14365
186 16 14365
187 16 14365
188 16 14365
189 16 14365
190 16 14365
191 16 14365
192 16 14365
193 16 14365
194 16 14365
195 16 14365
196 16 14365
197 17 14365
198 17 14365
199 17 14365
200 17 14365
201 17 14365
202 17 14365
203 17 14365
204 17 14365
205 17 14365
206 17 14365
207 17 14365
208 17 14365
209 17 14365
210 17 14365
211 17 14365
212 17 14365
213 17 14365
214 17 14365
215 17 14365
216 17 14365
217 17 14365
218 17 14365
219 17 14365
220 17 14365
221 18 14364
222 18 14364
223 18 14364
224 18 14364
225 16 45904
226 16 45904
227 16 45904
228 16 45904
229 16 45904
230 16 45904
231 16 45904
232 16 45904
233 16 45904
234 16 45904
235 16 45904
236 16 45904
237 16 45904
238 16 45904
239 17 39911
240 17 39911
241 16 45904
242 16 45904
243 16 45904
244 16 45904
245 16 45904
246 16 45904
247 16 45904
248 16 45904
249 18 44556
250 18 44556
251 18 44556
252 18 44556
253 18 44556
254 18 44556
255 18 44556
256 18 44556
257 18 44556
258 18 44556
259 18 44556
260 18 44556
261 18 44556
262 18 44556
263 18 44556
264 18 44556
265 18 44556
266 18 44556
267 18 44556
268 18 44556
269 18 41422
270 17 70533
271 17 70533
272 17 70533
273 17 70533
274 17 70533
275 17 70533
276 17 70533
277 20 66470
278 17 70533
279 17 70533
280 17 70533
281 17 70533
282 17 70533
283 17 70533
284 17 70533
285 17 70533
286 17 70533
287 17 70533
288 17 70533
289 17 70533
290 17 70533
291 17 70533
292 16 70152
293 16 70152
294 16 70152
295 16 70152
296 16 70152
297 17 63252
298 17 63252
299 17 63252
300 17 63252
301 17 63252
302 17 63252
303 17 63252
304 17 63252
305 17 63252
306 17 63252
307 17 63252
308 17 63252
309 17 63252
310 17 63252
311 20 90180
312 17 63252
313 17 63252
314 17 63252
315 17 63252
316 17 63252
317 17 63252
318 17 63252
319 17 63252
320 16 70152
321 16 70152
322 16 70152
323 16 24864
324 16 24864
325 16 24864
326 16 24864
327 16 24864
328 16 24864
329 16 24864
330 16 24864
331 16 24864
332 16 24864
333 16 24864
334 16 24864
335 16 24864
336 16 24864
337 17 113103
338 17 113103
339 17 113103
340 17 113103
341 17 113103
342 17 113103
343 17 113103
344 17 113103
345 17 113103
346 17 113103
347 17 113103
348 17 113103
349 17 113103
350 17 113103
351 17 113103
352 17 113103
353 17 113103
354 17 113103
355 17 113103
356 17 113103
357 17 113103
358 17 113103
359 17 113103
360 17 113103
361 17 113103
362 17 113103
363 17 113103
364 17 113103
365 17 113103
366 17 113103
367 17 113103
368 17 113103
369 17 113103
370 17 113103
371 17 113103
372 17 113103
373 20 127926
374 20 127926
375 20 127926
376 20 127926
377 20 127926
378 20 127926
379 19 139128
380 19 139128
381 19 139128
382 19 139128
383 20 137865
384 19 139128
385 19 139128
386 19 139128
387 17 113103
388 17 113103
389 17 113103
390 17 113103
391 17 113103
392 17 113103
393 17 113103
394 17 113103
395 19 136656
396 17 152164
397 17 152164
398 17 152164
399 17 152164
400 17 152164
401 17 152164
402 17 152164
403 19 97921
404 19 97921
405 19 97921
406 19 97921
407 19 97921
408 19 97921
409 19 97921
410 19 97921
411 19 97921
412 18 166296
413 18 166296
414 18 166296
415 18 161425
416 18 161425
417 18 161425
418 18 161425
419 18 161425
420 18 161425
421 18 161425
422 18 161425
423 18 161425
424 18 161425
425 18 161425
426 22 180648
427 22 180648
428 22 180648
429 22 180648
430 22 180648
431 22 180648
432 22 180648
433 22 180648
434 22 180648
435 22 180648
436 22 180648
437 22 180648
438 22 180648
439 18 45450
440 18 45450
441 18 45450
442 18 45450
443 20 159909
444 20 159909
445 20 159909
446 20 159909
447 20 159909
448 20 159909
449 20 159909
450 20 159909
451 20 159909
452 20 159909
453 25 159904
454 25 159904
455 25 159904
456 25 159904
457 25 159904
458 25 159904
459 25 159904
460 23 159906
461 23 159906
462 23 159906
463 23 159906
464 23 159906
465 23 159906
466 23 159906
467 23 159906
468 23 159906
469 23 159906
470 23 159906
471 23 159906
472 23 159906
473 23 159906
474 23 159906
475 23 159906
476 23 159906
477 23 159906
478 23 159906
479 23 159906
480 23 159906
481 23 159906
482 23 159906
483 23 159906
484 23 159906
485 23 159906
486 23 159906
487 23 159906
488 23 159906
489 23 159906
490 23 159906
491 23 159906
492 23 159906
493 23 159906
494 23 159906
495 23 159906
496 23 159906
497 23 159906
498 23 159906
499 23 159906
500 23 159906
501 23 159906
502 23 159906
503 23 159906
504 23 159906
505 23 159906
506 23 159906
507 23 159906
508 23 159906
509 23 159906
510 23 159906
511 23 159906
512 23 159906
513 23 159906
514 23 159906
515 23 159906
516 23 159906
517 23 159906
518 23 159906
519 23 159906
520 23 159906
521 23 159906
522 23 159906
523 23 159906
524 23 159906
525 23 159906
526 23 159906
527 23 159906
528 23 159906
529 23 159906
530 21 269895
531 21 269895
532 21 269895
533 21 269895
534 21 269895
535 21 269895
536 21 269895
537 21 269895
538 21 269895
539 21 269895
540 21 269895
541 21 269895
542 21 269895
543 21 269895
544 21 269895
545 21 269895
546 21 269895
547 21 269895
548 21 269895
549 21 269895
550 21 269895
551 21 269895
552 21 269895
553 21 269895
554 21 269895
555 21 269895
556 21 269895
557 21 269895
558 21 269895
559 21 269895
560 21 269895
561 21 269895
562 21 269895
563 21 269895
564 21 269895
565 21 269895
566 21 269895
567 21 269895
568 21 269895
569 21 269895
570 21 269895
571 21 269895
572 21 269895
573 21 269895
574 21 269895
575 21 269895
576 21 269895
577 21 269895
578 21 269895
579 21 269895
580 21 269895
581 21 269895
582 21 269895
583 21 269895
584 21 269895
585 21 269895
586 21 269895
587 21 269895
588 21 269895
589 21 269895
590 21 269895
591 21 269895
592 21 269895
593 21 269895
594 21 269895
595 21 280644
596 21 280644
597 21 280644
598 21 280644
599 21 280644
600 21 280644
601 21 280644
602 21 280644
603 21 280644
604 21 280644
605 21 280644
606 21 280644
607 21 280644
608 21 280644
609 21 280644
610 21 280644
611 21 280644
612 21 280644
613 21 280644
614 21 280644
615 21 280644
616 21 280644
617 22 360938
618 22 360938
619 22 360938
620 22 360938
621 22 360938
622 22 360938
623 22 360938
624 22 360938
625 22 360938
626 22 360938
627 22 360938
628 22 360938
629 22 360938
630 22 360938
631 22 360938
632 22 360938
633 22 360938
634 22 360938
635 22 360938
636 22 360938
637 22 360938
638 22 360938
639 22 360938
640 22 360938
641 22 360938
642 22 360938
643 22 360938
644 22 360938
645 22 360938
646 22 360938
647 22 360938
648 22 360938
649 22 360938
650 22 360938
651 22 360938
652 22 360938
653 22 360938
654 22 360938
655 22 360938
656 22 360938
657 22 360938
658 22 360938
659 22 360938
660 22 360938
661 22 360938
662 22 360938
663 22 360938
664 21 280644
665 21 280644
666 21 280644
667 21 280644
668 21 280644
669 21 280644
670 21 280644
671 21 280644
672 21 280644
673 21 280644
674 24 108504
675 24 108504
676 24 108504
677 24 108504
678 24 108504
679 24 108504
680 24 108504
681 24 108504
682 24 108504
683 24 108504
684 24 108504
685 24 108504
686 24 108504
687 24 108504
688 24 108504
689 24 108504
690 24 108504
691 24 108504
692 24 108504
693 24 108504
694 24 108504
695 24 108504
696 24 108504
697 24 108504
698 24 108504
699 24 108504
700 24 108504
701 24 108504
702 24 108504
703 24 108504
704 24 108504
705 24 108504
706 24 108504
707 24 108504
708 24 108504
709 24 108504
710 24 108504
711 24 108504
712 24 108504
713 29 495521
714 29 495521
715 29 495521
716 29 495521
717 29 495521
718 29 495521
719 29 495521
720 29 495521
721 29 495521
722 29 495521
723 29 495521
724 29 495521
725 29 495521
726 29 495521
727 29 495521
728 29 495521
729 29 495521
730 29 495521
731 29 495521
732 29 495521
733 29 495521
734 29 495521
735 29 495521
736 29 495521
737 29 495521
738 29 495521
739 29 495521
740 29 495521
741 29 495521
742 29 495521
743 29 495521
744 29 495521
745 29 495521
746 29 495521
747 29 495521
748 29 495521
749 29 495521
750 29 495521
751 29 495521
752 29 495521
753 29 495521
754 29 495521
755 29 495521
756 29 495521
757 29 495521
758 29 495521
759 29 495521
760 29 495521
761 29 495521
762 29 495521
763 29 495521
764 29 495521
765 29 495521
766 29 495521
767 29 495521
768 29 495521
769 29 495521
770 29 495521
771 29 495521
772 29 495521
773 29 495521
774 29 495521
775 29 495521
776 29 495521
777 29 495521
778 29 495521
779 29 495521
780 29 495521
781 29 495521
782 29 495521
783 29 495521
784 29 495521
785 29 495521
786 29 495521
787 29 495521
788 29 495521
789 29 495521
790 29 495521
791 29 495521
792 29 495521
793 29 495521
794 29 495521
795 29 495521
796 29 495521
797 29 495521
798 29 495521
799 29 495521
800 29 495521
801 29 495521
802 29 495521
803 29 495521
804 29 495521
805 29 495521
806 29 495521
807 29 495521
808 29 495521
809 29 495521
810 29 495521
811 30 495520
812 30 495520
813 30 495520
814 30 495520
815 30 495520
816 30 495520
817 30 495520
818 30 495520
819 30 495520
820 30 495520
821 30 495520
822 30 495520
823 30 495520
824 30 495520
825 30 495520
826 30 495520
827 30 495520
828 30 495520
829 30 495520
830 30 495520
831 30 495520
832 30 495520
833 30 495520
834 30 495520
835 30 495520
836 30 495520
837 30 495520
838 30 495520
839 30 495520
840 30 495520
841 30 495520
842 30 495520
843 30 495520
844 30 495520
845 30 495520
846 30 495520
847 30 495520
848 30 495520
849 26 495524
850 26 495524
851 26 495524
852 26 495524
853 26 495524
854 26 495524
855 26 495524
856 26 495524
857 26 495524
858 26 495524
859 26 495524
860 26 495524
861 26 495524
862 26 495524
863 26 495524
864 26 495524
865 26 495524
866 26 495524
867 26 495524
868 26 495524
869 26 495524
870 26 495524
871 26 495524
872 26 495524
873 26 495524
874 26 495524
875 26 495524
876 24 597930
877 24 597930
878 24 597930
879 24 597930
880 24 597930
881 24 597930
882 24 597930
883 24 597930
884 24 597930
885 24 597930
886 24 597930
887 24 597930
888 24 597930
889 24 597930
890 24 597930
891 24 597930
892 24 597930
893 24 597930
894 24 597930
895 24 597930
896 24 597930
897 24 597930
898 24 597930
899 24 597930
900 24 597930
901 22 597932
902 22 597932
903 22 597932
904 22 597932
905 22 597932
906 22 597932
907 22 597932
908 22 597932
909 22 597932
910 22 597932
911 22 597932
912 21 588354
913 21 588354
914 21 588354
915 21 588354
916 21 588354
917 21 588354
918 21 588354
919 21 588354
920 21 588354
921 21 588354
922 21 588354
923 21 588354
924 24 852448
925 24 803816
926 24 803816
927 24 803816
928 24 803816
929 24 803816
930 24 803816
931 24 803816
932 24 803816
933 24 803816
934 24 803816
935 24 803816
936 24 803816
937 24 803816
938 24 803816
939 24 803816
940 24 803816
941 24 803816
942 24 803816
943 27 852448
944 24 803816
945 24 803816
946 24 803816
947 24 803816
948 24 803816
949 24 803816
950 24 803816
951 24 803816
952 24 803816
953 24 803816
954 24 803816
955 24 803816
956 24 803816
957 24 803816
958 24 803816
959 24 803816
960 24 803816
961 24 803816
962 24 803816
963 24 803816
964 24 803816
965 24 803816
966 24 803816
967 24 803816
968 24 803816
969 24 803816
970 24 803816
971 24 803816
972 24 803816
973 24 803816
974 24 803816
975 24 803816
976 24 803816
977 24 803816
978 24 803816
979 24 803816
980 24 803816
981 27 960534
982 27 960534
983 27 960534
984 27 960534
985 27 960534
986 27 960534
987 27 960534
988 27 960534
989 27 960534
990 27 960534
991 27 960534
992 27 960534
993 27 960534
994 27 960534
995 27 960534
996 27 960534
997 27 960534
998 27 960534
999 23 956091
1000 23 956091
1001 23 956091
1002 23 956091
1003 23 956091
1004 23 956091
1005 23 956091
1006 23 956091
1007 23 956091
1008 23 956091
1009 23 956091
1010 23 956091
1011 23 956091
1012 23 956091
1013 23 956091
1014 23 956091
1015 23 956091
1016 23 956091
1017 23 956091
1018 23 956091
1019 23 956091
1020 23 956091
1021 23 956091
1022 23 956091
1023 23 956091
1024 23 956091
1025 23 956091
1026 23 956091
1027 23 956091
1028 23 956091
1029 23 956091
1030 23 956091
1031 23 956091
1032 23 956091
1033 23 650770
1034 23 960534
1035 23 960534
1036 23 960534
1037 25 956095
1038 23 960534
1039 23 960534
1040 23 960534
1041 23 790102
1042 23 790102
1043 23 790102
1044 23 790102
1045 23 790102
1046 23 790102
1047 23 790102
1048 23 790102
1049 23 790102
1050 23 790102
1051 23 790102
1052 23 790102
1053 23 790102
1054 23 790102
1055 23 790102
1056 23 790102
1057 23 790102
1058 23 790102
1059 23 790102
1060 23 790102
1061 23 790102
1062 23 790102
1063 23 790102
1064 23 790102
1065 23 790102
1066 23 790102
1067 23 790102
1068 23 790102
1069 23 790102
1070 23 790102
1071 23 790102
1072 23 790102
1073 23 790102
1074 23 790102
1075 23 790102
1076 23 790102
1077 25 1015590
1078 25 1015590
1079 25 1007783
1080 25 1015590
1081 25 1015590
1082 25 1015590
1083 25 1015590
1084 25 1015590
1085 25 1015590
1086 25 1015590
1087 25 1015590
1088 25 1015590
1089 25 1015590
1090 25 1015590
1091 25 1015590
1092 25 1015590
1093 25 1015590
1094 25 1015590
1095 25 1015590
1096 25 1015590
1097 25 1015590
1098 27 1203804
1099 27 1203804
1100 27 1203804
1101 27 1203804
1102 27 1203804
1103 27 1203804
1104 27 1203804
1105 27 1203804
1106 27 1203804
1107 27 1203804
1108 27 1203804
1109 27 1203804
1110 27 1203804
1111 27 1203804
1112 27 1203804
1113 27 1203804
1114 27 1203804
1115 27 1203804
1116 27 1203804
1117 27 1203804
1118 27 1203804
1119 27 1203804
1120 27 1203804
1121 27 1203804
1122 27 1203804
1123 27 1203804
1124 27 1203804
1125 27 1203804
1126 27 1203804
1127 27 1203804
1128 27 1203804
1129 27 1203804
1130 27 1203804
1131 27 1203804
1132 27 1203804
1133 27 1203804
1134 27 1203804
1135 27 1203804
1136 27 1203804
1137 27 1203804
1138 27 1203804
1139 27 1203804
1140 27 1203804
1141 27 1203804
1142 27 1203804
1143 27 1203804
1144 27 1203804
1145 27 1203804
1146 27 1203804
1147 23 846009
1148 23 846009
1149 23 846009
1150 23 846009
1151 23 846009
1152 23 846009
1153 23 846009
1154 23 846009
1155 23 846009
1156 23 846009
1157 23 846009
1158 23 846009
1159 23 846009
1160 23 846009
1161 23 846009
1162 23 846009
1163 23 846009
1164 23 846009
1165 23 846009
1166 23 846009
1167 23 846009
1168 23 846009
1169 23 846009
1170 23 846009
1171 23 846009
1172 23 846009
1173 23 846009
1174 23 846009
1175 23 846009
1176 23 846009
1177 23 846009
1178 23 846009
1179 23 846009
1180 23 846009
1181 23 846009
1182 23 846009
1183 23 846009
1184 23 846009
1185 23 846009
1186 23 846009
1187 23 846009
1188 23 846009
1189 23 846009
1190 23 846009
1191 25 1218375
1192 25 1218375
1193 25 1218375
1194 25 1218375
1195 23 846009
1196 23 846009
1197 23 846009
1198 23 846009
1199 23 846009
1200 23 846009
1201 23 846009
1202 23 846009
1203 23 846009
1204 23 846009
1205 23 846009
1206 23 846009
1207 23 846009
1208 23 846009
1209 23 846009
1210 23 846009
1211 23 846009
1212 23 846009
1213 23 846009
1214 23 846009
1215 23 846009
1216 24 1476756
1217 24 1476756
1218 24 1476756
1219 24 1476756
1220 24 1476756
1221 24 1476756
1222 24 1476756
1223 24 1476756
1224 24 1476756
1225 24 1476756
1226 24 1476756
1227 24 1476756
1228 24 1476756
1229 24 1476756
1230 24 1476756
1231 24 1476756
1232 24 1476756
1233 24 1476756
1234 24 1476756
1235 24 1476756
1236 24 1476756
1237 24 1476756
1238 24 1476756
1239 24 1476756
1240 24 1476756
1241 24 1476756
1242 24 1476756
1243 24 1476756
1244 24 1476756
1245 24 1476756
1246 24 1476756
1247 24 1476756
1248 24 1476756
1249 24 1476756
1250 24 1476756
1251 24 1476756
1252 23 1222726
1253 23 1222726
1254 23 1222726
1255 23 1222726
1256 23 1222726
1257 23 1222726
1258 23 1222726
1259 23 1222726
1260 23 1222726
1261 23 1222726
1262 23 1222726
1263 23 1222726
1264 23 1222726
1265 23 1222726
1266 23 1222726
1267 23 1222726
1268 23 1222726
1269 23 1222726
1270 23 1222726
1271 23 1222726
1272 23 1222726
1273 23 1103677
1274 23 1103677
1275 23 1103677
1276 23 1103677
1277 23 1103677
1278 23 1103677
1279 23 1103677
1280 23 1103677
1281 23 1103677
1282 23 1103677
1283 23 1103677
1284 23 1103677
1285 23 1103677
1286 23 1103677
1287 23 1103677
1288 23 1103677
1289 23 1103677
1290 23 1103677
1291 23 1103677
1292 23 1103677
1293 23 1103677
1294 23 1103677
1295 23 1103677
1296 23 1103677
1297 23 1103677
1298 23 1103677
1299 23 1103677
1300 23 1103677
1301 24 1165684
1302 23 1103677
1303 23 1103677
1304 23 1103677
1305 23 1103677
1306 23 1103677
1307 23 1103677
1308 23 1103677
1309 23 1103677
1310 23 1103677
1311 23 1103677
1312 23 1103677
1313 23 1103677
1314 23 1103677
1315 23 1103677
1316 23 1103677
1317 23 1103677
1318 23 1103677
1319 23 1103677
1320 23 1103677
1321 25 1512525
1322 25 1512525
1323 25 1512525
1324 25 1512525
1325 25 1512525
1326 25 1512525
1327 25 1512525
1328 25 1512525
1329 25 1512525
1330 25 1512525
1331 25 1512525
1332 25 1512525
1333 25 1512525
1334 25 1512525
1335 25 1512525
1336 25 1512525
1337 25 1512525
1338 25 1512525
1339 25 1512525
1340 25 1512525
1341 25 1512525
1342 25 1512525
1343 25 1512525
1344 25 1512525
1345 25 1512525
1346 25 1512525
1347 25 1512525
1348 25 1512525
1349 25 1512525
1350 25 1512525
1351 25 1512525
1352 25 1512525
1353 25 1512525
1354 25 1512525
1355 25 1512525
1356 25 1512525
1357 25 1512525
1358 25 1512525
1359 25 1512525
1360 25 1512525
1361 25 1512525
1362 25 1512525
1363 25 1512525
1364 25 1512525
1365 25 1512525
1366 25 1512525
1367 25 1512525
1368 25 1512525
1369 27 1529150
1370 27 1529150
1371 27 1529150
1372 27 1529150
1373 27 1529150
1374 27 1529150
1375 27 1529150
1376 27 1529150
1377 27 1529150
1378 27 1529150
1379 27 1529150
1380 27 1529150
1381 27 1529150
1382 27 1529150
1383 27 1529150
1384 27 1529150
1385 27 1529150
1386 27 1529150
1387 27 1529150
1388 27 1529150
1389 27 1529150
1390 27 1529150
1391 27 1529150
1392 27 1529150
1393 27 1529150
1394 27 1529150
1395 27 1529150
1396 27 1529150
1397 27 1529150
1398 27 1529150
1399 27 1529150
1400 27 1529150
1401 27 1529150
1402 27 1529150
1403 27 1529150
1404 27 1529150
1405 27 1529150
1406 27 1529150
1407 27 1529150
1408 27 1529150
1409 27 1529150
1410 27 1529150
1411 27 1529150
1412 27 1529150
1413 27 1529150
1414 27 1529150
1415 27 1529150
1416 27 1529150
1417 27 1529150
1418 27 1529150
1419 27 1529150
1420 27 1529150
1421 27 1529150
1422 27 1529150
1423 27 1529150
1424 27 1529150
1425 27 1529150
1426 27 1529150
1427 27 1529150
1428 27 1529150
1429 27 1529150
1430 27 1529150
1431 27 1529150
1432 27 1529150
1433 27 1529150
1434 27 1529150
1435 27 1529150
1436 27 1529150
1437 27 1529150
1438 27 1529150
1439 27 1529150
1440 27 1529150
1441 27 1529150
1442 27 1529150
1443 27 1529150
1444 27 1529150
1445 27 1529150
1446 27 1529150
1447 27 1529150
1448 27 1529150
1449 27 1529150
1450 27 1529150
1451 27 1529150
1452 27 1529150
1453 27 1529150
1454 27 1529150
1455 27 1529150
1456 27 1529150
1457 27 1529150
1458 27 1529150
1459 28 1959436
1460 28 1959436
1461 28 1959436
1462 28 1959436
1463 28 1959436
1464 28 1959436
1465 28 1959436
1466 28 1959436
1467 28 1959436
1468 28 1959436
1469 28 1959436
1470 28 1959436
1471 28 1959436
1472 28 1959436
1473 28 1959436
1474 28 1959436
1475 28 1959436
1476 28 1959436
1477 28 1959436
1478 28 1959436
1479 28 1959436
1480 28 1959436
1481 28 1959436
1482 28 1959436
1483 28 1959436
1484 28 1959436
1485 28 1959436
1486 28 1959436
1487 28 1959436
1488 28 1959436
1489 28 1959436
1490 28 1959436
1491 28 1959436
1492 28 1959436
1493 28 1959436
1494 28 1959436
1495 28 1959436
1496 28 1959436
1497 28 1959436
1498 28 1959436
1499 28 1959436
1500 28 1959436
1501 28 1959436
1502 28 1959436
1503 28 1959436
1504 28 1959436
1505 28 1959436
1506 28 1959436
1507 28 1959436
1508 28 1959436
1509 28 1959436
1510 28 1959436
1511 28 1959436
1512 28 1959436
1513 28 1959436
1514 28 1959436
1515 28 1959436
1516 28 1959436
1517 28 1959436
1518 28 1959436
1519 28 1959436
1520 28 1959436
1521 28 1959436
1522 28 1959436
1523 28 1959436
1524 28 1959436
1525 28 1959436
1526 28 1959436
1527 28 1959436
1528 28 1959436
1529 28 1959436
1530 28 1959436
1531 28 1959436
1532 28 1959436
1533 28 1959436
1534 28 1959436
1535 28 1959436
1536 28 1959436
1537 28 1959436
1538 28 1959436
1539 28 1959436
1540 28 1959436
1541 28 1959436
1542 28 1959436
1543 29 2378116
1544 29 2378116
1545 29 2378116
1546 29 2378116
1547 29 2378116
1548 29 2378116
1549 29 2378116
1550 29 2378116
1551 29 2378116
1552 29 2378116
1553 29 2378116
1554 29 2378116
1555 29 2378116
1556 29 2378116
1557 29 2378116
1558 29 2378116
1559 29 2378116
1560 29 2378116
1561 29 2378116
1562 29 2378116
1563 28 1959436
1564 28 1959436
1565 28 1959436
1566 28 1959436
1567 28 1959436
1568 28 1959436
1569 28 1959436
1570 28 1959436
1571 28 1959436
1572 28 1959436
1573 28 1959436
1574 28 1959436
1575 28 1959436
1576 28 1959436
1577 28 1959436
1578 28 1959436
1579 28 1959436
1580 28 1959436
1581 28 1959436
1582 28 1959436
1583 28 1959436
1584 28 1959436
1585 28 1959436
1586 28 1959436
1587 28 1959436
1588 28 1959436
1589 28 1959436
1590 28 1959436
1591 28 1959436
1592 28 1959436
1593 28 1959436
1594 28 1959436
1595 28 1959436
1596 28 1959436
1597 28 1959436
1598 28 1959436
1599 28 1959436
1600 28 1959436
1601 28 1959436
1602 28 1959436
1603 28 1959436
1604 28 1959436
1605 28 1959436
1606 28 1959436
1607 28 1959436
1608 28 1959436
1609 28 1959436
1610 28 1959436
1611 28 1959436
1612 28 1959436
1613 28 1959436
1614 28 1959436
1615 28 1959436
1616 28 1959436
1617 28 1959436
1618 28 1959436
1619 28 1959436
1620 28 1959436
1621 28 1959436
1622 28 1959436
1623 28 1959436
1624 28 1959436
1625 28 1959436
1626 28 1959436
1627 28 1959436
1628 28 1959436
1629 28 1959436
1630 28 1959436
1631 28 1959436
1632 28 1959436
1633 28 1959436
1634 28 1959436
1635 28 1959436
1636 28 1959436
1637 28 1959436
1638 28 1959436
1639 28 1959436
1640 28 1959436
1641 28 1959436
1642 28 1959436
1643 28 1959436
1644 28 1959436
1645 28 1959436
1646 28 1959436
1647 28 1959436
1648 28 1959436
1649 28 1959436
1650 28 1959436
1651 28 1959436
1652 28 1959436
1653 28 1959436
1654 28 1959436
1655 28 1959436
1656 28 1959436
1657 28 1959436
1658 28 1959436
1659 28 1959436
1660 28 1959436
1661 28 1959436
1662 28 1959436
1663 28 1959436
1664 28 1959436
1665 28 1959436
1666 28 1959436
1667 28 1959436
1668 28 1959436
1669 28 1959436
1670 28 1959436
1671 28 1959436
1672 28 1959436
1673 28 1959436
1674 28 1959436
1675 28 1959436
1676 28 1959436
1677 28 1959436
1678 28 1959436
1679 28 1959436
1680 28 1959436
1681 28 2623862
1682 28 2623862
1683 28 2623862
1684 28 2623862
1685 28 2623862
1686 28 2623862
1687 28 2623862
1688 28 2623862
1689 28 2623862
1690 28 2623862
1691 28 2623862
1692 28 2623862
1693 28 2623862
1694 28 2623862
1695 28 2623862
1696 28 2623862
1697 28 2623862
1698 28 2623862
1699 30 1875680
1700 28 2623862
1701 28 2623862
1702 28 2623862
1703 28 2623862
1704 28 2623862
1705 28 2623862
1706 28 2623862
1707 28 2623862
1708 28 2623862
1709 28 2623862
1710 28 2623862
1711 28 2623862
1712 28 2623862
1713 28 2623862
1714 28 2623862
1715 28 2623862
1716 28 2623862
1717 28 2623862
1718 28 2623862
1719 28 2623862
1720 28 2623862
1721 28 2623862
1722 28 2623862
1723 28 2623862
1724 28 2623862
1725 28 2623862
1726 28 2623862
1727 28 2623862
1728 28 2623862
1729 27 1959436
1730 27 1959436
1731 27 1959436
1732 27 1959436
1733 27 1959436
1734 27 1959436
1735 27 1959436
1736 27 1959436
1737 27 1959436
1738 27 1959436
1739 27 1959436
1740 27 1959436
1741 27 1959436
1742 27 1959436
1743 27 1959436
1744 27 1959436
1745 27 1959436
1746 27 1959436
1747 27 1959436
1748 27 1959436
1749 27 1959436
1750 27 2623863
1751 27 2623863
1752 27 2623863
1753 27 2623863
1754 27 2623863
1755 27 2623863
1756 27 2623863
1757 27 2623863
1758 27 2623863
1759 27 2623863
1760 27 2623863
1761 27 2623863
1762 27 2623863
1763 27 2623863
1764 27 2623863
1765 27 2623863
1766 27 2623863
1767 27 2623863
1768 27 2623863
1769 27 2623863
1770 27 2623863
1771 27 2879280
1772 27 2879280
1773 27 2879280
1774 27 2879280
1775 27 2879280
1776 27 2879280
1777 27 2879280
1778 27 2879280
1779 27 2879280
1780 27 2879280
1781 27 2879280
1782 27 2879280
1783 27 2879280
1784 27 2879280
1785 27 2879280
1786 27 2879280
1787 27 2879280
1788 27 2879280
1789 27 2879280
1790 27 2879280
1791 27 2879280
1792 27 2879280
1793 27 2879280
1794 27 2879280
1795 27 2879280
1796 27 2879280
1797 27 2879280
1798 27 2879280
1799 27 2879280
1800 27 2879280
1801 27 2879280
1802 27 2879280
1803 27 2879280
1804 27 2879280
1805 27 2879280
1806 27 2879280
1807 27 2879280
1808 27 2879280
1809 27 2879280
1810 27 2879280
1811 30 2892145
1812 30 2892145
1813 30 2892145
1814 30 2892145
1815 30 2892145
1816 30 2892145
1817 30 2892145
1818 30 2892145
1819 30 2892145
1820 30 2892145
1821 30 2892145
1822 30 2892145
1823 30 2892145
1824 30 2892145
1825 30 2892145
1826 30 2892145
1827 30 2892145
1828 30 2892145
1829 30 2892145
1830 30 2892145
1831 30 2892145
1832 30 2892145
1833 30 2892145
1834 30 2892145
1835 30 2892145
1836 30 2892145
1837 30 2892145
1838 30 2892145
1839 30 2892145
1840 30 2892145
1841 30 2892145
1842 30 2892145
1843 30 2892145
1844 30 2892145
1845 30 2892145
1846 30 2892145
1847 30 2892145
1848 30 2892145
1849 30 2892145
1850 30 2892145
1851 30 2892145
1852 30 2892145
1853 30 2892145
1854 30 2892145
1855 30 2892145
1856 30 2892145
1857 30 2892145
1858 30 2892145
1859 30 2892145
1860 30 2892145
1861 30 2892145
1862 30 2892145
1863 30 2892145
1864 27 2879280
1865 27 2879280
1866 27 2879280
1867 27 2879280
1868 27 2879280
1869 27 2879280
1870 27 2879280
1871 27 2879280
1872 27 2879280
1873 27 2879280
1874 27 2879280
1875 27 2879280
1876 27 2879280
1877 27 2879280
1878 27 2879280
1879 27 2879280
1880 27 2879280
1881 27 2879280
1882 27 2879280
1883 27 2879280
1884 27 2879280
1885 27 2879280
1886 27 2879280
1887 27 2879280
1888 27 2879280
1889 27 2879280
1890 27 2879280
1891 27 2879280
1892 27 2879280
1893 27 2879280
1894 27 2879280
1895 27 2879280
1896 27 2879280
1897 27 2879280
1898 27 2879280
1899 27 2879280
1900 27 2879280
1901 27 2879280
1902 27 2879280
1903 27 2879280
1904 27 2879280
1905 27 2879280
1906 27 2879280
1907 27 2879280
1908 27 2879280
1909 27 2879280
1910 27 2879280
1911 27 2879280
1912 27 2879280
1913 27 2879280
1914 27 2879280
1915 27 2879280
1916 27 2879280
1917 27 2879280
1918 27 2879280
1919 27 2879280
1920 28 3684563
1921 28 3684563
1922 28 3684563
1923 28 3684563
1924 28 3684563
1925 28 3684563
1926 28 3684563
1927 28 3684563
1928 28 3684563
1929 28 3684563
1930 28 3684563
1931 28 3684563
1932 28 3684563
1933 28 3684563
1934 28 3684563
1935 28 3684563
1936 28 3684563
1937 28 3684563
1938 28 3684563
1939 28 3684563
1940 28 3684563
1941 28 3684563
1942 28 3684563
1943 28 3684563
1944 28 3684563
1945 28 3684563
1946 28 3684563
1947 28 3684563
1948 28 3684563
1949 28 3684563
1950 28 3684563
1951 28 3684563
1952 28 3684563
1953 28 3684563
1954 28 3684563
1955 28 3684563
1956 28 3684563
1957 28 3684563
1958 28 3684563
1959 28 3684563
1960 28 3684563
1961 28 3684563
1962 28 3684563
1963 28 3684563
1964 28 3684563
1965 28 3684563
1966 28 3684563
1967 28 3684563
1968 28 3684563
1969 28 3684563
1970 28 3684563
1971 28 3684563
1972 28 3684563
1973 28 3684563
1974 28 3684563
1975 28 3684563
1976 28 3684563
1977 28 3684563
1978 28 3684563
1979 28 3684563
1980 28 3684563
1981 28 3684563
1982 28 3684563
1983 28 3684563
1984 28 3684563
1985 28 3684563
1986 28 3684563
1987 28 3684563
1988 28 3684563
1989 28 3684563
1990 28 3684563
1991 28 3684563
1992 28 3684563
1993 28 3684563
1994 28 3684563
1995 28 3684563
1996 28 3684563
1997 28 3684563
1998 28 3684563
1999 28 3684563
2000 28 3684563
2001 28 3684563
2002 28 3684563
2003 28 3684563
2004 28 3684563
2005 28 3684563
2006 28 3684563
2007 28 3684563
2008 28 3684563
2009 28 3684563
2010 28 3684563
2011 28 3684563
2012 28 3684563
2013 28 3684563
2014 28 3684563
2015 28 3684563
2016 28 3684563
2017 28 3684563
2018 28 3684563
2019 28 3684563
2020 28 3684563
2021 28 3684563
2022 28 3684563
2023 28 3684563
2024 28 3684563
2025 27 3381525
2026 27 3381525
2027 27 3381525
2028 27 3381525
2029 27 3381525
2030 27 3381525
2031 27 3381525
2032 27 3381525
2033 27 3381525
2034 27 3381525
2035 27 3381525
2036 27 3381525
2037 27 3381525
2038 27 3381525
2039 27 3381525
2040 27 3381525
2041 27 3381525
2042 27 1980721
2043 27 3381525
2044 27 3381525
2045 27 3381525
2046 27 3381525
2047 27 3381525
2048 27 3381525
2049 27 3381525
2050 27 3381525
2051 27 3381525
2052 27 3381525
2053 27 3381525
2054 27 3381525
2055 27 3381525
2056 27 3381525
2057 27 3381525
2058 27 3381525
2059 27 3381525
2060 27 3381525
2061 27 3381525
2062 27 3381525
2063 27 3381525
2064 27 3381525
2065 27 3381525
2066 27 3381525
2067 27 3381525
2068 27 3381525
2069 27 3381525
2070 27 3381525
2071 27 3381525
2072 27 3381525
2073 27 3381525
2074 27 3381525
2075 27 3381525
2076 27 3381525
2077 27 3381525
2078 27 3381525
2079 27 3381525
2080 27 3381525
2081 27 3381525
2082 27 3381525
2083 27 3381525
2084 27 3381525
2085 27 3381525
2086 27 3381525
2087 27 3381525
2088 27 3381525
2089 27 3381525
2090 27 3381525
2091 27 3381525
2092 27 3381525
2093 27 3381525
2094 27 3381525
2095 27 3381525
2096 27 3381525
2097 27 3381525
2098 27 3381525
2099 29 4063646
2100 27 3381525
2101 27 3381525
2102 27 3381525
2103 27 3381525
2104 27 3381525
2105 27 3381525
2106 27 3381525
2107 27 3381525
2108 27 3381525
2109 27 3381525
2110 27 3381525
2111 27 3381525
2112 27 3381525
2113 27 3381525
2114 27 3381525
2115 27 3381525
2116 27 3381525
2117 27 3381525
2118 27 3381525
2119 27 3381525
2120 27 3381525
2121 27 3381525
2122 27 3381525
2123 29 3093202
2124 29 3093202
2125 29 3093202
2126 29 3093202
2127 29 3093202
2128 29 3093202
2129 29 3093202
2130 29 3093202
2131 29 3093202
2132 29 3093202
2133 29 3093202
2134 29 3093202
2135 29 3093202
2136 29 3093202
2137 29 3093202
2138 29 3093202
2139 29 3093202
2140 29 3093202
2141 29 3093202
2142 29 3093202
2143 29 3093202
2144 29 3093202
2145 29 3093202
2146 29 3093202
2147 29 3093202
2148 29 3093202
2149 29 3093202
2150 29 3093202
2151 29 3093202
2152 29 3093202
2153 29 3093202
2154 29 3093202
2155 29 3093202
2156 29 3093202
2157 29 3093202
2158 29 3093202
2159 29 3093202
2160 29 3093202
2161 29 3093202
2162 29 3093202
2163 29 3093202
2164 29 3093202
2165 29 3093202
2166 29 3093202
2167 29 3093202
2168 29 3093202
2169 29 3093202
2170 29 3093202
2171 29 3093202
2172 29 3093202
2173 29 3093202
2174 29 3093202
2175 29 3093202
2176 29 3093202
2177 29 3093202
2178 29 3093202
2179 29 3093202
2180 29 3093202
2181 29 3093202
2182 29 3093202
2183 29 3093202
2184 29 3093202
2185 34 4356864
2186 29 3093202
2187 29 3093202
2188 29 3093202
2189 29 3093202
2190 29 3093202
2191 29 3093202
2192 29 3093202
2193 29 3093202
2194 29 3093202
2195 29 3093202
2196 29 3093202
2197 29 3093202
2198 29 3093202
2199 29 3093202
2200 29 3093202
2201 29 3093202
2202 29 3093202
2203 29 3093202
2204 29 3093202
2205 29 3093202
2206 29 3093202
2207 29 3093202
2208 29 3093202
2209 29 3093202
2210 29 3093202
2211 29 3093202
2212 29 3093202
2213 29 3093202
2214 29 3093202
2215 29 3093202
2216 29 3093202
2217 29 3093202
2218 29 3093202
2219 29 3093202
2220 29 3093202
2221 29 3093202
2222 29 3093202
2223 29 3093202
2224 29 3093202
2225 29 3093202
2226 29 3093202
2227 29 3093202
2228 29 3093202
2229 29 3093202
2230 29 3093202
2231 29 3093202
2232 29 3093202
2233 29 3093202
2234 29 3093202
2235 29 3093202
2236 29 3093202
2237 29 3093202
2238 29 3093202
2239 29 3093202
2240 29 3093202
2241 29 3093202
2242 29 3093202
2243 29 3093202
2244 29 3093202
2245 29 3093202
2246 29 3093202
2247 29 3093202
2248 29 3093202
2249 29 3093202
2250 29 3093202
2251 29 3093202
2252 29 3093202
2253 29 3093202
2254 29 3093202
2255 29 3093202
2256 29 3093202
2257 29 3093202
2258 29 3093202
2259 29 3093202
2260 29 3093202
2261 29 3093202
2262 29 3093202
2263 29 3093202
2264 29 3093202
2265 29 3093202
2266 29 3093202
2267 29 3093202
2268 29 3093202
2269 29 3093202
2270 29 3093202
2271 29 3093202
2272 29 3093202
2273 29 3093202
2274 29 3093202
2275 29 3093202
2276 29 3093202
2277 29 3093202
2278 29 3093202
2279 29 3093202
2280 29 3093202
2281 29 3093202
2282 29 3093202
2283 29 3093202
2284 29 3093202
2285 28 5043504
2286 28 5043504
2287 28 5043504
2288 28 5043504
2289 28 5043504
2290 28 5043504
2291 28 5043504
2292 28 5043504
2293 28 5043504
2294 28 5043504
2295 28 5043504
2296 28 5043504
2297 28 5043504
2298 28 5043504
2299 28 5043504
2300 28 5043504
2301 28 5043504
2302 28 5043504
2303 28 5043504
2304 28 5043504
2305 28 5043504
2306 28 5043504
2307 28 5043504
2308 28 5043504
2309 28 5043504
2310 28 5043504
2311 28 5043504
2312 28 5043504
2313 28 5043504
2314 28 5043504
2315 28 5043504
2316 28 5043504
2317 28 5043504
2318 28 5043504
2319 28 5043504
2320 28 5043504
2321 28 5043504
2322 28 5043504
2323 28 5043504
2324 28 5043504
2325 28 5043504
2326 28 5043504
2327 28 5043504
2328 28 5043504
2329 27 5043504
2330 27 5043504
2331 27 5043504
2332 27 5043504
2333 27 5043504
2334 27 5043504
2335 27 5043504
2336 27 5043504
2337 27 5043504
2338 27 5043504
2339 27 5043504
2340 27 5043504
2341 27 5043504
2342 27 5043504
2343 27 5043504
2344 27 5043504
2345 27 5043504
2346 27 5043504
2347 27 5043504
2348 27 5043504
2349 27 5043504
2350 27 5043504
2351 27 5043504
2352 27 5043504
2353 27 5043504
2354 27 5043504
2355 27 5043504
2356 27 5043504
2357 27 5043504
2358 27 5043504
2359 27 5043504
2360 27 5043504
2361 27 5043504
2362 27 5043504
2363 27 5043504
2364 27 5043504
2365 27 5043504
2366 27 5043504
2367 27 5043504
2368 27 5043504
2369 27 5043504
2370 27 5043504
2371 27 5043504
2372 27 5043504
2373 27 5043504
2374 27 5043504
2375 27 5043504
2376 27 5043504
2377 27 5043504
2378 27 5043504
2379 27 5043504
2380 27 5043504
2381 27 5043504
2382 27 5043504
2383 27 5043504
2384 27 5043504
2385 27 5043504
2386 27 5043504
2387 27 5043504
2388 27 5043504
2389 27 5043504
2390 27 5043504
2391 27 5043504
2392 27 5043504
2393 27 5043504
2394 27 5043504
2395 27 5043504
2396 27 5043504
2397 27 5043504
2398 27 5043504
2399 27 5043504
2400 27 5043504
2401 27 5043504
2402 27 5043504
2403 27 5043504
2404 27 5043504
2405 27 5043504
2406 27 5043504
2407 27 5043504
2408 27 5043504
2409 27 5043504
2410 27 5043504
2411 27 5043504
2412 27 5043504
2413 27 5043504
2414 27 5043504
2415 27 5043504
2416 27 5043504
2417 27 5043504
2418 27 5043504
2419 27 5043504
2420 27 5043504
2421 27 5043504
2422 27 5043504
2423 27 5043504
2424 27 5043504
2425 27 5043504
2426 27 5043504
2427 27 5043504
2428 27 5043504
2429 27 5043504
2430 27 5043504
2431 27 5043504
2432 27 5043504
2433 27 5043504
2434 27 5043504
2435 27 5043504
2436 27 5043504
2437 27 5043504
2438 27 5043504
2439 27 5043504
2440 27 5043504
2441 27 5043504
2442 27 5043504
2443 27 5043504
2444 27 5043504
2445 27 5043504
2446 27 5043504
2447 27 5043504
2448 27 5043504
2449 27 5043504
2450 27 5043504
2451 27 5043504
2452 27 5043504
2453 27 5043504
2454 27 5043504
2455 27 5043504
2456 27 5043504
2457 27 5043504
2458 27 5043504
2459 27 5043504
2460 27 5043504
2461 27 5043504
2462 27 5043504
2463 27 5043504
2464 27 5043504
2465 27 5043504
2466 27 5043504
2467 27 5043504
2468 27 5043504
2469 27 5043504
2470 27 5043504
2471 27 5043504
2472 27 5043504
2473 27 5043504
2474 27 5043504
2475 27 5043504
2476 27 5043504
2477 27 5043504
2478 27 5043504
2479 27 5043504
2480 27 5043504
2481 27 5043504
2482 27 5043504
2483 27 5043504
2484 27 5043504
2485 27 5043504
2486 27 5043504
2487 27 5043504
2488 27 5043504
2489 27 5043504
2490 27 5043504
2491 27 5043504
2492 27 5043504
2493 27 5043504
2494 27 5043504
2495 27 5043504
2496 27 5043504
2497 27 5043504
2498 27 5043504
2499 27 5043504
2500 27 5043504
2501 27 5043504
2502 27 5043504
2503 28 3714449
2504 27 5043504
2505 27 5043504
2506 27 5043504
2507 27 5043504
2508 27 5043504
2509 27 5043504
2510 27 5043504
2511 27 5043504
2512 27 5043504
2513 27 5043504
2514 27 5043504
2515 27 5043504
2516 27 5043504
2517 27 5043504
2518 27 5043504
2519 27 5043504
2520 27 5043504
2521 27 5043504
2522 27 5043504
2523 27 5043504
2524 27 5043504
2525 27 5043504
2526 27 5043504
2527 27 5043504
2528 27 5043504
2529 27 5043504
2530 27 5043504
2531 27 5043504
2532 27 5043504
2533 27 5043504
2534 27 5043504
2535 27 5043504
2536 27 5043504
2537 27 5043504
2538 27 5043504
2539 27 5043504
2540 27 5043504
2541 27 5043504
2542 27 5043504
2543 27 5043504
2544 27 5043504
2545 27 5043504
2546 27 5043504
2547 27 5043504
2548 27 5043504
2549 27 5043504
2550 27 5043504
2551 27 5043504
2552 27 5043504
2553 27 5043504
2554 27 5043504
2555 27 5043504
2556 27 5043504
2557 27 5043504
2558 27 5043504
2559 27 5043504
2560 27 5043504
2561 27 5043504
2562 27 5043504
2563 27 5043504
2564 27 5043504
2565 27 5043504
2566 27 5043504
2567 27 5043504
2568 27 5043504
2569 27 5043504
2570 27 5043504
2571 27 5043504
2572 27 5043504
2573 27 5043504
2574 27 5043504
2575 27 5043504
2576 27 5043504
2577 27 5043504
2578 27 5043504
2579 27 5043504
2580 27 5043504
2581 27 5043504
2582 27 5043504
2583 27 5043504
2584 27 5043504
2585 27 5043504
2586 27 5043504
2587 27 5043504
2588 27 5043504
2589 27 5043504
2590 27 5043504
2591 27 5043504
2592 27 5043504
2593 27 5043504
2594 27 5043504
2595 27 5043504
2596 27 5043504
2597 27 5043504
2598 27 5043504
2599 27 5043504
2600 27 5043504
2601 27 5043504
2602 27 5043504
2603 27 5043504
2604 27 5043504
2605 27 5043504
2606 27 5043504
2607 27 5043504
2608 27 5043504
2609 27 5043504
2610 27 5043504
2611 27 5043504
2612 27 5043504
2613 27 5043504
2614 27 5043504
2615 27 5043504
2616 27 5043504
2617 27 5043504
2618 27 5043504
2619 27 5043504
2620 27 5043504
2621 27 5043504
2622 27 5043504
2623 27 5043504
2624 27 5043504
2625 27 5043504
2626 27 5043504
2627 27 5043504
2628 27 5043504
2629 27 5043504
2630 27 5043504
2631 27 5043504
2632 27 5043504
2633 27 5043504
2634 27 5043504
2635 27 5043504
2636 27 5043504
2637 27 5043504
2638 27 5043504
2639 27 5043504
2640 27 5043504
2641 27 5043504
2642 27 5043504
2643 27 5043504
2644 27 5043504
2645 27 5043504
2646 27 5043504
2647 27 5043504
2648 27 5043504
2649 27 5043504
2650 27 5043504
2651 27 5043504
2652 27 5043504
2653 27 5043504
2654 27 5043504
2655 27 5043504
2656 27 5043504
2657 27 5043504
2658 27 5043504
2659 27 5043504
2660 27 5043504
2661 29 6543396
2662 29 6543396
2663 29 6543396
2664 29 6543396
2665 29 6543396
2666 29 6543396
2667 29 6543396
2668 29 6543396
2669 29 6543396
2670 29 6543396
2671 29 6543396
2672 29 6543396
2673 29 6543396
2674 29 6543396
2675 29 6543396
2676 29 6543396
2677 29 6543396
2678 29 6543396
2679 29 6543396
2680 29 6543396
2681 29 6543396
2682 29 6543396
2683 29 6543396
2684 29 6543396
2685 29 6543396
2686 29 6543396
2687 29 6543396
2688 29 6543396
2689 29 6543396
2690 29 6543396
2691 33 5271662
2692 33 5271662
2693 33 5271662
2694 33 5271662
2695 33 5271662
2696 33 5271662
2697 33 5271662
2698 33 5271662
2699 33 5271662
2700 33 5271662
2701 33 5271662
2702 33 5271662
2703 33 5271662
2704 33 5271662
2705 33 5271662
2706 33 5271662
2707 33 5271662
2708 33 5271662
2709 33 5271662
2710 33 5271662
2711 33 5271662
2712 33 5271662
2713 33 5271662
2714 33 5271662
2715 33 5271662
2716 33 5271662
2717 33 5271662
2718 33 5271662
2719 33 5271662
2720 33 5271662
2721 33 5271662
2722 33 5271662
2723 33 5271662
2724 33 5271662
2725 33 5271662
2726 33 5271662
2727 33 5271662
2728 33 5271662
2729 33 5271662
2730 33 5271662
2731 33 5271662
2732 33 5271662
2733 33 5271662
2734 33 5271662
2735 33 5271662
2736 33 5271662
2737 33 5271662
2738 33 5271662
2739 33 5271662
2740 33 5271662
2741 33 5271662
2742 33 5271662
2743 33 5271662
2744 33 5271662
2745 33 5271662
2746 33 5271662
2747 33 5271662
2748 33 5271662
2749 33 5271662
2750 33 5271662
2751 33 5271662
2752 33 5271662
2753 33 5271662
2754 33 5271662
2755 33 5271662
2756 33 5271662
2757 33 5271662
2758 33 5271662
2759 33 5271662
2760 33 5271662
2761 33 5271662
2762 33 5271662
2763 33 5271662
2764 33 5271662
2765 33 5271662
2766 33 5271662
2767 33 5271662
2768 33 5271662
2769 33 5271662
2770 33 5271662
2771 33 5271662
2772 33 5271662
2773 33 5271662
2774 33 5271662
2775 33 5271662
2776 33 5271662
2777 33 5271662
2778 33 5271662
2779 33 5271662
2780 33 5271662
2781 33 5271662
2782 33 5271662
2783 33 5271662
2784 33 5271662
2785 33 5271662
2786 35 7756707
2787 35 7756707
2788 35 7756707
2789 35 7756707
2790 35 7756707
2791 35 7756707
2792 35 7756707
2793 35 7756707
2794 35 7756707
2795 35 7756707
2796 35 7756707
2797 35 7756707
2798 35 7756707
2799 35 7756707
2800 35 7756707
2801 35 7756707
2802 35 7756707
2803 35 7756707
2804 35 7756707
2805 35 7756707
2806 35 7756707
2807 35 7756707
2808 35 7756707
2809 35 7756707
2810 35 7756707
2811 35 7756707
2812 35 7756707
2813 35 7756707
2814 35 7756707
2815 35 7756707
2816 35 7756707
2817 35 7756707
2818 35 7756707
2819 35 7756707
2820 35 7756707
2821 35 7756707
2822 35 7756707
2823 35 7756707
2824 35 7756707
2825 35 7756707
2826 35 7756707
2827 35 7756707
2828 35 7756707
2829 35 7756707
2830 35 7756707
2831 35 7756707
2832 35 7756707
2833 35 7756707
2834 35 7756707
2835 35 7756707
2836 35 7756707
2837 35 7756707
2838 35 7756707
2839 35 7756707
2840 35 7756707
2841 35 7756707
2842 35 7756707
2843 35 7756707
2844 35 7756707
2845 35 7756707
2846 35 7756707
2847 35 7756707
2848 35 7756707
2849 35 7756707
2850 35 7756707
2851 35 7756707
2852 35 7756707
2853 35 7756707
2854 35 7756707
2855 35 7756707
2856 35 7756707
2857 35 7756707
2858 35 7756707
2859 35 7756707
2860 35 7756707
2861 35 7756707
2862 35 7756707
2863 35 7756707
2864 35 7756707
2865 35 7756707
2866 35 7756707
2867 35 7756707
2868 35 7756707
2869 35 7756707
2870 35 7756707
2871 35 7756707
2872 35 7756707
2873 35 7756707
2874 35 7756707
2875 35 7756707
2876 35 7756707
2877 35 7756707
2878 35 7756707
2879 35 7756707
2880 35 7756707
2881 35 7756707
2882 35 7756707
2883 35 7756707
2884 35 7756707
2885 35 7756707
2886 35 7756707
2887 39 5271656
2888 35 7756707
2889 35 7756707
2890 35 7756707
2891 35 7756707
2892 35 7756707
2893 35 7756707
2894 35 7756707
2895 35 7756707
2896 35 7756707
2897 35 7756707
2898 35 7756707
2899 35 7756707
2900 35 7756707
2901 35 7756707
2902 35 7756707
2903 35 7756707
2904 35 7756707
2905 35 7756707
2906 35 7756707
2907 35 7756707
2908 35 7756707
2909 35 7756707
2910 33 5271662
2911 33 5271662
2912 33 5271662
2913 33 5271662
2914 33 5271662
2915 33 5271662
2916 33 5271662
2917 33 5271662
2918 33 5271662
2919 33 5271662
2920 33 5271662
2921 33 5271662
2922 33 5271662
2923 33 5271662
2924 33 5271662
2925 33 5271662
2926 33 5271662
2927 33 5271662
2928 33 5271662
2929 33 5271662
2930 33 5271662
2931 33 5271662
2932 33 5271662
2933 33 5271662
2934 33 5271662
2935 33 5271662
2936 33 5271662
2937 33 5271662
2938 33 5271662
2939 31 7857168
2940 31 7857168
2941 31 7857168
2942 31 7857168
2943 31 7857168
2944 31 7857168
2945 31 7857168
2946 31 7857168
2947 31 7857168
2948 31 7857168
2949 33 5865552
2950 33 5865552
2951 33 5865552
2952 33 5865552
2953 33 5865552
2954 33 5865552
2955 33 5865552
2956 33 5865552
2957 33 5865552
2958 33 5865552
2959 33 5865552
2960 33 5865552
2961 33 5865552
2962 33 5865552
2963 33 5865552
2964 33 5865552
2965 33 5865552
2966 33 5865552
2967 33 5865552
2968 33 5865552
2969 33 5865552
2970 33 5865552
2971 33 5865552
2972 33 5865552
2973 33 5865552
2974 33 5865552
2975 33 5865552
2976 33 5865552
2977 33 5865552
2978 33 5865552
2979 33 5865552
2980 33 5865552
2981 33 5865552
2982 33 5865552
2983 33 5865552
2984 32 8697745
2985 32 8697745
2986 32 8697745
2987 32 8697745
2988 32 8697745
2989 32 8697745
2990 32 8697745
2991 32 8697745
2992 32 8697745
2993 32 8697745
2994 32 8697745
2995 32 8697745
2996 32 8697745
2997 32 8697745
2998 32 8697745
2999 32 8697745
3000 32 8697745
3001 32 8697745
3002 32 8697745
3003 32 8697745
3004 32 8697745
3005 32 8697745
3006 32 8697745
3007 32 8697745
3008 32 8697745
3009 32 8697745
3010 32 8697745
3011 32 8697745
3012 32 8697745
3013 32 8697745
3014 32 8697745
3015 32 8697745
3016 32 8697745
3017 32 8697745
3018 32 8697745
3019 32 8697745
3020 32 8697745
3021 32 8697745
3022 32 8697745
3023 32 8697745
3024 32 8697745
3025 32 8697745
3026 32 8697745
3027 32 8697745
3028 32 8697745
3029 32 8697745
3030 32 8697745
3031 32 8697745
3032 32 8697745
3033 32 8697745
3034 32 8697745
3035 32 8697745
3036 32 8697745
3037 32 8697745
3038 32 8697745
3039 32 8697745
3040 32 8697745
3041 32 8697745
3042 32 8697745
3043 32 8697745
3044 32 8697745
3045 32 8697745
3046 32 8697745
3047 32 8697745
3048 32 8697745
3049 32 8697745
3050 32 8697745
3051 32 8697745
3052 32 8697745
3053 32 8697745
3054 32 8697745
3055 32 8697745
3056 32 8697745
3057 32 8697745
3058 32 8697745
3059 32 8697745
3060 32 8697745
3061 32 8697745
3062 32 8697745
3063 32 8697745
3064 32 8697745
3065 32 8697745
3066 32 8697745
3067 32 8697745
3068 32 8697745
3069 32 8697745
3070 32 8697745
3071 32 8697745
3072 32 8697745
3073 32 8697745
3074 32 8697745
3075 32 8697745
3076 32 8697745
3077 32 8697745
3078 32 8697745
3079 32 8697745
3080 32 8697745
3081 32 8697745
3082 32 8697745
3083 32 8697745
3084 32 8697745
3085 32 8697745
3086 32 8697745
3087 31 7857168
3088 31 7857168
3089 31 7857168
3090 31 7857168
3091 31 7857168
3092 31 7857168
3093 31 7857168
3094 31 7857168
3095 31 7857168
3096 31 7857168
3097 31 7857168
3098 31 7857168
3099 31 7857168
3100 31 7857168
3101 31 7857168
3102 31 7857168
3103 31 7857168
3104 31 7857168
3105 31 7857168
3106 31 7857168
3107 31 7857168
3108 31 7857168
3109 31 7857168
3110 31 7857168
3111 31 7857168
3112 31 7857168
3113 31 7857168
3114 31 7857168
3115 31 7857168
3116 31 7857168
3117 31 7857168
3118 31 7857168
3119 31 7857168
3120 31 7857168
3121 31 7857168
3122 31 7857168
3123 31 7857168
3124 31 7857168
3125 31 7857168
3126 31 7857168
3127 31 7857168
3128 31 7857168
3129 31 7857168
3130 31 7857168
3131 31 7857168
3132 31 7857168
3133 31 7857168
3134 31 7857168
3135 31 7857168
3136 31 7857168
3137 31 7857168
3138 31 7857168
3139 31 7857168
3140 31 7857168
3141 31 7857168
3142 31 7857168
3143 31 7857168
3144 31 7857168
3145 31 7857168
3146 31 7857168
3147 31 7857168
3148 31 7857168
3149 31 7857168
3150 31 7857168
3151 31 7857168
3152 31 7857168
3153 31 7857168
3154 31 7857168
3155 31 7857168
3156 30 7279602
3157 30 7279602
3158 30 7279602
3159 30 7279602
3160 30 7279602
3161 30 7279602
3162 30 7279602
3163 30 7279602
3164 30 7279602
3165 30 7279602
3166 30 7279602
3167 30 7279602
3168 30 7279602
3169 30 7279602
3170 30 7279602
3171 30 7279602
3172 30 7279602
3173 30 7279602
3174 30 7279602
3175 30 7279602
3176 30 7279602
3177 30 7279602
3178 30 7279602
3179 30 7279602
3180 30 7279602
3181 30 7279602
3182 30 7279602
3183 30 7279602
3184 30 7279602
3185 30 7279602
3186 30 7279602
3187 30 7279602
3188 30 7279602
3189 30 7279602
3190 30 7279602
3191 30 7279602
3192 30 7279602
3193 30 7279602
3194 30 7279602
3195 30 7279602
3196 30 7279602
3197 30 7279602
3198 30 7279602
3199 30 7279602
3200 30 7279602
3201 30 7279602
3202 30 7279602
3203 30 7279602
3204 30 7279602
3205 30 7279602
3206 30 7279602
3207 30 7279602
3208 30 7279602
3209 30 7279602
3210 30 7279602
3211 30 7279602
3212 30 7279602
3213 30 7279602
3214 30 7279602
3215 30 7279602
3216 30 7279602
3217 30 7279602
3218 30 7279602
3219 30 7279602
3220 30 7279602
3221 30 7279602
3222 30 7279602
3223 30 7279602
3224 30 7279602
3225 30 7279602
3226 30 7279602
3227 30 7279602
3228 30 7279602
3229 30 7279602
3230 30 7279602
3231 30 7279602
3232 30 7279602
3233 30 7279602
3234 30 7279602
3235 30 7279602
3236 30 7279602
3237 30 7279602
3238 30 7279602
3239 30 7279602
3240 30 7279602
3241 30 7279602
3242 30 7279602
3243 30 7279602
3244 30 7279602
3245 30 7279602
3246 30 7279602
3247 30 7279602
3248 30 7279602
3249 30 7279602
3250 30 7279602
3251 30 7279602
3252 30 7279602
3253 30 7279602
3254 30 7279602
3255 30 7279602
3256 30 7279602
3257 30 7279602
3258 30 7279602
3259 30 7279602
3260 30 7279602
3261 30 7279602
3262 30 7279602
3263 30 7279602
3264 30 7279602
3265 30 7279602
3266 30 7279602
3267 30 7279602
3268 30 7279602
3269 30 7279602
3270 30 7279602
3271 30 7279602
3272 30 7279602
3273 30 7279602
3274 30 7279602
3275 30 7279602
3276 30 7279602
3277 30 7279602
3278 30 7279602
3279 30 7279602
3280 30 7279602
3281 30 7279602
3282 30 7279602
3283 30 7279602
3284 30 7279602
3285 30 7279602
3286 30 7279602
3287 30 7279602
3288 30 7279602
3289 30 7279602
3290 30 7279602
3291 30 7279602
3292 30 7279602
3293 30 7279602
3294 30 7279602
3295 30 7279602
3296 30 7279602
3297 30 7279602
3298 30 7279602
3299 30 7279602
3300 30 7279602
3301 30 7279602
3302 30 7279602
3303 30 7279602
3304 30 7279602
3305 30 7279602
3306 30 7279602
3307 30 7279602
3308 30 7279602
3309 30 7279602
3310 30 7279602
3311 30 7279602
3312 30 7279602
3313 30 7279602
3314 30 7279602
3315 30 7279602
3316 30 7279602
3317 30 7279602
3318 30 7279602
3319 30 7279602
3320 30 7279602
3321 30 7279602
3322 30 7279602
3323 30 7279602
3324 30 7279602
3325 30 7279602
3326 30 7279602
3327 30 7279602
3328 30 7279602
3329 30 7279602
3330 30 7279602
3331 30 7279602
3332 30 7279602
3333 30 7279602
3334 30 7279602
3335 30 7279602
3336 30 7279602
3337 30 7279602
3338 30 7279602
3339 30 7279602
3340 30 7279602
3341 30 7279602
3342 30 7279602
3343 30 7279602
3344 30 7279602
3345 30 7279602
3346 30 7279602
3347 30 7279602
3348 30 7279602
3349 30 7279602
3350 30 7279602
3351 30 7279602
3352 30 7279602
3353 30 7279602
3354 30 7279602
3355 30 7279602
3356 30 7279602
3357 30 7279602
3358 30 7279602
3359 30 7279602
3360 30 7279602
3361 30 7279602
3362 30 7279602
3363 30 7279602
3364 30 7279602
3365 30 7279602
3366 30 7279602
3367 30 7279602
3368 30 7279602
3369 30 7279602
3370 30 7279602
3371 30 7279602
3372 30 7279602
3373 30 7279602
3374 30 7279602
3375 30 7279602
3376 30 7279602
3377 30 7279602
3378 30 7279602
3379 30 7279602
3380 30 7279602
3381 30 7279602
3382 30 7279602
3383 30 7279602
3384 30 7279602
3385 30 7279602
3386 30 7279602
3387 30 7279602
3388 30 7279602
3389 30 7279602
3390 30 7279602
3391 30 7279602
3392 30 7279602
3393 30 7279602
3394 30 7279602
3395 30 7279602
3396 30 7279602
3397 30 7279602
3398 30 7279602
3399 30 7279602
3400 30 7279602
3401 30 7279602
3402 30 7279602
3403 30 7279602
3404 30 7279602
3405 30 7279602
3406 30 7279602
3407 30 7279602
3408 30 7279602
3409 30 7279602
3410 30 7279602
3411 30 7279602
3412 30 7279602
3413 30 7279602
3414 30 7279602
3415 30 7279602
3416 30 7279602
3417 30 7279602
3418 30 7279602
3419 30 7279602
3420 30 7279602
3421 30 7279602
3422 30 7279602
3423 30 7279602
3424 30 7279602
3425 30 7279602
3426 30 7279602
3427 30 7279602
3428 30 7279602
3429 30 7279602
3430 30 7279602
3431 30 7279602
3432 30 7279602
3433 30 7279602
3434 30 7279602
3435 30 7279602
3436 30 7279602
3437 30 7279602
3438 30 7279602
3439 30 7279602
3440 30 7279602
3441 30 7279602
3442 30 7279602
3443 30 7279602
3444 30 7279602
3445 30 7279602
3446 30 7279602
3447 30 7279602
3448 30 7279602
3449 30 7279602
3450 30 7279602
3451 30 7279602
3452 30 7279602
3453 30 7279602
3454 30 7279602
3455 30 7279602
3456 30 7279602
3457 30 7279602
3458 30 7279602
3459 30 7279602
3460 30 7279602
3461 30 7279602
3462 30 7279602
3463 30 7279602
3464 30 7279602
3465 30 7279602
3466 30 7279602
3467 30 7279602
3468 30 7279602
3469 30 7279602
3470 30 7279602
3471 30 7279602
3472 30 7279602
3473 30 7279602
3474 30 7279602
3475 30 7279602
3476 30 7279602
3477 30 7279602
3478 30 7279602
3479 30 7279602
3480 30 7279602
3481 30 7279602
3482 30 7279602
3483 30 7279602
3484 30 7279602
3485 30 7279602
3486 30 7279602
3487 30 7279602
3488 30 7279602
3489 30 7279602
3490 30 7279602
3491 30 7279602
3492 30 7279602
3493 30 7279602
3494 30 7279602
3495 30 7279602
3496 30 7279602
3497 30 7279602
3498 30 7279602
3499 30 7279602
3500 30 7279602
3501 30 7279602
3502 30 7279602
3503 30 7279602
3504 30 7279602
3505 30 7279602
3506 30 7279602
3507 30 7279602
3508 30 7279602
3509 30 7279602
3510 30 7279602
3511 30 7279602
3512 30 7279602
3513 30 7279602
3514 30 7279602
3515 30 7279602
3516 30 7279602
3517 30 7279602
3518 30 7279602
3519 30 7279602
3520 30 7279602
3521 30 7279602
3522 30 7279602
3523 30 7279602
3524 30 7279602
3525 30 7279602
3526 30 7279602
3527 30 7279602
3528 30 7279602
3529 30 7279602
3530 30 7279602
3531 30 7279602
3532 30 7279602
3533 30 4239585
3534 30 7279602
3535 30 7279602
3536 30 7279602
3537 30 7279602
3538 30 7279602
3539 30 7279602
3540 30 7279602
3541 30 7279602
3542 30 7279602
3543 30 7279602
3544 30 7279602
3545 30 7279602
3546 30 7279602
3547 30 7279602
3548 30 7279602
3549 30 7279602
3550 30 7279602
3551 30 7279602
3552 30 7279602
3553 30 7279602
3554 30 7279602
3555 30 8818205
3556 30 8818205
3557 30 8818205
3558 30 8818205
3559 30 8818205
3560 30 8818205
3561 30 8818205
3562 30 8818205
3563 30 8818205
3564 30 8818205
3565 30 8818205
3566 30 8818205
3567 30 8818205
3568 30 8818205
3569 30 8818205
3570 30 8818205
3571 30 8818205
3572 30 8818205
3573 30 8818205
3574 30 8818205
3575 30 8818205
3576 30 8818205
3577 30 8818205
3578 30 8818205
3579 30 8818205
3580 30 8818205
3581 30 8818205
3582 30 8818205
3583 30 8818205
3584 30 8818205
3585 30 8818205
3586 30 8818205
3587 30 8818205
3588 30 8818205
3589 30 8818205
3590 30 8818205
3591 30 8818205
3592 30 8818205
3593 30 8818205
3594 30 8818205
3595 30 8818205
3596 30 8818205
3597 30 8818205
3598 30 8818205
3599 30 8818205
3600 30 8818205
3601 30 8818205
3602 30 8818205
3603 30 8818205
3604 30 8818205
3605 30 8818205
3606 30 8818205
3607 30 8818205
3608 30 8818205
3609 30 8818205
3610 30 8818205
3611 30 8818205
3612 30 8818205
3613 30 8818205
3614 30 8818205
3615 30 8818205
3616 30 8818205
3617 30 8818205
3618 30 8818205
3619 30 8818205
3620 30 8818205
3621 30 8818205
3622 30 8818205
3623 30 8818205
3624 30 8818205
3625 30 8818205
3626 30 8818205
3627 30 8818205
3628 30 8818205
3629 30 8818205
3630 30 8818205
3631 30 8818205
3632 30 8818205
3633 30 8818205
3634 30 8818205
3635 30 8818205
3636 30 8818205
3637 30 8818205
3638 30 8818205
3639 30 8818205
3640 30 8818205
3641 30 8818205
3642 30 8818205
3643 30 8818205
3644 30 8818205
3645 30 8818205
3646 30 8818205
3647 30 8818205
3648 30 8818205
3649 30 8818205
3650 30 8818205
3651 30 8818205
3652 30 8818205
3653 30 8818205
3654 30 8818205
3655 30 8818205
3656 30 8818205
3657 30 8818205
3658 30 8818205
3659 30 8818205
3660 30 8818205
3661 30 8818205
3662 30 8818205
3663 30 8818205
3664 30 8818205
3665 30 8818205
3666 30 8818205
3667 30 8818205
3668 30 8818205
3669 30 8818205
3670 30 8818205
3671 30 8818205
3672 30 8818205
3673 30 8818205
3674 30 8818205
3675 30 8818205
3676 30 8818205
3677 30 8818205
3678 30 8818205
3679 30 8818205
3680 30 8818205
3681 30 8818205
3682 30 8818205
3683 30 8818205
3684 30 8818205
3685 31 8818204
3686 31 8818204
3687 31 8818204
3688 31 8818204
3689 31 8818204
3690 31 8818204
3691 31 8818204
3692 31 8818204
3693 31 8818204
3694 31 8818204
3695 31 8818204
3696 31 8818204
3697 31 8818204
3698 31 8818204
3699 31 8818204
3700 31 8818204
3701 31 8818204
3702 31 8818204
3703 31 8818204
3704 31 8818204
3705 31 8818204
3706 31 8818204
3707 31 8818204
3708 31 8818204
3709 31 8818204
3710 31 8818204
3711 31 8818204
3712 31 8818204
3713 31 8818204
3714 31 8818204
3715 30 11784468
3716 30 11784468
3717 30 11784468
3718 29 5625907
3719 29 5625907
3720 29 5625907
3721 29 5625907
3722 29 5625907
3723 29 5625907
3724 29 5625907
3725 29 5625907
3726 29 5625907
3727 29 5625907
3728 29 5625907
3729 29 5625907
3730 29 5625907
3731 29 5625907
3732 29 5625907
3733 29 5625907
3734 29 5625907
3735 29 5625907
3736 29 5625907
3737 29 5625907
3738 29 5625907
3739 29 5380401
3740 29 5380401
3741 29 5380401
3742 29 5380401
3743 29 5380401
3744 29 5380401
3745 29 5380401
3746 29 5380401
3747 29 5380401
3748 29 5380401
3749 29 5380401
3750 29 5380401
3751 29 5380401
3752 29 5380401
3753 29 5380401
3754 29 5380401
3755 29 5380401
3756 29 5380401
3757 29 5380401
3758 29 5380401
3759 29 5380401
3760 29 5380401
3761 29 5380401
3762 29 5380401
3763 29 5380401
3764 29 5380401
3765 29 5380401
3766 29 5380401
3767 29 5380401
3768 29 5380401
3769 29 5380401
3770 29 5380401
3771 29 5380401
3772 29 5380401
3773 29 5380401
3774 29 5380401
3775 29 5380401
3776 29 5380401
3777 29 5380401
3778 29 5380401
3779 29 5380401
3780 29 5380401
3781 29 5380401
3782 29 5380401
3783 29 5380401
3784 29 5380401
3785 29 5380401
3786 29 5380401
3787 29 5380401
3788 29 5380401
3789 29 5380401
3790 29 5380401
3791 29 5380401
3792 29 5380401
3793 29 5380401
3794 29 5380401
3795 29 5380401
3796 29 5380401
3797 29 5380401
3798 29 5380401
3799 29 5380401
3800 29 5380401
3801 29 5380401
3802 29 5380401
3803 29 5380401
3804 29 5380401
3805 29 5380401
3806 29 5380401
3807 29 5380401
3808 29 5380401
3809 29 5380401
3810 29 5380401
3811 29 5625907
3812 29 5625907
3813 29 5625907
3814 29 5625907
3815 29 5625907
3816 29 5625907
3817 29 5625907
3818 29 5625907
3819 29 5625907
3820 29 5625907
3821 29 5625907
3822 29 5625907
3823 29 5625907
3824 29 5625907
3825 29 5625907
3826 29 5625907
3827 29 5625907
3828 29 5625907
3829 29 5625907
3830 29 5625907
3831 29 5625907
3832 29 5625907
3833 29 5625907
3834 29 5625907
3835 29 5625907
3836 29 5625907
3837 29 5625907
3838 29 5625907
3839 29 5625907
3840 29 5625907
3841 29 5625907
3842 29 5625907
3843 29 5625907
3844 29 5625907
3845 29 5625907
3846 29 5625907
3847 29 5625907
3848 29 5625907
3849 29 5625907
3850 29 5625907
3851 29 5625907
3852 29 5625907
3853 29 5625907
3854 29 5625907
3855 29 5625907
3856 29 5625907
3857 29 5625907
3858 29 5625907
3859 29 5625907
3860 29 5625907
3861 29 5625907
3862 29 5625907
3863 29 5625907
3864 29 5625907
3865 29 5625907
3866 29 5625907
3867 29 5625907
3868 29 5625907
3869 29 5625907
3870 29 5625907
3871 29 5625907
3872 29 5625907
3873 29 5625907
3874 29 5625907
3875 29 5625907
3876 29 5625907
3877 29 5625907
3878 29 5625907
3879 29 5625907
3880 29 5625907
3881 29 5625907
3882 29 5625907
3883 29 5625907
3884 29 5625907
3885 29 5625907
3886 29 5625907
3887 29 5625907
3888 29 5625907
3889 29 5625907
3890 29 5625907
3891 29 5625907
3892 29 5625907
3893 29 5625907
3894 29 5625907
3895 29 5625907
3896 29 5625907
3897 29 5625907
3898 29 5625907
3899 29 5625907
3900 29 5625907
3901 29 5625907
3902 29 5625907
3903 29 5625907
3904 29 5625907
3905 29 5625907
3906 29 5625907
3907 29 5625907
3908 29 5625907
3909 29 5625907
3910 29 5625907
3911 29 5625907
3912 29 5625907
3913 29 5625907
3914 29 5625907
3915 29 5625907
3916 29 5625907
3917 29 5625907
3918 29 5625907
3919 29 5625907
3920 29 5625907
3921 29 5625907
3922 29 5625907
3923 29 5625907
3924 29 5625907
3925 29 5625907
3926 29 5625907
3927 29 5625907
3928 29 5625907
3929 30 9743905
3930 29 5625907
3931 29 5625907
3932 29 5625907
3933 29 5625907
3934 29 5625907
3935 29 5625907
3936 29 5625907
3937 29 5625907
3938 29 5625907
3939 29 5625907
3940 29 5625907
3941 29 5625907
3942 29 5625907
3943 29 5625907
3944 29 5625907
3945 29 5625907
3946 29 5625907
3947 29 5625907
3948 29 5625907
3949 29 5625907
3950 29 5625907
3951 29 5625907
3952 29 5625907
3953 29 5625907
3954 29 5625907
3955 29 5625907
3956 29 5625907
3957 29 5625907
3958 29 5625907
3959 29 5625907
3960 29 5625907
3961 29 5625907
3962 29 5625907
3963 29 5625907
3964 29 5625907
3965 29 5625907
3966 29 5625907
3967 29 5625907
3968 29 10977844
3969 29 10977844
3970 29 10977844
3971 29 10977844
3972 29 10977844
3973 29 10977844
3974 29 10977844
3975 29 10977844
3976 29 10977844
3977 29 10977844
3978 29 10977844
3979 29 10977844
3980 29 10977844
3981 29 10977844
3982 29 10977844
3983 29 10977844
3984 29 10977844
3985 29 10977844
3986 29 10977844
3987 29 10977844
3988 29 10977844
3989 29 10977844
3990 29 10977844
3991 29 10977844
3992 29 10977844
3993 29 10977844
3994 29 10977844
3995 29 10977844
3996 29 10977844
3997 29 10977844
3998 29 10977844
3999 29 10977844
4000 29 10977844
4001 29 10977844
4002 29 10977844
4003 29 10977844
4004 29 10977844
4005 29 10977844
4006 29 10977844
4007 29 10977844
4008 29 10977844
4009 29 10977844
4010 29 10977844
4011 29 10977844
4012 29 10977844
4013 29 10977844
4014 29 10977844
4015 29 10977844
4016 29 10977844
4017 29 10977844
4018 29 10977844
4019 29 10977844
4020 29 10977844
4021 32 11580452
4022 29 10977844
4023 29 10977844
4024 29 10977844
4025 29 10977844
4026 29 10977844
4027 29 9539955
4028 29 9539955
4029 29 9539955
4030 29 9539955
4031 30 13955298
4032 29 9539955
4033 29 9539955
4034 29 9539955
4035 29 9539955
4036 29 9539955
4037 29 9539955
4038 29 9539955
4039 29 9539955
4040 29 9539955
4041 29 9539955
4042 29 9539955
4043 29 9539955
4044 29 9539955
4045 29 9539955
4046 29 9539955
4047 29 9539955
4048 29 9539955
4049 29 9539955
4050 29 9539955
4051 29 9539955
4052 29 9539955
4053 29 9539955
4054 29 9539955
4055 29 9539955
4056 29 9539955
4057 29 9539955
4058 29 9539955
4059 29 9539955
4060 29 9539955
4061 35 13912980
4062 29 9539955
4063 29 9539955
4064 29 9539955
4065 29 9539955
4066 29 9539955
4067 29 9539955
4068 29 9539955
4069 29 9539955
4070 29 9539955
4071 29 9539955
4072 29 9539955
4073 29 9539955
4074 29 9539955
4075 29 9539955
4076 29 9539955
4077 29 9539955
4078 29 9539955
4079 29 9539955
4080 29 9539955
4081 29 9539955
4082 29 9539955
4083 29 9539955
4084 29 9539955
4085 29 9539955
4086 29 9539955
4087 29 9539955
4088 29 9539955
4089 29 9539955
4090 29 9539955
4091 29 9539955
4092 29 9539955
4093 29 9539955
4094 29 9539955
4095 29 9539955
4096 29 9539955
4097 29 9539955
4098 29 9539955
4099 29 9539955
4100 29 9539955
4101 29 9539955
4102 29 9539955
4103 30 9925148
4104 30 9925148
4105 30 9925148
4106 30 9925148
4107 30 9925148
4108 30 9925148
4109 30 9925148
4110 30 9925148
4111 30 9925148
4112 29 9539955
4113 29 9539955
4114 29 9539955
4115 29 9539955
4116 29 9539955
4117 29 9539955
4118 29 9539955
4119 29 9539955
4120 29 9539955
4121 29 9539955
4122 29 9539955
4123 29 9539955
4124 29 9539955
4125 29 9539955
4126 29 9539955
4127 29 9539955
4128 29 9539955
4129 29 9539955
4130 29 9539955
4131 29 9539955
4132 29 9539955
4133 29 9539955
4134 29 9539955
4135 29 9539955
4136 29 9539955
4137 29 9539955
4138 29 9539955
4139 29 9539955
4140 29 9539955
4141 29 9539955
4142 29 9539955
4143 29 9539955
4144 29 9539955
4145 29 9539955
4146 29 9539955
4147 29 9539955
4148 29 9539955
4149 29 9539955
4150 29 9539955
4151 29 9539955
4152 29 9539955
4153 29 9539955
4154 29 9539955
4155 29 9539955
4156 29 9539955
4157 29 9539955
4158 29 9539955
4159 29 9539955
4160 29 9539955
4161 29 9539955
4162 29 9539955
4163 29 9539955
4164 29 9539955
4165 29 9539955
4166 29 9539955
4167 29 9539955
4168 29 9539955
4169 29 9539955
4170 29 9539955
4171 29 9539955
4172 29 9539955
4173 33 17405759
4174 33 17405759
4175 33 17405759
4176 33 17405759
4177 33 17405759
4178 33 17405759
4179 33 17405759
4180 33 17405759
4181 33 17405759
4182 33 17405759
4183 33 17405759
4184 33 17405759
4185 33 17405759
4186 33 17405759
4187 33 17405759
4188 33 17405759
4189 33 17405759
4190 33 17405759
4191 33 17405759
4192 33 17405759
4193 33 17405759
4194 33 17405759
4195 33 17405759
4196 33 17405759
4197 33 17405759
4198 33 17405759
4199 33 17405759
4200 33 17405759
4201 33 17405759
4202 33 17405759
4203 33 17405759
4204 33 17405759
4205 33 17405759
4206 33 17405759
4207 33 17405759
4208 33 17405759
4209 33 17405759
4210 33 17405759
4211 33 17405759
4212 33 17405759
4213 33 17405759
4214 33 17405759
4215 33 17405759
4216 33 17405759
4217 33 17405759
4218 33 17405759
4219 33 17405759
4220 33 17405759
4221 33 17405759
4222 33 17405759
4223 33 17405759
4224 33 17405759
4225 33 17405759
4226 33 17405759
4227 33 17405759
4228 33 17405759
4229 33 17405759
4230 33 17405759
4231 33 17405759
4232 33 17405759
4233 33 17405759
4234 33 17405759
4235 33 17405759
4236 33 17405759
4237 33 17405759
4238 33 17405759
4239 33 17405759
4240 33 17405759
4241 33 17405759
4242 33 17405759
4243 33 17405759
4244 33 17405759
4245 33 17405759
4246 33 17405759
4247 33 17405759
4248 33 17405759
4249 33 17405759
4250 33 17405759
4251 33 17405759
4252 33 17405759
4253 33 17405759
4254 33 17405759
4255 33 17405759
4256 33 17405759
4257 33 17405759
4258 33 17405759
4259 33 17405759
4260 33 17405759
4261 33 17405759
4262 33 17405759
4263 33 17405759
4264 33 17405759
4265 33 17405759
4266 33 17405759
4267 33 17405759
4268 33 17405759
4269 33 17405759
4270 33 17405759
4271 33 17405759
4272 33 17405759
4273 33 17405759
4274 33 17405759
4275 29 9539955
4276 29 9539955
4277 29 9539955
4278 29 9539955
4279 29 9539955
4280 29 9539955
4281 29 9539955
4282 29 9539955
4283 29 9539955
4284 29 9539955
4285 29 9539955
4286 29 9539955
4287 29 9539955
4288 29 9539955
4289 29 9539955
4290 29 9539955
4291 29 9539955
4292 29 9539955
4293 29 9539955
4294 29 9539955
4295 29 9539955
4296 29 9539955
4297 29 9539955
4298 29 9539955
4299 29 9539955
4300 29 9539955
4301 29 9539955
4302 29 9539955
4303 29 9539955
4304 29 9539955
4305 29 9539955
4306 29 9539955
4307 29 9539955
4308 29 9539955
4309 29 9539955
4310 29 9539955
4311 29 5720673
4312 29 5720673
4313 29 5720673
4314 29 5720673
4315 29 5720673
4316 29 5720673
4317 29 5720673
4318 29 5720673
4319 29 5720673
4320 29 5720673
4321 29 5720673
4322 29 5720673
4323 29 5720673
4324 29 5720673
4325 29 5720673
4326 29 5720673
4327 29 5720673
4328 29 5720673
4329 29 5720673
4330 29 5720673
4331 29 5720673
4332 29 5720673
4333 29 5720673
4334 29 5720673
4335 29 5720673
4336 29 5720673
4337 29 5720673
4338 29 5720673
4339 29 5720673
4340 29 5720673
4341 29 5720673
4342 29 5720673
4343 30 18722656
4344 30 18722656
4345 30 18722656
4346 30 18722656
4347 30 18722656
4348 30 18722656
4349 30 18722656
4350 30 18722656
4351 30 17978303
4352 30 18722656
4353 30 18722656
4354 30 18722656
4355 30 18722656
4356 30 18722656
4357 32 5611808
4358 30 18722656
4359 30 18722656
4360 30 18722656
4361 30 18722656
4362 30 18722656
4363 30 18722656
4364 30 18722656
4365 30 18722656
4366 30 18722656
4367 30 18722656
4368 30 18722656
4369 30 18722656
4370 30 18722656
4371 30 18722656
4372 30 18722656
4373 30 18722656
4374 30 18722656
4375 30 18722656
4376 30 18722656
4377 29 5720673
4378 29 5720673
4379 29 5720673
4380 29 5720673
4381 29 5720673
4382 29 5720673
4383 29 5720673
4384 29 5720673
4385 29 5720673
4386 29 5720673
4387 29 5720673
4388 29 5720673
4389 29 5720673
4390 29 5720673
4391 29 5720673
4392 29 5720673
4393 29 5720673
4394 29 5720673
4395 29 5720673
4396 29 5720673
4397 29 5720673
4398 29 5720673
4399 29 5720673
4400 29 5720673
4401 29 5720673
4402 29 5720673
4403 29 5720673
4404 29 5720673
4405 29 5720673
4406 29 5720673
4407 29 5720673
4408 29 5720673
4409 29 5720673
4410 29 5720673
4411 29 5720673
4412 29 5720673
4413 29 5720673
4414 29 5720673
4415 29 5720673
4416 29 5720673
4417 36 16864083
4418 29 5720673
4419 29 5720673
4420 29 5720673
4421 30 9284088
4422 29 5720673
4423 29 5720673
4424 29 5720673
4425 29 5720673
4426 29 5720673
4427 29 5720673
4428 29 5720673
4429 29 5720673
4430 29 5720673
4431 29 5720673
4432 29 5720673
4433 29 5720673
4434 29 5720673
4435 29 5720673
4436 29 5720673
4437 29 5720673
4438 29 5720673
4439 29 5720673
4440 29 5720673
4441 29 5720673
4442 29 5720673
4443 29 5720673
4444 29 5720673
4445 29 5720673
4446 29 5720673
4447 29 5720673
4448 29 5720673
4449 29 5720673
4450 29 5720673
4451 29 5720673
4452 29 5720673
4453 29 5720673
4454 29 5720673
4455 29 5720673
4456 29 5720673
4457 31 10670045
4458 29 5720673
4459 29 5720673
4460 29 5720673
4461 29 5720673
4462 29 5720673
4463 29 5720673
4464 29 5720673
4465 29 5720673
4466 29 5720673
4467 29 5720673
4468 29 5720673
4469 31 19234568
4470 29 5720673
4471 29 5720673
4472 29 5720673
4473 29 5720673
4474 29 5720673
4475 29 5720673
4476 29 5720673
4477 29 5720673
4478 29 5720673
4479 29 5720673
4480 29 5720673
4481 29 5720673
4482 29 5720673
4483 29 5720673
4484 29 5720673
4485 29 5720673
4486 29 5720673
4487 29 5720673
4488 29 5720673
4489 29 5720673
4490 29 5720673
4491 29 5720673
4492 29 5720673
4493 29 5720673
4494 29 5720673
4495 29 5720673
4496 29 5720673
4497 29 5720673
4498 29 5720673
4499 29 5720673
4500 29 5720673
4501 29 5720673
4502 29 5720673
4503 29 5720673
4504 29 5720673
4505 29 5720673
4506 29 5720673
4507 29 5720673
4508 29 5720673
4509 29 5720673
4510 29 5720673
4511 29 5720673
4512 29 5720673
4513 31 18954581
4514 29 5720673
4515 29 5720673
4516 29 5720673
4517 29 5720673
4518 29 5720673
4519 29 5720673
4520 29 5720673
4521 29 5720673
4522 29 5720673
4523 29 5720673
4524 29 5720673
4525 29 5720673
4526 29 5720673
4527 29 5720673
4528 29 5720673
4529 29 5720673
4530 29 5720673
4531 29 5720673
4532 29 5720673
4533 29 5720673
4534 29 5720673
4535 29 5720673
4536 29 5720673
4537 29 5720673
4538 29 5720673
4539 29 5720673
4540 29 5720673
4541 29 5720673
4542 29 5720673
4543 29 5720673
4544 29 5720673
4545 29 5720673
4546 29 5720673
4547 29 5720673
4548 29 5720673
4549 29 5720673
4550 29 5720673
4551 29 5720673
4552 29 5720673
4553 32 16108510
4554 29 5720673
4555 29 5720673
4556 29 5720673
4557 29 5720673
4558 29 5720673
4559 29 5720673
4560 29 5720673
4561 29 5720673
4562 29 5720673
4563 29 5720673
4564 29 5720673
4565 29 5720673
4566 29 5720673
4567 29 5720673
4568 29 5720673
4569 29 5720673
4570 29 5720673
4571 29 5720673
4572 29 5720673
4573 29 5720673
4574 29 5720673
4575 29 5720673
4576 29 5720673
4577 29 5720673
4578 29 5720673
4579 29 5720673
4580 29 5720673
4581 29 5720673
4582 29 5720673
4583 29 5720673
4584 29 5720673
4585 29 5720673
4586 29 5720673
4587 29 5720673
4588 29 5720673
4589 29 5720673
4590 29 5720673
4591 29 5720673
4592 29 5720673
4593 29 5720673
4594 29 5720673
4595 29 5720673
4596 29 5720673
4597 29 5720673
4598 29 5720673
4599 29 5720673
4600 29 5720673
4601 29 5720673
4602 29 5720673
4603 29 5720673
4604 29 5720673
4605 29 5720673
4606 29 5720673
4607 29 5720673
4608 29 5720673
4609 29 5720673
4610 29 5720673
4611 29 5720673
4612 29 5720673
4613 29 5720673
4614 29 5720673
4615 29 5720673
4616 29 5720673
4617 29 5720673
4618 29 5720673
4619 29 5720673
4620 29 5720673
4621 29 5720673
4622 29 5720673
4623 29 5720673
4624 29 5720673
4625 29 5720673
4626 29 5720673
4627 29 5720673
4628 29 5720673
4629 29 5720673
4630 29 5720673
4631 30 21439601
4632 30 21439601
4633 30 21439601
4634 30 21439601
4635 30 21439601
4636 30 21439601
4637 30 21439601
4638 30 21439601
4639 30 21439601
4640 30 21439601
4641 30 21439601
4642 30 21439601
4643 31 9021344
4644 31 9021344
4645 31 9021344
4646 31 9021344
4647 31 9021344
4648 31 9021344
4649 31 9021344
4650 31 9021344
4651 31 9021344
4652 31 9021344
4653 31 9021344
4654 31 9021344
4655 31 9021344
4656 31 9021344
4657 31 9021344
4658 31 9021344
4659 31 9021344
4660 31 9021344
4661 31 9021344
4662 31 9021344
4663 31 9021344
4664 31 9021344
4665 31 9021344
4666 31 9021344
4667 31 9021344
4668 31 9021344
4669 31 9021344
4670 31 9021344
4671 31 9021344
4672 31 9021344
4673 31 9021344
4674 31 9021344
4675 31 9021344
4676 31 9021344
4677 31 9021344
4678 31 9021344
4679 31 9021344
4680 31 9021344
4681 31 9021344
4682 31 9021344
4683 31 9021344
4684 31 9021344
4685 31 9021344
4686 31 9021344
4687 31 9021344
4688 31 9021344
4689 31 9021344
4690 31 9021344
4691 31 9021344
4692 31 9021344
4693 31 9021344
4694 31 9021344
4695 31 9021344
4696 31 9021344
4697 31 9021344
4698 31 9021344
4699 31 9021344
4700 31 9021344
4701 31 9021344
4702 31 9021344
4703 31 9021344
4704 31 9021344
4705 31 9021344
4706 31 9021344
4707 31 9021344
4708 31 9021344
4709 31 9021344
4710 31 9021344
4711 31 9021344
4712 31 9021344
4713 31 9021344
4714 31 9021344
4715 31 9021344
4716 31 9021344
4717 31 9021344
4718 31 9021344
4719 31 9021344
4720 31 9021344
4721 44 19913160
4722 31 9021344
4723 31 9021344
4724 31 9021344
4725 31 9021344
4726 31 9021344
4727 31 9021344
4728 31 9021344
4729 31 9021344
4730 31 9021344
4731 31 9021344
4732 31 9021344
4733 31 9021344
4734 31 9021344
4735 31 9021344
4736 31 9021344
4737 31 9021344
4738 31 9021344
4739 31 9021344
4740 31 9021344
4741 31 9021344
4742 31 9021344
4743 31 9021344
4744 31 9021344
4745 32 22513514
4746 32 22513514
4747 32 22513514
4748 32 22513514
4749 32 22513514
4750 32 22513514
4751 32 22513514
4752 32 22513514
4753 32 22513514
4754 32 22513514
4755 32 22513514
4756 32 22513514
4757 32 22513514
4758 32 22513514
4759 32 22513514
4760 32 22513514
4761 32 22513514
4762 32 22513514
4763 32 22513514
4764 32 22513514
4765 32 22513514
4766 32 22513514
4767 32 22513514
4768 32 22513514
4769 32 22513514
4770 32 22513514
4771 32 22513514
4772 32 22513514
4773 32 22513514
4774 32 22513514
4775 32 22513514
4776 32 22513514
4777 32 22513514
4778 32 22513514
4779 32 22513514
4780 32 22513514
4781 32 22513514
4782 32 22513514
4783 32 22513514
4784 32 22513514
4785 32 22513514
4786 32 22513514
4787 32 22513514
4788 32 22513514
4789 32 22513514
4790 32 22513514
4791 32 22513514
4792 32 22513514
4793 33 22963686
4794 33 22963686
4795 33 22963686
4796 33 22963686
4797 33 22963686
4798 33 22963686
4799 33 22963686
4800 33 22963686
4801 33 22963686
4802 33 22963686
4803 33 22963686
4804 33 22963686
4805 33 22963686
4806 33 22963686
4807 33 22963686
4808 33 22963686
4809 33 22963686
4810 33 22963686
4811 33 22963686
4812 33 22963686
4813 33 22963686
4814 33 22963686
4815 33 22963686
4816 33 22963686
4817 33 22963686
4818 33 22963686
4819 33 22963686
4820 36 23226120
4821 36 23226120
4822 36 23226120
4823 36 23226120
4824 36 23226120
4825 36 23226120
4826 36 23226120
4827 36 23226120
4828 36 23226120
4829 36 23226120
4830 36 23226120
4831 36 23226120
4832 36 23226120
4833 36 23226120
4834 36 23226120
4835 36 23226120
4836 36 23226120
4837 36 23226120
4838 36 23226120
4839 36 23226120
4840 36 23226120
4841 36 23226120
4842 36 23226120
4843 36 23226120
4844 36 23226120
4845 36 23226120
4846 36 23226120
4847 36 23226120
4848 36 23226120
4849 36 23226120
4850 36 23226120
4851 36 23226120
4852 36 23226120
4853 36 23226120
4854 36 23226120
4855 36 23226120
4856 36 23226120
4857 36 23226120
4858 36 23226120
4859 36 23226120
4860 36 23226120
4861 36 23226120
4862 36 23226120
4863 36 23226120
4864 36 23226120
4865 36 23226120
4866 36 23226120
4867 36 23226120
4868 36 23226120
4869 36 23226120
4870 36 23226120
4871 36 23226120
4872 36 23226120
4873 36 23226120
4874 36 23226120
4875 36 23226120
4876 36 23226120
4877 36 23226120
4878 36 23226120
4879 36 23226120
4880 36 23226120
4881 36 23226120
4882 36 23226120
4883 36 23226120
4884 36 23226120
4885 36 23226120
4886 36 23226120
4887 36 23226120
4888 36 23226120
4889 36 23226120
4890 36 23226120
4891 36 23226120
4892 36 23226120
4893 36 23226120
4894 36 23226120
4895 36 23226120
4896 36 23226120
4897 36 23226120
4898 36 23226120
4899 36 23226120
4900 36 23226120
4901 36 23226120
4902 36 23226120
4903 36 23226120
4904 36 23226120
4905 36 23226120
4906 36 23226120
4907 36 23226120
4908 36 23226120
4909 36 23226120
4910 36 23226120
4911 36 23226120
4912 36 23226120
4913 36 23226120
4914 36 23226120
4915 36 23226120
4916 36 23226120
4917 36 23226120
4918 36 23226120
4919 36 23226120
4920 36 23226120
4921 36 23226120
4922 36 23226120
4923 36 23226120
4924 36 23226120
4925 36 23226120
4926 36 23226120
4927 36 23226120
4928 36 23226120
4929 36 23226120
4930 36 23226120
4931 36 23226120
4932 36 23226120
4933 36 23226120
4934 36 23226120
4935 36 23226120
4936 36 23226120
4937 36 23226120
4938 36 23226120
4939 36 23226120
4940 36 23226120
4941 36 23226120
4942 36 23226120
4943 36 23226120
4944 36 23226120
4945 36 23226120
4946 36 23226120
4947 36 23226120
4948 36 23226120
4949 36 23226120
4950 36 23226120
4951 36 23226120
4952 36 23226120
4953 36 23226120
4954 36 23226120
4955 36 23226120
4956 36 23226120
4957 36 23226120
4958 36 23226120
4959 36 23226120
4960 36 23226120
4961 36 23226120
4962 36 23226120
4963 36 23226120
4964 36 23226120
4965 36 23226120
4966 36 23226120
4967 36 23226120
4968 36 23226120
4969 36 23226120
4970 36 23226120
4971 36 23226120
4972 36 23226120
4973 36 23226120
4974 36 23226120
4975 36 23226120
4976 36 23226120
4977 36 23226120
4978 36 23226120
4979 36 23226120
4980 36 23226120
4981 36 23226120
4982 36 23226120
4983 36 23226120
4984 36 23226120
4985 36 23226120
4986 36 23226120
4987 36 23226120
4988 36 23226120
4989 36 23226120
4990 36 23226120
4991 36 23226120
4992 36 23226120
4993 36 23226120
4994 36 23226120
4995 36 23226120
4996 36 23226120
4997 36 23226120
4998 36 23226120
4999 36 23226120
5000 36 23226120
5001 36 23226120
5002 36 23226120
5003 36 23226120
5004 36 23226120
5005 36 23226120
5006 36 23226120
5007 36 23226120
5008 36 23226120
5009 36 23226120
5010 36 23226120
5011 36 23226120
5012 36 23226120
5013 36 23226120
5014 36 23226120
5015 36 23226120
5016 36 23226120
5017 36 23226120
5018 36 23226120
5019 36 23226120
5020 36 23226120
5021 36 23226120
5022 36 23226120
5023 36 23226120
5024 36 23226120
5025 36 23226120
5026 36 23226120
5027 36 23226120
5028 36 23226120
5029 36 23226120
5030 36 23226120
5031 36 23226120
5032 36 23226120
5033 36 23226120
5034 36 23226120
5035 36 23226120
5036 36 23226120
5037 36 23226120
5038 36 23226120
5039 36 23226120
5040 36 23226120
5041 36 23226120
5042 36 23226120
5043 36 23226120
5044 36 23226120
5045 36 23226120
5046 36 23226120
5047 36 23226120
5048 36 23226120
5049 36 23226120
5050 36 23226120
5051 36 23226120
5052 36 23226120
5053 36 23226120
5054 36 23226120
5055 36 23226120
5056 36 23226120
5057 36 23226120
5058 36 23226120
5059 36 23226120
5060 36 23226120
5061 36 23226120
5062 36 23226120
5063 36 23226120
5064 36 23226120
5065 36 23226120
5066 36 23226120
5067 36 23226120
5068 36 23226120
5069 36 23226120
5070 36 23226120
5071 36 23226120
5072 36 23226120
5073 36 23226120
5074 36 23226120
5075 36 23226120
5076 36 23226120
5077 36 23226120
5078 36 23226120
5079 36 23226120
5080 36 23226120
5081 36 23226120
5082 36 23226120
5083 36 23226120
5084 36 23226120
5085 36 23226120
5086 36 23226120
5087 36 23226120
5088 36 23226120
5089 36 23226120
5090 36 23226120
5091 36 23226120
5092 36 23226120
5093 36 23226120
5094 36 23226120
5095 36 23226120
5096 36 23226120
5097 36 23226120
5098 36 23226120
5099 36 23226120
5100 36 23226120
5101 36 23226120
5102 36 23226120
5103 36 23226120
5104 36 23226120
5105 36 23226120
5106 36 23226120
5107 36 23226120
5108 36 23226120
5109 36 23226120
5110 36 23226120
5111 36 23226120
5112 36 23226120
5113 36 23226120
5114 36 23226120
5115 36 23226120
5116 36 23226120
5117 36 23226120
5118 36 23226120
5119 36 23226120
5120 36 23226120
5121 36 23226120
5122 36 23226120
5123 36 23226120
5124 36 23226120
5125 36 23226120
5126 36 23226120
5127 36 23226120
5128 36 23226120
5129 36 23226120
5130 36 23226120
5131 36 23226120
5132 36 23226120
5133 36 23226120
5134 36 23226120
5135 36 23226120
5136 36 23226120
5137 36 23226120
5138 36 23226120
5139 36 23226120
5140 36 23226120
5141 36 23226120
5142 36 23226120
5143 36 23226120
5144 36 23226120
5145 36 23226120
5146 36 23226120
5147 36 23226120
5148 36 23226120
5149 36 23226120
5150 36 23226120
5151 36 23226120
5152 36 23226120
5153 36 23226120
5154 36 23226120
5155 36 23226120
5156 36 23226120
5157 36 23226120
5158 36 23226120
5159 36 23226120
5160 36 23226120
5161 36 23226120
5162 36 23226120
5163 36 23226120
5164 36 23226120
5165 36 23226120
5166 36 23226120
5167 36 23226120
5168 36 23226120
5169 36 23226120
5170 36 23226120
5171 36 23226120
5172 36 23226120
5173 36 23226120
5174 36 23226120
5175 36 23226120
5176 36 23226120
5177 36 23226120
5178 36 23226120
5179 36 23226120
5180 36 23226120
5181 36 23226120
5182 36 23226120
5183 36 23226120
5184 36 23226120
5185 36 23226120
5186 36 23226120
5187 36 23226120
5188 36 23226120
5189 36 23226120
5190 36 23226120
5191 36 23226120
5192 36 23226120
5193 36 23226120
5194 36 23226120
5195 36 23226120
5196 36 23226120
5197 36 23226120
5198 36 23226120
5199 36 23226120
5200 36 23226120
5201 36 23226120
5202 36 23226120
5203 36 23226120
5204 36 23226120
5205 36 23226120
5206 36 23226120
5207 36 23226120
5208 36 23226120
5209 36 23226120
5210 36 23226120
5211 36 23226120
5212 36 23226120
5213 36 23226120
5214 36 23226120
5215 36 23226120
5216 36 23226120
5217 36 23226120
5218 36 23226120
5219 36 23226120
5220 36 23226120
5221 36 23226120
5222 36 23226120
5223 36 23226120
5224 36 23226120
5225 36 23226120
5226 36 23226120
5227 36 23226120
5228 36 23226120
5229 36 23226120
5230 36 23226120
5231 36 23226120
5232 36 23226120
5233 36 23226120
5234 36 23226120
5235 36 23226120
5236 36 23226120
5237 36 23226120
5238 36 23226120
5239 36 23226120
5240 36 23226120
5241 36 23226120
5242 36 23226120
5243 36 23226120
5244 36 23226120
5245 36 23226120
5246 36 23226120
5247 36 23226120
5248 36 23226120
5249 36 23226120
5250 36 23226120
5251 36 23226120
5252 36 23226120
5253 36 23226120
5254 36 23226120
5255 36 23226120
5256 36 23226120
5257 36 23226120
5258 36 23226120
5259 36 23226120
5260 36 23226120
5261 36 23226120
5262 36 23226120
5263 36 23226120
5264 36 23226120
5265 36 23226120
5266 36 23226120
5267 36 23226120
5268 36 23226120
5269 36 23226120
5270 36 23226120
5271 36 23226120
5272 36 23226120
5273 36 23226120
5274 36 23226120
5275 36 23226120
5276 36 23226120
5277 36 23226120
5278 36 23226120
5279 36 23226120
5280 36 23226120
5281 36 23226120
5282 36 23226120
5283 36 23226120
5284 36 23226120
5285 36 23226120
5286 36 23226120
5287 36 23226120
5288 36 23226120
5289 36 23226120
5290 36 23226120
5291 36 23226120
5292 36 23226120
5293 36 23226120
5294 36 23226120
5295 36 23226120
5296 36 23226120
5297 36 23226120
5298 36 23226120
5299 36 23226120
5300 36 23226120
5301 36 23226120
5302 36 23226120
5303 36 23226120
5304 36 23226120
5305 36 23226120
5306 36 23226120
5307 36 23226120
5308 36 23226120
5309 36 23226120
5310 36 23226120
5311 36 23226120
5312 36 23226120
5313 36 23226120
5314 36 23226120
5315 36 23226120
5316 36 23226120
5317 36 23226120
5318 36 23226120
5319 36 23226120
5320 36 23226120
5321 36 23226120
5322 36 23226120
5323 36 23226120
5324 36 23226120
5325 36 23226120
5326 36 23226120
5327 36 23226120
5328 36 23226120
5329 36 23226120
5330 36 23226120
5331 36 23226120
5332 36 23226120
5333 36 23226120
5334 36 23226120
5335 36 23226120
5336 36 23226120
5337 36 23226120
5338 36 23226120
5339 36 23226120
5340 36 23226120
5341 36 23226120
5342 36 23226120
5343 36 23226120
5344 36 23226120
5345 36 23226120
5346 36 23226120
5347 36 23226120
5348 36 23226120
5349 36 23226120
5350 36 23226120
5351 36 23226120
5352 36 23226120
5353 36 23226120
5354 36 23226120
5355 36 23226120
5356 36 23226120
5357 36 23226120
5358 36 23226120
5359 36 23226120
5360 36 23226120
5361 36 23226120
5362 36 23226120
5363 36 23226120
5364 36 23226120
5365 36 23226120
5366 36 23226120
5367 36 23226120
5368 36 23226120
5369 36 23226120
5370 36 23226120
5371 36 23226120
5372 36 23226120
5373 36 23226120
5374 36 23226120
5375 36 23226120
5376 36 23226120
5377 36 23226120
5378 36 23226120
5379 36 23226120
5380 36 23226120
5381 36 23226120
5382 36 23226120
5383 36 23226120
5384 36 23226120
5385 36 23226120
5386 36 23226120
5387 36 23226120
5388 36 23226120
5389 36 23226120
5390 36 23226120
5391 36 23226120
5392 36 23226120
5393 36 23226120
5394 36 23226120
5395 36 23226120
5396 36 23226120
5397 36 23226120
5398 36 23226120
5399 36 23226120
5400 36 23226120
5401 36 23226120
5402 36 23226120
5403 36 23226120
5404 36 23226120
5405 36 23226120
5406 36 23226120
5407 36 23226120
5408 36 23226120
5409 36 23226120
5410 36 23226120
5411 36 23226120
5412 36 23226120
5413 36 23226120
5414 36 23226120
5415 36 23226120
5416 36 23226120
5417 36 23226120
5418 36 23226120
5419 36 23226120
5420 36 23226120
5421 36 23226120
5422 36 23226120
5423 36 23226120
5424 36 23226120
5425 36 23226120
5426 36 23226120
5427 36 23226120
5428 36 23226120
5429 36 23226120
5430 36 23226120
5431 36 23226120
5432 36 23226120
5433 36 23226120
5434 36 23226120
5435 36 23226120
5436 36 23226120
5437 36 23226120
5438 36 23226120
5439 36 23226120
5440 36 23226120
5441 36 23226120
5442 36 23226120
5443 36 23226120
5444 36 23226120
5445 36 23226120
5446 36 23226120
5447 36 23226120
5448 36 23226120
5449 36 23226120
5450 36 23226120
5451 36 23226120
5452 36 23226120
5453 36 23226120
5454 36 23226120
5455 36 23226120
5456 36 23226120
5457 36 23226120
5458 36 23226120
5459 36 23226120
5460 36 23226120
5461 36 23226120
5462 36 23226120
5463 36 23226120
5464 36 23226120
5465 36 23226120
5466 36 23226120
5467 36 23226120
5468 36 23226120
5469 36 23226120
5470 36 23226120
5471 36 23226120
5472 36 23226120
5473 36 23226120
5474 36 23226120
5475 36 23226120
5476 36 23226120
5477 36 23226120
5478 36 23226120
5479 36 23226120
5480 36 23226120
5481 36 23226120
5482 36 23226120
5483 36 23226120
5484 36 23226120
5485 36 23226120
5486 36 23226120
5487 36 23226120
5488 36 23226120
5489 36 23226120
5490 36 23226120
5491 36 23226120
5492 36 23226120
5493 36 23226120
5494 36 23226120
5495 36 23226120
5496 36 23226120
5497 36 23226120
5498 36 23226120
5499 36 23226120
5500 36 23226120
5501 36 23226120
5502 36 23226120
5503 36 23226120
5504 36 23226120
5505 36 23226120
5506 36 23226120
5507 36 23226120
5508 36 23226120
5509 36 23226120
5510 36 23226120
5511 36 23226120
5512 36 23226120
5513 36 23226120
5514 36 23226120
5515 36 23226120
5516 36 23226120
5517 36 23226120
5518 36 23226120
5519 36 23226120
5520 36 23226120
5521 36 23226120
5522 36 23226120
5523 36 23226120
5524 36 23226120
5525 36 23226120
5526 36 23226120
5527 36 23226120
5528 36 23226120
5529 36 23226120
5530 36 23226120
5531 36 23226120
5532 36 23226120
5533 36 23226120
5534 36 23226120
5535 36 23226120
5536 36 23226120
5537 36 23226120
5538 36 23226120
5539 36 23226120
5540 36 23226120
5541 36 23226120
5542 36 23226120
5543 36 23226120
5544 36 23226120
5545 36 23226120
5546 36 23226120
5547 36 23226120
5548 36 23226120
5549 36 23226120
5550 36 23226120
5551 36 23226120
5552 36 23226120
5553 36 23226120
5554 36 23226120
5555 36 23226120
5556 36 23226120
5557 36 23226120
5558 36 23226120
5559 36 23226120
5560 36 23226120
5561 36 23226120
5562 36 23226120
5563 36 23226120
5564 36 23226120
5565 36 23226120
5566 36 23226120
5567 36 23226120
5568 36 23226120
5569 36 23226120
5570 36 23226120
5571 36 23226120
5572 36 23226120
5573 36 23226120
5574 36 23226120
5575 36 23226120
5576 36 23226120
5577 36 23226120
5578 36 23226120
5579 36 23226120
5580 36 23226120
5581 36 23226120
5582 36 23226120
5583 36 23226120
5584 36 23226120
5585 36 23226120
5586 36 23226120
5587 36 23226120
5588 36 23226120
5589 36 23226120
5590 36 23226120
5591 36 23226120
5592 36 23226120
5593 36 23226120
5594 36 23226120
5595 36 23226120
5596 36 23226120
5597 36 23226120
5598 36 23226120
5599 36 23226120
5600 36 23226120
5601 36 23226120
5602 36 23226120
5603 36 23226120
5604 36 23226120
5605 36 23226120
5606 36 23226120
5607 36 23226120
5608 36 23226120
5609 36 23226120
5610 36 23226120
5611 36 23226120
5612 36 23226120
5613 36 23226120
5614 36 23226120
5615 36 23226120
5616 36 23226120
5617 36 23226120
5618 36 23226120
5619 36 23226120
5620 36 23226120
5621 36 23226120
5622 36 23226120
5623 36 23226120
5624 36 23226120
5625 36 23226120
5626 36 23226120
5627 36 23226120
5628 36 23226120
5629 36 23226120
5630 36 23226120
5631 36 23226120
5632 36 23226120
5633 36 23226120
5634 36 23226120
5635 36 23226120
5636 36 23226120
5637 36 23226120
5638 36 23226120
5639 36 23226120
5640 36 23226120
5641 36 23226120
5642 36 23226120
5643 36 23226120
5644 36 23226120
5645 36 23226120
5646 36 23226120
5647 36 23226120
5648 36 23226120
5649 36 23226120
5650 36 23226120
5651 36 23226120
5652 36 23226120
5653 36 23226120
5654 36 23226120
5655 36 23226120
5656 36 23226120
5657 36 23226120
5658 36 23226120
5659 36 23226120
5660 36 23226120
5661 36 23226120
5662 36 23226120
5663 36 23226120
5664 36 23226120
5665 36 23226120
5666 36 23226120
5667 36 23226120
5668 36 23226120
5669 36 23226120
5670 36 23226120
5671 36 23226120
5672 36 23226120
5673 36 23226120
5674 36 23226120
5675 36 23226120
5676 36 23226120
5677 36 23226120
5678 36 23226120
5679 36 23226120
5680 36 23226120
5681 36 23226120
5682 36 23226120
5683 36 23226120
5684 36 23226120
5685 36 23226120
5686 36 23226120
5687 36 23226120
5688 36 23226120
5689 36 23226120
5690 36 23226120
5691 36 23226120
5692 36 23226120
5693 36 23226120
5694 36 23226120
5695 36 23226120
5696 36 23226120
5697 36 23226120
5698 36 23226120
5699 36 23226120
5700 36 23226120
5701 36 23226120
5702 36 23226120
5703 36 23226120
5704 36 23226120
5705 36 23226120
5706 36 23226120
5707 36 23226120
5708 36 23226120
5709 36 23226120
5710 36 23226120
5711 36 23226120
5712 36 23226120
5713 36 23226120
5714 36 23226120
5715 36 23226120
5716 36 23226120
5717 36 23226120
5718 36 23226120
5719 36 23226120
5720 36 23226120
5721 36 23226120
5722 36 23226120
5723 36 23226120
5724 36 23226120
5725 36 23226120
5726 36 23226120
5727 36 23226120
5728 36 23226120
5729 36 23226120
5730 36 23226120
5731 36 23226120
5732 36 23226120
5733 36 23226120
5734 36 23226120
5735 36 23226120
5736 36 23226120
5737 36 23226120
5738 36 23226120
5739 36 23226120
5740 36 23226120
5741 36 23226120
5742 36 23226120
5743 36 23226120
5744 36 23226120
5745 36 23226120
5746 36 23226120
5747 36 23226120
5748 36 23226120
5749 36 23226120
5750 36 23226120
5751 36 23226120
5752 36 23226120
5753 36 23226120
5754 36 23226120
5755 36 23226120
5756 36 23226120
5757 36 23226120
5758 36 23226120
5759 36 23226120
5760 36 23226120
5761 36 23226120
5762 36 23226120
5763 36 23226120
5764 36 23226120
5765 36 23226120
5766 36 23226120
5767 36 23226120
5768 36 23226120
5769 36 23226120
5770 36 23226120
5771 36 23226120
5772 36 23226120
5773 36 23226120
5774 36 23226120
5775 36 23226120
5776 36 23226120
5777 36 23226120
5778 36 23226120
5779 36 23226120
5780 36 23226120
5781 36 23226120
5782 36 23226120
5783 36 23226120
5784 36 23226120
5785 36 23226120
5786 36 23226120
5787 36 23226120
5788 36 23226120
5789 36 23226120
5790 36 23226120
5791 36 23226120
5792 36 23226120
5793 36 23226120
5794 36 23226120
5795 36 23226120
5796 36 23226120
5797 36 23226120
5798 36 23226120
5799 36 23226120
5800 36 23226120
5801 36 23226120
5802 36 23226120
5803 36 23226120
5804 36 23226120
5805 36 23226120
5806 36 23226120
5807 36 23226120
5808 36 23226120
5809 36 23226120
5810 36 23226120
5811 36 23226120
5812 36 23226120
5813 36 23226120
5814 36 23226120
5815 36 23226120
5816 36 23226120
5817 36 23226120
5818 36 23226120
5819 36 23226120
5820 36 23226120
5821 36 23226120
5822 36 23226120
5823 36 23226120
5824 36 23226120
5825 36 23226120
5826 36 23226120
5827 36 23226120
5828 36 23226120
5829 36 23226120
5830 36 23226120
5831 36 23226120
5832 36 23226120
5833 36 23226120
5834 36 23226120
5835 36 23226120
5836 36 23226120
5837 36 23226120
5838 36 23226120
5839 36 23226120
5840 36 23226120
5841 36 23226120
5842 36 23226120
5843 36 23226120
5844 36 23226120
5845 36 23226120
5846 36 23226120
5847 36 23226120
5848 36 23226120
5849 36 23226120
5850 36 23226120
5851 36 23226120
5852 36 23226120
5853 36 23226120
5854 36 23226120
5855 36 23226120
5856 36 23226120
5857 36 23226120
5858 36 23226120
5859 36 23226120
5860 36 23226120
5861 36 23226120
5862 36 23226120
5863 36 23226120
5864 36 23226120
5865 36 23226120
5866 36 23226120
5867 36 23226120
5868 36 23226120
5869 36 23226120
5870 36 23226120
5871 36 23226120
5872 36 23226120
5873 36 23226120
5874 36 23226120
5875 36 23226120
5876 36 23226120
5877 36 23226120
5878 36 23226120
5879 36 23226120
5880 36 23226120
5881 36 23226120
5882 36 23226120
5883 36 23226120
5884 36 23226120
5885 36 23226120
5886 36 23226120
5887 36 23226120
5888 36 23226120
5889 36 23226120
5890 36 23226120
5891 36 23226120
5892 36 23226120
5893 36 23226120
5894 36 23226120
5895 36 23226120
5896 36 23226120
5897 36 23226120
5898 36 23226120
5899 36 23226120
5900 36 23226120
5901 36 23226120
5902 36 23226120
5903 36 23226120
5904 36 23226120
5905 36 23226120
5906 36 23226120
5907 36 23226120
5908 36 23226120
5909 36 23226120
5910 36 23226120
5911 36 23226120
5912 36 23226120
5913 36 23226120
5914 36 23226120
5915 36 23226120
5916 36 23226120
5917 36 23226120
5918 36 23226120
5919 36 23226120
5920 36 23226120
5921 36 23226120
5922 36 23226120
5923 36 23226120
5924 36 23226120
5925 36 23226120
5926 36 23226120
5927 36 23226120
5928 36 23226120
5929 36 23226120
5930 36 23226120
5931 36 23226120
5932 36 23226120
5933 36 23226120
5934 36 23226120
5935 36 23226120
5936 36 23226120
5937 36 23226120
5938 36 23226120
5939 36 23226120
5940 36 23226120
5941 36 23226120
5942 36 23226120
5943 36 23226120
5944 36 23226120
5945 36 23226120
5946 36 23226120
5947 36 23226120
5948 36 23226120
5949 36 23226120
5950 36 23226120
5951 36 23226120
5952 36 23226120
5953 36 23226120
5954 36 23226120
5955 36 23226120
5956 36 23226120
5957 36 23226120
5958 36 23226120
5959 36 23226120
5960 36 23226120
5961 36 23226120
5962 36 23226120
5963 36 23226120
5964 36 23226120
5965 36 23226120
5966 36 23226120
5967 36 23226120
5968 36 23226120
5969 36 23226120
5970 36 23226120
5971 36 23226120
5972 36 23226120
5973 36 23226120
5974 36 23226120
5975 36 23226120
5976 36 23226120
5977 36 23226120
5978 36 23226120
5979 36 23226120
5980 36 23226120
5981 36 23226120
5982 36 23226120
5983 36 23226120
5984 36 23226120
5985 36 23226120
5986 36 23226120
5987 36 23226120
5988 36 23226120
5989 36 23226120
5990 36 23226120
5991 36 23226120
5992 36 23226120
5993 36 23226120
5994 36 23226120
5995 36 23226120
5996 36 23226120
5997 36 23226120
5998 36 23226120
5999 36 23226120
6000 36 23226120
6001 36 23226120
6002 36 23226120
6003 36 23226120
6004 36 23226120
6005 36 23226120
6006 36 23226120
6007 36 23226120
6008 36 23226120
6009 36 23226120
6010 36 23226120
6011 36 23226120
6012 36 23226120
6013 36 23226120
6014 36 23226120
6015 36 23226120
6016 36 23226120
6017 36 23226120
6018 36 23226120
6019 36 23226120
6020 36 23226120
6021 36 23226120
6022 36 23226120
6023 36 23226120
6024 36 23226120
6025 36 23226120
6026 36 23226120
6027 36 27852057
6028 36 27852057
6029 36 27852057
6030 36 27852057
6031 36 27852057
6032 36 27852057
6033 36 27852057
6034 36 27852057
6035 36 27852057
6036 36 27852057
6037 36 27852057
6038 36 27852057
6039 36 27852057
6040 36 27852057
6041 36 27852057
6042 36 27852057
6043 36 25821715
6044 36 25821715
6045 36 25821715
6046 36 25821715
6047 36 25821715
6048 36 25821715
6049 36 25821715
6050 36 25821715
6051 36 25821715
6052 36 25821715
6053 36 25821715
6054 36 25821715
6055 36 25821715
6056 36 25821715
6057 36 25821715
6058 36 25821715
6059 36 25821715
6060 36 25821715
6061 36 25821715
6062 36 25821715
6063 36 25821715
6064 36 25821715
6065 36 25821715
6066 36 25821715
6067 36 25821715
6068 36 25821715
6069 36 25821715
6070 36 25821715
6071 36 25821715
6072 36 25821715
6073 36 25821715
6074 36 25821715
6075 36 25821715
6076 36 25821715
6077 36 25821715
6078 36 25821715
6079 36 25821715
6080 36 25821715
6081 36 25821715
6082 36 25821715
6083 36 25821715
6084 36 25821715
6085 36 25821715
6086 36 25821715
6087 36 25821715
6088 36 25821715
6089 36 25821715
6090 36 25821715
6091 36 25821715
6092 36 25821715
6093 36 25821715
6094 36 25821715
6095 36 25821715
6096 36 25821715
6097 36 25821715
6098 36 25821715
6099 36 25821715
6100 36 25821715
6101 36 25821715
6102 36 25821715
6103 36 25821715
6104 36 25821715
6105 36 25821715
6106 36 25821715
6107 36 25821715
6108 36 25821715
6109 36 25821715
6110 36 25821715
6111 36 25821715
6112 36 25821715
6113 36 25821715
6114 36 25821715
6115 36 25821715
6116 36 25821715
6117 36 25821715
6118 36 25821715
6119 36 25821715
6120 36 25821715
6121 36 25821715
6122 36 25821715
6123 36 25821715
6124 36 25821715
6125 36 25821715
6126 36 25821715
6127 36 25821715
6128 36 25821715
6129 36 25821715
6130 36 25821715
6131 36 25821715
6132 36 25821715
6133 36 25821715
6134 36 25821715
6135 36 25821715
6136 36 25821715
6137 37 26775712
6138 37 26775712
6139 37 26775712
6140 37 26775712
6141 37 26775712
6142 37 26775712
6143 37 26775712
6144 37 26775712
6145 37 26775712
6146 37 26775712
6147 37 26775712
6148 37 26775712
6149 37 26775712
6150 37 26775712
6151 37 26775712
6152 37 26775712
6153 37 26775712
6154 37 26775712
6155 37 26775712
6156 37 26775712
6157 37 26775712
6158 37 26775712
6159 37 26775712
6160 37 26775712
6161 37 26775712
6162 37 26775712
6163 37 26775712
6164 37 26775712
6165 37 26775712
6166 37 26775712
6167 37 26775712
6168 37 26775712
6169 37 26775712
6170 37 26775712
6171 37 26775712
6172 37 26775712
6173 37 26775712
6174 37 26775712
6175 37 26775712
6176 37 26775712
6177 37 26775712
6178 37 26775712
6179 37 26775712
6180 37 26775712
6181 37 26775712
6182 37 26775712
6183 37 26775712
6184 37 26775712
6185 37 26775712
6186 37 26775712
6187 37 26775712
6188 37 26775712
6189 37 26775712
6190 37 26775712
6191 37 26775712
6192 37 26775712
6193 37 26775712
6194 37 26775712
6195 37 26775712
6196 37 26775712
6197 37 26775712
6198 37 26775712
6199 37 26775712
6200 37 26775712
6201 37 26775712
6202 37 26775712
6203 37 26775712
6204 37 26775712
6205 37 26775712
6206 37 26775712
6207 37 26775712
6208 37 26775712
6209 37 26775712
6210 37 26775712
6211 37 26775712
6212 37 26775712
6213 37 26775712
6214 37 26775712
6215 37 26775712
6216 37 26775712
6217 37 26775712
6218 37 26775712
6219 37 26775712
6220 37 26775712
6221 37 26775712
6222 37 26775712
6223 37 26775712
6224 37 26775712
6225 37 26775712
6226 37 26775712
6227 37 26775712
6228 37 26775712
6229 37 26775712
6230 37 26775712
6231 37 26775712
6232 37 26775712
6233 37 26775712
6234 37 26775712
6235 37 26775712
6236 37 26775712
6237 37 26775712
6238 37 26775712
6239 37 26775712
6240 37 26775712
6241 37 26775712
6242 37 26775712
6243 37 26775712
6244 37 26775712
6245 37 26775712
6246 37 26775712
6247 37 26775712
6248 37 26775712
6249 37 26775712
6250 37 26775712
6251 37 26775712
6252 37 26775712
6253 37 26775712
6254 37 26775712
6255 37 26775712
6256 37 26775712
6257 37 26775712
6258 37 26775712
6259 37 26775712
6260 37 26775712
6261 37 26775712
6262 37 26775712
6263 37 26775712
6264 37 26775712
6265 37 26775712
6266 37 26775712
6267 37 26775712
6268 37 26775712
6269 37 26775712
6270 37 26775712
6271 37 26775712
6272 37 26775712
6273 37 26775712
6274 37 26775712
6275 37 26775712
6276 37 26775712
6277 37 26775712
6278 37 26775712
6279 37 26775712
6280 37 26775712
6281 37 26775712
6282 37 26775712
6283 37 26775712
6284 37 26775712
6285 37 26775712
6286 37 26775712
6287 37 26775712
6288 37 26775712
6289 37 26775712
6290 37 26775712
6291 37 26775712
6292 37 26775712
6293 37 26775712
6294 37 26775712
6295 37 26775712
6296 37 26775712
6297 37 26775712
6298 37 26775712
6299 37 26775712
6300 37 26775712
6301 37 26775712
6302 37 26775712
6303 37 26775712
6304 37 26775712
6305 37 26775712
6306 37 26775712
6307 37 26775712
6308 37 26775712
6309 37 26775712
6310 37 26775712
6311 37 26775712
6312 37 26775712
6313 37 26775712
6314 37 26775712
6315 37 26775712
6316 37 26775712
6317 37 26775712
6318 37 26775712
6319 37 26775712
6320 37 26775712
6321 37 26775712
6322 37 26775712
6323 37 26775712
6324 37 26775712
6325 37 26775712
6326 37 26775712
6327 37 26775712
6328 37 26775712
6329 37 26775712
6330 37 26775712
6331 37 26775712
6332 37 26775712
6333 37 26775712
6334 37 26775712
6335 37 26775712
6336 37 26775712
6337 37 26775712
6338 37 26775712
6339 37 26775712
6340 37 26775712
6341 37 26775712
6342 37 26775712
6343 37 26775712
6344 37 26775712
6345 37 26775712
6346 37 26775712
6347 37 26775712
6348 37 26775712
6349 37 26775712
6350 37 26775712
6351 37 26775712
6352 37 26775712
6353 37 26775712
6354 37 26775712
6355 37 26775712
6356 37 26775712
6357 37 26775712
6358 37 26775712
6359 37 26775712
6360 37 26775712
6361 37 26775712
6362 37 26775712
6363 37 26775712
6364 37 26775712
6365 37 26775712
6366 37 26775712
6367 37 26775712
6368 37 26775712
6369 37 26775712
6370 37 26775712
6371 37 26775712
6372 37 26775712
6373 37 26775712
6374 37 26775712
6375 37 26775712
6376 37 26775712
6377 37 26775712
6378 37 26775712
6379 37 26775712
6380 37 26775712
6381 37 26775712
6382 37 26775712
6383 37 26775712
6384 37 26775712
6385 37 26775712
6386 37 26775712
6387 37 26775712
6388 37 26775712
6389 37 26775712
6390 37 26775712
6391 37 26775712
6392 37 26775712
6393 37 26775712
6394 37 26775712
6395 37 26775712
6396 37 26775712
6397 37 26775712
6398 37 26775712
6399 37 26775712
6400 37 26775712
6401 37 26775712
6402 37 26775712
6403 37 26775712
6404 37 26775712
6405 37 26775712
6406 37 26775712
6407 37 26775712
6408 37 26775712
6409 37 26775712
6410 37 26775712
6411 37 26775712
6412 37 26775712
6413 37 26775712
6414 37 26775712
6415 37 26775712
6416 37 26775712
6417 37 26775712
6418 37 26775712
6419 37 26775712
6420 37 26775712
6421 37 26775712
6422 37 26775712
6423 37 26775712
6424 37 26775712
6425 37 26775712
6426 37 26775712
6427 37 26775712
6428 37 26775712
6429 37 26775712
6430 37 26775712
6431 37 26775712
6432 37 26775712
6433 37 26775712
6434 37 26775712
6435 37 26775712
6436 37 26775712
6437 37 26775712
6438 37 26775712
6439 37 26775712
6440 37 26775712
6441 37 26775712
6442 37 26775712
6443 37 26775712
6444 37 26775712
6445 37 26775712
6446 37 26775712
6447 37 26775712
6448 37 26775712
6449 37 26775712
6450 37 26775712
6451 37 26775712
6452 37 26775712
6453 37 26775712
6454 37 26775712
6455 37 26775712
6456 37 26775712
6457 37 26775712
6458 37 26775712
6459 37 26775712
6460 37 26775712
6461 37 26775712
6462 37 26775712
6463 37 26775712
6464 37 26775712
6465 37 26775712
6466 37 26775712
6467 37 26775712
6468 37 26775712
6469 37 26775712
6470 37 26775712
6471 37 26775712
6472 37 26775712
6473 37 26775712
6474 37 26775712
6475 37 26775712
6476 37 26775712
6477 37 26775712
6478 37 26775712
6479 37 26775712
6480 37 26775712
6481 37 26775712
6482 37 26775712
6483 37 26775712
6484 37 26775712
6485 37 26775712
6486 37 26775712
6487 37 26775712
6488 37 26775712
6489 37 26775712
6490 37 26775712
6491 37 26775712
6492 37 26775712
6493 37 26775712
6494 37 26775712
6495 37 26775712
6496 37 26775712
6497 37 26775712
6498 37 26775712
6499 37 26775712
6500 37 26775712
6501 37 26775712
6502 37 26775712
6503 37 26775712
6504 37 26775712
6505 37 26775712
6506 37 26775712
6507 37 26775712
6508 37 26775712
6509 37 26775712
6510 37 26775712
6511 37 26775712
6512 37 26775712
6513 37 26775712
6514 37 26775712
6515 37 26775712
6516 37 26775712
6517 37 26775712
6518 37 26775712
6519 37 26775712
6520 37 26775712
6521 37 26775712
6522 37 26775712
6523 37 26775712
6524 37 26775712
6525 37 26775712
6526 37 26775712
6527 37 26775712
6528 37 26775712
6529 37 26775712
6530 37 26775712
6531 37 26775712
6532 37 26775712
6533 37 26775712
6534 37 26775712
6535 37 26775712
6536 37 26775712
6537 37 26775712
6538 37 26775712
6539 37 26775712
6540 37 26775712
6541 37 26775712
6542 37 26775712
6543 37 26775712
6544 37 26775712
6545 37 26775712
6546 37 26775712
6547 37 26775712
6548 37 26775712
6549 37 26775712
6550 37 26775712
6551 37 26775712
6552 37 26775712
6553 37 26775712
6554 37 26775712
6555 37 26775712
6556 37 26775712
6557 37 26775712
6558 37 26775712
6559 37 26775712
6560 37 26775712
6561 37 26775712
6562 37 26775712
6563 37 26775712
6564 37 26775712
6565 37 26775712
6566 37 26775712
6567 37 26775712
6568 37 26775712
6569 37 26775712
6570 37 26775712
6571 37 26775712
6572 37 26775712
6573 37 26775712
6574 37 26775712
6575 37 26775712
6576 37 26775712
6577 37 26775712
6578 37 26775712
6579 37 26775712
6580 37 26775712
6581 37 26775712
6582 37 26775712
6583 37 26775712
6584 37 26775712
6585 37 26775712
6586 37 26775712
6587 37 26775712
6588 37 26775712
6589 37 26775712
6590 37 26775712
6591 37 26775712
6592 37 26775712
6593 37 26775712
6594 37 26775712
6595 37 26775712
6596 37 26775712
6597 37 26775712
6598 37 26775712
6599 37 26775712
6600 37 26775712
6601 37 26775712
6602 37 26775712
6603 37 26775712
6604 37 26775712
6605 37 26775712
6606 37 26775712
6607 37 26775712
6608 37 26775712
6609 37 26775712
6610 37 26775712
6611 37 26775712
6612 37 26775712
6613 37 26775712
6614 37 26775712
6615 37 26775712
6616 37 26775712
6617 37 26775712
6618 37 26775712
6619 37 26775712
6620 37 26775712
6621 37 26775712
6622 37 26775712
6623 37 26775712
6624 37 26775712
6625 37 26775712
6626 37 26775712
6627 37 26775712
6628 37 26775712
6629 37 26775712
6630 37 26775712
6631 37 26775712
6632 37 26775712
6633 37 26775712
6634 37 26775712
6635 37 26775712
6636 37 26775712
6637 37 26775712
6638 37 26775712
6639 37 26775712
6640 37 26775712
6641 37 26775712
6642 37 26775712
6643 37 26775712
6644 37 26775712
6645 37 26775712
6646 37 26775712
6647 37 26775712
6648 37 26775712
6649 37 26775712
6650 37 26775712
6651 37 26775712
6652 37 26775712
6653 37 26775712
6654 37 26775712
6655 37 26775712
6656 37 26775712
6657 37 26775712
6658 37 26775712
6659 37 26775712
6660 37 26775712
6661 37 26775712
6662 37 26775712
6663 37 26775712
6664 37 26775712
6665 37 26775712
6666 37 26775712
6667 37 26775712
6668 37 26775712
6669 37 26775712
6670 37 26775712
6671 37 26775712
6672 37 26775712
6673 37 26775712
6674 37 26775712
6675 37 26775712
6676 37 26775712
6677 37 26775712
6678 37 26775712
6679 37 26775712
6680 37 26775712
6681 37 26775712
6682 37 26775712
6683 37 26775712
6684 37 26775712
6685 37 26775712
6686 37 26775712
6687 37 26775712
6688 37 26775712
6689 37 26775712
6690 37 26775712
6691 37 26775712
6692 37 26775712
6693 37 26775712
6694 37 26775712
6695 37 26775712
6696 37 26775712
6697 37 26775712
6698 37 26775712
6699 37 26775712
6700 37 26775712
6701 37 26775712
6702 37 26775712
6703 37 26775712
6704 37 26775712
6705 37 26775712
6706 37 26775712
6707 37 26775712
6708 37 26775712
6709 37 26775712
6710 37 26775712
6711 37 26775712
6712 37 26775712
6713 37 26775712
6714 37 26775712
6715 37 26775712
6716 37 26775712
6717 37 26775712
6718 37 26775712
6719 37 26775712
6720 37 26775712
6721 37 26775712
6722 37 26775712
6723 37 26775712
6724 37 26775712
6725 37 26775712
6726 37 26775712
6727 37 26775712
6728 37 26775712
6729 37 26775712
6730 37 26775712
6731 37 26775712
6732 37 26775712
6733 37 26775712
6734 37 26775712
6735 37 26775712
6736 37 26775712
6737 37 26775712
6738 37 26775712
6739 37 26775712
6740 37 26775712
6741 37 26775712
6742 37 26775712
6743 37 26775712
6744 37 26775712
6745 37 26775712
6746 37 26775712
6747 37 26775712
6748 37 26775712
6749 37 26775712
6750 37 26775712
6751 37 26775712
6752 37 26775712
6753 37 26775712
6754 37 26775712
6755 37 26775712
6756 37 26775712
6757 37 26775712
6758 37 26775712
6759 37 26775712
6760 37 26775712
6761 37 26775712
6762 37 26775712
6763 37 26775712
6764 37 26775712
6765 37 26775712
6766 37 26775712
6767 37 26775712
6768 37 26775712
6769 37 26775712
6770 37 26775712
6771 37 26775712
6772 37 26775712
6773 37 26775712
6774 37 26775712
6775 37 26775712
6776 37 26775712
6777 37 26775712
6778 37 26775712
6779 37 26775712
6780 37 26775712
6781 37 26775712
6782 37 26775712
6783 37 26775712
6784 37 26775712
6785 37 26775712
6786 37 26775712
6787 37 26775712
6788 37 26775712
6789 37 26775712
6790 37 26775712
6791 37 26775712
6792 37 26775712
6793 37 26775712
6794 37 26775712
6795 37 26775712
6796 37 26775712
6797 37 26775712
6798 37 26775712
6799 37 26775712
6800 37 26775712
6801 37 26775712
6802 37 26775712
6803 37 26775712
6804 37 26775712
6805 37 26775712
6806 37 26775712
6807 37 26775712
6808 37 26775712
6809 37 26775712
6810 37 26775712
6811 37 26775712
6812 37 26775712
6813 37 26775712
6814 37 26775712
6815 37 26775712
6816 37 26775712
6817 37 26775712
6818 37 26775712
6819 37 26775712
6820 37 26775712
6821 37 26775712
6822 37 26775712
6823 37 26775712
6824 37 26775712
6825 37 26775712
6826 37 26775712
6827 37 26775712
6828 37 26775712
6829 37 26775712
6830 37 26775712
6831 37 26775712
6832 37 26775712
6833 37 26775712
6834 37 26775712
6835 37 26775712
6836 37 26775712
6837 37 26775712
6838 37 26775712
6839 37 26775712
6840 37 26775712
6841 37 26775712
6842 37 26775712
6843 37 26775712
6844 37 26775712
6845 37 26775712
6846 37 26775712
6847 37 26775712
6848 37 26775712
6849 37 26775712
6850 37 26775712
6851 37 26775712
6852 37 26775712
6853 37 26775712
6854 37 26775712
6855 37 26775712
6856 37 26775712
6857 37 26775712
6858 37 26775712
6859 37 26775712
6860 37 26775712
6861 37 26775712
6862 37 26775712
6863 37 26775712
6864 37 26775712
6865 37 26775712
6866 37 26775712
6867 37 26775712
6868 37 26775712
6869 37 26775712
6870 37 26775712
6871 37 26775712
6872 37 26775712
6873 37 26775712
6874 37 26775712
6875 37 26775712
6876 37 26775712
6877 37 26775712
6878 37 26775712
6879 37 26775712
6880 37 26775712
6881 37 26775712
6882 37 26775712
6883 37 26775712
6884 37 26775712
6885 37 26775712
6886 37 26775712
6887 37 26775712
6888 37 26775712
6889 37 26775712
6890 37 26775712
6891 37 26775712
6892 37 26775712
6893 37 26775712
6894 37 26775712
6895 37 26775712
6896 37 26775712
6897 37 26775712
6898 37 26775712
6899 37 26775712
6900 37 26775712
6901 37 26775712
6902 37 26775712
6903 37 26775712
6904 37 26775712
6905 37 26775712
6906 37 26775712
6907 37 26775712
6908 37 26775712
6909 37 26775712
6910 37 26775712
6911 37 26775712
6912 37 26775712
6913 37 26775712
6914 37 26775712
6915 37 26775712
6916 37 26775712
6917 37 26775712
6918 37 26775712
6919 37 26775712
6920 37 26775712
6921 37 26775712
6922 37 26775712
6923 37 26775712
6924 37 26775712
6925 37 26775712
6926 37 26775712
6927 37 26775712
6928 37 26775712
6929 37 26775712
6930 37 26775712
6931 37 26775712
6932 37 26775712
6933 37 26775712
6934 37 26775712
6935 37 26775712
6936 37 26775712
6937 37 26775712
6938 37 26775712
6939 37 26775712
6940 37 26775712
6941 37 26775712
6942 37 26775712
6943 37 26775712
6944 37 26775712
6945 37 26775712
6946 37 26775712
6947 37 26775712
6948 37 26775712
6949 37 26775712
6950 37 26775712
6951 37 26775712
6952 37 26775712
6953 37 26775712
6954 37 26775712
6955 37 26775712
6956 37 26775712
6957 37 26775712
6958 37 26775712
6959 37 26775712
6960 37 26775712
6961 37 26775712
6962 37 26775712
6963 37 26775712
6964 37 26775712
6965 37 26775712
6966 37 26775712
6967 37 26775712
6968 37 26775712
6969 37 26775712
6970 37 26775712
6971 37 26775712
6972 37 26775712
6973 37 26775712
6974 37 26775712
6975 37 26775712
6976 37 26775712
6977 37 26775712
6978 37 26775712
6979 37 26775712
6980 37 26775712
6981 37 26775712
6982 37 26775712
6983 37 26775712
6984 37 26775712
6985 37 26775712
6986 37 26775712
6987 37 26775712
6988 37 26775712
6989 37 26775712
6990 37 26775712
6991 37 26775712
6992 37 26775712
6993 37 26775712
6994 37 26775712
6995 37 26775712
6996 37 26775712
6997 37 26775712
6998 37 26775712
6999 37 26775712
7000 37 26775712
7001 37 26775712
7002 37 26775712
7003 37 26775712
7004 37 26775712
7005 37 26775712
7006 37 26775712
7007 37 26775712
7008 37 26775712
7009 37 26775712
7010 37 26775712
7011 37 26775712
7012 37 26775712
7013 37 26775712
7014 37 26775712
7015 37 26775712
7016 37 26775712
7017 37 26775712
7018 37 26775712
7019 37 26775712
7020 37 26775712
7021 37 26775712
7022 37 26775712
7023 37 26775712
7024 37 26775712
7025 37 26775712
7026 37 26775712
7027 37 26775712
7028 37 26775712
7029 37 26775712
7030 37 26775712
7031 37 26775712
7032 37 26775712
7033 37 26775712
7034 37 26775712
7035 37 26775712
7036 37 26775712
7037 37 26775712
7038 37 26775712
7039 37 26775712
7040 37 26775712
7041 37 26775712
7042 37 26775712
7043 37 26775712
7044 37 26775712
7045 37 26775712
7046 37 26775712
7047 37 26775712
7048 37 26775712
7049 37 26775712
7050 37 26775712
7051 37 26775712
7052 37 26775712
7053 37 26775712
7054 37 26775712
7055 37 26775712
7056 37 26775712
7057 37 26775712
7058 37 26775712
7059 37 26775712
7060 37 26775712
7061 37 26775712
7062 37 26775712
7063 37 26775712
7064 37 26775712
7065 37 26775712
7066 37 26775712
7067 37 26775712
7068 37 26775712
7069 37 26775712
7070 37 26775712
7071 37 26775712
7072 37 26775712
7073 37 26775712
7074 37 26775712
7075 37 26775712
7076 37 26775712
7077 37 26775712
7078 37 26775712
7079 37 26775712
7080 37 26775712
7081 37 26775712
7082 37 26775712
7083 37 26775712
7084 37 26775712
7085 37 26775712
7086 37 26775712
7087 37 26775712
7088 37 26775712
7089 37 26775712
7090 37 26775712
7091 37 26775712
7092 37 26775712
7093 37 26775712
7094 37 26775712
7095 37 26775712
7096 37 26775712
7097 37 26775712
7098 37 26775712
7099 37 26775712
7100 37 26775712
7101 37 26775712
7102 37 26775712
7103 37 26775712
7104 37 26775712
7105 37 26775712
7106 37 26775712
7107 37 26775712
7108 37 26775712
7109 37 26775712
7110 37 26775712
7111 37 26775712
7112 37 26775712
7113 37 26775712
7114 37 26775712
7115 37 26775712
7116 37 26775712
7117 37 26775712
7118 37 26775712
7119 37 26775712
7120 37 26775712
7121 37 26775712
7122 37 26775712
7123 37 26775712
7124 37 26775712
7125 37 26775712
7126 37 26775712
7127 37 26775712
7128 37 26775712
7129 37 23290427
7130 37 23290427
7131 37 23290427
7132 37 23290427
7133 37 23290427
7134 37 23290427
7135 37 23290427
7136 37 23290427
7137 37 23290427
7138 37 23290427
7139 37 23290427
7140 37 23290427
7141 37 23290427
7142 37 23290427
7143 37 23290427
7144 37 23290427
7145 38 43248666
7146 38 43248666
7147 38 43248666
7148 38 43248666
7149 38 43248666
7150 38 43248666
7151 38 43248666
7152 38 43248666
7153 38 43248666
7154 38 43248666
7155 38 43248666
7156 38 43248666
7157 38 43248666
7158 38 43248666
7159 38 43248666
7160 38 43248666
7161 38 43248666
7162 38 43248666
7163 38 43248666
7164 38 43248666
7165 38 43248666
7166 38 43248666
7167 38 43248666
7168 37 23290427
7169 37 23290427
7170 37 23290427
7171 37 23290427
7172 37 23290427
7173 37 23290427
7174 37 23290427
7175 37 23290427
7176 37 23290427
7177 37 23290427
7178 37 23290427
7179 37 23290427
7180 37 23290427
7181 37 23290427
7182 37 23290427
7183 37 23290427
7184 37 23290427
7185 37 23290427
7186 37 23290427
7187 37 23290427
7188 37 23290427
7189 37 23290427
7190 37 23290427
7191 37 23290427
7192 37 23290427
7193 37 23290427
7194 37 23290427
7195 37 23290427
7196 37 23290427
7197 37 23290427
7198 37 23290427
7199 37 23290427
7200 37 23290427
7201 37 23290427
7202 37 23290427
7203 37 23290427
7204 37 23290427
7205 39 50874496
7206 39 50874496
7207 39 50874496
7208 39 50874496
7209 39 50874496
7210 39 50874496
7211 39 50874496
7212 39 50874496
7213 39 50874496
7214 39 50874496
7215 39 50874496
7216 39 50874496
7217 39 50874496
7218 39 50874496
7219 39 50874496
7220 39 50874496
7221 39 50874496
7222 39 50874496
7223 39 50874496
7224 39 50874496
7225 39 50874496
7226 39 50874496
7227 39 50874496
7228 39 50874496
7229 39 50874496
7230 39 50874496
7231 39 50874496
7232 39 50874496
7233 39 50874496
7234 39 50874496
7235 39 50874496
7236 39 50874496
7237 39 50874496
7238 39 50874496
7239 39 50874496
7240 39 50874496
7241 39 50874496
7242 39 50874496
7243 39 50874496
7244 39 50874496
7245 39 50874496
7246 39 50874496
7247 39 50874496
7248 39 50874496
7249 39 50874496
7250 39 50874496
7251 39 50874496
7252 39 50874496
7253 39 50874496
7254 39 50874496
7255 39 50874496
7256 39 50874496
7257 39 50874496
7258 39 50874496
7259 39 50874496
7260 39 50874496
7261 39 50874496
7262 39 50874496
7263 39 50874496
7264 39 50874496
7265 39 50874496
7266 39 50874496
7267 39 50874496
7268 39 50874496
7269 39 50874496
7270 39 50874496
7271 39 50874496
7272 39 50874496
7273 39 50874496
7274 39 50874496
7275 39 50874496
7276 39 50874496
7277 39 50874496
7278 39 50874496
7279 39 50874496
7280 39 50874496
7281 39 50874496
7282 39 50874496
7283 39 50874496
7284 39 50874496
7285 39 50874496
7286 39 50874496
7287 39 50874496
7288 39 50874496
7289 39 50874496
7290 39 50874496
7291 39 50874496
7292 39 50874496
7293 39 50874496
7294 39 50874496
7295 39 50874496
7296 39 50874496
7297 39 50874496
7298 39 50874496
7299 39 50874496
7300 39 50874496
7301 39 50874496
7302 39 50874496
7303 39 50874496
7304 39 50874496
7305 39 50874496
7306 39 50874496
7307 39 50874496
7308 39 50874496
7309 39 50874496
7310 39 50874496
7311 39 50874496
7312 39 50874496
7313 39 50874496
7314 39 50874496
7315 39 50874496
7316 39 50874496
7317 39 50874496
7318 39 50874496
7319 39 50874496
7320 39 50874496
7321 39 50874496
7322 39 50874496
7323 39 50874496
7324 39 50874496
7325 39 50874496
7326 39 50874496
7327 39 50874496
7328 39 50874496
7329 39 50874496
7330 39 50874496
7331 39 50874496
7332 39 50874496
7333 39 50874496
7334 39 50874496
7335 39 50874496
7336 39 50874496
7337 39 50874496
7338 39 50874496
7339 39 50874496
7340 39 50874496
7341 39 50874496
7342 39 50874496
7343 39 50874496
7344 39 50874496
7345 39 50874496
7346 39 50874496
7347 39 50874496
7348 39 50874496
7349 39 50874496
7350 39 50874496
7351 39 50874496
7352 39 50874496
7353 39 50874496
7354 39 50874496
7355 41 50874496
7356 41 50874496
7357 41 50874496
7358 41 50874496
7359 41 50874496
7360 41 50874496
7361 41 50874496
7362 41 50874496
7363 41 50874496
7364 41 50874496
7365 41 50874496
7366 41 50874496
7367 41 50874496
7368 41 50874496
7369 41 50874496
7370 41 50874496
7371 41 50874496
7372 41 50874496
7373 41 50874496
7374 41 50874496
7375 41 50874496
7376 41 50874496
7377 41 50874496
7378 41 50874496
7379 41 50874496
7380 41 50874496
7381 41 50874496
7382 41 50874496
7383 41 50874496
7384 41 50874496
7385 41 50874496
7386 41 50874496
7387 41 50874496
7388 41 50874496
7389 41 50874496
7390 41 50874496
7391 41 50874496
7392 41 50874496
7393 41 50874496
7394 41 50874496
7395 41 50874496
7396 41 50874496
7397 41 50874496
7398 41 50874496
7399 41 50874496
7400 41 50874496
7401 41 50874496
7402 41 50874496
7403 41 50874496
7404 41 50874496
7405 41 50874496
7406 41 50874496
7407 41 50874496
7408 41 50874496
7409 41 50874496
7410 41 50874496
7411 41 50874496
7412 41 50874496
7413 41 50874496
7414 41 50874496
7415 41 50874496
7416 41 50874496
7417 41 50874496
7418 41 50874496
7419 41 50874496
7420 41 50874496
7421 41 50874496
7422 41 50874496
7423 41 50874496
7424 41 50874496
7425 41 50874496
7426 41 50874496
7427 41 50874496
7428 41 50874496
7429 41 50874496
7430 41 50874496
7431 41 50874496
7432 41 50874496
7433 41 50874496
7434 41 50874496
7435 41 50874496
7436 41 50874496
7437 41 50874496
7438 41 50874496
7439 41 50874496
7440 41 50874496
7441 41 50874496
7442 41 50874496
7443 41 50874496
7444 41 50874496
7445 41 50874496
7446 41 50874496
7447 41 50874496
7448 41 50874496
7449 41 50874496
7450 41 50874496
7451 41 50874496
7452 41 50874496
7453 41 50874496
7454 41 50874496
7455 41 50874496
7456 41 50874496
7457 41 50874496
7458 41 50874496
7459 41 50874496
7460 41 50874496
7461 41 50874496
7462 41 50874496
7463 41 50874496
7464 41 50874496
7465 41 50874496
7466 41 50874496
7467 41 50874496
7468 41 50874496
7469 41 50874496
7470 41 50874496
7471 41 50874496
7472 41 50874496
7473 41 50874496
7474 41 50874496
7475 41 50874496
7476 41 50874496
7477 41 50874496
7478 41 50874496
7479 41 50874496
7480 41 50874496
7481 41 50874496
7482 41 50874496
7483 41 50874496
7484 41 50874496
7485 41 50874496
7486 41 50874496
7487 41 50874496
7488 41 50874496
7489 41 50874496
7490 41 50874496
7491 41 50874496
7492 41 50874496
7493 41 50874496
7494 41 50874496
7495 41 50874496
7496 41 50874496
7497 41 50874496
7498 41 50874496
7499 41 50874496
7500 41 50874496
7501 41 50874496
7502 41 50874496
7503 41 50874496
7504 41 50874496
7505 41 50874496
7506 41 50874496
7507 41 50874496
7508 41 50874496
7509 41 50874496
7510 41 50874496
7511 41 50874496
7512 41 50874496
7513 41 50874496
7514 41 50874496
7515 41 50874496
7516 41 50874496
7517 41 50874496
7518 41 50874496
7519 41 50874496
7520 41 50874496
7521 41 50874496
7522 41 50874496
7523 41 50874496
7524 41 50874496
7525 41 50874496
7526 41 50874496
7527 41 50874496
7528 41 50874496
7529 41 50874496
7530 41 50874496
7531 41 50874496
7532 41 50874496
7533 36 23290428
7534 36 23290428
7535 36 23290428
7536 36 23290428
7537 36 23290428
7538 36 23290428
7539 36 23290428
7540 36 23290428
7541 36 23290428
7542 36 23290428
7543 36 23290428
7544 36 23290428
7545 36 23290428
7546 36 23290428
7547 36 23290428
7548 36 23290428
7549 36 23290428
7550 36 23290428
7551 36 23290428
7552 36 23290428
7553 36 23290428
7554 36 23290428
7555 36 23290428
7556 36 23290428
7557 36 23290428
7558 36 23290428
7559 36 23290428
7560 36 23290428
7561 36 23290428
7562 36 23290428
7563 36 23290428
7564 36 23290428
7565 36 23290428
7566 36 23290428
7567 36 23290428
7568 36 23290428
7569 36 23290428
7570 36 23290428
7571 36 23290428
7572 36 23290428
7573 36 23290428
7574 36 23290428
7575 36 23290428
7576 36 23290428
7577 36 23290428
7578 36 23290428
7579 36 23290428
7580 36 23290428
7581 36 23290428
7582 36 23290428
7583 36 23290428
7584 36 23290428
7585 36 23290428
7586 36 23290428
7587 36 23290428
7588 36 23290428
7589 36 23290428
7590 36 23290428
7591 36 23290428
7592 36 23290428
7593 36 23290428
7594 36 23290428
7595 36 23290428
7596 36 23290428
7597 36 23290428
7598 36 23290428
7599 36 23290428
7600 36 23290428
7601 36 23290428
7602 36 23290428
7603 36 23290428
7604 36 23290428
7605 36 23290428
7606 36 23290428
7607 36 23290428
7608 36 23290428
7609 36 23290428
7610 36 23290428
7611 36 23290428
7612 36 23290428
7613 36 23290428
7614 36 23290428
7615 36 23290428
7616 36 23290428
7617 36 23290428
7618 36 23290428
7619 36 23290428
7620 36 23290428
7621 36 23290428
7622 36 23290428
7623 36 23290428
7624 36 23290428
7625 36 23290428
7626 36 23290428
7627 36 23290428
7628 36 23290428
7629 36 23290428
7630 36 23290428
7631 36 23290428
7632 36 23290428
7633 36 23290428
7634 36 23290428
7635 36 23290428
7636 36 23290428
7637 36 23290428
7638 36 23290428
7639 36 23290428
7640 36 23290428
7641 36 23290428
7642 36 23290428
7643 36 23290428
7644 36 23290428
7645 36 23290428
7646 36 23290428
7647 36 23290428
7648 36 23290428
7649 36 23290428
7650 36 23290428
7651 36 23290428
7652 36 23290428
7653 36 23290428
7654 36 23290428
7655 36 23290428
7656 36 23290428
7657 36 23290428
7658 36 23290428
7659 36 23290428
7660 36 23290428
7661 36 23290428
7662 36 23290428
7663 36 23290428
7664 36 23290428
7665 36 23290428
7666 36 23290428
7667 36 23290428
7668 36 23290428
7669 36 23290428
7670 36 23290428
7671 36 23290428
7672 36 23290428
7673 36 23290428
7674 36 23290428
7675 36 23290428
7676 36 23290428
7677 36 23290428
7678 36 23290428
7679 36 23290428
7680 36 23290428
7681 36 23290428
7682 36 23290428
7683 36 23290428
7684 36 23290428
7685 36 23290428
7686 36 23290428
7687 36 23290428
7688 36 23290428
7689 36 23290428
7690 36 23290428
7691 36 23290428
7692 36 23290428
7693 36 23290428
7694 36 23290428
7695 36 23290428
7696 36 23290428
7697 36 23290428
7698 36 23290428
7699 36 23290428
7700 36 23290428
7701 36 23290428
7702 36 23290428
7703 36 23290428
7704 36 23290428
7705 36 23290428
7706 36 23290428
7707 36 23290428
7708 36 23290428
7709 36 23290428
7710 36 23290428
7711 36 23290428
7712 36 23290428
7713 36 23290428
7714 36 23290428
7715 36 23290428
7716 36 23290428
7717 36 23290428
7718 36 23290428
7719 36 23290428
7720 36 23290428
7721 36 23290428
7722 36 23290428
7723 47 52732623
7724 36 23290428
7725 36 23290428
7726 36 23290428
7727 36 23290428
7728 36 23290428
7729 36 23290428
7730 36 23290428
7731 36 23290428
7732 36 23290428
7733 36 23290428
7734 36 23290428
7735 36 23290428
7736 36 23290428
7737 36 23290428
7738 36 23290428
7739 36 23290428
7740 36 23290428
7741 36 23290428
7742 36 23290428
7743 36 23290428
7744 36 23290428
7745 36 23290428
7746 36 23290428
7747 36 23290428
7748 36 23290428
7749 36 23290428
7750 36 23290428
7751 36 23290428
7752 36 23290428
7753 36 23290428
7754 36 23290428
7755 36 23290428
7756 36 23290428
7757 36 23290428
7758 36 23290428
7759 36 23290428
7760 36 23290428
7761 36 23290428
7762 36 23290428
7763 36 23290428
7764 36 23290428
7765 36 23290428
7766 36 23290428
7767 36 23290428
7768 36 23290428
7769 36 23290428
7770 36 23290428
7771 36 23290428
7772 36 23290428
7773 36 23290428
7774 36 23290428
7775 36 23290428
7776 36 23290428
7777 36 23290428
7778 36 23290428
7779 36 23290428
7780 36 23290428
7781 36 23290428
7782 36 23290428
7783 36 23290428
7784 36 23290428
7785 36 23290428
7786 36 23290428
7787 36 23290428
7788 36 23290428
7789 36 23290428
7790 36 23290428
7791 36 23290428
7792 36 23290428
7793 36 23290428
7794 36 23290428
7795 36 23290428
7796 36 23290428
7797 36 23290428
7798 36 23290428
7799 36 23290428
7800 36 23290428
7801 36 23290428
7802 36 23290428
7803 36 23290428
7804 36 23290428
7805 36 23290428
7806 36 23290428
7807 36 23290428
7808 36 23290428
7809 36 23290428
7810 36 23290428
7811 36 23290428
7812 36 23290428
7813 36 23290428
7814 36 23290428
7815 36 23290428
7816 36 23290428
7817 36 23290428
7818 36 23290428
7819 36 23290428
7820 36 23290428
7821 36 23290428
7822 36 23290428
7823 36 23290428
7824 36 23290428
7825 36 23290428
7826 36 23290428
7827 36 23290428
7828 36 23290428
7829 36 23290428
7830 36 23290428
7831 36 23290428
7832 36 23290428
7833 36 23290428
7834 36 23290428
7835 36 23290428
7836 36 23290428
7837 36 23290428
7838 36 23290428
7839 36 23290428
7840 36 23290428
7841 36 23290428
7842 36 23290428
7843 36 23290428
7844 36 23290428
7845 36 23290428
7846 36 23290428
7847 36 23290428
7848 36 23290428
7849 36 23290428
7850 36 23290428
7851 36 23290428
7852 36 23290428
7853 36 23290428
7854 36 23290428
7855 36 23290428
7856 36 23290428
7857 36 23290428
7858 36 23290428
7859 36 23290428
7860 36 23290428
7861 36 23290428
7862 36 23290428
7863 36 23290428
7864 36 23290428
7865 36 23290428
7866 36 23290428
7867 36 23290428
7868 36 23290428
7869 36 23290428
7870 36 23290428
7871 36 23290428
7872 36 23290428
7873 36 23290428
7874 36 23290428
7875 36 23290428
7876 36 23290428
7877 36 23290428
7878 36 23290428
7879 36 23290428
7880 36 23290428
7881 36 23290428
7882 36 23290428
7883 36 23290428
7884 36 23290428
7885 36 23290428
7886 36 23290428
7887 36 23290428
7888 36 23290428
7889 36 23290428
7890 36 23290428
7891 36 23290428
7892 36 23290428
7893 36 23290428
7894 36 23290428
7895 36 23290428
7896 36 23290428
7897 36 23290428
7898 36 23290428
7899 36 23290428
7900 36 23290428
7901 36 23290428
7902 36 23290428
7903 36 23290428
7904 36 23290428
7905 36 23290428
7906 36 23290428
7907 36 23290428
7908 36 23290428
7909 36 23290428
7910 36 23290428
7911 36 23290428
7912 36 23290428
7913 36 23290428
7914 36 23290428
7915 36 23290428
7916 36 23290428
7917 36 23290428
7918 36 23290428
7919 36 23290428
7920 36 23290428
7921 36 23290428
7922 36 23290428
7923 36 23290428
7924 36 23290428
7925 36 23290428
7926 36 23290428
7927 36 23290428
7928 36 23290428
7929 36 23290428
7930 36 23290428
7931 36 23290428
7932 36 23290428
7933 36 23290428
7934 36 23290428
7935 36 23290428
7936 36 23290428
7937 36 23290428
7938 36 23290428
7939 36 23290428
7940 36 23290428
7941 36 23290428
7942 36 23290428
7943 36 23290428
7944 36 23290428
7945 36 23290428
7946 36 23290428
7947 36 23290428
7948 36 23290428
7949 36 23290428
7950 36 23290428
7951 36 23290428
7952 36 23290428
7953 36 23290428
7954 36 23290428
7955 36 23290428
7956 36 23290428
7957 36 23290428
7958 36 23290428
7959 36 23290428
7960 36 23290428
7961 36 23290428
7962 36 23290428
7963 36 23290428
7964 36 23290428
7965 36 23290428
7966 36 23290428
7967 36 23290428
7968 36 23290428
7969 36 23290428
7970 36 23290428
7971 37 53270168
7972 37 53270168
7973 37 53270168
7974 37 53270168
7975 37 53270168
7976 37 53270168
7977 37 53270168
7978 37 53270168
7979 37 53270168
7980 37 53270168
7981 37 53270168
7982 37 53270168
7983 37 53270168
7984 37 53270168
7985 37 53270168
7986 37 53270168
7987 37 53270168
7988 37 53270168
7989 37 53270168
7990 37 53270168
7991 37 53270168
7992 37 53270168
7993 37 53270168
7994 37 53270168
7995 37 53270168
7996 37 53270168
7997 37 53270168
7998 37 53270168
7999 37 53270168
8000 37 53270168
8001 37 53270168
8002 37 53270168
8003 37 53270168
8004 37 53270168
8005 37 53270168
8006 37 53270168
8007 37 53270168
8008 37 53270168
8009 37 53270168
8010 37 53270168
8011 37 53270168
8012 37 53270168
8013 37 53270168
8014 37 53270168
8015 37 53270168
8016 37 53270168
8017 37 53270168
8018 37 53270168
8019 37 53270168
8020 37 53270168
8021 37 53270168
8022 37 53270168
8023 37 53270168
8024 37 53270168
8025 37 53270168
8026 37 53270168
8027 37 53270168
8028 37 53270168
8029 37 53270168
8030 37 53270168
8031 37 53270168
8032 37 53270168
8033 37 53270168
8034 37 53270168
8035 37 53270168
8036 37 53270168
8037 37 53270168
8038 37 53270168
8039 37 53270168
8040 37 53270168
8041 37 53270168
8042 37 53270168
8043 37 53270168
8044 37 53270168
8045 37 53270168
8046 37 53270168
8047 37 53270168
8048 37 53270168
8049 37 53270168
8050 37 53270168
8051 37 53270168
8052 37 53270168
8053 37 53270168
8054 37 53270168
8055 37 53270168
8056 37 53270168
8057 37 53270168
8058 37 53270168
8059 37 53270168
8060 37 53270168
8061 37 53270168
8062 37 53270168
8063 37 53270168
8064 37 53270168
8065 37 53270168
8066 37 53270168
8067 37 53270168
8068 37 53270168
8069 37 53270168
8070 37 53270168
8071 37 53270168
8072 37 53270168
8073 37 53270168
8074 37 53270168
8075 37 53270168
8076 37 53270168
8077 37 53270168
8078 37 53270168
8079 37 53270168
8080 37 53270168
8081 37 53270168
8082 37 53270168
8083 37 53270168
8084 37 53270168
8085 37 53270168
8086 37 53270168
8087 37 53270168
8088 37 53270168
8089 37 53270168
8090 37 53270168
8091 37 53270168
8092 37 53270168
8093 37 53270168
8094 37 53270168
8095 37 53270168
8096 37 53270168
8097 37 53270168
8098 37 53270168
8099 37 53270168
8100 37 53270168
8101 37 53270168
8102 37 53270168
8103 37 53270168
8104 37 53270168
8105 37 53270168
8106 37 53270168
8107 37 53270168
8108 37 53270168
8109 37 53270168
8110 37 53270168
8111 37 53270168
8112 37 53270168
8113 37 53270168
8114 37 53270168
8115 37 53270168
8116 37 53270168
8117 37 53270168
8118 37 53270168
8119 37 53270168
8120 37 53270168
8121 37 53270168
8122 37 53270168
8123 37 53270168
8124 37 53270168
8125 37 53270168
8126 37 53270168
8127 37 53270168
8128 37 53270168
8129 37 53270168
8130 37 53270168
8131 37 53270168
8132 37 53270168
8133 37 53270168
8134 37 53270168
8135 37 53270168
8136 37 53270168
8137 37 53270168
8138 37 53270168
8139 37 53270168
8140 37 53270168
8141 37 53270168
8142 37 53270168
8143 37 53270168
8144 37 53270168
8145 37 53270168
8146 37 53270168
8147 37 53270168
8148 37 53270168
8149 37 53270168
8150 37 53270168
8151 37 53270168
8152 37 53270168
8153 37 53270168
8154 37 53270168
8155 37 53270168
8156 37 53270168
8157 37 53270168
8158 37 53270168
8159 37 53270168
8160 37 53270168
8161 37 53270168
8162 37 53270168
8163 37 53270168
8164 37 53270168
8165 37 53270168
8166 37 53270168
8167 37 53270168
8168 37 53270168
8169 37 53270168
8170 37 53270168
8171 37 53270168
8172 37 53270168
8173 37 53270168
8174 37 53270168
8175 37 53270168
8176 37 53270168
8177 37 53270168
8178 37 53270168
8179 37 53270168
8180 37 53270168
8181 37 53270168
8182 37 53270168
8183 37 53270168
8184 37 53270168
8185 37 53270168
8186 37 53270168
8187 37 53270168
8188 37 53270168
8189 37 53270168
8190 37 53270168
8191 37 53270168
8192 37 53270168
8193 37 53270168
8194 37 53270168
8195 37 53270168
8196 37 53270168
8197 37 53270168
8198 37 53270168
8199 37 53270168
8200 37 53270168
8201 37 53270168
8202 37 53270168
8203 37 53270168
8204 37 53270168
8205 37 53270168
8206 37 53270168
8207 37 53270168
8208 37 53270168
8209 37 53270168
8210 37 53270168
8211 37 53270168
8212 37 53270168
8213 37 53270168
8214 37 53270168
8215 37 53270168
8216 37 53270168
8217 37 53270168
8218 37 53270168
8219 37 53270168
8220 37 53270168
8221 37 53270168
8222 37 53270168
8223 37 53270168
8224 37 53270168
8225 37 53270168
8226 37 53270168
8227 37 53270168
8228 37 53270168
8229 37 53270168
8230 37 53270168
8231 37 53270168
8232 37 53270168
8233 37 53270168
8234 37 53270168
8235 37 53270168
8236 37 53270168
8237 37 53270168
8238 37 53270168
8239 37 53270168
8240 37 53270168
8241 37 53270168
8242 37 53270168
8243 37 53270168
8244 37 53270168
8245 37 53270168
8246 37 53270168
8247 37 53270168
8248 37 53270168
8249 37 53270168
8250 37 53270168
8251 37 53270168
8252 37 53270168
8253 37 53270168
8254 37 53270168
8255 37 53270168
8256 37 53270168
8257 37 53270168
8258 37 53270168
8259 37 53270168
8260 37 53270168
8261 37 53270168
8262 37 53270168
8263 37 53270168
8264 37 53270168
8265 37 53270168
8266 37 53270168
8267 37 53270168
8268 37 53270168
8269 37 53270168
8270 37 53270168
8271 37 53270168
8272 37 53270168
8273 37 53270168
8274 37 53270168
8275 37 53270168
8276 37 53270168
8277 37 53270168
8278 37 53270168
8279 37 53270168
8280 37 53270168
8281 37 53270168
8282 37 53270168
8283 37 53270168
8284 37 53270168
8285 37 53270168
8286 37 53270168
8287 37 53270168
8288 37 53270168
8289 37 53270168
8290 37 53270168
8291 37 53270168
8292 37 53270168
8293 37 53270168
8294 37 53270168
8295 37 53270168
8296 37 53270168
8297 37 53270168
8298 37 53270168
8299 37 53270168
8300 37 53270168
8301 37 53270168
8302 37 53270168
8303 37 53270168
8304 37 53270168
8305 37 53270168
8306 37 53270168
8307 37 53270168
8308 37 53270168
8309 37 53270168
8310 37 53270168
8311 37 53270168
8312 37 53270168
8313 37 53270168
8314 37 53270168
8315 37 53270168
8316 37 53270168
8317 37 53270168
8318 37 53270168
8319 37 53270168
8320 37 53270168
8321 37 53270168
8322 37 53270168
8323 37 53270168
8324 37 53270168
8325 37 53270168
8326 37 53270168
8327 37 53270168
8328 37 53270168
8329 37 53270168
8330 37 53270168
8331 37 53270168
8332 37 53270168
8333 37 53270168
8334 37 53270168
8335 37 53270168
8336 37 53270168
8337 37 53270168
8338 37 53270168
8339 37 53270168
8340 37 53270168
8341 37 53270168
8342 37 53270168
8343 37 53270168
8344 37 53270168
8345 37 53270168
8346 37 53270168
8347 37 53270168
8348 37 53270168
8349 37 53270168
8350 37 53270168
8351 37 53270168
8352 37 53270168
8353 37 53270168
8354 37 53270168
8355 37 53270168
8356 37 53270168
8357 37 53270168
8358 37 53270168
8359 37 53270168
8360 37 53270168
8361 37 53270168
8362 37 53270168
8363 37 53270168
8364 37 53270168
8365 37 53270168
8366 37 53270168
8367 37 53270168
8368 37 53270168
8369 37 53270168
8370 37 53270168
8371 37 53270168
8372 37 53270168
8373 37 53270168
8374 37 53270168
8375 37 53270168
8376 37 53270168
8377 37 53270168
8378 37 53270168
8379 37 53270168
8380 37 53270168
8381 37 53270168
8382 37 53270168
8383 37 53270168
8384 37 53270168
8385 37 53270168
8386 37 53270168
8387 37 53270168
8388 37 53270168
8389 37 53270168
8390 37 53270168
8391 37 53270168
8392 37 53270168
8393 37 53270168
8394 37 53270168
8395 37 53270168
8396 37 53270168
8397 37 53270168
8398 37 53270168
8399 37 53270168
8400 37 53270168
8401 37 53270168
8402 37 53270168
8403 37 53270168
8404 37 53270168
8405 37 53270168
8406 37 53270168
8407 37 53270168
8408 37 53270168
8409 37 53270168
8410 37 53270168
8411 37 53270168
8412 37 53270168
8413 37 53270168
8414 37 53270168
8415 37 53270168
8416 37 53270168
8417 37 53270168
8418 37 53270168
8419 37 53270168
8420 37 53270168
8421 37 53270168
8422 37 53270168
8423 37 53270168
8424 37 53270168
8425 37 53270168
8426 37 53270168
8427 37 53270168
8428 37 53270168
8429 37 53270168
8430 37 53270168
8431 37 53270168
8432 37 53270168
8433 37 53270168
8434 37 53270168
8435 37 53270168
8436 37 53270168
8437 37 53270168
8438 37 53270168
8439 37 53270168
8440 37 53270168
8441 37 53270168
8442 37 53270168
8443 37 53270168
8444 37 53270168
8445 37 53270168
8446 37 53270168
8447 37 53270168
8448 37 53270168
8449 37 53270168
8450 37 53270168
8451 37 53270168
8452 37 53270168
8453 37 53270168
8454 37 53270168
8455 37 53270168
8456 37 53270168
8457 37 53270168
8458 37 53270168
8459 37 53270168
8460 37 53270168
8461 37 53270168
8462 37 53270168
8463 37 53270168
8464 37 53270168
8465 37 53270168
8466 37 53270168
8467 37 53270168
8468 37 53270168
8469 37 53270168
8470 37 53270168
8471 37 53270168
8472 37 53270168
8473 37 53270168
8474 37 53270168
8475 37 53270168
8476 37 53270168
8477 37 53270168
8478 37 53270168
8479 37 53270168
8480 37 53270168
8481 37 53270168
8482 37 53270168
8483 37 53270168
8484 37 53270168
8485 37 53270168
8486 37 53270168
8487 37 53270168
8488 37 53270168
8489 37 53270168
8490 37 53270168
8491 37 53270168
8492 37 53270168
8493 37 53270168
8494 37 53270168
8495 37 53270168
8496 37 53270168
8497 37 53270168
8498 37 53270168
8499 37 53270168
8500 37 53270168
8501 37 53270168
8502 37 53270168
8503 37 53270168
8504 37 53270168
8505 37 53270168
8506 37 53270168
8507 37 53270168
8508 37 53270168
8509 37 53270168
8510 37 53270168
8511 37 53270168
8512 37 53270168
8513 37 53270168
8514 37 53270168
8515 37 53270168
8516 37 53270168
8517 37 53270168
8518 37 53270168
8519 37 53270168
8520 37 53270168
8521 37 53270168
8522 37 53270168
8523 37 53270168
8524 37 53270168
8525 37 53270168
8526 37 53270168
8527 37 53270168
8528 37 53270168
8529 37 53270168
8530 37 53270168
8531 37 53270168
8532 37 53270168
8533 37 53270168
8534 37 53270168
8535 37 53270168
8536 37 53270168
8537 37 53270168
8538 37 53270168
8539 37 53270168
8540 37 53270168
8541 37 53270168
8542 37 53270168
8543 37 53270168
8544 37 53270168
8545 37 53270168
8546 37 53270168
8547 37 53270168
8548 37 53270168
8549 37 53270168
8550 37 53270168
8551 37 53270168
8552 37 53270168
8553 37 53270168
8554 37 53270168
8555 37 53270168
8556 37 53270168
8557 37 53270168
8558 37 53270168
8559 37 53270168
8560 37 53270168
8561 37 53270168
8562 37 53270168
8563 37 53270168
8564 37 53270168
8565 37 53270168
8566 37 53270168
8567 37 53270168
8568 37 53270168
8569 37 53270168
8570 37 53270168
8571 37 53270168
8572 37 53270168
8573 37 53270168
8574 37 53270168
8575 37 53270168
8576 37 53270168
8577 37 53270168
8578 37 53270168
8579 37 53270168
8580 37 53270168
8581 37 53270168
8582 37 53270168
8583 37 53270168
8584 37 53270168
8585 37 53270168
8586 37 53270168
8587 37 53270168
8588 37 53270168
8589 37 53270168
8590 37 53270168
8591 37 53270168
8592 37 53270168
8593 37 53270168
8594 37 53270168
8595 37 53270168
8596 37 53270168
8597 37 53270168
8598 37 53270168
8599 37 53270168
8600 37 53270168
8601 37 53270168
8602 37 53270168
8603 37 53270168
8604 37 53270168
8605 37 53270168
8606 37 53270168
8607 37 53270168
8608 37 53270168
8609 37 53270168
8610 37 53270168
8611 37 53270168
8612 37 53270168
8613 37 53270168
8614 37 53270168
8615 37 53270168
8616 37 53270168
8617 37 53270168
8618 37 53270168
8619 37 53270168
8620 37 53270168
8621 37 53270168
8622 37 53270168
8623 37 53270168
8624 37 53270168
8625 37 53270168
8626 37 53270168
8627 37 53270168
8628 37 53270168
8629 37 53270168
8630 37 53270168
8631 37 53270168
8632 37 53270168
8633 37 53270168
8634 37 53270168
8635 37 53270168
8636 37 53270168
8637 37 53270168
8638 37 53270168
8639 37 53270168
8640 37 53270168
8641 37 53270168
8642 37 53270168
8643 37 53270168
8644 37 53270168
8645 37 53270168
8646 37 53270168
8647 37 53270168
8648 37 53270168
8649 37 53270168
8650 37 53270168
8651 37 53270168
8652 37 53270168
8653 37 53270168
8654 37 53270168
8655 37 53270168
8656 37 53270168
8657 37 53270168
8658 37 53270168
8659 37 53270168
8660 37 53270168
8661 37 53270168
8662 37 53270168
8663 37 53270168
8664 37 53270168
8665 37 53270168
8666 37 53270168
8667 37 53270168
8668 37 53270168
8669 37 53270168
8670 37 53270168
8671 37 53270168
8672 37 53270168
8673 37 53270168
8674 37 53270168
8675 37 53270168
8676 37 53270168
8677 37 53270168
8678 37 53270168
8679 37 53270168
8680 37 53270168
8681 37 53270168
8682 37 53270168
8683 40 53270168
8684 40 53270168
8685 40 53270168
8686 40 53270168
8687 40 53270168
8688 40 53270168
8689 40 53270168
8690 40 53270168
8691 40 53270168
8692 40 53270168
8693 40 53270168
8694 40 53270168
8695 40 53270168
8696 40 53270168
8697 40 53270168
8698 40 53270168
8699 40 53270168
8700 40 53270168
8701 40 53270168
8702 40 53270168
8703 40 53270168
8704 40 53270168
8705 40 53270168
8706 40 53270168
8707 40 53270168
8708 40 53270168
8709 40 53270168
8710 40 53270168
8711 40 53270168
8712 40 53270168
8713 40 53270168
8714 40 53270168
8715 40 53270168
8716 40 53270168
8717 40 53270168
8718 40 53270168
8719 40 53270168
8720 40 53270168
8721 40 53270168
8722 40 53270168
8723 40 53270168
8724 40 53270168
8725 40 53270168
8726 40 53270168
8727 40 53270168
8728 40 53270168
8729 40 53270168
8730 40 53270168
8731 40 53270168
8732 40 53270168
8733 40 53270168
8734 40 53270168
8735 40 53270168
8736 40 53270168
8737 40 53270168
8738 40 53270168
8739 40 53270168
8740 40 53270168
8741 40 53270168
8742 40 53270168
8743 40 53270168
8744 40 53270168
8745 40 53270168
8746 40 53270168
8747 40 53270168
8748 40 53270168
8749 40 53270168
8750 40 53270168
8751 40 53270168
8752 40 53270168
8753 40 53270168
8754 40 53270168
8755 40 53270168
8756 40 53270168
8757 40 53270168
8758 40 53270168
8759 40 53270168
8760 40 53270168
8761 40 53270168
8762 40 53270168
8763 40 53270168
8764 40 53270168
8765 40 53270168
8766 40 53270168
8767 40 53270168
8768 40 53270168
8769 40 53270168
8770 40 53270168
8771 40 53270168
8772 40 53270168
8773 40 53270168
8774 40 53270168
8775 40 53270168
8776 40 53270168
8777 40 53270168
8778 40 53270168
8779 40 53270168
8780 40 53270168
8781 40 53270168
8782 40 53270168
8783 40 53270168
8784 40 53270168
8785 40 53270168
8786 40 53270168
8787 40 53270168
8788 40 53270168
8789 40 53270168
8790 40 53270168
8791 40 53270168
8792 40 53270168
8793 40 53270168
8794 40 53270168
8795 40 53270168
8796 40 53270168
8797 40 53270168
8798 40 53270168
8799 40 53270168
8800 40 53270168
8801 40 53270168
8802 40 53270168
8803 40 53270168
8804 40 53270168
8805 40 53270168
8806 40 53270168
8807 40 53270168
8808 40 53270168
8809 40 53270168
8810 40 53270168
8811 40 53270168
8812 40 53270168
8813 40 53270168
8814 40 53270168
8815 40 53270168
8816 40 53270168
8817 40 53270168
8818 40 53270168
8819 40 53270168
8820 40 53270168
8821 40 53270168
8822 40 53270168
8823 40 53270168
8824 40 53270168
8825 40 53270168
8826 40 53270168
8827 40 53270168
8828 40 53270168
8829 40 53270168
8830 40 53270168
8831 40 53270168
8832 40 53270168
8833 40 53270168
8834 40 53270168
8835 40 53270168
8836 40 53270168
8837 40 53270168
8838 40 53270168
8839 40 53270168
8840 40 53270168
8841 40 53270168
8842 40 53270168
8843 40 53270168
8844 40 53270168
8845 40 53270168
8846 40 53270168
8847 40 53270168
8848 40 53270168
8849 40 53270168
8850 40 53270168
8851 40 53270168
8852 40 53270168
8853 40 53270168
8854 40 53270168
8855 40 53270168
8856 40 53270168
8857 40 53270168
8858 40 53270168
8859 40 53270168
8860 40 53270168
8861 40 53270168
8862 40 53270168
8863 40 53270168
8864 40 53270168
8865 40 53270168
8866 40 53270168
8867 40 53270168
8868 40 53270168
8869 40 53270168
8870 40 53270168
8871 40 53270168
8872 40 53270168
8873 40 53270168
8874 40 53270168
8875 40 53270168
8876 40 53270168
8877 40 53270168
8878 40 53270168
8879 40 53270168
8880 40 53270168
8881 40 53270168
8882 40 53270168
8883 40 53270168
8884 40 53270168
8885 40 53270168
8886 40 53270168
8887 40 53270168
8888 40 53270168
8889 40 53270168
8890 40 53270168
8891 40 53270168
8892 40 53270168
8893 40 53270168
8894 40 53270168
8895 40 53270168
8896 40 53270168
8897 40 53270168
8898 40 53270168
8899 40 53270168
8900 40 53270168
8901 40 53270168
8902 40 53270168
8903 40 53270168
8904 40 53270168
8905 40 53270168
8906 40 53270168
8907 40 53270168
8908 40 53270168
8909 40 53270168
8910 40 53270168
8911 40 53270168
8912 40 53270168
8913 40 53270168
8914 40 53270168
8915 40 53270168
8916 40 53270168
8917 40 53270168
8918 40 53270168
8919 40 53270168
8920 40 53270168
8921 40 53270168
8922 40 53270168
8923 40 53270168
8924 40 53270168
8925 40 53270168
8926 40 53270168
8927 40 53270168
8928 40 53270168
8929 40 53270168
8930 40 53270168
8931 40 53270168
8932 40 53270168
8933 40 53270168
8934 40 53270168
8935 40 53270168
8936 40 53270168
8937 40 53270168
8938 40 53270168
8939 40 53270168
8940 40 53270168
8941 40 53270168
8942 40 53270168
8943 40 53270168
8944 40 53270168
8945 40 53270168
8946 40 53270168
8947 40 53270168
8948 40 53270168
8949 40 53270168
8950 40 53270168
8951 40 53270168
8952 40 53270168
8953 40 53270168
8954 40 53270168
8955 40 53270168
8956 40 53270168
8957 40 53270168
8958 40 53270168
8959 40 53270168
8960 40 53270168
8961 40 53270168
8962 40 53270168
8963 40 53270168
8964 40 53270168
8965 40 53270168
8966 40 53270168
8967 40 53270168
8968 40 53270168
8969 40 53270168
8970 40 53270168
8971 40 53270168
8972 40 53270168
8973 40 53270168
8974 40 53270168
8975 40 53270168
8976 40 53270168
8977 40 53270168
8978 40 53270168
8979 40 53270168
8980 40 53270168
8981 40 53270168
8982 40 53270168
8983 40 53270168
8984 40 53270168
8985 40 53270168
8986 40 53270168
8987 40 53270168
8988 40 53270168
8989 40 53270168
8990 40 53270168
8991 40 53270168
8992 40 53270168
8993 40 53270168
8994 40 53270168
8995 40 53270168
8996 40 53270168
8997 40 53270168
8998 40 53270168
8999 40 53270168
9000 40 53270168
9001 40 53270168
9002 40 53270168
9003 40 53270168
9004 40 53270168
9005 40 53270168
9006 40 53270168
9007 40 53270168
9008 40 53270168
9009 40 53270168
9010 40 53270168
9011 40 53270168
9012 40 53270168
9013 40 53270168
9014 40 53270168
9015 40 53270168
9016 40 53270168
9017 40 53270168
9018 40 53270168
9019 40 53270168
9020 40 53270168
9021 40 53270168
9022 40 53270168
9023 40 53270168
9024 40 53270168
9025 40 53270168
9026 40 53270168
9027 40 53270168
9028 40 53270168
9029 40 53270168
9030 40 53270168
9031 40 53270168
9032 40 53270168
9033 40 53270168
9034 40 53270168
9035 40 53270168
9036 40 53270168
9037 40 53270168
9038 40 53270168
9039 40 53270168
9040 40 53270168
9041 40 53270168
9042 40 53270168
9043 40 53270168
9044 40 53270168
9045 40 53270168
9046 40 53270168
9047 40 53270168
9048 40 53270168
9049 40 53270168
9050 40 53270168
9051 40 53270168
9052 40 53270168
9053 40 53270168
9054 40 53270168
9055 40 53270168
9056 40 53270168
9057 40 53270168
9058 40 53270168
9059 40 53270168
9060 40 53270168
9061 40 53270168
9062 40 53270168
9063 40 53270168
9064 40 53270168
9065 40 53270168
9066 40 53270168
9067 40 53270168
9068 40 53270168
9069 40 53270168
9070 40 53270168
9071 40 53270168
9072 40 53270168
9073 40 53270168
9074 40 53270168
9075 40 53270168
9076 40 53270168
9077 40 53270168
9078 40 53270168
9079 40 53270168
9080 40 53270168
9081 40 53270168
9082 40 53270168
9083 40 53270168
9084 40 53270168
9085 40 53270168
9086 40 53270168
9087 40 53270168
9088 40 53270168
9089 40 53270168
9090 40 53270168
9091 40 53270168
9092 40 53270168
9093 40 53270168
9094 40 53270168
9095 40 53270168
9096 40 53270168
9097 40 53270168
9098 40 53270168
9099 40 53270168
9100 40 53270168
9101 40 53270168
9102 40 53270168
9103 40 53270168
9104 40 53270168
9105 40 53270168
9106 40 53270168
9107 40 53270168
9108 40 53270168
9109 40 53270168
9110 40 53270168
9111 40 53270168
9112 40 53270168
9113 40 53270168
9114 40 53270168
9115 40 53270168
9116 40 53270168
9117 40 53270168
9118 40 53270168
9119 40 53270168
9120 40 53270168
9121 40 53270168
9122 40 53270168
9123 40 53270168
9124 40 53270168
9125 40 53270168
9126 40 53270168
9127 40 53270168
9128 40 53270168
9129 40 53270168
9130 40 53270168
9131 40 53270168
9132 40 53270168
9133 40 53270168
9134 40 53270168
9135 40 53270168
9136 40 53270168
9137 40 53270168
9138 40 53270168
9139 40 53270168
9140 40 53270168
9141 40 53270168
9142 40 53270168
9143 40 53270168
9144 40 53270168
9145 40 53270168
9146 40 53270168
9147 40 53270168
9148 40 53270168
9149 40 53270168
9150 40 53270168
9151 40 53270168
9152 40 53270168
9153 40 53270168
9154 40 53270168
9155 40 53270168
9156 40 53270168
9157 40 53270168
9158 40 53270168
9159 40 53270168
9160 40 53270168
9161 40 53270168
9162 40 53270168
9163 40 53270168
9164 40 53270168
9165 40 53270168
9166 40 53270168
9167 40 53270168
9168 40 53270168
9169 40 53270168
9170 40 53270168
9171 40 53270168
9172 40 53270168
9173 40 53270168
9174 40 53270168
9175 40 53270168
9176 40 53270168
9177 40 53270168
9178 40 53270168
9179 40 53270168
9180 40 53270168
9181 40 53270168
9182 40 53270168
9183 40 53270168
9184 40 53270168
9185 40 53270168
9186 40 53270168
9187 40 53270168
9188 40 53270168
9189 40 53270168
9190 40 53270168
9191 40 53270168
9192 40 53270168
9193 40 53270168
9194 40 53270168
9195 40 53270168
9196 40 53270168
9197 40 53270168
9198 40 53270168
9199 40 53270168
9200 40 53270168
9201 40 53270168
9202 40 53270168
9203 40 53270168
9204 40 53270168
9205 40 53270168
9206 40 53270168
9207 40 53270168
9208 40 53270168
9209 40 53270168
9210 40 53270168
9211 40 53270168
9212 40 53270168
9213 40 53270168
9214 40 53270168
9215 40 53270168
9216 40 53270168
9217 40 53270168
9218 40 53270168
9219 40 53270168
9220 40 53270168
9221 40 53270168
9222 40 53270168
9223 40 53270168
9224 40 53270168
9225 40 53270168
9226 40 53270168
9227 40 53270168
9228 40 53270168
9229 40 53270168
9230 40 53270168
9231 40 53270168
9232 40 53270168
9233 40 53270168
9234 40 53270168
9235 40 53270168
9236 40 53270168
9237 40 53270168
9238 40 53270168
9239 40 53270168
9240 40 53270168
9241 40 53270168
9242 40 53270168
9243 40 53270168
9244 40 53270168
9245 40 53270168
9246 40 53270168
9247 40 53270168
9248 40 53270168
9249 40 53270168
9250 40 53270168
9251 40 53270168
9252 40 53270168
9253 40 53270168
9254 40 53270168
9255 40 53270168
9256 40 53270168
9257 40 53270168
9258 40 53270168
9259 40 53270168
9260 40 53270168
9261 40 53270168
9262 40 53270168
9263 40 53270168
9264 40 53270168
9265 40 53270168
9266 40 53270168
9267 40 53270168
9268 40 53270168
9269 40 53270168
9270 40 53270168
9271 40 53270168
9272 40 53270168
9273 40 53270168
9274 40 53270168
9275 40 53270168
9276 40 53270168
9277 40 53270168
9278 40 53270168
9279 40 53270168
9280 40 53270168
9281 40 53270168
9282 40 53270168
9283 40 53270168
9284 40 53270168
9285 40 53270168
9286 40 53270168
9287 40 53270168
9288 40 53270168
9289 40 53270168
9290 40 53270168
9291 40 53270168
9292 40 53270168
9293 40 53270168
9294 40 53270168
9295 40 53270168
9296 40 53270168
9297 40 53270168
9298 40 53270168
9299 40 53270168
9300 40 53270168
9301 40 53270168
9302 40 53270168
9303 40 53270168
9304 40 53270168
9305 40 53270168
9306 40 53270168
9307 40 53270168
9308 40 53270168
9309 40 53270168
9310 40 53270168
9311 40 53270168
9312 40 53270168
9313 40 53270168
9314 40 53270168
9315 40 53270168
9316 40 53270168
9317 40 53270168
9318 40 53270168
9319 40 53270168
9320 40 53270168
9321 40 53270168
9322 40 53270168
9323 40 53270168
9324 40 53270168
9325 40 53270168
9326 40 53270168
9327 40 53270168
9328 40 53270168
9329 40 53270168
9330 40 53270168
9331 40 53270168
9332 40 53270168
9333 40 53270168
9334 40 53270168
9335 40 53270168
9336 40 53270168
9337 40 53270168
9338 40 53270168
9339 40 53270168
9340 40 53270168
9341 40 53270168
9342 40 53270168
9343 40 53270168
9344 40 53270168
9345 40 53270168
9346 40 53270168
9347 40 53270168
9348 40 53270168
9349 40 53270168
9350 40 53270168
9351 40 53270168
9352 40 53270168
9353 40 53270168
9354 40 53270168
9355 40 53270168
9356 40 53270168
9357 40 53270168
9358 40 53270168
9359 40 53270168
9360 40 53270168
9361 40 53270168
9362 40 53270168
9363 40 53270168
9364 40 53270168
9365 40 53270168
9366 40 53270168
9367 40 53270168
9368 40 53270168
9369 40 53270168
9370 40 53270168
9371 40 53270168
9372 40 53270168
9373 40 53270168
9374 40 53270168
9375 40 53270168
9376 40 53270168
9377 40 53270168
9378 40 53270168
9379 40 53270168
9380 40 53270168
9381 40 53270168
9382 40 53270168
9383 40 53270168
9384 40 53270168
9385 40 53270168
9386 40 53270168
9387 40 53270168
9388 40 53270168
9389 40 53270168
9390 40 53270168
9391 40 53270168
9392 40 53270168
9393 40 53270168
9394 40 53270168
9395 40 53270168
9396 40 53270168
9397 40 53270168
9398 40 53270168
9399 40 53270168
9400 40 53270168
9401 40 53270168
9402 40 53270168
9403 40 53270168
9404 40 53270168
9405 40 53270168
9406 40 53270168
9407 40 53270168
9408 40 53270168
9409 40 53270168
9410 40 53270168
9411 40 53270168
9412 40 53270168
9413 40 53270168
9414 40 53270168
9415 40 53270168
9416 40 53270168
9417 40 53270168
9418 40 53270168
9419 40 53270168
9420 40 53270168
9421 40 53270168
9422 40 53270168
9423 40 53270168
9424 40 53270168
9425 40 53270168
9426 40 53270168
9427 40 53270168
9428 40 53270168
9429 40 53270168
9430 40 53270168
9431 40 53270168
9432 40 53270168
9433 46 81963324
9434 46 81963324
9435 46 81963324
9436 46 81963324
9437 46 81963324
9438 46 81963324
9439 46 81963324
9440 46 81963324
9441 46 81963324
9442 46 81963324
9443 46 81963324
9444 46 81963324
9445 46 81963324
9446 46 81963324
9447 46 81963324
9448 46 81963324
9449 46 81963324
9450 46 81963324
9451 46 81963324
9452 46 81963324
9453 46 81963324
9454 46 81963324
9455 46 81963324
9456 46 81963324
9457 46 81963324
9458 46 81963324
9459 46 81963324
9460 46 81963324
9461 46 81963324
9462 46 81963324
9463 46 81963324
9464 46 81963324
9465 46 81963324
9466 46 81963324
9467 46 81963324
9468 46 81963324
9469 46 81963324
9470 46 81963324
9471 46 81963324
9472 46 81963324
9473 46 81963324
9474 46 81963324
9475 46 81963324
9476 46 81963324
9477 46 81963324
9478 46 81963324
9479 46 81963324
9480 46 81963324
9481 46 81963324
9482 46 81963324
9483 46 81963324
9484 46 81963324
9485 46 81963324
9486 46 81963324
9487 40 53270168
9488 40 53270168
9489 40 53270168
9490 40 53270168
9491 40 53270168
9492 40 53270168
9493 40 53270168
9494 40 53270168
9495 40 53270168
9496 40 53270168
9497 40 53270168
9498 40 53270168
9499 40 53270168
9500 40 53270168
9501 40 53270168
9502 40 53270168
9503 40 53270168
9504 40 53270168
9505 40 53270168
9506 40 53270168
9507 40 53270168
9508 40 53270168
9509 40 53270168
9510 40 53270168
9511 40 53270168
9512 40 53270168
9513 40 53270168
9514 40 53270168
9515 40 53270168
9516 40 53270168
9517 40 53270168
9518 40 53270168
9519 40 53270168
9520 40 53270168
9521 40 53270168
9522 40 53270168
9523 40 53270168
9524 40 53270168
9525 40 53270168
9526 40 53270168
9527 40 53270168
9528 40 53270168
9529 40 53270168
9530 40 53270168
9531 40 53270168
9532 40 53270168
9533 40 53270168
9534 40 53270168
9535 40 53270168
9536 40 53270168
9537 40 53270168
9538 40 53270168
9539 40 53270168
9540 40 53270168
9541 40 53270168
9542 40 53270168
9543 40 53270168
9544 40 53270168
9545 40 53270168
9546 40 53270168
9547 40 53270168
9548 40 53270168
9549 40 53270168
9550 40 53270168
9551 40 53270168
9552 40 53270168
9553 40 53270168
9554 40 53270168
9555 40 53270168
9556 40 53270168
9557 40 53270168
9558 40 53270168
9559 40 53270168
9560 40 53270168
9561 40 53270168
9562 40 53270168
9563 40 53270168
9564 40 53270168
9565 40 53270168
9566 40 53270168
9567 40 53270168
9568 40 53270168
9569 40 53270168
9570 40 53270168
9571 40 53270168
9572 40 53270168
9573 40 53270168
9574 40 53270168
9575 40 53270168
9576 40 53270168
9577 40 53270168
9578 40 53270168
9579 40 53270168
9580 40 53270168
9581 40 53270168
9582 40 53270168
9583 40 53270168
9584 40 53270168
9585 40 53270168
9586 40 53270168
9587 40 53270168
9588 40 53270168
9589 40 53270168
9590 40 53270168
9591 40 53270168
9592 40 53270168
9593 40 53270168
9594 40 53270168
9595 40 53270168
9596 40 53270168
9597 40 53270168
9598 40 53270168
9599 40 53270168
9600 40 53270168
9601 40 53270168
9602 40 53270168
9603 40 53270168
9604 40 53270168
9605 40 53270168
9606 40 53270168
9607 40 53270168
9608 40 53270168
9609 40 53270168
9610 40 53270168
9611 40 53270168
9612 40 53270168
9613 40 53270168
9614 40 53270168
9615 40 53270168
9616 40 53270168
9617 40 53270168
9618 40 53270168
9619 40 53270168
9620 40 53270168
9621 40 53270168
9622 40 53270168
9623 40 53270168
9624 40 53270168
9625 40 53270168
9626 40 53270168
9627 40 53270168
9628 40 53270168
9629 40 53270168
9630 40 53270168
9631 40 53270168
9632 40 53270168
9633 40 53270168
9634 40 53270168
9635 40 53270168
9636 40 53270168
9637 40 53270168
9638 40 53270168
9639 40 53270168
9640 40 53270168
9641 40 53270168
9642 40 53270168
9643 40 53270168
9644 40 53270168
9645 40 53270168
9646 40 53270168
9647 40 53270168
9648 40 53270168
9649 40 53270168
9650 40 53270168
9651 40 53270168
9652 40 53270168
9653 40 53270168
9654 40 53270168
9655 40 53270168
9656 40 53270168
9657 40 53270168
9658 40 53270168
9659 40 53270168
9660 40 53270168
9661 40 53270168
9662 40 53270168
9663 40 53270168
9664 40 53270168
9665 40 53270168
9666 40 53270168
9667 40 53270168
9668 40 53270168
9669 40 53270168
9670 40 53270168
9671 40 53270168
9672 40 53270168
9673 40 53270168
9674 40 53270168
9675 40 53270168
9676 40 53270168
9677 40 53270168
9678 40 53270168
9679 40 53270168
9680 40 53270168
9681 40 53270168
9682 40 53270168
9683 40 53270168
9684 40 53270168
9685 40 53270168
9686 40 53270168
9687 40 53270168
9688 40 53270168
9689 40 53270168
9690 40 53270168
9691 40 53270168
9692 40 53270168
9693 40 53270168
9694 40 53270168
9695 40 53270168
9696 40 53270168
9697 40 53270168
9698 40 53270168
9699 40 53270168
9700 40 53270168
9701 40 53270168
9702 40 53270168
9703 40 53270168
9704 40 53270168
9705 40 53270168
9706 40 53270168
9707 40 53270168
9708 40 53270168
9709 40 53270168
9710 40 53270168
9711 40 53270168
9712 40 53270168
9713 40 53270168
9714 40 53270168
9715 40 53270168
9716 40 53270168
9717 40 53270168
9718 40 53270168
9719 40 53270168
9720 40 53270168
9721 40 53270168
9722 40 53270168
9723 40 53270168
9724 40 53270168
9725 40 53270168
9726 40 53270168
9727 40 53270168
9728 40 53270168
9729 40 53270168
9730 40 53270168
9731 40 53270168
9732 40 53270168
9733 40 53270168
9734 40 53270168
9735 40 53270168
9736 40 53270168
9737 40 53270168
9738 40 53270168
9739 40 53270168
9740 40 53270168
9741 40 53270168
9742 40 53270168
9743 40 53270168
9744 40 53270168
9745 40 53270168
9746 40 53270168
9747 40 53270168
9748 40 53270168
9749 40 53270168
9750 40 53270168
9751 40 53270168
9752 40 53270168
9753 40 53270168
9754 40 53270168
9755 40 53270168
9756 40 53270168
9757 40 53270168
9758 40 53270168
9759 40 53270168
9760 40 53270168
9761 40 53270168
9762 40 53270168
9763 40 53270168
9764 40 53270168
9765 40 53270168
9766 40 53270168
9767 40 53270168
9768 40 53270168
9769 40 53270168
9770 40 53270168
9771 40 53270168
9772 40 53270168
9773 40 53270168
9774 40 53270168
9775 40 53270168
9776 40 53270168
9777 40 53270168
9778 40 53270168
9779 40 53270168
9780 40 53270168
9781 40 53270168
9782 40 53270168
9783 40 53270168
9784 40 53270168
9785 40 53270168
9786 40 53270168
9787 40 53270168
9788 40 53270168
9789 40 53270168
9790 40 53270168
9791 40 53270168
9792 40 53270168
9793 40 53270168
9794 40 53270168
9795 40 53270168
9796 40 53270168
9797 40 53270168
9798 40 53270168
9799 40 53270168
9800 40 53270168
9801 40 53270168
9802 40 53270168
9803 40 53270168
9804 40 53270168
9805 40 53270168
9806 40 53270168
9807 40 53270168
9808 40 53270168
9809 40 53270168
9810 40 53270168
9811 40 53270168
9812 40 53270168
9813 40 53270168
9814 40 53270168
9815 40 53270168
9816 40 53270168
9817 40 53270168
9818 40 53270168
9819 40 53270168
9820 40 53270168
9821 40 53270168
9822 40 53270168
9823 40 53270168
9824 40 53270168
9825 40 53270168
9826 40 53270168
9827 40 53270168
9828 40 53270168
9829 40 53270168
9830 40 53270168
9831 40 53270168
9832 40 53270168
9833 40 53270168
9834 40 53270168
9835 40 53270168
9836 40 53270168
9837 40 53270168
9838 40 53270168
9839 40 53270168
9840 40 53270168
9841 40 53270168
9842 40 53270168
9843 40 53270168
9844 40 53270168
9845 40 53270168
9846 40 53270168
9847 40 53270168
9848 40 53270168
9849 40 53270168
9850 40 53270168
9851 40 53270168
9852 40 53270168
9853 40 53270168
9854 40 53270168
9855 40 53270168
9856 40 53270168
9857 40 53270168
9858 40 53270168
9859 40 53270168
9860 40 53270168
9861 40 53270168
9862 40 53270168
9863 40 53270168
9864 40 53270168
9865 40 53270168
9866 40 53270168
9867 40 53270168
9868 40 53270168
9869 40 53270168
9870 40 53270168
9871 40 53270168
9872 40 53270168
9873 40 53270168
9874 40 53270168
9875 40 53270168
9876 40 53270168
9877 40 53270168
9878 40 53270168
9879 40 53270168
9880 40 53270168
9881 40 53270168
9882 40 53270168
9883 40 53270168
9884 40 53270168
9885 40 53270168
9886 40 53270168
9887 40 53270168
9888 40 53270168
9889 40 53270168
9890 40 53270168
9891 40 53270168
9892 40 53270168
9893 40 53270168
9894 40 53270168
9895 40 53270168
9896 40 53270168
9897 40 53270168
9898 40 53270168
9899 40 53270168
9900 40 53270168
9901 40 53270168
9902 40 53270168
9903 40 53270168
9904 40 53270168
9905 40 53270168
9906 40 53270168
9907 40 53270168
9908 40 53270168
9909 40 53270168
9910 40 53270168
9911 40 53270168
9912 40 53270168
9913 40 53270168
9914 40 53270168
9915 40 53270168
9916 40 53270168
9917 40 53270168
9918 40 53270168
9919 40 53270168
9920 40 53270168
9921 40 53270168
9922 40 53270168
9923 40 53270168
9924 40 53270168
9925 40 53270168
9926 40 53270168
9927 40 53270168
9928 40 53270168
9929 40 53270168
9930 40 53270168
9931 40 53270168
9932 40 53270168
9933 40 53270168
9934 40 53270168
9935 40 53270168
9936 40 53270168
9937 40 53270168
9938 40 53270168
9939 40 53270168
9940 40 53270168
9941 40 53270168
9942 40 53270168
9943 40 53270168
9944 40 53270168
9945 40 53270168
9946 40 53270168
9947 40 53270168
9948 40 53270168
9949 40 53270168
9950 40 53270168
9951 40 53270168
9952 40 53270168
9953 40 53270168
9954 40 53270168
9955 40 53270168
9956 40 53270168
9957 40 53270168
9958 40 53270168
9959 40 53270168
9960 40 53270168
9961 40 53270168
9962 40 53270168
9963 40 53270168
9964 40 53270168
9965 40 53270168
9966 40 53270168
9967 40 53270168
9968 40 53270168
9969 40 53270168
9970 40 53270168
9971 40 53270168
9972 40 53270168
9973 40 53270168
9974 40 53270168
9975 40 53270168
9976 40 53270168
9977 40 53270168
9978 40 53270168
9979 40 53270168
9980 40 53270168
9981 40 53270168
9982 40 53270168
9983 40 53270168
9984 40 53270168
9985 40 53270168
9986 40 53270168
9987 40 53270168
9988 40 53270168
9989 40 53270168
9990 40 53270168
9991 40 53270168
9992 40 53270168
9993 40 53270168
9994 40 53270168
9995 40 53270168
9996 40 53270168
9997 40 53270168
9998 40 53270168
9999 40 53270168
10000 40 53270168
